2024,다나001753,to_in_001,0
2024,다나001753,to_in_007,0
2024,다나001753,to_in_008,0
2024,다나001754,to_in_001,5
2024,다나001754,to_in_007,0
2024,다나001754,to_in_008,5
2024,다나001762,to_in_001,5
2024,다나001762,to_in_007,5
2024,다나001762,to_in_008,0
2024,다나001937,to_in_001,5
2024,다나001937,to_in_007,0
2024,다나001937,to_in_008,0
2024,다나001938,to_in_001,13
2024,다나001938,to_in_007,8
2024,다나001938,to_in_008,8
2024,다나001939,to_in_001,8
2024,다나001939,to_in_007,5
2024,다나001939,to_in_008,8
2024,다나001940,to_in_001,0
2024,다나001940,to_in_007,0
2024,다나001940,to_in_008,0
2024,다나001941,to_in_001,5
2024,다나001941,to_in_007,5
2024,다나001941,to_in_008,5
2024,다나001942,to_in_001,23
2024,다나001942,to_in_007,13
2024,다나001942,to_in_008,8
2024,다나001943,to_in_001,5
2024,다나001943,to_in_007,5
2024,다나001943,to_in_008,0
2024,다나001944,to_in_001,8
2024,다나001944,to_in_007,5
2024,다나001944,to_in_008,8
2024,다나001945,to_in_001,8
2024,다나001945,to_in_007,8
2024,다나001945,to_in_008,5
2024,다나001956,to_in_001,8
2024,다나001956,to_in_007,8
2024,다나001956,to_in_008,5
2024,다나001957,to_in_001,8
2024,다나001957,to_in_007,5
2024,다나001957,to_in_008,5
2024,다나001958,to_in_001,28
2024,다나001958,to_in_007,13
2024,다나001958,to_in_008,13
2024,다나001959,to_in_001,8
2024,다나001959,to_in_007,8
2024,다나001959,to_in_008,5
2024,다나001960,to_in_001,13
2024,다나001960,to_in_007,8
2024,다나001960,to_in_008,8
2024,다나001964,to_in_001,0
2024,다나001964,to_in_007,0
2024,다나001964,to_in_008,0
2024,다나001968,to_in_001,8
2024,다나001968,to_in_007,5
2024,다나001968,to_in_008,5
2024,다나001973,to_in_001,8
2024,다나001973,to_in_007,5
2024,다나001973,to_in_008,5
2024,다나001975,to_in_001,8
2024,다나001975,to_in_007,5
2024,다나001975,to_in_008,5
2024,다나001978,to_in_001,5
2024,다나001978,to_in_007,5
2024,다나001978,to_in_008,5
2024,다나001984,to_in_001,8
2024,다나001984,to_in_007,8
2024,다나001984,to_in_008,5
2024,다나001986,to_in_001,5
2024,다나001986,to_in_007,0
2024,다나001986,to_in_008,5
2024,다나001987,to_in_001,0
2024,다나001987,to_in_007,0
2024,다나001987,to_in_008,0
2024,다나001997,to_in_001,5
2024,다나001997,to_in_007,5
2024,다나001997,to_in_008,5
2024,다나001998,to_in_001,28
2024,다나001998,to_in_007,13
2024,다나001998,to_in_008,13
2024,다나002957,to_in_001,18
2024,다나002957,to_in_007,8
2024,다나002957,to_in_008,13
2024,다나002958,to_in_001,5
2024,다나002958,to_in_007,0
2024,다나002958,to_in_008,5
2024,다나002964,to_in_001,0
2024,다나002964,to_in_007,0
2024,다나002964,to_in_008,0
2024,다나002965,to_in_001,13
2024,다나002965,to_in_007,8
2024,다나002965,to_in_008,8
2024,다나002966,to_in_001,8
2024,다나002966,to_in_007,5
2024,다나002966,to_in_008,5
2024,다나002968,to_in_001,8
2024,다나002968,to_in_007,8
2024,다나002968,to_in_008,0
2024,다나002973,to_in_001,33
2024,다나002973,to_in_007,8
2024,다나002973,to_in_008,33
2024,다나002978,to_in_001,13
2024,다나002978,to_in_007,8
2024,다나002978,to_in_008,8
2024,다나002987,to_in_001,5
2024,다나002987,to_in_007,5
2024,다나002987,to_in_008,5
2024,다나002995,to_in_001,8
2024,다나002995,to_in_007,8
2024,다나002995,to_in_008,5
2024,다나002996,to_in_001,5
2024,다나002996,to_in_007,0
2024,다나002996,to_in_008,0
2024,다나002998,to_in_001,18
2024,다나002998,to_in_007,5
2024,다나002998,to_in_008,13
2024,다나002999,to_in_001,13
2024,다나002999,to_in_007,8
2024,다나002999,to_in_008,8
2024,다나003725,to_in_001,8
2024,다나003725,to_in_007,8
2024,다나003725,to_in_008,5
2024,다나003726,to_in_001,13
2024,다나003726,to_in_007,8
2024,다나003726,to_in_008,8
2024,다나003727,to_in_001,28
2024,다나003727,to_in_007,18
2024,다나003727,to_in_008,13
2024,다나003728,to_in_001,13
2024,다나003728,to_in_007,8
2024,다나003728,to_in_008,8
2024,다나003729,to_in_001,23
2024,다나003729,to_in_007,13
2024,다나003729,to_in_008,8
2024,다나003730,to_in_001,8
2024,다나003730,to_in_007,8
2024,다나003730,to_in_008,0
2024,다나003731,to_in_001,0
2024,다나003731,to_in_007,0
2024,다나003731,to_in_008,0
2024,다나003733,to_in_001,38
2024,다나003733,to_in_007,18
2024,다나003733,to_in_008,23
2024,다나003734,to_in_001,8
2024,다나003734,to_in_007,0
2024,다나003734,to_in_008,8
2024,다나003736,to_in_001,114
2024,다나003736,to_in_007,64
2024,다나003736,to_in_008,48
2024,다나003737,to_in_001,23
2024,다나003737,to_in_007,8
2024,다나003737,to_in_008,13
2024,다나003738,to_in_001,8
2024,다나003738,to_in_007,5
2024,다나003738,to_in_008,5
2024,다나003739,to_in_001,164
2024,다나003739,to_in_007,87
2024,다나003739,to_in_008,80
2024,다나003741,to_in_001,8
2024,다나003741,to_in_007,5
2024,다나003741,to_in_008,8
2024,다나003742,to_in_001,233
2024,다나003742,to_in_007,115
2024,다나003742,to_in_008,116
2024,다나005728,to_in_001,33
2024,다나005728,to_in_007,18
2024,다나005728,to_in_008,13
2024,다나005729,to_in_001,33
2024,다나005729,to_in_007,18
2024,다나005729,to_in_008,18
2024,다나005730,to_in_001,58
2024,다나005730,to_in_007,28
2024,다나005730,to_in_008,28
2024,다나005731,to_in_001,38
2024,다나005731,to_in_007,18
2024,다나005731,to_in_008,18
2024,다나005732,to_in_001,13
2024,다나005732,to_in_007,8
2024,다나005732,to_in_008,8
2024,다나005733,to_in_001,49
2024,다나005733,to_in_007,28
2024,다나005733,to_in_008,19
2024,다나005734,to_in_001,28
2024,다나005734,to_in_007,13
2024,다나005734,to_in_008,13
2024,다나005736,to_in_001,5
2024,다나005736,to_in_007,0
2024,다나005736,to_in_008,0
2024,다나005737,to_in_001,5
2024,다나005737,to_in_007,5
2024,다나005737,to_in_008,5
2024,다나005738,to_in_001,28
2024,다나005738,to_in_007,13
2024,다나005738,to_in_008,13
2024,다나005740,to_in_001,171
2024,다나005740,to_in_007,79
2024,다나005740,to_in_008,95
2024,다나005741,to_in_001,258
2024,다나005741,to_in_007,119
2024,다나005741,to_in_008,137
2024,다나005742,to_in_001,8
2024,다나005742,to_in_007,5
2024,다나005742,to_in_008,5
2024,다나005743,to_in_001,8
2024,다나005743,to_in_007,0
2024,다나005743,to_in_008,8
2024,다나005744,to_in_001,5
2024,다나005744,to_in_007,5
2024,다나005744,to_in_008,5
2024,다나005746,to_in_001,5
2024,다나005746,to_in_007,0
2024,다나005746,to_in_008,0
2024,다나005751,to_in_001,5
2024,다나005751,to_in_007,5
2024,다나005751,to_in_008,0
2024,다나005934,to_in_001,65
2024,다나005934,to_in_007,5
2024,다나005934,to_in_008,60
2024,다나005938,to_in_001,8
2024,다나005938,to_in_007,5
2024,다나005938,to_in_008,5
2024,다나005939,to_in_001,23
2024,다나005939,to_in_007,13
2024,다나005939,to_in_008,8
2024,다나005947,to_in_001,0
2024,다나005947,to_in_007,0
2024,다나005947,to_in_008,0
2024,다나005951,to_in_001,0
2024,다나005951,to_in_007,0
2024,다나005951,to_in_008,0
2024,다나005952,to_in_001,0
2024,다나005952,to_in_007,0
2024,다나005952,to_in_008,0
2024,다나005953,to_in_001,0
2024,다나005953,to_in_007,0
2024,다나005953,to_in_008,0
2024,다나005954,to_in_001,5
2024,다나005954,to_in_007,5
2024,다나005954,to_in_008,5
2024,다나005955,to_in_001,8
2024,다나005955,to_in_007,5
2024,다나005955,to_in_008,8
2024,다나005956,to_in_001,18
2024,다나005956,to_in_007,8
2024,다나005956,to_in_008,8
2024,다나005957,to_in_001,8
2024,다나005957,to_in_007,5
2024,다나005957,to_in_008,5
2024,다나007728,to_in_001,18
2024,다나007728,to_in_007,13
2024,다나007728,to_in_008,5
2024,다나007729,to_in_001,13
2024,다나007729,to_in_007,8
2024,다나007729,to_in_008,8
2024,다나007730,to_in_001,18
2024,다나007730,to_in_007,8
2024,다나007730,to_in_008,8
2024,다나007731,to_in_001,8
2024,다나007731,to_in_007,5
2024,다나007731,to_in_008,5
2024,다나007732,to_in_001,48
2024,다나007732,to_in_007,28
2024,다나007732,to_in_008,23
2024,다나007733,to_in_001,33
2024,다나007733,to_in_007,13
2024,다나007733,to_in_008,18
2024,다나007737,to_in_001,5
2024,다나007737,to_in_007,5
2024,다나007737,to_in_008,5
2024,다나007738,to_in_001,8
2024,다나007738,to_in_007,8
2024,다나007738,to_in_008,5
2024,다나007740,to_in_001,70
2024,다나007740,to_in_007,34
2024,다나007740,to_in_008,39
2024,다나007741,to_in_001,23
2024,다나007741,to_in_007,8
2024,다나007741,to_in_008,13
2024,다나007743,to_in_001,0
2024,다나007743,to_in_007,0
2024,다나007743,to_in_008,0
2024,다나007750,to_in_001,39
2024,다나007750,to_in_007,13
2024,다나007750,to_in_008,24
2024,다나007936,to_in_001,5
2024,다나007936,to_in_007,0
2024,다나007936,to_in_008,0
2024,다나007937,to_in_001,5
2024,다나007937,to_in_007,5
2024,다나007937,to_in_008,5
2024,다나007938,to_in_001,8
2024,다나007938,to_in_007,5
2024,다나007938,to_in_008,5
2024,다나007939,to_in_001,5
2024,다나007939,to_in_007,5
2024,다나007939,to_in_008,0
2024,다나007940,to_in_001,8
2024,다나007940,to_in_007,8
2024,다나007940,to_in_008,5
2024,다나007941,to_in_001,5
2024,다나007941,to_in_007,5
2024,다나007941,to_in_008,0
2024,다나007944,to_in_001,8
2024,다나007944,to_in_007,8
2024,다나007944,to_in_008,0
2024,다나007948,to_in_001,8
2024,다나007948,to_in_007,8
2024,다나007948,to_in_008,0
2024,다나007949,to_in_001,106
2024,다나007949,to_in_007,45
2024,다나007949,to_in_008,59
2024,다나007950,to_in_001,43
2024,다나007950,to_in_007,23
2024,다나007950,to_in_008,18
2024,다나007951,to_in_001,5
2024,다나007951,to_in_007,5
2024,다나007951,to_in_008,0
2024,다나007954,to_in_001,40
2024,다나007954,to_in_007,25
2024,다나007954,to_in_008,13
2024,다나007955,to_in_001,52
2024,다나007955,to_in_007,37
2024,다나007955,to_in_008,13
2024,다나007956,to_in_001,5
2024,다나007956,to_in_007,0
2024,다나007956,to_in_008,0
2024,다나007957,to_in_001,13
2024,다나007957,to_in_007,8
2024,다나007957,to_in_008,5
2024,다나007958,to_in_001,5
2024,다나007958,to_in_007,5
2024,다나007958,to_in_008,0
2024,다나007960,to_in_001,13
2024,다나007960,to_in_007,5
2024,다나007960,to_in_008,8
2024,다나007964,to_in_001,0
2024,다나007964,to_in_007,0
2024,다나007964,to_in_008,0
2024,다나007965,to_in_001,13
2024,다나007965,to_in_007,8
2024,다나007965,to_in_008,8
2024,다나007966,to_in_001,18
2024,다나007966,to_in_007,13
2024,다나007966,to_in_008,8
2024,다나007971,to_in_001,5
2024,다나007971,to_in_007,5
2024,다나007971,to_in_008,0
2024,다나007972,to_in_001,8
2024,다나007972,to_in_007,8
2024,다나007972,to_in_008,0
2024,다나007983,to_in_001,8
2024,다나007983,to_in_007,8
2024,다나007983,to_in_008,5
2024,다나007996,to_in_001,255
2024,다나007996,to_in_007,126
2024,다나007996,to_in_008,132
2024,다나009725,to_in_001,8
2024,다나009725,to_in_007,5
2024,다나009725,to_in_008,5
2024,다나009726,to_in_001,8
2024,다나009726,to_in_007,8
2024,다나009726,to_in_008,5
2024,다나009740,to_in_001,77
2024,다나009740,to_in_007,40
2024,다나009740,to_in_008,40
2024,다나009746,to_in_001,5
2024,다나009746,to_in_007,5
2024,다나009746,to_in_008,0
2024,다나009765,to_in_001,0
2024,다나009765,to_in_007,0
2024,다나009765,to_in_008,0
2024,다나009936,to_in_001,8
2024,다나009936,to_in_007,5
2024,다나009936,to_in_008,5
2024,다나009937,to_in_001,8
2024,다나009937,to_in_007,5
2024,다나009937,to_in_008,5
2024,다나009938,to_in_001,8
2024,다나009938,to_in_007,8
2024,다나009938,to_in_008,5
2024,다나009941,to_in_001,8
2024,다나009941,to_in_007,8
2024,다나009941,to_in_008,0
2024,다나009942,to_in_001,13
2024,다나009942,to_in_007,8
2024,다나009942,to_in_008,5
2024,다나009947,to_in_001,23
2024,다나009947,to_in_007,13
2024,다나009947,to_in_008,8
2024,다나009948,to_in_001,43
2024,다나009948,to_in_007,18
2024,다나009948,to_in_008,28
2024,다나009952,to_in_001,0
2024,다나009952,to_in_007,0
2024,다나009952,to_in_008,0
2024,다나009953,to_in_001,5
2024,다나009953,to_in_007,0
2024,다나009953,to_in_008,0
2024,다나009956,to_in_001,5
2024,다나009956,to_in_007,5
2024,다나009956,to_in_008,0
2024,다나009959,to_in_001,23
2024,다나009959,to_in_007,8
2024,다나009959,to_in_008,13
2024,다나009960,to_in_001,0
2024,다나009960,to_in_007,0
2024,다나009960,to_in_008,0
2024,다나009961,to_in_001,8
2024,다나009961,to_in_007,5
2024,다나009961,to_in_008,5
2024,다나009966,to_in_001,5
2024,다나009966,to_in_007,5
2024,다나009966,to_in_008,5
2024,다나009967,to_in_001,5
2024,다나009967,to_in_007,5
2024,다나009967,to_in_008,0
2024,다나009968,to_in_001,8
2024,다나009968,to_in_007,5
2024,다나009968,to_in_008,8
2024,다나009969,to_in_001,18
2024,다나009969,to_in_007,8
2024,다나009969,to_in_008,8
2024,다나009970,to_in_001,38
2024,다나009970,to_in_007,18
2024,다나009970,to_in_008,18
2024,다나009971,to_in_001,5
2024,다나009971,to_in_007,0
2024,다나009971,to_in_008,0
2024,다나009972,to_in_001,5
2024,다나009972,to_in_007,0
2024,다나009972,to_in_008,0
2024,다나009973,to_in_001,18
2024,다나009973,to_in_007,8
2024,다나009973,to_in_008,13
2024,다나009974,to_in_001,5
2024,다나009974,to_in_007,5
2024,다나009974,to_in_008,5
2024,다나009977,to_in_001,8
2024,다나009977,to_in_007,5
2024,다나009977,to_in_008,5
2024,다나009979,to_in_001,23
2024,다나009979,to_in_007,13
2024,다나009979,to_in_008,13
2024,다나009980,to_in_001,8
2024,다나009980,to_in_007,5
2024,다나009980,to_in_008,8
2024,다나011975,to_in_001,0
2024,다나011975,to_in_007,0
2024,다나011975,to_in_008,0
2024,다나011976,to_in_001,8
2024,다나011976,to_in_007,8
2024,다나011976,to_in_008,5
2024,다나011978,to_in_001,8
2024,다나011978,to_in_007,5
2024,다나011978,to_in_008,5
2024,다나011981,to_in_001,5
2024,다나011981,to_in_007,0
2024,다나011981,to_in_008,5
2024,다나011986,to_in_001,5
2024,다나011986,to_in_007,5
2024,다나011986,to_in_008,0
2024,다나011995,to_in_001,92
2024,다나011995,to_in_007,44
2024,다나011995,to_in_008,46
2024,다나011999,to_in_001,5
2024,다나011999,to_in_007,5
2024,다나011999,to_in_008,5
2024,다나012724,to_in_001,13
2024,다나012724,to_in_007,8
2024,다나012724,to_in_008,5
2024,다나012725,to_in_001,5
2024,다나012725,to_in_007,0
2024,다나012725,to_in_008,0
2024,다나012729,to_in_001,28
2024,다나012729,to_in_007,13
2024,다나012729,to_in_008,18
2024,다나012730,to_in_001,5
2024,다나012730,to_in_007,5
2024,다나012730,to_in_008,5
2024,다나012738,to_in_001,5
2024,다나012738,to_in_007,5
2024,다나012738,to_in_008,0
2024,다나012740,to_in_001,0
2024,다나012740,to_in_007,0
2024,다나012740,to_in_008,0
2024,다나012741,to_in_001,5
2024,다나012741,to_in_007,5
2024,다나012741,to_in_008,0
2024,다나012742,to_in_001,23
2024,다나012742,to_in_007,8
2024,다나012742,to_in_008,13
2024,다나012748,to_in_001,5
2024,다나012748,to_in_007,0
2024,다나012748,to_in_008,0
2024,다나012749,to_in_001,5
2024,다나012749,to_in_007,0
2024,다나012749,to_in_008,5
2024,다나012750,to_in_001,5
2024,다나012750,to_in_007,0
2024,다나012750,to_in_008,5
2024,다나012751,to_in_001,8
2024,다나012751,to_in_007,5
2024,다나012751,to_in_008,8
2024,다나012760,to_in_001,0
2024,다나012760,to_in_007,0
2024,다나012760,to_in_008,0
2024,다나012925,to_in_001,5
2024,다나012925,to_in_007,5
2024,다나012925,to_in_008,0
2024,다나012951,to_in_001,8
2024,다나012951,to_in_007,5
2024,다나012951,to_in_008,5
2024,다나012957,to_in_001,8
2024,다나012957,to_in_007,5
2024,다나012957,to_in_008,8
2024,다나012959,to_in_001,95
2024,다나012959,to_in_007,55
2024,다나012959,to_in_008,43
2024,다나012960,to_in_001,8
2024,다나012960,to_in_007,5
2024,다나012960,to_in_008,5
2024,다나012961,to_in_001,18
2024,다나012961,to_in_007,8
2024,다나012961,to_in_008,8
2024,다나012962,to_in_001,13
2024,다나012962,to_in_007,5
2024,다나012962,to_in_008,8
2024,다나012963,to_in_001,5
2024,다나012963,to_in_007,0
2024,다나012963,to_in_008,5
2024,다나013971,to_in_001,18
2024,다나013971,to_in_007,8
2024,다나013971,to_in_008,8
2024,다나013972,to_in_001,13
2024,다나013972,to_in_007,8
2024,다나013972,to_in_008,8
2024,다나013973,to_in_001,28
2024,다나013973,to_in_007,18
2024,다나013973,to_in_008,13
2024,다나013975,to_in_001,13
2024,다나013975,to_in_007,8
2024,다나013975,to_in_008,8
2024,다나013976,to_in_001,18
2024,다나013976,to_in_007,8
2024,다나013976,to_in_008,8
2024,다나013980,to_in_001,5
2024,다나013980,to_in_007,0
2024,다나013980,to_in_008,5
2024,다나013982,to_in_001,18
2024,다나013982,to_in_007,8
2024,다나013982,to_in_008,8
2024,다나013983,to_in_001,18
2024,다나013983,to_in_007,8
2024,다나013983,to_in_008,8
2024,다나013994,to_in_001,113
2024,다나013994,to_in_007,23
2024,다나013994,to_in_008,93
2024,다나013995,to_in_001,18
2024,다나013995,to_in_007,13
2024,다나013995,to_in_008,8
2024,다나013997,to_in_001,5
2024,다나013997,to_in_007,5
2024,다나013997,to_in_008,0
2024,다나014724,to_in_001,0
2024,다나014724,to_in_007,0
2024,다나014724,to_in_008,0
2024,다나014725,to_in_001,5
2024,다나014725,to_in_007,5
2024,다나014725,to_in_008,5
2024,다나014726,to_in_001,13
2024,다나014726,to_in_007,8
2024,다나014726,to_in_008,8
2024,다나014728,to_in_001,8
2024,다나014728,to_in_007,8
2024,다나014728,to_in_008,5
2024,다나014732,to_in_001,5
2024,다나014732,to_in_007,0
2024,다나014732,to_in_008,0
2024,다나000960,to_in_001,23
2024,다나000960,to_in_007,8
2024,다나000960,to_in_008,13
2024,다나000961,to_in_001,5
2024,다나000961,to_in_007,0
2024,다나000961,to_in_008,0
2024,다나000962,to_in_001,13
2024,다나000962,to_in_007,8
2024,다나000962,to_in_008,5
2024,다나000963,to_in_001,8
2024,다나000963,to_in_007,8
2024,다나000963,to_in_008,8
2024,다나000964,to_in_001,8
2024,다나000964,to_in_007,5
2024,다나000964,to_in_008,5
2024,다나000970,to_in_001,13
2024,다나000970,to_in_007,8
2024,다나000970,to_in_008,8
2024,다나000973,to_in_001,23
2024,다나000973,to_in_007,13
2024,다나000973,to_in_008,13
2024,다나000974,to_in_001,23
2024,다나000974,to_in_007,13
2024,다나000974,to_in_008,8
2024,다나000975,to_in_001,0
2024,다나000975,to_in_007,0
2024,다나000975,to_in_008,0
2024,다나000996,to_in_001,8
2024,다나000996,to_in_007,5
2024,다나000996,to_in_008,5
2024,다나000997,to_in_001,13
2024,다나000997,to_in_007,8
2024,다나000997,to_in_008,8
2024,다나000998,to_in_001,23
2024,다나000998,to_in_007,8
2024,다나000998,to_in_008,13
2024,다나000999,to_in_001,23
2024,다나000999,to_in_007,13
2024,다나000999,to_in_008,13
2024,다나001726,to_in_001,5
2024,다나001726,to_in_007,0
2024,다나001726,to_in_008,5
2024,다나001733,to_in_001,51
2024,다나001733,to_in_007,26
2024,다나001733,to_in_008,23
2024,다나001735,to_in_001,43
2024,다나001735,to_in_007,28
2024,다나001735,to_in_008,18
2024,다나001737,to_in_001,13
2024,다나001737,to_in_007,8
2024,다나001737,to_in_008,8
2024,다나001738,to_in_001,38
2024,다나001738,to_in_007,18
2024,다나001738,to_in_008,18
2024,다나001739,to_in_001,103
2024,다나001739,to_in_007,62
2024,다나001739,to_in_008,44
2024,다나001740,to_in_001,186
2024,다나001740,to_in_007,96
2024,다나001740,to_in_008,88
2024,다나001741,to_in_001,122
2024,다나001741,to_in_007,52
2024,다나001741,to_in_008,68
2024,다나001742,to_in_001,66
2024,다나001742,to_in_007,40
2024,다나001742,to_in_008,29
2024,다나001743,to_in_001,28
2024,다나001743,to_in_007,13
2024,다나001743,to_in_008,18
2024,다나001744,to_in_001,73
2024,다나001744,to_in_007,33
2024,다나001744,to_in_008,38
2024,다나001745,to_in_001,66
2024,다나001745,to_in_007,40
2024,다나001745,to_in_008,29
2024,다나001746,to_in_001,13
2024,다나001746,to_in_007,8
2024,다나001746,to_in_008,5
2024,다나001749,to_in_001,5
2024,다나001749,to_in_007,0
2024,다나001749,to_in_008,0
2024,다나001750,to_in_001,5
2024,다나001750,to_in_007,5
2024,다나001750,to_in_008,0
2024,다나001751,to_in_001,5
2024,다나001751,to_in_007,0
2024,다나001751,to_in_008,5
2024,다나004744,to_in_001,5
2024,다나004744,to_in_007,0
2024,다나004744,to_in_008,5
2024,다나004756,to_in_001,8
2024,다나004756,to_in_007,5
2024,다나004756,to_in_008,5
2024,다나004761,to_in_001,5
2024,다나004761,to_in_007,5
2024,다나004761,to_in_008,0
2024,다나004937,to_in_001,18
2024,다나004937,to_in_007,8
2024,다나004937,to_in_008,8
2024,다나004938,to_in_001,23
2024,다나004938,to_in_007,13
2024,다나004938,to_in_008,8
2024,다나004939,to_in_001,74
2024,다나004939,to_in_007,36
2024,다나004939,to_in_008,41
2024,다나004942,to_in_001,0
2024,다나004942,to_in_007,0
2024,다나004942,to_in_008,0
2024,다나004945,to_in_001,5
2024,다나004945,to_in_007,0
2024,다나004945,to_in_008,5
2024,다나004948,to_in_001,5
2024,다나004948,to_in_007,5
2024,다나004948,to_in_008,0
2024,다나004955,to_in_001,18
2024,다나004955,to_in_007,8
2024,다나004955,to_in_008,8
2024,다나004956,to_in_001,18
2024,다나004956,to_in_007,8
2024,다나004956,to_in_008,8
2024,다나004957,to_in_001,18
2024,다나004957,to_in_007,8
2024,다나004957,to_in_008,8
2024,다나004958,to_in_001,28
2024,다나004958,to_in_007,18
2024,다나004958,to_in_008,8
2024,다나004959,to_in_001,23
2024,다나004959,to_in_007,18
2024,다나004959,to_in_008,8
2024,다나004960,to_in_001,0
2024,다나004960,to_in_007,0
2024,다나004960,to_in_008,0
2024,다나004964,to_in_001,5
2024,다나004964,to_in_007,5
2024,다나004964,to_in_008,5
2024,다나004965,to_in_001,13
2024,다나004965,to_in_007,8
2024,다나004965,to_in_008,8
2024,다나004966,to_in_001,5
2024,다나004966,to_in_007,5
2024,다나004966,to_in_008,0
2024,다나004968,to_in_001,5
2024,다나004968,to_in_007,0
2024,다나004968,to_in_008,0
2024,다나004969,to_in_001,8
2024,다나004969,to_in_007,5
2024,다나004969,to_in_008,5
2024,다나004988,to_in_001,5
2024,다나004988,to_in_007,0
2024,다나004988,to_in_008,5
2024,다나004996,to_in_001,153
2024,다나004996,to_in_007,76
2024,다나004996,to_in_008,80
2024,다나004997,to_in_001,324
2024,다나004997,to_in_007,149
2024,다나004997,to_in_008,178
2024,다나004998,to_in_001,89
2024,다나004998,to_in_007,44
2024,다나004998,to_in_008,43
2024,다나004999,to_in_001,161
2024,다나004999,to_in_007,80
2024,다나004999,to_in_008,84
2024,다나005725,to_in_001,18
2024,다나005725,to_in_007,8
2024,다나005725,to_in_008,8
2024,다나005726,to_in_001,18
2024,다나005726,to_in_007,8
2024,다나005726,to_in_008,8
2024,다나005727,to_in_001,43
2024,다나005727,to_in_007,18
2024,다나005727,to_in_008,23
2024,다나007997,to_in_001,805
2024,다나007997,to_in_007,395
2024,다나007997,to_in_008,410
2024,다나007998,to_in_001,164
2024,다나007998,to_in_007,76
2024,다나007998,to_in_008,86
2024,다나007999,to_in_001,122
2024,다나007999,to_in_007,61
2024,다나007999,to_in_008,64
2024,다나008722,to_in_001,5
2024,다나008722,to_in_007,5
2024,다나008722,to_in_008,0
2024,다나008725,to_in_001,5
2024,다나008725,to_in_007,5
2024,다나008725,to_in_008,5
2024,다나008728,to_in_001,5
2024,다나008728,to_in_007,5
2024,다나008728,to_in_008,0
2024,다나008729,to_in_001,5
2024,다나008729,to_in_007,0
2024,다나008729,to_in_008,5
2024,다나008732,to_in_001,5
2024,다나008732,to_in_007,0
2024,다나008732,to_in_008,0
2024,다나008734,to_in_001,8
2024,다나008734,to_in_007,5
2024,다나008734,to_in_008,5
2024,다나008738,to_in_001,8
2024,다나008738,to_in_007,5
2024,다나008738,to_in_008,5
2024,다나008740,to_in_001,53
2024,다나008740,to_in_007,28
2024,다나008740,to_in_008,23
2024,다나008741,to_in_001,124
2024,다나008741,to_in_007,62
2024,다나008741,to_in_008,65
2024,다나008743,to_in_001,5
2024,다나008743,to_in_007,5
2024,다나008743,to_in_008,5
2024,다나008936,to_in_001,8
2024,다나008936,to_in_007,5
2024,다나008936,to_in_008,8
2024,다나008937,to_in_001,8
2024,다나008937,to_in_007,8
2024,다나008937,to_in_008,5
2024,다나008938,to_in_001,23
2024,다나008938,to_in_007,8
2024,다나008938,to_in_008,13
2024,다나008939,to_in_001,23
2024,다나008939,to_in_007,8
2024,다나008939,to_in_008,13
2024,다나008941,to_in_001,0
2024,다나008941,to_in_007,0
2024,다나008941,to_in_008,0
2024,다나008948,to_in_001,87
2024,다나008948,to_in_007,42
2024,다나008948,to_in_008,43
2024,다나008950,to_in_001,8
2024,다나008950,to_in_007,8
2024,다나008950,to_in_008,5
2024,다나008952,to_in_001,5
2024,다나008952,to_in_007,5
2024,다나008952,to_in_008,0
2024,다나008954,to_in_001,28
2024,다나008954,to_in_007,18
2024,다나008954,to_in_008,13
2024,다나008955,to_in_001,8
2024,다나008955,to_in_007,5
2024,다나008955,to_in_008,5
2024,다나008961,to_in_001,8
2024,다나008961,to_in_007,5
2024,다나008961,to_in_008,5
2024,다나008962,to_in_001,8
2024,다나008962,to_in_007,5
2024,다나008962,to_in_008,5
2024,다나008965,to_in_001,5
2024,다나008965,to_in_007,0
2024,다나008965,to_in_008,0
2024,다나008966,to_in_001,0
2024,다나008966,to_in_007,0
2024,다나008966,to_in_008,0
2024,다나008967,to_in_001,8
2024,다나008967,to_in_007,5
2024,다나008967,to_in_008,5
2024,다나008970,to_in_001,5
2024,다나008970,to_in_007,5
2024,다나008970,to_in_008,0
2024,다나008979,to_in_001,8
2024,다나008979,to_in_007,8
2024,다나008979,to_in_008,5
2024,다나008980,to_in_001,5
2024,다나008980,to_in_007,5
2024,다나008980,to_in_008,0
2024,다나008981,to_in_001,13
2024,다나008981,to_in_007,8
2024,다나008981,to_in_008,8
2024,다나008982,to_in_001,18
2024,다나008982,to_in_007,8
2024,다나008982,to_in_008,8
2024,다나008988,to_in_001,5
2024,다나008988,to_in_007,5
2024,다나008988,to_in_008,0
2024,다나008995,to_in_001,5
2024,다나008995,to_in_007,5
2024,다나008995,to_in_008,0
2024,다나008998,to_in_001,194
2024,다나008998,to_in_007,95
2024,다나008998,to_in_008,97
2024,다나008999,to_in_001,363
2024,다나008999,to_in_007,178
2024,다나008999,to_in_008,183
2024,다나014975,to_in_001,5
2024,다나014975,to_in_007,0
2024,다나014975,to_in_008,0
2024,다나014978,to_in_001,5
2024,다나014978,to_in_007,0
2024,다나014978,to_in_008,5
2024,다나014984,to_in_001,5
2024,다나014984,to_in_007,5
2024,다나014984,to_in_008,0
2024,다나014994,to_in_001,8
2024,다나014994,to_in_007,5
2024,다나001999,to_in_001,18
2024,다나001999,to_in_007,8
2024,다나001999,to_in_008,8
2024,다나002725,to_in_001,0
2024,다나002725,to_in_007,0
2024,다나002725,to_in_008,0
2024,다나002726,to_in_001,13
2024,다나002726,to_in_007,8
2024,다나002726,to_in_008,5
2024,다나002727,to_in_001,23
2024,다나002727,to_in_007,8
2024,다나002727,to_in_008,13
2024,다나002728,to_in_001,13
2024,다나002728,to_in_007,8
2024,다나002728,to_in_008,8
2024,다나002729,to_in_001,13
2024,다나002729,to_in_007,8
2024,다나002729,to_in_008,8
2024,다나002730,to_in_001,8
2024,다나002730,to_in_007,5
2024,다나002730,to_in_008,5
2024,다나002732,to_in_001,0
2024,다나002732,to_in_007,0
2024,다나002732,to_in_008,0
2024,다나002733,to_in_001,63
2024,다나002733,to_in_007,33
2024,다나002733,to_in_008,33
2024,다나002734,to_in_001,8
2024,다나002734,to_in_007,8
2024,다나002734,to_in_008,5
2024,다나002735,to_in_001,13
2024,다나002735,to_in_007,8
2024,다나002735,to_in_008,8
2024,다나002736,to_in_001,92
2024,다나002736,to_in_007,46
2024,다나002736,to_in_008,49
2024,다나002738,to_in_001,8
2024,다나002738,to_in_007,5
2024,다나002738,to_in_008,5
2024,다나002740,to_in_001,8
2024,다나002740,to_in_007,5
2024,다나002740,to_in_008,5
2024,다나002741,to_in_001,5
2024,다나002741,to_in_007,5
2024,다나002741,to_in_008,5
2024,다나002742,to_in_001,225
2024,다나002742,to_in_007,107
2024,다나002742,to_in_008,116
2024,다나002743,to_in_001,172
2024,다나002743,to_in_007,82
2024,다나002743,to_in_008,88
2024,다나002744,to_in_001,109
2024,다나002744,to_in_007,55
2024,다나002744,to_in_008,52
2024,다나002754,to_in_001,5
2024,다나002754,to_in_007,5
2024,다나002754,to_in_008,0
2024,다나002937,to_in_001,13
2024,다나002937,to_in_007,8
2024,다나002937,to_in_008,8
2024,다나002938,to_in_001,8
2024,다나002938,to_in_007,5
2024,다나002938,to_in_008,0
2024,다나002939,to_in_001,18
2024,다나002939,to_in_007,13
2024,다나002939,to_in_008,8
2024,다나002940,to_in_001,23
2024,다나002940,to_in_007,13
2024,다나002940,to_in_008,8
2024,다나002941,to_in_001,18
2024,다나002941,to_in_007,13
2024,다나002941,to_in_008,8
2024,다나002942,to_in_001,28
2024,다나002942,to_in_007,13
2024,다나002942,to_in_008,18
2024,다나002943,to_in_001,8
2024,다나002943,to_in_007,5
2024,다나002943,to_in_008,5
2024,다나002944,to_in_001,5
2024,다나002944,to_in_007,0
2024,다나002944,to_in_008,0
2024,다나002953,to_in_001,5
2024,다나002953,to_in_007,0
2024,다나002953,to_in_008,0
2024,다나002956,to_in_001,18
2024,다나002956,to_in_007,8
2024,다나002956,to_in_008,8
2024,다나005958,to_in_001,5
2024,다나005958,to_in_007,5
2024,다나005958,to_in_008,0
2024,다나005959,to_in_001,5
2024,다나005959,to_in_007,5
2024,다나005959,to_in_008,5
2024,다나005960,to_in_001,5
2024,다나005960,to_in_007,5
2024,다나005960,to_in_008,0
2024,다나005965,to_in_001,18
2024,다나005965,to_in_007,8
2024,다나005965,to_in_008,8
2024,다나005969,to_in_001,5
2024,다나005969,to_in_007,5
2024,다나005969,to_in_008,0
2024,다나005974,to_in_001,5
2024,다나005974,to_in_007,0
2024,다나005974,to_in_008,5
2024,다나005984,to_in_001,5
2024,다나005984,to_in_007,5
2024,다나005984,to_in_008,0
2024,다나005993,to_in_001,5
2024,다나005993,to_in_007,5
2024,다나005993,to_in_008,5
2024,다나005995,to_in_001,38
2024,다나005995,to_in_007,18
2024,다나005995,to_in_008,18
2024,다나005996,to_in_001,74
2024,다나005996,to_in_007,33
2024,다나005996,to_in_008,39
2024,다나005997,to_in_001,118
2024,다나005997,to_in_007,63
2024,다나005997,to_in_008,53
2024,다나005998,to_in_001,157
2024,다나005998,to_in_007,86
2024,다나005998,to_in_008,74
2024,다나005999,to_in_001,148
2024,다나005999,to_in_007,80
2024,다나005999,to_in_008,71
2024,다나006727,to_in_001,5
2024,다나006727,to_in_007,5
2024,다나006727,to_in_008,0
2024,다나006728,to_in_001,38
2024,다나006728,to_in_007,18
2024,다나006728,to_in_008,18
2024,다나006729,to_in_001,8
2024,다나006729,to_in_007,8
2024,다나006729,to_in_008,5
2024,다나006730,to_in_001,69
2024,다나006730,to_in_007,38
2024,다나006730,to_in_008,34
2024,다나006731,to_in_001,33
2024,다나006731,to_in_007,18
2024,다나006731,to_in_008,13
2024,다나006732,to_in_001,33
2024,다나006732,to_in_007,13
2024,다나006732,to_in_008,18
2024,다나006733,to_in_001,66
2024,다나006733,to_in_007,29
2024,다나006733,to_in_008,35
2024,다나006734,to_in_001,127
2024,다나006734,to_in_007,56
2024,다나006734,to_in_008,74
2024,다나006735,to_in_001,98
2024,다나006735,to_in_007,45
2024,다나006735,to_in_008,51
2024,다나006736,to_in_001,93
2024,다나006736,to_in_007,44
2024,다나006736,to_in_008,52
2024,다나006737,to_in_001,13
2024,다나006737,to_in_007,8
2024,다나006737,to_in_008,5
2024,다나006738,to_in_001,18
2024,다나006738,to_in_007,13
2024,다나006738,to_in_008,8
2024,다나006739,to_in_001,80
2024,다나006739,to_in_007,39
2024,다나006739,to_in_008,39
2024,다나006740,to_in_001,43
2024,다나006740,to_in_007,23
2024,다나006740,to_in_008,18
2024,다나006741,to_in_001,5
2024,다나006741,to_in_007,5
2024,다나006741,to_in_008,5
2024,다나006743,to_in_001,5
2024,다나006743,to_in_007,0
2024,다나006743,to_in_008,0
2024,다나006745,to_in_001,5
2024,다나006745,to_in_007,5
2024,다나006745,to_in_008,5
2024,다나006746,to_in_001,5
2024,다나006746,to_in_007,5
2024,다나006746,to_in_008,0
2024,다나006760,to_in_001,0
2024,다나006760,to_in_007,0
2024,다나006760,to_in_008,0
2024,다나009981,to_in_001,5
2024,다나009981,to_in_007,0
2024,다나009981,to_in_008,5
2024,다나009982,to_in_001,8
2024,다나009982,to_in_007,8
2024,다나009982,to_in_008,5
2024,다나009996,to_in_001,310
2024,다나009996,to_in_007,158
2024,다나009996,to_in_008,150
2024,다나009997,to_in_001,978
2024,다나009997,to_in_007,475
2024,다나009997,to_in_008,508
2024,다나009998,to_in_001,525
2024,다나009998,to_in_007,242
2024,다나009998,to_in_008,283
2024,다나009999,to_in_001,661
2024,다나009999,to_in_007,308
2024,다나009999,to_in_008,351
2024,다나010724,to_in_001,5
2024,다나010724,to_in_007,0
2024,다나010724,to_in_008,5
2024,다나010725,to_in_001,8
2024,다나010725,to_in_007,8
2024,다나010725,to_in_008,5
2024,다나010726,to_in_001,5
2024,다나010726,to_in_007,0
2024,다나010726,to_in_008,5
2024,다나010729,to_in_001,5
2024,다나010729,to_in_007,5
2024,다나010729,to_in_008,0
2024,다나010737,to_in_001,8
2024,다나010737,to_in_007,5
2024,다나010737,to_in_008,5
2024,다나010738,to_in_001,5
2024,다나010738,to_in_007,0
2024,다나010738,to_in_008,5
2024,다나010739,to_in_001,8
2024,다나010739,to_in_007,5
2024,다나010739,to_in_008,5
2024,다나010742,to_in_001,0
2024,다나010742,to_in_007,0
2024,다나010742,to_in_008,0
2024,다나010752,to_in_001,5
2024,다나010752,to_in_007,5
2024,다나010752,to_in_008,0
2024,다나010939,to_in_001,8
2024,다나010939,to_in_007,5
2024,다나010939,to_in_008,5
2024,다나010952,to_in_001,5
2024,다나010952,to_in_007,0
2024,다나010952,to_in_008,5
2024,다나010957,to_in_001,5
2024,다나010957,to_in_007,0
2024,다나010957,to_in_008,5
2024,다나010960,to_in_001,48
2024,다나010960,to_in_007,23
2024,다나010960,to_in_008,23
2024,다나010961,to_in_001,8
2024,다나010961,to_in_007,5
2024,다나010961,to_in_008,5
2024,다나010962,to_in_001,8
2024,다나010962,to_in_007,5
2024,다나010962,to_in_008,5
2024,다나010963,to_in_001,8
2024,다나010963,to_in_007,5
2024,다나010963,to_in_008,5
2024,다나010967,to_in_001,5
2024,다나010967,to_in_007,5
2024,다나010967,to_in_008,5
2024,다나010968,to_in_001,23
2024,다나010968,to_in_007,8
2024,다나010968,to_in_008,13
2024,다나010969,to_in_001,13
2024,다나010969,to_in_007,8
2024,다나010969,to_in_008,8
2024,다나010970,to_in_001,8
2024,다나010970,to_in_007,5
2024,다나010970,to_in_008,8
2024,다나010971,to_in_001,13
2024,다나010971,to_in_007,8
2024,다나010971,to_in_008,8
2024,다나010972,to_in_001,13
2024,다나010972,to_in_007,8
2024,다나010972,to_in_008,8
2024,다나010974,to_in_001,13
2024,다나010974,to_in_007,8
2024,다나010974,to_in_008,5
2024,다나010975,to_in_001,13
2024,다나010975,to_in_007,5
2024,다나010975,to_in_008,8
2024,다나010976,to_in_001,33
2024,다나010976,to_in_007,18
2024,다나010976,to_in_008,13
2024,다나010977,to_in_001,8
2024,다나010977,to_in_007,5
2024,다나010977,to_in_008,5
2024,다나010979,to_in_001,8
2024,다나010979,to_in_007,5
2024,다나010979,to_in_008,5
2024,다나016753,to_in_001,8
2024,다나016753,to_in_007,5
2024,다나016753,to_in_008,5
2024,다나016754,to_in_001,5
2024,다나016754,to_in_007,0
2024,다나016754,to_in_008,5
2024,다나016956,to_in_001,5
2024,다나016956,to_in_007,0
2024,다나016956,to_in_008,5
2024,다나016962,to_in_001,5
2024,다나016962,to_in_007,5
2024,다나003743,to_in_001,371
2024,다나003743,to_in_007,180
2024,다나003743,to_in_008,189
2024,다나003744,to_in_001,179
2024,다나003744,to_in_007,95
2024,다나003744,to_in_008,87
2024,다나003747,to_in_001,5
2024,다나003747,to_in_007,5
2024,다나003747,to_in_008,5
2024,다나003753,to_in_001,0
2024,다나003753,to_in_007,0
2024,다나003753,to_in_008,0
2024,다나003754,to_in_001,0
2024,다나003754,to_in_007,0
2024,다나003754,to_in_008,0
2024,다나003756,to_in_001,5
2024,다나003756,to_in_007,0
2024,다나003756,to_in_008,5
2024,다나003758,to_in_001,5
2024,다나003758,to_in_007,0
2024,다나003758,to_in_008,0
2024,다나003936,to_in_001,8
2024,다나003936,to_in_007,8
2024,다나003936,to_in_008,5
2024,다나003937,to_in_001,13
2024,다나003937,to_in_007,8
2024,다나003937,to_in_008,8
2024,다나003938,to_in_001,8
2024,다나003938,to_in_007,5
2024,다나003938,to_in_008,5
2024,다나003940,to_in_001,8
2024,다나003940,to_in_007,5
2024,다나003940,to_in_008,5
2024,다나003942,to_in_001,0
2024,다나003942,to_in_007,0
2024,다나003942,to_in_008,0
2024,다나003943,to_in_001,5
2024,다나003943,to_in_007,0
2024,다나003943,to_in_008,5
2024,다나003947,to_in_001,5
2024,다나003947,to_in_007,0
2024,다나003947,to_in_008,0
2024,다나003954,to_in_001,5
2024,다나003954,to_in_007,5
2024,다나003954,to_in_008,0
2024,다나003955,to_in_001,8
2024,다나003955,to_in_007,5
2024,다나003955,to_in_008,5
2024,다나003956,to_in_001,23
2024,다나003956,to_in_007,13
2024,다나003956,to_in_008,13
2024,다나003957,to_in_001,38
2024,다나003957,to_in_007,23
2024,다나003957,to_in_008,13
2024,다나003958,to_in_001,5
2024,다나003958,to_in_007,5
2024,다나003958,to_in_008,5
2024,다나003964,to_in_001,5
2024,다나003964,to_in_007,5
2024,다나003964,to_in_008,5
2024,다나003965,to_in_001,40
2024,다나003965,to_in_007,20
2024,다나003965,to_in_008,18
2024,다나003966,to_in_001,8
2024,다나003966,to_in_007,5
2024,다나003966,to_in_008,5
2024,다나003968,to_in_001,8
2024,다나003968,to_in_007,5
2024,다나003968,to_in_008,5
2024,다나003974,to_in_001,5
2024,다나003974,to_in_007,0
2024,다나003974,to_in_008,5
2024,다나003976,to_in_001,5
2024,다나003976,to_in_007,5
2024,다나003976,to_in_008,0
2024,다나003992,to_in_001,0
2024,다나003992,to_in_007,0
2024,다나003992,to_in_008,0
2024,다나003993,to_in_001,5
2024,다나003993,to_in_007,5
2024,다나003993,to_in_008,5
2024,다나003995,to_in_001,13
2024,다나003995,to_in_007,8
2024,다나003995,to_in_008,8
2024,다나003996,to_in_001,237
2024,다나003996,to_in_007,105
2024,다나003996,to_in_008,135
2024,다나003997,to_in_001,338
2024,다나003997,to_in_007,152
2024,다나003997,to_in_008,184
2024,다나003998,to_in_001,181
2024,다나003998,to_in_007,83
2024,다나003998,to_in_008,96
2024,다나003999,to_in_001,94
2024,다나003999,to_in_007,54
2024,다나003999,to_in_008,43
2024,다나004724,to_in_001,8
2024,다나004724,to_in_007,5
2024,다나004724,to_in_008,5
2024,다나004726,to_in_001,23
2024,다나004726,to_in_007,13
2024,다나004726,to_in_008,13
2024,다나004727,to_in_001,38
2024,다나004727,to_in_007,18
2024,다나004727,to_in_008,18
2024,다나004728,to_in_001,39
2024,다나004728,to_in_007,19
2024,다나004728,to_in_008,18
2024,다나004729,to_in_001,18
2024,다나004729,to_in_007,8
2024,다나004729,to_in_008,13
2024,다나004730,to_in_001,33
2024,다나004730,to_in_007,18
2024,다나004730,to_in_008,13
2024,다나004731,to_in_001,8
2024,다나004731,to_in_007,5
2024,다나004731,to_in_008,8
2024,다나004732,to_in_001,18
2024,다나004732,to_in_007,13
2024,다나004732,to_in_008,8
2024,다나004733,to_in_001,33
2024,다나004733,to_in_007,23
2024,다나004733,to_in_008,13
2024,다나004734,to_in_001,53
2024,다나004734,to_in_007,23
2024,다나004734,to_in_008,28
2024,다나004735,to_in_001,13
2024,다나004735,to_in_007,8
2024,다나004735,to_in_008,8
2024,다나004736,to_in_001,8
2024,다나004736,to_in_007,5
2024,다나004736,to_in_008,8
2024,다나004738,to_in_001,48
2024,다나004738,to_in_007,18
2024,다나004738,to_in_008,28
2024,다나004739,to_in_001,169
2024,다나004739,to_in_007,76
2024,다나004739,to_in_008,91
2024,다나004740,to_in_001,219
2024,다나004740,to_in_007,107
2024,다나004740,to_in_008,115
2024,다나004741,to_in_001,193
2024,다나004741,to_in_007,93
2024,다나004741,to_in_008,103
2024,다나004742,to_in_001,8
2024,다나004742,to_in_007,8
2024,다나004742,to_in_008,0
2024,다나004743,to_in_001,179
2024,다나004743,to_in_007,79
2024,다나004743,to_in_008,98
2024,다나010997,to_in_001,13
2024,다나010997,to_in_007,8
2024,다나010997,to_in_008,8
2024,다나010998,to_in_001,28
2024,다나010998,to_in_007,13
2024,다나010998,to_in_008,13
2024,다나010999,to_in_001,23
2024,다나010999,to_in_007,13
2024,다나010999,to_in_008,13
2024,다나011724,to_in_001,8
2024,다나011724,to_in_007,8
2024,다나011724,to_in_008,5
2024,다나011726,to_in_001,23
2024,다나011726,to_in_007,8
2024,다나011726,to_in_008,13
2024,다나011730,to_in_001,8
2024,다나011730,to_in_007,5
2024,다나011730,to_in_008,8
2024,다나011739,to_in_001,5
2024,다나011739,to_in_007,5
2024,다나011739,to_in_008,5
2024,다나011741,to_in_001,0
2024,다나011741,to_in_007,0
2024,다나011741,to_in_008,0
2024,다나011742,to_in_001,23
2024,다나011742,to_in_007,13
2024,다나011742,to_in_008,13
2024,다나011747,to_in_001,5
2024,다나011747,to_in_007,0
2024,다나011747,to_in_008,5
2024,다나011748,to_in_001,5
2024,다나011748,to_in_007,5
2024,다나011748,to_in_008,0
2024,다나011749,to_in_001,5
2024,다나011749,to_in_007,0
2024,다나011749,to_in_008,5
2024,다나011929,to_in_001,8
2024,다나011929,to_in_007,5
2024,다나011929,to_in_008,5
2024,다나011931,to_in_001,0
2024,다나011931,to_in_007,0
2024,다나011931,to_in_008,0
2024,다나011952,to_in_001,5
2024,다나011952,to_in_007,0
2024,다나011952,to_in_008,0
2024,다나011956,to_in_001,5
2024,다나011956,to_in_007,0
2024,다나011956,to_in_008,0
2024,다나011957,to_in_001,54
2024,다나011957,to_in_007,34
2024,다나011957,to_in_008,23
2024,다나011958,to_in_001,236
2024,다나011958,to_in_007,121
2024,다나011958,to_in_008,118
2024,다나011959,to_in_001,18
2024,다나011959,to_in_007,8
2024,다나011959,to_in_008,8
2024,다나011960,to_in_001,5
2024,다나011960,to_in_007,0
2024,다나011960,to_in_008,5
2024,다나011961,to_in_001,8
2024,다나011961,to_in_007,5
2024,다나011961,to_in_008,8
2024,다나011962,to_in_001,13
2024,다나011962,to_in_007,8
2024,다나011962,to_in_008,8
2024,다나011967,to_in_001,5
2024,다나011967,to_in_007,0
2024,다나011967,to_in_008,0
2024,다나011968,to_in_001,13
2024,다나011968,to_in_007,5
2024,다나011968,to_in_008,8
2024,다나011969,to_in_001,8
2024,다나011969,to_in_007,5
2024,다나011969,to_in_008,5
2024,다나011970,to_in_001,18
2024,다나011970,to_in_007,8
2024,다나011970,to_in_008,8
2024,다나011971,to_in_001,23
2024,다나011971,to_in_007,13
2024,다나011971,to_in_008,13
2024,다나011972,to_in_001,28
2024,다나011972,to_in_007,13
2024,다나011972,to_in_008,13
2024,다나011973,to_in_001,8
2024,다나011973,to_in_007,5
2024,다나011973,to_in_008,8
2024,다나011974,to_in_001,5
2024,다나011974,to_in_007,5
2024,다나011974,to_in_008,5
2024,다나017998,to_in_001,0
2024,다나017998,to_in_007,0
2024,다나017998,to_in_008,0
2024,다나017999,to_in_001,5
2024,다나017999,to_in_007,0
2024,다나017999,to_in_008,0
2024,다나018729,to_in_001,8
2024,다나018729,to_in_007,5
2024,다나018729,to_in_008,8
2024,다나018737,to_in_001,5
2024,다나018737,to_in_007,0
2024,다나018737,to_in_008,0
2024,다나018739,to_in_001,5
2024,다나018739,to_in_007,5
2024,다나018739,to_in_008,0
2024,다나018744,to_in_001,0
2024,다나018744,to_in_007,0
2024,다나018744,to_in_008,0
2024,다나018745,to_in_001,5
2024,다나018745,to_in_007,5
2024,다나018745,to_in_008,0
2024,다나018749,to_in_001,8
2024,다나018749,to_in_007,5
2024,다나018749,to_in_008,5
2024,다나018750,to_in_001,8
2024,다나018750,to_in_007,5
2024,다나018750,to_in_008,5
2024,다나018751,to_in_001,38
2024,다나018751,to_in_007,18
2024,다나018751,to_in_008,23
2024,다나018752,to_in_001,23
2024,다나018752,to_in_007,13
2024,다나018752,to_in_008,13
2024,다나018753,to_in_001,8
2024,다나018753,to_in_007,5
2024,다나018753,to_in_008,5
2024,다나018754,to_in_001,13
2024,다나018754,to_in_007,8
2024,다나018754,to_in_008,8
2024,다나018755,to_in_001,8
2024,다나018755,to_in_007,5
2024,다나018755,to_in_008,8
2024,다나018756,to_in_001,0
2024,다나018756,to_in_007,0
2024,다나018756,to_in_008,0
2024,다나018758,to_in_001,0
2024,다나018758,to_in_007,0
2024,다나018758,to_in_008,0
2024,다나018941,to_in_001,0
2024,다나018941,to_in_007,0
2024,다나018941,to_in_008,0
2024,다나018951,to_in_001,0
2024,다나018951,to_in_007,0
2024,다나000735,to_in_001,38
2024,다나000735,to_in_007,23
2024,다나000735,to_in_008,13
2024,다나000736,to_in_001,69
2024,다나000736,to_in_007,34
2024,다나000736,to_in_008,38
2024,다나000737,to_in_001,40
2024,다나000737,to_in_007,20
2024,다나000737,to_in_008,18
2024,다나000738,to_in_001,43
2024,다나000738,to_in_007,18
2024,다나000738,to_in_008,23
2024,다나000739,to_in_001,97
2024,다나000739,to_in_007,51
2024,다나000739,to_in_008,49
2024,다나000740,to_in_001,109
2024,다나000740,to_in_007,57
2024,다나000740,to_in_008,55
2024,다나000741,to_in_001,65
2024,다나000741,to_in_007,38
2024,다나000741,to_in_008,30
2024,다나000742,to_in_001,40
2024,다나000742,to_in_007,30
2024,다나000742,to_in_008,13
2024,다나000743,to_in_001,53
2024,다나000743,to_in_007,33
2024,다나000743,to_in_008,23
2024,다나000744,to_in_001,8
2024,다나000744,to_in_007,5
2024,다나000744,to_in_008,5
2024,다나000745,to_in_001,28
2024,다나000745,to_in_007,13
2024,다나000745,to_in_008,18
2024,다나000746,to_in_001,5
2024,다나000746,to_in_007,5
2024,다나000746,to_in_008,5
2024,다나000747,to_in_001,8
2024,다나000747,to_in_007,5
2024,다나000747,to_in_008,5
2024,다나000748,to_in_001,23
2024,다나000748,to_in_007,13
2024,다나000748,to_in_008,13
2024,다나000749,to_in_001,8
2024,다나000749,to_in_007,5
2024,다나000749,to_in_008,5
2024,다나000751,to_in_001,8
2024,다나000751,to_in_007,5
2024,다나000751,to_in_008,8
2024,다나000752,to_in_001,8
2024,다나000752,to_in_007,5
2024,다나000752,to_in_008,8
2024,다나000754,to_in_001,5
2024,다나000754,to_in_007,5
2024,다나000754,to_in_008,5
2024,다나000936,to_in_001,0
2024,다나000936,to_in_007,0
2024,다나000936,to_in_008,0
2024,다나000937,to_in_001,13
2024,다나000937,to_in_007,5
2024,다나000937,to_in_008,8
2024,다나000938,to_in_001,18
2024,다나000938,to_in_007,8
2024,다나000938,to_in_008,8
2024,다나000939,to_in_001,13
2024,다나000939,to_in_007,8
2024,다나000939,to_in_008,8
2024,다나000940,to_in_001,92
2024,다나000940,to_in_007,33
2024,다나000940,to_in_008,64
2024,다나000941,to_in_001,0
2024,다나000941,to_in_007,0
2024,다나000941,to_in_008,0
2024,다나000942,to_in_001,13
2024,다나000942,to_in_007,5
2024,다나000942,to_in_008,8
2024,다나000943,to_in_001,13
2024,다나000943,to_in_007,5
2024,다나000943,to_in_008,8
2024,다나000956,to_in_001,8
2024,다나000956,to_in_007,8
2024,다나000956,to_in_008,0
2024,다나000958,to_in_001,13
2024,다나000958,to_in_007,5
2024,다나000958,to_in_008,8
2024,다나000959,to_in_001,8
2024,다나000959,to_in_007,5
2024,다나000959,to_in_008,8
2024,다나006785,to_in_001,5
2024,다나006785,to_in_007,0
2024,다나006785,to_in_008,0
2024,다나006936,to_in_001,5
2024,다나006936,to_in_007,5
2024,다나006936,to_in_008,5
2024,다나006937,to_in_001,5
2024,다나006937,to_in_007,5
2024,다나006937,to_in_008,5
2024,다나006938,to_in_001,5
2024,다나006938,to_in_007,0
2024,다나006938,to_in_008,5
2024,다나006939,to_in_001,18
2024,다나006939,to_in_007,8
2024,다나006939,to_in_008,13
2024,다나006940,to_in_001,8
2024,다나006940,to_in_007,5
2024,다나006940,to_in_008,8
2024,다나006941,to_in_001,8
2024,다나006941,to_in_007,5
2024,다나006941,to_in_008,5
2024,다나006947,to_in_001,5
2024,다나006947,to_in_007,0
2024,다나006947,to_in_008,0
2024,다나006949,to_in_001,18
2024,다나006949,to_in_007,13
2024,다나006949,to_in_008,8
2024,다나006951,to_in_001,5
2024,다나006951,to_in_007,0
2024,다나006951,to_in_008,0
2024,다나006952,to_in_001,5
2024,다나006952,to_in_007,5
2024,다나006952,to_in_008,0
2024,다나006953,to_in_001,18
2024,다나006953,to_in_007,8
2024,다나006953,to_in_008,8
2024,다나006954,to_in_001,76
2024,다나006954,to_in_007,31
2024,다나006954,to_in_008,43
2024,다나006955,to_in_001,5
2024,다나006955,to_in_007,0
2024,다나006955,to_in_008,5
2024,다나006956,to_in_001,18
2024,다나006956,to_in_007,8
2024,다나006956,to_in_008,8
2024,다나006957,to_in_001,18
2024,다나006957,to_in_007,8
2024,다나006957,to_in_008,8
2024,다나006958,to_in_001,5
2024,다나006958,to_in_007,0
2024,다나006958,to_in_008,5
2024,다나006963,to_in_001,33
2024,다나006963,to_in_007,18
2024,다나006963,to_in_008,18
2024,다나006964,to_in_001,5
2024,다나006964,to_in_007,5
2024,다나006964,to_in_008,5
2024,다나006966,to_in_001,13
2024,다나006966,to_in_007,8
2024,다나006966,to_in_008,8
2024,다나006967,to_in_001,0
2024,다나006967,to_in_007,0
2024,다나006967,to_in_008,0
2024,다나006970,to_in_001,5
2024,다나006970,to_in_007,0
2024,다나006970,to_in_008,5
2024,다나006971,to_in_001,13
2024,다나006971,to_in_007,8
2024,다나006971,to_in_008,5
2024,다나006972,to_in_001,18
2024,다나006972,to_in_007,8
2024,다나006972,to_in_008,8
2024,다나006973,to_in_001,79
2024,다나006973,to_in_007,29
2024,다나006973,to_in_008,53
2024,다나006993,to_in_001,54
2024,다나006993,to_in_007,28
2024,다나006993,to_in_008,29
2024,다나006994,to_in_001,28
2024,다나006994,to_in_007,13
2024,다나006994,to_in_008,13
2024,다나006995,to_in_001,5
2024,다나006995,to_in_007,5
2024,다나006995,to_in_008,0
2024,다나006996,to_in_001,13
2024,다나006996,to_in_007,8
2024,다나006996,to_in_008,5
2024,다나006997,to_in_001,43
2024,다나006997,to_in_007,18
2024,다나006997,to_in_008,23
2024,다나006998,to_in_001,162
2024,다나006998,to_in_007,85
2024,다나006998,to_in_008,80
2024,다나006999,to_in_001,59
2024,다나006999,to_in_007,28
2024,다나006999,to_in_008,29
2024,다나007724,to_in_001,5
2024,다나007724,to_in_007,0
2024,다나007724,to_in_008,0
2024,다나007726,to_in_001,5
2024,다나007726,to_in_007,0
2024,다나007726,to_in_008,5
2024,다나007727,to_in_001,5
2024,다나007727,to_in_007,0
2024,다나007727,to_in_008,0
2024,다나012964,to_in_001,8
2024,다나012964,to_in_007,5
2024,다나012964,to_in_008,5
2024,다나012965,to_in_001,8
2024,다나012965,to_in_007,5
2024,다나012965,to_in_008,5
2024,다나012966,to_in_001,13
2024,다나012966,to_in_007,8
2024,다나012966,to_in_008,8
2024,다나012967,to_in_001,33
2024,다나012967,to_in_007,18
2024,다나012967,to_in_008,18
2024,다나012968,to_in_001,0
2024,다나012968,to_in_007,0
2024,다나012968,to_in_008,0
2024,다나012969,to_in_001,13
2024,다나012969,to_in_007,5
2024,다나012969,to_in_008,8
2024,다나012970,to_in_001,43
2024,다나012970,to_in_007,18
2024,다나012970,to_in_008,23
2024,다나012971,to_in_001,8
2024,다나012971,to_in_007,8
2024,다나012971,to_in_008,5
2024,다나012972,to_in_001,33
2024,다나012972,to_in_007,18
2024,다나012972,to_in_008,13
2024,다나012973,to_in_001,0
2024,다나012973,to_in_007,0
2024,다나012973,to_in_008,0
2024,다나012975,to_in_001,33
2024,다나012975,to_in_007,13
2024,다나012975,to_in_008,23
2024,다나012976,to_in_001,33
2024,다나012976,to_in_007,18
2024,다나012976,to_in_008,13
2024,다나012977,to_in_001,8
2024,다나012977,to_in_007,5
2024,다나012977,to_in_008,5
2024,다나012978,to_in_001,5
2024,다나012978,to_in_007,5
2024,다나012978,to_in_008,5
2024,다나012982,to_in_001,8
2024,다나012982,to_in_007,5
2024,다나012982,to_in_008,5
2024,다나012989,to_in_001,5
2024,다나012989,to_in_007,0
2024,다나012989,to_in_008,5
2024,다나012992,to_in_001,5
2024,다나012992,to_in_007,0
2024,다나012992,to_in_008,0
2024,다나012995,to_in_001,5
2024,다나012995,to_in_007,5
2024,다나012995,to_in_008,0
2024,다나012996,to_in_001,5
2024,다나012996,to_in_007,0
2024,다나012996,to_in_008,0
2024,다나013724,to_in_001,5
2024,다나013724,to_in_007,5
2024,다나013724,to_in_008,5
2024,다나013729,to_in_001,5
2024,다나013729,to_in_007,0
2024,다나013729,to_in_008,0
2024,다나013730,to_in_001,13
2024,다나013730,to_in_007,8
2024,다나013730,to_in_008,8
2024,다나013747,to_in_001,8
2024,다나013747,to_in_007,5
2024,다나013747,to_in_008,5
2024,다나013748,to_in_001,13
2024,다나013748,to_in_007,8
2024,다나013748,to_in_008,5
2024,다나013751,to_in_001,8
2024,다나013751,to_in_007,5
2024,다나013751,to_in_008,5
2024,다나013761,to_in_001,5
2024,다나013761,to_in_007,5
2024,다나013761,to_in_008,0
2024,다나013918,to_in_001,5
2024,다나013918,to_in_007,5
2024,다나013918,to_in_008,0
2024,다나013950,to_in_001,5
2024,다나013950,to_in_007,5
2024,다나013950,to_in_008,5
2024,다나013951,to_in_001,13
2024,다나013951,to_in_007,8
2024,다나013951,to_in_008,8
2024,다나013953,to_in_001,5
2024,다나013953,to_in_007,0
2024,다나013953,to_in_008,0
2024,다나013961,to_in_001,8
2024,다나013961,to_in_007,5
2024,다나013961,to_in_008,8
2024,다나013962,to_in_001,13
2024,다나013962,to_in_007,8
2024,다나013962,to_in_008,5
2024,다나013963,to_in_001,5
2024,다나013963,to_in_007,0
2024,다나013963,to_in_008,5
2024,다나013964,to_in_001,5
2024,다나013964,to_in_007,0
2024,다나014734,to_in_001,0
2024,다나014734,to_in_007,0
2024,다나014734,to_in_008,0
2024,다나014735,to_in_001,5
2024,다나014735,to_in_007,5
2024,다나014735,to_in_008,0
2024,다나014741,to_in_001,0
2024,다나014741,to_in_007,0
2024,다나014741,to_in_008,0
2024,다나014746,to_in_001,5
2024,다나014746,to_in_007,0
2024,다나014746,to_in_008,0
2024,다나014747,to_in_001,5
2024,다나014747,to_in_007,0
2024,다나014747,to_in_008,5
2024,다나014748,to_in_001,8
2024,다나014748,to_in_007,5
2024,다나014748,to_in_008,8
2024,다나014749,to_in_001,18
2024,다나014749,to_in_007,8
2024,다나014749,to_in_008,8
2024,다나014750,to_in_001,5
2024,다나014750,to_in_007,5
2024,다나014750,to_in_008,5
2024,다나014751,to_in_001,8
2024,다나014751,to_in_007,5
2024,다나014751,to_in_008,5
2024,다나014752,to_in_001,8
2024,다나014752,to_in_007,8
2024,다나014752,to_in_008,8
2024,다나014758,to_in_001,18
2024,다나014758,to_in_007,8
2024,다나014758,to_in_008,8
2024,다나014943,to_in_001,5
2024,다나014943,to_in_007,5
2024,다나014943,to_in_008,0
2024,다나014949,to_in_001,5
2024,다나014949,to_in_007,0
2024,다나014949,to_in_008,0
2024,다나014950,to_in_001,5
2024,다나014950,to_in_007,0
2024,다나014950,to_in_008,0
2024,다나014951,to_in_001,0
2024,다나014951,to_in_007,0
2024,다나014951,to_in_008,0
2024,다나014961,to_in_001,8
2024,다나014961,to_in_007,8
2024,다나014961,to_in_008,5
2024,다나014962,to_in_001,5
2024,다나014962,to_in_007,0
2024,다나014962,to_in_008,5
2024,다나014963,to_in_001,23
2024,다나014963,to_in_007,13
2024,다나014963,to_in_008,13
2024,다나014967,to_in_001,48
2024,다나014967,to_in_007,23
2024,다나014967,to_in_008,28
2024,다나014968,to_in_001,13
2024,다나014968,to_in_007,8
2024,다나014968,to_in_008,5
2024,다나014969,to_in_001,38
2024,다나014969,to_in_007,23
2024,다나014969,to_in_008,18
2024,다나014970,to_in_001,18
2024,다나014970,to_in_007,8
2024,다나014970,to_in_008,13
2024,다나014971,to_in_001,33
2024,다나014971,to_in_007,18
2024,다나014971,to_in_008,18
2024,다나014972,to_in_001,5
2024,다나014972,to_in_007,5
2024,다나014972,to_in_008,5
2024,다나014973,to_in_001,5
2024,다나014973,to_in_007,0
2024,다나014973,to_in_008,0
2024,다나030736,to_in_001,8
2024,다나030736,to_in_007,8
2024,다나030736,to_in_008,5
2024,다나030738,to_in_001,5
2024,다나030738,to_in_007,5
2024,다나030738,to_in_008,5
2024,다나030740,to_in_001,8
2024,다나030740,to_in_007,8
2024,다나030740,to_in_008,5
2024,다나030741,to_in_001,5
2024,다나030741,to_in_007,5
2024,다나030741,to_in_008,0
2024,다나030742,to_in_001,23
2024,다나030742,to_in_007,8
2024,다나030742,to_in_008,13
2024,다나030743,to_in_001,38
2024,다나030743,to_in_007,23
2024,다나030743,to_in_008,18
2024,다나030744,to_in_001,38
2024,다나030744,to_in_007,23
2024,다나030744,to_in_008,18
2024,다나030746,to_in_001,13
2024,다나030746,to_in_007,8
2024,다나030746,to_in_008,5
2024,다나030747,to_in_001,8
2024,다나030747,to_in_007,8
2024,다나030747,to_in_008,5
2024,다나030748,to_in_001,54
2024,다나030748,to_in_007,24
2024,다나030748,to_in_008,28
2024,다나030755,to_in_001,5
2024,다나030755,to_in_007,0
2024,다나030755,to_in_008,0
2024,다나030756,to_in_001,5
2024,다나030756,to_in_007,0
2024,다나030756,to_in_008,5
2024,다나030957,to_in_001,13
2024,다나030957,to_in_007,8
2024,다나030957,to_in_008,8
2024,다나030958,to_in_001,8
2024,다나030958,to_in_007,5
2024,다나030958,to_in_008,5
2024,다나030959,to_in_001,5
2024,다나030959,to_in_007,0
2024,다나030959,to_in_008,0
2024,다나030960,to_in_001,5
2024,다나030960,to_in_007,5
2024,다나030960,to_in_008,0
2024,다나030961,to_in_001,23
2024,다나030961,to_in_007,8
2024,다나030961,to_in_008,13
2024,다나030963,to_in_001,18
2024,다나030963,to_in_007,8
2024,다나030963,to_in_008,8
2024,다나030964,to_in_001,23
2024,다나030964,to_in_007,13
2024,다나030964,to_in_008,13
2024,다나030965,to_in_001,8
2024,다나030965,to_in_007,5
2024,다나030965,to_in_008,5
2024,다나030966,to_in_001,5
2024,다나030966,to_in_007,0
2024,다나030966,to_in_008,5
2024,다나030978,to_in_001,5
2024,다나030978,to_in_007,5
2024,다나030978,to_in_008,0
2024,다나030991,to_in_001,8
2024,다나030991,to_in_007,8
2024,다나030991,to_in_008,5
2024,다나030992,to_in_001,5
2024,다나030992,to_in_007,0
2024,다나030992,to_in_008,0
2024,다나031728,to_in_001,28
2024,다나031728,to_in_007,13
2024,다나031728,to_in_008,13
2024,다나031729,to_in_001,38
2024,다나031729,to_in_007,18
2024,다나031729,to_in_008,18
2024,다나031730,to_in_001,28
2024,다나031730,to_in_007,13
2024,다나031730,to_in_008,13
2024,다나033728,to_in_001,5
2024,다나014994,to_in_008,5
2024,다나014997,to_in_001,8
2024,다나014997,to_in_007,8
2024,다나014997,to_in_008,0
2024,다나015727,to_in_001,8
2024,다나015727,to_in_007,8
2024,다나015727,to_in_008,5
2024,다나015730,to_in_001,5
2024,다나015730,to_in_007,5
2024,다나015730,to_in_008,0
2024,다나015739,to_in_001,0
2024,다나015739,to_in_007,0
2024,다나015739,to_in_008,0
2024,다나015749,to_in_001,8
2024,다나015749,to_in_007,5
2024,다나015749,to_in_008,5
2024,다나015750,to_in_001,13
2024,다나015750,to_in_007,8
2024,다나015750,to_in_008,8
2024,다나015751,to_in_001,28
2024,다나015751,to_in_007,13
2024,다나015751,to_in_008,13
2024,다나015752,to_in_001,18
2024,다나015752,to_in_007,5
2024,다나015752,to_in_008,13
2024,다나015754,to_in_001,5
2024,다나015754,to_in_007,0
2024,다나015754,to_in_008,0
2024,다나015755,to_in_001,5
2024,다나015755,to_in_007,0
2024,다나015755,to_in_008,0
2024,다나015764,to_in_001,8
2024,다나015764,to_in_007,5
2024,다나015764,to_in_008,0
2024,다나015951,to_in_001,5
2024,다나015951,to_in_007,5
2024,다나015951,to_in_008,0
2024,다나015958,to_in_001,8
2024,다나015958,to_in_007,5
2024,다나015958,to_in_008,5
2024,다나015961,to_in_001,5
2024,다나015961,to_in_007,5
2024,다나015961,to_in_008,5
2024,다나015962,to_in_001,5
2024,다나015962,to_in_007,5
2024,다나015962,to_in_008,5
2024,다나015963,to_in_001,23
2024,다나015963,to_in_007,13
2024,다나015963,to_in_008,13
2024,다나015966,to_in_001,18
2024,다나015966,to_in_007,8
2024,다나015966,to_in_008,8
2024,다나015967,to_in_001,18
2024,다나015967,to_in_007,8
2024,다나015967,to_in_008,8
2024,다나015968,to_in_001,23
2024,다나015968,to_in_007,8
2024,다나015968,to_in_008,13
2024,다나015969,to_in_001,8
2024,다나015969,to_in_007,5
2024,다나015969,to_in_008,5
2024,다나015970,to_in_001,23
2024,다나015970,to_in_007,13
2024,다나015970,to_in_008,8
2024,다나015971,to_in_001,28
2024,다나015971,to_in_007,13
2024,다나015971,to_in_008,13
2024,다나015972,to_in_001,33
2024,다나015972,to_in_007,18
2024,다나015972,to_in_008,13
2024,다나015974,to_in_001,5
2024,다나015974,to_in_007,0
2024,다나015974,to_in_008,5
2024,다나015980,to_in_001,5
2024,다나015980,to_in_007,5
2024,다나015980,to_in_008,0
2024,다나015983,to_in_001,5
2024,다나015983,to_in_007,5
2024,다나015983,to_in_008,0
2024,다나015994,to_in_001,5
2024,다나015994,to_in_007,0
2024,다나015994,to_in_008,5
2024,다나016728,to_in_001,8
2024,다나016728,to_in_007,5
2024,다나016728,to_in_008,5
2024,다나016731,to_in_001,8
2024,다나016731,to_in_007,8
2024,다나016731,to_in_008,8
2024,다나016732,to_in_001,5
2024,다나016732,to_in_007,5
2024,다나016732,to_in_008,0
2024,다나016739,to_in_001,5
2024,다나016739,to_in_007,5
2024,다나016739,to_in_008,0
2024,다나016747,to_in_001,13
2024,다나016747,to_in_007,8
2024,다나016747,to_in_008,5
2024,다나016750,to_in_001,28
2024,다나016750,to_in_007,13
2024,다나016750,to_in_008,13
2024,다나016751,to_in_001,33
2024,다나016751,to_in_007,18
2024,다나016751,to_in_008,13
2024,다나016752,to_in_001,13
2024,다나016752,to_in_007,5
2024,다나016752,to_in_008,8
2024,다나020982,to_in_001,8
2024,다나020982,to_in_007,5
2024,다나020982,to_in_008,5
2024,다나020988,to_in_001,5
2024,다나020988,to_in_007,0
2024,다나020988,to_in_008,0
2024,다나020989,to_in_001,5
2024,다나020989,to_in_007,5
2024,다나020989,to_in_008,0
2024,다나020992,to_in_001,23
2024,다나020992,to_in_007,13
2024,다나020992,to_in_008,13
2024,다나020993,to_in_001,28
2024,다나020993,to_in_007,18
2024,다나020993,to_in_008,8
2024,다나020994,to_in_001,63
2024,다나020994,to_in_007,33
2024,다나020994,to_in_008,28
2024,다나020995,to_in_001,8
2024,다나020995,to_in_007,5
2024,다나020995,to_in_008,5
2024,다나020996,to_in_001,8
2024,다나020996,to_in_007,5
2024,다나020996,to_in_008,5
2024,다나020997,to_in_001,128
2024,다나020997,to_in_007,62
2024,다나020997,to_in_008,64
2024,다나020998,to_in_001,48
2024,다나020998,to_in_007,23
2024,다나020998,to_in_008,23
2024,다나020999,to_in_001,69
2024,다나020999,to_in_007,34
2024,다나020999,to_in_008,38
2024,다나021747,to_in_001,8
2024,다나021747,to_in_007,8
2024,다나021747,to_in_008,5
2024,다나021748,to_in_001,0
2024,다나021748,to_in_007,0
2024,다나021748,to_in_008,0
2024,다나021749,to_in_001,5
2024,다나021749,to_in_007,5
2024,다나021749,to_in_008,5
2024,다나021751,to_in_001,13
2024,다나021751,to_in_007,8
2024,다나021751,to_in_008,8
2024,다나021753,to_in_001,5
2024,다나021753,to_in_007,5
2024,다나021753,to_in_008,5
2024,다나021958,to_in_001,8
2024,다나021958,to_in_007,5
2024,다나021958,to_in_008,8
2024,다나021971,to_in_001,8
2024,다나021971,to_in_007,5
2024,다나021971,to_in_008,5
2024,다나021972,to_in_001,5
2024,다나021972,to_in_007,5
2024,다나021972,to_in_008,5
2024,다나021980,to_in_001,8
2024,다나021980,to_in_007,5
2024,다나021980,to_in_008,5
2024,다나021981,to_in_001,5
2024,다나021981,to_in_007,0
2024,다나021981,to_in_008,5
2024,다나021993,to_in_001,13
2024,다나021993,to_in_007,8
2024,다나021993,to_in_008,8
2024,다나021994,to_in_001,28
2024,다나021994,to_in_007,13
2024,다나021994,to_in_008,13
2024,다나021995,to_in_001,64
2024,다나021995,to_in_007,39
2024,다나021995,to_in_008,23
2024,다나021996,to_in_001,33
2024,다나021996,to_in_007,13
2024,다나021996,to_in_008,18
2024,다나021997,to_in_001,56
2024,다나021997,to_in_007,30
2024,다나021997,to_in_008,29
2024,다나021998,to_in_001,208
2024,다나021998,to_in_007,97
2024,다나021998,to_in_008,109
2024,다나021999,to_in_001,43
2024,다나021999,to_in_007,18
2024,다나021999,to_in_008,23
2024,다나022730,to_in_001,5
2024,다나022730,to_in_007,0
2024,다나022730,to_in_008,5
2024,다나022733,to_in_001,5
2024,다나022733,to_in_007,5
2024,다나022733,to_in_008,0
2024,다나022745,to_in_001,5
2024,다나022745,to_in_007,0
2024,다나022745,to_in_008,5
2024,다나022749,to_in_001,5
2024,다나022749,to_in_007,0
2024,다나022749,to_in_008,5
2024,다나022750,to_in_001,8
2024,다나022750,to_in_007,5
2024,다나022750,to_in_008,5
2024,다나022751,to_in_001,8
2024,다나022751,to_in_007,5
2024,다나022751,to_in_008,5
2024,다나022755,to_in_001,5
2024,다나022755,to_in_007,0
2024,다나022755,to_in_008,0
2024,다나022756,to_in_001,5
2024,다나022756,to_in_007,0
2024,다나022756,to_in_008,0
2024,다나022958,to_in_001,5
2024,다나022958,to_in_007,5
2024,다나022958,to_in_008,0
2024,다나022959,to_in_001,0
2024,다나022959,to_in_007,0
2024,다나022959,to_in_008,0
2024,다나022960,to_in_001,5
2024,다나022960,to_in_007,0
2024,다나022960,to_in_008,0
2024,다나022970,to_in_001,8
2024,다나022970,to_in_007,5
2024,다나022970,to_in_008,5
2024,다나022973,to_in_001,0
2024,다나022973,to_in_007,0
2024,다나022973,to_in_008,0
2024,다나022977,to_in_001,8
2024,다나022977,to_in_007,5
2024,다나022977,to_in_008,5
2024,다나028747,to_in_001,23
2024,다나028747,to_in_007,13
2024,다나028747,to_in_008,13
2024,다나028781,to_in_001,5
2024,다나028781,to_in_007,5
2024,다나028781,to_in_008,0
2024,다나028960,to_in_001,5
2024,다나028960,to_in_007,5
2024,다나028960,to_in_008,5
2024,다나028961,to_in_001,8
2024,다나028961,to_in_007,5
2024,다나028961,to_in_008,8
2024,다나028962,to_in_001,13
2024,다나028962,to_in_007,8
2024,다나028962,to_in_008,8
2024,다나028963,to_in_001,28
2024,다나028963,to_in_007,13
2024,다나028963,to_in_008,18
2024,다나028964,to_in_001,23
2024,다나028964,to_in_007,8
2024,다나028964,to_in_008,13
2024,다나028965,to_in_001,0
2024,다나028965,to_in_007,0
2024,다나028965,to_in_008,0
2024,다나028967,to_in_001,13
2024,다나028967,to_in_007,8
2024,다나028967,to_in_008,8
2024,다나028969,to_in_001,5
2024,다나028969,to_in_007,0
2024,다나028969,to_in_008,5
2024,다나028970,to_in_001,8
2024,다나028970,to_in_007,8
2024,다나028970,to_in_008,8
2024,다나028971,to_in_001,212
2024,다나028971,to_in_007,108
2024,다나028971,to_in_008,102
2024,다나028972,to_in_001,8
2024,다나028972,to_in_007,5
2024,다나028972,to_in_008,5
2024,다나028986,to_in_001,8
2024,다나028986,to_in_007,5
2024,다나028986,to_in_008,5
2024,다나028988,to_in_001,8
2024,다나028988,to_in_007,5
2024,다나028988,to_in_008,5
2024,다나028990,to_in_001,5
2024,다나028990,to_in_007,5
2024,다나028990,to_in_008,5
2024,다나029730,to_in_001,8
2024,다나029730,to_in_007,5
2024,다나029730,to_in_008,5
2024,다나029731,to_in_001,13
2024,다나029731,to_in_007,8
2024,다나029731,to_in_008,8
2024,다나029732,to_in_001,5
2024,다나029732,to_in_007,5
2024,다나029732,to_in_008,0
2024,다나029738,to_in_001,5
2024,다나029738,to_in_007,5
2024,다나029738,to_in_008,0
2024,다나029739,to_in_001,0
2024,다나016962,to_in_008,0
2024,다나016965,to_in_001,8
2024,다나016965,to_in_007,5
2024,다나016965,to_in_008,8
2024,다나016966,to_in_001,8
2024,다나016966,to_in_007,8
2024,다나016966,to_in_008,5
2024,다나016968,to_in_001,8
2024,다나016968,to_in_007,5
2024,다나016968,to_in_008,5
2024,다나016969,to_in_001,5
2024,다나016969,to_in_007,5
2024,다나016969,to_in_008,0
2024,다나016970,to_in_001,38
2024,다나016970,to_in_007,23
2024,다나016970,to_in_008,18
2024,다나016972,to_in_001,5
2024,다나016972,to_in_007,0
2024,다나016972,to_in_008,5
2024,다나016974,to_in_001,8
2024,다나016974,to_in_007,8
2024,다나016974,to_in_008,5
2024,다나016979,to_in_001,5
2024,다나016979,to_in_007,5
2024,다나016979,to_in_008,5
2024,다나016980,to_in_001,23
2024,다나016980,to_in_007,13
2024,다나016980,to_in_008,8
2024,다나016982,to_in_001,0
2024,다나016982,to_in_007,0
2024,다나016982,to_in_008,0
2024,다나016986,to_in_001,5
2024,다나016986,to_in_007,0
2024,다나016986,to_in_008,0
2024,다나016989,to_in_001,5
2024,다나016989,to_in_007,5
2024,다나016989,to_in_008,0
2024,다나017728,to_in_001,5
2024,다나017728,to_in_007,5
2024,다나017728,to_in_008,5
2024,다나017737,to_in_001,8
2024,다나017737,to_in_007,8
2024,다나017737,to_in_008,5
2024,다나017750,to_in_001,33
2024,다나017750,to_in_007,18
2024,다나017750,to_in_008,18
2024,다나017751,to_in_001,33
2024,다나017751,to_in_007,23
2024,다나017751,to_in_008,13
2024,다나017752,to_in_001,13
2024,다나017752,to_in_007,5
2024,다나017752,to_in_008,8
2024,다나017753,to_in_001,23
2024,다나017753,to_in_007,13
2024,다나017753,to_in_008,8
2024,다나017754,to_in_001,5
2024,다나017754,to_in_007,5
2024,다나017754,to_in_008,5
2024,다나017776,to_in_001,5
2024,다나017776,to_in_007,0
2024,다나017776,to_in_008,5
2024,다나017933,to_in_001,27
2024,다나017933,to_in_007,27
2024,다나017933,to_in_008,5
2024,다나017955,to_in_001,8
2024,다나017955,to_in_007,8
2024,다나017955,to_in_008,8
2024,다나017956,to_in_001,5
2024,다나017956,to_in_007,5
2024,다나017956,to_in_008,0
2024,다나017961,to_in_001,0
2024,다나017961,to_in_007,0
2024,다나017961,to_in_008,0
2024,다나017962,to_in_001,5
2024,다나017962,to_in_007,5
2024,다나017962,to_in_008,0
2024,다나017963,to_in_001,0
2024,다나017963,to_in_007,0
2024,다나017963,to_in_008,0
2024,다나017966,to_in_001,0
2024,다나017966,to_in_007,0
2024,다나017966,to_in_008,0
2024,다나017970,to_in_001,13
2024,다나017970,to_in_007,8
2024,다나017970,to_in_008,8
2024,다나017971,to_in_001,5
2024,다나017971,to_in_007,0
2024,다나017971,to_in_008,5
2024,다나017974,to_in_001,8
2024,다나017974,to_in_007,5
2024,다나017974,to_in_008,8
2024,다나017978,to_in_001,5
2024,다나017978,to_in_007,0
2024,다나017978,to_in_008,5
2024,다나017979,to_in_001,33
2024,다나017979,to_in_007,18
2024,다나017979,to_in_008,13
2024,다나017980,to_in_001,8
2024,다나017980,to_in_007,5
2024,다나017980,to_in_008,5
2024,다나017991,to_in_001,8
2024,다나017991,to_in_007,8
2024,다나017991,to_in_008,5
2024,다나017994,to_in_001,5
2024,다나017994,to_in_007,5
2024,다나017994,to_in_008,5
2024,다나017995,to_in_001,0
2024,다나017995,to_in_007,0
2024,다나017995,to_in_008,0
2024,다나024974,to_in_001,169
2024,다나024974,to_in_007,77
2024,다나024974,to_in_008,95
2024,다나024975,to_in_001,8
2024,다나024975,to_in_007,5
2024,다나024975,to_in_008,5
2024,다나024977,to_in_001,8
2024,다나024977,to_in_007,8
2024,다나024977,to_in_008,5
2024,다나024985,to_in_001,5
2024,다나024985,to_in_007,5
2024,다나024985,to_in_008,5
2024,다나024986,to_in_001,18
2024,다나024986,to_in_007,8
2024,다나024986,to_in_008,8
2024,다나024987,to_in_001,35
2024,다나024987,to_in_007,5
2024,다나024987,to_in_008,30
2024,다나024988,to_in_001,63
2024,다나024988,to_in_007,33
2024,다나024988,to_in_008,33
2024,다나024989,to_in_001,203
2024,다나024989,to_in_007,108
2024,다나024989,to_in_008,98
2024,다나024990,to_in_001,58
2024,다나024990,to_in_007,28
2024,다나024990,to_in_008,28
2024,다나024991,to_in_001,18
2024,다나024991,to_in_007,8
2024,다나024991,to_in_008,8
2024,다나024996,to_in_001,5
2024,다나024996,to_in_007,5
2024,다나024996,to_in_008,0
2024,다나025728,to_in_001,8
2024,다나025728,to_in_007,5
2024,다나025728,to_in_008,5
2024,다나025739,to_in_001,8
2024,다나025739,to_in_007,5
2024,다나025739,to_in_008,5
2024,다나025741,to_in_001,5
2024,다나025741,to_in_007,0
2024,다나025741,to_in_008,0
2024,다나025747,to_in_001,8
2024,다나025747,to_in_007,8
2024,다나025747,to_in_008,0
2024,다나025748,to_in_001,8
2024,다나025748,to_in_007,5
2024,다나025748,to_in_008,0
2024,다나025955,to_in_001,5
2024,다나025955,to_in_007,0
2024,다나025955,to_in_008,0
2024,다나025959,to_in_001,0
2024,다나025959,to_in_007,0
2024,다나025959,to_in_008,0
2024,다나025961,to_in_001,13
2024,다나025961,to_in_007,8
2024,다나025961,to_in_008,5
2024,다나025963,to_in_001,8
2024,다나025963,to_in_007,8
2024,다나025963,to_in_008,5
2024,다나025966,to_in_001,5
2024,다나025966,to_in_007,0
2024,다나025966,to_in_008,5
2024,다나025969,to_in_001,5
2024,다나025969,to_in_007,0
2024,다나025969,to_in_008,0
2024,다나025970,to_in_001,28
2024,다나025970,to_in_007,18
2024,다나025970,to_in_008,13
2024,다나025971,to_in_001,18
2024,다나025971,to_in_007,13
2024,다나025971,to_in_008,5
2024,다나025972,to_in_001,5
2024,다나025972,to_in_007,5
2024,다나025972,to_in_008,0
2024,다나025973,to_in_001,38
2024,다나025973,to_in_007,23
2024,다나025973,to_in_008,13
2024,다나025974,to_in_001,39
2024,다나025974,to_in_007,19
2024,다나025974,to_in_008,23
2024,다나026972,to_in_001,8
2024,다나026972,to_in_007,5
2024,다나026972,to_in_008,5
2024,다나026973,to_in_001,8
2024,다나026973,to_in_007,5
2024,다나026973,to_in_008,5
2024,다나026977,to_in_001,5
2024,다나026977,to_in_007,0
2024,다나026977,to_in_008,0
2024,다나026978,to_in_001,0
2024,다나026978,to_in_007,0
2024,다나026978,to_in_008,0
2024,다나026979,to_in_001,5
2024,다나026979,to_in_007,5
2024,다나026979,to_in_008,0
2024,다나026988,to_in_001,83
2024,다나026988,to_in_007,39
2024,다나026988,to_in_008,42
2024,다나026989,to_in_001,43
2024,다나026989,to_in_007,23
2024,다나026989,to_in_008,18
2024,다나026990,to_in_001,38
2024,다나026990,to_in_007,18
2024,다나026990,to_in_008,18
2024,다나026991,to_in_001,5
2024,다나026991,to_in_007,0
2024,다나026991,to_in_008,0
2024,다나026998,to_in_001,57
2024,다나026998,to_in_007,5
2024,다나026998,to_in_008,57
2024,다나026999,to_in_001,5
2024,다나026999,to_in_007,5
2024,다나026999,to_in_008,5
2024,다나027728,to_in_001,0
2024,다나027728,to_in_007,0
2024,다나027728,to_in_008,0
2024,다나027729,to_in_001,5
2024,다나027729,to_in_007,0
2024,다나027729,to_in_008,5
2024,다나027745,to_in_001,8
2024,다나027745,to_in_007,8
2024,다나027745,to_in_008,5
2024,다나027746,to_in_001,8
2024,다나027746,to_in_007,0
2024,다나027746,to_in_008,8
2024,다나027747,to_in_001,23
2024,다나027747,to_in_007,13
2024,다나027747,to_in_008,8
2024,다나027749,to_in_001,5
2024,다나027749,to_in_007,5
2024,다나027749,to_in_008,0
2024,다나027795,to_in_001,0
2024,다나027795,to_in_007,0
2024,다나027795,to_in_008,0
2024,다나027955,to_in_001,5
2024,다나027955,to_in_007,0
2024,다나027955,to_in_008,0
2024,다나027956,to_in_001,5
2024,다나027956,to_in_007,0
2024,다나027956,to_in_008,5
2024,다나027957,to_in_001,13
2024,다나027957,to_in_007,5
2024,다나027957,to_in_008,8
2024,다나027959,to_in_001,8
2024,다나027959,to_in_007,5
2024,다나027959,to_in_008,5
2024,다나027960,to_in_001,8
2024,다나027960,to_in_007,5
2024,다나027960,to_in_008,5
2024,다나027961,to_in_001,61
2024,다나027961,to_in_007,46
2024,다나027961,to_in_008,18
2024,다나027963,to_in_001,33
2024,다나027963,to_in_007,18
2024,다나027963,to_in_008,18
2024,다나027964,to_in_001,44
2024,다나027964,to_in_007,23
2024,다나027964,to_in_008,24
2024,다나027965,to_in_001,5
2024,다나027965,to_in_007,5
2024,다나027965,to_in_008,5
2024,다나027966,to_in_001,8
2024,다나027966,to_in_007,8
2024,다나027966,to_in_008,5
2024,다나027968,to_in_001,85
2024,다나027968,to_in_007,38
2024,다나027968,to_in_008,45
2024,다나027969,to_in_001,74
2024,다나027969,to_in_007,37
2024,다나027969,to_in_008,35
2024,다나027970,to_in_001,8
2024,다나027970,to_in_007,5
2024,다나027970,to_in_008,5
2024,다나027971,to_in_001,13
2024,다나027971,to_in_007,8
2024,다나027971,to_in_008,5
2024,다나027972,to_in_001,38
2024,다나027972,to_in_007,18
2024,다나027972,to_in_008,23
2024,다나027974,to_in_001,0
2024,다나027974,to_in_007,0
2024,다나027974,to_in_008,0
2024,다나027977,to_in_001,0
2024,다나018951,to_in_008,0
2024,다나018955,to_in_001,8
2024,다나018955,to_in_007,5
2024,다나018955,to_in_008,5
2024,다나018956,to_in_001,0
2024,다나018956,to_in_007,0
2024,다나018956,to_in_008,0
2024,다나018958,to_in_001,5
2024,다나018958,to_in_007,0
2024,다나018958,to_in_008,5
2024,다나018961,to_in_001,0
2024,다나018961,to_in_007,0
2024,다나018961,to_in_008,0
2024,다나018965,to_in_001,5
2024,다나018965,to_in_007,0
2024,다나018965,to_in_008,5
2024,다나018966,to_in_001,8
2024,다나018966,to_in_007,5
2024,다나018966,to_in_008,5
2024,다나018970,to_in_001,13
2024,다나018970,to_in_007,5
2024,다나018970,to_in_008,8
2024,다나018971,to_in_001,5
2024,다나018971,to_in_007,5
2024,다나018971,to_in_008,0
2024,다나018972,to_in_001,272
2024,다나018972,to_in_007,140
2024,다나018972,to_in_008,135
2024,다나018975,to_in_001,8
2024,다나018975,to_in_007,8
2024,다나018975,to_in_008,8
2024,다나018980,to_in_001,5
2024,다나018980,to_in_007,5
2024,다나018980,to_in_008,5
2024,다나018981,to_in_001,23
2024,다나018981,to_in_007,8
2024,다나018981,to_in_008,13
2024,다나018989,to_in_001,5
2024,다나018989,to_in_007,0
2024,다나018989,to_in_008,0
2024,다나018990,to_in_001,23
2024,다나018990,to_in_007,13
2024,다나018990,to_in_008,8
2024,다나018991,to_in_001,33
2024,다나018991,to_in_007,18
2024,다나018991,to_in_008,13
2024,다나018992,to_in_001,5
2024,다나018992,to_in_007,5
2024,다나018992,to_in_008,5
2024,다나018993,to_in_001,0
2024,다나018993,to_in_007,0
2024,다나018993,to_in_008,0
2024,다나019725,to_in_001,5
2024,다나019725,to_in_007,5
2024,다나019725,to_in_008,5
2024,다나019732,to_in_001,8
2024,다나019732,to_in_007,8
2024,다나019732,to_in_008,5
2024,다나019740,to_in_001,8
2024,다나019740,to_in_007,8
2024,다나019740,to_in_008,5
2024,다나019744,to_in_001,0
2024,다나019744,to_in_007,0
2024,다나019744,to_in_008,0
2024,다나019750,to_in_001,5
2024,다나019750,to_in_007,0
2024,다나019750,to_in_008,0
2024,다나022981,to_in_001,18
2024,다나022981,to_in_007,8
2024,다나022981,to_in_008,8
2024,다나022984,to_in_001,108
2024,다나022984,to_in_007,36
2024,다나022984,to_in_008,72
2024,다나022990,to_in_001,34
2024,다나022990,to_in_007,18
2024,다나022990,to_in_008,14
2024,다나022991,to_in_001,28
2024,다나022991,to_in_007,18
2024,다나022991,to_in_008,13
2024,다나022992,to_in_001,5
2024,다나022992,to_in_007,5
2024,다나022992,to_in_008,0
2024,다나022993,to_in_001,134
2024,다나022993,to_in_007,67
2024,다나022993,to_in_008,70
2024,다나022994,to_in_001,72
2024,다나022994,to_in_007,40
2024,다나022994,to_in_008,30
2024,다나022995,to_in_001,0
2024,다나022995,to_in_007,0
2024,다나022995,to_in_008,0
2024,다나023727,to_in_001,5
2024,다나023727,to_in_007,0
2024,다나023727,to_in_008,0
2024,다나023729,to_in_001,13
2024,다나023729,to_in_007,8
2024,다나023729,to_in_008,5
2024,다나023730,to_in_001,5
2024,다나023730,to_in_007,5
2024,다나023730,to_in_008,0
2024,다나023739,to_in_001,5
2024,다나023739,to_in_007,0
2024,다나023739,to_in_008,0
2024,다나023742,to_in_001,5
2024,다나023742,to_in_007,0
2024,다나023742,to_in_008,0
2024,다나023744,to_in_001,5
2024,다나023744,to_in_007,5
2024,다나023744,to_in_008,0
2024,다나023752,to_in_001,5
2024,다나023752,to_in_007,5
2024,다나023752,to_in_008,0
2024,다나023753,to_in_001,13
2024,다나023753,to_in_007,8
2024,다나023753,to_in_008,5
2024,다나023754,to_in_001,5
2024,다나023754,to_in_007,0
2024,다나023754,to_in_008,0
2024,다나023755,to_in_001,5
2024,다나023755,to_in_007,5
2024,다나023755,to_in_008,0
2024,다나023960,to_in_001,5
2024,다나023960,to_in_007,0
2024,다나023960,to_in_008,5
2024,다나023961,to_in_001,5
2024,다나023961,to_in_007,5
2024,다나023961,to_in_008,0
2024,다나023971,to_in_001,0
2024,다나023971,to_in_007,0
2024,다나023971,to_in_008,0
2024,다나023972,to_in_001,5
2024,다나023972,to_in_007,0
2024,다나023972,to_in_008,5
2024,다나023977,to_in_001,0
2024,다나023977,to_in_007,0
2024,다나023977,to_in_008,0
2024,다나023982,to_in_001,0
2024,다나023982,to_in_007,0
2024,다나023982,to_in_008,0
2024,다나023984,to_in_001,5
2024,다나023984,to_in_007,0
2024,다나023984,to_in_008,0
2024,다나023986,to_in_001,18
2024,다나023986,to_in_007,8
2024,다나023986,to_in_008,8
2024,다나023989,to_in_001,23
2024,다나023989,to_in_007,13
2024,다나023989,to_in_008,8
2024,다나023990,to_in_001,33
2024,다나023990,to_in_007,18
2024,다나023990,to_in_008,13
2024,다나023991,to_in_001,23
2024,다나023991,to_in_007,8
2024,다나023991,to_in_008,13
2024,다나023999,to_in_001,0
2024,다나023999,to_in_007,0
2024,다나023999,to_in_008,0
2024,다나024729,to_in_001,5
2024,다나024729,to_in_007,0
2024,다나024729,to_in_008,0
2024,다나024748,to_in_001,8
2024,다나024748,to_in_007,8
2024,다나024748,to_in_008,0
2024,다나024751,to_in_001,8
2024,다나024751,to_in_007,8
2024,다나024751,to_in_008,0
2024,다나024776,to_in_001,8
2024,다나024776,to_in_007,5
2024,다나024776,to_in_008,5
2024,다나024795,to_in_001,5
2024,다나024795,to_in_007,5
2024,다나024795,to_in_008,0
2024,다나024964,to_in_001,8
2024,다나024964,to_in_007,5
2024,다나024964,to_in_008,5
2024,다나024965,to_in_001,5
2024,다나024965,to_in_007,5
2024,다나024965,to_in_008,0
2024,다나024967,to_in_001,24
2024,다나024967,to_in_007,14
2024,다나024967,to_in_008,8
2024,다나024968,to_in_001,28
2024,다나024968,to_in_007,18
2024,다나024968,to_in_008,8
2024,다나024971,to_in_001,23
2024,다나024971,to_in_007,18
2024,다나024971,to_in_008,5
2024,다나024972,to_in_001,0
2024,다나024972,to_in_007,0
2024,다나024972,to_in_008,0
2024,다나024973,to_in_001,23
2024,다나024973,to_in_007,8
2024,다나024973,to_in_008,13
2024,다나031731,to_in_001,13
2024,다나031731,to_in_007,8
2024,다나031731,to_in_008,8
2024,다나031732,to_in_001,23
2024,다나031732,to_in_007,13
2024,다나031732,to_in_008,13
2024,다나031733,to_in_001,5
2024,다나031733,to_in_007,5
2024,다나031733,to_in_008,0
2024,다나031738,to_in_001,8
2024,다나031738,to_in_007,5
2024,다나031738,to_in_008,5
2024,다나031739,to_in_001,5
2024,다나031739,to_in_007,5
2024,다나031739,to_in_008,5
2024,다나031740,to_in_001,13
2024,다나031740,to_in_007,8
2024,다나031740,to_in_008,8
2024,다나031741,to_in_001,5
2024,다나031741,to_in_007,0
2024,다나031741,to_in_008,5
2024,다나031742,to_in_001,43
2024,다나031742,to_in_007,23
2024,다나031742,to_in_008,23
2024,다나031743,to_in_001,43
2024,다나031743,to_in_007,18
2024,다나031743,to_in_008,23
2024,다나031744,to_in_001,28
2024,다나031744,to_in_007,13
2024,다나031744,to_in_008,13
2024,다나031745,to_in_001,8
2024,다나031745,to_in_007,5
2024,다나031745,to_in_008,5
2024,다나031747,to_in_001,8
2024,다나031747,to_in_007,5
2024,다나031747,to_in_008,8
2024,다나031749,to_in_001,5
2024,다나031749,to_in_007,0
2024,다나031749,to_in_008,5
2024,다나031750,to_in_001,0
2024,다나031750,to_in_007,0
2024,다나031750,to_in_008,0
2024,다나031957,to_in_001,5
2024,다나031957,to_in_007,0
2024,다나031957,to_in_008,5
2024,다나031958,to_in_001,18
2024,다나031958,to_in_007,8
2024,다나031958,to_in_008,8
2024,다나031959,to_in_001,38
2024,다나031959,to_in_007,18
2024,다나031959,to_in_008,18
2024,다나031960,to_in_001,28
2024,다나031960,to_in_007,18
2024,다나031960,to_in_008,13
2024,다나031961,to_in_001,8
2024,다나031961,to_in_007,5
2024,다나031961,to_in_008,8
2024,다나031963,to_in_001,13
2024,다나031963,to_in_007,8
2024,다나031963,to_in_008,5
2024,다나031964,to_in_001,18
2024,다나031964,to_in_007,13
2024,다나031964,to_in_008,8
2024,다나031965,to_in_001,18
2024,다나031965,to_in_007,13
2024,다나031965,to_in_008,8
2024,다나031966,to_in_001,5
2024,다나031966,to_in_007,0
2024,다나031966,to_in_008,5
2024,다나031977,to_in_001,5
2024,다나031977,to_in_007,0
2024,다나031977,to_in_008,0
2024,다나031978,to_in_001,0
2024,다나031978,to_in_007,0
2024,다나031978,to_in_008,0
2024,다나031990,to_in_001,18
2024,다나031990,to_in_007,13
2024,다나031990,to_in_008,5
2024,다나031992,to_in_001,18
2024,다나031992,to_in_007,8
2024,다나031992,to_in_008,8
2024,다나032728,to_in_001,18
2024,다나032728,to_in_007,8
2024,다나032728,to_in_008,8
2024,다나032729,to_in_001,5
2024,다나032729,to_in_007,5
2024,다나032729,to_in_008,0
2024,다나033990,to_in_001,5
2024,다나033990,to_in_007,5
2024,다나033990,to_in_008,5
2024,다나033991,to_in_001,101
2024,다나033991,to_in_007,47
2024,다나033991,to_in_008,52
2024,다나033998,to_in_001,5
2024,다나033998,to_in_007,0
2024,다나033998,to_in_008,5
2024,다나033999,to_in_001,24
2024,다나033999,to_in_007,14
2024,다나033999,to_in_008,13
2024,다나034716,to_in_001,0
2024,다나013964,to_in_008,0
2024,다나013966,to_in_001,8
2024,다나013966,to_in_007,8
2024,다나013966,to_in_008,5
2024,다나013967,to_in_001,13
2024,다나013967,to_in_007,8
2024,다나013967,to_in_008,8
2024,다나013968,to_in_001,8
2024,다나013968,to_in_007,5
2024,다나013968,to_in_008,5
2024,다나013969,to_in_001,23
2024,다나013969,to_in_007,13
2024,다나013969,to_in_008,13
2024,다나013970,to_in_001,53
2024,다나013970,to_in_007,28
2024,다나013970,to_in_008,28
2024,다나019751,to_in_001,0
2024,다나019751,to_in_007,0
2024,다나019751,to_in_008,0
2024,다나019752,to_in_001,5
2024,다나019752,to_in_007,0
2024,다나019752,to_in_008,5
2024,다나019756,to_in_001,8
2024,다나019756,to_in_007,5
2024,다나019756,to_in_008,5
2024,다나019760,to_in_001,5
2024,다나019760,to_in_007,5
2024,다나019760,to_in_008,0
2024,다나019761,to_in_001,8
2024,다나019761,to_in_007,5
2024,다나019761,to_in_008,5
2024,다나019765,to_in_001,0
2024,다나019765,to_in_007,0
2024,다나019765,to_in_008,0
2024,다나019969,to_in_001,13
2024,다나019969,to_in_007,8
2024,다나019969,to_in_008,5
2024,다나019970,to_in_001,13
2024,다나019970,to_in_007,8
2024,다나019970,to_in_008,5
2024,다나019971,to_in_001,39
2024,다나019971,to_in_007,18
2024,다나019971,to_in_008,24
2024,다나019972,to_in_001,162
2024,다나019972,to_in_007,75
2024,다나019972,to_in_008,90
2024,다나019973,to_in_001,5
2024,다나019973,to_in_007,0
2024,다나019973,to_in_008,5
2024,다나019980,to_in_001,5
2024,다나019980,to_in_007,5
2024,다나019980,to_in_008,0
2024,다나019981,to_in_001,18
2024,다나019981,to_in_007,8
2024,다나019981,to_in_008,8
2024,다나019982,to_in_001,8
2024,다나019982,to_in_007,8
2024,다나019982,to_in_008,5
2024,다나019989,to_in_001,8
2024,다나019989,to_in_007,5
2024,다나019989,to_in_008,5
2024,다나019990,to_in_001,18
2024,다나019990,to_in_007,8
2024,다나019990,to_in_008,8
2024,다나019991,to_in_001,77
2024,다나019991,to_in_007,41
2024,다나019991,to_in_008,34
2024,다나019992,to_in_001,53
2024,다나019992,to_in_007,23
2024,다나019992,to_in_008,28
2024,다나019994,to_in_001,13
2024,다나019994,to_in_007,8
2024,다나019994,to_in_008,8
2024,다나019997,to_in_001,74
2024,다나019997,to_in_007,39
2024,다나019997,to_in_008,33
2024,다나019999,to_in_001,94
2024,다나019999,to_in_007,47
2024,다나019999,to_in_008,45
2024,다나020728,to_in_001,0
2024,다나020728,to_in_007,0
2024,다나020728,to_in_008,0
2024,다나020731,to_in_001,13
2024,다나020731,to_in_007,8
2024,다나020731,to_in_008,8
2024,다나020734,to_in_001,38
2024,다나020734,to_in_007,23
2024,다나020734,to_in_008,18
2024,다나020740,to_in_001,67
2024,다나020740,to_in_007,29
2024,다나020740,to_in_008,41
2024,다나020750,to_in_001,5
2024,다나020750,to_in_007,0
2024,다나020750,to_in_008,0
2024,다나020751,to_in_001,5
2024,다나020751,to_in_007,0
2024,다나020751,to_in_008,0
2024,다나020752,to_in_001,8
2024,다나020752,to_in_007,8
2024,다나020752,to_in_008,0
2024,다나020754,to_in_001,0
2024,다나020754,to_in_007,0
2024,다나020754,to_in_008,0
2024,다나020757,to_in_001,5
2024,다나020757,to_in_007,5
2024,다나020757,to_in_008,0
2024,다나020760,to_in_001,13
2024,다나020760,to_in_007,8
2024,다나020760,to_in_008,8
2024,다나020761,to_in_001,5
2024,다나020761,to_in_007,0
2024,다나020761,to_in_008,5
2024,다나020762,to_in_001,5
2024,다나020762,to_in_007,0
2024,다나020762,to_in_008,5
2024,다나020959,to_in_001,5
2024,다나020959,to_in_007,0
2024,다나020959,to_in_008,5
2024,다나020968,to_in_001,13
2024,다나020968,to_in_007,8
2024,다나020968,to_in_008,8
2024,다나020970,to_in_001,197
2024,다나020970,to_in_007,96
2024,다나020970,to_in_008,99
2024,다나020971,to_in_001,108
2024,다나020971,to_in_007,52
2024,다나020971,to_in_008,54
2024,다나020973,to_in_001,5
2024,다나020973,to_in_007,5
2024,다나020973,to_in_008,5
2024,다나020974,to_in_001,5
2024,다나020974,to_in_007,5
2024,다나020974,to_in_008,5
2024,다나020980,to_in_001,5
2024,다나020980,to_in_007,0
2024,다나020980,to_in_008,5
2024,다나020981,to_in_001,23
2024,다나020981,to_in_007,13
2024,다나020981,to_in_008,8
2024,다나025975,to_in_001,0
2024,다나025975,to_in_007,0
2024,다나025975,to_in_008,0
2024,다나025976,to_in_001,8
2024,다나025976,to_in_007,8
2024,다나025976,to_in_008,5
2024,다나025977,to_in_001,13
2024,다나025977,to_in_007,5
2024,다나025977,to_in_008,8
2024,다나025987,to_in_001,8
2024,다나025987,to_in_007,5
2024,다나025987,to_in_008,5
2024,다나025988,to_in_001,13
2024,다나025988,to_in_007,13
2024,다나025988,to_in_008,5
2024,다나025989,to_in_001,58
2024,다나025989,to_in_007,28
2024,다나025989,to_in_008,28
2024,다나025990,to_in_001,53
2024,다나025990,to_in_007,28
2024,다나025990,to_in_008,28
2024,다나025991,to_in_001,5
2024,다나025991,to_in_007,5
2024,다나025991,to_in_008,5
2024,다나025992,to_in_001,0
2024,다나025992,to_in_007,0
2024,다나025992,to_in_008,0
2024,다나025993,to_in_001,5
2024,다나025993,to_in_007,0
2024,다나025993,to_in_008,0
2024,다나026727,to_in_001,5
2024,다나026727,to_in_007,0
2024,다나026727,to_in_008,0
2024,다나026728,to_in_001,5
2024,다나026728,to_in_007,0
2024,다나026728,to_in_008,5
2024,다나026730,to_in_001,8
2024,다나026730,to_in_007,5
2024,다나026730,to_in_008,5
2024,다나026739,to_in_001,8
2024,다나026739,to_in_007,5
2024,다나026739,to_in_008,8
2024,다나026741,to_in_001,5
2024,다나026741,to_in_007,5
2024,다나026741,to_in_008,5
2024,다나026747,to_in_001,5
2024,다나026747,to_in_007,0
2024,다나026747,to_in_008,5
2024,다나026748,to_in_001,5
2024,다나026748,to_in_007,0
2024,다나026748,to_in_008,5
2024,다나026957,to_in_001,5
2024,다나026957,to_in_007,5
2024,다나026957,to_in_008,0
2024,다나026959,to_in_001,5
2024,다나026959,to_in_007,5
2024,다나026959,to_in_008,0
2024,다나026960,to_in_001,5
2024,다나026960,to_in_007,5
2024,다나026960,to_in_008,0
2024,다나026961,to_in_001,65
2024,다나026961,to_in_007,28
2024,다나026961,to_in_008,40
2024,다나026963,to_in_001,8
2024,다나026963,to_in_007,5
2024,다나026963,to_in_008,5
2024,다나026964,to_in_001,5
2024,다나026964,to_in_007,5
2024,다나026964,to_in_008,5
2024,다나026968,to_in_001,23
2024,다나026968,to_in_007,13
2024,다나026968,to_in_008,13
2024,다나026970,to_in_001,8
2024,다나026970,to_in_007,5
2024,다나026970,to_in_008,5
2024,다나026971,to_in_001,8
2024,다나026971,to_in_007,5
2024,다나026971,to_in_008,5
2024,다나032730,to_in_001,5
2024,다나032730,to_in_007,5
2024,다나032730,to_in_008,5
2024,다나032731,to_in_001,23
2024,다나032731,to_in_007,8
2024,다나032731,to_in_008,13
2024,다나032732,to_in_001,8
2024,다나032732,to_in_007,5
2024,다나032732,to_in_008,5
2024,다나032738,to_in_001,0
2024,다나032738,to_in_007,0
2024,다나032738,to_in_008,0
2024,다나032739,to_in_001,5
2024,다나032739,to_in_007,0
2024,다나032739,to_in_008,5
2024,다나032740,to_in_001,28
2024,다나032740,to_in_007,13
2024,다나032740,to_in_008,13
2024,다나032741,to_in_001,50
2024,다나032741,to_in_007,30
2024,다나032741,to_in_008,23
2024,다나032742,to_in_001,23
2024,다나032742,to_in_007,13
2024,다나032742,to_in_008,13
2024,다나032743,to_in_001,8
2024,다나032743,to_in_007,5
2024,다나032743,to_in_008,8
2024,다나032744,to_in_001,23
2024,다나032744,to_in_007,13
2024,다나032744,to_in_008,13
2024,다나032745,to_in_001,38
2024,다나032745,to_in_007,18
2024,다나032745,to_in_008,23
2024,다나032746,to_in_001,18
2024,다나032746,to_in_007,8
2024,다나032746,to_in_008,8
2024,다나032747,to_in_001,0
2024,다나032747,to_in_007,0
2024,다나032747,to_in_008,0
2024,다나032748,to_in_001,5
2024,다나032748,to_in_007,5
2024,다나032748,to_in_008,5
2024,다나032750,to_in_001,5
2024,다나032750,to_in_007,0
2024,다나032750,to_in_008,5
2024,다나032958,to_in_001,5
2024,다나032958,to_in_007,5
2024,다나032958,to_in_008,5
2024,다나032959,to_in_001,8
2024,다나032959,to_in_007,5
2024,다나032959,to_in_008,5
2024,다나032960,to_in_001,18
2024,다나032960,to_in_007,8
2024,다나032960,to_in_008,8
2024,다나032961,to_in_001,5
2024,다나032961,to_in_007,0
2024,다나032961,to_in_008,5
2024,다나032962,to_in_001,8
2024,다나032962,to_in_007,5
2024,다나032962,to_in_008,5
2024,다나032963,to_in_001,5
2024,다나032963,to_in_007,5
2024,다나032963,to_in_008,5
2024,다나032964,to_in_001,13
2024,다나032964,to_in_007,8
2024,다나032964,to_in_008,8
2024,다나032965,to_in_001,5
2024,다나032965,to_in_007,0
2024,다나032965,to_in_008,5
2024,다나032968,to_in_001,5
2024,다나032968,to_in_007,0
2024,다나032968,to_in_008,0
2024,다나032975,to_in_001,5
2024,다나032975,to_in_007,0
2024,다나032975,to_in_008,0
2024,다나032976,to_in_001,0
2024,다나033728,to_in_007,0
2024,다나033728,to_in_008,0
2024,다나033731,to_in_001,8
2024,다나033731,to_in_007,5
2024,다나033731,to_in_008,5
2024,다나033732,to_in_001,13
2024,다나033732,to_in_007,8
2024,다나033732,to_in_008,8
2024,다나033733,to_in_001,5
2024,다나033733,to_in_007,5
2024,다나033733,to_in_008,0
2024,다나033740,to_in_001,8
2024,다나033740,to_in_007,8
2024,다나033740,to_in_008,5
2024,다나033741,to_in_001,23
2024,다나033741,to_in_007,8
2024,다나033741,to_in_008,13
2024,다나033742,to_in_001,90
2024,다나033742,to_in_007,40
2024,다나033742,to_in_008,53
2024,다나033743,to_in_001,18
2024,다나033743,to_in_007,8
2024,다나033743,to_in_008,8
2024,다나033744,to_in_001,23
2024,다나033744,to_in_007,8
2024,다나033744,to_in_008,13
2024,다나033745,to_in_001,28
2024,다나033745,to_in_007,13
2024,다나033745,to_in_008,13
2024,다나033746,to_in_001,8
2024,다나033746,to_in_007,5
2024,다나033746,to_in_008,8
2024,다나033748,to_in_001,5
2024,다나033748,to_in_007,0
2024,다나033748,to_in_008,5
2024,다나033758,to_in_001,5
2024,다나033758,to_in_007,0
2024,다나033758,to_in_008,0
2024,다나033770,to_in_001,0
2024,다나033770,to_in_007,0
2024,다나033770,to_in_008,0
2024,다나033771,to_in_001,5
2024,다나033771,to_in_007,0
2024,다나033771,to_in_008,0
2024,다나033778,to_in_001,0
2024,다나033778,to_in_007,0
2024,다나033778,to_in_008,0
2024,다나033956,to_in_001,5
2024,다나033956,to_in_007,5
2024,다나033956,to_in_008,0
2024,다나033958,to_in_001,8
2024,다나033958,to_in_007,5
2024,다나033958,to_in_008,5
2024,다나033959,to_in_001,38
2024,다나033959,to_in_007,18
2024,다나033959,to_in_008,18
2024,다나033960,to_in_001,23
2024,다나033960,to_in_007,13
2024,다나033960,to_in_008,13
2024,다나033961,to_in_001,18
2024,다나033961,to_in_007,5
2024,다나033961,to_in_008,13
2024,다나033962,to_in_001,8
2024,다나033962,to_in_007,8
2024,다나033962,to_in_008,5
2024,다나033965,to_in_001,5
2024,다나033965,to_in_007,5
2024,다나033965,to_in_008,0
2024,다나033967,to_in_001,0
2024,다나033967,to_in_007,0
2024,다나033967,to_in_008,0
2024,다나033969,to_in_001,24
2024,다나033969,to_in_007,5
2024,다나033969,to_in_008,19
2024,다나033973,to_in_001,8
2024,다나033973,to_in_007,5
2024,다나033973,to_in_008,5
2024,다나033974,to_in_001,8
2024,다나033974,to_in_007,5
2024,다나033974,to_in_008,5
2024,다나033979,to_in_001,5
2024,다나033979,to_in_007,0
2024,다나033979,to_in_008,0
2024,다나033986,to_in_001,33
2024,다나033986,to_in_007,23
2024,다나033986,to_in_008,13
2024,다나033989,to_in_001,5
2024,다나033989,to_in_007,5
2024,다나033989,to_in_008,0
2024,다나044989,to_in_001,46
2024,다나044989,to_in_007,23
2024,다나044989,to_in_008,26
2024,다나044991,to_in_001,8
2024,다나044991,to_in_007,8
2024,다나044991,to_in_008,0
2024,다나044992,to_in_001,13
2024,다나044992,to_in_007,8
2024,다나044992,to_in_008,8
2024,다나044993,to_in_001,121
2024,다나044993,to_in_007,61
2024,다나044993,to_in_008,58
2024,다나044994,to_in_001,58
2024,다나044994,to_in_007,28
2024,다나044994,to_in_008,28
2024,다나044995,to_in_001,112
2024,다나044995,to_in_007,55
2024,다나044995,to_in_008,55
2024,다나044996,to_in_001,228
2024,다나044996,to_in_007,111
2024,다나044996,to_in_008,115
2024,다나044997,to_in_001,335
2024,다나044997,to_in_007,150
2024,다나044997,to_in_008,188
2024,다나044998,to_in_001,469
2024,다나044998,to_in_007,239
2024,다나044998,to_in_008,228
2024,다나044999,to_in_001,390
2024,다나044999,to_in_007,183
2024,다나044999,to_in_008,200
2024,다나045713,to_in_001,8
2024,다나045713,to_in_007,5
2024,다나045713,to_in_008,5
2024,다나045718,to_in_001,5
2024,다나045718,to_in_007,0
2024,다나045718,to_in_008,5
2024,다나045719,to_in_001,5
2024,다나045719,to_in_007,5
2024,다나045719,to_in_008,0
2024,다나045720,to_in_001,23
2024,다나045720,to_in_007,13
2024,다나045720,to_in_008,8
2024,다나045721,to_in_001,38
2024,다나045721,to_in_007,18
2024,다나045721,to_in_008,23
2024,다나045722,to_in_001,53
2024,다나045722,to_in_007,28
2024,다나045722,to_in_008,28
2024,다나045723,to_in_001,18
2024,다나045723,to_in_007,8
2024,다나045723,to_in_008,8
2024,다나045728,to_in_001,5
2024,다나045728,to_in_007,5
2024,다나045728,to_in_008,0
2024,다나045734,to_in_001,8
2024,다나045734,to_in_007,8
2024,다나045734,to_in_008,5
2024,다나045735,to_in_001,18
2024,다나045735,to_in_007,8
2024,다나045735,to_in_008,13
2024,다나045736,to_in_001,60
2024,다나045736,to_in_007,28
2024,다나045736,to_in_008,35
2024,다나045737,to_in_001,18
2024,다나045737,to_in_007,8
2024,다나045737,to_in_008,8
2024,다나045738,to_in_001,18
2024,다나045738,to_in_007,8
2024,다나045738,to_in_008,13
2024,다나045739,to_in_001,43
2024,다나045739,to_in_007,23
2024,다나045739,to_in_008,18
2024,다나045740,to_in_001,0
2024,다나045740,to_in_007,0
2024,다나045740,to_in_008,0
2024,다나045747,to_in_001,0
2024,다나045747,to_in_007,0
2024,다나045747,to_in_008,0
2024,다나045750,to_in_001,8
2024,다나045750,to_in_007,8
2024,다나029739,to_in_007,0
2024,다나029739,to_in_008,0
2024,다나029741,to_in_001,0
2024,다나029741,to_in_007,0
2024,다나029741,to_in_008,0
2024,다나029742,to_in_001,8
2024,다나029742,to_in_007,5
2024,다나029742,to_in_008,5
2024,다나029743,to_in_001,60
2024,다나029743,to_in_007,35
2024,다나029743,to_in_008,28
2024,다나029744,to_in_001,58
2024,다나029744,to_in_007,28
2024,다나029744,to_in_008,28
2024,다나029745,to_in_001,13
2024,다나029745,to_in_007,5
2024,다나029745,to_in_008,8
2024,다나029746,to_in_001,18
2024,다나029746,to_in_007,8
2024,다나029746,to_in_008,8
2024,다나029747,to_in_001,13
2024,다나029747,to_in_007,5
2024,다나029747,to_in_008,8
2024,다나029748,to_in_001,8
2024,다나029748,to_in_007,5
2024,다나029748,to_in_008,5
2024,다나029753,to_in_001,5
2024,다나029753,to_in_007,0
2024,다나029753,to_in_008,5
2024,다나029957,to_in_001,5
2024,다나029957,to_in_007,0
2024,다나029957,to_in_008,0
2024,다나029960,to_in_001,5
2024,다나029960,to_in_007,0
2024,다나029960,to_in_008,5
2024,다나029961,to_in_001,18
2024,다나029961,to_in_007,8
2024,다나029961,to_in_008,8
2024,다나029962,to_in_001,13
2024,다나029962,to_in_007,8
2024,다나029962,to_in_008,5
2024,다나029963,to_in_001,43
2024,다나029963,to_in_007,23
2024,다나029963,to_in_008,18
2024,다나029964,to_in_001,38
2024,다나029964,to_in_007,18
2024,다나029964,to_in_008,18
2024,다나029965,to_in_001,5
2024,다나029965,to_in_007,0
2024,다나029965,to_in_008,0
2024,다나029967,to_in_001,5
2024,다나029967,to_in_007,5
2024,다나029967,to_in_008,0
2024,다나029968,to_in_001,5
2024,다나029968,to_in_007,5
2024,다나029968,to_in_008,5
2024,다나029973,to_in_001,5
2024,다나029973,to_in_007,5
2024,다나029973,to_in_008,0
2024,다나029977,to_in_001,8
2024,다나029977,to_in_007,5
2024,다나029977,to_in_008,5
2024,다나029991,to_in_001,5
2024,다나029991,to_in_007,5
2024,다나029991,to_in_008,0
2024,다나029993,to_in_001,18
2024,다나029993,to_in_007,8
2024,다나029993,to_in_008,8
2024,다나029996,to_in_001,5
2024,다나029996,to_in_007,0
2024,다나029996,to_in_008,5
2024,다나030728,to_in_001,8
2024,다나030728,to_in_007,5
2024,다나030728,to_in_008,5
2024,다나030729,to_in_001,65
2024,다나030729,to_in_007,28
2024,다나030729,to_in_008,35
2024,다나030730,to_in_001,48
2024,다나030730,to_in_007,28
2024,다나030730,to_in_008,23
2024,다나030731,to_in_001,28
2024,다나030731,to_in_007,13
2024,다나030731,to_in_008,13
2024,다나030732,to_in_001,13
2024,다나030732,to_in_007,5
2024,다나030732,to_in_008,8
2024,다나030733,to_in_001,8
2024,다나030733,to_in_007,8
2024,다나030733,to_in_008,5
2024,다나030735,to_in_001,5
2024,다나030735,to_in_007,5
2024,다나030735,to_in_008,5
2024,다나035996,to_in_001,13
2024,다나035996,to_in_007,8
2024,다나035996,to_in_008,8
2024,다나035997,to_in_001,33
2024,다나035997,to_in_007,18
2024,다나035997,to_in_008,13
2024,다나035998,to_in_001,5
2024,다나035998,to_in_007,5
2024,다나035998,to_in_008,0
2024,다나036727,to_in_001,0
2024,다나036727,to_in_007,0
2024,다나036727,to_in_008,0
2024,다나036740,to_in_001,0
2024,다나036740,to_in_007,0
2024,다나036740,to_in_008,0
2024,다나036741,to_in_001,5
2024,다나036741,to_in_007,0
2024,다나036741,to_in_008,5
2024,다나036751,to_in_001,5
2024,다나036751,to_in_007,0
2024,다나036751,to_in_008,5
2024,다나036968,to_in_001,8
2024,다나036968,to_in_007,5
2024,다나036968,to_in_008,5
2024,다나036975,to_in_001,5
2024,다나036975,to_in_007,0
2024,다나036975,to_in_008,0
2024,다나036976,to_in_001,5
2024,다나036976,to_in_007,0
2024,다나036976,to_in_008,5
2024,다나036977,to_in_001,8
2024,다나036977,to_in_007,8
2024,다나036977,to_in_008,5
2024,다나036979,to_in_001,8
2024,다나036979,to_in_007,5
2024,다나036979,to_in_008,5
2024,다나036980,to_in_001,13
2024,다나036980,to_in_007,8
2024,다나036980,to_in_008,8
2024,다나036982,to_in_001,8
2024,다나036982,to_in_007,5
2024,다나036982,to_in_008,5
2024,다나036983,to_in_001,8
2024,다나036983,to_in_007,8
2024,다나036983,to_in_008,5
2024,다나036984,to_in_001,83
2024,다나036984,to_in_007,43
2024,다나036984,to_in_008,43
2024,다나036985,to_in_001,8
2024,다나036985,to_in_007,5
2024,다나036985,to_in_008,8
2024,다나036990,to_in_001,8
2024,다나036990,to_in_007,0
2024,다나036990,to_in_008,8
2024,다나036991,to_in_001,8
2024,다나036991,to_in_007,5
2024,다나036991,to_in_008,5
2024,다나036993,to_in_001,5
2024,다나036993,to_in_007,0
2024,다나036993,to_in_008,0
2024,다나036994,to_in_001,5
2024,다나036994,to_in_007,0
2024,다나036994,to_in_008,5
2024,다나036995,to_in_001,58
2024,다나036995,to_in_007,23
2024,다나036995,to_in_008,33
2024,다나036996,to_in_001,64
2024,다나036996,to_in_007,28
2024,다나036996,to_in_008,34
2024,다나036997,to_in_001,93
2024,다나036997,to_in_007,45
2024,다나036997,to_in_008,46
2024,다나036999,to_in_001,23
2024,다나036999,to_in_007,13
2024,다나036999,to_in_008,13
2024,다나037716,to_in_001,8
2024,다나037716,to_in_007,5
2024,다나037716,to_in_008,8
2024,다나037717,to_in_001,8
2024,다나037717,to_in_007,5
2024,다나037717,to_in_008,5
2024,다나037727,to_in_001,5
2024,다나037727,to_in_007,5
2024,다나037727,to_in_008,5
2024,다나037740,to_in_001,0
2024,다나037740,to_in_007,0
2024,다나037740,to_in_008,0
2024,다나037751,to_in_001,0
2024,다나037751,to_in_007,0
2024,다나037751,to_in_008,0
2024,다나037760,to_in_001,0
2024,다나037760,to_in_007,0
2024,다나037760,to_in_008,0
2024,다나037772,to_in_001,5
2024,다나037772,to_in_007,0
2024,다나037772,to_in_008,5
2024,다나041710,to_in_001,8
2024,다나041710,to_in_007,8
2024,다나041710,to_in_008,5
2024,다나041712,to_in_001,5
2024,다나041712,to_in_007,0
2024,다나041712,to_in_008,5
2024,다나041720,to_in_001,8
2024,다나041720,to_in_007,8
2024,다나041720,to_in_008,8
2024,다나041722,to_in_001,5
2024,다나041722,to_in_007,5
2024,다나041722,to_in_008,5
2024,다나041724,to_in_001,13
2024,다나041724,to_in_007,8
2024,다나041724,to_in_008,8
2024,다나041727,to_in_001,0
2024,다나041727,to_in_007,0
2024,다나041727,to_in_008,0
2024,다나041739,to_in_001,8
2024,다나041739,to_in_007,5
2024,다나041739,to_in_008,5
2024,다나041740,to_in_001,104
2024,다나041740,to_in_007,46
2024,다나041740,to_in_008,56
2024,다나041743,to_in_001,5
2024,다나041743,to_in_007,0
2024,다나041743,to_in_008,5
2024,다나041975,to_in_001,13
2024,다나041975,to_in_007,8
2024,다나041975,to_in_008,8
2024,다나041976,to_in_001,18
2024,다나041976,to_in_007,8
2024,다나041976,to_in_008,8
2024,다나041977,to_in_001,5
2024,다나041977,to_in_007,5
2024,다나041977,to_in_008,5
2024,다나041978,to_in_001,13
2024,다나041978,to_in_007,5
2024,다나041978,to_in_008,8
2024,다나041988,to_in_001,28
2024,다나041988,to_in_007,18
2024,다나041988,to_in_008,13
2024,다나041989,to_in_001,13
2024,다나041989,to_in_007,8
2024,다나041989,to_in_008,8
2024,다나041991,to_in_001,5
2024,다나041991,to_in_007,5
2024,다나041991,to_in_008,0
2024,다나041992,to_in_001,133
2024,다나041992,to_in_007,69
2024,다나041992,to_in_008,62
2024,다나041993,to_in_001,45
2024,다나041993,to_in_007,28
2024,다나041993,to_in_008,20
2024,다나041994,to_in_001,48
2024,다나041994,to_in_007,23
2024,다나041994,to_in_008,23
2024,다나041995,to_in_001,23
2024,다나041995,to_in_007,13
2024,다나041995,to_in_008,13
2024,다나041996,to_in_001,163
2024,다나041996,to_in_007,80
2024,다나041996,to_in_008,81
2024,다나041997,to_in_001,235
2024,다나041997,to_in_007,116
2024,다나041997,to_in_008,117
2024,다나041998,to_in_001,281
2024,다나041998,to_in_007,149
2024,다나041998,to_in_008,130
2024,다나042720,to_in_001,8
2024,다나042720,to_in_007,5
2024,다나042720,to_in_008,5
2024,다나042724,to_in_001,5
2024,다나042724,to_in_007,0
2024,다나042724,to_in_008,5
2024,다나042728,to_in_001,5
2024,다나042728,to_in_007,0
2024,다나042728,to_in_008,5
2024,다나042729,to_in_001,0
2024,다나042729,to_in_007,0
2024,다나042729,to_in_008,0
2024,다나042734,to_in_001,5
2024,다나042734,to_in_007,0
2024,다나042734,to_in_008,0
2024,다나042736,to_in_001,8
2024,다나042736,to_in_007,5
2024,다나042736,to_in_008,5
2024,다나046735,to_in_001,23
2024,다나046735,to_in_007,13
2024,다나046735,to_in_008,13
2024,다나046736,to_in_001,28
2024,다나046736,to_in_007,13
2024,다나046736,to_in_008,13
2024,다나046737,to_in_001,18
2024,다나046737,to_in_007,13
2024,다나046737,to_in_008,8
2024,다나046948,to_in_001,5
2024,다나046948,to_in_007,5
2024,다나046948,to_in_008,0
2024,다나046952,to_in_001,13
2024,다나046952,to_in_007,13
2024,다나046952,to_in_008,0
2024,다나046982,to_in_001,5
2024,다나046982,to_in_007,0
2024,다나046982,to_in_008,5
2024,다나027977,to_in_007,0
2024,다나027977,to_in_008,0
2024,다나027982,to_in_001,5
2024,다나027982,to_in_007,5
2024,다나027982,to_in_008,0
2024,다나027985,to_in_001,0
2024,다나027985,to_in_007,0
2024,다나027985,to_in_008,0
2024,다나027987,to_in_001,63
2024,다나027987,to_in_007,29
2024,다나027987,to_in_008,32
2024,다나027988,to_in_001,0
2024,다나027988,to_in_007,0
2024,다나027988,to_in_008,0
2024,다나027989,to_in_001,5
2024,다나027989,to_in_007,5
2024,다나027989,to_in_008,0
2024,다나027991,to_in_001,8
2024,다나027991,to_in_007,8
2024,다나027991,to_in_008,0
2024,다나027993,to_in_001,5
2024,다나027993,to_in_007,0
2024,다나027993,to_in_008,0
2024,다나027997,to_in_001,8
2024,다나027997,to_in_007,5
2024,다나027997,to_in_008,5
2024,다나028729,to_in_001,8
2024,다나028729,to_in_007,5
2024,다나028729,to_in_008,5
2024,다나028741,to_in_001,13
2024,다나028741,to_in_007,8
2024,다나028741,to_in_008,8
2024,다나028742,to_in_001,8
2024,다나028742,to_in_007,5
2024,다나028742,to_in_008,5
2024,다나028743,to_in_001,13
2024,다나028743,to_in_007,8
2024,다나028743,to_in_008,8
2024,다나028744,to_in_001,18
2024,다나028744,to_in_007,8
2024,다나028744,to_in_008,8
2024,다나028745,to_in_001,13
2024,다나028745,to_in_007,8
2024,다나028745,to_in_008,8
2024,다나028746,to_in_001,13
2024,다나028746,to_in_007,5
2024,다나028746,to_in_008,13
2024,다나034987,to_in_001,105
2024,다나034987,to_in_007,48
2024,다나034987,to_in_008,55
2024,다나034990,to_in_001,5
2024,다나034990,to_in_007,5
2024,다나034990,to_in_008,0
2024,다나034991,to_in_001,48
2024,다나034991,to_in_007,28
2024,다나034991,to_in_008,23
2024,다나034998,to_in_001,8
2024,다나034998,to_in_007,5
2024,다나034998,to_in_008,5
2024,다나035730,to_in_001,8
2024,다나035730,to_in_007,5
2024,다나035730,to_in_008,5
2024,다나035732,to_in_001,5
2024,다나035732,to_in_007,0
2024,다나035732,to_in_008,0
2024,다나035739,to_in_001,0
2024,다나035739,to_in_007,0
2024,다나035739,to_in_008,0
2024,다나035740,to_in_001,5
2024,다나035740,to_in_007,0
2024,다나035740,to_in_008,5
2024,다나035741,to_in_001,8
2024,다나035741,to_in_007,5
2024,다나035741,to_in_008,5
2024,다나035744,to_in_001,5
2024,다나035744,to_in_007,0
2024,다나035744,to_in_008,5
2024,다나035745,to_in_001,0
2024,다나035745,to_in_007,0
2024,다나035745,to_in_008,0
2024,다나035747,to_in_001,0
2024,다나035747,to_in_007,0
2024,다나035747,to_in_008,0
2024,다나035753,to_in_001,8
2024,다나035753,to_in_007,5
2024,다나035753,to_in_008,5
2024,다나035966,to_in_001,5
2024,다나035966,to_in_007,5
2024,다나035966,to_in_008,5
2024,다나035967,to_in_001,8
2024,다나035967,to_in_007,5
2024,다나035967,to_in_008,8
2024,다나035973,to_in_001,0
2024,다나035973,to_in_007,0
2024,다나035973,to_in_008,0
2024,다나035974,to_in_001,0
2024,다나035974,to_in_007,0
2024,다나035974,to_in_008,0
2024,다나035977,to_in_001,23
2024,다나035977,to_in_007,13
2024,다나035977,to_in_008,13
2024,다나035978,to_in_001,8
2024,다나035978,to_in_007,5
2024,다나035978,to_in_008,5
2024,다나035983,to_in_001,8
2024,다나035983,to_in_007,5
2024,다나035983,to_in_008,0
2024,다나035984,to_in_001,28
2024,다나035984,to_in_007,13
2024,다나035984,to_in_008,18
2024,다나035985,to_in_001,63
2024,다나035985,to_in_007,33
2024,다나035985,to_in_008,28
2024,다나035986,to_in_001,120
2024,다나035986,to_in_007,61
2024,다나035986,to_in_008,62
2024,다나035987,to_in_001,178
2024,다나035987,to_in_007,93
2024,다나035987,to_in_008,83
2024,다나035989,to_in_001,101
2024,다나035989,to_in_007,50
2024,다나035989,to_in_008,49
2024,다나035990,to_in_001,28
2024,다나035990,to_in_007,13
2024,다나035990,to_in_008,18
2024,다나035994,to_in_001,0
2024,다나035994,to_in_007,0
2024,다나035994,to_in_008,0
2024,다나035995,to_in_001,23
2024,다나035995,to_in_007,13
2024,다나035995,to_in_008,8
2024,다나039993,to_in_001,13
2024,다나039993,to_in_007,8
2024,다나039993,to_in_008,5
2024,다나039994,to_in_001,5
2024,다나039994,to_in_007,5
2024,다나039994,to_in_008,5
2024,다나039995,to_in_001,80
2024,다나039995,to_in_007,38
2024,다나039995,to_in_008,45
2024,다나039996,to_in_001,60
2024,다나039996,to_in_007,30
2024,다나039996,to_in_008,28
2024,다나039997,to_in_001,18
2024,다나039997,to_in_007,8
2024,다나039997,to_in_008,13
2024,다나039998,to_in_001,28
2024,다나039998,to_in_007,13
2024,다나039998,to_in_008,13
2024,다나039999,to_in_001,18
2024,다나039999,to_in_007,8
2024,다나039999,to_in_008,13
2024,다나040730,to_in_001,5
2024,다나040730,to_in_007,0
2024,다나040730,to_in_008,0
2024,다나040731,to_in_001,5
2024,다나040731,to_in_007,0
2024,다나040731,to_in_008,0
2024,다나040740,to_in_001,13
2024,다나040740,to_in_007,8
2024,다나040740,to_in_008,8
2024,다나040741,to_in_001,5
2024,다나040741,to_in_007,0
2024,다나040741,to_in_008,5
2024,다나040744,to_in_001,8
2024,다나040744,to_in_007,5
2024,다나040744,to_in_008,5
2024,다나040745,to_in_001,0
2024,다나040745,to_in_007,0
2024,다나040745,to_in_008,0
2024,다나040746,to_in_001,5
2024,다나040746,to_in_007,0
2024,다나040746,to_in_008,0
2024,다나040976,to_in_001,44
2024,다나040976,to_in_007,24
2024,다나040976,to_in_008,18
2024,다나040977,to_in_001,43
2024,다나040977,to_in_007,23
2024,다나040977,to_in_008,18
2024,다나040978,to_in_001,78
2024,다나040978,to_in_007,41
2024,다나040978,to_in_008,40
2024,다나040979,to_in_001,54
2024,다나040979,to_in_007,29
2024,다나040979,to_in_008,28
2024,다나040980,to_in_001,5
2024,다나040980,to_in_007,0
2024,다나040980,to_in_008,5
2024,다나040981,to_in_001,48
2024,다나040981,to_in_007,23
2024,다나040981,to_in_008,23
2024,다나040982,to_in_001,23
2024,다나040982,to_in_007,13
2024,다나040982,to_in_008,13
2024,다나040990,to_in_001,18
2024,다나040990,to_in_007,8
2024,다나040990,to_in_008,13
2024,다나040992,to_in_001,33
2024,다나040992,to_in_007,18
2024,다나040992,to_in_008,18
2024,다나040993,to_in_001,8
2024,다나040993,to_in_007,8
2024,다나040993,to_in_008,5
2024,다나040994,to_in_001,8
2024,다나040994,to_in_007,5
2024,다나040994,to_in_008,5
2024,다나040995,to_in_001,59
2024,다나040995,to_in_007,29
2024,다나040995,to_in_008,28
2024,다나040996,to_in_001,78
2024,다나040996,to_in_007,43
2024,다나040996,to_in_008,38
2024,다나040997,to_in_001,158
2024,다나040997,to_in_007,77
2024,다나040997,to_in_008,84
2024,다나040998,to_in_001,159
2024,다나040998,to_in_007,83
2024,다나040998,to_in_008,79
2024,다나040999,to_in_001,48
2024,다나040999,to_in_007,23
2024,다나040999,to_in_008,23
2024,다나043997,to_in_001,5
2024,다나043997,to_in_007,0
2024,다나043997,to_in_008,0
2024,다나044711,to_in_001,0
2024,다나044711,to_in_007,0
2024,다나044711,to_in_008,0
2024,다나044712,to_in_001,8
2024,다나044712,to_in_007,8
2024,다나044712,to_in_008,0
2024,다나044715,to_in_001,0
2024,다나044715,to_in_007,0
2024,다나044715,to_in_008,0
2024,다나044717,to_in_001,8
2024,다나044717,to_in_007,5
2024,다나044717,to_in_008,5
2024,다나044720,to_in_001,38
2024,다나044720,to_in_007,18
2024,다나044720,to_in_008,18
2024,다나044721,to_in_001,68
2024,다나044721,to_in_007,38
2024,다나044721,to_in_008,28
2024,다나044722,to_in_001,23
2024,다나044722,to_in_007,13
2024,다나044722,to_in_008,13
2024,다나044723,to_in_001,18
2024,다나044723,to_in_007,8
2024,다나044723,to_in_008,13
2024,다나044724,to_in_001,5
2024,다나044724,to_in_007,0
2024,다나044724,to_in_008,0
2024,다나044725,to_in_001,5
2024,다나044725,to_in_007,5
2024,다나044725,to_in_008,0
2024,다나044735,to_in_001,18
2024,다나044735,to_in_007,8
2024,다나044735,to_in_008,8
2024,다나044736,to_in_001,28
2024,다나044736,to_in_007,13
2024,다나044736,to_in_008,13
2024,다나044737,to_in_001,64
2024,다나044737,to_in_007,29
2024,다나044737,to_in_008,33
2024,다나044738,to_in_001,33
2024,다나044738,to_in_007,18
2024,다나044738,to_in_008,13
2024,다나044739,to_in_001,33
2024,다나044739,to_in_007,18
2024,다나044739,to_in_008,13
2024,다나044740,to_in_001,13
2024,다나044740,to_in_007,8
2024,다나044740,to_in_008,5
2024,다나044741,to_in_001,8
2024,다나044741,to_in_007,8
2024,다나044741,to_in_008,5
2024,다나044955,to_in_001,5
2024,다나044955,to_in_007,0
2024,다나044955,to_in_008,5
2024,다나044963,to_in_001,5
2024,다나044963,to_in_007,0
2024,다나044963,to_in_008,5
2024,다나044966,to_in_001,8
2024,다나044966,to_in_007,5
2024,다나044966,to_in_008,5
2024,다나044968,to_in_001,5
2024,다나044968,to_in_007,5
2024,다나044968,to_in_008,0
2024,다나044969,to_in_001,5
2024,다나044969,to_in_007,5
2024,다나044969,to_in_008,0
2024,다나044979,to_in_001,5
2024,다나044979,to_in_007,0
2024,다나044979,to_in_008,5
2024,다나034716,to_in_007,0
2024,다나034716,to_in_008,0
2024,다나034717,to_in_001,5
2024,다나034717,to_in_007,0
2024,다나034717,to_in_008,5
2024,다나034721,to_in_001,0
2024,다나034721,to_in_007,0
2024,다나034721,to_in_008,0
2024,다나034728,to_in_001,5
2024,다나034728,to_in_007,5
2024,다나034728,to_in_008,5
2024,다나034729,to_in_001,5
2024,다나034729,to_in_007,5
2024,다나034729,to_in_008,0
2024,다나034731,to_in_001,8
2024,다나034731,to_in_007,5
2024,다나034731,to_in_008,5
2024,다나034732,to_in_001,18
2024,다나034732,to_in_007,8
2024,다나034732,to_in_008,13
2024,다나034736,to_in_001,5
2024,다나034736,to_in_007,5
2024,다나034736,to_in_008,0
2024,다나034740,to_in_001,8
2024,다나034740,to_in_007,8
2024,다나034740,to_in_008,5
2024,다나034742,to_in_001,82
2024,다나034742,to_in_007,40
2024,다나034742,to_in_008,45
2024,다나034743,to_in_001,13
2024,다나034743,to_in_007,8
2024,다나034743,to_in_008,5
2024,다나034744,to_in_001,13
2024,다나034744,to_in_007,8
2024,다나034744,to_in_008,8
2024,다나034745,to_in_001,8
2024,다나034745,to_in_007,5
2024,다나034745,to_in_008,8
2024,다나034748,to_in_001,5
2024,다나034748,to_in_007,5
2024,다나034748,to_in_008,5
2024,다나034955,to_in_001,8
2024,다나034955,to_in_007,5
2024,다나034955,to_in_008,8
2024,다나034956,to_in_001,5
2024,다나034956,to_in_007,5
2024,다나034956,to_in_008,0
2024,다나034957,to_in_001,18
2024,다나034957,to_in_007,8
2024,다나034957,to_in_008,8
2024,다나034959,to_in_001,24
2024,다나034959,to_in_007,14
2024,다나034959,to_in_008,8
2024,다나034967,to_in_001,0
2024,다나034967,to_in_007,0
2024,다나034967,to_in_008,0
2024,다나034973,to_in_001,5
2024,다나034973,to_in_007,0
2024,다나034973,to_in_008,5
2024,다나034981,to_in_001,0
2024,다나034981,to_in_007,0
2024,다나034981,to_in_008,0
2024,다나034984,to_in_001,8
2024,다나034984,to_in_007,5
2024,다나034984,to_in_008,8
2024,다나034985,to_in_001,43
2024,다나034985,to_in_007,23
2024,다나034985,to_in_008,18
2024,다나034986,to_in_001,139
2024,다나034986,to_in_007,67
2024,다나034986,to_in_008,70
2024,다나038980,to_in_001,33
2024,다나038980,to_in_007,18
2024,다나038980,to_in_008,18
2024,다나038981,to_in_001,33
2024,다나038981,to_in_007,18
2024,다나038981,to_in_008,18
2024,다나038982,to_in_001,43
2024,다나038982,to_in_007,23
2024,다나038982,to_in_008,23
2024,다나038983,to_in_001,5
2024,다나038983,to_in_007,5
2024,다나038983,to_in_008,5
2024,다나038986,to_in_001,8
2024,다나038986,to_in_007,5
2024,다나038986,to_in_008,8
2024,다나038987,to_in_001,48
2024,다나038987,to_in_007,23
2024,다나038987,to_in_008,28
2024,다나038988,to_in_001,75
2024,다나038988,to_in_007,44
2024,다나038988,to_in_008,29
2024,다나038989,to_in_001,81
2024,다나038989,to_in_007,43
2024,다나038989,to_in_008,36
2024,다나038990,to_in_001,5
2024,다나038990,to_in_007,0
2024,다나038990,to_in_008,0
2024,다나038991,to_in_001,0
2024,다나038991,to_in_007,0
2024,다나038991,to_in_008,0
2024,다나038992,to_in_001,8
2024,다나038992,to_in_007,5
2024,다나038992,to_in_008,5
2024,다나038993,to_in_001,13
2024,다나038993,to_in_007,8
2024,다나038993,to_in_008,5
2024,다나038994,to_in_001,93
2024,다나038994,to_in_007,44
2024,다나038994,to_in_008,47
2024,다나038995,to_in_001,137
2024,다나038995,to_in_007,69
2024,다나038995,to_in_008,66
2024,다나038996,to_in_001,28
2024,다나038996,to_in_007,13
2024,다나038996,to_in_008,18
2024,다나038997,to_in_001,116
2024,다나038997,to_in_007,56
2024,다나038997,to_in_008,58
2024,다나038998,to_in_001,149
2024,다나038998,to_in_007,73
2024,다나038998,to_in_008,74
2024,다나038999,to_in_001,71
2024,다나038999,to_in_007,39
2024,다나038999,to_in_008,35
2024,다나039718,to_in_001,0
2024,다나039718,to_in_007,0
2024,다나039718,to_in_008,0
2024,다나039720,to_in_001,0
2024,다나039720,to_in_007,0
2024,다나039720,to_in_008,0
2024,다나039727,to_in_001,0
2024,다나039727,to_in_007,0
2024,다나039727,to_in_008,0
2024,다나039977,to_in_001,28
2024,다나039977,to_in_007,13
2024,다나039977,to_in_008,13
2024,다나039978,to_in_001,86
2024,다나039978,to_in_007,42
2024,다나039978,to_in_008,47
2024,다나039979,to_in_001,71
2024,다나039979,to_in_007,33
2024,다나039979,to_in_008,41
2024,다나039980,to_in_001,96
2024,다나039980,to_in_007,50
2024,다나039980,to_in_008,49
2024,다나039981,to_in_001,23
2024,다나039981,to_in_007,13
2024,다나039981,to_in_008,13
2024,다나039982,to_in_001,18
2024,다나039982,to_in_007,8
2024,다나039982,to_in_008,8
2024,다나039983,to_in_001,5
2024,다나039983,to_in_007,5
2024,다나039983,to_in_008,0
2024,다나039986,to_in_001,5
2024,다나039986,to_in_007,5
2024,다나039986,to_in_008,0
2024,다나039987,to_in_001,8
2024,다나039987,to_in_007,5
2024,다나039987,to_in_008,5
2024,다나039990,to_in_001,8
2024,다나039990,to_in_007,8
2024,다나039990,to_in_008,5
2024,다나039991,to_in_001,18
2024,다나039991,to_in_007,8
2024,다나039991,to_in_008,8
2024,다나039992,to_in_001,97
2024,다나039992,to_in_007,47
2024,다나039992,to_in_008,48
2024,다나043724,to_in_001,5
2024,다나043724,to_in_007,0
2024,다나043724,to_in_008,5
2024,다나043734,to_in_001,5
2024,다나043734,to_in_007,5
2024,다나043734,to_in_008,5
2024,다나043735,to_in_001,0
2024,다나043735,to_in_007,0
2024,다나043735,to_in_008,0
2024,다나043736,to_in_001,5
2024,다나043736,to_in_007,0
2024,다나043736,to_in_008,5
2024,다나043737,to_in_001,8
2024,다나043737,to_in_007,5
2024,다나043737,to_in_008,5
2024,다나043738,to_in_001,28
2024,다나043738,to_in_007,13
2024,다나043738,to_in_008,13
2024,다나043739,to_in_001,28
2024,다나043739,to_in_007,13
2024,다나043739,to_in_008,18
2024,다나043740,to_in_001,23
2024,다나043740,to_in_007,13
2024,다나043740,to_in_008,13
2024,다나043744,to_in_001,5
2024,다나043744,to_in_007,5
2024,다나043744,to_in_008,0
2024,다나043753,to_in_001,0
2024,다나043753,to_in_007,0
2024,다나043753,to_in_008,0
2024,다나043757,to_in_001,5
2024,다나043757,to_in_007,5
2024,다나043757,to_in_008,0
2024,다나043948,to_in_001,5
2024,다나043948,to_in_007,5
2024,다나043948,to_in_008,5
2024,다나043961,to_in_001,13
2024,다나043961,to_in_007,8
2024,다나043961,to_in_008,8
2024,다나043970,to_in_001,5
2024,다나043970,to_in_007,0
2024,다나043970,to_in_008,0
2024,다나043975,to_in_001,63
2024,다나043975,to_in_007,33
2024,다나043975,to_in_008,33
2024,다나043976,to_in_001,18
2024,다나043976,to_in_007,8
2024,다나043976,to_in_008,8
2024,다나043985,to_in_001,13
2024,다나043985,to_in_007,8
2024,다나043985,to_in_008,5
2024,다나043986,to_in_001,8
2024,다나043986,to_in_007,8
2024,다나043986,to_in_008,8
2024,다나043988,to_in_001,28
2024,다나043988,to_in_007,13
2024,다나043988,to_in_008,13
2024,다나043990,to_in_001,13
2024,다나043990,to_in_007,5
2024,다나043990,to_in_008,8
2024,다나043991,to_in_001,13
2024,다나043991,to_in_007,8
2024,다나043991,to_in_008,8
2024,다나043992,to_in_001,5
2024,다나043992,to_in_007,5
2024,다나043992,to_in_008,5
2024,다나043993,to_in_001,28
2024,다나043993,to_in_007,18
2024,다나043993,to_in_008,8
2024,다나043994,to_in_001,133
2024,다나043994,to_in_007,71
2024,다나043994,to_in_008,60
2024,다나043995,to_in_001,409
2024,다나043995,to_in_007,179
2024,다나043995,to_in_008,233
2024,다나043996,to_in_001,203
2024,다나043996,to_in_007,105
2024,다나043996,to_in_008,96
2024,다나048719,to_in_001,5
2024,다나048719,to_in_007,5
2024,다나048719,to_in_008,0
2024,다나048720,to_in_001,48
2024,다나048720,to_in_007,28
2024,다나048720,to_in_008,18
2024,다나048721,to_in_001,28
2024,다나048721,to_in_007,13
2024,다나048721,to_in_008,18
2024,다나048722,to_in_001,38
2024,다나048722,to_in_007,18
2024,다나048722,to_in_008,18
2024,다나048723,to_in_001,58
2024,다나048723,to_in_007,33
2024,다나048723,to_in_008,23
2024,다나048724,to_in_001,13
2024,다나048724,to_in_007,8
2024,다나048724,to_in_008,5
2024,다나048725,to_in_001,5
2024,다나048725,to_in_007,5
2024,다나048725,to_in_008,5
2024,다나048729,to_in_001,5
2024,다나048729,to_in_007,0
2024,다나048729,to_in_008,5
2024,다나048739,to_in_001,5
2024,다나048739,to_in_007,5
2024,다나048739,to_in_008,5
2024,다나048740,to_in_001,0
2024,다나048740,to_in_007,0
2024,다나048740,to_in_008,0
2024,다나048742,to_in_001,8
2024,다나048742,to_in_007,5
2024,다나048742,to_in_008,5
2024,다나048743,to_in_001,5
2024,다나048743,to_in_007,0
2024,다나048743,to_in_008,5
2024,다나048744,to_in_001,8
2024,다나048744,to_in_007,8
2024,다나048744,to_in_008,0
2024,다나048745,to_in_001,0
2024,다나048745,to_in_007,0
2024,다나048745,to_in_008,0
2024,다나048947,to_in_001,18
2024,다나048947,to_in_007,8
2024,다나048947,to_in_008,8
2024,다나032976,to_in_007,0
2024,다나032976,to_in_008,0
2024,다나032988,to_in_001,5
2024,다나032988,to_in_007,5
2024,다나032988,to_in_008,0
2024,다나032989,to_in_001,58
2024,다나032989,to_in_007,28
2024,다나032989,to_in_008,28
2024,다나032991,to_in_001,147
2024,다나032991,to_in_007,69
2024,다나032991,to_in_008,76
2024,다나032992,to_in_001,160
2024,다나032992,to_in_007,79
2024,다나032992,to_in_008,79
2024,다나032999,to_in_001,123
2024,다나032999,to_in_007,64
2024,다나032999,to_in_008,57
2024,다나037970,to_in_001,18
2024,다나037970,to_in_007,8
2024,다나037970,to_in_008,8
2024,다나037971,to_in_001,23
2024,다나037971,to_in_007,8
2024,다나037971,to_in_008,13
2024,다나037972,to_in_001,13
2024,다나037972,to_in_007,8
2024,다나037972,to_in_008,8
2024,다나037973,to_in_001,5
2024,다나037973,to_in_007,5
2024,다나037973,to_in_008,5
2024,다나037976,to_in_001,5
2024,다나037976,to_in_007,0
2024,다나037976,to_in_008,5
2024,다나037978,to_in_001,5
2024,다나037978,to_in_007,5
2024,다나037978,to_in_008,0
2024,다나037979,to_in_001,38
2024,다나037979,to_in_007,23
2024,다나037979,to_in_008,18
2024,다나037980,to_in_001,8
2024,다나037980,to_in_007,8
2024,다나037980,to_in_008,5
2024,다나037981,to_in_001,89
2024,다나037981,to_in_007,49
2024,다나037981,to_in_008,43
2024,다나037982,to_in_001,78
2024,다나037982,to_in_007,43
2024,다나037982,to_in_008,33
2024,다나037983,to_in_001,5
2024,다나037983,to_in_007,0
2024,다나037983,to_in_008,0
2024,다나037984,to_in_001,5
2024,다나037984,to_in_007,5
2024,다나037984,to_in_008,5
2024,다나037988,to_in_001,18
2024,다나037988,to_in_007,8
2024,다나037988,to_in_008,8
2024,다나037990,to_in_001,13
2024,다나037990,to_in_007,5
2024,다나037990,to_in_008,8
2024,다나037992,to_in_001,5
2024,다나037992,to_in_007,5
2024,다나037992,to_in_008,5
2024,다나037995,to_in_001,92
2024,다나037995,to_in_007,48
2024,다나037995,to_in_008,47
2024,다나037996,to_in_001,101
2024,다나037996,to_in_007,50
2024,다나037996,to_in_008,54
2024,다나037997,to_in_001,98
2024,다나037997,to_in_007,46
2024,다나037997,to_in_008,55
2024,다나037998,to_in_001,28
2024,다나037998,to_in_007,13
2024,다나037998,to_in_008,18
2024,다나038727,to_in_001,0
2024,다나038727,to_in_007,0
2024,다나038727,to_in_008,0
2024,다나038731,to_in_001,5
2024,다나038731,to_in_007,5
2024,다나038731,to_in_008,0
2024,다나038733,to_in_001,5
2024,다나038733,to_in_007,0
2024,다나038733,to_in_008,5
2024,다나038738,to_in_001,8
2024,다나038738,to_in_007,5
2024,다나038738,to_in_008,5
2024,다나038739,to_in_001,5
2024,다나038739,to_in_007,5
2024,다나038739,to_in_008,0
2024,다나038970,to_in_001,8
2024,다나038970,to_in_007,5
2024,다나038970,to_in_008,5
2024,다나038971,to_in_001,8
2024,다나038971,to_in_007,8
2024,다나038971,to_in_008,5
2024,다나038972,to_in_001,13
2024,다나038972,to_in_007,8
2024,다나038972,to_in_008,8
2024,다나038973,to_in_001,5
2024,다나038973,to_in_007,5
2024,다나038973,to_in_008,0
2024,다나038977,to_in_001,13
2024,다나038977,to_in_007,8
2024,다나038977,to_in_008,8
2024,다나038978,to_in_001,33
2024,다나038978,to_in_007,13
2024,다나038978,to_in_008,23
2024,다나038979,to_in_001,5
2024,다나038979,to_in_007,5
2024,다나038979,to_in_008,0
2024,다나042739,to_in_001,5
2024,다나042739,to_in_007,0
2024,다나042739,to_in_008,5
2024,다나042740,to_in_001,18
2024,다나042740,to_in_007,8
2024,다나042740,to_in_008,8
2024,다나042741,to_in_001,13
2024,다나042741,to_in_007,8
2024,다나042741,to_in_008,8
2024,다나042748,to_in_001,5
2024,다나042748,to_in_007,5
2024,다나042748,to_in_008,0
2024,다나042971,to_in_001,5
2024,다나042971,to_in_007,5
2024,다나042971,to_in_008,0
2024,다나042975,to_in_001,23
2024,다나042975,to_in_007,13
2024,다나042975,to_in_008,13
2024,다나042976,to_in_001,8
2024,다나042976,to_in_007,5
2024,다나042976,to_in_008,5
2024,다나042978,to_in_001,13
2024,다나042978,to_in_007,5
2024,다나042978,to_in_008,8
2024,다나042983,to_in_001,5
2024,다나042983,to_in_007,0
2024,다나042983,to_in_008,5
2024,다나042985,to_in_001,69
2024,다나042985,to_in_007,34
2024,다나042985,to_in_008,33
2024,다나042986,to_in_001,28
2024,다나042986,to_in_007,13
2024,다나042986,to_in_008,18
2024,다나042989,to_in_001,8
2024,다나042989,to_in_007,5
2024,다나042989,to_in_008,5
2024,다나042990,to_in_001,48
2024,다나042990,to_in_007,23
2024,다나042990,to_in_008,23
2024,다나042991,to_in_001,122
2024,다나042991,to_in_007,56
2024,다나042991,to_in_008,64
2024,다나042992,to_in_001,5
2024,다나042992,to_in_007,5
2024,다나042992,to_in_008,0
2024,다나042993,to_in_001,75
2024,다나042993,to_in_007,35
2024,다나042993,to_in_008,38
2024,다나042994,to_in_001,28
2024,다나042994,to_in_007,13
2024,다나042994,to_in_008,13
2024,다나042995,to_in_001,159
2024,다나042995,to_in_007,83
2024,다나042995,to_in_008,79
2024,다나042996,to_in_001,232
2024,다나042996,to_in_007,128
2024,다나042996,to_in_008,107
2024,다나042997,to_in_001,275
2024,다나042997,to_in_007,138
2024,다나042997,to_in_008,140
2024,다나042998,to_in_001,139
2024,다나042998,to_in_007,63
2024,다나042998,to_in_008,79
2024,다나042999,to_in_001,126
2024,다나042999,to_in_007,57
2024,다나042999,to_in_008,67
2024,다나043711,to_in_001,0
2024,다나043711,to_in_007,0
2024,다나043711,to_in_008,0
2024,다나043720,to_in_001,97
2024,다나043720,to_in_007,67
2024,다나043720,to_in_008,28
2024,다나043721,to_in_001,23
2024,다나043721,to_in_007,13
2024,다나043721,to_in_008,13
2024,다나043722,to_in_001,8
2024,다나043722,to_in_007,5
2024,다나043722,to_in_008,5
2024,다나043723,to_in_001,5
2024,다나043723,to_in_007,5
2024,다나043723,to_in_008,5
2024,다나045974,to_in_001,8
2024,다나045974,to_in_007,8
2024,다나045974,to_in_008,5
2024,다나045975,to_in_001,5
2024,다나045975,to_in_007,5
2024,다나045975,to_in_008,0
2024,다나045983,to_in_001,13
2024,다나045983,to_in_007,8
2024,다나045983,to_in_008,5
2024,다나045984,to_in_001,5
2024,다나045984,to_in_007,5
2024,다나045984,to_in_008,5
2024,다나045985,to_in_001,0
2024,다나045985,to_in_007,0
2024,다나045985,to_in_008,0
2024,다나045986,to_in_001,43
2024,다나045986,to_in_007,28
2024,다나045986,to_in_008,18
2024,다나045987,to_in_001,8
2024,다나045987,to_in_007,5
2024,다나045987,to_in_008,8
2024,다나045988,to_in_001,28
2024,다나045988,to_in_007,18
2024,다나045988,to_in_008,13
2024,다나045990,to_in_001,0
2024,다나045990,to_in_007,0
2024,다나045990,to_in_008,0
2024,다나045991,to_in_001,5
2024,다나045991,to_in_007,5
2024,다나045991,to_in_008,0
2024,다나045992,to_in_001,0
2024,다나045992,to_in_007,0
2024,다나045992,to_in_008,0
2024,다나045993,to_in_001,156
2024,다나045993,to_in_007,81
2024,다나045993,to_in_008,78
2024,다나045994,to_in_001,335
2024,다나045994,to_in_007,157
2024,다나045994,to_in_008,176
2024,다나045995,to_in_001,428
2024,다나045995,to_in_007,206
2024,다나045995,to_in_008,225
2024,다나045996,to_in_001,300
2024,다나045996,to_in_007,136
2024,다나045996,to_in_008,162
2024,다나045997,to_in_001,275
2024,다나045997,to_in_007,136
2024,다나045997,to_in_008,137
2024,다나045998,to_in_001,70
2024,다나045998,to_in_007,33
2024,다나045998,to_in_008,35
2024,다나045999,to_in_001,410
2024,다나045999,to_in_007,195
2024,다나045999,to_in_008,213
2024,다나046718,to_in_001,5
2024,다나046718,to_in_007,5
2024,다나046718,to_in_008,5
2024,다나046719,to_in_001,59
2024,다나046719,to_in_007,23
2024,다나046719,to_in_008,34
2024,다나046720,to_in_001,23
2024,다나046720,to_in_007,13
2024,다나046720,to_in_008,13
2024,다나046721,to_in_001,28
2024,다나046721,to_in_007,13
2024,다나046721,to_in_008,18
2024,다나046722,to_in_001,33
2024,다나046722,to_in_007,13
2024,다나046722,to_in_008,18
2024,다나046725,to_in_001,0
2024,다나046725,to_in_007,0
2024,다나046725,to_in_008,0
2024,다나046733,to_in_001,5
2024,다나046733,to_in_007,5
2024,다나046733,to_in_008,0
2024,다나046734,to_in_001,28
2024,다나046734,to_in_007,18
2024,다나046734,to_in_008,13
2024,다나051737,to_in_001,23
2024,다나051737,to_in_007,13
2024,다나051737,to_in_008,13
2024,다나051738,to_in_001,8
2024,다나051738,to_in_007,8
2024,다나051738,to_in_008,5
2024,다나051739,to_in_001,8
2024,다나051739,to_in_007,0
2024,다나051739,to_in_008,8
2024,다나051740,to_in_001,8
2024,다나051740,to_in_007,8
2024,다나051740,to_in_008,5
2024,다나051741,to_in_001,13
2024,다나051741,to_in_007,5
2024,다나051741,to_in_008,8
2024,다나051746,to_in_001,8
2024,다나051746,to_in_007,8
2024,다나051746,to_in_008,5
2024,다나051749,to_in_001,8
2024,다나051749,to_in_007,5
2024,다나051749,to_in_008,5
2024,다나051755,to_in_001,0
2024,다나051755,to_in_007,0
2024,다나051755,to_in_008,0
2024,다나045750,to_in_008,0
2024,다나045969,to_in_001,83
2024,다나045969,to_in_007,31
2024,다나045969,to_in_008,52
2024,다나056957,to_in_001,5
2024,다나056957,to_in_007,5
2024,다나056957,to_in_008,5
2024,다나056958,to_in_001,5
2024,다나056958,to_in_007,5
2024,다나056958,to_in_008,0
2024,다나056970,to_in_001,68
2024,다나056970,to_in_007,33
2024,다나056970,to_in_008,33
2024,다나056971,to_in_001,18
2024,다나056971,to_in_007,13
2024,다나056971,to_in_008,8
2024,다나056972,to_in_001,34
2024,다나056972,to_in_007,13
2024,다나056972,to_in_008,24
2024,다나056976,to_in_001,0
2024,다나056976,to_in_007,0
2024,다나056976,to_in_008,0
2024,다나056978,to_in_001,0
2024,다나056978,to_in_007,0
2024,다나056978,to_in_008,0
2024,다나056983,to_in_001,5
2024,다나056983,to_in_007,0
2024,다나056983,to_in_008,5
2024,다나056984,to_in_001,44
2024,다나056984,to_in_007,24
2024,다나056984,to_in_008,18
2024,다나056985,to_in_001,53
2024,다나056985,to_in_007,28
2024,다나056985,to_in_008,23
2024,다나056986,to_in_001,79
2024,다나056986,to_in_007,39
2024,다나056986,to_in_008,38
2024,다나056987,to_in_001,173
2024,다나056987,to_in_007,71
2024,다나056987,to_in_008,100
2024,다나056988,to_in_001,633
2024,다나056988,to_in_007,291
2024,다나056988,to_in_008,345
2024,다나056989,to_in_001,404
2024,다나056989,to_in_007,201
2024,다나056989,to_in_008,201
2024,다나056990,to_in_001,80
2024,다나056990,to_in_007,35
2024,다나056990,to_in_008,43
2024,다나056991,to_in_001,127
2024,다나056991,to_in_007,57
2024,다나056991,to_in_008,68
2024,다나056992,to_in_001,362
2024,다나056992,to_in_007,174
2024,다나056992,to_in_008,191
2024,다나056993,to_in_001,67
2024,다나056993,to_in_007,38
2024,다나056993,to_in_008,27
2024,다나056994,to_in_001,81
2024,다나056994,to_in_007,38
2024,다나056994,to_in_008,46
2024,다나056995,to_in_001,138
2024,다나056995,to_in_007,71
2024,다나056995,to_in_008,65
2024,다나056996,to_in_001,110
2024,다나056996,to_in_007,63
2024,다나056996,to_in_008,50
2024,다나056997,to_in_001,419
2024,다나056997,to_in_007,211
2024,다나056997,to_in_008,211
2024,다나056998,to_in_001,154
2024,다나056998,to_in_007,80
2024,다나056998,to_in_008,72
2024,다나056999,to_in_001,168
2024,다나056999,to_in_007,92
2024,다나056999,to_in_008,79
2024,다나057718,to_in_001,8
2024,다나057718,to_in_007,8
2024,다나057718,to_in_008,5
2024,다나057719,to_in_001,8
2024,다나057719,to_in_007,8
2024,다나057719,to_in_008,8
2024,다나057737,to_in_001,5
2024,다나057737,to_in_007,0
2024,다나057737,to_in_008,5
2024,다나057738,to_in_001,5
2024,다나057738,to_in_007,5
2024,다나057738,to_in_008,5
2024,다나057740,to_in_001,8
2024,다나057740,to_in_007,8
2024,다나057740,to_in_008,5
2024,다나057741,to_in_001,8
2024,다나057741,to_in_007,5
2024,다나057741,to_in_008,8
2024,다나057742,to_in_001,5
2024,다나057742,to_in_007,5
2024,다나057742,to_in_008,0
2024,다나057956,to_in_001,13
2024,다나057956,to_in_007,5
2024,다나057956,to_in_008,8
2024,다나057958,to_in_001,11
2024,다나057958,to_in_007,11
2024,다나057958,to_in_008,0
2024,다나057959,to_in_001,5
2024,다나057959,to_in_007,5
2024,다나057959,to_in_008,5
2024,다나057960,to_in_001,8
2024,다나057960,to_in_007,8
2024,다나057960,to_in_008,0
2024,다나057961,to_in_001,13
2024,다나057961,to_in_007,5
2024,다나057961,to_in_008,8
2024,다나058959,to_in_001,5
2024,다나058959,to_in_007,0
2024,다나058959,to_in_008,0
2024,다나058962,to_in_001,13
2024,다나058962,to_in_007,5
2024,다나058962,to_in_008,8
2024,다나058963,to_in_001,5
2024,다나058963,to_in_007,5
2024,다나058963,to_in_008,0
2024,다나058973,to_in_001,5
2024,다나058973,to_in_007,0
2024,다나058973,to_in_008,0
2024,다나058974,to_in_001,5
2024,다나058974,to_in_007,0
2024,다나058974,to_in_008,0
2024,다나058975,to_in_001,13
2024,다나058975,to_in_007,5
2024,다나058975,to_in_008,8
2024,다나058976,to_in_001,54
2024,다나058976,to_in_007,28
2024,다나058976,to_in_008,24
2024,다나058977,to_in_001,28
2024,다나058977,to_in_007,13
2024,다나058977,to_in_008,13
2024,다나058978,to_in_001,23
2024,다나058978,to_in_007,13
2024,다나058978,to_in_008,13
2024,다나058979,to_in_001,18
2024,다나058979,to_in_007,8
2024,다나058979,to_in_008,8
2024,다나058980,to_in_001,5
2024,다나058980,to_in_007,0
2024,다나058980,to_in_008,0
2024,다나058981,to_in_001,13
2024,다나058981,to_in_007,8
2024,다나058981,to_in_008,5
2024,다나058983,to_in_001,5
2024,다나058983,to_in_007,5
2024,다나058983,to_in_008,0
2024,다나058985,to_in_001,71
2024,다나058985,to_in_007,41
2024,다나058985,to_in_008,28
2024,다나058986,to_in_001,106
2024,다나058986,to_in_007,55
2024,다나058986,to_in_008,49
2024,다나058987,to_in_001,125
2024,다나046984,to_in_001,5
2024,다나046984,to_in_007,5
2024,다나046984,to_in_008,0
2024,다나046986,to_in_001,5
2024,다나046986,to_in_007,0
2024,다나046986,to_in_008,5
2024,다나046988,to_in_001,8
2024,다나046988,to_in_007,5
2024,다나046988,to_in_008,5
2024,다나046991,to_in_001,78
2024,다나046991,to_in_007,33
2024,다나046991,to_in_008,43
2024,다나046992,to_in_001,105
2024,다나046992,to_in_007,54
2024,다나046992,to_in_008,54
2024,다나046993,to_in_001,33
2024,다나046993,to_in_007,13
2024,다나046993,to_in_008,18
2024,다나046994,to_in_001,252
2024,다나046994,to_in_007,129
2024,다나046994,to_in_008,121
2024,다나046995,to_in_001,209
2024,다나046995,to_in_007,116
2024,다나046995,to_in_008,91
2024,다나046996,to_in_001,268
2024,다나046996,to_in_007,137
2024,다나046996,to_in_008,134
2024,다나046997,to_in_001,340
2024,다나046997,to_in_007,162
2024,다나046997,to_in_008,181
2024,다나046998,to_in_001,277
2024,다나046998,to_in_007,138
2024,다나046998,to_in_008,137
2024,다나046999,to_in_001,103
2024,다나046999,to_in_007,51
2024,다나046999,to_in_008,55
2024,다나047714,to_in_001,8
2024,다나047714,to_in_007,5
2024,다나047714,to_in_008,5
2024,다나047716,to_in_001,18
2024,다나047716,to_in_007,8
2024,다나047716,to_in_008,8
2024,다나047717,to_in_001,5
2024,다나047717,to_in_007,0
2024,다나047717,to_in_008,0
2024,다나047719,to_in_001,23
2024,다나047719,to_in_007,13
2024,다나047719,to_in_008,8
2024,다나047720,to_in_001,28
2024,다나047720,to_in_007,13
2024,다나047720,to_in_008,18
2024,다나047721,to_in_001,23
2024,다나047721,to_in_007,13
2024,다나047721,to_in_008,13
2024,다나047722,to_in_001,23
2024,다나047722,to_in_007,8
2024,다나047722,to_in_008,18
2024,다나047723,to_in_001,13
2024,다나047723,to_in_007,8
2024,다나047723,to_in_008,8
2024,다나047724,to_in_001,28
2024,다나047724,to_in_007,13
2024,다나047724,to_in_008,13
2024,다나047725,to_in_001,8
2024,다나047725,to_in_007,8
2024,다나047725,to_in_008,5
2024,다나047734,to_in_001,8
2024,다나047734,to_in_007,5
2024,다나047734,to_in_008,5
2024,다나047735,to_in_001,8
2024,다나047735,to_in_007,5
2024,다나047735,to_in_008,5
2024,다나047737,to_in_001,5
2024,다나047737,to_in_007,0
2024,다나047737,to_in_008,0
2024,다나047749,to_in_001,5
2024,다나047749,to_in_007,0
2024,다나047749,to_in_008,0
2024,다나047936,to_in_001,8
2024,다나047936,to_in_007,8
2024,다나047936,to_in_008,0
2024,다나047952,to_in_001,5
2024,다나047952,to_in_007,5
2024,다나047952,to_in_008,0
2024,다나047954,to_in_001,5
2024,다나047954,to_in_007,5
2024,다나047954,to_in_008,0
2024,다나047964,to_in_001,5
2024,다나047964,to_in_007,5
2024,다나047964,to_in_008,0
2024,다나047987,to_in_001,294
2024,다나047987,to_in_007,169
2024,다나047987,to_in_008,125
2024,다나047990,to_in_001,13
2024,다나047990,to_in_007,5
2024,다나047990,to_in_008,8
2024,다나047991,to_in_001,124
2024,다나047991,to_in_007,63
2024,다나047991,to_in_008,64
2024,다나047992,to_in_001,140
2024,다나047992,to_in_007,75
2024,다나047992,to_in_008,63
2024,다나047993,to_in_001,189
2024,다나047993,to_in_007,102
2024,다나047993,to_in_008,85
2024,다나047994,to_in_001,13
2024,다나047994,to_in_007,5
2024,다나047994,to_in_008,8
2024,다나047995,to_in_001,201
2024,다나047995,to_in_007,94
2024,다나047995,to_in_008,105
2024,다나047996,to_in_001,262
2024,다나047996,to_in_007,145
2024,다나047996,to_in_008,120
2024,다나047997,to_in_001,215
2024,다나047997,to_in_007,100
2024,다나047997,to_in_008,113
2024,다나047998,to_in_001,394
2024,다나047998,to_in_007,199
2024,다나047998,to_in_008,193
2024,다나047999,to_in_001,399
2024,다나047999,to_in_007,191
2024,다나047999,to_in_008,206
2024,다나048715,to_in_001,5
2024,다나048715,to_in_007,5
2024,다나048715,to_in_008,0
2024,다나048716,to_in_001,64
2024,다나048716,to_in_007,33
2024,다나048716,to_in_008,29
2024,다나052741,to_in_001,8
2024,다나052741,to_in_007,5
2024,다나052741,to_in_008,5
2024,다나052749,to_in_001,8
2024,다나052749,to_in_007,5
2024,다나052749,to_in_008,5
2024,다나052751,to_in_001,8
2024,다나052751,to_in_007,5
2024,다나052751,to_in_008,5
2024,다나052845,to_in_001,0
2024,다나052845,to_in_007,0
2024,다나052845,to_in_008,0
2024,다나052949,to_in_001,5
2024,다나052949,to_in_007,5
2024,다나052949,to_in_008,0
2024,다나052950,to_in_001,5
2024,다나052950,to_in_007,0
2024,다나052950,to_in_008,0
2024,다나052951,to_in_001,5
2024,다나052951,to_in_007,5
2024,다나052951,to_in_008,5
2024,다나052952,to_in_001,18
2024,다나052952,to_in_007,8
2024,다나052952,to_in_008,8
2024,다나052953,to_in_001,13
2024,다나052953,to_in_007,8
2024,다나052953,to_in_008,8
2024,다나052954,to_in_001,13
2024,다나052954,to_in_007,8
2024,다나052954,to_in_008,8
2024,다나052955,to_in_001,8
2024,다나052955,to_in_007,5
2024,다나052955,to_in_008,5
2024,다나052956,to_in_001,8
2024,다나052956,to_in_007,5
2024,다나052956,to_in_008,5
2024,다나052957,to_in_001,5
2024,다나052957,to_in_007,5
2024,다나052957,to_in_008,5
2024,다나052958,to_in_001,13
2024,다나052958,to_in_007,8
2024,다나052958,to_in_008,5
2024,다나052959,to_in_001,5
2024,다나052959,to_in_007,5
2024,다나052959,to_in_008,5
2024,다나052975,to_in_001,5
2024,다나052975,to_in_007,0
2024,다나052975,to_in_008,5
2024,다나052976,to_in_001,8
2024,다나052976,to_in_007,0
2024,다나052976,to_in_008,8
2024,다나052977,to_in_001,8
2024,다나052977,to_in_007,5
2024,다나052977,to_in_008,5
2024,다나052978,to_in_001,33
2024,다나052978,to_in_007,18
2024,다나052978,to_in_008,18
2024,다나052984,to_in_001,18
2024,다나052984,to_in_007,8
2024,다나052984,to_in_008,8
2024,다나052985,to_in_001,163
2024,다나052985,to_in_007,78
2024,다나052985,to_in_008,83
2024,다나052986,to_in_001,53
2024,다나052986,to_in_007,33
2024,다나052986,to_in_008,23
2024,다나052987,to_in_001,157
2024,다나052987,to_in_007,92
2024,다나052987,to_in_008,63
2024,다나052988,to_in_001,247
2024,다나052988,to_in_007,138
2024,다나052988,to_in_008,107
2024,다나052989,to_in_001,167
2024,다나052989,to_in_007,94
2024,다나052989,to_in_008,71
2024,다나052990,to_in_001,33
2024,다나052990,to_in_007,23
2024,다나052990,to_in_008,13
2024,다나052991,to_in_001,14
2024,다나052991,to_in_007,14
2024,다나052991,to_in_008,0
2024,다나052994,to_in_001,281
2024,다나052994,to_in_007,142
2024,다나052994,to_in_008,137
2024,다나052995,to_in_001,5
2024,다나052995,to_in_007,0
2024,다나052995,to_in_008,0
2024,다나052998,to_in_001,5
2024,다나052998,to_in_007,5
2024,다나052998,to_in_008,5
2024,다나052999,to_in_001,69
2024,다나052999,to_in_007,28
2024,다나052999,to_in_008,39
2024,다나053717,to_in_001,45
2024,다나053717,to_in_007,45
2024,다나053717,to_in_008,0
2024,다나053718,to_in_001,5
2024,다나053718,to_in_007,5
2024,다나053718,to_in_008,0
2024,다나053719,to_in_001,5
2024,다나053719,to_in_007,0
2024,다나053719,to_in_008,5
2024,다나053721,to_in_001,8
2024,다나053721,to_in_007,8
2024,다나053721,to_in_008,5
2024,다나053722,to_in_001,8
2024,다나053722,to_in_007,5
2024,다나053722,to_in_008,5
2024,다나053732,to_in_001,5
2024,다나053732,to_in_007,0
2024,다나053732,to_in_008,0
2024,다나053736,to_in_001,5
2024,다나053736,to_in_007,5
2024,다나053736,to_in_008,5
2024,다나053737,to_in_001,53
2024,다나053737,to_in_007,23
2024,다나053737,to_in_008,33
2024,다나053738,to_in_001,38
2024,다나053738,to_in_007,18
2024,다나053738,to_in_008,18
2024,다나053740,to_in_001,5
2024,다나053740,to_in_007,5
2024,다나053740,to_in_008,0
2024,다나053742,to_in_001,5
2024,다나053742,to_in_007,5
2024,다나053742,to_in_008,5
2024,다나053743,to_in_001,8
2024,다나053743,to_in_007,5
2024,다나053743,to_in_008,5
2024,다나053744,to_in_001,5
2024,다나053744,to_in_007,5
2024,다나053744,to_in_008,5
2024,다나053745,to_in_001,5
2024,다나053745,to_in_007,5
2024,다나053745,to_in_008,0
2024,다나053747,to_in_001,8
2024,다나053747,to_in_007,8
2024,다나053747,to_in_008,5
2024,다나057963,to_in_001,5
2024,다나057963,to_in_007,0
2024,다나057963,to_in_008,5
2024,다나057966,to_in_001,5
2024,다나057966,to_in_007,5
2024,다나057966,to_in_008,0
2024,다나057967,to_in_001,8
2024,다나057967,to_in_007,5
2024,다나057967,to_in_008,5
2024,다나057974,to_in_001,5
2024,다나057974,to_in_007,5
2024,다나057974,to_in_008,5
2024,다나057975,to_in_001,5
2024,다나057975,to_in_007,5
2024,다나057975,to_in_008,0
2024,다나057978,to_in_001,5
2024,다나057978,to_in_007,5
2024,다나057978,to_in_008,0
2024,다나057979,to_in_001,18
2024,다나057979,to_in_007,8
2024,다나057979,to_in_008,8
2024,다나057980,to_in_001,8
2024,다나057980,to_in_007,8
2024,다나057980,to_in_008,5
2024,다나057983,to_in_001,5
2024,다나057983,to_in_007,5
2024,다나044986,to_in_001,28
2024,다나044986,to_in_007,13
2024,다나044986,to_in_008,13
2024,다나044987,to_in_001,40
2024,다나044987,to_in_007,25
2024,다나044987,to_in_008,13
2024,다나044988,to_in_001,58
2024,다나044988,to_in_007,33
2024,다나044988,to_in_008,23
2024,다나049987,to_in_001,23
2024,다나049987,to_in_007,8
2024,다나049987,to_in_008,13
2024,다나049988,to_in_001,13
2024,다나049988,to_in_007,13
2024,다나049988,to_in_008,8
2024,다나049991,to_in_001,97
2024,다나049991,to_in_007,44
2024,다나049991,to_in_008,51
2024,다나049992,to_in_001,107
2024,다나049992,to_in_007,55
2024,다나049992,to_in_008,55
2024,다나049993,to_in_001,115
2024,다나049993,to_in_007,55
2024,다나049993,to_in_008,58
2024,다나049994,to_in_001,5
2024,다나049994,to_in_007,5
2024,다나049994,to_in_008,0
2024,다나049995,to_in_001,60
2024,다나049995,to_in_007,30
2024,다나049995,to_in_008,28
2024,다나049996,to_in_001,8
2024,다나049996,to_in_007,5
2024,다나049996,to_in_008,5
2024,다나049997,to_in_001,143
2024,다나049997,to_in_007,76
2024,다나049997,to_in_008,70
2024,다나049998,to_in_001,409
2024,다나049998,to_in_007,200
2024,다나049998,to_in_008,207
2024,다나049999,to_in_001,253
2024,다나049999,to_in_007,121
2024,다나049999,to_in_008,130
2024,다나050720,to_in_001,38
2024,다나050720,to_in_007,18
2024,다나050720,to_in_008,18
2024,다나050721,to_in_001,63
2024,다나050721,to_in_007,33
2024,다나050721,to_in_008,28
2024,다나050722,to_in_001,43
2024,다나050722,to_in_007,23
2024,다나050722,to_in_008,18
2024,다나050724,to_in_001,8
2024,다나050724,to_in_007,5
2024,다나050724,to_in_008,5
2024,다나050737,to_in_001,5
2024,다나050737,to_in_007,5
2024,다나050737,to_in_008,0
2024,다나050738,to_in_001,8
2024,다나050738,to_in_007,5
2024,다나050738,to_in_008,8
2024,다나050739,to_in_001,5
2024,다나050739,to_in_007,5
2024,다나050739,to_in_008,5
2024,다나050746,to_in_001,8
2024,다나050746,to_in_007,8
2024,다나050746,to_in_008,0
2024,다나050948,to_in_001,13
2024,다나050948,to_in_007,8
2024,다나050948,to_in_008,8
2024,다나050949,to_in_001,13
2024,다나050949,to_in_007,8
2024,다나050949,to_in_008,8
2024,다나050951,to_in_001,18
2024,다나050951,to_in_007,13
2024,다나050951,to_in_008,5
2024,다나050952,to_in_001,8
2024,다나050952,to_in_007,5
2024,다나050952,to_in_008,5
2024,다나050953,to_in_001,18
2024,다나050953,to_in_007,13
2024,다나050953,to_in_008,8
2024,다나050954,to_in_001,5
2024,다나050954,to_in_007,5
2024,다나050954,to_in_008,0
2024,다나050956,to_in_001,5
2024,다나050956,to_in_007,0
2024,다나050956,to_in_008,5
2024,다나050960,to_in_001,5
2024,다나050960,to_in_007,5
2024,다나050960,to_in_008,0
2024,다나050984,to_in_001,5
2024,다나050984,to_in_007,5
2024,다나050984,to_in_008,5
2024,다나050985,to_in_001,152
2024,다나050985,to_in_007,72
2024,다나050985,to_in_008,78
2024,다나050986,to_in_001,142
2024,다나050986,to_in_007,74
2024,다나050986,to_in_008,71
2024,다나050987,to_in_001,116
2024,다나050987,to_in_007,63
2024,다나050987,to_in_008,51
2024,다나050988,to_in_001,309
2024,다나050988,to_in_007,205
2024,다나050988,to_in_008,102
2024,다나050989,to_in_001,186
2024,다나050989,to_in_007,101
2024,다나050989,to_in_008,88
2024,다나050990,to_in_001,47
2024,다나050990,to_in_007,24
2024,다나050990,to_in_008,26
2024,다나050991,to_in_001,60
2024,다나050991,to_in_007,35
2024,다나050991,to_in_008,28
2024,다나050992,to_in_001,142
2024,다나050992,to_in_007,73
2024,다나050992,to_in_008,72
2024,다나050993,to_in_001,53
2024,다나050993,to_in_007,33
2024,다나050993,to_in_008,23
2024,다나050994,to_in_001,23
2024,다나050994,to_in_007,13
2024,다나050994,to_in_008,13
2024,다나050995,to_in_001,60
2024,다나050995,to_in_007,35
2024,다나050995,to_in_008,28
2024,다나050996,to_in_001,8
2024,다나050996,to_in_007,5
2024,다나050996,to_in_008,8
2024,다나050997,to_in_001,8
2024,다나050997,to_in_007,5
2024,다나050997,to_in_008,5
2024,다나050998,to_in_001,13
2024,다나050998,to_in_007,8
2024,다나050998,to_in_008,5
2024,다나050999,to_in_001,38
2024,다나050999,to_in_007,23
2024,다나050999,to_in_008,13
2024,다나051716,to_in_001,5
2024,다나051716,to_in_007,5
2024,다나051716,to_in_008,0
2024,다나051719,to_in_001,5
2024,다나051719,to_in_007,5
2024,다나051719,to_in_008,0
2024,다나051721,to_in_001,5
2024,다나051721,to_in_007,5
2024,다나051721,to_in_008,5
2024,다나051722,to_in_001,8
2024,다나051722,to_in_007,5
2024,다나051722,to_in_008,5
2024,다나051723,to_in_001,8
2024,다나051723,to_in_007,8
2024,다나051723,to_in_008,5
2024,다나051736,to_in_001,5
2024,다나051736,to_in_007,0
2024,다나051736,to_in_008,5
2024,다나054742,to_in_001,8
2024,다나054742,to_in_007,5
2024,다나054742,to_in_008,5
2024,다나054743,to_in_001,5
2024,다나054743,to_in_007,0
2024,다나054743,to_in_008,5
2024,다나054744,to_in_001,18
2024,다나054744,to_in_007,8
2024,다나054744,to_in_008,8
2024,다나054745,to_in_001,8
2024,다나054745,to_in_007,5
2024,다나054745,to_in_008,5
2024,다나054747,to_in_001,5
2024,다나054747,to_in_007,5
2024,다나054747,to_in_008,5
2024,다나054748,to_in_001,8
2024,다나054748,to_in_007,5
2024,다나054748,to_in_008,5
2024,다나054752,to_in_001,5
2024,다나054752,to_in_007,0
2024,다나054752,to_in_008,0
2024,다나054756,to_in_001,5
2024,다나054756,to_in_007,5
2024,다나054756,to_in_008,0
2024,다나054948,to_in_001,23
2024,다나054948,to_in_007,13
2024,다나054948,to_in_008,13
2024,다나054952,to_in_001,109
2024,다나054952,to_in_007,49
2024,다나054952,to_in_008,58
2024,다나054953,to_in_001,33
2024,다나054953,to_in_007,18
2024,다나054953,to_in_008,18
2024,다나054955,to_in_001,8
2024,다나054955,to_in_007,8
2024,다나054955,to_in_008,5
2024,다나054956,to_in_001,13
2024,다나054956,to_in_007,8
2024,다나054956,to_in_008,8
2024,다나054958,to_in_001,8
2024,다나054958,to_in_007,5
2024,다나054958,to_in_008,5
2024,다나054959,to_in_001,5
2024,다나054959,to_in_007,0
2024,다나054959,to_in_008,0
2024,다나054974,to_in_001,8
2024,다나054974,to_in_007,8
2024,다나054974,to_in_008,5
2024,다나054978,to_in_001,5
2024,다나054978,to_in_007,5
2024,다나054978,to_in_008,5
2024,다나054985,to_in_001,82
2024,다나054985,to_in_007,39
2024,다나054985,to_in_008,41
2024,다나054986,to_in_001,53
2024,다나054986,to_in_007,28
2024,다나054986,to_in_008,23
2024,다나054987,to_in_001,172
2024,다나054987,to_in_007,82
2024,다나054987,to_in_008,93
2024,다나054988,to_in_001,294
2024,다나054988,to_in_007,141
2024,다나054988,to_in_008,156
2024,다나054989,to_in_001,207
2024,다나054989,to_in_007,88
2024,다나054989,to_in_008,117
2024,다나054993,to_in_001,259
2024,다나054993,to_in_007,134
2024,다나054993,to_in_008,128
2024,다나054995,to_in_001,488
2024,다나054995,to_in_007,232
2024,다나054995,to_in_008,254
2024,다나054996,to_in_001,99
2024,다나054996,to_in_007,56
2024,다나054996,to_in_008,41
2024,다나054997,to_in_001,13
2024,다나054997,to_in_007,8
2024,다나054997,to_in_008,8
2024,다나054998,to_in_001,189
2024,다나054998,to_in_007,84
2024,다나054998,to_in_008,103
2024,다나054999,to_in_001,377
2024,다나054999,to_in_007,181
2024,다나054999,to_in_008,194
2024,다나055716,to_in_001,5
2024,다나055716,to_in_007,5
2024,다나055716,to_in_008,5
2024,다나055717,to_in_001,5
2024,다나055717,to_in_007,0
2024,다나055717,to_in_008,5
2024,다나055736,to_in_001,8
2024,다나055736,to_in_007,8
2024,다나055736,to_in_008,5
2024,다나055737,to_in_001,5
2024,다나055737,to_in_007,0
2024,다나055737,to_in_008,0
2024,다나055739,to_in_001,5
2024,다나055739,to_in_007,0
2024,다나055739,to_in_008,0
2024,다나055742,to_in_001,8
2024,다나055742,to_in_007,5
2024,다나055742,to_in_008,5
2024,다나055743,to_in_001,0
2024,다나055743,to_in_007,0
2024,다나055743,to_in_008,0
2024,다나060966,to_in_001,0
2024,다나060966,to_in_007,0
2024,다나060966,to_in_008,0
2024,다나060973,to_in_001,5
2024,다나060973,to_in_007,0
2024,다나060973,to_in_008,5
2024,다나060978,to_in_001,23
2024,다나060978,to_in_007,13
2024,다나060978,to_in_008,8
2024,다나060979,to_in_001,8
2024,다나060979,to_in_007,8
2024,다나060979,to_in_008,5
2024,다나060982,to_in_001,5
2024,다나060982,to_in_007,0
2024,다나060982,to_in_008,0
2024,다나060983,to_in_001,33
2024,다나060983,to_in_007,18
2024,다나060983,to_in_008,13
2024,다나060984,to_in_001,23
2024,다나060984,to_in_007,13
2024,다나060984,to_in_008,13
2024,다나060985,to_in_001,8
2024,다나060985,to_in_007,5
2024,다나060985,to_in_008,5
2024,다나060986,to_in_001,96
2024,다나060986,to_in_007,42
2024,다나060986,to_in_008,52
2024,다나060987,to_in_001,98
2024,다나060987,to_in_007,48
2024,다나060987,to_in_008,48
2024,다나060988,to_in_001,191
2024,다나060988,to_in_007,94
2024,다나048948,to_in_001,13
2024,다나048948,to_in_007,8
2024,다나048948,to_in_008,5
2024,다나048964,to_in_001,0
2024,다나048964,to_in_007,0
2024,다나048964,to_in_008,0
2024,다나048974,to_in_001,18
2024,다나048974,to_in_007,8
2024,다나048974,to_in_008,8
2024,다나048975,to_in_001,13
2024,다나048975,to_in_007,8
2024,다나048975,to_in_008,5
2024,다나048989,to_in_001,54
2024,다나048989,to_in_007,23
2024,다나048989,to_in_008,34
2024,다나048990,to_in_001,43
2024,다나048990,to_in_007,23
2024,다나048990,to_in_008,23
2024,다나048991,to_in_001,8
2024,다나048991,to_in_007,5
2024,다나048991,to_in_008,5
2024,다나048992,to_in_001,138
2024,다나048992,to_in_007,73
2024,다나048992,to_in_008,68
2024,다나048993,to_in_001,108
2024,다나048993,to_in_007,54
2024,다나048993,to_in_008,52
2024,다나048994,to_in_001,53
2024,다나048994,to_in_007,23
2024,다나048994,to_in_008,28
2024,다나048995,to_in_001,44
2024,다나048995,to_in_007,23
2024,다나048995,to_in_008,24
2024,다나048996,to_in_001,124
2024,다나048996,to_in_007,55
2024,다나048996,to_in_008,67
2024,다나048997,to_in_001,239
2024,다나048997,to_in_007,120
2024,다나048997,to_in_008,117
2024,다나048998,to_in_001,272
2024,다나048998,to_in_007,137
2024,다나048998,to_in_008,138
2024,다나048999,to_in_001,365
2024,다나048999,to_in_007,181
2024,다나048999,to_in_008,187
2024,다나049716,to_in_001,28
2024,다나049716,to_in_007,13
2024,다나049716,to_in_008,18
2024,다나049718,to_in_001,8
2024,다나049718,to_in_007,8
2024,다나049718,to_in_008,5
2024,다나049719,to_in_001,38
2024,다나049719,to_in_007,18
2024,다나049719,to_in_008,18
2024,다나049720,to_in_001,33
2024,다나049720,to_in_007,18
2024,다나049720,to_in_008,18
2024,다나049721,to_in_001,48
2024,다나049721,to_in_007,23
2024,다나049721,to_in_008,23
2024,다나049722,to_in_001,48
2024,다나049722,to_in_007,28
2024,다나049722,to_in_008,23
2024,다나049723,to_in_001,38
2024,다나049723,to_in_007,18
2024,다나049723,to_in_008,18
2024,다나049724,to_in_001,33
2024,다나049724,to_in_007,13
2024,다나049724,to_in_008,18
2024,다나049726,to_in_001,5
2024,다나049726,to_in_007,5
2024,다나049726,to_in_008,5
2024,다나049743,to_in_001,0
2024,다나049743,to_in_007,0
2024,다나049743,to_in_008,0
2024,다나049946,to_in_001,8
2024,다나049946,to_in_007,5
2024,다나049946,to_in_008,8
2024,다나049947,to_in_001,38
2024,다나049947,to_in_007,18
2024,다나049947,to_in_008,18
2024,다나049948,to_in_001,33
2024,다나049948,to_in_007,18
2024,다나049948,to_in_008,13
2024,다나049949,to_in_001,5
2024,다나049949,to_in_007,5
2024,다나049949,to_in_008,5
2024,다나049961,to_in_001,5
2024,다나049961,to_in_007,5
2024,다나049961,to_in_008,0
2024,다나049962,to_in_001,0
2024,다나049962,to_in_007,0
2024,다나049962,to_in_008,0
2024,다나049978,to_in_001,5
2024,다나049978,to_in_007,5
2024,다나049978,to_in_008,0
2024,다나049985,to_in_001,5
2024,다나049985,to_in_007,0
2024,다나049985,to_in_008,5
2024,다나049986,to_in_001,43
2024,다나049986,to_in_007,28
2024,다나049986,to_in_008,18
2024,다나053748,to_in_001,18
2024,다나053748,to_in_007,8
2024,다나053748,to_in_008,8
2024,다나053756,to_in_001,8
2024,다나053756,to_in_007,8
2024,다나053756,to_in_008,5
2024,다나053948,to_in_001,76
2024,다나053948,to_in_007,34
2024,다나053948,to_in_008,40
2024,다나053952,to_in_001,0
2024,다나053952,to_in_007,0
2024,다나053952,to_in_008,0
2024,다나053953,to_in_001,43
2024,다나053953,to_in_007,23
2024,다나053953,to_in_008,23
2024,다나053954,to_in_001,5
2024,다나053954,to_in_007,5
2024,다나053954,to_in_008,5
2024,다나053957,to_in_001,18
2024,다나053957,to_in_007,8
2024,다나053957,to_in_008,8
2024,다나053958,to_in_001,13
2024,다나053958,to_in_007,8
2024,다나053958,to_in_008,5
2024,다나053959,to_in_001,5
2024,다나053959,to_in_007,0
2024,다나053959,to_in_008,0
2024,다나053976,to_in_001,8
2024,다나053976,to_in_007,8
2024,다나053976,to_in_008,5
2024,다나053984,to_in_001,46
2024,다나053984,to_in_007,20
2024,다나053984,to_in_008,24
2024,다나053985,to_in_001,90
2024,다나053985,to_in_007,45
2024,다나053985,to_in_008,43
2024,다나053986,to_in_001,97
2024,다나053986,to_in_007,58
2024,다나053986,to_in_008,42
2024,다나053987,to_in_001,247
2024,다나053987,to_in_007,115
2024,다나053987,to_in_008,135
2024,다나053988,to_in_001,320
2024,다나053988,to_in_007,160
2024,다나053988,to_in_008,158
2024,다나053989,to_in_001,403
2024,다나053989,to_in_007,148
2024,다나053989,to_in_008,258
2024,다나053990,to_in_001,217
2024,다나053990,to_in_007,95
2024,다나053990,to_in_008,120
2024,다나053991,to_in_001,156
2024,다나053991,to_in_007,85
2024,다나053991,to_in_008,74
2024,다나053992,to_in_001,80
2024,다나053992,to_in_007,49
2024,다나053992,to_in_008,34
2024,다나053993,to_in_001,235
2024,다나053993,to_in_007,113
2024,다나053993,to_in_008,125
2024,다나053994,to_in_001,169
2024,다나053994,to_in_007,87
2024,다나053994,to_in_008,85
2024,다나053995,to_in_001,828
2024,다나053995,to_in_007,363
2024,다나053995,to_in_008,463
2024,다나053996,to_in_001,234
2024,다나053996,to_in_007,130
2024,다나053996,to_in_008,102
2024,다나053997,to_in_001,0
2024,다나053997,to_in_007,0
2024,다나053997,to_in_008,0
2024,다나053998,to_in_001,5
2024,다나053998,to_in_007,0
2024,다나053998,to_in_008,0
2024,다나053999,to_in_001,18
2024,다나053999,to_in_007,8
2024,다나053999,to_in_008,8
2024,다나054716,to_in_001,8
2024,다나054716,to_in_007,5
2024,다나054716,to_in_008,5
2024,다나054717,to_in_001,8
2024,다나054717,to_in_007,5
2024,다나054717,to_in_008,8
2024,다나054720,to_in_001,0
2024,다나054720,to_in_007,0
2024,다나054720,to_in_008,0
2024,다나054735,to_in_001,13
2024,다나054735,to_in_007,8
2024,다나054735,to_in_008,8
2024,다나054736,to_in_001,8
2024,다나054736,to_in_007,5
2024,다나054736,to_in_008,5
2024,다나054737,to_in_001,13
2024,다나054737,to_in_007,8
2024,다나054737,to_in_008,8
2024,다나054738,to_in_001,8
2024,다나054738,to_in_007,5
2024,다나054738,to_in_008,5
2024,다나054739,to_in_001,8
2024,다나054739,to_in_007,5
2024,다나054739,to_in_008,5
2024,다나054740,to_in_001,5
2024,다나054740,to_in_007,0
2024,다나054740,to_in_008,5
2024,다나054741,to_in_001,5
2024,다나054741,to_in_007,0
2024,다나054741,to_in_008,5
2024,다나059754,to_in_001,8
2024,다나059754,to_in_007,5
2024,다나059754,to_in_008,5
2024,다나059766,to_in_001,5
2024,다나059766,to_in_007,0
2024,다나059766,to_in_008,5
2024,다나059973,to_in_001,5
2024,다나059973,to_in_007,0
2024,다나059973,to_in_008,5
2024,다나059975,to_in_001,66
2024,다나059975,to_in_007,38
2024,다나059975,to_in_008,31
2024,다나059976,to_in_001,33
2024,다나059976,to_in_007,13
2024,다나059976,to_in_008,18
2024,다나059977,to_in_001,23
2024,다나059977,to_in_007,18
2024,다나059977,to_in_008,8
2024,다나059978,to_in_001,85
2024,다나059978,to_in_007,41
2024,다나059978,to_in_008,42
2024,다나059979,to_in_001,85
2024,다나059979,to_in_007,48
2024,다나059979,to_in_008,35
2024,다나059982,to_in_001,5
2024,다나059982,to_in_007,5
2024,다나059982,to_in_008,0
2024,다나059985,to_in_001,95
2024,다나059985,to_in_007,55
2024,다나059985,to_in_008,43
2024,다나059986,to_in_001,74
2024,다나059986,to_in_007,48
2024,다나059986,to_in_008,29
2024,다나059987,to_in_001,81
2024,다나059987,to_in_007,41
2024,다나059987,to_in_008,38
2024,다나059988,to_in_001,188
2024,다나059988,to_in_007,84
2024,다나059988,to_in_008,107
2024,다나059989,to_in_001,138
2024,다나059989,to_in_007,68
2024,다나059989,to_in_008,68
2024,다나059990,to_in_001,201
2024,다나059990,to_in_007,95
2024,다나059990,to_in_008,104
2024,다나059991,to_in_001,368
2024,다나059991,to_in_007,171
2024,다나059991,to_in_008,195
2024,다나059992,to_in_001,144
2024,다나059992,to_in_007,70
2024,다나059992,to_in_008,77
2024,다나059993,to_in_001,141
2024,다나059993,to_in_007,67
2024,다나059993,to_in_008,77
2024,다나059994,to_in_001,395
2024,다나059994,to_in_007,190
2024,다나059994,to_in_008,203
2024,다나059995,to_in_001,75
2024,다나059995,to_in_007,34
2024,다나059995,to_in_008,44
2024,다나059996,to_in_001,98
2024,다나059996,to_in_007,55
2024,다나059996,to_in_008,46
2024,다나059997,to_in_001,49
2024,다나059997,to_in_007,29
2024,다나059997,to_in_008,18
2024,다나059998,to_in_001,13
2024,다나059998,to_in_007,5
2024,다나059998,to_in_008,8
2024,다나059999,to_in_001,199
2024,다나059999,to_in_007,91
2024,다나059999,to_in_008,106
2024,다나060734,to_in_001,58
2024,다나060734,to_in_007,28
2024,다나060734,to_in_008,28
2024,다나060735,to_in_001,38
2024,다나060735,to_in_007,13
2024,다나060735,to_in_008,23
2024,다나060737,to_in_001,13
2024,다나060737,to_in_007,8
2024,다나060737,to_in_008,5
2024,다나060740,to_in_001,70
2024,다나060740,to_in_007,60
2024,다나051756,to_in_001,5
2024,다나051756,to_in_007,5
2024,다나051756,to_in_008,0
2024,다나051769,to_in_001,5
2024,다나051769,to_in_007,5
2024,다나051769,to_in_008,0
2024,다나051948,to_in_001,13
2024,다나051948,to_in_007,5
2024,다나051948,to_in_008,8
2024,다나051949,to_in_001,13
2024,다나051949,to_in_007,8
2024,다나051949,to_in_008,8
2024,다나051950,to_in_001,18
2024,다나051950,to_in_007,8
2024,다나051950,to_in_008,8
2024,다나051952,to_in_001,23
2024,다나051952,to_in_007,13
2024,다나051952,to_in_008,8
2024,다나051953,to_in_001,5
2024,다나051953,to_in_007,5
2024,다나051953,to_in_008,5
2024,다나051955,to_in_001,13
2024,다나051955,to_in_007,8
2024,다나051955,to_in_008,8
2024,다나051956,to_in_001,13
2024,다나051956,to_in_007,8
2024,다나051956,to_in_008,8
2024,다나051958,to_in_001,18
2024,다나051958,to_in_007,8
2024,다나051958,to_in_008,8
2024,다나051959,to_in_001,48
2024,다나051959,to_in_007,23
2024,다나051959,to_in_008,23
2024,다나051960,to_in_001,8
2024,다나051960,to_in_007,8
2024,다나051960,to_in_008,5
2024,다나051975,to_in_001,5
2024,다나051975,to_in_007,0
2024,다나051975,to_in_008,5
2024,다나051977,to_in_001,8
2024,다나051977,to_in_007,5
2024,다나051977,to_in_008,5
2024,다나051978,to_in_001,23
2024,다나051978,to_in_007,13
2024,다나051978,to_in_008,13
2024,다나051984,to_in_001,54
2024,다나051984,to_in_007,28
2024,다나051984,to_in_008,29
2024,다나051985,to_in_001,93
2024,다나051985,to_in_007,43
2024,다나051985,to_in_008,53
2024,다나051986,to_in_001,65
2024,다나051986,to_in_007,35
2024,다나051986,to_in_008,28
2024,다나051987,to_in_001,137
2024,다나051987,to_in_007,62
2024,다나051987,to_in_008,78
2024,다나051988,to_in_001,206
2024,다나051988,to_in_007,115
2024,다나051988,to_in_008,94
2024,다나051989,to_in_001,251
2024,다나051989,to_in_007,150
2024,다나051989,to_in_008,104
2024,다나051990,to_in_001,111
2024,다나051990,to_in_007,61
2024,다나051990,to_in_008,48
2024,다나051994,to_in_001,244
2024,다나051994,to_in_007,115
2024,다나051994,to_in_008,127
2024,다나051995,to_in_001,53
2024,다나051995,to_in_007,28
2024,다나051995,to_in_008,23
2024,다나051996,to_in_001,334
2024,다나051996,to_in_007,167
2024,다나051996,to_in_008,170
2024,다나051997,to_in_001,5
2024,다나051997,to_in_007,5
2024,다나051997,to_in_008,5
2024,다나051999,to_in_001,111
2024,다나051999,to_in_007,57
2024,다나051999,to_in_008,57
2024,다나052715,to_in_001,0
2024,다나052715,to_in_007,0
2024,다나052715,to_in_008,0
2024,다나052718,to_in_001,5
2024,다나052718,to_in_007,5
2024,다나052718,to_in_008,0
2024,다나052722,to_in_001,28
2024,다나052722,to_in_007,13
2024,다나052722,to_in_008,13
2024,다나052723,to_in_001,8
2024,다나052723,to_in_007,5
2024,다나052723,to_in_008,5
2024,다나052734,to_in_001,5
2024,다나052734,to_in_007,0
2024,다나052734,to_in_008,0
2024,다나052735,to_in_001,5
2024,다나052735,to_in_007,5
2024,다나052735,to_in_008,0
2024,다나052736,to_in_001,5
2024,다나052736,to_in_007,5
2024,다나052736,to_in_008,0
2024,다나052737,to_in_001,33
2024,다나052737,to_in_007,18
2024,다나052737,to_in_008,13
2024,다나052738,to_in_001,8
2024,다나052738,to_in_007,5
2024,다나052738,to_in_008,5
2024,다나052740,to_in_001,5
2024,다나052740,to_in_007,0
2024,다나052740,to_in_008,0
2024,다나055745,to_in_001,5
2024,다나055745,to_in_007,5
2024,다나055745,to_in_008,5
2024,다나055746,to_in_001,13
2024,다나055746,to_in_007,8
2024,다나055746,to_in_008,8
2024,다나055748,to_in_001,8
2024,다나055748,to_in_007,5
2024,다나055748,to_in_008,5
2024,다나055749,to_in_001,5
2024,다나055749,to_in_007,0
2024,다나055749,to_in_008,5
2024,다나055750,to_in_001,5
2024,다나055750,to_in_007,5
2024,다나055750,to_in_008,0
2024,다나055751,to_in_001,5
2024,다나055751,to_in_007,0
2024,다나055751,to_in_008,0
2024,다나055756,to_in_001,5
2024,다나055756,to_in_007,0
2024,다나055756,to_in_008,5
2024,다나055954,to_in_001,0
2024,다나055954,to_in_007,0
2024,다나055954,to_in_008,0
2024,다나055957,to_in_001,13
2024,다나055957,to_in_007,8
2024,다나055957,to_in_008,8
2024,다나055960,to_in_001,8
2024,다나055960,to_in_007,5
2024,다나055960,to_in_008,5
2024,다나055969,to_in_001,48
2024,다나055969,to_in_007,23
2024,다나055969,to_in_008,28
2024,다나055970,to_in_001,134
2024,다나055970,to_in_007,64
2024,다나055970,to_in_008,68
2024,다나055971,to_in_001,118
2024,다나055971,to_in_007,59
2024,다나055971,to_in_008,57
2024,다나055972,to_in_001,18
2024,다나055972,to_in_007,13
2024,다나055972,to_in_008,8
2024,다나055973,to_in_001,18
2024,다나055973,to_in_007,8
2024,다나055973,to_in_008,8
2024,다나055978,to_in_001,5
2024,다나055978,to_in_007,5
2024,다나055978,to_in_008,0
2024,다나055979,to_in_001,8
2024,다나055979,to_in_007,5
2024,다나055979,to_in_008,8
2024,다나055985,to_in_001,44
2024,다나055985,to_in_007,24
2024,다나055985,to_in_008,18
2024,다나055986,to_in_001,5
2024,다나055986,to_in_007,0
2024,다나055986,to_in_008,0
2024,다나055989,to_in_001,275
2024,다나055989,to_in_007,141
2024,다나055989,to_in_008,132
2024,다나055990,to_in_001,469
2024,다나055990,to_in_007,233
2024,다나055990,to_in_008,236
2024,다나055991,to_in_001,495
2024,다나055991,to_in_007,230
2024,다나055991,to_in_008,263
2024,다나055992,to_in_001,144
2024,다나055992,to_in_007,71
2024,다나055992,to_in_008,76
2024,다나055993,to_in_001,327
2024,다나055993,to_in_007,159
2024,다나055993,to_in_008,166
2024,다나055994,to_in_001,295
2024,다나055994,to_in_007,142
2024,다나055994,to_in_008,153
2024,다나055995,to_in_001,177
2024,다나055995,to_in_007,84
2024,다나055995,to_in_008,96
2024,다나055996,to_in_001,151
2024,다나055996,to_in_007,79
2024,다나055996,to_in_008,70
2024,다나055997,to_in_001,84
2024,다나055997,to_in_007,39
2024,다나055997,to_in_008,43
2024,다나055998,to_in_001,196
2024,다나055998,to_in_007,88
2024,다나055998,to_in_008,111
2024,다나055999,to_in_001,291
2024,다나055999,to_in_007,150
2024,다나055999,to_in_008,144
2024,다나056717,to_in_001,5
2024,다나056717,to_in_007,5
2024,다나056717,to_in_008,0
2024,다나056737,to_in_001,5
2024,다나056737,to_in_007,0
2024,다나056737,to_in_008,0
2024,다나056741,to_in_001,13
2024,다나056741,to_in_007,8
2024,다나056741,to_in_008,5
2024,다나056742,to_in_001,5
2024,다나056742,to_in_007,5
2024,다나056742,to_in_008,5
2024,다나056743,to_in_001,5
2024,다나056743,to_in_007,5
2024,다나056743,to_in_008,0
2024,다나056745,to_in_001,0
2024,다나056745,to_in_007,0
2024,다나056745,to_in_008,0
2024,다나056751,to_in_001,8
2024,다나056751,to_in_007,5
2024,다나056751,to_in_008,5
2024,다나056956,to_in_001,8
2024,다나056956,to_in_007,8
2024,다나056956,to_in_008,8
2024,다나061986,to_in_001,5
2024,다나061986,to_in_007,5
2024,다나061986,to_in_008,0
2024,다나061987,to_in_001,97
2024,다나061987,to_in_007,57
2024,다나061987,to_in_008,38
2024,다나061988,to_in_001,199
2024,다나061988,to_in_007,106
2024,다나061988,to_in_008,96
2024,다나061989,to_in_001,115
2024,다나061989,to_in_007,61
2024,다나061989,to_in_008,52
2024,다나061990,to_in_001,61
2024,다나061990,to_in_007,36
2024,다나061990,to_in_008,28
2024,다나061991,to_in_001,215
2024,다나061991,to_in_007,115
2024,다나061991,to_in_008,98
2024,다나061992,to_in_001,23
2024,다나061992,to_in_007,13
2024,다나061992,to_in_008,8
2024,다나061993,to_in_001,18
2024,다나061993,to_in_007,8
2024,다나061993,to_in_008,8
2024,다나061994,to_in_001,157
2024,다나061994,to_in_007,92
2024,다나061994,to_in_008,63
2024,다나061995,to_in_001,123
2024,다나061995,to_in_007,62
2024,다나061995,to_in_008,64
2024,다나061996,to_in_001,215
2024,다나061996,to_in_007,106
2024,다나061996,to_in_008,112
2024,다나061997,to_in_001,44
2024,다나061997,to_in_007,18
2024,다나061997,to_in_008,24
2024,다나061998,to_in_001,59
2024,다나061998,to_in_007,23
2024,다나061998,to_in_008,34
2024,다나061999,to_in_001,8
2024,다나061999,to_in_007,8
2024,다나061999,to_in_008,5
2024,다나062720,to_in_001,5
2024,다나062720,to_in_007,5
2024,다나062720,to_in_008,5
2024,다나062734,to_in_001,5
2024,다나062734,to_in_007,5
2024,다나062734,to_in_008,0
2024,다나062736,to_in_001,5
2024,다나062736,to_in_007,5
2024,다나062736,to_in_008,0
2024,다나062737,to_in_001,8
2024,다나062737,to_in_007,8
2024,다나062737,to_in_008,5
2024,다나062738,to_in_001,5
2024,다나062738,to_in_007,5
2024,다나062738,to_in_008,5
2024,다나062739,to_in_001,18
2024,다나062739,to_in_007,13
2024,다나062739,to_in_008,8
2024,다나062747,to_in_001,0
2024,다나062747,to_in_007,0
2024,다나062747,to_in_008,0
2024,다나062748,to_in_001,43
2024,다나062748,to_in_007,18
2024,다나062748,to_in_008,23
2024,다나062754,to_in_001,0
2024,다나062754,to_in_007,0
2024,다나058987,to_in_007,73
2024,다나058987,to_in_008,55
2024,다나058988,to_in_001,265
2024,다나058988,to_in_007,135
2024,다나058988,to_in_008,128
2024,다나058990,to_in_001,189
2024,다나058990,to_in_007,91
2024,다나058990,to_in_008,101
2024,다나058991,to_in_001,349
2024,다나058991,to_in_007,160
2024,다나058991,to_in_008,187
2024,다나058992,to_in_001,290
2024,다나058992,to_in_007,140
2024,다나058992,to_in_008,153
2024,다나058993,to_in_001,447
2024,다나058993,to_in_007,251
2024,다나058993,to_in_008,199
2024,다나058994,to_in_001,135
2024,다나058994,to_in_007,65
2024,다나058994,to_in_008,68
2024,다나058995,to_in_001,79
2024,다나058995,to_in_007,33
2024,다나058995,to_in_008,44
2024,다나058996,to_in_001,232
2024,다나058996,to_in_007,116
2024,다나058996,to_in_008,114
2024,다나058997,to_in_001,556
2024,다나058997,to_in_007,291
2024,다나058997,to_in_008,268
2024,다나058998,to_in_001,80
2024,다나058998,to_in_007,47
2024,다나058998,to_in_008,31
2024,다나058999,to_in_001,185
2024,다나058999,to_in_007,91
2024,다나058999,to_in_008,92
2024,다나059719,to_in_001,5
2024,다나059719,to_in_007,5
2024,다나059719,to_in_008,0
2024,다나059742,to_in_001,13
2024,다나059742,to_in_007,8
2024,다나059742,to_in_008,5
2024,다나059743,to_in_001,5
2024,다나059743,to_in_007,5
2024,다나059743,to_in_008,0
2024,다나059744,to_in_001,0
2024,다나059744,to_in_007,0
2024,다나059744,to_in_008,0
2024,다나059747,to_in_001,5
2024,다나059747,to_in_007,0
2024,다나059747,to_in_008,0
2024,다나074724,to_in_001,0
2024,다나074724,to_in_007,0
2024,다나074724,to_in_008,0
2024,다나074726,to_in_001,23
2024,다나074726,to_in_007,13
2024,다나074726,to_in_008,8
2024,다나074727,to_in_001,77
2024,다나074727,to_in_007,36
2024,다나074727,to_in_008,39
2024,다나074728,to_in_001,110
2024,다나074728,to_in_007,58
2024,다나074728,to_in_008,55
2024,다나074729,to_in_001,48
2024,다나074729,to_in_007,23
2024,다나074729,to_in_008,23
2024,다나074730,to_in_001,23
2024,다나074730,to_in_007,8
2024,다나074730,to_in_008,13
2024,다나074732,to_in_001,5
2024,다나074732,to_in_007,5
2024,다나074732,to_in_008,0
2024,다나074734,to_in_001,5
2024,다나074734,to_in_007,5
2024,다나074734,to_in_008,0
2024,다나074736,to_in_001,110
2024,다나074736,to_in_007,60
2024,다나074736,to_in_008,48
2024,다나074737,to_in_001,174
2024,다나074737,to_in_007,87
2024,다나074737,to_in_008,90
2024,다나074738,to_in_001,93
2024,다나074738,to_in_007,48
2024,다나074738,to_in_008,43
2024,다나074739,to_in_001,38
2024,다나074739,to_in_007,18
2024,다나074739,to_in_008,23
2024,다나074740,to_in_001,43
2024,다나074740,to_in_007,23
2024,다나074740,to_in_008,18
2024,다나074741,to_in_001,54
2024,다나074741,to_in_007,28
2024,다나074741,to_in_008,29
2024,다나074742,to_in_001,82
2024,다나074742,to_in_007,39
2024,다나074742,to_in_008,41
2024,다나074743,to_in_001,18
2024,다나074743,to_in_007,8
2024,다나074743,to_in_008,8
2024,다나074745,to_in_001,63
2024,다나074745,to_in_007,38
2024,다나074745,to_in_008,28
2024,다나074746,to_in_001,84
2024,다나074746,to_in_007,43
2024,다나074746,to_in_008,44
2024,다나074747,to_in_001,39
2024,다나074747,to_in_007,19
2024,다나074747,to_in_008,18
2024,다나074748,to_in_001,18
2024,다나074748,to_in_007,8
2024,다나074748,to_in_008,8
2024,다나074753,to_in_001,5
2024,다나074753,to_in_007,5
2024,다나074753,to_in_008,5
2024,다나074754,to_in_001,8
2024,다나074754,to_in_007,5
2024,다나074754,to_in_008,5
2024,다나074977,to_in_001,8
2024,다나074977,to_in_007,8
2024,다나074977,to_in_008,5
2024,다나074978,to_in_001,8
2024,다나074978,to_in_007,5
2024,다나074978,to_in_008,8
2024,다나074982,to_in_001,81
2024,다나074982,to_in_007,39
2024,다나074982,to_in_008,45
2024,다나074983,to_in_001,44
2024,다나074983,to_in_007,18
2024,다나074983,to_in_008,24
2024,다나074984,to_in_001,44
2024,다나074984,to_in_007,19
2024,다나074984,to_in_008,28
2024,다나074985,to_in_001,53
2024,다나074985,to_in_007,28
2024,다나074985,to_in_008,28
2024,다나074992,to_in_001,23
2024,다나074992,to_in_007,13
2024,다나074992,to_in_008,8
2024,다나074993,to_in_001,13
2024,다나074993,to_in_007,8
2024,다나074993,to_in_008,8
2024,다나074994,to_in_001,86
2024,다나074994,to_in_007,49
2024,다나074994,to_in_008,40
2024,다나074995,to_in_001,61
2024,다나074995,to_in_007,29
2024,다나074995,to_in_008,30
2024,다나074998,to_in_001,83
2024,다나074998,to_in_007,41
2024,다나074998,to_in_008,40
2024,다나074999,to_in_001,161
2024,다나074999,to_in_007,80
2024,다나074999,to_in_008,79
2024,다나075715,to_in_001,8
2024,다나075715,to_in_007,8
2024,다나075715,to_in_008,5
2024,다나075721,to_in_001,5
2024,다나075721,to_in_007,5
2024,다나075721,to_in_008,5
2024,다나075723,to_in_001,39
2024,다나075723,to_in_007,24
2024,다나075723,to_in_008,13
2024,다나075726,to_in_001,5
2024,다나075726,to_in_007,0
2024,다나075726,to_in_008,0
2024,다나075729,to_in_001,5
2024,다나075729,to_in_007,0
2024,다나075729,to_in_008,5
2024,다나075730,to_in_001,18
2024,다나075730,to_in_007,8
2024,다나075730,to_in_008,8
2024,다나075734,to_in_001,0
2024,다나057983,to_in_008,5
2024,다나057985,to_in_001,8
2024,다나057985,to_in_007,8
2024,다나057985,to_in_008,5
2024,다나057986,to_in_001,18
2024,다나057986,to_in_007,8
2024,다나057986,to_in_008,8
2024,다나057987,to_in_001,308
2024,다나057987,to_in_007,137
2024,다나057987,to_in_008,164
2024,다나057988,to_in_001,680
2024,다나057988,to_in_007,327
2024,다나057988,to_in_008,353
2024,다나057990,to_in_001,519
2024,다나057990,to_in_007,269
2024,다나057990,to_in_008,250
2024,다나057991,to_in_001,497
2024,다나057991,to_in_007,254
2024,다나057991,to_in_008,241
2024,다나057992,to_in_001,283
2024,다나057992,to_in_007,148
2024,다나057992,to_in_008,138
2024,다나057993,to_in_001,64
2024,다나057993,to_in_007,33
2024,다나057993,to_in_008,34
2024,다나057994,to_in_001,488
2024,다나057994,to_in_007,292
2024,다나057994,to_in_008,194
2024,다나057995,to_in_001,299
2024,다나057995,to_in_007,141
2024,다나057995,to_in_008,161
2024,다나057996,to_in_001,507
2024,다나057996,to_in_007,247
2024,다나057996,to_in_008,263
2024,다나057997,to_in_001,399
2024,다나057997,to_in_007,191
2024,다나057997,to_in_008,208
2024,다나057998,to_in_001,137
2024,다나057998,to_in_007,63
2024,다나057998,to_in_008,77
2024,다나057999,to_in_001,60
2024,다나057999,to_in_007,35
2024,다나057999,to_in_008,23
2024,다나058719,to_in_001,5
2024,다나058719,to_in_007,5
2024,다나058719,to_in_008,0
2024,다나058720,to_in_001,8
2024,다나058720,to_in_007,5
2024,다나058720,to_in_008,5
2024,다나058721,to_in_001,5
2024,다나058721,to_in_007,0
2024,다나058721,to_in_008,0
2024,다나058723,to_in_001,5
2024,다나058723,to_in_007,5
2024,다나058723,to_in_008,0
2024,다나058736,to_in_001,5
2024,다나058736,to_in_007,5
2024,다나058736,to_in_008,5
2024,다나058738,to_in_001,5
2024,다나058738,to_in_007,0
2024,다나058738,to_in_008,0
2024,다나058739,to_in_001,0
2024,다나058739,to_in_007,0
2024,다나058739,to_in_008,0
2024,다나058743,to_in_001,5
2024,다나058743,to_in_007,5
2024,다나058743,to_in_008,0
2024,다나058744,to_in_001,5
2024,다나058744,to_in_007,5
2024,다나058744,to_in_008,0
2024,다나058752,to_in_001,5
2024,다나058752,to_in_007,5
2024,다나058752,to_in_008,0
2024,다나058932,to_in_001,5
2024,다나058932,to_in_007,5
2024,다나058932,to_in_008,0
2024,다나062999,to_in_001,75
2024,다나062999,to_in_007,45
2024,다나062999,to_in_008,33
2024,다나063720,to_in_001,5
2024,다나063720,to_in_007,5
2024,다나063720,to_in_008,0
2024,다나063722,to_in_001,5
2024,다나063722,to_in_007,5
2024,다나063722,to_in_008,0
2024,다나063729,to_in_001,0
2024,다나063729,to_in_007,0
2024,다나063729,to_in_008,0
2024,다나063736,to_in_001,5
2024,다나063736,to_in_007,5
2024,다나063736,to_in_008,0
2024,다나063738,to_in_001,8
2024,다나063738,to_in_007,5
2024,다나063738,to_in_008,5
2024,다나063739,to_in_001,23
2024,다나063739,to_in_007,13
2024,다나063739,to_in_008,13
2024,다나063740,to_in_001,28
2024,다나063740,to_in_007,13
2024,다나063740,to_in_008,13
2024,다나063745,to_in_001,0
2024,다나063745,to_in_007,0
2024,다나063745,to_in_008,0
2024,다나063746,to_in_001,5
2024,다나063746,to_in_007,0
2024,다나063746,to_in_008,5
2024,다나063748,to_in_001,5
2024,다나063748,to_in_007,5
2024,다나063748,to_in_008,0
2024,다나063750,to_in_001,0
2024,다나063750,to_in_007,0
2024,다나063750,to_in_008,0
2024,다나063751,to_in_001,5
2024,다나063751,to_in_007,5
2024,다나063751,to_in_008,5
2024,다나063760,to_in_001,5
2024,다나063760,to_in_007,0
2024,다나063760,to_in_008,0
2024,다나063987,to_in_001,38
2024,다나063987,to_in_007,18
2024,다나063987,to_in_008,18
2024,다나063988,to_in_001,71
2024,다나063988,to_in_007,43
2024,다나063988,to_in_008,31
2024,다나063989,to_in_001,86
2024,다나063989,to_in_007,50
2024,다나063989,to_in_008,39
2024,다나063990,to_in_001,194
2024,다나063990,to_in_007,99
2024,다나063990,to_in_008,93
2024,다나063991,to_in_001,263
2024,다나063991,to_in_007,149
2024,다나063991,to_in_008,112
2024,다나063992,to_in_001,198
2024,다나063992,to_in_007,116
2024,다나063992,to_in_008,80
2024,다나063993,to_in_001,267
2024,다나063993,to_in_007,152
2024,다나063993,to_in_008,113
2024,다나063994,to_in_001,442
2024,다나063994,to_in_007,235
2024,다나063994,to_in_008,205
2024,다나063995,to_in_001,232
2024,다나063995,to_in_007,116
2024,다나063995,to_in_008,119
2024,다나063996,to_in_001,266
2024,다나063996,to_in_007,118
2024,다나063996,to_in_008,146
2024,다나063997,to_in_001,23
2024,다나063997,to_in_007,8
2024,다나063997,to_in_008,13
2024,다나063998,to_in_001,150
2024,다나063998,to_in_007,64
2024,다나063998,to_in_008,84
2024,다나063999,to_in_001,116
2024,다나063999,to_in_007,67
2024,다나063999,to_in_008,52
2024,다나064720,to_in_001,8
2024,다나064720,to_in_007,8
2024,다나064720,to_in_008,5
2024,다나064721,to_in_001,23
2024,다나064721,to_in_007,8
2024,다나064721,to_in_008,13
2024,다나064722,to_in_001,8
2024,다나064722,to_in_007,5
2024,다나064722,to_in_008,5
2024,다나064726,to_in_001,5
2024,다나064726,to_in_007,5
2024,다나064726,to_in_008,0
2024,다나064736,to_in_001,5
2024,다나064736,to_in_007,5
2024,다나064736,to_in_008,0
2024,다나064739,to_in_001,0
2024,다나064739,to_in_007,0
2024,다나064739,to_in_008,0
2024,다나064740,to_in_001,5
2024,다나064740,to_in_007,5
2024,다나064740,to_in_008,0
2024,다나064751,to_in_001,5
2024,다나064751,to_in_007,0
2024,다나064751,to_in_008,0
2024,다나064764,to_in_001,5
2024,다나064764,to_in_007,0
2024,다나064764,to_in_008,0
2024,다나064927,to_in_001,0
2024,다나064927,to_in_007,0
2024,다나064927,to_in_008,0
2024,다나064987,to_in_001,38
2024,다나064987,to_in_007,18
2024,다나064987,to_in_008,18
2024,다나064988,to_in_001,59
2024,다나064988,to_in_007,29
2024,다나064988,to_in_008,33
2024,다나071993,to_in_001,38
2024,다나071993,to_in_007,23
2024,다나071993,to_in_008,18
2024,다나071994,to_in_001,178
2024,다나071994,to_in_007,91
2024,다나071994,to_in_008,85
2024,다나071995,to_in_001,226
2024,다나071995,to_in_007,113
2024,다나071995,to_in_008,116
2024,다나071996,to_in_001,13
2024,다나071996,to_in_007,8
2024,다나071996,to_in_008,8
2024,다나071998,to_in_001,0
2024,다나071998,to_in_007,0
2024,다나071998,to_in_008,0
2024,다나071999,to_in_001,190
2024,다나071999,to_in_007,98
2024,다나071999,to_in_008,90
2024,다나072723,to_in_001,5
2024,다나072723,to_in_007,5
2024,다나072723,to_in_008,5
2024,다나072724,to_in_001,5
2024,다나072724,to_in_007,0
2024,다나072724,to_in_008,0
2024,다나072726,to_in_001,8
2024,다나072726,to_in_007,8
2024,다나072726,to_in_008,0
2024,다나072736,to_in_001,28
2024,다나072736,to_in_007,13
2024,다나072736,to_in_008,18
2024,다나072737,to_in_001,385
2024,다나072737,to_in_007,193
2024,다나072737,to_in_008,190
2024,다나072738,to_in_001,202
2024,다나072738,to_in_007,106
2024,다나072738,to_in_008,99
2024,다나072739,to_in_001,28
2024,다나072739,to_in_007,8
2024,다나072739,to_in_008,18
2024,다나072741,to_in_001,287
2024,다나072741,to_in_007,147
2024,다나072741,to_in_008,138
2024,다나072742,to_in_001,101
2024,다나072742,to_in_007,46
2024,다나072742,to_in_008,58
2024,다나072744,to_in_001,5
2024,다나072744,to_in_007,0
2024,다나072744,to_in_008,5
2024,다나072745,to_in_001,76
2024,다나072745,to_in_007,42
2024,다나072745,to_in_008,32
2024,다나072746,to_in_001,38
2024,다나072746,to_in_007,18
2024,다나072746,to_in_008,18
2024,다나072974,to_in_001,0
2024,다나072974,to_in_007,0
2024,다나072974,to_in_008,0
2024,다나072975,to_in_001,8
2024,다나072975,to_in_007,5
2024,다나072975,to_in_008,5
2024,다나072977,to_in_001,8
2024,다나072977,to_in_007,8
2024,다나072977,to_in_008,0
2024,다나072979,to_in_001,18
2024,다나072979,to_in_007,8
2024,다나072979,to_in_008,13
2024,다나072980,to_in_001,13
2024,다나072980,to_in_007,8
2024,다나072980,to_in_008,8
2024,다나072982,to_in_001,0
2024,다나072982,to_in_007,0
2024,다나072982,to_in_008,0
2024,다나072984,to_in_001,5
2024,다나072984,to_in_007,0
2024,다나072984,to_in_008,0
2024,다나072991,to_in_001,0
2024,다나072991,to_in_007,0
2024,다나072991,to_in_008,0
2024,다나072992,to_in_001,43
2024,다나072992,to_in_007,18
2024,다나072992,to_in_008,23
2024,다나072993,to_in_001,38
2024,다나072993,to_in_007,18
2024,다나072993,to_in_008,18
2024,다나072994,to_in_001,131
2024,다나072994,to_in_007,69
2024,다나072994,to_in_008,65
2024,다나072995,to_in_001,205
2024,다나072995,to_in_007,97
2024,다나072995,to_in_008,106
2024,다나072996,to_in_001,170
2024,다나072996,to_in_007,85
2024,다나072996,to_in_008,83
2024,다나072997,to_in_001,5
2024,다나072997,to_in_007,5
2024,다나072997,to_in_008,0
2024,다나072998,to_in_001,139
2024,다나072998,to_in_007,67
2024,다나072998,to_in_008,70
2024,다나072999,to_in_001,140
2024,다나060988,to_in_008,95
2024,다나060989,to_in_001,209
2024,다나060989,to_in_007,107
2024,다나060989,to_in_008,100
2024,다나060990,to_in_001,356
2024,다나060990,to_in_007,180
2024,다나060990,to_in_008,174
2024,다나060991,to_in_001,609
2024,다나060991,to_in_007,294
2024,다나060991,to_in_008,310
2024,다나060992,to_in_001,402
2024,다나060992,to_in_007,190
2024,다나060992,to_in_008,210
2024,다나060993,to_in_001,274
2024,다나060993,to_in_007,127
2024,다나060993,to_in_008,145
2024,다나060994,to_in_001,28
2024,다나060994,to_in_007,13
2024,다나060994,to_in_008,13
2024,다나060995,to_in_001,73
2024,다나060995,to_in_007,37
2024,다나060995,to_in_008,34
2024,다나060998,to_in_001,18
2024,다나060998,to_in_007,8
2024,다나060998,to_in_008,13
2024,다나060999,to_in_001,241
2024,다나060999,to_in_007,107
2024,다나060999,to_in_008,137
2024,다나061719,to_in_001,0
2024,다나061719,to_in_007,0
2024,다나061719,to_in_008,0
2024,다나061735,to_in_001,38
2024,다나061735,to_in_007,23
2024,다나061735,to_in_008,18
2024,다나061739,to_in_001,5
2024,다나061739,to_in_007,5
2024,다나061739,to_in_008,0
2024,다나061740,to_in_001,5
2024,다나061740,to_in_007,5
2024,다나061740,to_in_008,0
2024,다나061741,to_in_001,8
2024,다나061741,to_in_007,5
2024,다나061741,to_in_008,8
2024,다나061744,to_in_001,8
2024,다나061744,to_in_007,5
2024,다나061744,to_in_008,5
2024,다나061745,to_in_001,0
2024,다나061745,to_in_007,0
2024,다나061745,to_in_008,0
2024,다나061746,to_in_001,5
2024,다나061746,to_in_007,5
2024,다나061746,to_in_008,5
2024,다나061747,to_in_001,13
2024,다나061747,to_in_007,5
2024,다나061747,to_in_008,8
2024,다나061748,to_in_001,23
2024,다나061748,to_in_007,13
2024,다나061748,to_in_008,13
2024,다나061753,to_in_001,0
2024,다나061753,to_in_007,0
2024,다나061753,to_in_008,0
2024,다나061975,to_in_001,5
2024,다나061975,to_in_007,5
2024,다나061975,to_in_008,0
2024,다나061980,to_in_001,8
2024,다나061980,to_in_007,5
2024,다나061980,to_in_008,5
2024,다나061982,to_in_001,13
2024,다나061982,to_in_007,8
2024,다나061982,to_in_008,8
2024,다나061983,to_in_001,74
2024,다나061983,to_in_007,41
2024,다나061983,to_in_008,36
2024,다나061985,to_in_001,13
2024,다나061985,to_in_007,8
2024,다나061985,to_in_008,8
2024,다나066741,to_in_001,5
2024,다나066741,to_in_007,5
2024,다나066741,to_in_008,0
2024,다나066742,to_in_001,54
2024,다나066742,to_in_007,39
2024,다나066742,to_in_008,13
2024,다나066749,to_in_001,8
2024,다나066749,to_in_007,5
2024,다나066749,to_in_008,8
2024,다나066754,to_in_001,5
2024,다나066754,to_in_007,0
2024,다나066754,to_in_008,5
2024,다나066989,to_in_001,44
2024,다나066989,to_in_007,24
2024,다나066989,to_in_008,23
2024,다나066990,to_in_001,33
2024,다나066990,to_in_007,18
2024,다나066990,to_in_008,13
2024,다나066991,to_in_001,18
2024,다나066991,to_in_007,8
2024,다나066991,to_in_008,8
2024,다나066992,to_in_001,28
2024,다나066992,to_in_007,18
2024,다나066992,to_in_008,13
2024,다나066994,to_in_001,330
2024,다나066994,to_in_007,174
2024,다나066994,to_in_008,154
2024,다나066995,to_in_001,359
2024,다나066995,to_in_007,170
2024,다나066995,to_in_008,192
2024,다나066996,to_in_001,258
2024,다나066996,to_in_007,128
2024,다나066996,to_in_008,128
2024,다나066997,to_in_001,98
2024,다나066997,to_in_007,40
2024,다나066997,to_in_008,61
2024,다나066998,to_in_001,158
2024,다나066998,to_in_007,84
2024,다나066998,to_in_008,72
2024,다나066999,to_in_001,377
2024,다나066999,to_in_007,196
2024,다나066999,to_in_008,184
2024,다나067717,to_in_001,0
2024,다나067717,to_in_007,0
2024,다나067717,to_in_008,0
2024,다나067720,to_in_001,28
2024,다나067720,to_in_007,13
2024,다나067720,to_in_008,18
2024,다나067721,to_in_001,33
2024,다나067721,to_in_007,18
2024,다나067721,to_in_008,18
2024,다나067727,to_in_001,5
2024,다나067727,to_in_007,0
2024,다나067727,to_in_008,5
2024,다나067737,to_in_001,5
2024,다나067737,to_in_007,5
2024,다나067737,to_in_008,5
2024,다나067990,to_in_001,23
2024,다나067990,to_in_007,18
2024,다나067990,to_in_008,8
2024,다나067991,to_in_001,58
2024,다나067991,to_in_007,28
2024,다나067991,to_in_008,28
2024,다나067992,to_in_001,5
2024,다나067992,to_in_007,5
2024,다나067992,to_in_008,0
2024,다나067993,to_in_001,13
2024,다나067993,to_in_007,8
2024,다나067993,to_in_008,8
2024,다나067994,to_in_001,118
2024,다나067994,to_in_007,59
2024,다나067994,to_in_008,57
2024,다나067995,to_in_001,172
2024,다나067995,to_in_007,89
2024,다나067995,to_in_008,81
2024,다나067996,to_in_001,372
2024,다나067996,to_in_007,179
2024,다나067996,to_in_008,196
2024,다나067997,to_in_001,13
2024,다나067997,to_in_007,8
2024,다나067997,to_in_008,8
2024,다나067998,to_in_001,57
2024,다나067998,to_in_007,30
2024,다나067998,to_in_008,30
2024,다나067999,to_in_001,18
2024,다나067999,to_in_007,8
2024,다나067999,to_in_008,8
2024,다나068720,to_in_001,8
2024,다나068720,to_in_007,5
2024,다나068720,to_in_008,8
2024,다나068721,to_in_001,13
2024,다나068721,to_in_007,8
2024,다나068721,to_in_008,5
2024,다나068737,to_in_001,195
2024,다나068737,to_in_007,94
2024,다나068737,to_in_008,99
2024,다나068738,to_in_001,221
2024,다나068738,to_in_007,110
2024,다나068738,to_in_008,114
2024,다나068739,to_in_001,123
2024,다나068739,to_in_007,53
2024,다나068739,to_in_008,68
2024,다나068740,to_in_001,125
2024,다나068740,to_in_007,64
2024,다나068740,to_in_008,59
2024,다나068749,to_in_001,0
2024,다나068749,to_in_007,0
2024,다나068749,to_in_008,0
2024,다나068975,to_in_001,0
2024,다나068975,to_in_007,0
2024,다나068975,to_in_008,0
2024,다나068989,to_in_001,5
2024,다나068989,to_in_007,5
2024,다나068989,to_in_008,5
2024,다나068990,to_in_001,13
2024,다나068990,to_in_007,8
2024,다나068990,to_in_008,8
2024,다나073725,to_in_001,8
2024,다나073725,to_in_007,5
2024,다나073725,to_in_008,5
2024,다나073726,to_in_001,5
2024,다나073726,to_in_007,5
2024,다나073726,to_in_008,0
2024,다나073727,to_in_001,43
2024,다나073727,to_in_007,23
2024,다나073727,to_in_008,18
2024,다나073728,to_in_001,8
2024,다나073728,to_in_007,0
2024,다나073728,to_in_008,8
2024,다나073729,to_in_001,5
2024,다나073729,to_in_007,5
2024,다나073729,to_in_008,0
2024,다나073733,to_in_001,5
2024,다나073733,to_in_007,0
2024,다나073733,to_in_008,5
2024,다나073735,to_in_001,5
2024,다나073735,to_in_007,5
2024,다나073735,to_in_008,0
2024,다나073736,to_in_001,18
2024,다나073736,to_in_007,8
2024,다나073736,to_in_008,8
2024,다나073737,to_in_001,129
2024,다나073737,to_in_007,64
2024,다나073737,to_in_008,63
2024,다나073738,to_in_001,150
2024,다나073738,to_in_007,74
2024,다나073738,to_in_008,74
2024,다나073739,to_in_001,74
2024,다나073739,to_in_007,44
2024,다나073739,to_in_008,33
2024,다나073740,to_in_001,38
2024,다나073740,to_in_007,23
2024,다나073740,to_in_008,18
2024,다나073741,to_in_001,59
2024,다나073741,to_in_007,28
2024,다나073741,to_in_008,29
2024,다나073742,to_in_001,182
2024,다나073742,to_in_007,86
2024,다나073742,to_in_008,99
2024,다나073743,to_in_001,71
2024,다나073743,to_in_007,30
2024,다나073743,to_in_008,39
2024,다나073744,to_in_001,98
2024,다나073744,to_in_007,62
2024,다나073744,to_in_008,34
2024,다나073745,to_in_001,113
2024,다나073745,to_in_007,51
2024,다나073745,to_in_008,60
2024,다나073746,to_in_001,76
2024,다나073746,to_in_007,41
2024,다나073746,to_in_008,33
2024,다나073747,to_in_001,33
2024,다나073747,to_in_007,18
2024,다나073747,to_in_008,18
2024,다나073749,to_in_001,0
2024,다나073749,to_in_007,0
2024,다나073749,to_in_008,0
2024,다나073754,to_in_001,5
2024,다나073754,to_in_007,5
2024,다나073754,to_in_008,0
2024,다나073944,to_in_001,0
2024,다나073944,to_in_007,0
2024,다나073944,to_in_008,0
2024,다나073981,to_in_001,0
2024,다나073981,to_in_007,0
2024,다나073981,to_in_008,0
2024,다나073983,to_in_001,18
2024,다나073983,to_in_007,8
2024,다나073983,to_in_008,8
2024,다나073991,to_in_001,53
2024,다나073991,to_in_007,28
2024,다나073991,to_in_008,28
2024,다나073992,to_in_001,54
2024,다나073992,to_in_007,29
2024,다나073992,to_in_008,23
2024,다나073993,to_in_001,13
2024,다나073993,to_in_007,8
2024,다나073993,to_in_008,5
2024,다나073994,to_in_001,58
2024,다나073994,to_in_007,28
2024,다나073994,to_in_008,28
2024,다나073995,to_in_001,130
2024,다나073995,to_in_007,64
2024,다나073995,to_in_008,64
2024,다나073997,to_in_001,5
2024,다나073997,to_in_007,0
2024,다나073997,to_in_008,5
2024,다나073998,to_in_001,133
2024,다나073998,to_in_007,78
2024,다나073998,to_in_008,53
2024,다나073999,to_in_001,226
2024,다나073999,to_in_007,110
2024,다나073999,to_in_008,114
2024,다나074715,to_in_001,5
2024,다나074715,to_in_007,5
2024,다나074715,to_in_008,0
2024,다나074716,to_in_001,5
2024,다나060740,to_in_008,8
2024,다나060741,to_in_001,23
2024,다나060741,to_in_007,8
2024,다나060741,to_in_008,13
2024,다나060742,to_in_001,8
2024,다나060742,to_in_007,5
2024,다나060742,to_in_008,5
2024,다나060744,to_in_001,5
2024,다나060744,to_in_007,0
2024,다나060744,to_in_008,5
2024,다나060747,to_in_001,5
2024,다나060747,to_in_007,5
2024,다나060747,to_in_008,0
2024,다나060766,to_in_001,8
2024,다나060766,to_in_007,5
2024,다나060766,to_in_008,5
2024,다나060767,to_in_001,13
2024,다나060767,to_in_007,8
2024,다나060767,to_in_008,8
2024,다나060768,to_in_001,5
2024,다나060768,to_in_007,0
2024,다나060768,to_in_008,0
2024,다나060928,to_in_001,8
2024,다나060928,to_in_007,5
2024,다나060928,to_in_008,5
2024,다나064989,to_in_001,13
2024,다나064989,to_in_007,8
2024,다나064989,to_in_008,8
2024,다나064990,to_in_001,38
2024,다나064990,to_in_007,23
2024,다나064990,to_in_008,18
2024,다나064991,to_in_001,116
2024,다나064991,to_in_007,75
2024,다나064991,to_in_008,44
2024,다나064992,to_in_001,208
2024,다나064992,to_in_007,99
2024,다나064992,to_in_008,107
2024,다나064994,to_in_001,225
2024,다나064994,to_in_007,112
2024,다나064994,to_in_008,111
2024,다나064995,to_in_001,112
2024,다나064995,to_in_007,63
2024,다나064995,to_in_008,52
2024,다나064996,to_in_001,173
2024,다나064996,to_in_007,87
2024,다나064996,to_in_008,89
2024,다나064997,to_in_001,107
2024,다나064997,to_in_007,51
2024,다나064997,to_in_008,59
2024,다나064998,to_in_001,226
2024,다나064998,to_in_007,107
2024,다나064998,to_in_008,117
2024,다나064999,to_in_001,91
2024,다나064999,to_in_007,40
2024,다나064999,to_in_008,49
2024,다나065720,to_in_001,5
2024,다나065720,to_in_007,5
2024,다나065720,to_in_008,0
2024,다나065721,to_in_001,18
2024,다나065721,to_in_007,13
2024,다나065721,to_in_008,8
2024,다나065722,to_in_001,13
2024,다나065722,to_in_007,5
2024,다나065722,to_in_008,8
2024,다나065727,to_in_001,8
2024,다나065727,to_in_007,5
2024,다나065727,to_in_008,5
2024,다나065736,to_in_001,0
2024,다나065736,to_in_007,0
2024,다나065736,to_in_008,0
2024,다나065740,to_in_001,5
2024,다나065740,to_in_007,5
2024,다나065740,to_in_008,0
2024,다나065742,to_in_001,5
2024,다나065742,to_in_007,5
2024,다나065742,to_in_008,0
2024,다나065743,to_in_001,13
2024,다나065743,to_in_007,8
2024,다나065743,to_in_008,8
2024,다나065749,to_in_001,0
2024,다나065749,to_in_007,0
2024,다나065749,to_in_008,0
2024,다나065752,to_in_001,5
2024,다나065752,to_in_007,5
2024,다나065752,to_in_008,0
2024,다나065778,to_in_001,0
2024,다나065778,to_in_007,0
2024,다나065778,to_in_008,0
2024,다나065779,to_in_001,0
2024,다나065779,to_in_007,0
2024,다나065779,to_in_008,0
2024,다나065911,to_in_001,5
2024,다나065911,to_in_007,5
2024,다나065911,to_in_008,0
2024,다나065987,to_in_001,8
2024,다나065987,to_in_007,8
2024,다나065987,to_in_008,5
2024,다나065988,to_in_001,28
2024,다나065988,to_in_007,13
2024,다나065988,to_in_008,13
2024,다나065989,to_in_001,118
2024,다나065989,to_in_007,68
2024,다나065989,to_in_008,53
2024,다나065990,to_in_001,33
2024,다나065990,to_in_007,18
2024,다나065990,to_in_008,13
2024,다나065991,to_in_001,134
2024,다나065991,to_in_007,62
2024,다나065991,to_in_008,70
2024,다나065992,to_in_001,5
2024,다나065992,to_in_007,5
2024,다나065992,to_in_008,0
2024,다나065994,to_in_001,116
2024,다나065994,to_in_007,59
2024,다나065994,to_in_008,55
2024,다나065995,to_in_001,151
2024,다나065995,to_in_007,72
2024,다나065995,to_in_008,77
2024,다나065996,to_in_001,219
2024,다나065996,to_in_007,102
2024,다나065996,to_in_008,120
2024,다나065997,to_in_001,248
2024,다나065997,to_in_007,133
2024,다나065997,to_in_008,113
2024,다나065998,to_in_001,349
2024,다나065998,to_in_007,158
2024,다나065998,to_in_008,189
2024,다나065999,to_in_001,241
2024,다나065999,to_in_007,119
2024,다나065999,to_in_008,120
2024,다나066720,to_in_001,5
2024,다나066720,to_in_007,5
2024,다나066720,to_in_008,5
2024,다나066722,to_in_001,8
2024,다나066722,to_in_007,8
2024,다나066722,to_in_008,5
2024,다나066724,to_in_001,5
2024,다나066724,to_in_007,0
2024,다나066724,to_in_008,5
2024,다나066733,to_in_001,5
2024,다나066733,to_in_007,0
2024,다나066733,to_in_008,0
2024,다나070737,to_in_001,515
2024,다나070737,to_in_007,253
2024,다나070737,to_in_008,267
2024,다나070738,to_in_001,368
2024,다나070738,to_in_007,189
2024,다나070738,to_in_008,182
2024,다나070739,to_in_001,314
2024,다나070739,to_in_007,141
2024,다나070739,to_in_008,171
2024,다나070740,to_in_001,120
2024,다나070740,to_in_007,41
2024,다나070740,to_in_008,77
2024,다나070741,to_in_001,176
2024,다나070741,to_in_007,75
2024,다나070741,to_in_008,99
2024,다나070749,to_in_001,0
2024,다나070749,to_in_007,0
2024,다나070749,to_in_008,0
2024,다나070752,to_in_001,0
2024,다나070752,to_in_007,0
2024,다나070752,to_in_008,0
2024,다나070759,to_in_001,5
2024,다나070759,to_in_007,5
2024,다나070759,to_in_008,0
2024,다나070778,to_in_001,5
2024,다나070778,to_in_007,5
2024,다나070778,to_in_008,0
2024,다나070974,to_in_001,0
2024,다나070974,to_in_007,0
2024,다나070974,to_in_008,0
2024,다나070988,to_in_001,13
2024,다나070988,to_in_007,5
2024,다나070988,to_in_008,8
2024,다나070989,to_in_001,61
2024,다나070989,to_in_007,29
2024,다나070989,to_in_008,30
2024,다나070991,to_in_001,5
2024,다나070991,to_in_007,0
2024,다나070991,to_in_008,5
2024,다나070992,to_in_001,8
2024,다나070992,to_in_007,5
2024,다나070992,to_in_008,8
2024,다나070993,to_in_001,49
2024,다나070993,to_in_007,23
2024,다나070993,to_in_008,24
2024,다나070994,to_in_001,235
2024,다나070994,to_in_007,116
2024,다나070994,to_in_008,117
2024,다나070995,to_in_001,181
2024,다나070995,to_in_007,92
2024,다나070995,to_in_008,92
2024,다나070996,to_in_001,58
2024,다나070996,to_in_007,28
2024,다나070996,to_in_008,33
2024,다나070997,to_in_001,165
2024,다나070997,to_in_007,77
2024,다나070997,to_in_008,86
2024,다나070998,to_in_001,33
2024,다나070998,to_in_007,18
2024,다나070998,to_in_008,18
2024,다나070999,to_in_001,224
2024,다나070999,to_in_007,116
2024,다나070999,to_in_008,106
2024,다나071718,to_in_001,5
2024,다나071718,to_in_007,5
2024,다나071718,to_in_008,0
2024,다나071719,to_in_001,8
2024,다나071719,to_in_007,5
2024,다나071719,to_in_008,5
2024,다나071721,to_in_001,0
2024,다나071721,to_in_007,0
2024,다나071721,to_in_008,0
2024,다나071726,to_in_001,5
2024,다나071726,to_in_007,5
2024,다나071726,to_in_008,0
2024,다나071731,to_in_001,5
2024,다나071731,to_in_007,0
2024,다나071731,to_in_008,5
2024,다나071735,to_in_001,40
2024,다나071735,to_in_007,25
2024,다나071735,to_in_008,13
2024,다나071736,to_in_001,83
2024,다나071736,to_in_007,39
2024,다나071736,to_in_008,47
2024,다나071737,to_in_001,118
2024,다나071737,to_in_007,51
2024,다나071737,to_in_008,65
2024,다나071738,to_in_001,189
2024,다나071738,to_in_007,93
2024,다나071738,to_in_008,99
2024,다나071739,to_in_001,139
2024,다나071739,to_in_007,69
2024,다나071739,to_in_008,73
2024,다나071741,to_in_001,294
2024,다나071741,to_in_007,148
2024,다나071741,to_in_008,149
2024,다나071742,to_in_001,115
2024,다나071742,to_in_007,50
2024,다나071742,to_in_008,58
2024,다나071751,to_in_001,79
2024,다나071751,to_in_007,38
2024,다나071751,to_in_008,44
2024,다나071757,to_in_001,5
2024,다나071757,to_in_007,5
2024,다나071757,to_in_008,5
2024,다나071976,to_in_001,5
2024,다나071976,to_in_007,0
2024,다나071976,to_in_008,5
2024,다나071988,to_in_001,13
2024,다나071988,to_in_007,8
2024,다나071988,to_in_008,5
2024,다나071992,to_in_001,0
2024,다나071992,to_in_007,0
2024,다나071992,to_in_008,0
2024,다나077750,to_in_001,23
2024,다나077750,to_in_007,13
2024,다나077750,to_in_008,8
2024,다나077751,to_in_001,13
2024,다나077751,to_in_007,8
2024,다나077751,to_in_008,8
2024,다나077765,to_in_001,5
2024,다나077765,to_in_007,0
2024,다나077765,to_in_008,5
2024,다나077766,to_in_001,5
2024,다나077766,to_in_007,0
2024,다나077766,to_in_008,5
2024,다나077976,to_in_001,5
2024,다나077976,to_in_007,0
2024,다나077976,to_in_008,0
2024,다나077978,to_in_001,18
2024,다나077978,to_in_007,8
2024,다나077978,to_in_008,8
2024,다나077979,to_in_001,23
2024,다나077979,to_in_007,8
2024,다나077979,to_in_008,13
2024,다나077981,to_in_001,33
2024,다나077981,to_in_007,18
2024,다나077981,to_in_008,18
2024,다나077982,to_in_001,38
2024,다나077982,to_in_007,23
2024,다나077982,to_in_008,18
2024,다나077983,to_in_001,129
2024,다나077983,to_in_007,64
2024,다나077983,to_in_008,68
2024,다나077991,to_in_001,103
2024,다나077991,to_in_007,49
2024,다나077991,to_in_008,57
2024,다나077998,to_in_001,33
2024,다나077998,to_in_007,18
2024,다나077998,to_in_008,13
2024,다나077999,to_in_001,114
2024,다나062754,to_in_008,0
2024,다나062757,to_in_001,5
2024,다나062757,to_in_007,0
2024,다나062757,to_in_008,5
2024,다나062959,to_in_001,5
2024,다나062959,to_in_007,5
2024,다나062959,to_in_008,0
2024,다나062986,to_in_001,8
2024,다나062986,to_in_007,5
2024,다나062986,to_in_008,5
2024,다나062987,to_in_001,13
2024,다나062987,to_in_007,5
2024,다나062987,to_in_008,8
2024,다나062988,to_in_001,182
2024,다나062988,to_in_007,98
2024,다나062988,to_in_008,82
2024,다나062989,to_in_001,113
2024,다나062989,to_in_007,56
2024,다나062989,to_in_008,55
2024,다나062990,to_in_001,252
2024,다나062990,to_in_007,139
2024,다나062990,to_in_008,111
2024,다나062991,to_in_001,146
2024,다나062991,to_in_007,79
2024,다나062991,to_in_008,70
2024,다나062992,to_in_001,188
2024,다나062992,to_in_007,105
2024,다나062992,to_in_008,81
2024,다나062993,to_in_001,18
2024,다나062993,to_in_007,13
2024,다나062993,to_in_008,5
2024,다나062994,to_in_001,200
2024,다나062994,to_in_007,102
2024,다나062994,to_in_008,101
2024,다나062995,to_in_001,203
2024,다나062995,to_in_007,85
2024,다나062995,to_in_008,121
2024,다나062996,to_in_001,234
2024,다나062996,to_in_007,119
2024,다나062996,to_in_008,117
2024,다나062997,to_in_001,5
2024,다나062997,to_in_007,5
2024,다나062997,to_in_008,5
2024,다나062998,to_in_001,33
2024,다나062998,to_in_007,18
2024,다나062998,to_in_008,18
2024,다나068991,to_in_001,23
2024,다나068991,to_in_007,13
2024,다나068991,to_in_008,13
2024,다나068992,to_in_001,48
2024,다나068992,to_in_007,23
2024,다나068992,to_in_008,23
2024,다나068993,to_in_001,58
2024,다나068993,to_in_007,28
2024,다나068993,to_in_008,28
2024,다나068994,to_in_001,118
2024,다나068994,to_in_007,58
2024,다나068994,to_in_008,63
2024,다나068995,to_in_001,261
2024,다나068995,to_in_007,134
2024,다나068995,to_in_008,125
2024,다나068996,to_in_001,133
2024,다나068996,to_in_007,59
2024,다나068996,to_in_008,72
2024,다나068997,to_in_001,144
2024,다나068997,to_in_007,72
2024,다나068997,to_in_008,75
2024,다나068998,to_in_001,161
2024,다나068998,to_in_007,89
2024,다나068998,to_in_008,75
2024,다나068999,to_in_001,94
2024,다나068999,to_in_007,44
2024,다나068999,to_in_008,48
2024,다나069717,to_in_001,8
2024,다나069717,to_in_007,8
2024,다나069717,to_in_008,0
2024,다나069721,to_in_001,8
2024,다나069721,to_in_007,5
2024,다나069721,to_in_008,5
2024,다나069726,to_in_001,53
2024,다나069726,to_in_007,23
2024,다나069726,to_in_008,28
2024,다나069727,to_in_001,33
2024,다나069727,to_in_007,13
2024,다나069727,to_in_008,18
2024,다나069733,to_in_001,8
2024,다나069733,to_in_007,5
2024,다나069733,to_in_008,5
2024,다나069734,to_in_001,8
2024,다나069734,to_in_007,5
2024,다나069734,to_in_008,5
2024,다나069737,to_in_001,126
2024,다나069737,to_in_007,63
2024,다나069737,to_in_008,66
2024,다나069738,to_in_001,175
2024,다나069738,to_in_007,89
2024,다나069738,to_in_008,89
2024,다나069739,to_in_001,111
2024,다나069739,to_in_007,55
2024,다나069739,to_in_008,54
2024,다나069740,to_in_001,221
2024,다나069740,to_in_007,116
2024,다나069740,to_in_008,108
2024,다나069750,to_in_001,8
2024,다나069750,to_in_007,5
2024,다나069750,to_in_008,5
2024,다나069751,to_in_001,0
2024,다나069751,to_in_007,0
2024,다나069751,to_in_008,0
2024,다나069989,to_in_001,18
2024,다나069989,to_in_007,8
2024,다나069989,to_in_008,8
2024,다나069990,to_in_001,125
2024,다나069990,to_in_007,52
2024,다나069990,to_in_008,71
2024,다나069991,to_in_001,18
2024,다나069991,to_in_007,8
2024,다나069991,to_in_008,8
2024,다나069992,to_in_001,23
2024,다나069992,to_in_007,13
2024,다나069992,to_in_008,8
2024,다나069993,to_in_001,38
2024,다나069993,to_in_007,13
2024,다나069993,to_in_008,23
2024,다나069994,to_in_001,117
2024,다나069994,to_in_007,56
2024,다나069994,to_in_008,64
2024,다나069995,to_in_001,162
2024,다나069995,to_in_007,84
2024,다나069995,to_in_008,76
2024,다나069996,to_in_001,198
2024,다나069996,to_in_007,110
2024,다나069996,to_in_008,91
2024,다나069997,to_in_001,120
2024,다나069997,to_in_007,57
2024,다나069997,to_in_008,66
2024,다나069998,to_in_001,155
2024,다나069998,to_in_007,78
2024,다나069998,to_in_008,75
2024,다나069999,to_in_001,186
2024,다나069999,to_in_007,97
2024,다나069999,to_in_008,92
2024,다나070718,to_in_001,8
2024,다나070718,to_in_007,8
2024,다나070718,to_in_008,5
2024,다나070719,to_in_001,5
2024,다나070719,to_in_007,5
2024,다나070719,to_in_008,5
2024,다나070723,to_in_001,5
2024,다나070723,to_in_007,5
2024,다나070723,to_in_008,0
2024,다나070726,to_in_001,38
2024,다나070726,to_in_007,18
2024,다나070726,to_in_008,18
2024,다나070727,to_in_001,38
2024,다나070727,to_in_007,18
2024,다나070727,to_in_008,18
2024,다나070735,to_in_001,5
2024,다나070735,to_in_007,5
2024,다나070735,to_in_008,5
2024,다나070736,to_in_001,124
2024,다나070736,to_in_007,61
2024,다나070736,to_in_008,61
2024,다나075737,to_in_001,82
2024,다나075737,to_in_007,35
2024,다나075737,to_in_008,45
2024,다나075738,to_in_001,44
2024,다나075738,to_in_007,24
2024,다나075738,to_in_008,18
2024,다나075739,to_in_001,196
2024,다나075739,to_in_007,90
2024,다나075739,to_in_008,109
2024,다나075740,to_in_001,125
2024,다나075740,to_in_007,70
2024,다나075740,to_in_008,53
2024,다나075741,to_in_001,60
2024,다나075741,to_in_007,35
2024,다나075741,to_in_008,28
2024,다나075742,to_in_001,8
2024,다나075742,to_in_007,5
2024,다나075742,to_in_008,8
2024,다나075743,to_in_001,28
2024,다나075743,to_in_007,18
2024,다나075743,to_in_008,13
2024,다나075744,to_in_001,82
2024,다나075744,to_in_007,42
2024,다나075744,to_in_008,38
2024,다나075745,to_in_001,75
2024,다나075745,to_in_007,40
2024,다나075745,to_in_008,33
2024,다나075746,to_in_001,75
2024,다나075746,to_in_007,38
2024,다나075746,to_in_008,35
2024,다나075747,to_in_001,87
2024,다나075747,to_in_007,51
2024,다나075747,to_in_008,39
2024,다나075748,to_in_001,18
2024,다나075748,to_in_007,13
2024,다나075748,to_in_008,5
2024,다나075750,to_in_001,5
2024,다나075750,to_in_007,5
2024,다나075750,to_in_008,0
2024,다나075755,to_in_001,0
2024,다나075755,to_in_007,0
2024,다나075755,to_in_008,0
2024,다나075769,to_in_001,5
2024,다나075769,to_in_007,5
2024,다나075769,to_in_008,0
2024,다나075773,to_in_001,5
2024,다나075773,to_in_007,5
2024,다나075773,to_in_008,0
2024,다나075981,to_in_001,68
2024,다나075981,to_in_007,33
2024,다나075981,to_in_008,33
2024,다나075982,to_in_001,108
2024,다나075982,to_in_007,52
2024,다나075982,to_in_008,54
2024,다나075983,to_in_001,18
2024,다나075983,to_in_007,8
2024,다나075983,to_in_008,8
2024,다나075984,to_in_001,68
2024,다나075984,to_in_007,35
2024,다나075984,to_in_008,36
2024,다나075985,to_in_001,5
2024,다나075985,to_in_007,0
2024,다나075985,to_in_008,5
2024,다나075991,to_in_001,48
2024,다나075991,to_in_007,28
2024,다나075991,to_in_008,23
2024,다나075992,to_in_001,58
2024,다나075992,to_in_007,28
2024,다나075992,to_in_008,33
2024,다나075993,to_in_001,5
2024,다나075993,to_in_007,5
2024,다나075993,to_in_008,0
2024,다나075994,to_in_001,5
2024,다나075994,to_in_007,0
2024,다나075994,to_in_008,5
2024,다나075995,to_in_001,5
2024,다나075995,to_in_007,5
2024,다나075995,to_in_008,0
2024,다나075996,to_in_001,8
2024,다나075996,to_in_007,5
2024,다나075996,to_in_008,8
2024,다나075998,to_in_001,136
2024,다나075998,to_in_007,73
2024,다나075998,to_in_008,66
2024,다나075999,to_in_001,28
2024,다나075999,to_in_007,18
2024,다나075999,to_in_008,8
2024,다나076716,to_in_001,5
2024,다나076716,to_in_007,5
2024,다나076716,to_in_008,0
2024,다나076721,to_in_001,5
2024,다나076721,to_in_007,5
2024,다나076721,to_in_008,0
2024,다나076723,to_in_001,13
2024,다나076723,to_in_007,8
2024,다나076723,to_in_008,8
2024,다나076724,to_in_001,5
2024,다나076724,to_in_007,5
2024,다나076724,to_in_008,0
2024,다나076725,to_in_001,0
2024,다나076725,to_in_007,0
2024,다나076725,to_in_008,0
2024,다나076726,to_in_001,18
2024,다나076726,to_in_007,13
2024,다나076726,to_in_008,5
2024,다나076730,to_in_001,13
2024,다나076730,to_in_007,8
2024,다나076730,to_in_008,5
2024,다나076736,to_in_001,175
2024,다나076736,to_in_007,80
2024,다나076736,to_in_008,93
2024,다나076737,to_in_001,48
2024,다나076737,to_in_007,18
2024,다나076737,to_in_008,28
2024,다나076738,to_in_001,33
2024,다나076738,to_in_007,13
2024,다나076738,to_in_008,18
2024,다나076739,to_in_001,18
2024,다나076739,to_in_007,13
2024,다나076739,to_in_008,8
2024,다나076740,to_in_001,129
2024,다나076740,to_in_007,73
2024,다나076740,to_in_008,59
2024,다나079746,to_in_001,81
2024,다나079746,to_in_007,51
2024,다나079746,to_in_008,33
2024,다나079747,to_in_001,13
2024,다나079747,to_in_007,5
2024,다나079747,to_in_008,8
2024,다나079748,to_in_001,65
2024,다나075734,to_in_007,0
2024,다나075734,to_in_008,0
2024,다나085974,to_in_001,28
2024,다나085974,to_in_007,13
2024,다나085974,to_in_008,13
2024,다나085975,to_in_001,13
2024,다나085975,to_in_007,8
2024,다나085975,to_in_008,8
2024,다나085976,to_in_001,0
2024,다나085976,to_in_007,0
2024,다나085976,to_in_008,0
2024,다나085993,to_in_001,5
2024,다나085993,to_in_007,5
2024,다나085993,to_in_008,0
2024,다나085994,to_in_001,5
2024,다나085994,to_in_007,0
2024,다나085994,to_in_008,0
2024,다나085995,to_in_001,5
2024,다나085995,to_in_007,5
2024,다나085995,to_in_008,0
2024,다나086727,to_in_001,5
2024,다나086727,to_in_007,0
2024,다나086727,to_in_008,0
2024,다나086728,to_in_001,5
2024,다나086728,to_in_007,0
2024,다나086728,to_in_008,0
2024,다나086731,to_in_001,0
2024,다나086731,to_in_007,0
2024,다나086731,to_in_008,0
2024,다나086732,to_in_001,5
2024,다나086732,to_in_007,0
2024,다나086732,to_in_008,0
2024,다나086733,to_in_001,149
2024,다나086733,to_in_007,67
2024,다나086733,to_in_008,85
2024,다나086736,to_in_001,8
2024,다나086736,to_in_007,0
2024,다나086736,to_in_008,8
2024,다나086742,to_in_001,5
2024,다나086742,to_in_007,5
2024,다나086742,to_in_008,0
2024,다나086743,to_in_001,13
2024,다나086743,to_in_007,5
2024,다나086743,to_in_008,8
2024,다나086744,to_in_001,8
2024,다나086744,to_in_007,5
2024,다나086744,to_in_008,5
2024,다나086745,to_in_001,5
2024,다나086745,to_in_007,5
2024,다나086745,to_in_008,5
2024,다나086746,to_in_001,13
2024,다나086746,to_in_007,5
2024,다나086746,to_in_008,8
2024,다나086747,to_in_001,13
2024,다나086747,to_in_007,8
2024,다나086747,to_in_008,5
2024,다나086749,to_in_001,8
2024,다나086749,to_in_007,5
2024,다나086749,to_in_008,5
2024,다나086966,to_in_001,5
2024,다나086966,to_in_007,0
2024,다나086966,to_in_008,0
2024,다나086979,to_in_001,137
2024,다나086979,to_in_007,58
2024,다나086979,to_in_008,77
2024,다나086999,to_in_001,8
2024,다나086999,to_in_007,5
2024,다나086999,to_in_008,5
2024,다나087728,to_in_001,5
2024,다나087728,to_in_007,0
2024,다나087728,to_in_008,5
2024,다나087730,to_in_001,0
2024,다나087730,to_in_007,0
2024,다나087730,to_in_008,0
2024,다나087733,to_in_001,99
2024,다나087733,to_in_007,45
2024,다나087733,to_in_008,52
2024,다나087734,to_in_001,166
2024,다나087734,to_in_007,84
2024,다나087734,to_in_008,80
2024,다나087735,to_in_001,310
2024,다나087735,to_in_007,145
2024,다나087735,to_in_008,163
2024,다나087740,to_in_001,5
2024,다나087740,to_in_007,0
2024,다나087740,to_in_008,5
2024,다나087742,to_in_001,28
2024,다나087742,to_in_007,18
2024,다나087742,to_in_008,13
2024,다나087743,to_in_001,13
2024,다나087743,to_in_007,8
2024,다나087743,to_in_008,5
2024,다나087744,to_in_001,18
2024,다나087744,to_in_007,13
2024,다나087744,to_in_008,8
2024,다나087745,to_in_001,28
2024,다나087745,to_in_007,13
2024,다나087745,to_in_008,18
2024,다나087746,to_in_001,23
2024,다나087746,to_in_007,8
2024,다나087746,to_in_008,13
2024,다나087747,to_in_001,5
2024,다나087747,to_in_007,5
2024,다나087747,to_in_008,5
2024,다나087966,to_in_001,5
2024,다나087966,to_in_007,0
2024,다나087966,to_in_008,5
2024,다나087967,to_in_001,8
2024,다나087967,to_in_007,5
2024,다나087967,to_in_008,5
2024,다나087974,to_in_001,5
2024,다나087974,to_in_007,0
2024,다나087974,to_in_008,5
2024,다나087978,to_in_001,5
2024,다나087978,to_in_007,0
2024,다나087978,to_in_008,5
2024,다나087979,to_in_001,89
2024,다나087979,to_in_007,39
2024,다나087979,to_in_008,48
2024,다나091755,to_in_001,5
2024,다나091755,to_in_007,0
2024,다나091755,to_in_008,5
2024,다나091966,to_in_001,0
2024,다나091966,to_in_007,0
2024,다나091966,to_in_008,0
2024,다나091970,to_in_001,8
2024,다나091970,to_in_007,8
2024,다나091970,to_in_008,5
2024,다나091972,to_in_001,5
2024,다나091972,to_in_007,0
2024,다나091972,to_in_008,0
2024,다나091973,to_in_001,5
2024,다나091973,to_in_007,5
2024,다나091973,to_in_008,5
2024,다나091975,to_in_001,8
2024,다나091975,to_in_007,8
2024,다나091975,to_in_008,8
2024,다나091976,to_in_001,8
2024,다나091976,to_in_007,5
2024,다나091976,to_in_008,8
2024,다나091978,to_in_001,8
2024,다나091978,to_in_007,5
2024,다나091978,to_in_008,5
2024,다나091982,to_in_001,58
2024,다나091982,to_in_007,28
2024,다나091982,to_in_008,28
2024,다나091983,to_in_001,13
2024,다나091983,to_in_007,8
2024,다나091983,to_in_008,8
2024,다나091984,to_in_001,0
2024,다나091984,to_in_007,0
2024,다나091984,to_in_008,0
2024,다나091985,to_in_001,69
2024,다나091985,to_in_007,34
2024,다나091985,to_in_008,38
2024,다나091987,to_in_001,5
2024,다나091987,to_in_007,0
2024,다나091987,to_in_008,0
2024,다나091999,to_in_001,5
2024,다나091999,to_in_007,5
2024,다나091999,to_in_008,5
2024,다나092729,to_in_001,5
2024,다나092729,to_in_007,5
2024,다나092729,to_in_008,5
2024,다나092731,to_in_001,5
2024,다나092731,to_in_007,5
2024,다나092731,to_in_008,0
2024,다나072999,to_in_007,68
2024,다나072999,to_in_008,70
2024,다나073717,to_in_001,5
2024,다나073717,to_in_007,0
2024,다나073717,to_in_008,5
2024,다나073720,to_in_001,8
2024,다나073720,to_in_007,5
2024,다나073720,to_in_008,5
2024,다나073724,to_in_001,13
2024,다나073724,to_in_007,8
2024,다나073724,to_in_008,5
2024,다나076741,to_in_001,59
2024,다나076741,to_in_007,27
2024,다나076741,to_in_008,30
2024,다나076743,to_in_001,18
2024,다나076743,to_in_007,13
2024,다나076743,to_in_008,8
2024,다나076744,to_in_001,81
2024,다나076744,to_in_007,45
2024,다나076744,to_in_008,34
2024,다나076745,to_in_001,94
2024,다나076745,to_in_007,53
2024,다나076745,to_in_008,39
2024,다나076746,to_in_001,70
2024,다나076746,to_in_007,40
2024,다나076746,to_in_008,33
2024,다나076747,to_in_001,53
2024,다나076747,to_in_007,28
2024,다나076747,to_in_008,23
2024,다나076748,to_in_001,5
2024,다나076748,to_in_007,0
2024,다나076748,to_in_008,5
2024,다나076750,to_in_001,5
2024,다나076750,to_in_007,0
2024,다나076750,to_in_008,5
2024,다나076751,to_in_001,5
2024,다나076751,to_in_007,0
2024,다나076751,to_in_008,5
2024,다나076752,to_in_001,8
2024,다나076752,to_in_007,5
2024,다나076752,to_in_008,5
2024,다나076754,to_in_001,5
2024,다나076754,to_in_007,0
2024,다나076754,to_in_008,5
2024,다나076758,to_in_001,5
2024,다나076758,to_in_007,0
2024,다나076758,to_in_008,5
2024,다나076976,to_in_001,5
2024,다나076976,to_in_007,5
2024,다나076976,to_in_008,0
2024,다나076978,to_in_001,5
2024,다나076978,to_in_007,5
2024,다나076978,to_in_008,0
2024,다나076981,to_in_001,18
2024,다나076981,to_in_007,8
2024,다나076981,to_in_008,8
2024,다나076982,to_in_001,0
2024,다나076982,to_in_007,0
2024,다나076982,to_in_008,0
2024,다나076983,to_in_001,111
2024,다나076983,to_in_007,54
2024,다나076983,to_in_008,60
2024,다나076991,to_in_001,23
2024,다나076991,to_in_007,13
2024,다나076991,to_in_008,13
2024,다나076997,to_in_001,82
2024,다나076997,to_in_007,33
2024,다나076997,to_in_008,47
2024,다나076998,to_in_001,72
2024,다나076998,to_in_007,32
2024,다나076998,to_in_008,38
2024,다나076999,to_in_001,5
2024,다나076999,to_in_007,0
2024,다나076999,to_in_008,5
2024,다나077716,to_in_001,0
2024,다나077716,to_in_007,0
2024,다나077716,to_in_008,0
2024,다나077717,to_in_001,5
2024,다나077717,to_in_007,0
2024,다나077717,to_in_008,5
2024,다나077720,to_in_001,5
2024,다나077720,to_in_007,5
2024,다나077720,to_in_008,0
2024,다나077721,to_in_001,23
2024,다나077721,to_in_007,13
2024,다나077721,to_in_008,13
2024,다나077722,to_in_001,5
2024,다나077722,to_in_007,0
2024,다나077722,to_in_008,5
2024,다나077723,to_in_001,18
2024,다나077723,to_in_007,13
2024,다나077723,to_in_008,8
2024,다나077724,to_in_001,77
2024,다나077724,to_in_007,37
2024,다나077724,to_in_008,38
2024,다나077725,to_in_001,75
2024,다나077725,to_in_007,35
2024,다나077725,to_in_008,38
2024,다나077726,to_in_001,23
2024,다나077726,to_in_007,13
2024,다나077726,to_in_008,8
2024,다나077727,to_in_001,8
2024,다나077727,to_in_007,5
2024,다나077727,to_in_008,8
2024,다나077735,to_in_001,23
2024,다나077735,to_in_007,8
2024,다나077735,to_in_008,13
2024,다나077736,to_in_001,158
2024,다나077736,to_in_007,74
2024,다나077736,to_in_008,87
2024,다나077737,to_in_001,175
2024,다나077737,to_in_007,85
2024,다나077737,to_in_008,88
2024,다나077738,to_in_001,65
2024,다나077738,to_in_007,39
2024,다나077738,to_in_008,24
2024,다나077739,to_in_001,29
2024,다나077739,to_in_007,24
2024,다나077739,to_in_008,8
2024,다나077740,to_in_001,53
2024,다나077740,to_in_007,33
2024,다나077740,to_in_008,23
2024,다나077741,to_in_001,18
2024,다나077741,to_in_007,13
2024,다나077741,to_in_008,8
2024,다나077744,to_in_001,70
2024,다나077744,to_in_007,39
2024,다나077744,to_in_008,29
2024,다나077745,to_in_001,88
2024,다나077745,to_in_007,46
2024,다나077745,to_in_008,40
2024,다나077746,to_in_001,93
2024,다나077746,to_in_007,46
2024,다나077746,to_in_008,45
2024,다나077747,to_in_001,18
2024,다나077747,to_in_007,8
2024,다나077747,to_in_008,8
2024,다나077748,to_in_001,5
2024,다나077748,to_in_007,5
2024,다나077748,to_in_008,5
2024,다나080739,to_in_001,48
2024,다나080739,to_in_007,23
2024,다나080739,to_in_008,23
2024,다나080740,to_in_001,63
2024,다나080740,to_in_007,33
2024,다나080740,to_in_008,33
2024,다나080741,to_in_001,89
2024,다나080741,to_in_007,54
2024,다나080741,to_in_008,38
2024,다나080742,to_in_001,48
2024,다나080742,to_in_007,28
2024,다나080742,to_in_008,23
2024,다나080743,to_in_001,8
2024,다나080743,to_in_007,5
2024,다나080743,to_in_008,8
2024,다나080744,to_in_001,68
2024,다나080744,to_in_007,38
2024,다나080744,to_in_008,33
2024,다나080745,to_in_001,81
2024,다나080745,to_in_007,48
2024,다나080745,to_in_008,36
2024,다나080746,to_in_001,23
2024,다나080746,to_in_007,8
2024,다나080746,to_in_008,13
2024,다나080747,to_in_001,18
2024,다나080747,to_in_007,8
2024,다나080747,to_in_008,8
2024,다나080750,to_in_001,0
2024,다나080750,to_in_007,0
2024,다나080750,to_in_008,0
2024,다나080970,to_in_001,0
2024,다나080970,to_in_007,0
2024,다나080970,to_in_008,0
2024,다나080974,to_in_001,5
2024,다나080974,to_in_007,0
2024,다나080974,to_in_008,0
2024,다나080975,to_in_001,13
2024,다나080975,to_in_007,5
2024,다나080975,to_in_008,8
2024,다나080976,to_in_001,13
2024,다나080976,to_in_007,8
2024,다나080976,to_in_008,8
2024,다나080977,to_in_001,49
2024,다나080977,to_in_007,24
2024,다나080977,to_in_008,28
2024,다나080978,to_in_001,18
2024,다나080978,to_in_007,13
2024,다나080978,to_in_008,8
2024,다나080979,to_in_001,13
2024,다나080979,to_in_007,8
2024,다나080979,to_in_008,8
2024,다나080980,to_in_001,48
2024,다나080980,to_in_007,23
2024,다나080980,to_in_008,28
2024,다나080981,to_in_001,87
2024,다나080981,to_in_007,38
2024,다나080981,to_in_008,47
2024,다나080982,to_in_001,63
2024,다나080982,to_in_007,33
2024,다나080982,to_in_008,33
2024,다나080983,to_in_001,28
2024,다나080983,to_in_007,18
2024,다나080983,to_in_008,13
2024,다나080985,to_in_001,8
2024,다나080985,to_in_007,8
2024,다나080985,to_in_008,5
2024,다나080991,to_in_001,93
2024,다나080991,to_in_007,45
2024,다나080991,to_in_008,46
2024,다나080992,to_in_001,28
2024,다나080992,to_in_007,13
2024,다나080992,to_in_008,18
2024,다나080995,to_in_001,18
2024,다나080995,to_in_007,8
2024,다나080995,to_in_008,8
2024,다나080997,to_in_001,69
2024,다나080997,to_in_007,33
2024,다나080997,to_in_008,34
2024,다나080998,to_in_001,165
2024,다나080998,to_in_007,82
2024,다나080998,to_in_008,81
2024,다나080999,to_in_001,28
2024,다나080999,to_in_007,13
2024,다나080999,to_in_008,13
2024,다나081719,to_in_001,8
2024,다나081719,to_in_007,5
2024,다나081719,to_in_008,8
2024,다나081720,to_in_001,48
2024,다나081720,to_in_007,23
2024,다나081720,to_in_008,23
2024,다나081721,to_in_001,71
2024,다나081721,to_in_007,30
2024,다나081721,to_in_008,39
2024,다나081722,to_in_001,94
2024,다나081722,to_in_007,49
2024,다나081722,to_in_008,43
2024,다나081723,to_in_001,43
2024,다나081723,to_in_007,18
2024,다나081723,to_in_008,23
2024,다나081724,to_in_001,69
2024,다나081724,to_in_007,34
2024,다나081724,to_in_008,38
2024,다나081725,to_in_001,13
2024,다나081725,to_in_007,8
2024,다나081725,to_in_008,8
2024,다나081726,to_in_001,43
2024,다나081726,to_in_007,23
2024,다나081726,to_in_008,18
2024,다나081727,to_in_001,18
2024,다나081727,to_in_007,8
2024,다나081727,to_in_008,8
2024,다나087984,to_in_001,38
2024,다나087984,to_in_007,18
2024,다나087984,to_in_008,23
2024,다나087985,to_in_001,28
2024,다나087985,to_in_007,13
2024,다나087985,to_in_008,13
2024,다나087995,to_in_001,0
2024,다나087995,to_in_007,0
2024,다나087995,to_in_008,0
2024,다나087999,to_in_001,5
2024,다나087999,to_in_007,0
2024,다나087999,to_in_008,5
2024,다나088728,to_in_001,18
2024,다나088728,to_in_007,13
2024,다나088728,to_in_008,8
2024,다나088729,to_in_001,5
2024,다나088729,to_in_007,0
2024,다나088729,to_in_008,0
2024,다나088733,to_in_001,88
2024,다나088733,to_in_007,39
2024,다나088733,to_in_008,47
2024,다나088734,to_in_001,98
2024,다나088734,to_in_007,45
2024,다나088734,to_in_008,51
2024,다나088735,to_in_001,267
2024,다나088735,to_in_007,127
2024,다나088735,to_in_008,138
2024,다나088736,to_in_001,136
2024,다나088736,to_in_007,64
2024,다나088736,to_in_008,75
2024,다나088737,to_in_001,260
2024,다나088737,to_in_007,134
2024,다나088737,to_in_008,124
2024,다나088738,to_in_001,257
2024,다나088738,to_in_007,131
2024,다나088738,to_in_008,129
2024,다나088739,to_in_001,117
2024,다나088739,to_in_007,51
2024,다나088739,to_in_008,64
2024,다나088741,to_in_001,23
2024,다나088741,to_in_007,18
2024,다나088741,to_in_008,5
2024,다나074716,to_in_007,5
2024,다나074716,to_in_008,0
2024,다나074717,to_in_001,8
2024,다나074717,to_in_007,5
2024,다나074717,to_in_008,8
2024,다나074718,to_in_001,33
2024,다나074718,to_in_007,18
2024,다나074718,to_in_008,18
2024,다나074719,to_in_001,18
2024,다나074719,to_in_007,8
2024,다나074719,to_in_008,8
2024,다나074720,to_in_001,5
2024,다나074720,to_in_007,0
2024,다나074720,to_in_008,5
2024,다나078980,to_in_001,5
2024,다나078980,to_in_007,5
2024,다나078980,to_in_008,0
2024,다나078981,to_in_001,8
2024,다나078981,to_in_007,5
2024,다나078981,to_in_008,5
2024,다나078982,to_in_001,50
2024,다나078982,to_in_007,35
2024,다나078982,to_in_008,13
2024,다나078983,to_in_001,48
2024,다나078983,to_in_007,23
2024,다나078983,to_in_008,23
2024,다나078992,to_in_001,0
2024,다나078992,to_in_007,0
2024,다나078992,to_in_008,0
2024,다나078995,to_in_001,23
2024,다나078995,to_in_007,13
2024,다나078995,to_in_008,13
2024,다나078996,to_in_001,8
2024,다나078996,to_in_007,5
2024,다나078996,to_in_008,5
2024,다나078997,to_in_001,8
2024,다나078997,to_in_007,5
2024,다나078997,to_in_008,5
2024,다나078998,to_in_001,18
2024,다나078998,to_in_007,8
2024,다나078998,to_in_008,8
2024,다나078999,to_in_001,38
2024,다나078999,to_in_007,18
2024,다나078999,to_in_008,18
2024,다나079717,to_in_001,0
2024,다나079717,to_in_007,0
2024,다나079717,to_in_008,0
2024,다나079718,to_in_001,8
2024,다나079718,to_in_007,8
2024,다나079718,to_in_008,5
2024,다나079719,to_in_001,23
2024,다나079719,to_in_007,13
2024,다나079719,to_in_008,13
2024,다나079720,to_in_001,58
2024,다나079720,to_in_007,33
2024,다나079720,to_in_008,23
2024,다나079721,to_in_001,28
2024,다나079721,to_in_007,18
2024,다나079721,to_in_008,13
2024,다나079722,to_in_001,53
2024,다나079722,to_in_007,23
2024,다나079722,to_in_008,28
2024,다나079723,to_in_001,53
2024,다나079723,to_in_007,28
2024,다나079723,to_in_008,28
2024,다나079724,to_in_001,48
2024,다나079724,to_in_007,28
2024,다나079724,to_in_008,23
2024,다나079725,to_in_001,48
2024,다나079725,to_in_007,33
2024,다나079725,to_in_008,18
2024,다나079726,to_in_001,23
2024,다나079726,to_in_007,8
2024,다나079726,to_in_008,13
2024,다나079727,to_in_001,13
2024,다나079727,to_in_007,8
2024,다나079727,to_in_008,8
2024,다나079728,to_in_001,18
2024,다나079728,to_in_007,8
2024,다나079728,to_in_008,8
2024,다나079729,to_in_001,5
2024,다나079729,to_in_007,0
2024,다나079729,to_in_008,0
2024,다나079730,to_in_001,0
2024,다나079730,to_in_007,0
2024,다나079730,to_in_008,0
2024,다나079732,to_in_001,5
2024,다나079732,to_in_007,0
2024,다나079732,to_in_008,0
2024,다나079733,to_in_001,5
2024,다나079733,to_in_007,5
2024,다나079733,to_in_008,0
2024,다나079734,to_in_001,5
2024,다나079734,to_in_007,0
2024,다나079734,to_in_008,0
2024,다나079735,to_in_001,269
2024,다나079735,to_in_007,130
2024,다나079735,to_in_008,137
2024,다나079736,to_in_001,182
2024,다나079736,to_in_007,89
2024,다나079736,to_in_008,96
2024,다나079737,to_in_001,76
2024,다나079737,to_in_007,39
2024,다나079737,to_in_008,35
2024,다나079738,to_in_001,84
2024,다나079738,to_in_007,44
2024,다나079738,to_in_008,43
2024,다나079739,to_in_001,82
2024,다나079739,to_in_007,40
2024,다나079739,to_in_008,40
2024,다나079740,to_in_001,48
2024,다나079740,to_in_007,23
2024,다나079740,to_in_008,23
2024,다나079741,to_in_001,23
2024,다나079741,to_in_007,13
2024,다나079741,to_in_008,8
2024,다나079742,to_in_001,34
2024,다나079742,to_in_007,19
2024,다나079742,to_in_008,13
2024,다나079743,to_in_001,58
2024,다나079743,to_in_007,33
2024,다나079743,to_in_008,28
2024,다나079744,to_in_001,13
2024,다나079744,to_in_007,8
2024,다나079744,to_in_008,8
2024,다나079745,to_in_001,51
2024,다나079745,to_in_007,28
2024,다나079745,to_in_008,26
2024,다나082735,to_in_001,65
2024,다나082735,to_in_007,39
2024,다나082735,to_in_008,29
2024,다나082736,to_in_001,8
2024,다나082736,to_in_007,8
2024,다나082736,to_in_008,5
2024,다나082747,to_in_001,8
2024,다나082747,to_in_007,5
2024,다나082747,to_in_008,5
2024,다나082748,to_in_001,0
2024,다나082748,to_in_007,0
2024,다나082748,to_in_008,0
2024,다나082765,to_in_001,5
2024,다나082765,to_in_007,5
2024,다나082765,to_in_008,0
2024,다나082945,to_in_001,5
2024,다나082945,to_in_007,0
2024,다나082945,to_in_008,0
2024,다나082946,to_in_001,8
2024,다나082946,to_in_007,5
2024,다나082946,to_in_008,5
2024,다나082955,to_in_001,18
2024,다나082955,to_in_007,13
2024,다나082955,to_in_008,5
2024,다나082967,to_in_001,5
2024,다나082967,to_in_007,5
2024,다나082967,to_in_008,0
2024,다나082970,to_in_001,5
2024,다나082970,to_in_007,0
2024,다나082970,to_in_008,0
2024,다나082976,to_in_001,8
2024,다나082976,to_in_007,5
2024,다나082976,to_in_008,5
2024,다나082977,to_in_001,5
2024,다나082977,to_in_007,0
2024,다나082977,to_in_008,0
2024,다나082978,to_in_001,28
2024,다나082978,to_in_007,13
2024,다나082978,to_in_008,18
2024,다나082979,to_in_001,23
2024,다나082979,to_in_007,13
2024,다나082979,to_in_008,13
2024,다나082995,to_in_001,140
2024,다나082995,to_in_007,73
2024,다나082995,to_in_008,70
2024,다나082996,to_in_001,82
2024,다나082996,to_in_007,44
2024,다나082996,to_in_008,36
2024,다나082997,to_in_001,48
2024,다나082997,to_in_007,23
2024,다나082997,to_in_008,23
2024,다나082998,to_in_001,58
2024,다나082998,to_in_007,23
2024,다나082998,to_in_008,38
2024,다나082999,to_in_001,510
2024,다나082999,to_in_007,237
2024,다나082999,to_in_008,271
2024,다나083722,to_in_001,18
2024,다나083722,to_in_007,8
2024,다나083722,to_in_008,8
2024,다나083723,to_in_001,43
2024,다나083723,to_in_007,18
2024,다나083723,to_in_008,23
2024,다나083724,to_in_001,18
2024,다나083724,to_in_007,8
2024,다나083724,to_in_008,13
2024,다나083725,to_in_001,28
2024,다나083725,to_in_007,13
2024,다나083725,to_in_008,18
2024,다나083726,to_in_001,18
2024,다나083726,to_in_007,8
2024,다나083726,to_in_008,8
2024,다나083728,to_in_001,5
2024,다나083728,to_in_007,0
2024,다나083728,to_in_008,0
2024,다나083733,to_in_001,5
2024,다나083733,to_in_007,5
2024,다나083733,to_in_008,0
2024,다나083748,to_in_001,8
2024,다나083748,to_in_007,5
2024,다나083748,to_in_008,5
2024,다나083963,to_in_001,102
2024,다나083963,to_in_007,13
2024,다나083963,to_in_008,87
2024,다나083971,to_in_001,0
2024,다나083971,to_in_007,0
2024,다나083971,to_in_008,0
2024,다나083973,to_in_001,8
2024,다나083973,to_in_007,8
2024,다나083973,to_in_008,5
2024,다나083974,to_in_001,8
2024,다나083974,to_in_007,5
2024,다나083974,to_in_008,5
2024,다나083975,to_in_001,5
2024,다나083975,to_in_007,5
2024,다나083975,to_in_008,0
2024,다나083976,to_in_001,8
2024,다나083976,to_in_007,5
2024,다나083976,to_in_008,5
2024,다나083977,to_in_001,8
2024,다나083977,to_in_007,8
2024,다나083977,to_in_008,5
2024,다나083980,to_in_001,5
2024,다나083980,to_in_007,5
2024,다나083980,to_in_008,5
2024,다나089740,to_in_001,35
2024,다나089740,to_in_007,13
2024,다나089740,to_in_008,20
2024,다나089742,to_in_001,33
2024,다나089742,to_in_007,18
2024,다나089742,to_in_008,18
2024,다나089743,to_in_001,43
2024,다나089743,to_in_007,23
2024,다나089743,to_in_008,23
2024,다나089744,to_in_001,28
2024,다나089744,to_in_007,13
2024,다나089744,to_in_008,13
2024,다나089745,to_in_001,43
2024,다나089745,to_in_007,23
2024,다나089745,to_in_008,18
2024,다나089746,to_in_001,71
2024,다나089746,to_in_007,35
2024,다나089746,to_in_008,34
2024,다나089747,to_in_001,54
2024,다나089747,to_in_007,28
2024,다나089747,to_in_008,29
2024,다나089748,to_in_001,77
2024,다나089748,to_in_007,35
2024,다나089748,to_in_008,40
2024,다나089750,to_in_001,5
2024,다나089750,to_in_007,5
2024,다나089750,to_in_008,0
2024,다나089752,to_in_001,5
2024,다나089752,to_in_007,5
2024,다나089752,to_in_008,0
2024,다나089974,to_in_001,18
2024,다나089974,to_in_007,8
2024,다나089974,to_in_008,8
2024,다나089975,to_in_001,174
2024,다나089975,to_in_007,82
2024,다나089975,to_in_008,90
2024,다나089976,to_in_001,76
2024,다나089976,to_in_007,41
2024,다나089976,to_in_008,38
2024,다나089977,to_in_001,13
2024,다나089977,to_in_007,8
2024,다나089977,to_in_008,5
2024,다나089978,to_in_001,13
2024,다나089978,to_in_007,8
2024,다나089978,to_in_008,8
2024,다나089987,to_in_001,8
2024,다나089987,to_in_007,5
2024,다나089987,to_in_008,5
2024,다나089992,to_in_001,5
2024,다나089992,to_in_007,0
2024,다나089992,to_in_008,0
2024,다나089998,to_in_001,5
2024,다나089998,to_in_007,0
2024,다나089998,to_in_008,5
2024,다나089999,to_in_001,5
2024,다나089999,to_in_007,0
2024,다나089999,to_in_008,0
2024,다나090727,to_in_001,5
2024,다나090727,to_in_007,5
2024,다나090727,to_in_008,0
2024,다나077999,to_in_007,64
2024,다나077999,to_in_008,53
2024,다나078717,to_in_001,8
2024,다나078717,to_in_007,8
2024,다나078717,to_in_008,8
2024,다나078719,to_in_001,8
2024,다나078719,to_in_007,5
2024,다나078719,to_in_008,8
2024,다나078720,to_in_001,58
2024,다나078720,to_in_007,28
2024,다나078720,to_in_008,28
2024,다나078721,to_in_001,38
2024,다나078721,to_in_007,23
2024,다나078721,to_in_008,18
2024,다나078722,to_in_001,5
2024,다나078722,to_in_007,5
2024,다나078722,to_in_008,5
2024,다나078723,to_in_001,84
2024,다나078723,to_in_007,38
2024,다나078723,to_in_008,44
2024,다나078724,to_in_001,137
2024,다나078724,to_in_007,74
2024,다나078724,to_in_008,61
2024,다나078725,to_in_001,59
2024,다나078725,to_in_007,28
2024,다나078725,to_in_008,29
2024,다나078726,to_in_001,18
2024,다나078726,to_in_007,8
2024,다나078726,to_in_008,8
2024,다나078731,to_in_001,0
2024,다나078731,to_in_007,0
2024,다나078731,to_in_008,0
2024,다나078735,to_in_001,106
2024,다나078735,to_in_007,49
2024,다나078735,to_in_008,60
2024,다나078736,to_in_001,305
2024,다나078736,to_in_007,142
2024,다나078736,to_in_008,163
2024,다나078737,to_in_001,43
2024,다나078737,to_in_007,23
2024,다나078737,to_in_008,18
2024,다나078738,to_in_001,39
2024,다나078738,to_in_007,18
2024,다나078738,to_in_008,19
2024,다나078739,to_in_001,28
2024,다나078739,to_in_007,13
2024,다나078739,to_in_008,13
2024,다나078740,to_in_001,23
2024,다나078740,to_in_007,13
2024,다나078740,to_in_008,13
2024,다나078743,to_in_001,23
2024,다나078743,to_in_007,13
2024,다나078743,to_in_008,13
2024,다나078744,to_in_001,48
2024,다나078744,to_in_007,28
2024,다나078744,to_in_008,18
2024,다나078745,to_in_001,38
2024,다나078745,to_in_007,18
2024,다나078745,to_in_008,18
2024,다나078746,to_in_001,38
2024,다나078746,to_in_007,18
2024,다나078746,to_in_008,23
2024,다나078747,to_in_001,5
2024,다나078747,to_in_007,0
2024,다나078747,to_in_008,0
2024,다나078760,to_in_001,5
2024,다나078760,to_in_007,0
2024,다나078760,to_in_008,5
2024,다나078967,to_in_001,0
2024,다나078967,to_in_007,0
2024,다나078967,to_in_008,0
2024,다나078975,to_in_001,0
2024,다나078975,to_in_007,0
2024,다나078975,to_in_008,0
2024,다나078976,to_in_001,48
2024,다나078976,to_in_007,23
2024,다나078976,to_in_008,23
2024,다나078977,to_in_001,8
2024,다나078977,to_in_007,5
2024,다나078977,to_in_008,5
2024,다나078978,to_in_001,43
2024,다나078978,to_in_007,18
2024,다나078978,to_in_008,23
2024,다나078979,to_in_001,18
2024,다나078979,to_in_007,8
2024,다나078979,to_in_008,8
2024,다나081729,to_in_001,8
2024,다나081729,to_in_007,5
2024,다나081729,to_in_008,5
2024,다나081730,to_in_001,5
2024,다나081730,to_in_007,0
2024,다나081730,to_in_008,0
2024,다나081733,to_in_001,0
2024,다나081733,to_in_007,0
2024,다나081733,to_in_008,0
2024,다나081734,to_in_001,18
2024,다나081734,to_in_007,8
2024,다나081734,to_in_008,13
2024,다나081735,to_in_001,8
2024,다나081735,to_in_007,8
2024,다나081735,to_in_008,5
2024,다나081742,to_in_001,5
2024,다나081742,to_in_007,0
2024,다나081742,to_in_008,5
2024,다나081743,to_in_001,5
2024,다나081743,to_in_007,0
2024,다나081743,to_in_008,5
2024,다나081744,to_in_001,64
2024,다나081744,to_in_007,44
2024,다나081744,to_in_008,23
2024,다나081745,to_in_001,64
2024,다나081745,to_in_007,34
2024,다나081745,to_in_008,28
2024,다나081746,to_in_001,69
2024,다나081746,to_in_007,39
2024,다나081746,to_in_008,28
2024,다나081747,to_in_001,28
2024,다나081747,to_in_007,18
2024,다나081747,to_in_008,13
2024,다나081748,to_in_001,101
2024,다나081748,to_in_007,54
2024,다나081748,to_in_008,45
2024,다나081945,to_in_001,8
2024,다나081945,to_in_007,5
2024,다나081945,to_in_008,8
2024,다나081968,to_in_001,5
2024,다나081968,to_in_007,5
2024,다나081968,to_in_008,0
2024,다나081970,to_in_001,8
2024,다나081970,to_in_007,5
2024,다나081970,to_in_008,8
2024,다나081977,to_in_001,81
2024,다나081977,to_in_007,46
2024,다나081977,to_in_008,33
2024,다나081978,to_in_001,13
2024,다나081978,to_in_007,5
2024,다나081978,to_in_008,8
2024,다나081979,to_in_001,18
2024,다나081979,to_in_007,5
2024,다나081979,to_in_008,13
2024,다나081980,to_in_001,18
2024,다나081980,to_in_007,8
2024,다나081980,to_in_008,8
2024,다나081982,to_in_001,5
2024,다나081982,to_in_007,0
2024,다나081982,to_in_008,5
2024,다나081984,to_in_001,18
2024,다나081984,to_in_007,8
2024,다나081984,to_in_008,13
2024,다나081985,to_in_001,13
2024,다나081985,to_in_007,8
2024,다나081985,to_in_008,8
2024,다나081988,to_in_001,5
2024,다나081988,to_in_007,0
2024,다나081988,to_in_008,0
2024,다나081994,to_in_001,158
2024,다나081994,to_in_007,75
2024,다나081994,to_in_008,86
2024,다나081995,to_in_001,63
2024,다나081995,to_in_007,30
2024,다나081995,to_in_008,31
2024,다나081997,to_in_001,23
2024,다나081997,to_in_007,8
2024,다나081997,to_in_008,13
2024,다나081998,to_in_001,66
2024,다나081998,to_in_007,35
2024,다나081998,to_in_008,29
2024,다나081999,to_in_001,95
2024,다나081999,to_in_007,43
2024,다나081999,to_in_008,50
2024,다나082720,to_in_001,5
2024,다나082720,to_in_007,5
2024,다나082720,to_in_008,0
2024,다나082721,to_in_001,68
2024,다나082721,to_in_007,33
2024,다나082721,to_in_008,38
2024,다나082722,to_in_001,38
2024,다나082722,to_in_007,18
2024,다나082722,to_in_008,18
2024,다나082723,to_in_001,48
2024,다나082723,to_in_007,23
2024,다나082723,to_in_008,28
2024,다나082724,to_in_001,63
2024,다나082724,to_in_007,33
2024,다나082724,to_in_008,33
2024,다나082725,to_in_001,80
2024,다나082725,to_in_007,45
2024,다나082725,to_in_008,38
2024,다나082726,to_in_001,129
2024,다나082726,to_in_007,76
2024,다나082726,to_in_008,51
2024,다나082727,to_in_001,28
2024,다나082727,to_in_007,13
2024,다나082727,to_in_008,13
2024,다나082728,to_in_001,5
2024,다나082728,to_in_007,0
2024,다나082728,to_in_008,5
2024,다나082729,to_in_001,13
2024,다나082729,to_in_007,8
2024,다나082729,to_in_008,8
2024,다나082734,to_in_001,18
2024,다나082734,to_in_007,13
2024,다나082734,to_in_008,8
2024,다나090746,to_in_001,28
2024,다나090746,to_in_007,13
2024,다나090746,to_in_008,18
2024,다나090747,to_in_001,43
2024,다나090747,to_in_007,18
2024,다나090747,to_in_008,23
2024,다나090748,to_in_001,18
2024,다나090748,to_in_007,8
2024,다나090748,to_in_008,8
2024,다나090749,to_in_001,38
2024,다나090749,to_in_007,18
2024,다나090749,to_in_008,18
2024,다나090750,to_in_001,113
2024,다나090750,to_in_007,56
2024,다나090750,to_in_008,55
2024,다나090968,to_in_001,5
2024,다나090968,to_in_007,0
2024,다나090968,to_in_008,0
2024,다나090970,to_in_001,5
2024,다나090970,to_in_007,0
2024,다나090970,to_in_008,0
2024,다나090973,to_in_001,8
2024,다나090973,to_in_007,5
2024,다나090973,to_in_008,5
2024,다나090974,to_in_001,27
2024,다나090974,to_in_007,24
2024,다나090974,to_in_008,5
2024,다나090975,to_in_001,28
2024,다나090975,to_in_007,13
2024,다나090975,to_in_008,13
2024,다나090977,to_in_001,8
2024,다나090977,to_in_007,5
2024,다나090977,to_in_008,5
2024,다나090978,to_in_001,35
2024,다나090978,to_in_007,20
2024,다나090978,to_in_008,18
2024,다나090979,to_in_001,8
2024,다나090979,to_in_007,8
2024,다나090979,to_in_008,5
2024,다나090987,to_in_001,8
2024,다나090987,to_in_007,8
2024,다나090987,to_in_008,5
2024,다나090989,to_in_001,5
2024,다나090989,to_in_007,0
2024,다나090989,to_in_008,0
2024,다나090990,to_in_001,5
2024,다나090990,to_in_007,0
2024,다나090990,to_in_008,5
2024,다나090992,to_in_001,5
2024,다나090992,to_in_007,0
2024,다나090992,to_in_008,5
2024,다나090994,to_in_001,8
2024,다나090994,to_in_007,5
2024,다나090994,to_in_008,5
2024,다나090995,to_in_001,13
2024,다나090995,to_in_007,8
2024,다나090995,to_in_008,5
2024,다나090997,to_in_001,8
2024,다나090997,to_in_007,5
2024,다나090997,to_in_008,5
2024,다나090999,to_in_001,38
2024,다나090999,to_in_007,18
2024,다나090999,to_in_008,18
2024,다나091729,to_in_001,5
2024,다나091729,to_in_007,5
2024,다나091729,to_in_008,5
2024,다나091730,to_in_001,5
2024,다나091730,to_in_007,5
2024,다나091730,to_in_008,0
2024,다나091731,to_in_001,5
2024,다나091731,to_in_007,0
2024,다나091731,to_in_008,5
2024,다나091732,to_in_001,0
2024,다나091732,to_in_007,0
2024,다나091732,to_in_008,0
2024,다나091733,to_in_001,5
2024,다나091733,to_in_007,5
2024,다나091733,to_in_008,5
2024,다나091737,to_in_001,13
2024,다나091737,to_in_007,13
2024,다나091737,to_in_008,5
2024,다나091738,to_in_001,8
2024,다나091738,to_in_007,5
2024,다나091738,to_in_008,5
2024,다나091739,to_in_001,23
2024,다나091739,to_in_007,13
2024,다나091739,to_in_008,8
2024,다나091740,to_in_001,8
2024,다나091740,to_in_007,5
2024,다나091740,to_in_008,8
2024,다나079748,to_in_007,34
2024,다나079748,to_in_008,29
2024,다나079749,to_in_001,5
2024,다나079749,to_in_007,0
2024,다나079749,to_in_008,0
2024,다나079939,to_in_001,5
2024,다나079939,to_in_007,5
2024,다나079939,to_in_008,0
2024,다나079962,to_in_001,55
2024,다나079962,to_in_007,18
2024,다나079962,to_in_008,35
2024,다나079963,to_in_001,0
2024,다나079963,to_in_007,0
2024,다나079963,to_in_008,0
2024,다나079975,to_in_001,23
2024,다나079975,to_in_007,13
2024,다나079975,to_in_008,8
2024,다나079976,to_in_001,13
2024,다나079976,to_in_007,8
2024,다나079976,to_in_008,8
2024,다나079977,to_in_001,122
2024,다나079977,to_in_007,58
2024,다나079977,to_in_008,62
2024,다나079978,to_in_001,53
2024,다나079978,to_in_007,28
2024,다나079978,to_in_008,23
2024,다나079979,to_in_001,53
2024,다나079979,to_in_007,18
2024,다나079979,to_in_008,33
2024,다나079980,to_in_001,38
2024,다나079980,to_in_007,18
2024,다나079980,to_in_008,23
2024,다나079981,to_in_001,13
2024,다나079981,to_in_007,5
2024,다나079981,to_in_008,8
2024,다나079982,to_in_001,23
2024,다나079982,to_in_007,18
2024,다나079982,to_in_008,8
2024,다나079983,to_in_001,60
2024,다나079983,to_in_007,37
2024,다나079983,to_in_008,21
2024,다나079990,to_in_001,18
2024,다나079990,to_in_007,8
2024,다나079990,to_in_008,8
2024,다나079991,to_in_001,77
2024,다나079991,to_in_007,28
2024,다나079991,to_in_008,47
2024,다나079992,to_in_001,5
2024,다나079992,to_in_007,5
2024,다나079992,to_in_008,0
2024,다나079993,to_in_001,0
2024,다나079993,to_in_007,0
2024,다나079993,to_in_008,0
2024,다나079994,to_in_001,5
2024,다나079994,to_in_007,5
2024,다나079994,to_in_008,5
2024,다나079999,to_in_001,8
2024,다나079999,to_in_007,5
2024,다나079999,to_in_008,8
2024,다나080717,to_in_001,5
2024,다나080717,to_in_007,0
2024,다나080717,to_in_008,5
2024,다나080718,to_in_001,13
2024,다나080718,to_in_007,8
2024,다나080718,to_in_008,8
2024,다나080719,to_in_001,48
2024,다나080719,to_in_007,23
2024,다나080719,to_in_008,23
2024,다나080720,to_in_001,48
2024,다나080720,to_in_007,23
2024,다나080720,to_in_008,28
2024,다나080721,to_in_001,38
2024,다나080721,to_in_007,23
2024,다나080721,to_in_008,18
2024,다나080722,to_in_001,38
2024,다나080722,to_in_007,18
2024,다나080722,to_in_008,18
2024,다나080723,to_in_001,48
2024,다나080723,to_in_007,23
2024,다나080723,to_in_008,28
2024,다나080724,to_in_001,38
2024,다나080724,to_in_007,18
2024,다나080724,to_in_008,23
2024,다나080725,to_in_001,18
2024,다나080725,to_in_007,8
2024,다나080725,to_in_008,8
2024,다나080726,to_in_001,33
2024,다나080726,to_in_007,18
2024,다나080726,to_in_008,13
2024,다나080727,to_in_001,13
2024,다나080727,to_in_007,8
2024,다나080727,to_in_008,8
2024,다나080728,to_in_001,5
2024,다나080728,to_in_007,5
2024,다나080728,to_in_008,5
2024,다나080732,to_in_001,8
2024,다나080732,to_in_007,5
2024,다나080732,to_in_008,5
2024,다나080733,to_in_001,5
2024,다나080733,to_in_007,0
2024,다나080733,to_in_008,0
2024,다나080737,to_in_001,33
2024,다나080737,to_in_007,18
2024,다나080737,to_in_008,18
2024,다나080738,to_in_001,23
2024,다나080738,to_in_007,18
2024,다나080738,to_in_008,8
2024,다나083985,to_in_001,8
2024,다나083985,to_in_007,5
2024,다나083985,to_in_008,5
2024,다나083995,to_in_001,108
2024,다나083995,to_in_007,54
2024,다나083995,to_in_008,52
2024,다나083996,to_in_001,68
2024,다나083996,to_in_007,33
2024,다나083996,to_in_008,38
2024,다나083997,to_in_001,5
2024,다나083997,to_in_007,5
2024,다나083997,to_in_008,5
2024,다나083998,to_in_001,100
2024,다나083998,to_in_007,51
2024,다나083998,to_in_008,47
2024,다나083999,to_in_001,140
2024,다나083999,to_in_007,71
2024,다나083999,to_in_008,67
2024,다나084722,to_in_001,5
2024,다나084722,to_in_007,0
2024,다나084722,to_in_008,0
2024,다나084725,to_in_001,8
2024,다나084725,to_in_007,5
2024,다나084725,to_in_008,8
2024,다나084726,to_in_001,23
2024,다나084726,to_in_007,8
2024,다나084726,to_in_008,18
2024,다나084732,to_in_001,5
2024,다나084732,to_in_007,5
2024,다나084732,to_in_008,5
2024,다나084749,to_in_001,0
2024,다나084749,to_in_007,0
2024,다나084749,to_in_008,0
2024,다나084763,to_in_001,8
2024,다나084763,to_in_007,5
2024,다나084763,to_in_008,8
2024,다나084969,to_in_001,5
2024,다나084969,to_in_007,0
2024,다나084969,to_in_008,0
2024,다나084971,to_in_001,5
2024,다나084971,to_in_007,5
2024,다나084971,to_in_008,0
2024,다나084972,to_in_001,5
2024,다나084972,to_in_007,5
2024,다나084972,to_in_008,0
2024,다나084973,to_in_001,5
2024,다나084973,to_in_007,5
2024,다나084973,to_in_008,0
2024,다나084975,to_in_001,13
2024,다나084975,to_in_007,8
2024,다나084975,to_in_008,8
2024,다나084976,to_in_001,5
2024,다나084976,to_in_007,0
2024,다나084976,to_in_008,0
2024,다나084986,to_in_001,5
2024,다나084986,to_in_007,0
2024,다나084986,to_in_008,0
2024,다나084987,to_in_001,5
2024,다나084987,to_in_007,5
2024,다나084987,to_in_008,5
2024,다나084988,to_in_001,5
2024,다나084988,to_in_007,5
2024,다나084988,to_in_008,0
2024,다나084992,to_in_001,5
2024,다나084992,to_in_007,0
2024,다나084992,to_in_008,5
2024,다나084993,to_in_001,5
2024,다나084993,to_in_007,0
2024,다나084993,to_in_008,5
2024,다나084994,to_in_001,0
2024,다나084994,to_in_007,0
2024,다나084994,to_in_008,0
2024,다나084999,to_in_001,5
2024,다나084999,to_in_007,5
2024,다나084999,to_in_008,5
2024,다나085725,to_in_001,8
2024,다나085725,to_in_007,5
2024,다나085725,to_in_008,5
2024,다나085726,to_in_001,8
2024,다나085726,to_in_007,5
2024,다나085726,to_in_008,5
2024,다나085727,to_in_001,5
2024,다나085727,to_in_007,0
2024,다나085727,to_in_008,5
2024,다나085731,to_in_001,8
2024,다나085731,to_in_007,8
2024,다나085731,to_in_008,5
2024,다나085732,to_in_001,5
2024,다나085732,to_in_007,5
2024,다나085732,to_in_008,0
2024,다나085733,to_in_001,5
2024,다나085733,to_in_007,5
2024,다나085733,to_in_008,0
2024,다나085738,to_in_001,5
2024,다나085738,to_in_007,0
2024,다나085738,to_in_008,0
2024,다나085756,to_in_001,8
2024,다나085756,to_in_007,8
2024,다나085756,to_in_008,5
2024,다나085965,to_in_001,5
2024,다나085965,to_in_007,0
2024,다나085965,to_in_008,0
2024,다나085966,to_in_001,5
2024,다나085966,to_in_007,0
2024,다나085966,to_in_008,5
2024,다나085969,to_in_001,8
2024,다나085969,to_in_007,8
2024,다나085969,to_in_008,5
2024,다나092976,to_in_001,0
2024,다나092976,to_in_007,0
2024,다나092976,to_in_008,0
2024,다나092978,to_in_001,5
2024,다나092978,to_in_007,5
2024,다나092978,to_in_008,0
2024,다나092981,to_in_001,5
2024,다나092981,to_in_007,5
2024,다나092981,to_in_008,0
2024,다나092983,to_in_001,75
2024,다나092983,to_in_007,38
2024,다나092983,to_in_008,40
2024,다나092985,to_in_001,28
2024,다나092985,to_in_007,13
2024,다나092985,to_in_008,13
2024,다나092986,to_in_001,18
2024,다나092986,to_in_007,8
2024,다나092986,to_in_008,8
2024,다나092987,to_in_001,8
2024,다나092987,to_in_007,8
2024,다나092987,to_in_008,5
2024,다나092992,to_in_001,0
2024,다나092992,to_in_007,0
2024,다나092992,to_in_008,0
2024,다나092998,to_in_001,5
2024,다나092998,to_in_007,5
2024,다나092998,to_in_008,5
2024,다나093729,to_in_001,8
2024,다나093729,to_in_007,8
2024,다나093729,to_in_008,5
2024,다나093730,to_in_001,13
2024,다나093730,to_in_007,8
2024,다나093730,to_in_008,5
2024,다나093736,to_in_001,0
2024,다나093736,to_in_007,0
2024,다나093736,to_in_008,0
2024,다나093737,to_in_001,8
2024,다나093737,to_in_007,5
2024,다나093737,to_in_008,5
2024,다나093740,to_in_001,5
2024,다나093740,to_in_007,5
2024,다나093740,to_in_008,0
2024,다나093741,to_in_001,64
2024,다나093741,to_in_007,32
2024,다나093741,to_in_008,35
2024,다나093742,to_in_001,13
2024,다나093742,to_in_007,8
2024,다나093742,to_in_008,8
2024,다나093743,to_in_001,18
2024,다나093743,to_in_007,13
2024,다나093743,to_in_008,5
2024,다나093744,to_in_001,28
2024,다나093744,to_in_007,18
2024,다나093744,to_in_008,13
2024,다나093745,to_in_001,5
2024,다나093745,to_in_007,5
2024,다나093745,to_in_008,0
2024,다나093746,to_in_001,8
2024,다나093746,to_in_007,5
2024,다나093746,to_in_008,5
2024,다나093747,to_in_001,38
2024,다나093747,to_in_007,18
2024,다나093747,to_in_008,23
2024,다나093748,to_in_001,33
2024,다나093748,to_in_007,13
2024,다나093748,to_in_008,18
2024,다나093749,to_in_001,5
2024,다나093749,to_in_007,5
2024,다나093749,to_in_008,5
2024,다나093759,to_in_001,5
2024,다나093759,to_in_007,5
2024,다나093759,to_in_008,0
2024,다나093955,to_in_001,0
2024,다나093955,to_in_007,0
2024,다나093955,to_in_008,0
2024,다나093956,to_in_001,5
2024,다나093956,to_in_007,5
2024,다나093956,to_in_008,5
2024,다나092733,to_in_001,5
2024,다나092733,to_in_007,5
2024,다나092733,to_in_008,0
2024,다나092736,to_in_001,13
2024,다나092736,to_in_007,8
2024,다나092736,to_in_008,8
2024,다나092737,to_in_001,5
2024,다나092737,to_in_007,0
2024,다나092737,to_in_008,5
2024,다나092738,to_in_001,5
2024,다나092738,to_in_007,0
2024,다나092738,to_in_008,0
2024,다나092739,to_in_001,5
2024,다나092739,to_in_007,0
2024,다나092739,to_in_008,5
2024,다나092740,to_in_001,5
2024,다나092740,to_in_007,0
2024,다나092740,to_in_008,0
2024,다나092741,to_in_001,23
2024,다나092741,to_in_007,13
2024,다나092741,to_in_008,8
2024,다나092742,to_in_001,54
2024,다나092742,to_in_007,23
2024,다나092742,to_in_008,29
2024,다나092743,to_in_001,18
2024,다나092743,to_in_007,8
2024,다나092743,to_in_008,8
2024,다나092744,to_in_001,18
2024,다나092744,to_in_007,13
2024,다나092744,to_in_008,8
2024,다나092745,to_in_001,18
2024,다나092745,to_in_007,8
2024,다나092745,to_in_008,8
2024,다나092746,to_in_001,28
2024,다나092746,to_in_007,13
2024,다나092746,to_in_008,13
2024,다나092747,to_in_001,8
2024,다나092747,to_in_007,5
2024,다나092747,to_in_008,8
2024,다나092748,to_in_001,53
2024,다나092748,to_in_007,33
2024,다나092748,to_in_008,23
2024,다나092750,to_in_001,5
2024,다나092750,to_in_007,5
2024,다나092750,to_in_008,5
2024,다나092751,to_in_001,5
2024,다나092751,to_in_007,5
2024,다나092751,to_in_008,5
2024,다나092957,to_in_001,0
2024,다나092957,to_in_007,0
2024,다나092957,to_in_008,0
2024,다나092968,to_in_001,5
2024,다나092968,to_in_007,0
2024,다나092968,to_in_008,5
2024,다나092972,to_in_001,8
2024,다나092972,to_in_007,5
2024,다나092972,to_in_008,5
2024,다나092973,to_in_001,5
2024,다나092973,to_in_007,5
2024,다나092973,to_in_008,0
2024,다나102729,to_in_001,5
2024,다나102729,to_in_007,5
2024,다나102729,to_in_008,0
2024,다나102733,to_in_001,5
2024,다나102733,to_in_007,0
2024,다나102733,to_in_008,0
2024,다나102735,to_in_001,5
2024,다나102735,to_in_007,5
2024,다나102735,to_in_008,5
2024,다나102736,to_in_001,5
2024,다나102736,to_in_007,5
2024,다나102736,to_in_008,5
2024,다나102738,to_in_001,8
2024,다나102738,to_in_007,5
2024,다나102738,to_in_008,5
2024,다나102742,to_in_001,8
2024,다나102742,to_in_007,8
2024,다나102742,to_in_008,5
2024,다나102743,to_in_001,5
2024,다나102743,to_in_007,5
2024,다나102743,to_in_008,0
2024,다나102745,to_in_001,5
2024,다나102745,to_in_007,0
2024,다나102745,to_in_008,0
2024,다나102746,to_in_001,8
2024,다나102746,to_in_007,8
2024,다나102746,to_in_008,0
2024,다나102749,to_in_001,8
2024,다나102749,to_in_007,5
2024,다나102749,to_in_008,5
2024,다나102753,to_in_001,5
2024,다나102753,to_in_007,0
2024,다나102753,to_in_008,0
2024,다나102757,to_in_001,5
2024,다나102757,to_in_007,5
2024,다나102757,to_in_008,0
2024,다나102759,to_in_001,5
2024,다나102759,to_in_007,0
2024,다나102759,to_in_008,0
2024,다나102969,to_in_001,8
2024,다나102969,to_in_007,5
2024,다나102969,to_in_008,5
2024,다나102971,to_in_001,5
2024,다나102971,to_in_007,0
2024,다나102971,to_in_008,5
2024,다나102972,to_in_001,5
2024,다나102972,to_in_007,0
2024,다나102972,to_in_008,5
2024,다나102974,to_in_001,5
2024,다나102974,to_in_007,0
2024,다나102974,to_in_008,5
2024,다나102975,to_in_001,13
2024,다나102975,to_in_007,8
2024,다나102975,to_in_008,8
2024,다나102976,to_in_001,8
2024,다나102976,to_in_007,5
2024,다나102976,to_in_008,5
2024,다나102977,to_in_001,5
2024,다나102977,to_in_007,0
2024,다나102977,to_in_008,0
2024,다나102978,to_in_001,5
2024,다나102978,to_in_007,5
2024,다나102978,to_in_008,5
2024,다나102979,to_in_001,8
2024,다나102979,to_in_007,8
2024,다나102979,to_in_008,5
2024,다나102980,to_in_001,13
2024,다나102980,to_in_007,8
2024,다나102980,to_in_008,5
2024,다나102981,to_in_001,18
2024,다나102981,to_in_007,13
2024,다나102981,to_in_008,8
2024,다나102982,to_in_001,8
2024,다나102982,to_in_007,5
2024,다나102982,to_in_008,5
2024,다나102983,to_in_001,5
2024,다나102983,to_in_007,5
2024,다나102983,to_in_008,5
2024,다나102984,to_in_001,8
2024,다나102984,to_in_007,5
2024,다나102984,to_in_008,5
2024,다나102985,to_in_001,5
2024,다나102985,to_in_007,0
2024,다나102985,to_in_008,5
2024,다나104992,to_in_001,8
2024,다나104992,to_in_007,5
2024,다나104992,to_in_008,5
2024,다나104994,to_in_001,8
2024,다나104994,to_in_007,8
2024,다나104994,to_in_008,5
2024,다나104995,to_in_001,8
2024,다나104995,to_in_007,5
2024,다나104995,to_in_008,5
2024,다나104996,to_in_001,8
2024,다나104996,to_in_007,8
2024,다나104996,to_in_008,5
2024,다나104997,to_in_001,233
2024,다나104997,to_in_007,116
2024,다나104997,to_in_008,115
2024,다나104998,to_in_001,194
2024,다나104998,to_in_007,89
2024,다나104998,to_in_008,103
2024,다나104999,to_in_001,64
2024,다나104999,to_in_007,34
2024,다나104999,to_in_008,33
2024,다나105728,to_in_001,5
2024,다나105728,to_in_007,5
2024,다나105728,to_in_008,0
2024,다나105732,to_in_001,5
2024,다나105732,to_in_007,0
2024,다나105732,to_in_008,0
2024,다나105733,to_in_001,0
2024,다나105733,to_in_007,0
2024,다나105733,to_in_008,0
2024,다나105734,to_in_001,0
2024,다나105734,to_in_007,0
2024,다나105734,to_in_008,0
2024,다나105735,to_in_001,5
2024,다나105735,to_in_007,0
2024,다나105735,to_in_008,5
2024,다나105736,to_in_001,5
2024,다나105736,to_in_007,0
2024,다나105736,to_in_008,5
2024,다나105741,to_in_001,5
2024,다나105741,to_in_007,5
2024,다나105741,to_in_008,5
2024,다나105748,to_in_001,5
2024,다나105748,to_in_007,0
2024,다나105748,to_in_008,5
2024,다나088742,to_in_001,101
2024,다나088742,to_in_007,50
2024,다나088742,to_in_008,49
2024,다나088743,to_in_001,58
2024,다나088743,to_in_007,28
2024,다나088743,to_in_008,28
2024,다나088744,to_in_001,33
2024,다나088744,to_in_007,18
2024,다나088744,to_in_008,18
2024,다나088745,to_in_001,33
2024,다나088745,to_in_007,13
2024,다나088745,to_in_008,18
2024,다나088746,to_in_001,28
2024,다나088746,to_in_007,18
2024,다나088746,to_in_008,13
2024,다나088747,to_in_001,13
2024,다나088747,to_in_007,8
2024,다나088747,to_in_008,8
2024,다나088748,to_in_001,18
2024,다나088748,to_in_007,8
2024,다나088748,to_in_008,13
2024,다나088750,to_in_001,40
2024,다나088750,to_in_007,23
2024,다나088750,to_in_008,15
2024,다나088756,to_in_001,86
2024,다나088756,to_in_007,21
2024,다나088756,to_in_008,63
2024,다나088968,to_in_001,5
2024,다나088968,to_in_007,5
2024,다나088968,to_in_008,0
2024,다나088976,to_in_001,23
2024,다나088976,to_in_007,13
2024,다나088976,to_in_008,8
2024,다나088977,to_in_001,13
2024,다나088977,to_in_007,8
2024,다나088977,to_in_008,8
2024,다나088984,to_in_001,28
2024,다나088984,to_in_007,18
2024,다나088984,to_in_008,13
2024,다나088987,to_in_001,13
2024,다나088987,to_in_007,5
2024,다나088987,to_in_008,8
2024,다나089728,to_in_001,13
2024,다나089728,to_in_007,8
2024,다나089728,to_in_008,5
2024,다나089729,to_in_001,5
2024,다나089729,to_in_007,5
2024,다나089729,to_in_008,0
2024,다나089730,to_in_001,23
2024,다나089730,to_in_007,13
2024,다나089730,to_in_008,13
2024,다나089731,to_in_001,5
2024,다나089731,to_in_007,5
2024,다나089731,to_in_008,5
2024,다나089732,to_in_001,5
2024,다나089732,to_in_007,5
2024,다나089732,to_in_008,5
2024,다나089734,to_in_001,236
2024,다나089734,to_in_007,111
2024,다나089734,to_in_008,123
2024,다나089735,to_in_001,119
2024,다나089735,to_in_007,63
2024,다나089735,to_in_008,54
2024,다나089736,to_in_001,203
2024,다나089736,to_in_007,98
2024,다나089736,to_in_008,108
2024,다나089737,to_in_001,111
2024,다나089737,to_in_007,57
2024,다나089737,to_in_008,57
2024,다나089738,to_in_001,292
2024,다나089738,to_in_007,141
2024,다나089738,to_in_008,149
2024,다나089739,to_in_001,33
2024,다나089739,to_in_007,13
2024,다나089739,to_in_008,18
2024,다나094748,to_in_001,5
2024,다나094748,to_in_007,0
2024,다나094748,to_in_008,0
2024,다나094749,to_in_001,5
2024,다나094749,to_in_007,5
2024,다나094749,to_in_008,0
2024,다나094750,to_in_001,28
2024,다나094750,to_in_007,13
2024,다나094750,to_in_008,13
2024,다나094754,to_in_001,8
2024,다나094754,to_in_007,5
2024,다나094754,to_in_008,5
2024,다나094758,to_in_001,5
2024,다나094758,to_in_007,0
2024,다나094758,to_in_008,5
2024,다나094760,to_in_001,5
2024,다나094760,to_in_007,0
2024,다나094760,to_in_008,0
2024,다나094953,to_in_001,5
2024,다나094953,to_in_007,0
2024,다나094953,to_in_008,5
2024,다나094971,to_in_001,5
2024,다나094971,to_in_007,5
2024,다나094971,to_in_008,0
2024,다나094972,to_in_001,5
2024,다나094972,to_in_007,0
2024,다나094972,to_in_008,5
2024,다나094973,to_in_001,5
2024,다나094973,to_in_007,0
2024,다나094973,to_in_008,5
2024,다나094976,to_in_001,0
2024,다나094976,to_in_007,0
2024,다나094976,to_in_008,0
2024,다나094977,to_in_001,5
2024,다나094977,to_in_007,5
2024,다나094977,to_in_008,0
2024,다나094981,to_in_001,8
2024,다나094981,to_in_007,5
2024,다나094981,to_in_008,5
2024,다나094982,to_in_001,18
2024,다나094982,to_in_007,8
2024,다나094982,to_in_008,8
2024,다나094983,to_in_001,48
2024,다나094983,to_in_007,28
2024,다나094983,to_in_008,23
2024,다나094985,to_in_001,112
2024,다나094985,to_in_007,52
2024,다나094985,to_in_008,58
2024,다나094986,to_in_001,49
2024,다나094986,to_in_007,29
2024,다나094986,to_in_008,18
2024,다나094987,to_in_001,13
2024,다나094987,to_in_007,8
2024,다나094987,to_in_008,8
2024,다나094996,to_in_001,5
2024,다나094996,to_in_007,5
2024,다나094996,to_in_008,0
2024,다나094997,to_in_001,68
2024,다나094997,to_in_007,33
2024,다나094997,to_in_008,38
2024,다나094998,to_in_001,64
2024,다나094998,to_in_007,37
2024,다나094998,to_in_008,30
2024,다나094999,to_in_001,43
2024,다나094999,to_in_007,23
2024,다나094999,to_in_008,23
2024,다나095726,to_in_001,5
2024,다나095726,to_in_007,5
2024,다나095726,to_in_008,5
2024,다나095727,to_in_001,5
2024,다나095727,to_in_007,5
2024,다나095727,to_in_008,0
2024,다나095728,to_in_001,0
2024,다나095728,to_in_007,0
2024,다나095728,to_in_008,0
2024,다나095730,to_in_001,5
2024,다나095730,to_in_007,0
2024,다나095730,to_in_008,5
2024,다나095734,to_in_001,8
2024,다나095734,to_in_007,5
2024,다나095734,to_in_008,5
2024,다나099996,to_in_001,245
2024,다나099996,to_in_007,117
2024,다나099996,to_in_008,126
2024,다나099998,to_in_001,5
2024,다나099998,to_in_007,5
2024,다나099998,to_in_008,5
2024,다나099999,to_in_001,8
2024,다나099999,to_in_007,5
2024,다나099999,to_in_008,8
2024,다나100726,to_in_001,8
2024,다나100726,to_in_007,8
2024,다나100726,to_in_008,0
2024,다나100729,to_in_001,8
2024,다나100729,to_in_007,8
2024,다나100729,to_in_008,5
2024,다나100737,to_in_001,5
2024,다나100737,to_in_007,5
2024,다나100737,to_in_008,0
2024,다나100743,to_in_001,8
2024,다나100743,to_in_007,5
2024,다나100743,to_in_008,8
2024,다나100744,to_in_001,8
2024,다나100744,to_in_007,8
2024,다나100744,to_in_008,0
2024,다나100745,to_in_001,5
2024,다나100745,to_in_007,5
2024,다나100745,to_in_008,5
2024,다나100749,to_in_001,18
2024,다나100749,to_in_007,8
2024,다나100749,to_in_008,8
2024,다나100752,to_in_001,13
2024,다나100752,to_in_007,8
2024,다나100752,to_in_008,5
2024,다나100756,to_in_001,0
2024,다나100756,to_in_007,0
2024,다나100756,to_in_008,0
2024,다나100962,to_in_001,5
2024,다나100962,to_in_007,5
2024,다나100962,to_in_008,0
2024,다나100965,to_in_001,18
2024,다나100965,to_in_007,13
2024,다나100965,to_in_008,8
2024,다나100967,to_in_001,8
2024,다나100967,to_in_007,5
2024,다나100967,to_in_008,5
2024,다나100968,to_in_001,8
2024,다나100968,to_in_007,5
2024,다나100968,to_in_008,5
2024,다나100970,to_in_001,5
2024,다나100970,to_in_007,5
2024,다나100970,to_in_008,0
2024,다나100971,to_in_001,13
2024,다나100971,to_in_007,5
2024,다나100971,to_in_008,8
2024,다나100972,to_in_001,5
2024,다나100972,to_in_007,0
2024,다나100972,to_in_008,5
2024,다나100973,to_in_001,5
2024,다나100973,to_in_007,5
2024,다나100973,to_in_008,0
2024,다나100978,to_in_001,18
2024,다나100978,to_in_007,8
2024,다나100978,to_in_008,8
2024,다나100979,to_in_001,8
2024,다나100979,to_in_007,5
2024,다나100979,to_in_008,5
2024,다나100980,to_in_001,8
2024,다나100980,to_in_007,5
2024,다나100980,to_in_008,5
2024,다나100981,to_in_001,8
2024,다나100981,to_in_007,5
2024,다나100981,to_in_008,8
2024,다나100982,to_in_001,8
2024,다나100982,to_in_007,8
2024,다나100982,to_in_008,0
2024,다나100983,to_in_001,0
2024,다나100983,to_in_007,0
2024,다나100983,to_in_008,0
2024,다나100984,to_in_001,13
2024,다나100984,to_in_007,5
2024,다나100984,to_in_008,8
2024,다나100986,to_in_001,8
2024,다나100986,to_in_007,5
2024,다나100986,to_in_008,8
2024,다나100987,to_in_001,5
2024,다나100987,to_in_007,5
2024,다나100987,to_in_008,0
2024,다나100994,to_in_001,65
2024,다나100994,to_in_007,28
2024,다나100994,to_in_008,35
2024,다나100995,to_in_001,146
2024,다나100995,to_in_007,73
2024,다나100995,to_in_008,71
2024,다나102986,to_in_001,72
2024,다나102986,to_in_007,36
2024,다나102986,to_in_008,34
2024,다나102987,to_in_001,0
2024,다나102987,to_in_007,0
2024,다나102987,to_in_008,0
2024,다나102988,to_in_001,143
2024,다나102988,to_in_007,66
2024,다나102988,to_in_008,80
2024,다나102989,to_in_001,58
2024,다나102989,to_in_007,28
2024,다나102989,to_in_008,28
2024,다나102990,to_in_001,33
2024,다나102990,to_in_007,8
2024,다나102990,to_in_008,23
2024,다나102991,to_in_001,5
2024,다나102991,to_in_007,5
2024,다나102991,to_in_008,0
2024,다나102992,to_in_001,63
2024,다나102992,to_in_007,28
2024,다나102992,to_in_008,33
2024,다나102993,to_in_001,5
2024,다나102993,to_in_007,5
2024,다나102993,to_in_008,5
2024,다나102994,to_in_001,13
2024,다나102994,to_in_007,8
2024,다나102994,to_in_008,8
2024,다나102995,to_in_001,5
2024,다나102995,to_in_007,0
2024,다나102995,to_in_008,0
2024,다나102997,to_in_001,106
2024,다나102997,to_in_007,48
2024,다나102997,to_in_008,56
2024,다나102998,to_in_001,341
2024,다나102998,to_in_007,164
2024,다나102998,to_in_008,175
2024,다나102999,to_in_001,105
2024,다나102999,to_in_007,46
2024,다나102999,to_in_008,57
2024,다나103726,to_in_001,5
2024,다나103726,to_in_007,0
2024,다나103726,to_in_008,5
2024,다나103733,to_in_001,5
2024,다나103733,to_in_007,5
2024,다나090729,to_in_001,8
2024,다나090729,to_in_007,5
2024,다나090729,to_in_008,8
2024,다나090730,to_in_001,5
2024,다나090730,to_in_007,5
2024,다나090730,to_in_008,0
2024,다나090731,to_in_001,13
2024,다나090731,to_in_007,8
2024,다나090731,to_in_008,5
2024,다나090732,to_in_001,5
2024,다나090732,to_in_007,0
2024,다나090732,to_in_008,5
2024,다나090734,to_in_001,321
2024,다나090734,to_in_007,160
2024,다나090734,to_in_008,159
2024,다나090735,to_in_001,309
2024,다나090735,to_in_007,142
2024,다나090735,to_in_008,165
2024,다나090736,to_in_001,329
2024,다나090736,to_in_007,157
2024,다나090736,to_in_008,170
2024,다나090737,to_in_001,5
2024,다나090737,to_in_007,0
2024,다나090737,to_in_008,0
2024,다나090738,to_in_001,8
2024,다나090738,to_in_007,5
2024,다나090738,to_in_008,5
2024,다나090739,to_in_001,8
2024,다나090739,to_in_007,5
2024,다나090739,to_in_008,5
2024,다나090740,to_in_001,44
2024,다나090740,to_in_007,18
2024,다나090740,to_in_008,24
2024,다나090741,to_in_001,13
2024,다나090741,to_in_007,8
2024,다나090741,to_in_008,5
2024,다나090742,to_in_001,43
2024,다나090742,to_in_007,23
2024,다나090742,to_in_008,18
2024,다나090743,to_in_001,28
2024,다나090743,to_in_007,18
2024,다나090743,to_in_008,13
2024,다나090744,to_in_001,18
2024,다나090744,to_in_007,8
2024,다나090744,to_in_008,13
2024,다나090745,to_in_001,13
2024,다나090745,to_in_007,8
2024,다나090745,to_in_008,8
2024,다나093980,to_in_001,173
2024,다나093980,to_in_007,91
2024,다나093980,to_in_008,85
2024,다나093981,to_in_001,13
2024,다나093981,to_in_007,8
2024,다나093981,to_in_008,8
2024,다나093982,to_in_001,28
2024,다나093982,to_in_007,13
2024,다나093982,to_in_008,18
2024,다나093983,to_in_001,81
2024,다나093983,to_in_007,44
2024,다나093983,to_in_008,40
2024,다나093985,to_in_001,23
2024,다나093985,to_in_007,13
2024,다나093985,to_in_008,13
2024,다나093986,to_in_001,64
2024,다나093986,to_in_007,34
2024,다나093986,to_in_008,33
2024,다나093987,to_in_001,18
2024,다나093987,to_in_007,13
2024,다나093987,to_in_008,8
2024,다나093988,to_in_001,0
2024,다나093988,to_in_007,0
2024,다나093988,to_in_008,0
2024,다나093991,to_in_001,13
2024,다나093991,to_in_007,8
2024,다나093991,to_in_008,8
2024,다나093992,to_in_001,13
2024,다나093992,to_in_007,8
2024,다나093992,to_in_008,8
2024,다나093994,to_in_001,5
2024,다나093994,to_in_007,0
2024,다나093994,to_in_008,0
2024,다나093999,to_in_001,13
2024,다나093999,to_in_007,8
2024,다나093999,to_in_008,5
2024,다나094728,to_in_001,8
2024,다나094728,to_in_007,5
2024,다나094728,to_in_008,5
2024,다나094729,to_in_001,54
2024,다나094729,to_in_007,29
2024,다나094729,to_in_008,28
2024,다나094730,to_in_001,18
2024,다나094730,to_in_007,8
2024,다나094730,to_in_008,8
2024,다나094731,to_in_001,5
2024,다나094731,to_in_007,0
2024,다나094731,to_in_008,0
2024,다나094733,to_in_001,5
2024,다나094733,to_in_007,5
2024,다나094733,to_in_008,5
2024,다나094735,to_in_001,8
2024,다나094735,to_in_007,5
2024,다나094735,to_in_008,5
2024,다나094736,to_in_001,5
2024,다나094736,to_in_007,5
2024,다나094736,to_in_008,5
2024,다나094737,to_in_001,0
2024,다나094737,to_in_007,0
2024,다나094737,to_in_008,0
2024,다나094738,to_in_001,5
2024,다나094738,to_in_007,5
2024,다나094738,to_in_008,5
2024,다나094739,to_in_001,5
2024,다나094739,to_in_007,5
2024,다나094739,to_in_008,0
2024,다나094742,to_in_001,38
2024,다나094742,to_in_007,18
2024,다나094742,to_in_008,18
2024,다나094743,to_in_001,28
2024,다나094743,to_in_007,13
2024,다나094743,to_in_008,18
2024,다나094744,to_in_001,23
2024,다나094744,to_in_007,13
2024,다나094744,to_in_008,13
2024,다나094745,to_in_001,18
2024,다나094745,to_in_007,13
2024,다나094745,to_in_008,8
2024,다나094746,to_in_001,13
2024,다나094746,to_in_007,8
2024,다나094746,to_in_008,8
2024,다나094747,to_in_001,13
2024,다나094747,to_in_007,8
2024,다나094747,to_in_008,8
2024,다나098753,to_in_001,5
2024,다나098753,to_in_007,0
2024,다나098753,to_in_008,5
2024,다나098960,to_in_001,5
2024,다나098960,to_in_007,0
2024,다나098960,to_in_008,0
2024,다나098972,to_in_001,0
2024,다나098972,to_in_007,0
2024,다나098972,to_in_008,0
2024,다나098973,to_in_001,13
2024,다나098973,to_in_007,8
2024,다나098973,to_in_008,8
2024,다나098984,to_in_001,8
2024,다나098984,to_in_007,5
2024,다나098984,to_in_008,5
2024,다나098985,to_in_001,18
2024,다나098985,to_in_007,13
2024,다나098985,to_in_008,8
2024,다나098986,to_in_001,48
2024,다나098986,to_in_007,23
2024,다나098986,to_in_008,28
2024,다나098987,to_in_001,23
2024,다나098987,to_in_007,13
2024,다나098987,to_in_008,8
2024,다나098988,to_in_001,13
2024,다나098988,to_in_007,8
2024,다나098988,to_in_008,5
2024,다나098989,to_in_001,13
2024,다나098989,to_in_007,8
2024,다나098989,to_in_008,8
2024,다나098990,to_in_001,5
2024,다나098990,to_in_007,5
2024,다나098990,to_in_008,0
2024,다나098993,to_in_001,23
2024,다나098993,to_in_007,8
2024,다나098993,to_in_008,13
2024,다나098994,to_in_001,23
2024,다나098994,to_in_007,13
2024,다나098994,to_in_008,13
2024,다나098995,to_in_001,18
2024,다나098995,to_in_007,8
2024,다나098995,to_in_008,8
2024,다나098996,to_in_001,85
2024,다나098996,to_in_007,45
2024,다나098996,to_in_008,38
2024,다나098997,to_in_001,85
2024,다나098997,to_in_007,38
2024,다나098997,to_in_008,45
2024,다나098999,to_in_001,8
2024,다나098999,to_in_007,5
2024,다나098999,to_in_008,5
2024,다나099725,to_in_001,5
2024,다나099725,to_in_007,0
2024,다나099725,to_in_008,5
2024,다나099726,to_in_001,5
2024,다나099726,to_in_007,0
2024,다나099726,to_in_008,0
2024,다나099727,to_in_001,0
2024,다나099727,to_in_007,0
2024,다나099727,to_in_008,0
2024,다나099728,to_in_001,8
2024,다나099728,to_in_007,8
2024,다나099728,to_in_008,5
2024,다나099729,to_in_001,18
2024,다나099729,to_in_007,5
2024,다나099729,to_in_008,13
2024,다나099730,to_in_001,49
2024,다나099730,to_in_007,23
2024,다나099730,to_in_008,24
2024,다나099734,to_in_001,0
2024,다나099734,to_in_007,0
2024,다나099734,to_in_008,0
2024,다나099740,to_in_001,8
2024,다나099740,to_in_007,8
2024,다나099740,to_in_008,5
2024,다나099744,to_in_001,33
2024,다나099744,to_in_007,18
2024,다나099744,to_in_008,18
2024,다나099745,to_in_001,13
2024,다나099745,to_in_007,8
2024,다나099745,to_in_008,8
2024,다나099747,to_in_001,8
2024,다나099747,to_in_007,5
2024,다나099747,to_in_008,5
2024,다나099749,to_in_001,18
2024,다나099749,to_in_007,13
2024,다나099749,to_in_008,8
2024,다나099750,to_in_001,18
2024,다나099750,to_in_007,8
2024,다나099750,to_in_008,13
2024,다나099752,to_in_001,8
2024,다나099752,to_in_007,5
2024,다나099752,to_in_008,5
2024,다나099753,to_in_001,8
2024,다나099753,to_in_007,0
2024,다나099753,to_in_008,8
2024,다나099754,to_in_001,5
2024,다나099754,to_in_007,0
2024,다나099754,to_in_008,0
2024,다나099755,to_in_001,5
2024,다나099755,to_in_007,0
2024,다나099755,to_in_008,0
2024,다나099757,to_in_001,5
2024,다나099757,to_in_007,5
2024,다나099757,to_in_008,0
2024,다나099931,to_in_001,37
2024,다나099931,to_in_007,34
2024,다나099931,to_in_008,5
2024,다나099961,to_in_001,0
2024,다나099961,to_in_007,0
2024,다나099961,to_in_008,0
2024,다나099968,to_in_001,0
2024,다나099968,to_in_007,0
2024,다나099968,to_in_008,0
2024,다나099971,to_in_001,5
2024,다나099971,to_in_007,5
2024,다나099971,to_in_008,0
2024,다나099972,to_in_001,8
2024,다나099972,to_in_007,5
2024,다나099972,to_in_008,5
2024,다나099973,to_in_001,0
2024,다나099973,to_in_007,0
2024,다나099973,to_in_008,0
2024,다나099978,to_in_001,0
2024,다나099978,to_in_007,0
2024,다나099978,to_in_008,0
2024,다나099981,to_in_001,5
2024,다나099981,to_in_007,5
2024,다나099981,to_in_008,0
2024,다나099983,to_in_001,8
2024,다나099983,to_in_007,5
2024,다나099983,to_in_008,5
2024,다나099984,to_in_001,0
2024,다나099984,to_in_007,0
2024,다나099984,to_in_008,0
2024,다나099985,to_in_001,8
2024,다나099985,to_in_007,5
2024,다나099985,to_in_008,5
2024,다나099986,to_in_001,8
2024,다나099986,to_in_007,5
2024,다나099986,to_in_008,8
2024,다나099990,to_in_001,5
2024,다나099990,to_in_007,5
2024,다나099990,to_in_008,0
2024,다나099992,to_in_001,8
2024,다나099992,to_in_007,5
2024,다나099992,to_in_008,5
2024,다나099994,to_in_001,5
2024,다나099994,to_in_007,5
2024,다나099994,to_in_008,5
2024,다나099995,to_in_001,89
2024,다나099995,to_in_007,42
2024,다나099995,to_in_008,45
2024,다나106993,to_in_001,80
2024,다나106993,to_in_007,45
2024,다나106993,to_in_008,33
2024,다나106994,to_in_001,48
2024,다나106994,to_in_007,28
2024,다나106994,to_in_008,18
2024,다나106995,to_in_001,13
2024,다나106995,to_in_007,8
2024,다나091741,to_in_001,23
2024,다나091741,to_in_007,8
2024,다나091741,to_in_008,13
2024,다나091742,to_in_001,13
2024,다나091742,to_in_007,8
2024,다나091742,to_in_008,8
2024,다나091743,to_in_001,23
2024,다나091743,to_in_007,13
2024,다나091743,to_in_008,8
2024,다나091744,to_in_001,38
2024,다나091744,to_in_007,23
2024,다나091744,to_in_008,18
2024,다나091745,to_in_001,8
2024,다나091745,to_in_007,5
2024,다나091745,to_in_008,5
2024,다나091747,to_in_001,28
2024,다나091747,to_in_007,13
2024,다나091747,to_in_008,13
2024,다나091748,to_in_001,38
2024,다나091748,to_in_007,23
2024,다나091748,to_in_008,13
2024,다나091750,to_in_001,5
2024,다나091750,to_in_007,5
2024,다나091750,to_in_008,5
2024,다나095735,to_in_001,5
2024,다나095735,to_in_007,5
2024,다나095735,to_in_008,5
2024,다나095741,to_in_001,111
2024,다나095741,to_in_007,56
2024,다나095741,to_in_008,58
2024,다나095742,to_in_001,70
2024,다나095742,to_in_007,33
2024,다나095742,to_in_008,35
2024,다나095743,to_in_001,23
2024,다나095743,to_in_007,13
2024,다나095743,to_in_008,8
2024,다나095744,to_in_001,70
2024,다나095744,to_in_007,34
2024,다나095744,to_in_008,34
2024,다나095745,to_in_001,78
2024,다나095745,to_in_007,38
2024,다나095745,to_in_008,43
2024,다나095746,to_in_001,13
2024,다나095746,to_in_007,8
2024,다나095746,to_in_008,8
2024,다나095747,to_in_001,23
2024,다나095747,to_in_007,13
2024,다나095747,to_in_008,13
2024,다나095748,to_in_001,18
2024,다나095748,to_in_007,8
2024,다나095748,to_in_008,13
2024,다나095749,to_in_001,8
2024,다나095749,to_in_007,5
2024,다나095749,to_in_008,5
2024,다나095752,to_in_001,5
2024,다나095752,to_in_007,0
2024,다나095752,to_in_008,5
2024,다나095753,to_in_001,13
2024,다나095753,to_in_007,8
2024,다나095753,to_in_008,8
2024,다나095755,to_in_001,5
2024,다나095755,to_in_007,5
2024,다나095755,to_in_008,0
2024,다나095756,to_in_001,5
2024,다나095756,to_in_007,0
2024,다나095756,to_in_008,5
2024,다나095763,to_in_001,5
2024,다나095763,to_in_007,5
2024,다나095763,to_in_008,0
2024,다나095980,to_in_001,5
2024,다나095980,to_in_007,0
2024,다나095980,to_in_008,0
2024,다나095983,to_in_001,0
2024,다나095983,to_in_007,0
2024,다나095983,to_in_008,0
2024,다나095984,to_in_001,5
2024,다나095984,to_in_007,5
2024,다나095984,to_in_008,0
2024,다나095985,to_in_001,8
2024,다나095985,to_in_007,8
2024,다나095985,to_in_008,5
2024,다나095986,to_in_001,136
2024,다나095986,to_in_007,63
2024,다나095986,to_in_008,71
2024,다나095987,to_in_001,5
2024,다나095987,to_in_007,5
2024,다나095987,to_in_008,5
2024,다나095997,to_in_001,91
2024,다나095997,to_in_007,45
2024,다나095997,to_in_008,49
2024,다나095998,to_in_001,176
2024,다나095998,to_in_007,82
2024,다나095998,to_in_008,92
2024,다나095999,to_in_001,58
2024,다나095999,to_in_007,33
2024,다나095999,to_in_008,28
2024,다나096725,to_in_001,5
2024,다나096725,to_in_007,0
2024,다나096725,to_in_008,5
2024,다나096726,to_in_001,8
2024,다나096726,to_in_007,5
2024,다나096726,to_in_008,5
2024,다나097725,to_in_001,5
2024,다나097725,to_in_007,5
2024,다나097725,to_in_008,0
2024,다나097726,to_in_001,8
2024,다나097726,to_in_007,8
2024,다나097726,to_in_008,5
2024,다나097727,to_in_001,8
2024,다나097727,to_in_007,5
2024,다나097727,to_in_008,5
2024,다나097729,to_in_001,0
2024,다나097729,to_in_007,0
2024,다나097729,to_in_008,0
2024,다나097730,to_in_001,0
2024,다나097730,to_in_007,0
2024,다나097730,to_in_008,0
2024,다나097731,to_in_001,8
2024,다나097731,to_in_007,5
2024,다나097731,to_in_008,5
2024,다나097733,to_in_001,5
2024,다나097733,to_in_007,5
2024,다나097733,to_in_008,5
2024,다나097734,to_in_001,8
2024,다나097734,to_in_007,5
2024,다나097734,to_in_008,5
2024,다나097738,to_in_001,5
2024,다나097738,to_in_007,0
2024,다나097738,to_in_008,0
2024,다나097739,to_in_001,8
2024,다나097739,to_in_007,5
2024,다나097739,to_in_008,5
2024,다나097743,to_in_001,111
2024,다나097743,to_in_007,53
2024,다나097743,to_in_008,56
2024,다나097744,to_in_001,18
2024,다나097744,to_in_007,8
2024,다나097744,to_in_008,8
2024,다나097745,to_in_001,8
2024,다나097745,to_in_007,8
2024,다나097745,to_in_008,0
2024,다나097748,to_in_001,13
2024,다나097748,to_in_007,8
2024,다나097748,to_in_008,8
2024,다나097749,to_in_001,8
2024,다나097749,to_in_007,5
2024,다나097749,to_in_008,8
2024,다나097750,to_in_001,5
2024,다나097750,to_in_007,0
2024,다나097750,to_in_008,0
2024,다나097751,to_in_001,8
2024,다나097751,to_in_007,5
2024,다나097751,to_in_008,5
2024,다나097752,to_in_001,13
2024,다나097752,to_in_007,8
2024,다나097752,to_in_008,5
2024,다나097756,to_in_001,5
2024,다나097756,to_in_007,0
2024,다나097756,to_in_008,0
2024,다나097759,to_in_001,5
2024,다나097759,to_in_007,0
2024,다나097759,to_in_008,5
2024,다나097767,to_in_001,8
2024,다나097767,to_in_007,8
2024,다나097767,to_in_008,0
2024,다나097971,to_in_001,5
2024,다나097971,to_in_007,5
2024,다나097971,to_in_008,5
2024,다나097972,to_in_001,5
2024,다나097972,to_in_007,0
2024,다나097972,to_in_008,0
2024,다나097981,to_in_001,5
2024,다나097981,to_in_007,0
2024,다나097981,to_in_008,0
2024,다나097984,to_in_001,5
2024,다나097984,to_in_007,5
2024,다나097984,to_in_008,0
2024,다나097985,to_in_001,18
2024,다나097985,to_in_007,8
2024,다나097985,to_in_008,8
2024,다나097986,to_in_001,128
2024,다나097986,to_in_007,68
2024,다나097986,to_in_008,63
2024,다나097987,to_in_001,33
2024,다나097987,to_in_007,18
2024,다나097987,to_in_008,13
2024,다나097988,to_in_001,5
2024,다나097988,to_in_007,0
2024,다나097988,to_in_008,0
2024,다나097989,to_in_001,8
2024,다나097989,to_in_007,8
2024,다나097989,to_in_008,5
2024,다나097992,to_in_001,5
2024,다나097992,to_in_007,0
2024,다나097992,to_in_008,0
2024,다나097993,to_in_001,28
2024,다나097993,to_in_007,13
2024,다나097993,to_in_008,13
2024,다나097994,to_in_001,28
2024,다나097994,to_in_007,13
2024,다나097994,to_in_008,13
2024,다나097996,to_in_001,53
2024,다나097996,to_in_007,28
2024,다나097996,to_in_008,23
2024,다나098725,to_in_001,5
2024,다나098725,to_in_007,5
2024,다나098725,to_in_008,0
2024,다나098726,to_in_001,23
2024,다나098726,to_in_007,13
2024,다나098726,to_in_008,13
2024,다나098727,to_in_001,8
2024,다나098727,to_in_007,8
2024,다나098727,to_in_008,5
2024,다나098728,to_in_001,13
2024,다나098728,to_in_007,5
2024,다나098728,to_in_008,8
2024,다나098730,to_in_001,5
2024,다나098730,to_in_007,5
2024,다나098730,to_in_008,0
2024,다나098731,to_in_001,5
2024,다나098731,to_in_007,0
2024,다나098731,to_in_008,0
2024,다나098733,to_in_001,5
2024,다나098733,to_in_007,0
2024,다나098733,to_in_008,5
2024,다나098736,to_in_001,5
2024,다나098736,to_in_007,0
2024,다나098736,to_in_008,0
2024,다나098737,to_in_001,5
2024,다나098737,to_in_007,5
2024,다나098737,to_in_008,5
2024,다나098743,to_in_001,68
2024,다나098743,to_in_007,33
2024,다나098743,to_in_008,38
2024,다나098744,to_in_001,18
2024,다나098744,to_in_007,13
2024,다나098744,to_in_008,8
2024,다나098746,to_in_001,5
2024,다나098746,to_in_007,0
2024,다나098746,to_in_008,5
2024,다나098747,to_in_001,23
2024,다나098747,to_in_007,13
2024,다나098747,to_in_008,8
2024,다나098748,to_in_001,28
2024,다나098748,to_in_007,18
2024,다나098748,to_in_008,8
2024,다나105991,to_in_001,18
2024,다나105991,to_in_007,8
2024,다나105991,to_in_008,13
2024,다나105993,to_in_001,18
2024,다나105993,to_in_007,13
2024,다나105993,to_in_008,8
2024,다나105994,to_in_001,18
2024,다나105994,to_in_007,8
2024,다나105994,to_in_008,13
2024,다나105995,to_in_001,18
2024,다나105995,to_in_007,8
2024,다나105995,to_in_008,13
2024,다나105996,to_in_001,8
2024,다나105996,to_in_007,5
2024,다나105996,to_in_008,5
2024,다나105997,to_in_001,94
2024,다나105997,to_in_007,46
2024,다나105997,to_in_008,46
2024,다나105998,to_in_001,159
2024,다나105998,to_in_007,72
2024,다나105998,to_in_008,85
2024,다나105999,to_in_001,215
2024,다나105999,to_in_007,122
2024,다나105999,to_in_008,91
2024,다나106727,to_in_001,8
2024,다나106727,to_in_007,5
2024,다나106727,to_in_008,8
2024,다나106728,to_in_001,5
2024,다나106728,to_in_007,0
2024,다나106728,to_in_008,5
2024,다나106732,to_in_001,8
2024,다나106732,to_in_007,5
2024,다나106732,to_in_008,5
2024,다나106736,to_in_001,5
2024,다나106736,to_in_007,0
2024,다나106736,to_in_008,0
2024,다나106741,to_in_001,8
2024,다나106741,to_in_007,8
2024,다나106741,to_in_008,0
2024,다나106745,to_in_001,8
2024,다나106745,to_in_007,8
2024,다나106745,to_in_008,5
2024,다나106746,to_in_001,13
2024,다나106746,to_in_007,5
2024,다나106746,to_in_008,8
2024,다나106750,to_in_001,8
2024,다나106750,to_in_007,5
2024,다나093968,to_in_001,0
2024,다나093968,to_in_007,0
2024,다나093968,to_in_008,0
2024,다나093969,to_in_001,5
2024,다나093969,to_in_007,0
2024,다나093969,to_in_008,5
2024,다나093970,to_in_001,5
2024,다나093970,to_in_007,5
2024,다나093970,to_in_008,0
2024,다나093972,to_in_001,5
2024,다나093972,to_in_007,0
2024,다나093972,to_in_008,5
2024,다나093973,to_in_001,5
2024,다나093973,to_in_007,5
2024,다나093973,to_in_008,5
2024,다나093974,to_in_001,8
2024,다나093974,to_in_007,5
2024,다나093974,to_in_008,5
2024,다나093975,to_in_001,0
2024,다나093975,to_in_007,0
2024,다나093975,to_in_008,0
2024,다나093976,to_in_001,18
2024,다나093976,to_in_007,13
2024,다나093976,to_in_008,8
2024,다나093979,to_in_001,18
2024,다나093979,to_in_007,8
2024,다나093979,to_in_008,8
2024,다나096727,to_in_001,18
2024,다나096727,to_in_007,18
2024,다나096727,to_in_008,5
2024,다나096729,to_in_001,8
2024,다나096729,to_in_007,0
2024,다나096729,to_in_008,8
2024,다나096731,to_in_001,0
2024,다나096731,to_in_007,0
2024,다나096731,to_in_008,0
2024,다나096735,to_in_001,0
2024,다나096735,to_in_007,0
2024,다나096735,to_in_008,0
2024,다나096740,to_in_001,5
2024,다나096740,to_in_007,0
2024,다나096740,to_in_008,0
2024,다나096741,to_in_001,53
2024,다나096741,to_in_007,23
2024,다나096741,to_in_008,28
2024,다나096742,to_in_001,5
2024,다나096742,to_in_007,0
2024,다나096742,to_in_008,0
2024,다나096743,to_in_001,28
2024,다나096743,to_in_007,13
2024,다나096743,to_in_008,18
2024,다나096744,to_in_001,28
2024,다나096744,to_in_007,18
2024,다나096744,to_in_008,13
2024,다나096745,to_in_001,13
2024,다나096745,to_in_007,8
2024,다나096745,to_in_008,5
2024,다나096746,to_in_001,33
2024,다나096746,to_in_007,18
2024,다나096746,to_in_008,18
2024,다나096747,to_in_001,33
2024,다나096747,to_in_007,18
2024,다나096747,to_in_008,13
2024,다나096748,to_in_001,8
2024,다나096748,to_in_007,8
2024,다나096748,to_in_008,8
2024,다나096749,to_in_001,0
2024,다나096749,to_in_007,0
2024,다나096749,to_in_008,0
2024,다나096750,to_in_001,5
2024,다나096750,to_in_007,0
2024,다나096750,to_in_008,0
2024,다나096757,to_in_001,5
2024,다나096757,to_in_007,5
2024,다나096757,to_in_008,5
2024,다나096758,to_in_001,5
2024,다나096758,to_in_007,5
2024,다나096758,to_in_008,5
2024,다나096763,to_in_001,5
2024,다나096763,to_in_007,0
2024,다나096763,to_in_008,5
2024,다나096954,to_in_001,5
2024,다나096954,to_in_007,0
2024,다나096954,to_in_008,5
2024,다나096972,to_in_001,0
2024,다나096972,to_in_007,0
2024,다나096972,to_in_008,0
2024,다나096973,to_in_001,8
2024,다나096973,to_in_007,5
2024,다나096973,to_in_008,5
2024,다나096983,to_in_001,28
2024,다나096983,to_in_007,18
2024,다나096983,to_in_008,13
2024,다나096985,to_in_001,23
2024,다나096985,to_in_007,13
2024,다나096985,to_in_008,13
2024,다나096986,to_in_001,116
2024,다나096986,to_in_007,54
2024,다나096986,to_in_008,60
2024,다나096987,to_in_001,5
2024,다나096987,to_in_007,5
2024,다나096987,to_in_008,5
2024,다나096997,to_in_001,18
2024,다나096997,to_in_007,8
2024,다나096997,to_in_008,8
2024,다나096998,to_in_001,23
2024,다나096998,to_in_007,8
2024,다나096998,to_in_008,13
2024,다나100996,to_in_001,104
2024,다나100996,to_in_007,49
2024,다나100996,to_in_008,53
2024,다나100998,to_in_001,5
2024,다나100998,to_in_007,5
2024,다나100998,to_in_008,5
2024,다나101727,to_in_001,13
2024,다나101727,to_in_007,8
2024,다나101727,to_in_008,8
2024,다나101728,to_in_001,5
2024,다나101728,to_in_007,5
2024,다나101728,to_in_008,5
2024,다나101729,to_in_001,5
2024,다나101729,to_in_007,0
2024,다나101729,to_in_008,0
2024,다나101731,to_in_001,8
2024,다나101731,to_in_007,5
2024,다나101731,to_in_008,5
2024,다나101743,to_in_001,66
2024,다나101743,to_in_007,36
2024,다나101743,to_in_008,28
2024,다나101744,to_in_001,18
2024,다나101744,to_in_007,13
2024,다나101744,to_in_008,8
2024,다나101746,to_in_001,5
2024,다나101746,to_in_007,0
2024,다나101746,to_in_008,0
2024,다나101748,to_in_001,8
2024,다나101748,to_in_007,8
2024,다나101748,to_in_008,5
2024,다나101752,to_in_001,13
2024,다나101752,to_in_007,5
2024,다나101752,to_in_008,8
2024,다나101753,to_in_001,5
2024,다나101753,to_in_007,0
2024,다나101753,to_in_008,0
2024,다나101761,to_in_001,0
2024,다나101761,to_in_007,0
2024,다나101761,to_in_008,0
2024,다나101763,to_in_001,0
2024,다나101763,to_in_007,0
2024,다나101763,to_in_008,0
2024,다나101964,to_in_001,8
2024,다나101964,to_in_007,8
2024,다나101964,to_in_008,5
2024,다나101968,to_in_001,5
2024,다나101968,to_in_007,0
2024,다나101968,to_in_008,0
2024,다나101969,to_in_001,13
2024,다나101969,to_in_007,8
2024,다나101969,to_in_008,5
2024,다나101972,to_in_001,8
2024,다나101972,to_in_007,5
2024,다나101972,to_in_008,5
2024,다나101978,to_in_001,5
2024,다나101978,to_in_007,0
2024,다나101978,to_in_008,0
2024,다나101981,to_in_001,0
2024,다나101981,to_in_007,0
2024,다나101981,to_in_008,0
2024,다나101982,to_in_001,8
2024,다나101982,to_in_007,8
2024,다나101982,to_in_008,5
2024,다나101983,to_in_001,5
2024,다나101983,to_in_007,0
2024,다나101983,to_in_008,5
2024,다나101986,to_in_001,13
2024,다나101986,to_in_007,8
2024,다나101986,to_in_008,5
2024,다나101987,to_in_001,23
2024,다나101987,to_in_007,8
2024,다나101987,to_in_008,13
2024,다나101991,to_in_001,5
2024,다나101991,to_in_007,5
2024,다나101991,to_in_008,5
2024,다나101993,to_in_001,5
2024,다나101993,to_in_007,5
2024,다나101993,to_in_008,0
2024,다나101995,to_in_001,0
2024,다나101995,to_in_007,0
2024,다나101995,to_in_008,0
2024,다나101996,to_in_001,83
2024,다나101996,to_in_007,42
2024,다나101996,to_in_008,44
2024,다나101997,to_in_001,8
2024,다나101997,to_in_007,5
2024,다나101997,to_in_008,5
2024,다나101998,to_in_001,223
2024,다나101998,to_in_007,120
2024,다나101998,to_in_008,101
2024,다나101999,to_in_001,134
2024,다나101999,to_in_007,70
2024,다나101999,to_in_008,67
2024,다나102728,to_in_001,5
2024,다나102728,to_in_007,5
2024,다나102728,to_in_008,0
2024,다나103987,to_in_001,5
2024,다나103987,to_in_007,5
2024,다나103987,to_in_008,5
2024,다나103988,to_in_001,79
2024,다나103988,to_in_007,38
2024,다나103988,to_in_008,39
2024,다나103989,to_in_001,8
2024,다나103989,to_in_007,5
2024,다나103989,to_in_008,5
2024,다나103990,to_in_001,8
2024,다나103990,to_in_007,8
2024,다나103990,to_in_008,0
2024,다나103991,to_in_001,28
2024,다나103991,to_in_007,13
2024,다나103991,to_in_008,18
2024,다나103992,to_in_001,49
2024,다나103992,to_in_007,28
2024,다나103992,to_in_008,24
2024,다나103993,to_in_001,38
2024,다나103993,to_in_007,18
2024,다나103993,to_in_008,18
2024,다나103994,to_in_001,8
2024,다나103994,to_in_007,5
2024,다나103994,to_in_008,8
2024,다나103995,to_in_001,0
2024,다나103995,to_in_007,0
2024,다나103995,to_in_008,0
2024,다나103996,to_in_001,5
2024,다나103996,to_in_007,0
2024,다나103996,to_in_008,5
2024,다나103997,to_in_001,164
2024,다나103997,to_in_007,83
2024,다나103997,to_in_008,74
2024,다나103998,to_in_001,192
2024,다나103998,to_in_007,92
2024,다나103998,to_in_008,103
2024,다나103999,to_in_001,203
2024,다나103999,to_in_007,100
2024,다나103999,to_in_008,101
2024,다나104738,to_in_001,13
2024,다나104738,to_in_007,8
2024,다나104738,to_in_008,8
2024,다나104739,to_in_001,5
2024,다나104739,to_in_007,0
2024,다나104739,to_in_008,5
2024,다나104740,to_in_001,5
2024,다나104740,to_in_007,0
2024,다나104740,to_in_008,5
2024,다나104741,to_in_001,18
2024,다나104741,to_in_007,8
2024,다나104741,to_in_008,8
2024,다나104747,to_in_001,5
2024,다나104747,to_in_007,5
2024,다나104747,to_in_008,0
2024,다나104748,to_in_001,5
2024,다나104748,to_in_007,0
2024,다나104748,to_in_008,5
2024,다나104749,to_in_001,0
2024,다나104749,to_in_007,0
2024,다나104749,to_in_008,0
2024,다나104750,to_in_001,18
2024,다나104750,to_in_007,8
2024,다나104750,to_in_008,8
2024,다나104770,to_in_001,5
2024,다나104770,to_in_007,0
2024,다나104770,to_in_008,0
2024,다나104964,to_in_001,0
2024,다나104964,to_in_007,0
2024,다나104964,to_in_008,0
2024,다나104981,to_in_001,8
2024,다나104981,to_in_007,5
2024,다나104981,to_in_008,8
2024,다나104985,to_in_001,64
2024,다나104985,to_in_007,33
2024,다나104985,to_in_008,34
2024,다나104986,to_in_001,193
2024,다나104986,to_in_007,89
2024,다나104986,to_in_008,102
2024,다나104987,to_in_001,80
2024,다나104987,to_in_007,39
2024,다나104987,to_in_008,39
2024,다나104988,to_in_001,8
2024,다나104988,to_in_007,8
2024,다나104988,to_in_008,8
2024,다나104989,to_in_001,13
2024,다나104989,to_in_007,8
2024,다나104989,to_in_008,8
2024,다나108995,to_in_001,18
2024,다나108995,to_in_007,8
2024,다나105749,to_in_001,8
2024,다나105749,to_in_007,5
2024,다나105749,to_in_008,5
2024,다나105751,to_in_001,5
2024,다나105751,to_in_007,5
2024,다나105751,to_in_008,5
2024,다나105752,to_in_001,5
2024,다나105752,to_in_007,0
2024,다나105752,to_in_008,0
2024,다나105771,to_in_001,5
2024,다나105771,to_in_007,0
2024,다나105771,to_in_008,0
2024,다나105965,to_in_001,0
2024,다나105965,to_in_007,0
2024,다나105965,to_in_008,0
2024,다나105966,to_in_001,8
2024,다나105966,to_in_007,8
2024,다나105966,to_in_008,0
2024,다나105968,to_in_001,0
2024,다나105968,to_in_007,0
2024,다나105968,to_in_008,0
2024,다나105983,to_in_001,13
2024,다나105983,to_in_007,5
2024,다나105983,to_in_008,8
2024,다나105985,to_in_001,5
2024,다나105985,to_in_007,5
2024,다나105985,to_in_008,5
2024,다나105986,to_in_001,74
2024,다나105986,to_in_007,34
2024,다나105986,to_in_008,43
2024,다나105987,to_in_001,5
2024,다나105987,to_in_007,5
2024,다나105987,to_in_008,5
2024,다나105988,to_in_001,23
2024,다나105988,to_in_007,13
2024,다나105988,to_in_008,13
2024,다나105989,to_in_001,43
2024,다나105989,to_in_007,23
2024,다나105989,to_in_008,23
2024,다나105990,to_in_001,8
2024,다나105990,to_in_007,8
2024,다나105990,to_in_008,5
2024,다나117749,to_in_001,8
2024,다나117749,to_in_007,5
2024,다나117749,to_in_008,5
2024,다나117751,to_in_001,89
2024,다나117751,to_in_007,51
2024,다나117751,to_in_008,41
2024,다나117752,to_in_001,63
2024,다나117752,to_in_007,33
2024,다나117752,to_in_008,33
2024,다나117753,to_in_001,8
2024,다나117753,to_in_007,5
2024,다나117753,to_in_008,5
2024,다나117759,to_in_001,5
2024,다나117759,to_in_007,5
2024,다나117759,to_in_008,0
2024,다나117768,to_in_001,5
2024,다나117768,to_in_007,5
2024,다나117768,to_in_008,0
2024,다나117769,to_in_001,5
2024,다나117769,to_in_007,5
2024,다나117769,to_in_008,5
2024,다나117955,to_in_001,5
2024,다나117955,to_in_007,0
2024,다나117955,to_in_008,5
2024,다나117957,to_in_001,5
2024,다나117957,to_in_007,5
2024,다나117957,to_in_008,0
2024,다나117959,to_in_001,5
2024,다나117959,to_in_007,5
2024,다나117959,to_in_008,0
2024,다나117961,to_in_001,5
2024,다나117961,to_in_007,5
2024,다나117961,to_in_008,0
2024,다나117962,to_in_001,5
2024,다나117962,to_in_007,0
2024,다나117962,to_in_008,5
2024,다나117963,to_in_001,8
2024,다나117963,to_in_007,5
2024,다나117963,to_in_008,5
2024,다나117964,to_in_001,8
2024,다나117964,to_in_007,5
2024,다나117964,to_in_008,8
2024,다나117970,to_in_001,8
2024,다나117970,to_in_007,5
2024,다나117970,to_in_008,5
2024,다나117974,to_in_001,5
2024,다나117974,to_in_007,5
2024,다나117974,to_in_008,5
2024,다나117975,to_in_001,0
2024,다나117975,to_in_007,0
2024,다나117975,to_in_008,0
2024,다나117977,to_in_001,5
2024,다나117977,to_in_007,5
2024,다나117977,to_in_008,0
2024,다나117980,to_in_001,61
2024,다나117980,to_in_007,29
2024,다나117980,to_in_008,30
2024,다나117981,to_in_001,201
2024,다나117981,to_in_007,95
2024,다나117981,to_in_008,104
2024,다나117982,to_in_001,102
2024,다나117982,to_in_007,60
2024,다나117982,to_in_008,45
2024,다나117983,to_in_001,65
2024,다나117983,to_in_007,33
2024,다나117983,to_in_008,30
2024,다나117984,to_in_001,75
2024,다나117984,to_in_007,40
2024,다나117984,to_in_008,33
2024,다나117985,to_in_001,394
2024,다나117985,to_in_007,189
2024,다나117985,to_in_008,203
2024,다나117986,to_in_001,372
2024,다나117986,to_in_007,184
2024,다나117986,to_in_008,186
2024,다나117987,to_in_001,385
2024,다나117987,to_in_007,187
2024,다나117987,to_in_008,196
2024,다나117988,to_in_001,142
2024,다나117988,to_in_007,74
2024,다나117988,to_in_008,71
2024,다나117989,to_in_001,81
2024,다나117989,to_in_007,38
2024,다나117989,to_in_008,46
2024,다나117994,to_in_001,53
2024,다나117994,to_in_007,33
2024,다나117994,to_in_008,23
2024,다나117995,to_in_001,76
2024,다나117995,to_in_007,35
2024,다나117995,to_in_008,44
2024,다나117996,to_in_001,53
2024,다나117996,to_in_007,28
2024,다나117996,to_in_008,28
2024,다나117997,to_in_001,8
2024,다나117997,to_in_007,5
2024,다나117997,to_in_008,8
2024,다나117998,to_in_001,71
2024,다나117998,to_in_007,39
2024,다나117998,to_in_008,35
2024,다나117999,to_in_001,170
2024,다나103733,to_in_008,0
2024,다나103737,to_in_001,0
2024,다나103737,to_in_007,0
2024,다나103737,to_in_008,0
2024,다나103738,to_in_001,13
2024,다나103738,to_in_007,8
2024,다나103738,to_in_008,8
2024,다나103742,to_in_001,8
2024,다나103742,to_in_007,8
2024,다나103742,to_in_008,5
2024,다나103750,to_in_001,5
2024,다나103750,to_in_007,5
2024,다나103750,to_in_008,0
2024,다나103759,to_in_001,5
2024,다나103759,to_in_007,0
2024,다나103759,to_in_008,5
2024,다나103765,to_in_001,5
2024,다나103765,to_in_007,5
2024,다나103765,to_in_008,5
2024,다나103964,to_in_001,5
2024,다나103964,to_in_007,0
2024,다나103964,to_in_008,0
2024,다나103975,to_in_001,23
2024,다나103975,to_in_007,13
2024,다나103975,to_in_008,13
2024,다나103976,to_in_001,5
2024,다나103976,to_in_007,0
2024,다나103976,to_in_008,5
2024,다나103981,to_in_001,5
2024,다나103981,to_in_007,5
2024,다나103981,to_in_008,5
2024,다나103982,to_in_001,13
2024,다나103982,to_in_007,8
2024,다나103982,to_in_008,8
2024,다나103983,to_in_001,5
2024,다나103983,to_in_007,5
2024,다나103983,to_in_008,5
2024,다나103984,to_in_001,38
2024,다나103984,to_in_007,18
2024,다나103984,to_in_008,18
2024,다나103985,to_in_001,181
2024,다나103985,to_in_007,91
2024,다나103985,to_in_008,88
2024,다나103986,to_in_001,128
2024,다나103986,to_in_007,59
2024,다나103986,to_in_008,67
2024,다나108744,to_in_001,0
2024,다나108744,to_in_007,0
2024,다나108744,to_in_008,0
2024,다나108745,to_in_001,0
2024,다나108745,to_in_007,0
2024,다나108745,to_in_008,0
2024,다나108746,to_in_001,5
2024,다나108746,to_in_007,5
2024,다나108746,to_in_008,0
2024,다나108748,to_in_001,8
2024,다나108748,to_in_007,8
2024,다나108748,to_in_008,5
2024,다나108749,to_in_001,5
2024,다나108749,to_in_007,5
2024,다나108749,to_in_008,0
2024,다나108750,to_in_001,0
2024,다나108750,to_in_007,0
2024,다나108750,to_in_008,0
2024,다나108751,to_in_001,8
2024,다나108751,to_in_007,5
2024,다나108751,to_in_008,8
2024,다나108752,to_in_001,38
2024,다나108752,to_in_007,18
2024,다나108752,to_in_008,18
2024,다나108758,to_in_001,5
2024,다나108758,to_in_007,0
2024,다나108758,to_in_008,5
2024,다나108967,to_in_001,8
2024,다나108967,to_in_007,5
2024,다나108967,to_in_008,8
2024,다나108971,to_in_001,5
2024,다나108971,to_in_007,5
2024,다나108971,to_in_008,5
2024,다나108973,to_in_001,5
2024,다나108973,to_in_007,5
2024,다나108973,to_in_008,5
2024,다나108979,to_in_001,171
2024,다나108979,to_in_007,99
2024,다나108979,to_in_008,75
2024,다나108980,to_in_001,99
2024,다나108980,to_in_007,59
2024,다나108980,to_in_008,43
2024,다나108981,to_in_001,70
2024,다나108981,to_in_007,35
2024,다나108981,to_in_008,38
2024,다나108982,to_in_001,116
2024,다나108982,to_in_007,61
2024,다나108982,to_in_008,53
2024,다나108983,to_in_001,131
2024,다나108983,to_in_007,65
2024,다나108983,to_in_008,64
2024,다나108984,to_in_001,136
2024,다나108984,to_in_007,66
2024,다나108984,to_in_008,73
2024,다나108985,to_in_001,88
2024,다나108985,to_in_007,35
2024,다나108985,to_in_008,51
2024,다나108986,to_in_001,127
2024,다나108986,to_in_007,66
2024,다나108986,to_in_008,59
2024,다나108987,to_in_001,167
2024,다나108987,to_in_007,75
2024,다나108987,to_in_008,90
2024,다나108988,to_in_001,5
2024,다나108988,to_in_007,5
2024,다나108988,to_in_008,0
2024,다나108990,to_in_001,29
2024,다나108990,to_in_007,14
2024,다나108990,to_in_008,13
2024,다나108991,to_in_001,93
2024,다나108991,to_in_007,47
2024,다나108991,to_in_008,44
2024,다나108992,to_in_001,68
2024,다나108992,to_in_007,33
2024,다나108992,to_in_008,33
2024,다나108993,to_in_001,18
2024,다나108993,to_in_007,13
2024,다나108993,to_in_008,8
2024,다나111989,to_in_001,0
2024,다나111989,to_in_007,0
2024,다나111989,to_in_008,0
2024,다나111990,to_in_001,13
2024,다나111990,to_in_007,8
2024,다나111990,to_in_008,8
2024,다나111991,to_in_001,8
2024,다나111991,to_in_007,5
2024,다나111991,to_in_008,5
2024,다나111992,to_in_001,5
2024,다나111992,to_in_007,0
2024,다나111992,to_in_008,0
2024,다나111994,to_in_001,5
2024,다나111994,to_in_007,0
2024,다나111994,to_in_008,5
2024,다나111995,to_in_001,28
2024,다나111995,to_in_007,18
2024,다나111995,to_in_008,8
2024,다나111996,to_in_001,8
2024,다나111996,to_in_007,5
2024,다나111996,to_in_008,5
2024,다나111997,to_in_001,88
2024,다나111997,to_in_007,38
2024,다나111997,to_in_008,48
2024,다나111998,to_in_001,159
2024,다나111998,to_in_007,68
2024,다나111998,to_in_008,89
2024,다나111999,to_in_001,44
2024,다나111999,to_in_007,23
2024,다나111999,to_in_008,24
2024,다나112725,to_in_001,8
2024,다나112725,to_in_007,5
2024,다나112725,to_in_008,8
2024,다나112732,to_in_001,5
2024,다나112732,to_in_007,0
2024,다나112732,to_in_008,0
2024,다나112735,to_in_001,8
2024,다나112735,to_in_007,8
2024,다나112735,to_in_008,5
2024,다나112740,to_in_001,5
2024,다나112740,to_in_007,5
2024,다나112740,to_in_008,0
2024,다나112742,to_in_001,5
2024,다나112742,to_in_007,5
2024,다나112742,to_in_008,0
2024,다나112743,to_in_001,5
2024,다나112743,to_in_007,5
2024,다나112743,to_in_008,5
2024,다나112746,to_in_001,0
2024,다나112746,to_in_007,0
2024,다나112746,to_in_008,0
2024,다나112750,to_in_001,21
2024,다나112750,to_in_007,5
2024,다나112750,to_in_008,16
2024,다나112751,to_in_001,28
2024,다나112751,to_in_007,18
2024,다나112751,to_in_008,8
2024,다나112752,to_in_001,29
2024,다나112752,to_in_007,19
2024,다나112752,to_in_008,13
2024,다나112978,to_in_001,69
2024,다나112978,to_in_007,34
2024,다나112978,to_in_008,38
2024,다나112979,to_in_001,138
2024,다나112979,to_in_007,72
2024,다나112979,to_in_008,69
2024,다나112980,to_in_001,168
2024,다나112980,to_in_007,83
2024,다나112980,to_in_008,83
2024,다나112981,to_in_001,206
2024,다나112981,to_in_007,102
2024,다나112981,to_in_008,102
2024,다나112982,to_in_001,188
2024,다나112982,to_in_007,83
2024,다나112982,to_in_008,108
2024,다나112983,to_in_001,48
2024,다나112983,to_in_007,23
2024,다나112983,to_in_008,23
2024,다나112984,to_in_001,163
2024,다나112984,to_in_007,75
2024,다나112984,to_in_008,86
2024,다나112985,to_in_001,33
2024,다나112985,to_in_007,18
2024,다나112985,to_in_008,13
2024,다나115737,to_in_001,78
2024,다나115737,to_in_007,48
2024,다나115737,to_in_008,28
2024,다나115738,to_in_001,63
2024,다나115738,to_in_007,33
2024,다나115738,to_in_008,33
2024,다나115745,to_in_001,5
2024,다나115745,to_in_007,5
2024,다나115745,to_in_008,5
2024,다나115748,to_in_001,5
2024,다나115748,to_in_007,5
2024,다나115748,to_in_008,5
2024,다나115749,to_in_001,68
2024,다나115749,to_in_007,33
2024,다나115749,to_in_008,33
2024,다나115750,to_in_001,18
2024,다나115750,to_in_007,8
2024,다나115750,to_in_008,8
2024,다나115751,to_in_001,18
2024,다나115751,to_in_007,8
2024,다나115751,to_in_008,8
2024,다나115752,to_in_001,23
2024,다나115752,to_in_007,13
2024,다나115752,to_in_008,13
2024,다나115753,to_in_001,13
2024,다나115753,to_in_007,5
2024,다나115753,to_in_008,8
2024,다나115754,to_in_001,8
2024,다나115754,to_in_007,5
2024,다나115754,to_in_008,8
2024,다나115757,to_in_001,8
2024,다나115757,to_in_007,5
2024,다나115757,to_in_008,5
2024,다나115953,to_in_001,5
2024,다나115953,to_in_007,0
2024,다나115953,to_in_008,5
2024,다나115963,to_in_001,5
2024,다나115963,to_in_007,5
2024,다나115963,to_in_008,5
2024,다나115964,to_in_001,13
2024,다나115964,to_in_007,8
2024,다나115964,to_in_008,8
2024,다나115965,to_in_001,18
2024,다나115965,to_in_007,8
2024,다나115965,to_in_008,8
2024,다나115966,to_in_001,8
2024,다나115966,to_in_007,5
2024,다나115966,to_in_008,5
2024,다나115976,to_in_001,53
2024,다나115976,to_in_007,23
2024,다나115976,to_in_008,33
2024,다나115977,to_in_001,139
2024,다나115977,to_in_007,68
2024,다나115977,to_in_008,69
2024,다나115979,to_in_001,83
2024,다나115979,to_in_007,35
2024,다나115979,to_in_008,46
2024,다나115980,to_in_001,210
2024,다나115980,to_in_007,88
2024,다나115980,to_in_008,120
2024,다나115981,to_in_001,185
2024,다나115981,to_in_007,87
2024,다나115981,to_in_008,96
2024,다나115982,to_in_001,154
2024,다나115982,to_in_007,75
2024,다나115982,to_in_008,82
2024,다나115983,to_in_001,136
2024,다나115983,to_in_007,58
2024,다나115983,to_in_008,76
2024,다나115984,to_in_001,71
2024,다나115984,to_in_007,35
2024,다나115984,to_in_008,34
2024,다나115985,to_in_001,100
2024,다나115985,to_in_007,46
2024,다나115985,to_in_008,52
2024,다나115986,to_in_001,172
2024,다나115986,to_in_007,88
2024,다나115986,to_in_008,82
2024,다나115987,to_in_001,48
2024,다나115987,to_in_007,23
2024,다나115987,to_in_008,28
2024,다나115990,to_in_001,13
2024,다나115990,to_in_007,5
2024,다나115990,to_in_008,8
2024,다나115991,to_in_001,13
2024,다나106995,to_in_008,8
2024,다나106996,to_in_001,134
2024,다나106996,to_in_007,65
2024,다나106996,to_in_008,72
2024,다나106997,to_in_001,8
2024,다나106997,to_in_007,5
2024,다나106997,to_in_008,5
2024,다나106998,to_in_001,48
2024,다나106998,to_in_007,23
2024,다나106998,to_in_008,23
2024,다나106999,to_in_001,245
2024,다나106999,to_in_007,120
2024,다나106999,to_in_008,128
2024,다나107735,to_in_001,5
2024,다나107735,to_in_007,5
2024,다나107735,to_in_008,0
2024,다나107741,to_in_001,8
2024,다나107741,to_in_007,5
2024,다나107741,to_in_008,5
2024,다나107743,to_in_001,8
2024,다나107743,to_in_007,8
2024,다나107743,to_in_008,5
2024,다나107750,to_in_001,0
2024,다나107750,to_in_007,0
2024,다나107750,to_in_008,0
2024,다나107751,to_in_001,5
2024,다나107751,to_in_007,5
2024,다나107751,to_in_008,0
2024,다나107969,to_in_001,5
2024,다나107969,to_in_007,0
2024,다나107969,to_in_008,5
2024,다나107975,to_in_001,0
2024,다나107975,to_in_007,0
2024,다나107975,to_in_008,0
2024,다나107978,to_in_001,8
2024,다나107978,to_in_007,5
2024,다나107978,to_in_008,5
2024,다나107981,to_in_001,13
2024,다나107981,to_in_007,8
2024,다나107981,to_in_008,8
2024,다나107982,to_in_001,23
2024,다나107982,to_in_007,13
2024,다나107982,to_in_008,13
2024,다나107983,to_in_001,13
2024,다나107983,to_in_007,8
2024,다나107983,to_in_008,8
2024,다나107984,to_in_001,23
2024,다나107984,to_in_007,13
2024,다나107984,to_in_008,13
2024,다나107985,to_in_001,214
2024,다나107985,to_in_007,106
2024,다나107985,to_in_008,111
2024,다나107986,to_in_001,38
2024,다나107986,to_in_007,18
2024,다나107986,to_in_008,23
2024,다나107989,to_in_001,33
2024,다나107989,to_in_007,18
2024,다나107989,to_in_008,18
2024,다나107990,to_in_001,18
2024,다나107990,to_in_007,8
2024,다나107990,to_in_008,8
2024,다나107991,to_in_001,179
2024,다나107991,to_in_007,92
2024,다나107991,to_in_008,85
2024,다나107992,to_in_001,43
2024,다나107992,to_in_007,23
2024,다나107992,to_in_008,23
2024,다나107993,to_in_001,145
2024,다나107993,to_in_007,67
2024,다나107993,to_in_008,76
2024,다나107994,to_in_001,81
2024,다나107994,to_in_007,29
2024,다나107994,to_in_008,50
2024,다나107995,to_in_001,23
2024,다나107995,to_in_007,8
2024,다나107995,to_in_008,13
2024,다나107996,to_in_001,110
2024,다나107996,to_in_007,49
2024,다나107996,to_in_008,59
2024,다나107999,to_in_001,98
2024,다나107999,to_in_007,54
2024,다나107999,to_in_008,47
2024,다나108730,to_in_001,0
2024,다나108730,to_in_007,0
2024,다나108730,to_in_008,0
2024,다나110987,to_in_001,8
2024,다나110987,to_in_007,8
2024,다나110987,to_in_008,0
2024,다나110988,to_in_001,8
2024,다나110988,to_in_007,5
2024,다나110988,to_in_008,5
2024,다나110991,to_in_001,5
2024,다나110991,to_in_007,0
2024,다나110991,to_in_008,0
2024,다나110992,to_in_001,23
2024,다나110992,to_in_007,13
2024,다나110992,to_in_008,13
2024,다나110993,to_in_001,43
2024,다나110993,to_in_007,28
2024,다나110993,to_in_008,18
2024,다나110994,to_in_001,171
2024,다나110994,to_in_007,76
2024,다나110994,to_in_008,98
2024,다나110995,to_in_001,5
2024,다나110995,to_in_007,5
2024,다나110995,to_in_008,0
2024,다나110996,to_in_001,13
2024,다나110996,to_in_007,8
2024,다나110996,to_in_008,8
2024,다나110998,to_in_001,66
2024,다나110998,to_in_007,36
2024,다나110998,to_in_008,33
2024,다나110999,to_in_001,53
2024,다나110999,to_in_007,28
2024,다나110999,to_in_008,23
2024,다나111734,to_in_001,0
2024,다나111734,to_in_007,0
2024,다나111734,to_in_008,0
2024,다나111736,to_in_001,5
2024,다나111736,to_in_007,5
2024,다나111736,to_in_008,5
2024,다나111748,to_in_001,8
2024,다나111748,to_in_007,8
2024,다나111748,to_in_008,5
2024,다나111750,to_in_001,5
2024,다나111750,to_in_007,0
2024,다나111750,to_in_008,5
2024,다나111751,to_in_001,5
2024,다나111751,to_in_007,5
2024,다나111751,to_in_008,0
2024,다나111753,to_in_001,0
2024,다나111753,to_in_007,0
2024,다나111753,to_in_008,0
2024,다나111758,to_in_001,13
2024,다나111758,to_in_007,8
2024,다나111758,to_in_008,5
2024,다나111952,to_in_001,5
2024,다나111952,to_in_007,0
2024,다나111952,to_in_008,5
2024,다나111978,to_in_001,13
2024,다나111978,to_in_007,5
2024,다나111978,to_in_008,8
2024,다나111979,to_in_001,261
2024,다나111979,to_in_007,123
2024,다나111979,to_in_008,136
2024,다나111980,to_in_001,159
2024,다나111980,to_in_007,72
2024,다나111980,to_in_008,85
2024,다나111981,to_in_001,116
2024,다나111981,to_in_007,63
2024,다나111981,to_in_008,56
2024,다나111982,to_in_001,264
2024,다나111982,to_in_007,136
2024,다나111982,to_in_008,126
2024,다나111983,to_in_001,219
2024,다나111983,to_in_007,96
2024,다나111983,to_in_008,121
2024,다나111984,to_in_001,433
2024,다나111984,to_in_007,217
2024,다나111984,to_in_008,216
2024,다나111985,to_in_001,131
2024,다나111985,to_in_007,61
2024,다나111985,to_in_008,73
2024,다나111986,to_in_001,108
2024,다나111986,to_in_007,47
2024,다나111986,to_in_008,59
2024,다나111988,to_in_001,5
2024,다나111988,to_in_007,0
2024,다나111988,to_in_008,5
2024,다나113980,to_in_001,13
2024,다나113980,to_in_007,8
2024,다나113980,to_in_008,8
2024,다나113981,to_in_001,54
2024,다나113981,to_in_007,18
2024,다나113981,to_in_008,34
2024,다나113982,to_in_001,48
2024,다나113982,to_in_007,28
2024,다나113982,to_in_008,18
2024,다나113983,to_in_001,200
2024,다나113983,to_in_007,98
2024,다나113983,to_in_008,100
2024,다나113984,to_in_001,79
2024,다나113984,to_in_007,38
2024,다나113984,to_in_008,44
2024,다나113985,to_in_001,104
2024,다나113985,to_in_007,51
2024,다나113985,to_in_008,51
2024,다나113986,to_in_001,149
2024,다나113986,to_in_007,64
2024,다나113986,to_in_008,83
2024,다나113987,to_in_001,29
2024,다나113987,to_in_007,13
2024,다나113987,to_in_008,14
2024,다나113988,to_in_001,0
2024,다나113988,to_in_007,0
2024,다나113988,to_in_008,0
2024,다나113989,to_in_001,79
2024,다나113989,to_in_007,43
2024,다나113989,to_in_008,34
2024,다나113990,to_in_001,66
2024,다나113990,to_in_007,28
2024,다나113990,to_in_008,41
2024,다나113991,to_in_001,5
2024,다나113991,to_in_007,5
2024,다나113991,to_in_008,5
2024,다나113992,to_in_001,5
2024,다나113992,to_in_007,5
2024,다나113992,to_in_008,5
2024,다나113993,to_in_001,13
2024,다나113993,to_in_007,5
2024,다나113993,to_in_008,8
2024,다나113994,to_in_001,117
2024,다나113994,to_in_007,50
2024,다나113994,to_in_008,70
2024,다나113995,to_in_001,116
2024,다나113995,to_in_007,60
2024,다나113995,to_in_008,54
2024,다나113996,to_in_001,88
2024,다나113996,to_in_007,40
2024,다나113996,to_in_008,46
2024,다나113998,to_in_001,18
2024,다나113998,to_in_007,8
2024,다나113998,to_in_008,8
2024,다나113999,to_in_001,13
2024,다나113999,to_in_007,5
2024,다나113999,to_in_008,8
2024,다나114734,to_in_001,5
2024,다나114734,to_in_007,5
2024,다나114734,to_in_008,0
2024,다나114735,to_in_001,5
2024,다나114735,to_in_007,5
2024,다나114735,to_in_008,5
2024,다나114737,to_in_001,5
2024,다나114737,to_in_007,5
2024,다나114737,to_in_008,0
2024,다나114738,to_in_001,70
2024,다나114738,to_in_007,32
2024,다나114738,to_in_008,36
2024,다나114741,to_in_001,0
2024,다나114741,to_in_007,0
2024,다나114741,to_in_008,0
2024,다나114742,to_in_001,5
2024,다나114742,to_in_007,5
2024,다나114742,to_in_008,5
2024,다나114749,to_in_001,0
2024,다나114749,to_in_007,0
2024,다나114749,to_in_008,0
2024,다나114750,to_in_001,5
2024,다나114750,to_in_007,5
2024,다나114750,to_in_008,5
2024,다나114752,to_in_001,123
2024,다나114752,to_in_007,58
2024,다나114752,to_in_008,63
2024,다나118754,to_in_001,5
2024,다나118754,to_in_007,0
2024,다나118754,to_in_008,0
2024,다나118755,to_in_001,23
2024,다나118755,to_in_007,13
2024,다나118755,to_in_008,13
2024,다나118756,to_in_001,8
2024,다나118756,to_in_007,8
2024,다나118756,to_in_008,0
2024,다나118759,to_in_001,5
2024,다나118759,to_in_007,0
2024,다나118759,to_in_008,5
2024,다나118760,to_in_001,0
2024,다나118760,to_in_007,0
2024,다나118760,to_in_008,0
2024,다나118768,to_in_001,0
2024,다나118768,to_in_007,0
2024,다나118768,to_in_008,0
2024,다나118966,to_in_001,8
2024,다나118966,to_in_007,8
2024,다나118966,to_in_008,0
2024,다나118968,to_in_001,5
2024,다나118968,to_in_007,0
2024,다나118968,to_in_008,0
2024,다나118973,to_in_001,5
2024,다나118973,to_in_007,0
2024,다나118973,to_in_008,0
2024,다나118974,to_in_001,5
2024,다나118974,to_in_007,5
2024,다나118974,to_in_008,0
2024,다나118975,to_in_001,0
2024,다나118975,to_in_007,0
2024,다나118975,to_in_008,0
2024,다나118976,to_in_001,5
2024,다나118976,to_in_007,5
2024,다나118976,to_in_008,5
2024,다나118980,to_in_001,5
2024,다나118980,to_in_007,5
2024,다나118980,to_in_008,0
2024,다나118981,to_in_001,56
2024,다나106750,to_in_008,5
2024,다나106751,to_in_001,5
2024,다나106751,to_in_007,0
2024,다나106751,to_in_008,5
2024,다나106752,to_in_001,5
2024,다나106752,to_in_007,5
2024,다나106752,to_in_008,0
2024,다나106762,to_in_001,0
2024,다나106762,to_in_007,0
2024,다나106762,to_in_008,0
2024,다나106964,to_in_001,8
2024,다나106964,to_in_007,5
2024,다나106964,to_in_008,5
2024,다나106967,to_in_001,0
2024,다나106967,to_in_007,0
2024,다나106967,to_in_008,0
2024,다나106968,to_in_001,5
2024,다나106968,to_in_007,5
2024,다나106968,to_in_008,0
2024,다나106969,to_in_001,5
2024,다나106969,to_in_007,5
2024,다나106969,to_in_008,5
2024,다나106980,to_in_001,126
2024,다나106980,to_in_007,34
2024,다나106980,to_in_008,95
2024,다나106983,to_in_001,5
2024,다나106983,to_in_007,5
2024,다나106983,to_in_008,5
2024,다나106984,to_in_001,50
2024,다나106984,to_in_007,28
2024,다나106984,to_in_008,20
2024,다나106985,to_in_001,108
2024,다나106985,to_in_007,55
2024,다나106985,to_in_008,56
2024,다나106986,to_in_001,8
2024,다나106986,to_in_007,5
2024,다나106986,to_in_008,5
2024,다나106990,to_in_001,58
2024,다나106990,to_in_007,28
2024,다나106990,to_in_008,33
2024,다나106991,to_in_001,167
2024,다나106991,to_in_007,92
2024,다나106991,to_in_008,78
2024,다나106992,to_in_001,18
2024,다나106992,to_in_007,8
2024,다나106992,to_in_008,8
2024,다나109992,to_in_001,34
2024,다나109992,to_in_007,19
2024,다나109992,to_in_008,18
2024,다나109993,to_in_001,33
2024,다나109993,to_in_007,23
2024,다나109993,to_in_008,13
2024,다나109994,to_in_001,55
2024,다나109994,to_in_007,29
2024,다나109994,to_in_008,24
2024,다나109995,to_in_001,173
2024,다나109995,to_in_007,77
2024,다나109995,to_in_008,94
2024,다나109996,to_in_001,5
2024,다나109996,to_in_007,5
2024,다나109996,to_in_008,5
2024,다나109998,to_in_001,8
2024,다나109998,to_in_007,5
2024,다나109998,to_in_008,5
2024,다나109999,to_in_001,18
2024,다나109999,to_in_007,8
2024,다나109999,to_in_008,8
2024,다나110732,to_in_001,5
2024,다나110732,to_in_007,5
2024,다나110732,to_in_008,5
2024,다나110748,to_in_001,13
2024,다나110748,to_in_007,8
2024,다나110748,to_in_008,8
2024,다나110750,to_in_001,8
2024,다나110750,to_in_007,5
2024,다나110750,to_in_008,5
2024,다나110751,to_in_001,5
2024,다나110751,to_in_007,0
2024,다나110751,to_in_008,5
2024,다나110757,to_in_001,5
2024,다나110757,to_in_007,0
2024,다나110757,to_in_008,5
2024,다나110760,to_in_001,5
2024,다나110760,to_in_007,5
2024,다나110760,to_in_008,0
2024,다나110767,to_in_001,0
2024,다나110767,to_in_007,0
2024,다나110767,to_in_008,0
2024,다나110769,to_in_001,8
2024,다나110769,to_in_007,5
2024,다나110769,to_in_008,5
2024,다나110772,to_in_001,5
2024,다나110772,to_in_007,5
2024,다나110772,to_in_008,5
2024,다나110965,to_in_001,0
2024,다나110965,to_in_007,0
2024,다나110965,to_in_008,0
2024,다나110973,to_in_001,5
2024,다나110973,to_in_007,0
2024,다나110973,to_in_008,5
2024,다나110976,to_in_001,5
2024,다나110976,to_in_007,0
2024,다나110976,to_in_008,5
2024,다나110978,to_in_001,0
2024,다나110978,to_in_007,0
2024,다나110978,to_in_008,0
2024,다나110979,to_in_001,198
2024,다나110979,to_in_007,97
2024,다나110979,to_in_008,99
2024,다나110980,to_in_001,259
2024,다나110980,to_in_007,134
2024,다나110980,to_in_008,123
2024,다나110981,to_in_001,127
2024,다나110981,to_in_007,76
2024,다나110981,to_in_008,49
2024,다나110982,to_in_001,66
2024,다나110982,to_in_007,40
2024,다나110982,to_in_008,24
2024,다나110983,to_in_001,303
2024,다나110983,to_in_007,147
2024,다나110983,to_in_008,154
2024,다나110984,to_in_001,168
2024,다나110984,to_in_007,75
2024,다나110984,to_in_008,91
2024,다나110985,to_in_001,88
2024,다나110985,to_in_007,45
2024,다나110985,to_in_008,41
2024,다나110986,to_in_001,5
2024,다나110986,to_in_007,5
2024,다나110986,to_in_008,5
2024,다나114753,to_in_001,13
2024,다나114753,to_in_007,8
2024,다나114753,to_in_008,5
2024,다나114759,to_in_001,5
2024,다나114759,to_in_007,5
2024,다나114759,to_in_008,0
2024,다나114961,to_in_001,5
2024,다나114961,to_in_007,5
2024,다나114961,to_in_008,0
2024,다나114964,to_in_001,144
2024,다나114964,to_in_007,40
2024,다나114964,to_in_008,104
2024,다나114973,to_in_001,5
2024,다나114973,to_in_007,5
2024,다나114973,to_in_008,0
2024,다나114977,to_in_001,38
2024,다나114977,to_in_007,13
2024,다나114977,to_in_008,23
2024,다나114979,to_in_001,132
2024,다나114979,to_in_007,56
2024,다나114979,to_in_008,79
2024,다나114980,to_in_001,257
2024,다나114980,to_in_007,117
2024,다나114980,to_in_008,138
2024,다나114981,to_in_001,245
2024,다나114981,to_in_007,126
2024,다나114981,to_in_008,122
2024,다나114982,to_in_001,166
2024,다나114982,to_in_007,86
2024,다나114982,to_in_008,83
2024,다나114983,to_in_001,249
2024,다나114983,to_in_007,117
2024,다나114983,to_in_008,135
2024,다나114984,to_in_001,269
2024,다나114984,to_in_007,112
2024,다나114984,to_in_008,155
2024,다나114985,to_in_001,95
2024,다나114985,to_in_007,48
2024,다나114985,to_in_008,50
2024,다나114986,to_in_001,170
2024,다나114986,to_in_007,92
2024,다나114986,to_in_008,76
2024,다나114987,to_in_001,23
2024,다나114987,to_in_007,13
2024,다나114987,to_in_008,8
2024,다나114989,to_in_001,5
2024,다나114989,to_in_007,5
2024,다나114989,to_in_008,5
2024,다나114990,to_in_001,0
2024,다나114990,to_in_007,0
2024,다나114990,to_in_008,0
2024,다나114991,to_in_001,13
2024,다나114991,to_in_007,8
2024,다나114991,to_in_008,8
2024,다나114992,to_in_001,53
2024,다나114992,to_in_007,20
2024,다나114992,to_in_008,31
2024,다나114993,to_in_001,23
2024,다나114993,to_in_007,8
2024,다나114993,to_in_008,13
2024,다나114996,to_in_001,5
2024,다나114996,to_in_007,0
2024,다나114996,to_in_008,0
2024,다나114997,to_in_001,5
2024,다나114997,to_in_007,0
2024,다나114997,to_in_008,0
2024,다나114998,to_in_001,13
2024,다나114998,to_in_007,8
2024,다나114998,to_in_008,8
2024,다나114999,to_in_001,43
2024,다나114999,to_in_007,23
2024,다나114999,to_in_008,18
2024,다나115728,to_in_001,8
2024,다나115728,to_in_007,5
2024,다나115728,to_in_008,5
2024,다나115734,to_in_001,0
2024,다나115734,to_in_007,0
2024,다나115734,to_in_008,0
2024,다나118999,to_in_001,84
2024,다나118999,to_in_007,39
2024,다나118999,to_in_008,43
2024,다나119726,to_in_001,8
2024,다나119726,to_in_007,8
2024,다나119726,to_in_008,0
2024,다나119727,to_in_001,23
2024,다나119727,to_in_007,13
2024,다나119727,to_in_008,13
2024,다나119728,to_in_001,13
2024,다나119728,to_in_007,8
2024,다나119728,to_in_008,8
2024,다나119738,to_in_001,83
2024,다나119738,to_in_007,46
2024,다나119738,to_in_008,40
2024,다나119739,to_in_001,33
2024,다나119739,to_in_007,18
2024,다나119739,to_in_008,18
2024,다나119740,to_in_001,58
2024,다나119740,to_in_007,23
2024,다나119740,to_in_008,33
2024,다나119741,to_in_001,23
2024,다나119741,to_in_007,8
2024,다나119741,to_in_008,13
2024,다나119743,to_in_001,92
2024,다나119743,to_in_007,40
2024,다나119743,to_in_008,50
2024,다나119747,to_in_001,219
2024,다나119747,to_in_007,105
2024,다나119747,to_in_008,112
2024,다나119748,to_in_001,311
2024,다나119748,to_in_007,158
2024,다나119748,to_in_008,151
2024,다나119749,to_in_001,5
2024,다나119749,to_in_007,5
2024,다나119749,to_in_008,5
2024,다나119750,to_in_001,82
2024,다나119750,to_in_007,42
2024,다나119750,to_in_008,43
2024,다나119751,to_in_001,76
2024,다나119751,to_in_007,34
2024,다나119751,to_in_008,45
2024,다나119752,to_in_001,28
2024,다나119752,to_in_007,13
2024,다나119752,to_in_008,18
2024,다나119753,to_in_001,13
2024,다나119753,to_in_007,5
2024,다나119753,to_in_008,8
2024,다나119754,to_in_001,43
2024,다나119754,to_in_007,23
2024,다나119754,to_in_008,23
2024,다나119760,to_in_001,8
2024,다나119760,to_in_007,8
2024,다나119760,to_in_008,5
2024,다나119765,to_in_001,0
2024,다나119765,to_in_007,0
2024,다나119765,to_in_008,0
2024,다나119942,to_in_001,28
2024,다나119942,to_in_007,13
2024,다나119942,to_in_008,13
2024,다나119943,to_in_001,8
2024,다나119943,to_in_007,5
2024,다나119943,to_in_008,5
2024,다나119955,to_in_001,5
2024,다나119955,to_in_007,5
2024,다나119955,to_in_008,5
2024,다나119958,to_in_001,5
2024,다나119958,to_in_007,5
2024,다나119958,to_in_008,5
2024,다나119964,to_in_001,23
2024,다나119964,to_in_007,13
2024,다나119964,to_in_008,8
2024,다나119966,to_in_001,54
2024,다나119966,to_in_007,24
2024,다나119966,to_in_008,28
2024,다나119967,to_in_001,18
2024,다나119967,to_in_007,8
2024,다나119967,to_in_008,13
2024,다나120737,to_in_001,38
2024,다나120737,to_in_007,23
2024,다나120737,to_in_008,18
2024,다나120738,to_in_001,76
2024,다나120738,to_in_007,45
2024,다나120738,to_in_008,29
2024,다나120739,to_in_001,143
2024,다나108995,to_in_008,8
2024,다나108996,to_in_001,33
2024,다나108996,to_in_007,18
2024,다나108996,to_in_008,18
2024,다나108997,to_in_001,8
2024,다나108997,to_in_007,5
2024,다나108997,to_in_008,5
2024,다나108998,to_in_001,5
2024,다나108998,to_in_007,0
2024,다나108998,to_in_008,5
2024,다나108999,to_in_001,8
2024,다나108999,to_in_007,0
2024,다나108999,to_in_008,8
2024,다나109733,to_in_001,8
2024,다나109733,to_in_007,8
2024,다나109733,to_in_008,8
2024,다나109743,to_in_001,5
2024,다나109743,to_in_007,0
2024,다나109743,to_in_008,5
2024,다나109749,to_in_001,0
2024,다나109749,to_in_007,0
2024,다나109749,to_in_008,0
2024,다나109752,to_in_001,5
2024,다나109752,to_in_007,0
2024,다나109752,to_in_008,0
2024,다나109757,to_in_001,8
2024,다나109757,to_in_007,5
2024,다나109757,to_in_008,5
2024,다나109766,to_in_001,5
2024,다나109766,to_in_007,0
2024,다나109766,to_in_008,0
2024,다나109932,to_in_001,0
2024,다나109932,to_in_007,0
2024,다나109932,to_in_008,0
2024,다나109935,to_in_001,5
2024,다나109935,to_in_007,5
2024,다나109935,to_in_008,0
2024,다나109967,to_in_001,5
2024,다나109967,to_in_007,5
2024,다나109967,to_in_008,5
2024,다나109971,to_in_001,0
2024,다나109971,to_in_007,0
2024,다나109971,to_in_008,0
2024,다나109972,to_in_001,5
2024,다나109972,to_in_007,0
2024,다나109972,to_in_008,5
2024,다나109978,to_in_001,8
2024,다나109978,to_in_007,8
2024,다나109978,to_in_008,5
2024,다나109979,to_in_001,152
2024,다나109979,to_in_007,79
2024,다나109979,to_in_008,71
2024,다나109980,to_in_001,108
2024,다나109980,to_in_007,58
2024,다나109980,to_in_008,53
2024,다나109981,to_in_001,96
2024,다나109981,to_in_007,52
2024,다나109981,to_in_008,42
2024,다나109982,to_in_001,89
2024,다나109982,to_in_007,45
2024,다나109982,to_in_008,47
2024,다나109983,to_in_001,305
2024,다나109983,to_in_007,147
2024,다나109983,to_in_008,161
2024,다나109984,to_in_001,117
2024,다나109984,to_in_007,52
2024,다나109984,to_in_008,68
2024,다나109985,to_in_001,13
2024,다나109985,to_in_007,8
2024,다나109985,to_in_008,8
2024,다나109986,to_in_001,96
2024,다나109986,to_in_007,47
2024,다나109986,to_in_008,47
2024,다나109987,to_in_001,165
2024,다나109987,to_in_007,82
2024,다나109987,to_in_008,81
2024,다나109988,to_in_001,28
2024,다나109988,to_in_007,18
2024,다나109988,to_in_008,13
2024,다나109989,to_in_001,38
2024,다나109989,to_in_007,18
2024,다나109989,to_in_008,18
2024,다나112986,to_in_001,48
2024,다나112986,to_in_007,23
2024,다나112986,to_in_008,23
2024,다나112987,to_in_001,43
2024,다나112987,to_in_007,18
2024,다나112987,to_in_008,23
2024,다나112988,to_in_001,8
2024,다나112988,to_in_007,8
2024,다나112988,to_in_008,5
2024,다나112989,to_in_001,33
2024,다나112989,to_in_007,18
2024,다나112989,to_in_008,13
2024,다나112990,to_in_001,33
2024,다나112990,to_in_007,18
2024,다나112990,to_in_008,18
2024,다나112991,to_in_001,59
2024,다나112991,to_in_007,33
2024,다나112991,to_in_008,24
2024,다나112992,to_in_001,48
2024,다나112992,to_in_007,18
2024,다나112992,to_in_008,28
2024,다나112994,to_in_001,69
2024,다나112994,to_in_007,33
2024,다나112994,to_in_008,34
2024,다나112995,to_in_001,113
2024,다나112995,to_in_007,59
2024,다나112995,to_in_008,57
2024,다나112996,to_in_001,83
2024,다나112996,to_in_007,38
2024,다나112996,to_in_008,43
2024,다나112997,to_in_001,82
2024,다나112997,to_in_007,46
2024,다나112997,to_in_008,34
2024,다나112998,to_in_001,126
2024,다나112998,to_in_007,66
2024,다나112998,to_in_008,58
2024,다나112999,to_in_001,28
2024,다나112999,to_in_007,13
2024,다나112999,to_in_008,18
2024,다나113734,to_in_001,8
2024,다나113734,to_in_007,8
2024,다나113734,to_in_008,5
2024,다나113735,to_in_001,5
2024,다나113735,to_in_007,5
2024,다나113735,to_in_008,0
2024,다나113740,to_in_001,8
2024,다나113740,to_in_007,8
2024,다나113740,to_in_008,5
2024,다나113741,to_in_001,0
2024,다나113741,to_in_007,0
2024,다나113741,to_in_008,0
2024,다나113742,to_in_001,5
2024,다나113742,to_in_007,0
2024,다나113742,to_in_008,5
2024,다나113746,to_in_001,0
2024,다나113746,to_in_007,0
2024,다나113746,to_in_008,0
2024,다나113750,to_in_001,5
2024,다나113750,to_in_007,5
2024,다나113750,to_in_008,0
2024,다나113751,to_in_001,28
2024,다나113751,to_in_007,18
2024,다나113751,to_in_008,13
2024,다나113752,to_in_001,111
2024,다나113752,to_in_007,53
2024,다나113752,to_in_008,56
2024,다나113753,to_in_001,94
2024,다나113753,to_in_007,52
2024,다나113753,to_in_008,45
2024,다나113756,to_in_001,0
2024,다나113756,to_in_007,0
2024,다나113756,to_in_008,0
2024,다나113757,to_in_001,33
2024,다나113757,to_in_007,13
2024,다나113757,to_in_008,18
2024,다나113758,to_in_001,5
2024,다나113758,to_in_007,0
2024,다나113758,to_in_008,0
2024,다나113759,to_in_001,13
2024,다나113759,to_in_007,8
2024,다나113759,to_in_008,5
2024,다나113951,to_in_001,0
2024,다나113951,to_in_007,0
2024,다나113951,to_in_008,0
2024,다나113978,to_in_001,8
2024,다나113978,to_in_007,5
2024,다나113978,to_in_008,5
2024,다나113979,to_in_001,127
2024,다나113979,to_in_007,69
2024,다나113979,to_in_008,61
2024,다나116753,to_in_001,5
2024,다나116753,to_in_007,5
2024,다나116753,to_in_008,0
2024,다나116768,to_in_001,0
2024,다나116768,to_in_007,0
2024,다나116768,to_in_008,0
2024,다나116769,to_in_001,64
2024,다나116769,to_in_007,49
2024,다나116769,to_in_008,13
2024,다나116927,to_in_001,8
2024,다나116927,to_in_007,5
2024,다나116927,to_in_008,5
2024,다나116963,to_in_001,13
2024,다나116963,to_in_007,8
2024,다나116963,to_in_008,8
2024,다나116964,to_in_001,38
2024,다나116964,to_in_007,18
2024,다나116964,to_in_008,23
2024,다나116965,to_in_001,5
2024,다나116965,to_in_007,5
2024,다나116965,to_in_008,5
2024,다나116966,to_in_001,5
2024,다나116966,to_in_007,5
2024,다나116966,to_in_008,0
2024,다나116975,to_in_001,5
2024,다나116975,to_in_007,5
2024,다나116975,to_in_008,0
2024,다나116979,to_in_001,23
2024,다나116979,to_in_007,13
2024,다나116979,to_in_008,13
2024,다나116980,to_in_001,138
2024,다나116980,to_in_007,67
2024,다나116980,to_in_008,74
2024,다나116981,to_in_001,227
2024,다나116981,to_in_007,119
2024,다나116981,to_in_008,106
2024,다나116982,to_in_001,235
2024,다나116982,to_in_007,119
2024,다나116982,to_in_008,114
2024,다나116983,to_in_001,137
2024,다나116983,to_in_007,70
2024,다나116983,to_in_008,65
2024,다나116984,to_in_001,94
2024,다나116984,to_in_007,52
2024,다나116984,to_in_008,40
2024,다나116985,to_in_001,134
2024,다나116985,to_in_007,58
2024,다나116985,to_in_008,79
2024,다나116986,to_in_001,70
2024,다나116986,to_in_007,28
2024,다나116986,to_in_008,45
2024,다나116987,to_in_001,66
2024,다나116987,to_in_007,34
2024,다나116987,to_in_008,35
2024,다나116988,to_in_001,8
2024,다나116988,to_in_007,0
2024,다나116988,to_in_008,8
2024,다나116990,to_in_001,5
2024,다나116990,to_in_007,5
2024,다나116990,to_in_008,5
2024,다나116991,to_in_001,13
2024,다나116991,to_in_007,8
2024,다나116991,to_in_008,5
2024,다나116992,to_in_001,8
2024,다나116992,to_in_007,5
2024,다나116992,to_in_008,8
2024,다나116994,to_in_001,70
2024,다나116994,to_in_007,30
2024,다나116994,to_in_008,38
2024,다나116995,to_in_001,141
2024,다나116995,to_in_007,67
2024,다나116995,to_in_008,72
2024,다나116996,to_in_001,48
2024,다나116996,to_in_007,23
2024,다나116996,to_in_008,23
2024,다나116997,to_in_001,13
2024,다나116997,to_in_007,5
2024,다나116997,to_in_008,8
2024,다나116998,to_in_001,28
2024,다나116998,to_in_007,13
2024,다나116998,to_in_008,13
2024,다나116999,to_in_001,28
2024,다나116999,to_in_007,13
2024,다나116999,to_in_008,18
2024,다나117726,to_in_001,0
2024,다나117726,to_in_007,0
2024,다나117726,to_in_008,0
2024,다나117727,to_in_001,23
2024,다나117727,to_in_007,13
2024,다나117727,to_in_008,8
2024,다나117728,to_in_001,5
2024,다나117728,to_in_007,0
2024,다나117728,to_in_008,5
2024,다나117729,to_in_001,13
2024,다나117729,to_in_007,8
2024,다나117729,to_in_008,8
2024,다나117730,to_in_001,8
2024,다나117730,to_in_007,8
2024,다나117730,to_in_008,5
2024,다나117731,to_in_001,5
2024,다나117731,to_in_007,0
2024,다나117731,to_in_008,0
2024,다나117732,to_in_001,5
2024,다나117732,to_in_007,5
2024,다나117732,to_in_008,5
2024,다나117733,to_in_001,5
2024,다나117733,to_in_007,0
2024,다나117733,to_in_008,5
2024,다나117735,to_in_001,5
2024,다나117735,to_in_007,0
2024,다나117735,to_in_008,5
2024,다나117736,to_in_001,23
2024,다나117736,to_in_007,13
2024,다나117736,to_in_008,8
2024,다나117737,to_in_001,5
2024,다나117737,to_in_007,5
2024,다나117737,to_in_008,0
2024,다나117738,to_in_001,18
2024,다나117738,to_in_007,8
2024,다나117738,to_in_008,13
2024,다나117739,to_in_001,13
2024,다나117999,to_in_007,80
2024,다나117999,to_in_008,88
2024,다나118727,to_in_001,18
2024,다나118727,to_in_007,8
2024,다나118727,to_in_008,8
2024,다나118728,to_in_001,8
2024,다나118728,to_in_007,5
2024,다나118728,to_in_008,5
2024,다나118729,to_in_001,13
2024,다나118729,to_in_007,8
2024,다나118729,to_in_008,8
2024,다나118730,to_in_001,8
2024,다나118730,to_in_007,5
2024,다나118730,to_in_008,5
2024,다나118737,to_in_001,8
2024,다나118737,to_in_007,8
2024,다나118737,to_in_008,8
2024,다나118738,to_in_001,5
2024,다나118738,to_in_007,0
2024,다나118738,to_in_008,0
2024,다나118739,to_in_001,5
2024,다나118739,to_in_007,5
2024,다나118739,to_in_008,0
2024,다나118740,to_in_001,8
2024,다나118740,to_in_007,5
2024,다나118740,to_in_008,5
2024,다나118741,to_in_001,5
2024,다나118741,to_in_007,5
2024,다나118741,to_in_008,5
2024,다나118742,to_in_001,13
2024,다나118742,to_in_007,8
2024,다나118742,to_in_008,5
2024,다나118743,to_in_001,13
2024,다나118743,to_in_007,8
2024,다나118743,to_in_008,8
2024,다나118746,to_in_001,0
2024,다나118746,to_in_007,0
2024,다나118746,to_in_008,0
2024,다나118747,to_in_001,5
2024,다나118747,to_in_007,0
2024,다나118747,to_in_008,0
2024,다나118748,to_in_001,5
2024,다나118748,to_in_007,0
2024,다나118748,to_in_008,5
2024,다나118751,to_in_001,8
2024,다나118751,to_in_007,5
2024,다나118751,to_in_008,5
2024,다나118752,to_in_001,5
2024,다나118752,to_in_007,5
2024,다나118752,to_in_008,5
2024,다나118753,to_in_001,13
2024,다나118753,to_in_007,8
2024,다나118753,to_in_008,8
2024,다나127969,to_in_001,18
2024,다나127969,to_in_007,8
2024,다나127969,to_in_008,8
2024,다나127970,to_in_001,8
2024,다나127970,to_in_007,5
2024,다나127970,to_in_008,5
2024,다나127986,to_in_001,5
2024,다나127986,to_in_007,0
2024,다나127986,to_in_008,0
2024,다나127988,to_in_001,5
2024,다나127988,to_in_007,5
2024,다나127988,to_in_008,0
2024,다나127989,to_in_001,51
2024,다나127989,to_in_007,25
2024,다나127989,to_in_008,24
2024,다나127990,to_in_001,80
2024,다나127990,to_in_007,38
2024,다나127990,to_in_008,45
2024,다나127991,to_in_001,23
2024,다나127991,to_in_007,13
2024,다나127991,to_in_008,8
2024,다나127992,to_in_001,95
2024,다나127992,to_in_007,50
2024,다나127992,to_in_008,48
2024,다나127993,to_in_001,143
2024,다나127993,to_in_007,74
2024,다나127993,to_in_008,72
2024,다나127994,to_in_001,106
2024,다나127994,to_in_007,57
2024,다나127994,to_in_008,47
2024,다나127995,to_in_001,55
2024,다나127995,to_in_007,30
2024,다나127995,to_in_008,28
2024,다나127999,to_in_001,89
2024,다나127999,to_in_007,13
2024,다나127999,to_in_008,74
2024,다나128724,to_in_001,5
2024,다나128724,to_in_007,5
2024,다나128724,to_in_008,0
2024,다나128725,to_in_001,62
2024,다나128725,to_in_007,30
2024,다나128725,to_in_008,30
2024,다나128726,to_in_001,71
2024,다나128726,to_in_007,51
2024,다나128726,to_in_008,23
2024,다나128727,to_in_001,5
2024,다나128727,to_in_007,5
2024,다나128727,to_in_008,5
2024,다나128728,to_in_001,74
2024,다나128728,to_in_007,39
2024,다나128728,to_in_008,33
2024,다나128729,to_in_001,129
2024,다나128729,to_in_007,77
2024,다나128729,to_in_008,55
2024,다나128730,to_in_001,18
2024,다나128730,to_in_007,8
2024,다나128730,to_in_008,8
2024,다나128731,to_in_001,23
2024,다나128731,to_in_007,13
2024,다나128731,to_in_008,8
2024,다나128732,to_in_001,119
2024,다나128732,to_in_007,48
2024,다나128732,to_in_008,69
2024,다나128733,to_in_001,38
2024,다나128733,to_in_007,18
2024,다나128733,to_in_008,18
2024,다나128734,to_in_001,91
2024,다나128734,to_in_007,43
2024,다나128734,to_in_008,51
2024,다나128735,to_in_001,105
2024,다나128735,to_in_007,53
2024,다나128735,to_in_008,50
2024,다나128736,to_in_001,74
2024,다나128736,to_in_007,39
2024,다나128736,to_in_008,33
2024,다나128737,to_in_001,119
2024,다나128737,to_in_007,59
2024,다나128737,to_in_008,63
2024,다나128738,to_in_001,90
2024,다나128738,to_in_007,43
2024,다나128738,to_in_008,50
2024,다나128739,to_in_001,33
2024,다나128739,to_in_007,18
2024,다나128739,to_in_008,13
2024,다나128740,to_in_001,146
2024,다나128740,to_in_007,70
2024,다나128740,to_in_008,79
2024,다나128746,to_in_001,5
2024,다나128746,to_in_007,5
2024,다나128746,to_in_008,0
2024,다나128747,to_in_001,82
2024,다나128747,to_in_007,49
2024,다나128747,to_in_008,36
2024,다나128752,to_in_001,5
2024,다나128752,to_in_007,5
2024,다나115991,to_in_007,5
2024,다나115991,to_in_008,8
2024,다나115992,to_in_001,18
2024,다나115992,to_in_007,8
2024,다나115992,to_in_008,8
2024,다나115993,to_in_001,13
2024,다나115993,to_in_007,8
2024,다나115993,to_in_008,5
2024,다나115994,to_in_001,18
2024,다나115994,to_in_007,8
2024,다나115994,to_in_008,8
2024,다나115995,to_in_001,220
2024,다나115995,to_in_007,90
2024,다나115995,to_in_008,128
2024,다나115996,to_in_001,13
2024,다나115996,to_in_007,8
2024,다나115996,to_in_008,8
2024,다나115997,to_in_001,53
2024,다나115997,to_in_007,28
2024,다나115997,to_in_008,23
2024,다나115998,to_in_001,135
2024,다나115998,to_in_007,68
2024,다나115998,to_in_008,65
2024,다나115999,to_in_001,43
2024,다나115999,to_in_007,23
2024,다나115999,to_in_008,18
2024,다나116732,to_in_001,72
2024,다나116732,to_in_007,34
2024,다나116732,to_in_008,41
2024,다나116733,to_in_001,13
2024,다나116733,to_in_007,8
2024,다나116733,to_in_008,5
2024,다나116737,to_in_001,18
2024,다나116737,to_in_007,8
2024,다나116737,to_in_008,8
2024,다나116738,to_in_001,5
2024,다나116738,to_in_007,0
2024,다나116738,to_in_008,0
2024,다나116740,to_in_001,5
2024,다나116740,to_in_007,5
2024,다나116740,to_in_008,0
2024,다나116744,to_in_001,5
2024,다나116744,to_in_007,0
2024,다나116744,to_in_008,0
2024,다나116746,to_in_001,5
2024,다나116746,to_in_007,5
2024,다나116746,to_in_008,5
2024,다나116747,to_in_001,5
2024,다나116747,to_in_007,5
2024,다나116747,to_in_008,0
2024,다나116748,to_in_001,5
2024,다나116748,to_in_007,0
2024,다나116748,to_in_008,0
2024,다나116749,to_in_001,28
2024,다나116749,to_in_007,13
2024,다나116749,to_in_008,18
2024,다나116750,to_in_001,5
2024,다나116750,to_in_007,5
2024,다나116750,to_in_008,5
2024,다나116751,to_in_001,69
2024,다나116751,to_in_007,38
2024,다나116751,to_in_008,34
2024,다나116752,to_in_001,33
2024,다나116752,to_in_007,18
2024,다나116752,to_in_008,13
2024,다나119975,to_in_001,5
2024,다나119975,to_in_007,0
2024,다나119975,to_in_008,5
2024,다나119980,to_in_001,8
2024,다나119980,to_in_007,0
2024,다나119980,to_in_008,8
2024,다나119981,to_in_001,13
2024,다나119981,to_in_007,8
2024,다나119981,to_in_008,8
2024,다나119982,to_in_001,86
2024,다나119982,to_in_007,39
2024,다나119982,to_in_008,45
2024,다나119983,to_in_001,53
2024,다나119983,to_in_007,33
2024,다나119983,to_in_008,23
2024,다나119984,to_in_001,48
2024,다나119984,to_in_007,23
2024,다나119984,to_in_008,23
2024,다나119986,to_in_001,13
2024,다나119986,to_in_007,8
2024,다나119986,to_in_008,8
2024,다나119987,to_in_001,48
2024,다나119987,to_in_007,18
2024,다나119987,to_in_008,28
2024,다나119988,to_in_001,63
2024,다나119988,to_in_007,28
2024,다나119988,to_in_008,38
2024,다나119989,to_in_001,107
2024,다나119989,to_in_007,50
2024,다나119989,to_in_008,55
2024,다나119990,to_in_001,121
2024,다나119990,to_in_007,56
2024,다나119990,to_in_008,63
2024,다나119991,to_in_001,33
2024,다나119991,to_in_007,18
2024,다나119991,to_in_008,18
2024,다나119992,to_in_001,8
2024,다나119992,to_in_007,8
2024,다나119992,to_in_008,5
2024,다나119993,to_in_001,58
2024,다나119993,to_in_007,28
2024,다나119993,to_in_008,28
2024,다나119994,to_in_001,112
2024,다나119994,to_in_007,52
2024,다나119994,to_in_008,58
2024,다나119995,to_in_001,48
2024,다나119995,to_in_007,23
2024,다나119995,to_in_008,23
2024,다나119996,to_in_001,28
2024,다나119996,to_in_007,13
2024,다나119996,to_in_008,13
2024,다나119997,to_in_001,53
2024,다나119997,to_in_007,23
2024,다나119997,to_in_008,28
2024,다나119998,to_in_001,28
2024,다나119998,to_in_007,13
2024,다나119998,to_in_008,18
2024,다나119999,to_in_001,63
2024,다나119999,to_in_007,33
2024,다나119999,to_in_008,33
2024,다나120726,to_in_001,23
2024,다나120726,to_in_007,13
2024,다나120726,to_in_008,8
2024,다나120727,to_in_001,8
2024,다나120727,to_in_007,5
2024,다나120727,to_in_008,8
2024,다나120728,to_in_001,0
2024,다나120728,to_in_007,0
2024,다나120728,to_in_008,0
2024,다나120729,to_in_001,5
2024,다나120729,to_in_007,5
2024,다나120729,to_in_008,0
2024,다나120733,to_in_001,33
2024,다나120733,to_in_007,18
2024,다나120733,to_in_008,18
2024,다나120734,to_in_001,58
2024,다나120734,to_in_007,33
2024,다나120734,to_in_008,23
2024,다나122737,to_in_001,92
2024,다나122737,to_in_007,38
2024,다나122737,to_in_008,52
2024,다나122738,to_in_001,65
2024,다나122738,to_in_007,29
2024,다나122738,to_in_008,34
2024,다나122739,to_in_001,124
2024,다나122739,to_in_007,64
2024,다나122739,to_in_008,58
2024,다나122740,to_in_001,127
2024,다나122740,to_in_007,56
2024,다나122740,to_in_008,74
2024,다나122741,to_in_001,148
2024,다나122741,to_in_007,72
2024,다나122741,to_in_008,79
2024,다나122742,to_in_001,78
2024,다나122742,to_in_007,43
2024,다나122742,to_in_008,38
2024,다나122743,to_in_001,289
2024,다나122743,to_in_007,138
2024,다나122743,to_in_008,149
2024,다나122744,to_in_001,33
2024,다나122744,to_in_007,18
2024,다나122744,to_in_008,18
2024,다나122745,to_in_001,5
2024,다나122745,to_in_007,0
2024,다나122745,to_in_008,5
2024,다나122746,to_in_001,65
2024,다나122746,to_in_007,28
2024,다나122746,to_in_008,35
2024,다나122747,to_in_001,408
2024,다나122747,to_in_007,191
2024,다나122747,to_in_008,215
2024,다나122748,to_in_001,392
2024,다나122748,to_in_007,178
2024,다나122748,to_in_008,217
2024,다나122749,to_in_001,182
2024,다나122749,to_in_007,95
2024,다나122749,to_in_008,90
2024,다나122750,to_in_001,112
2024,다나122750,to_in_007,50
2024,다나122750,to_in_008,65
2024,다나122751,to_in_001,126
2024,다나122751,to_in_007,54
2024,다나122751,to_in_008,75
2024,다나122752,to_in_001,100
2024,다나122752,to_in_007,48
2024,다나122752,to_in_008,55
2024,다나122753,to_in_001,43
2024,다나122753,to_in_007,23
2024,다나122753,to_in_008,18
2024,다나122754,to_in_001,18
2024,다나122754,to_in_007,8
2024,다나122754,to_in_008,8
2024,다나122755,to_in_001,28
2024,다나122755,to_in_007,18
2024,다나122755,to_in_008,13
2024,다나122756,to_in_001,33
2024,다나122756,to_in_007,18
2024,다나122756,to_in_008,13
2024,다나122757,to_in_001,8
2024,다나122757,to_in_007,8
2024,다나122757,to_in_008,5
2024,다나122759,to_in_001,5
2024,다나122759,to_in_007,0
2024,다나122759,to_in_008,0
2024,다나122760,to_in_001,5
2024,다나122760,to_in_007,0
2024,다나122760,to_in_008,5
2024,다나122763,to_in_001,5
2024,다나122763,to_in_007,0
2024,다나122763,to_in_008,0
2024,다나122764,to_in_001,5
2024,다나122764,to_in_007,0
2024,다나122764,to_in_008,0
2024,다나122766,to_in_001,5
2024,다나122766,to_in_007,0
2024,다나122766,to_in_008,0
2024,다나122773,to_in_001,5
2024,다나122773,to_in_007,0
2024,다나122773,to_in_008,5
2024,다나122774,to_in_001,8
2024,다나122774,to_in_007,8
2024,다나122774,to_in_008,5
2024,다나122977,to_in_001,0
2024,다나122977,to_in_007,0
2024,다나122977,to_in_008,0
2024,다나125753,to_in_001,430
2024,다나125753,to_in_007,212
2024,다나125753,to_in_008,216
2024,다나125762,to_in_001,8
2024,다나125762,to_in_007,5
2024,다나125762,to_in_008,5
2024,다나125952,to_in_001,246
2024,다나125952,to_in_007,93
2024,다나125952,to_in_008,151
2024,다나125955,to_in_001,43
2024,다나125955,to_in_007,23
2024,다나125955,to_in_008,18
2024,다나125956,to_in_001,168
2024,다나125956,to_in_007,93
2024,다나125956,to_in_008,73
2024,다나125957,to_in_001,41
2024,다나125957,to_in_007,21
2024,다나125957,to_in_008,20
2024,다나125967,to_in_001,13
2024,다나125967,to_in_007,8
2024,다나125967,to_in_008,5
2024,다나125987,to_in_001,0
2024,다나125987,to_in_007,0
2024,다나125987,to_in_008,0
2024,다나125988,to_in_001,5
2024,다나125988,to_in_007,0
2024,다나125988,to_in_008,0
2024,다나125991,to_in_001,105
2024,다나125991,to_in_007,49
2024,다나125991,to_in_008,59
2024,다나125992,to_in_001,174
2024,다나125992,to_in_007,79
2024,다나125992,to_in_008,93
2024,다나125993,to_in_001,23
2024,다나125993,to_in_007,13
2024,다나125993,to_in_008,13
2024,다나125997,to_in_001,23
2024,다나125997,to_in_007,13
2024,다나125997,to_in_008,13
2024,다나125998,to_in_001,28
2024,다나125998,to_in_007,13
2024,다나125998,to_in_008,13
2024,다나125999,to_in_001,20
2024,다나125999,to_in_007,20
2024,다나125999,to_in_008,5
2024,다나126724,to_in_001,133
2024,다나126724,to_in_007,118
2024,다나126724,to_in_008,18
2024,다나126725,to_in_001,153
2024,다나126725,to_in_007,112
2024,다나126725,to_in_008,44
2024,다나126726,to_in_001,96
2024,다나126726,to_in_007,55
2024,다나126726,to_in_008,39
2024,다나126727,to_in_001,48
2024,다나126727,to_in_007,23
2024,다나126727,to_in_008,23
2024,다나126728,to_in_001,53
2024,다나126728,to_in_007,23
2024,다나126728,to_in_008,28
2024,다나126729,to_in_001,60
2024,다나126729,to_in_007,35
2024,다나126729,to_in_008,23
2024,다나118981,to_in_007,28
2024,다나118981,to_in_008,26
2024,다나118982,to_in_001,126
2024,다나118982,to_in_007,60
2024,다나118982,to_in_008,64
2024,다나118983,to_in_001,117
2024,다나118983,to_in_007,59
2024,다나118983,to_in_008,56
2024,다나118984,to_in_001,64
2024,다나118984,to_in_007,28
2024,다나118984,to_in_008,34
2024,다나118985,to_in_001,367
2024,다나118985,to_in_007,171
2024,다나118985,to_in_008,194
2024,다나118986,to_in_001,156
2024,다나118986,to_in_007,81
2024,다나118986,to_in_008,73
2024,다나118987,to_in_001,213
2024,다나118987,to_in_007,98
2024,다나118987,to_in_008,113
2024,다나118989,to_in_001,163
2024,다나118989,to_in_007,78
2024,다나118989,to_in_008,83
2024,다나118990,to_in_001,89
2024,다나118990,to_in_007,40
2024,다나118990,to_in_008,47
2024,다나118994,to_in_001,78
2024,다나118994,to_in_007,43
2024,다나118994,to_in_008,33
2024,다나118995,to_in_001,151
2024,다나118995,to_in_007,82
2024,다나118995,to_in_008,72
2024,다나118996,to_in_001,101
2024,다나118996,to_in_007,52
2024,다나118996,to_in_008,47
2024,다나118997,to_in_001,166
2024,다나118997,to_in_007,79
2024,다나118997,to_in_008,85
2024,다나118998,to_in_001,154
2024,다나118998,to_in_007,69
2024,다나118998,to_in_008,83
2024,다나120957,to_in_001,163
2024,다나120957,to_in_007,92
2024,다나120957,to_in_008,74
2024,다나120958,to_in_001,125
2024,다나120958,to_in_007,66
2024,다나120958,to_in_008,62
2024,다나120960,to_in_001,5
2024,다나120960,to_in_007,0
2024,다나120960,to_in_008,0
2024,다나120963,to_in_001,5
2024,다나120963,to_in_007,0
2024,다나120963,to_in_008,5
2024,다나120964,to_in_001,58
2024,다나120964,to_in_007,33
2024,다나120964,to_in_008,23
2024,다나120965,to_in_001,8
2024,다나120965,to_in_007,5
2024,다나120965,to_in_008,5
2024,다나120966,to_in_001,8
2024,다나120966,to_in_007,5
2024,다나120966,to_in_008,8
2024,다나120977,to_in_001,8
2024,다나120977,to_in_007,5
2024,다나120977,to_in_008,5
2024,다나120978,to_in_001,5
2024,다나120978,to_in_007,0
2024,다나120978,to_in_008,5
2024,다나120981,to_in_001,5
2024,다나120981,to_in_007,5
2024,다나120981,to_in_008,0
2024,다나120982,to_in_001,75
2024,다나120982,to_in_007,40
2024,다나120982,to_in_008,38
2024,다나120983,to_in_001,23
2024,다나120983,to_in_007,13
2024,다나120983,to_in_008,8
2024,다나120984,to_in_001,139
2024,다나120984,to_in_007,61
2024,다나120984,to_in_008,76
2024,다나120985,to_in_001,51
2024,다나120985,to_in_007,24
2024,다나120985,to_in_008,25
2024,다나120987,to_in_001,83
2024,다나120987,to_in_007,48
2024,다나120987,to_in_008,38
2024,다나120988,to_in_001,155
2024,다나120988,to_in_007,77
2024,다나120988,to_in_008,76
2024,다나120989,to_in_001,38
2024,다나120989,to_in_007,18
2024,다나120989,to_in_008,18
2024,다나120990,to_in_001,128
2024,다나120990,to_in_007,64
2024,다나120990,to_in_008,67
2024,다나120991,to_in_001,77
2024,다나120991,to_in_007,39
2024,다나120991,to_in_008,36
2024,다나120992,to_in_001,8
2024,다나120992,to_in_007,5
2024,다나120992,to_in_008,8
2024,다나120993,to_in_001,23
2024,다나120993,to_in_007,8
2024,다나120993,to_in_008,13
2024,다나120994,to_in_001,13
2024,다나120994,to_in_007,8
2024,다나120994,to_in_008,8
2024,다나120995,to_in_001,48
2024,다나120995,to_in_007,28
2024,다나120995,to_in_008,23
2024,다나120998,to_in_001,39
2024,다나120998,to_in_007,19
2024,다나120998,to_in_008,23
2024,다나120999,to_in_001,53
2024,다나120999,to_in_007,18
2024,다나120999,to_in_008,33
2024,다나121725,to_in_001,0
2024,다나121725,to_in_007,0
2024,다나121725,to_in_008,0
2024,다나121726,to_in_001,13
2024,다나121726,to_in_007,8
2024,다나121726,to_in_008,8
2024,다나121727,to_in_001,5
2024,다나121727,to_in_007,5
2024,다나121727,to_in_008,5
2024,다나121729,to_in_001,5
2024,다나121729,to_in_007,0
2024,다나121729,to_in_008,5
2024,다나121732,to_in_001,8
2024,다나121732,to_in_007,8
2024,다나121732,to_in_008,5
2024,다나121733,to_in_001,132
2024,다나121733,to_in_007,66
2024,다나121733,to_in_008,64
2024,다나121734,to_in_001,130
2024,다나121734,to_in_007,71
2024,다나121734,to_in_008,62
2024,다나121735,to_in_001,48
2024,다나121735,to_in_007,28
2024,다나121735,to_in_008,18
2024,다나121736,to_in_001,43
2024,다나121736,to_in_007,23
2024,다나121736,to_in_008,23
2024,다나121737,to_in_001,137
2024,다나121737,to_in_007,70
2024,다나121737,to_in_008,70
2024,다나121738,to_in_001,53
2024,다나121738,to_in_007,28
2024,다나121738,to_in_008,23
2024,다나121739,to_in_001,109
2024,다나121739,to_in_007,53
2024,다나121739,to_in_008,54
2024,다나121740,to_in_001,8
2024,다나121740,to_in_007,5
2024,다나121740,to_in_008,5
2024,다나121741,to_in_001,70
2024,다나121741,to_in_007,45
2024,다나121741,to_in_008,25
2024,다나121742,to_in_001,161
2024,다나121742,to_in_007,71
2024,다나121742,to_in_008,88
2024,다나121743,to_in_001,48
2024,다나121743,to_in_007,23
2024,다나121743,to_in_008,23
2024,다나121744,to_in_001,100
2024,다나121744,to_in_007,45
2024,다나121744,to_in_008,53
2024,다나121745,to_in_001,28
2024,다나121745,to_in_007,18
2024,다나121745,to_in_008,13
2024,다나121746,to_in_001,95
2024,다나121746,to_in_007,46
2024,다나121746,to_in_008,52
2024,다나121747,to_in_001,213
2024,다나121747,to_in_007,105
2024,다나121747,to_in_008,106
2024,다나121748,to_in_001,191
2024,다나121748,to_in_007,92
2024,다나121748,to_in_008,97
2024,다나121749,to_in_001,18
2024,다나121749,to_in_007,13
2024,다나121749,to_in_008,8
2024,다나121750,to_in_001,28
2024,다나121750,to_in_007,13
2024,다나121750,to_in_008,13
2024,다나121751,to_in_001,43
2024,다나121751,to_in_007,23
2024,다나121751,to_in_008,18
2024,다나121752,to_in_001,28
2024,다나121752,to_in_007,13
2024,다나121752,to_in_008,13
2024,다나121753,to_in_001,23
2024,다나121753,to_in_007,8
2024,다나121753,to_in_008,13
2024,다나124745,to_in_001,13
2024,다나124745,to_in_007,8
2024,다나124745,to_in_008,8
2024,다나124746,to_in_001,354
2024,다나124746,to_in_007,148
2024,다나124746,to_in_008,209
2024,다나124748,to_in_001,8
2024,다나124748,to_in_007,5
2024,다나124748,to_in_008,8
2024,다나124749,to_in_001,150
2024,다나124749,to_in_007,66
2024,다나124749,to_in_008,82
2024,다나124750,to_in_001,445
2024,다나124750,to_in_007,201
2024,다나124750,to_in_008,247
2024,다나124751,to_in_001,8
2024,다나124751,to_in_007,5
2024,다나124751,to_in_008,5
2024,다나124752,to_in_001,141
2024,다나124752,to_in_007,66
2024,다나124752,to_in_008,73
2024,다나124753,to_in_001,53
2024,다나124753,to_in_007,23
2024,다나124753,to_in_008,28
2024,다나124754,to_in_001,8
2024,다나124754,to_in_007,5
2024,다나124754,to_in_008,5
2024,다나124755,to_in_001,5
2024,다나124755,to_in_007,0
2024,다나124755,to_in_008,5
2024,다나124756,to_in_001,5
2024,다나124756,to_in_007,5
2024,다나124756,to_in_008,5
2024,다나124762,to_in_001,18
2024,다나124762,to_in_007,8
2024,다나124762,to_in_008,8
2024,다나124763,to_in_001,13
2024,다나124763,to_in_007,5
2024,다나124763,to_in_008,8
2024,다나124764,to_in_001,5
2024,다나124764,to_in_007,0
2024,다나124764,to_in_008,5
2024,다나124928,to_in_001,18
2024,다나124928,to_in_007,18
2024,다나124928,to_in_008,0
2024,다나124955,to_in_001,83
2024,다나124955,to_in_007,56
2024,다나124955,to_in_008,25
2024,다나124956,to_in_001,66
2024,다나124956,to_in_007,41
2024,다나124956,to_in_008,23
2024,다나124957,to_in_001,60
2024,다나124957,to_in_007,42
2024,다나124957,to_in_008,21
2024,다나124963,to_in_001,88
2024,다나124963,to_in_007,48
2024,다나124963,to_in_008,38
2024,다나124964,to_in_001,34
2024,다나124964,to_in_007,14
2024,다나124964,to_in_008,18
2024,다나124974,to_in_001,5
2024,다나124974,to_in_007,0
2024,다나124974,to_in_008,5
2024,다나124983,to_in_001,0
2024,다나124983,to_in_007,0
2024,다나124983,to_in_008,0
2024,다나124988,to_in_001,5
2024,다나124988,to_in_007,0
2024,다나124988,to_in_008,5
2024,다나124992,to_in_001,138
2024,다나124992,to_in_007,59
2024,다나124992,to_in_008,82
2024,다나124994,to_in_001,13
2024,다나124994,to_in_007,5
2024,다나124994,to_in_008,8
2024,다나125725,to_in_001,57
2024,다나125725,to_in_007,52
2024,다나125725,to_in_008,5
2024,다나125726,to_in_001,28
2024,다나125726,to_in_007,28
2024,다나125726,to_in_008,0
2024,다나125730,to_in_001,23
2024,다나125730,to_in_007,13
2024,다나125730,to_in_008,13
2024,다나125731,to_in_001,43
2024,다나125731,to_in_007,23
2024,다나125731,to_in_008,18
2024,다나125732,to_in_001,71
2024,다나125732,to_in_007,49
2024,다나125732,to_in_008,25
2024,다나125733,to_in_001,61
2024,다나125733,to_in_007,26
2024,다나125733,to_in_008,33
2024,다나125734,to_in_001,49
2024,다나125734,to_in_007,18
2024,다나125734,to_in_008,29
2024,다나125735,to_in_001,71
2024,다나125735,to_in_007,34
2024,다나125735,to_in_008,35
2024,다나120739,to_in_007,72
2024,다나120739,to_in_008,74
2024,다나120740,to_in_001,112
2024,다나120740,to_in_007,52
2024,다나120740,to_in_008,58
2024,다나120741,to_in_001,126
2024,다나120741,to_in_007,59
2024,다나120741,to_in_008,70
2024,다나120742,to_in_001,165
2024,다나120742,to_in_007,74
2024,다나120742,to_in_008,89
2024,다나120743,to_in_001,120
2024,다나120743,to_in_007,58
2024,다나120743,to_in_008,65
2024,다나120744,to_in_001,368
2024,다나120744,to_in_007,179
2024,다나120744,to_in_008,192
2024,다나120745,to_in_001,63
2024,다나120745,to_in_007,33
2024,다나120745,to_in_008,33
2024,다나120746,to_in_001,215
2024,다나120746,to_in_007,106
2024,다나120746,to_in_008,107
2024,다나120747,to_in_001,436
2024,다나120747,to_in_007,210
2024,다나120747,to_in_008,224
2024,다나120748,to_in_001,33
2024,다나120748,to_in_007,18
2024,다나120748,to_in_008,18
2024,다나120749,to_in_001,176
2024,다나120749,to_in_007,90
2024,다나120749,to_in_008,89
2024,다나120750,to_in_001,479
2024,다나120750,to_in_007,248
2024,다나120750,to_in_008,229
2024,다나120751,to_in_001,43
2024,다나120751,to_in_007,18
2024,다나120751,to_in_008,23
2024,다나120752,to_in_001,118
2024,다나120752,to_in_007,64
2024,다나120752,to_in_008,52
2024,다나120753,to_in_001,13
2024,다나120753,to_in_007,8
2024,다나120753,to_in_008,8
2024,다나120754,to_in_001,53
2024,다나120754,to_in_007,23
2024,다나120754,to_in_008,28
2024,다나120765,to_in_001,5
2024,다나120765,to_in_007,0
2024,다나120765,to_in_008,5
2024,다나120774,to_in_001,5
2024,다나120774,to_in_007,5
2024,다나120774,to_in_008,5
2024,다나120775,to_in_001,18
2024,다나120775,to_in_007,8
2024,다나120775,to_in_008,8
2024,다나120776,to_in_001,5
2024,다나120776,to_in_007,5
2024,다나120776,to_in_008,0
2024,다나120941,to_in_001,8
2024,다나120941,to_in_007,8
2024,다나120941,to_in_008,8
2024,다나120942,to_in_001,33
2024,다나120942,to_in_007,13
2024,다나120942,to_in_008,18
2024,다나120943,to_in_001,18
2024,다나120943,to_in_007,8
2024,다나120943,to_in_008,8
2024,다나120955,to_in_001,5
2024,다나120955,to_in_007,5
2024,다나120955,to_in_008,0
2024,다나120956,to_in_001,8
2024,다나120956,to_in_007,8
2024,다나120956,to_in_008,5
2024,다나122981,to_in_001,5
2024,다나122981,to_in_007,0
2024,다나122981,to_in_008,0
2024,다나122986,to_in_001,8
2024,다나122986,to_in_007,5
2024,다나122986,to_in_008,5
2024,다나122988,to_in_001,5
2024,다나122988,to_in_007,5
2024,다나122988,to_in_008,0
2024,다나122992,to_in_001,38
2024,다나122992,to_in_007,18
2024,다나122992,to_in_008,18
2024,다나122997,to_in_001,33
2024,다나122997,to_in_007,18
2024,다나122997,to_in_008,13
2024,다나123728,to_in_001,5
2024,다나123728,to_in_007,5
2024,다나123728,to_in_008,5
2024,다나123731,to_in_001,0
2024,다나123731,to_in_007,0
2024,다나123731,to_in_008,0
2024,다나123732,to_in_001,53
2024,다나123732,to_in_007,28
2024,다나123732,to_in_008,28
2024,다나123733,to_in_001,38
2024,다나123733,to_in_007,23
2024,다나123733,to_in_008,18
2024,다나123734,to_in_001,120
2024,다나123734,to_in_007,59
2024,다나123734,to_in_008,64
2024,다나123735,to_in_001,137
2024,다나123735,to_in_007,65
2024,다나123735,to_in_008,70
2024,다나123736,to_in_001,55
2024,다나123736,to_in_007,29
2024,다나123736,to_in_008,24
2024,다나123737,to_in_001,74
2024,다나123737,to_in_007,33
2024,다나123737,to_in_008,39
2024,다나123738,to_in_001,150
2024,다나123738,to_in_007,62
2024,다나123738,to_in_008,91
2024,다나123739,to_in_001,59
2024,다나123739,to_in_007,34
2024,다나123739,to_in_008,28
2024,다나123740,to_in_001,97
2024,다나123740,to_in_007,56
2024,다나123740,to_in_008,44
2024,다나123741,to_in_001,117
2024,다나123741,to_in_007,60
2024,다나123741,to_in_008,55
2024,다나123742,to_in_001,23
2024,다나123742,to_in_007,13
2024,다나123742,to_in_008,13
2024,다나123743,to_in_001,152
2024,다나123743,to_in_007,85
2024,다나123743,to_in_008,70
2024,다나123744,to_in_001,191
2024,다나123744,to_in_007,93
2024,다나123744,to_in_008,96
2024,다나123745,to_in_001,53
2024,다나123745,to_in_007,28
2024,다나123745,to_in_008,23
2024,다나123746,to_in_001,0
2024,다나123746,to_in_007,0
2024,다나123746,to_in_008,0
2024,다나123747,to_in_001,13
2024,다나123747,to_in_007,8
2024,다나123747,to_in_008,8
2024,다나123748,to_in_001,179
2024,다나123748,to_in_007,82
2024,다나123748,to_in_008,95
2024,다나123749,to_in_001,210
2024,다나123749,to_in_007,106
2024,다나123749,to_in_008,102
2024,다나123750,to_in_001,118
2024,다나123750,to_in_007,61
2024,다나123750,to_in_008,55
2024,다나123751,to_in_001,13
2024,다나123751,to_in_007,13
2024,다나123751,to_in_008,5
2024,다나123752,to_in_001,0
2024,다나123752,to_in_007,0
2024,다나123752,to_in_008,0
2024,다나126989,to_in_001,23
2024,다나126989,to_in_007,13
2024,다나126989,to_in_008,13
2024,다나126990,to_in_001,18
2024,다나126990,to_in_007,13
2024,다나126990,to_in_008,8
2024,다나126991,to_in_001,49
2024,다나126991,to_in_007,24
2024,다나126991,to_in_008,23
2024,다나126992,to_in_001,74
2024,다나126992,to_in_007,39
2024,다나126992,to_in_008,38
2024,다나126993,to_in_001,38
2024,다나126993,to_in_007,23
2024,다나126993,to_in_008,13
2024,다나126994,to_in_001,5
2024,다나126994,to_in_007,5
2024,다나126994,to_in_008,5
2024,다나126995,to_in_001,18
2024,다나126995,to_in_007,13
2024,다나126995,to_in_008,8
2024,다나126998,to_in_001,54
2024,다나126998,to_in_007,8
2024,다나126998,to_in_008,49
2024,다나127724,to_in_001,59
2024,다나127724,to_in_007,44
2024,다나127724,to_in_008,13
2024,다나127725,to_in_001,23
2024,다나127725,to_in_007,18
2024,다나127725,to_in_008,8
2024,다나127726,to_in_001,159
2024,다나127726,to_in_007,104
2024,다나127726,to_in_008,53
2024,다나127727,to_in_001,63
2024,다나127727,to_in_007,33
2024,다나127727,to_in_008,28
2024,다나127728,to_in_001,48
2024,다나127728,to_in_007,28
2024,다나127728,to_in_008,18
2024,다나127729,to_in_001,18
2024,다나127729,to_in_007,13
2024,다나127729,to_in_008,8
2024,다나127730,to_in_001,88
2024,다나127730,to_in_007,52
2024,다나127730,to_in_008,39
2024,다나127731,to_in_001,33
2024,다나127731,to_in_007,23
2024,다나127731,to_in_008,13
2024,다나127732,to_in_001,23
2024,다나127732,to_in_007,8
2024,다나127732,to_in_008,13
2024,다나127733,to_in_001,23
2024,다나127733,to_in_007,13
2024,다나127733,to_in_008,13
2024,다나127734,to_in_001,121
2024,다나127734,to_in_007,56
2024,다나127734,to_in_008,68
2024,다나127735,to_in_001,38
2024,다나127735,to_in_007,23
2024,다나127735,to_in_008,18
2024,다나127736,to_in_001,51
2024,다나127736,to_in_007,18
2024,다나127736,to_in_008,31
2024,다나127737,to_in_001,85
2024,다나127737,to_in_007,45
2024,다나127737,to_in_008,38
2024,다나127738,to_in_001,69
2024,다나127738,to_in_007,29
2024,다나127738,to_in_008,38
2024,다나127739,to_in_001,8
2024,다나127739,to_in_007,5
2024,다나127739,to_in_008,8
2024,다나127740,to_in_001,69
2024,다나127740,to_in_007,38
2024,다나127740,to_in_008,29
2024,다나127741,to_in_001,8
2024,다나127741,to_in_007,5
2024,다나127741,to_in_008,8
2024,다나127742,to_in_001,0
2024,다나127742,to_in_007,0
2024,다나127742,to_in_008,0
2024,다나127746,to_in_001,87
2024,다나127746,to_in_007,39
2024,다나127746,to_in_008,46
2024,다나127747,to_in_001,159
2024,다나127747,to_in_007,85
2024,다나127747,to_in_008,72
2024,다나127748,to_in_001,346
2024,다나127748,to_in_007,173
2024,다나127748,to_in_008,171
2024,다나127749,to_in_001,5
2024,다나127749,to_in_007,0
2024,다나127749,to_in_008,5
2024,다나127750,to_in_001,8
2024,다나127750,to_in_007,5
2024,다나127750,to_in_008,5
2024,다나127751,to_in_001,8
2024,다나127751,to_in_007,8
2024,다나127751,to_in_008,5
2024,다나127752,to_in_001,124
2024,다나127752,to_in_007,60
2024,다나127752,to_in_008,67
2024,다나127753,to_in_001,127
2024,다나127753,to_in_007,63
2024,다나127753,to_in_008,67
2024,다나127755,to_in_001,8
2024,다나127755,to_in_007,8
2024,다나127755,to_in_008,5
2024,다나127756,to_in_001,5
2024,다나127756,to_in_007,0
2024,다나127756,to_in_008,0
2024,다나127764,to_in_001,5
2024,다나127764,to_in_007,5
2024,다나127764,to_in_008,0
2024,다나127776,to_in_001,13
2024,다나127776,to_in_007,8
2024,다나127776,to_in_008,8
2024,다나127953,to_in_001,29
2024,다나127953,to_in_007,24
2024,다나127953,to_in_008,8
2024,다나127956,to_in_001,83
2024,다나127956,to_in_007,58
2024,다나127956,to_in_008,23
2024,다나130741,to_in_001,5
2024,다나130741,to_in_007,5
2024,다나130741,to_in_008,0
2024,다나130743,to_in_001,8
2024,다나130743,to_in_007,5
2024,다나130743,to_in_008,5
2024,다나130744,to_in_001,250
2024,다나130744,to_in_007,131
2024,다나130744,to_in_008,122
2024,다나130745,to_in_001,13
2024,다나130745,to_in_007,8
2024,다나130745,to_in_008,5
2024,다나117739,to_in_007,5
2024,다나117739,to_in_008,8
2024,다나117740,to_in_001,5
2024,다나117740,to_in_007,5
2024,다나117740,to_in_008,0
2024,다나117741,to_in_001,5
2024,다나117741,to_in_007,5
2024,다나117741,to_in_008,0
2024,다나117742,to_in_001,5
2024,다나117742,to_in_007,5
2024,다나117742,to_in_008,5
2024,다나117743,to_in_001,5
2024,다나117743,to_in_007,5
2024,다나117743,to_in_008,5
2024,다나117744,to_in_001,8
2024,다나117744,to_in_007,5
2024,다나117744,to_in_008,5
2024,다나117745,to_in_001,5
2024,다나117745,to_in_007,0
2024,다나117745,to_in_008,5
2024,다나117746,to_in_001,5
2024,다나117746,to_in_007,5
2024,다나117746,to_in_008,5
2024,다나117747,to_in_001,5
2024,다나117747,to_in_007,5
2024,다나117747,to_in_008,0
2024,다나121754,to_in_001,122
2024,다나121754,to_in_007,67
2024,다나121754,to_in_008,58
2024,다나121759,to_in_001,5
2024,다나121759,to_in_007,5
2024,다나121759,to_in_008,0
2024,다나121760,to_in_001,13
2024,다나121760,to_in_007,8
2024,다나121760,to_in_008,8
2024,다나121764,to_in_001,5
2024,다나121764,to_in_007,5
2024,다나121764,to_in_008,5
2024,다나121772,to_in_001,5
2024,다나121772,to_in_007,0
2024,다나121772,to_in_008,0
2024,다나121773,to_in_001,8
2024,다나121773,to_in_007,5
2024,다나121773,to_in_008,8
2024,다나121774,to_in_001,8
2024,다나121774,to_in_007,5
2024,다나121774,to_in_008,5
2024,다나121775,to_in_001,13
2024,다나121775,to_in_007,5
2024,다나121775,to_in_008,8
2024,다나121941,to_in_001,5
2024,다나121941,to_in_007,0
2024,다나121941,to_in_008,5
2024,다나121942,to_in_001,5
2024,다나121942,to_in_007,0
2024,다나121942,to_in_008,0
2024,다나121943,to_in_001,0
2024,다나121943,to_in_007,0
2024,다나121943,to_in_008,0
2024,다나121954,to_in_001,8
2024,다나121954,to_in_007,8
2024,다나121954,to_in_008,5
2024,다나121957,to_in_001,18
2024,다나121957,to_in_007,8
2024,다나121957,to_in_008,8
2024,다나121964,to_in_001,5
2024,다나121964,to_in_007,5
2024,다나121964,to_in_008,5
2024,다나121965,to_in_001,0
2024,다나121965,to_in_007,0
2024,다나121965,to_in_008,0
2024,다나121969,to_in_001,5
2024,다나121969,to_in_007,0
2024,다나121969,to_in_008,0
2024,다나121978,to_in_001,5
2024,다나121978,to_in_007,0
2024,다나121978,to_in_008,0
2024,다나121980,to_in_001,5
2024,다나121980,to_in_007,0
2024,다나121980,to_in_008,0
2024,다나121990,to_in_001,8
2024,다나121990,to_in_007,8
2024,다나121990,to_in_008,8
2024,다나121991,to_in_001,23
2024,다나121991,to_in_007,13
2024,다나121991,to_in_008,8
2024,다나121997,to_in_001,23
2024,다나121997,to_in_007,8
2024,다나121997,to_in_008,13
2024,다나121999,to_in_001,5
2024,다나121999,to_in_007,0
2024,다나121999,to_in_008,5
2024,다나122726,to_in_001,5
2024,다나122726,to_in_007,5
2024,다나122726,to_in_008,5
2024,다나122727,to_in_001,0
2024,다나122727,to_in_007,0
2024,다나122727,to_in_008,0
2024,다나122732,to_in_001,23
2024,다나122732,to_in_007,8
2024,다나122732,to_in_008,13
2024,다나122733,to_in_001,53
2024,다나122733,to_in_007,23
2024,다나122733,to_in_008,28
2024,다나122734,to_in_001,137
2024,다나122734,to_in_007,74
2024,다나122734,to_in_008,61
2024,다나122735,to_in_001,58
2024,다나122735,to_in_007,33
2024,다나122735,to_in_008,23
2024,다나122736,to_in_001,116
2024,다나122736,to_in_007,62
2024,다나122736,to_in_008,52
2024,다나123753,to_in_001,18
2024,다나123753,to_in_007,13
2024,다나123753,to_in_008,8
2024,다나123754,to_in_001,13
2024,다나123754,to_in_007,8
2024,다나123754,to_in_008,8
2024,다나123755,to_in_001,23
2024,다나123755,to_in_007,13
2024,다나123755,to_in_008,13
2024,다나123756,to_in_001,28
2024,다나123756,to_in_007,13
2024,다나123756,to_in_008,13
2024,다나123766,to_in_001,8
2024,다나123766,to_in_007,8
2024,다나123766,to_in_008,8
2024,다나123801,to_in_001,5
2024,다나123801,to_in_007,0
2024,다나123801,to_in_008,5
2024,다나123955,to_in_001,5
2024,다나123955,to_in_007,5
2024,다나123955,to_in_008,0
2024,다나123956,to_in_001,122
2024,다나123956,to_in_007,76
2024,다나123956,to_in_008,44
2024,다나123957,to_in_001,59
2024,다나123957,to_in_007,28
2024,다나123957,to_in_008,29
2024,다나123963,to_in_001,67
2024,다나123963,to_in_007,37
2024,다나123963,to_in_008,28
2024,다나123964,to_in_001,33
2024,다나123964,to_in_007,18
2024,다나123964,to_in_008,18
2024,다나123981,to_in_001,0
2024,다나123981,to_in_007,0
2024,다나123981,to_in_008,0
2024,다나123986,to_in_001,8
2024,다나123986,to_in_007,8
2024,다나123986,to_in_008,0
2024,다나123988,to_in_001,5
2024,다나123988,to_in_007,0
2024,다나123988,to_in_008,0
2024,다나123991,to_in_001,28
2024,다나123991,to_in_007,13
2024,다나123991,to_in_008,18
2024,다나123992,to_in_001,196
2024,다나123992,to_in_007,88
2024,다나123992,to_in_008,106
2024,다나124731,to_in_001,0
2024,다나124731,to_in_007,0
2024,다나124731,to_in_008,0
2024,다나124732,to_in_001,110
2024,다나124732,to_in_007,67
2024,다나124732,to_in_008,46
2024,다나124733,to_in_001,53
2024,다나124733,to_in_007,23
2024,다나124733,to_in_008,33
2024,다나124734,to_in_001,192
2024,다나124734,to_in_007,122
2024,다나124734,to_in_008,68
2024,다나124735,to_in_001,214
2024,다나124735,to_in_007,100
2024,다나124735,to_in_008,112
2024,다나124736,to_in_001,153
2024,다나124736,to_in_007,79
2024,다나124736,to_in_008,77
2024,다나124737,to_in_001,43
2024,다나124737,to_in_007,18
2024,다나124737,to_in_008,23
2024,다나124738,to_in_001,152
2024,다나124738,to_in_007,72
2024,다나124738,to_in_008,78
2024,다나124739,to_in_001,8
2024,다나124739,to_in_007,5
2024,다나124739,to_in_008,8
2024,다나124740,to_in_001,33
2024,다나124740,to_in_007,18
2024,다나124740,to_in_008,13
2024,다나124741,to_in_001,105
2024,다나124741,to_in_007,48
2024,다나124741,to_in_008,55
2024,다나124742,to_in_001,8
2024,다나124742,to_in_007,5
2024,다나124742,to_in_008,5
2024,다나124743,to_in_001,5
2024,다나124743,to_in_007,5
2024,다나124743,to_in_008,5
2024,다나124744,to_in_001,84
2024,다나124744,to_in_007,39
2024,다나124744,to_in_008,48
2024,다나128970,to_in_001,0
2024,다나128970,to_in_007,0
2024,다나128970,to_in_008,0
2024,다나128987,to_in_001,5
2024,다나128987,to_in_007,5
2024,다나128987,to_in_008,0
2024,다나128988,to_in_001,81
2024,다나128988,to_in_007,5
2024,다나128988,to_in_008,76
2024,다나128989,to_in_001,8
2024,다나128989,to_in_007,8
2024,다나128989,to_in_008,5
2024,다나128990,to_in_001,5
2024,다나128990,to_in_007,0
2024,다나128990,to_in_008,5
2024,다나128991,to_in_001,8
2024,다나128991,to_in_007,5
2024,다나128991,to_in_008,5
2024,다나128992,to_in_001,38
2024,다나128992,to_in_007,18
2024,다나128992,to_in_008,18
2024,다나128993,to_in_001,28
2024,다나128993,to_in_007,13
2024,다나128993,to_in_008,13
2024,다나128994,to_in_001,106
2024,다나128994,to_in_007,55
2024,다나128994,to_in_008,49
2024,다나128995,to_in_001,28
2024,다나128995,to_in_007,13
2024,다나128995,to_in_008,13
2024,다나129724,to_in_001,5
2024,다나129724,to_in_007,5
2024,다나129724,to_in_008,0
2024,다나129725,to_in_001,33
2024,다나129725,to_in_007,23
2024,다나129725,to_in_008,13
2024,다나129726,to_in_001,107
2024,다나129726,to_in_007,70
2024,다나129726,to_in_008,35
2024,다나129727,to_in_001,53
2024,다나129727,to_in_007,33
2024,다나129727,to_in_008,18
2024,다나129728,to_in_001,78
2024,다나129728,to_in_007,53
2024,다나129728,to_in_008,28
2024,다나129729,to_in_001,38
2024,다나129729,to_in_007,18
2024,다나129729,to_in_008,18
2024,다나129730,to_in_001,13
2024,다나129730,to_in_007,8
2024,다나129730,to_in_008,8
2024,다나129731,to_in_001,8
2024,다나129731,to_in_007,8
2024,다나129731,to_in_008,5
2024,다나129732,to_in_001,56
2024,다나129732,to_in_007,31
2024,다나129732,to_in_008,23
2024,다나129733,to_in_001,23
2024,다나129733,to_in_007,13
2024,다나129733,to_in_008,13
2024,다나129734,to_in_001,38
2024,다나129734,to_in_007,18
2024,다나129734,to_in_008,23
2024,다나129735,to_in_001,82
2024,다나129735,to_in_007,28
2024,다나129735,to_in_008,52
2024,다나129736,to_in_001,191
2024,다나129736,to_in_007,80
2024,다나129736,to_in_008,109
2024,다나129737,to_in_001,137
2024,다나129737,to_in_007,69
2024,다나129737,to_in_008,66
2024,다나129738,to_in_001,141
2024,다나129738,to_in_007,68
2024,다나129738,to_in_008,76
2024,다나129739,to_in_001,80
2024,다나129739,to_in_007,33
2024,다나129739,to_in_008,45
2024,다나129740,to_in_001,5
2024,다나129740,to_in_007,0
2024,다나129740,to_in_008,0
2024,다나129741,to_in_001,0
2024,다나129741,to_in_007,0
2024,다나129741,to_in_008,0
2024,다나129742,to_in_001,53
2024,다나129742,to_in_007,28
2024,다나129742,to_in_008,23
2024,다나129743,to_in_001,33
2024,다나129743,to_in_007,13
2024,다나129743,to_in_008,18
2024,다나128752,to_in_008,5
2024,다나128753,to_in_001,13
2024,다나128753,to_in_007,5
2024,다나128753,to_in_008,8
2024,다나128755,to_in_001,5
2024,다나128755,to_in_007,0
2024,다나128755,to_in_008,5
2024,다나128756,to_in_001,8
2024,다나128756,to_in_007,8
2024,다나128756,to_in_008,5
2024,다나128757,to_in_001,8
2024,다나128757,to_in_007,8
2024,다나128757,to_in_008,5
2024,다나128758,to_in_001,5
2024,다나128758,to_in_007,0
2024,다나128758,to_in_008,0
2024,다나128760,to_in_001,5
2024,다나128760,to_in_007,5
2024,다나128760,to_in_008,0
2024,다나128761,to_in_001,43
2024,다나128761,to_in_007,23
2024,다나128761,to_in_008,18
2024,다나128762,to_in_001,28
2024,다나128762,to_in_007,13
2024,다나128762,to_in_008,13
2024,다나128763,to_in_001,23
2024,다나128763,to_in_007,13
2024,다나128763,to_in_008,13
2024,다나128764,to_in_001,28
2024,다나128764,to_in_007,28
2024,다나128764,to_in_008,0
2024,다나128767,to_in_001,5
2024,다나128767,to_in_007,5
2024,다나128767,to_in_008,0
2024,다나128769,to_in_001,5
2024,다나128769,to_in_007,5
2024,다나128769,to_in_008,5
2024,다나128953,to_in_001,28
2024,다나128953,to_in_007,18
2024,다나128953,to_in_008,8
2024,다나128954,to_in_001,18
2024,다나128954,to_in_007,13
2024,다나128954,to_in_008,8
2024,다나128969,to_in_001,23
2024,다나128969,to_in_007,13
2024,다나128969,to_in_008,8
2024,다나136757,to_in_001,8
2024,다나136757,to_in_007,5
2024,다나136757,to_in_008,5
2024,다나136759,to_in_001,0
2024,다나136759,to_in_007,0
2024,다나136759,to_in_008,0
2024,다나136760,to_in_001,5
2024,다나136760,to_in_007,5
2024,다나136760,to_in_008,0
2024,다나136762,to_in_001,5
2024,다나136762,to_in_007,5
2024,다나136762,to_in_008,5
2024,다나136763,to_in_001,5
2024,다나136763,to_in_007,0
2024,다나136763,to_in_008,0
2024,다나136772,to_in_001,5
2024,다나136772,to_in_007,5
2024,다나136772,to_in_008,0
2024,다나136790,to_in_001,5
2024,다나136790,to_in_007,0
2024,다나136790,to_in_008,5
2024,다나136795,to_in_001,5
2024,다나136795,to_in_007,5
2024,다나136795,to_in_008,0
2024,다나136948,to_in_001,5
2024,다나136948,to_in_007,5
2024,다나136948,to_in_008,5
2024,다나136952,to_in_001,5
2024,다나136952,to_in_007,5
2024,다나136952,to_in_008,0
2024,다나136962,to_in_001,60
2024,다나136962,to_in_007,33
2024,다나136962,to_in_008,25
2024,다나136967,to_in_001,5
2024,다나136967,to_in_007,5
2024,다나136967,to_in_008,5
2024,다나136980,to_in_001,8
2024,다나136980,to_in_007,5
2024,다나136980,to_in_008,5
2024,다나136982,to_in_001,18
2024,다나136982,to_in_007,8
2024,다나136982,to_in_008,13
2024,다나136983,to_in_001,18
2024,다나136983,to_in_007,8
2024,다나136983,to_in_008,8
2024,다나136984,to_in_001,8
2024,다나136984,to_in_007,5
2024,다나136984,to_in_008,5
2024,다나136985,to_in_001,115
2024,다나136985,to_in_007,52
2024,다나136985,to_in_008,66
2024,다나136986,to_in_001,8
2024,다나136986,to_in_007,5
2024,다나136986,to_in_008,5
2024,다나136988,to_in_001,8
2024,다나136988,to_in_007,5
2024,다나136988,to_in_008,8
2024,다나136989,to_in_001,13
2024,다나136989,to_in_007,8
2024,다나136989,to_in_008,8
2024,다나136992,to_in_001,151
2024,다나136992,to_in_007,82
2024,다나136992,to_in_008,72
2024,다나136993,to_in_001,102
2024,다나136993,to_in_007,45
2024,다나136993,to_in_008,55
2024,다나136995,to_in_001,5
2024,다나136995,to_in_007,5
2024,다나136995,to_in_008,0
2024,다나136997,to_in_001,5
2024,다나136997,to_in_007,0
2024,다나136997,to_in_008,0
2024,다나136998,to_in_001,13
2024,다나136998,to_in_007,5
2024,다나136998,to_in_008,8
2024,다나136999,to_in_001,8
2024,다나136999,to_in_007,5
2024,다나136999,to_in_008,5
2024,다나137731,to_in_001,8
2024,다나137731,to_in_007,8
2024,다나137731,to_in_008,8
2024,다나137732,to_in_001,0
2024,다나137732,to_in_007,0
2024,다나137732,to_in_008,0
2024,다나137982,to_in_001,92
2024,다나137982,to_in_007,40
2024,다나137982,to_in_008,50
2024,다나137996,to_in_001,8
2024,다나137996,to_in_007,5
2024,다나137996,to_in_008,8
2024,다나137998,to_in_001,8
2024,다나126730,to_in_001,53
2024,다나126730,to_in_007,23
2024,다나126730,to_in_008,28
2024,다나126731,to_in_001,28
2024,다나126731,to_in_007,13
2024,다나126731,to_in_008,13
2024,다나126732,to_in_001,33
2024,다나126732,to_in_007,18
2024,다나126732,to_in_008,18
2024,다나126733,to_in_001,18
2024,다나126733,to_in_007,8
2024,다나126733,to_in_008,13
2024,다나126734,to_in_001,60
2024,다나126734,to_in_007,34
2024,다나126734,to_in_008,24
2024,다나126735,to_in_001,43
2024,다나126735,to_in_007,18
2024,다나126735,to_in_008,28
2024,다나126736,to_in_001,173
2024,다나126736,to_in_007,79
2024,다나126736,to_in_008,97
2024,다나126737,to_in_001,75
2024,다나126737,to_in_007,45
2024,다나126737,to_in_008,33
2024,다나126738,to_in_001,66
2024,다나126738,to_in_007,28
2024,다나126738,to_in_008,41
2024,다나126739,to_in_001,19
2024,다나126739,to_in_007,8
2024,다나126739,to_in_008,14
2024,다나126740,to_in_001,58
2024,다나126740,to_in_007,23
2024,다나126740,to_in_008,33
2024,다나126745,to_in_001,5
2024,다나126745,to_in_007,5
2024,다나126745,to_in_008,0
2024,다나126746,to_in_001,8
2024,다나126746,to_in_007,5
2024,다나126746,to_in_008,8
2024,다나126747,to_in_001,13
2024,다나126747,to_in_007,8
2024,다나126747,to_in_008,8
2024,다나126748,to_in_001,86
2024,다나126748,to_in_007,39
2024,다나126748,to_in_008,45
2024,다나126749,to_in_001,66
2024,다나126749,to_in_007,23
2024,다나126749,to_in_008,46
2024,다나126750,to_in_001,199
2024,다나126750,to_in_007,84
2024,다나126750,to_in_008,113
2024,다나126751,to_in_001,77
2024,다나126751,to_in_007,34
2024,다나126751,to_in_008,41
2024,다나126752,to_in_001,205
2024,다나126752,to_in_007,86
2024,다나126752,to_in_008,117
2024,다나126753,to_in_001,233
2024,다나126753,to_in_007,107
2024,다나126753,to_in_008,124
2024,다나126754,to_in_001,49
2024,다나126754,to_in_007,18
2024,다나126754,to_in_008,29
2024,다나126755,to_in_001,8
2024,다나126755,to_in_007,8
2024,다나126755,to_in_008,5
2024,다나126955,to_in_001,31
2024,다나126955,to_in_007,21
2024,다나126955,to_in_008,8
2024,다나126956,to_in_001,93
2024,다나126956,to_in_007,59
2024,다나126956,to_in_008,32
2024,다나126957,to_in_001,18
2024,다나126957,to_in_007,13
2024,다나126957,to_in_008,5
2024,다나129752,to_in_001,5
2024,다나129752,to_in_007,0
2024,다나129752,to_in_008,0
2024,다나129753,to_in_001,5
2024,다나129753,to_in_007,0
2024,다나129753,to_in_008,0
2024,다나129755,to_in_001,23
2024,다나129755,to_in_007,13
2024,다나129755,to_in_008,8
2024,다나129756,to_in_001,8
2024,다나129756,to_in_007,5
2024,다나129756,to_in_008,8
2024,다나129757,to_in_001,18
2024,다나129757,to_in_007,13
2024,다나129757,to_in_008,5
2024,다나129758,to_in_001,5
2024,다나129758,to_in_007,5
2024,다나129758,to_in_008,5
2024,다나129759,to_in_001,8
2024,다나129759,to_in_007,5
2024,다나129759,to_in_008,8
2024,다나129762,to_in_001,72
2024,다나129762,to_in_007,33
2024,다나129762,to_in_008,37
2024,다나129767,to_in_001,13
2024,다나129767,to_in_007,13
2024,다나129767,to_in_008,5
2024,다나129769,to_in_001,5
2024,다나129769,to_in_007,5
2024,다나129769,to_in_008,0
2024,다나129771,to_in_001,5
2024,다나129771,to_in_007,5
2024,다나129771,to_in_008,0
2024,다나129957,to_in_001,18
2024,다나129957,to_in_007,13
2024,다나129957,to_in_008,8
2024,다나129958,to_in_001,13
2024,다나129958,to_in_007,8
2024,다나129958,to_in_008,8
2024,다나129982,to_in_001,5
2024,다나129982,to_in_007,5
2024,다나129982,to_in_008,5
2024,다나129983,to_in_001,5
2024,다나129983,to_in_007,0
2024,다나129983,to_in_008,5
2024,다나129986,to_in_001,5
2024,다나129986,to_in_007,5
2024,다나129986,to_in_008,0
2024,다나129989,to_in_001,5
2024,다나129989,to_in_007,5
2024,다나129989,to_in_008,5
2024,다나129990,to_in_001,38
2024,다나129990,to_in_007,18
2024,다나129990,to_in_008,23
2024,다나129991,to_in_001,28
2024,다나129991,to_in_007,8
2024,다나129991,to_in_008,18
2024,다나129994,to_in_001,57
2024,다나129994,to_in_007,31
2024,다나129994,to_in_008,24
2024,다나129995,to_in_001,13
2024,다나129995,to_in_007,8
2024,다나129995,to_in_008,5
2024,다나129996,to_in_001,5
2024,다나129996,to_in_007,5
2024,다나129996,to_in_008,0
2024,다나129997,to_in_001,5
2024,다나129997,to_in_007,0
2024,다나129997,to_in_008,5
2024,다나130726,to_in_001,13
2024,다나130726,to_in_007,5
2024,다나130726,to_in_008,8
2024,다나130727,to_in_001,33
2024,다나130727,to_in_007,18
2024,다나130727,to_in_008,18
2024,다나130728,to_in_001,53
2024,다나130728,to_in_007,33
2024,다나130728,to_in_008,23
2024,다나130729,to_in_001,28
2024,다나130729,to_in_007,13
2024,다나130729,to_in_008,13
2024,다나130730,to_in_001,125
2024,다나130730,to_in_007,59
2024,다나130730,to_in_008,69
2024,다나130731,to_in_001,48
2024,다나130731,to_in_007,28
2024,다나130731,to_in_008,23
2024,다나130732,to_in_001,104
2024,다나130732,to_in_007,55
2024,다나130732,to_in_008,47
2024,다나130733,to_in_001,220
2024,다나130733,to_in_007,103
2024,다나130733,to_in_008,120
2024,다나130734,to_in_001,72
2024,다나130734,to_in_007,29
2024,다나130734,to_in_008,46
2024,다나130735,to_in_001,96
2024,다나130735,to_in_007,43
2024,다나130735,to_in_008,51
2024,다나130736,to_in_001,93
2024,다나130736,to_in_007,46
2024,다나130736,to_in_008,45
2024,다나130737,to_in_001,23
2024,다나130737,to_in_007,8
2024,다나130737,to_in_008,13
2024,다나130738,to_in_001,245
2024,다나130738,to_in_007,116
2024,다나130738,to_in_008,127
2024,다나130739,to_in_001,103
2024,다나130739,to_in_007,57
2024,다나130739,to_in_008,49
2024,다나130740,to_in_001,48
2024,다나130740,to_in_007,28
2024,다나130740,to_in_008,18
2024,다나132978,to_in_001,13
2024,다나132978,to_in_007,5
2024,다나132978,to_in_008,8
2024,다나132979,to_in_001,5
2024,다나132979,to_in_007,0
2024,다나132979,to_in_008,5
2024,다나132983,to_in_001,28
2024,다나132983,to_in_007,18
2024,다나132983,to_in_008,13
2024,다나132984,to_in_001,49
2024,다나132984,to_in_007,23
2024,다나132984,to_in_008,29
2024,다나132985,to_in_001,67
2024,다나132985,to_in_007,34
2024,다나132985,to_in_008,36
2024,다나132986,to_in_001,146
2024,다나132986,to_in_007,69
2024,다나132986,to_in_008,80
2024,다나132987,to_in_001,53
2024,다나132987,to_in_007,23
2024,다나132987,to_in_008,28
2024,다나132988,to_in_001,63
2024,다나132988,to_in_007,28
2024,다나132988,to_in_008,33
2024,다나132989,to_in_001,112
2024,다나132989,to_in_007,52
2024,다나132989,to_in_008,58
2024,다나133730,to_in_001,28
2024,다나133730,to_in_007,13
2024,다나133730,to_in_008,18
2024,다나133731,to_in_001,167
2024,다나133731,to_in_007,76
2024,다나133731,to_in_008,89
2024,다나133732,to_in_001,74
2024,다나133732,to_in_007,37
2024,다나133732,to_in_008,35
2024,다나133734,to_in_001,167
2024,다나133734,to_in_007,101
2024,다나133734,to_in_008,69
2024,다나133735,to_in_001,8
2024,다나133735,to_in_007,8
2024,다나133735,to_in_008,5
2024,다나133736,to_in_001,53
2024,다나133736,to_in_007,23
2024,다나133736,to_in_008,28
2024,다나133737,to_in_001,118
2024,다나133737,to_in_007,66
2024,다나133737,to_in_008,55
2024,다나133738,to_in_001,72
2024,다나133738,to_in_007,47
2024,다나133738,to_in_008,28
2024,다나133739,to_in_001,96
2024,다나133739,to_in_007,38
2024,다나133739,to_in_008,56
2024,다나133740,to_in_001,8
2024,다나133740,to_in_007,5
2024,다나133740,to_in_008,8
2024,다나133741,to_in_001,135
2024,다나133741,to_in_007,64
2024,다나133741,to_in_008,69
2024,다나133742,to_in_001,406
2024,다나133742,to_in_007,195
2024,다나133742,to_in_008,209
2024,다나133743,to_in_001,191
2024,다나133743,to_in_007,92
2024,다나133743,to_in_008,97
2024,다나133744,to_in_001,111
2024,다나133744,to_in_007,55
2024,다나133744,to_in_008,59
2024,다나133745,to_in_001,149
2024,다나133745,to_in_007,73
2024,다나133745,to_in_008,79
2024,다나133746,to_in_001,5
2024,다나133746,to_in_007,5
2024,다나133746,to_in_008,0
2024,다나133747,to_in_001,8
2024,다나133747,to_in_007,5
2024,다나133747,to_in_008,5
2024,다나133749,to_in_001,61
2024,다나133749,to_in_007,31
2024,다나133749,to_in_008,28
2024,다나133750,to_in_001,364
2024,다나133750,to_in_007,192
2024,다나133750,to_in_008,175
2024,다나133751,to_in_001,130
2024,다나133751,to_in_007,70
2024,다나133751,to_in_008,63
2024,다나133752,to_in_001,96
2024,다나133752,to_in_007,50
2024,다나133752,to_in_008,49
2024,다나133753,to_in_001,113
2024,다나133753,to_in_007,50
2024,다나133753,to_in_008,61
2024,다나133754,to_in_001,53
2024,다나133754,to_in_007,28
2024,다나133754,to_in_008,23
2024,다나133755,to_in_001,48
2024,다나133755,to_in_007,23
2024,다나133755,to_in_008,23
2024,다나133756,to_in_001,23
2024,다나133756,to_in_007,13
2024,다나133756,to_in_008,13
2024,다나133760,to_in_001,8
2024,다나133760,to_in_007,8
2024,다나125736,to_in_001,87
2024,다나125736,to_in_007,35
2024,다나125736,to_in_008,50
2024,다나125737,to_in_001,47
2024,다나125737,to_in_007,27
2024,다나125737,to_in_008,18
2024,다나125738,to_in_001,18
2024,다나125738,to_in_007,8
2024,다나125738,to_in_008,8
2024,다나125739,to_in_001,13
2024,다나125739,to_in_007,5
2024,다나125739,to_in_008,8
2024,다나125740,to_in_001,107
2024,다나125740,to_in_007,55
2024,다나125740,to_in_008,55
2024,다나125741,to_in_001,5
2024,다나125741,to_in_007,0
2024,다나125741,to_in_008,0
2024,다나125743,to_in_001,8
2024,다나125743,to_in_007,5
2024,다나125743,to_in_008,5
2024,다나125744,to_in_001,23
2024,다나125744,to_in_007,8
2024,다나125744,to_in_008,13
2024,다나125745,to_in_001,5
2024,다나125745,to_in_007,5
2024,다나125745,to_in_008,0
2024,다나125746,to_in_001,8
2024,다나125746,to_in_007,5
2024,다나125746,to_in_008,5
2024,다나125747,to_in_001,133
2024,다나125747,to_in_007,67
2024,다나125747,to_in_008,64
2024,다나125748,to_in_001,43
2024,다나125748,to_in_007,28
2024,다나125748,to_in_008,18
2024,다나125749,to_in_001,89
2024,다나125749,to_in_007,44
2024,다나125749,to_in_008,48
2024,다나125750,to_in_001,209
2024,다나125750,to_in_007,97
2024,다나125750,to_in_008,115
2024,다나125752,to_in_001,232
2024,다나125752,to_in_007,113
2024,다나125752,to_in_008,117
2024,다나131734,to_in_001,34
2024,다나131734,to_in_007,13
2024,다나131734,to_in_008,24
2024,다나131735,to_in_001,65
2024,다나131735,to_in_007,34
2024,다나131735,to_in_008,34
2024,다나131736,to_in_001,58
2024,다나131736,to_in_007,28
2024,다나131736,to_in_008,28
2024,다나131737,to_in_001,18
2024,다나131737,to_in_007,13
2024,다나131737,to_in_008,8
2024,다나131738,to_in_001,80
2024,다나131738,to_in_007,33
2024,다나131738,to_in_008,45
2024,다나131739,to_in_001,13
2024,다나131739,to_in_007,8
2024,다나131739,to_in_008,8
2024,다나131740,to_in_001,23
2024,다나131740,to_in_007,13
2024,다나131740,to_in_008,13
2024,다나131741,to_in_001,33
2024,다나131741,to_in_007,18
2024,다나131741,to_in_008,13
2024,다나131742,to_in_001,33
2024,다나131742,to_in_007,23
2024,다나131742,to_in_008,13
2024,다나131743,to_in_001,264
2024,다나131743,to_in_007,125
2024,다나131743,to_in_008,137
2024,다나131744,to_in_001,179
2024,다나131744,to_in_007,95
2024,다나131744,to_in_008,82
2024,다나131745,to_in_001,5
2024,다나131745,to_in_007,5
2024,다나131745,to_in_008,0
2024,다나131746,to_in_001,5
2024,다나131746,to_in_007,5
2024,다나131746,to_in_008,0
2024,다나131747,to_in_001,8
2024,다나131747,to_in_007,5
2024,다나131747,to_in_008,5
2024,다나131748,to_in_001,8
2024,다나131748,to_in_007,5
2024,다나131748,to_in_008,5
2024,다나131749,to_in_001,13
2024,다나131749,to_in_007,8
2024,다나131749,to_in_008,8
2024,다나131750,to_in_001,76
2024,다나131750,to_in_007,37
2024,다나131750,to_in_008,37
2024,다나131751,to_in_001,0
2024,다나131751,to_in_007,0
2024,다나131751,to_in_008,0
2024,다나131752,to_in_001,18
2024,다나131752,to_in_007,8
2024,다나131752,to_in_008,8
2024,다나131753,to_in_001,23
2024,다나131753,to_in_007,13
2024,다나131753,to_in_008,8
2024,다나131754,to_in_001,8
2024,다나131754,to_in_007,8
2024,다나131754,to_in_008,5
2024,다나131755,to_in_001,8
2024,다나131755,to_in_007,5
2024,다나131755,to_in_008,8
2024,다나131756,to_in_001,5
2024,다나131756,to_in_007,5
2024,다나131756,to_in_008,5
2024,다나131757,to_in_001,5
2024,다나131757,to_in_007,0
2024,다나131757,to_in_008,0
2024,다나131762,to_in_001,13
2024,다나131762,to_in_007,8
2024,다나131762,to_in_008,8
2024,다나131763,to_in_001,13
2024,다나131763,to_in_007,5
2024,다나131763,to_in_008,8
2024,다나131764,to_in_001,5
2024,다나131764,to_in_007,0
2024,다나131764,to_in_008,0
2024,다나131765,to_in_001,5
2024,다나131765,to_in_007,5
2024,다나131765,to_in_008,0
2024,다나131962,to_in_001,2380
2024,다나131962,to_in_007,1127
2024,다나131962,to_in_008,1256
2024,다나131971,to_in_001,8
2024,다나131971,to_in_007,5
2024,다나131971,to_in_008,5
2024,다나131979,to_in_001,8
2024,다나131979,to_in_007,5
2024,다나131979,to_in_008,5
2024,다나131983,to_in_001,52
2024,다나131983,to_in_007,24
2024,다나131983,to_in_008,26
2024,다나131984,to_in_001,100
2024,다나131984,to_in_007,43
2024,다나131984,to_in_008,55
2024,다나131985,to_in_001,5
2024,다나131985,to_in_007,5
2024,다나131985,to_in_008,0
2024,다나131988,to_in_001,5
2024,다나131988,to_in_007,5
2024,다나131988,to_in_008,0
2024,다나133975,to_in_001,5
2024,다나133975,to_in_007,5
2024,다나133975,to_in_008,5
2024,다나133976,to_in_001,5
2024,다나133976,to_in_007,0
2024,다나133976,to_in_008,0
2024,다나133977,to_in_001,8
2024,다나133977,to_in_007,5
2024,다나133977,to_in_008,5
2024,다나133978,to_in_001,48
2024,다나133978,to_in_007,23
2024,다나133978,to_in_008,23
2024,다나133979,to_in_001,18
2024,다나133979,to_in_007,13
2024,다나133979,to_in_008,8
2024,다나133980,to_in_001,8
2024,다나133980,to_in_007,5
2024,다나133980,to_in_008,8
2024,다나133984,to_in_001,8
2024,다나133984,to_in_007,8
2024,다나133984,to_in_008,5
2024,다나133985,to_in_001,33
2024,다나133985,to_in_007,18
2024,다나133985,to_in_008,18
2024,다나133986,to_in_001,53
2024,다나133986,to_in_007,28
2024,다나133986,to_in_008,23
2024,다나133987,to_in_001,93
2024,다나133987,to_in_007,52
2024,다나133987,to_in_008,39
2024,다나133988,to_in_001,13
2024,다나133988,to_in_007,8
2024,다나133988,to_in_008,8
2024,다나133992,to_in_001,5
2024,다나133992,to_in_007,5
2024,다나133992,to_in_008,0
2024,다나133999,to_in_001,5
2024,다나133999,to_in_007,5
2024,다나133999,to_in_008,0
2024,다나134731,to_in_001,5
2024,다나134731,to_in_007,5
2024,다나134731,to_in_008,5
2024,다나134732,to_in_001,13
2024,다나134732,to_in_007,8
2024,다나134732,to_in_008,8
2024,다나134734,to_in_001,18
2024,다나134734,to_in_007,13
2024,다나134734,to_in_008,8
2024,다나134735,to_in_001,154
2024,다나134735,to_in_007,70
2024,다나134735,to_in_008,82
2024,다나134736,to_in_001,336
2024,다나134736,to_in_007,167
2024,다나134736,to_in_008,169
2024,다나134737,to_in_001,60
2024,다나134737,to_in_007,28
2024,다나134737,to_in_008,35
2024,다나134738,to_in_001,224
2024,다나134738,to_in_007,106
2024,다나134738,to_in_008,121
2024,다나134739,to_in_001,172
2024,다나134739,to_in_007,80
2024,다나134739,to_in_008,90
2024,다나134740,to_in_001,0
2024,다나134740,to_in_007,0
2024,다나134740,to_in_008,0
2024,다나134741,to_in_001,154
2024,다나134741,to_in_007,72
2024,다나134741,to_in_008,85
2024,다나134742,to_in_001,370
2024,다나134742,to_in_007,184
2024,다나134742,to_in_008,186
2024,다나134743,to_in_001,170
2024,다나134743,to_in_007,80
2024,다나134743,to_in_008,88
2024,다나134744,to_in_001,266
2024,다나134744,to_in_007,131
2024,다나134744,to_in_008,138
2024,다나134745,to_in_001,254
2024,다나134745,to_in_007,125
2024,다나134745,to_in_008,132
2024,다나134746,to_in_001,0
2024,다나134746,to_in_007,0
2024,다나134746,to_in_008,0
2024,다나134750,to_in_001,180
2024,다나134750,to_in_007,85
2024,다나134750,to_in_008,98
2024,다나134751,to_in_001,75
2024,다나134751,to_in_007,38
2024,다나134751,to_in_008,35
2024,다나134752,to_in_001,8
2024,다나134752,to_in_007,8
2024,다나134752,to_in_008,5
2024,다나134753,to_in_001,92
2024,다나134753,to_in_007,43
2024,다나134753,to_in_008,47
2024,다나134754,to_in_001,5
2024,다나134754,to_in_007,5
2024,다나134754,to_in_008,0
2024,다나134755,to_in_001,44
2024,다나134755,to_in_007,23
2024,다나134755,to_in_008,19
2024,다나134756,to_in_001,29
2024,다나134756,to_in_007,8
2024,다나134756,to_in_008,19
2024,다나134760,to_in_001,5
2024,다나134760,to_in_007,5
2024,다나134760,to_in_008,5
2024,다나134785,to_in_001,5
2024,다나134785,to_in_007,5
2024,다나134785,to_in_008,0
2024,다나139998,to_in_001,8
2024,다나139998,to_in_007,5
2024,다나139998,to_in_008,5
2024,다나139999,to_in_001,28
2024,다나139999,to_in_007,18
2024,다나139999,to_in_008,13
2024,다나140732,to_in_001,0
2024,다나140732,to_in_007,0
2024,다나140732,to_in_008,0
2024,다나140735,to_in_001,5
2024,다나140735,to_in_007,5
2024,다나140735,to_in_008,0
2024,다나140736,to_in_001,43
2024,다나140736,to_in_007,23
2024,다나140736,to_in_008,18
2024,다나140738,to_in_001,85
2024,다나140738,to_in_007,13
2024,다나140738,to_in_008,72
2024,다나140739,to_in_001,5
2024,다나140739,to_in_007,0
2024,다나140739,to_in_008,5
2024,다나140740,to_in_001,5
2024,다나140740,to_in_007,0
2024,다나140740,to_in_008,0
2024,다나140741,to_in_001,8
2024,다나140741,to_in_007,5
2024,다나140741,to_in_008,5
2024,다나140742,to_in_001,78
2024,다나140742,to_in_007,38
2024,다나140742,to_in_008,38
2024,다나140743,to_in_001,128
2024,다나140743,to_in_007,64
2024,다나130748,to_in_001,8
2024,다나130748,to_in_007,0
2024,다나130748,to_in_008,5
2024,다나130749,to_in_001,48
2024,다나130749,to_in_007,23
2024,다나130749,to_in_008,28
2024,다나130750,to_in_001,18
2024,다나130750,to_in_007,13
2024,다나130750,to_in_008,8
2024,다나130751,to_in_001,8
2024,다나130751,to_in_007,8
2024,다나130751,to_in_008,5
2024,다나130752,to_in_001,96
2024,다나130752,to_in_007,54
2024,다나130752,to_in_008,45
2024,다나130754,to_in_001,0
2024,다나130754,to_in_007,0
2024,다나130754,to_in_008,0
2024,다나130755,to_in_001,5
2024,다나130755,to_in_007,5
2024,다나130755,to_in_008,5
2024,다나130757,to_in_001,23
2024,다나130757,to_in_007,13
2024,다나130757,to_in_008,13
2024,다나130758,to_in_001,8
2024,다나130758,to_in_007,5
2024,다나130758,to_in_008,5
2024,다나130759,to_in_001,5
2024,다나130759,to_in_007,5
2024,다나130759,to_in_008,0
2024,다나130760,to_in_001,5
2024,다나130760,to_in_007,5
2024,다나130760,to_in_008,0
2024,다나130762,to_in_001,0
2024,다나130762,to_in_007,0
2024,다나130762,to_in_008,0
2024,다나130763,to_in_001,5
2024,다나130763,to_in_007,0
2024,다나130763,to_in_008,5
2024,다나130765,to_in_001,8
2024,다나130765,to_in_007,5
2024,다나130765,to_in_008,5
2024,다나130770,to_in_001,5
2024,다나130770,to_in_007,5
2024,다나130770,to_in_008,0
2024,다나130956,to_in_001,33
2024,다나130956,to_in_007,23
2024,다나130956,to_in_008,8
2024,다나130957,to_in_001,20
2024,다나130957,to_in_007,15
2024,다나130957,to_in_008,5
2024,다나130982,to_in_001,33
2024,다나130982,to_in_007,18
2024,다나130982,to_in_008,13
2024,다나130983,to_in_001,33
2024,다나130983,to_in_007,18
2024,다나130983,to_in_008,18
2024,다나130984,to_in_001,5
2024,다나130984,to_in_007,5
2024,다나130984,to_in_008,5
2024,다나130985,to_in_001,5
2024,다나130985,to_in_007,0
2024,다나130985,to_in_008,0
2024,다나130987,to_in_001,5
2024,다나130987,to_in_007,0
2024,다나130987,to_in_008,5
2024,다나130989,to_in_001,38
2024,다나130989,to_in_007,23
2024,다나130989,to_in_008,13
2024,다나130990,to_in_001,33
2024,다나130990,to_in_007,13
2024,다나130990,to_in_008,18
2024,다나130991,to_in_001,38
2024,다나130991,to_in_007,13
2024,다나130991,to_in_008,23
2024,다나131727,to_in_001,24
2024,다나131727,to_in_007,14
2024,다나131727,to_in_008,8
2024,다나131728,to_in_001,43
2024,다나131728,to_in_007,23
2024,다나131728,to_in_008,18
2024,다나131729,to_in_001,103
2024,다나131729,to_in_007,51
2024,다나131729,to_in_008,55
2024,다나131730,to_in_001,48
2024,다나131730,to_in_007,23
2024,다나131730,to_in_008,28
2024,다나131731,to_in_001,140
2024,다나131731,to_in_007,67
2024,다나131731,to_in_008,76
2024,다나131732,to_in_001,63
2024,다나131732,to_in_007,33
2024,다나131732,to_in_008,28
2024,다나131733,to_in_001,43
2024,다나131733,to_in_007,23
2024,다나131733,to_in_008,18
2024,다나134789,to_in_001,5
2024,다나134789,to_in_007,5
2024,다나134789,to_in_008,0
2024,다나134796,to_in_001,5
2024,다나134796,to_in_007,5
2024,다나134796,to_in_008,0
2024,다나134972,to_in_001,8
2024,다나134972,to_in_007,5
2024,다나134972,to_in_008,5
2024,다나134982,to_in_001,8
2024,다나134982,to_in_007,5
2024,다나134982,to_in_008,5
2024,다나134983,to_in_001,5
2024,다나134983,to_in_007,5
2024,다나134983,to_in_008,0
2024,다나134984,to_in_001,5
2024,다나134984,to_in_007,5
2024,다나134984,to_in_008,0
2024,다나134986,to_in_001,8
2024,다나134986,to_in_007,8
2024,다나134986,to_in_008,5
2024,다나134987,to_in_001,8
2024,다나134987,to_in_007,5
2024,다나134987,to_in_008,5
2024,다나134988,to_in_001,0
2024,다나134988,to_in_007,0
2024,다나134988,to_in_008,0
2024,다나134991,to_in_001,5
2024,다나134991,to_in_007,5
2024,다나134991,to_in_008,0
2024,다나134998,to_in_001,0
2024,다나134998,to_in_007,0
2024,다나134998,to_in_008,0
2024,다나135734,to_in_001,131
2024,다나135734,to_in_007,70
2024,다나135734,to_in_008,59
2024,다나135735,to_in_001,207
2024,다나135735,to_in_007,99
2024,다나135735,to_in_008,106
2024,다나135736,to_in_001,243
2024,다나135736,to_in_007,124
2024,다나135736,to_in_008,117
2024,다나135737,to_in_001,142
2024,다나135737,to_in_007,66
2024,다나135737,to_in_008,79
2024,다나135738,to_in_001,130
2024,다나135738,to_in_007,61
2024,다나135738,to_in_008,72
2024,다나135739,to_in_001,92
2024,다나135739,to_in_007,47
2024,다나135739,to_in_008,48
2024,다나135740,to_in_001,80
2024,다나135740,to_in_007,44
2024,다나135740,to_in_008,34
2024,다나135741,to_in_001,28
2024,다나135741,to_in_007,13
2024,다나135741,to_in_008,13
2024,다나135742,to_in_001,106
2024,다나135742,to_in_007,53
2024,다나135742,to_in_008,56
2024,다나135743,to_in_001,64
2024,다나135743,to_in_007,34
2024,다나135743,to_in_008,33
2024,다나135744,to_in_001,43
2024,다나135744,to_in_007,23
2024,다나135744,to_in_008,18
2024,다나135745,to_in_001,154
2024,다나135745,to_in_007,78
2024,다나135745,to_in_008,79
2024,다나135746,to_in_001,8
2024,다나135746,to_in_007,8
2024,다나135746,to_in_008,5
2024,다나135747,to_in_001,5
2024,다나135747,to_in_007,5
2024,다나135747,to_in_008,5
2024,다나135752,to_in_001,8
2024,다나135752,to_in_007,5
2024,다나135752,to_in_008,8
2024,다나135753,to_in_001,13
2024,다나135753,to_in_007,8
2024,다나135753,to_in_008,5
2024,다나135755,to_in_001,5
2024,다나135755,to_in_007,5
2024,다나135755,to_in_008,0
2024,다나135757,to_in_001,5
2024,다나135757,to_in_007,0
2024,다나135757,to_in_008,5
2024,다나135761,to_in_001,5
2024,다나135761,to_in_007,5
2024,다나135761,to_in_008,5
2024,다나135763,to_in_001,5
2024,다나135763,to_in_007,0
2024,다나135763,to_in_008,5
2024,다나135779,to_in_001,5
2024,다나135779,to_in_007,0
2024,다나135779,to_in_008,5
2024,다나135785,to_in_001,8
2024,다나135785,to_in_007,8
2024,다나135785,to_in_008,0
2024,다나135947,to_in_001,49
2024,다나135947,to_in_007,34
2024,다나135947,to_in_008,15
2024,다나135966,to_in_001,61
2024,다나135966,to_in_007,56
2024,다나135966,to_in_008,8
2024,다나138965,to_in_001,54
2024,다나138965,to_in_007,29
2024,다나138965,to_in_008,23
2024,다나138966,to_in_001,100
2024,다나138966,to_in_007,51
2024,다나138966,to_in_008,52
2024,다나138967,to_in_001,213
2024,다나138967,to_in_007,102
2024,다나138967,to_in_008,109
2024,다나138968,to_in_001,5
2024,다나138968,to_in_007,0
2024,다나138968,to_in_008,0
2024,다나138976,to_in_001,120
2024,다나138976,to_in_007,39
2024,다나138976,to_in_008,79
2024,다나138977,to_in_001,85
2024,다나138977,to_in_007,38
2024,다나138977,to_in_008,50
2024,다나138978,to_in_001,13
2024,다나138978,to_in_007,8
2024,다나138978,to_in_008,8
2024,다나138979,to_in_001,8
2024,다나138979,to_in_007,5
2024,다나138979,to_in_008,5
2024,다나138980,to_in_001,13
2024,다나138980,to_in_007,8
2024,다나138980,to_in_008,5
2024,다나138981,to_in_001,18
2024,다나138981,to_in_007,8
2024,다나138981,to_in_008,8
2024,다나138982,to_in_001,28
2024,다나138982,to_in_007,13
2024,다나138982,to_in_008,13
2024,다나138989,to_in_001,5
2024,다나138989,to_in_007,5
2024,다나138989,to_in_008,5
2024,다나138991,to_in_001,5
2024,다나138991,to_in_007,5
2024,다나138991,to_in_008,0
2024,다나138994,to_in_001,5
2024,다나138994,to_in_007,0
2024,다나138994,to_in_008,0
2024,다나138995,to_in_001,0
2024,다나138995,to_in_007,0
2024,다나138995,to_in_008,0
2024,다나138996,to_in_001,5
2024,다나138996,to_in_007,0
2024,다나138996,to_in_008,0
2024,다나138997,to_in_001,8
2024,다나138997,to_in_007,5
2024,다나138997,to_in_008,5
2024,다나138998,to_in_001,5
2024,다나138998,to_in_007,0
2024,다나138998,to_in_008,5
2024,다나138999,to_in_001,8
2024,다나138999,to_in_007,8
2024,다나138999,to_in_008,0
2024,다나139736,to_in_001,89
2024,다나139736,to_in_007,40
2024,다나139736,to_in_008,52
2024,다나139737,to_in_001,210
2024,다나139737,to_in_007,122
2024,다나139737,to_in_008,86
2024,다나139738,to_in_001,18
2024,다나139738,to_in_007,13
2024,다나139738,to_in_008,8
2024,다나139739,to_in_001,128
2024,다나139739,to_in_007,57
2024,다나139739,to_in_008,69
2024,다나139740,to_in_001,8
2024,다나139740,to_in_007,5
2024,다나139740,to_in_008,5
2024,다나139741,to_in_001,73
2024,다나139741,to_in_007,38
2024,다나139741,to_in_008,38
2024,다나139742,to_in_001,189
2024,다나139742,to_in_007,92
2024,다나139742,to_in_008,95
2024,다나139743,to_in_001,124
2024,다나139743,to_in_007,63
2024,다나139743,to_in_008,59
2024,다나139744,to_in_001,344
2024,다나139744,to_in_007,175
2024,다나139744,to_in_008,167
2024,다나139745,to_in_001,103
2024,다나139745,to_in_007,51
2024,다나139745,to_in_008,50
2024,다나139746,to_in_001,28
2024,다나139746,to_in_007,13
2024,다나139746,to_in_008,13
2024,다나142778,to_in_001,28
2024,다나142778,to_in_007,13
2024,다나129744,to_in_001,5
2024,다나129744,to_in_007,0
2024,다나129744,to_in_008,0
2024,다나129745,to_in_001,28
2024,다나129745,to_in_007,13
2024,다나129745,to_in_008,13
2024,다나129746,to_in_001,5
2024,다나129746,to_in_007,5
2024,다나129746,to_in_008,0
2024,다나129748,to_in_001,5
2024,다나129748,to_in_007,5
2024,다나129748,to_in_008,5
2024,다나129749,to_in_001,5
2024,다나129749,to_in_007,0
2024,다나129749,to_in_008,5
2024,다나129750,to_in_001,8
2024,다나129750,to_in_007,5
2024,다나129750,to_in_008,8
2024,다나131989,to_in_001,87
2024,다나131989,to_in_007,42
2024,다나131989,to_in_008,43
2024,다나132728,to_in_001,5
2024,다나132728,to_in_007,0
2024,다나132728,to_in_008,5
2024,다나132729,to_in_001,65
2024,다나132729,to_in_007,33
2024,다나132729,to_in_008,30
2024,다나132730,to_in_001,23
2024,다나132730,to_in_007,13
2024,다나132730,to_in_008,13
2024,다나132731,to_in_001,33
2024,다나132731,to_in_007,13
2024,다나132731,to_in_008,18
2024,다나132732,to_in_001,222
2024,다나132732,to_in_007,123
2024,다나132732,to_in_008,102
2024,다나132733,to_in_001,77
2024,다나132733,to_in_007,41
2024,다나132733,to_in_008,34
2024,다나132734,to_in_001,104
2024,다나132734,to_in_007,49
2024,다나132734,to_in_008,53
2024,다나132735,to_in_001,113
2024,다나132735,to_in_007,60
2024,다나132735,to_in_008,51
2024,다나132736,to_in_001,5
2024,다나132736,to_in_007,0
2024,다나132736,to_in_008,0
2024,다나132737,to_in_001,144
2024,다나132737,to_in_007,62
2024,다나132737,to_in_008,80
2024,다나132738,to_in_001,111
2024,다나132738,to_in_007,53
2024,다나132738,to_in_008,61
2024,다나132739,to_in_001,8
2024,다나132739,to_in_007,5
2024,다나132739,to_in_008,5
2024,다나132740,to_in_001,180
2024,다나132740,to_in_007,83
2024,다나132740,to_in_008,100
2024,다나132741,to_in_001,156
2024,다나132741,to_in_007,73
2024,다나132741,to_in_008,81
2024,다나132742,to_in_001,18
2024,다나132742,to_in_007,8
2024,다나132742,to_in_008,8
2024,다나132743,to_in_001,48
2024,다나132743,to_in_007,23
2024,다나132743,to_in_008,28
2024,다나132744,to_in_001,139
2024,다나132744,to_in_007,74
2024,다나132744,to_in_008,68
2024,다나132745,to_in_001,98
2024,다나132745,to_in_007,51
2024,다나132745,to_in_008,50
2024,다나132746,to_in_001,8
2024,다나132746,to_in_007,8
2024,다나132746,to_in_008,5
2024,다나132747,to_in_001,5
2024,다나132747,to_in_007,5
2024,다나132747,to_in_008,0
2024,다나132748,to_in_001,8
2024,다나132748,to_in_007,8
2024,다나132748,to_in_008,5
2024,다나132749,to_in_001,18
2024,다나132749,to_in_007,8
2024,다나132749,to_in_008,8
2024,다나132750,to_in_001,63
2024,다나132750,to_in_007,33
2024,다나132750,to_in_008,28
2024,다나132751,to_in_001,8
2024,다나132751,to_in_007,5
2024,다나132751,to_in_008,5
2024,다나132752,to_in_001,23
2024,다나132752,to_in_007,13
2024,다나132752,to_in_008,8
2024,다나132753,to_in_001,23
2024,다나132753,to_in_007,13
2024,다나132753,to_in_008,8
2024,다나132754,to_in_001,13
2024,다나132754,to_in_007,5
2024,다나132754,to_in_008,8
2024,다나132755,to_in_001,13
2024,다나132755,to_in_007,8
2024,다나132755,to_in_008,8
2024,다나132756,to_in_001,5
2024,다나132756,to_in_007,5
2024,다나132756,to_in_008,0
2024,다나132758,to_in_001,5
2024,다나132758,to_in_007,0
2024,다나132758,to_in_008,0
2024,다나132761,to_in_001,8
2024,다나132761,to_in_007,5
2024,다나132761,to_in_008,5
2024,다나132762,to_in_001,43
2024,다나132762,to_in_007,23
2024,다나132762,to_in_008,18
2024,다나132763,to_in_001,54
2024,다나132763,to_in_007,28
2024,다나132763,to_in_008,24
2024,다나132765,to_in_001,8
2024,다나132765,to_in_007,5
2024,다나132765,to_in_008,5
2024,다나132971,to_in_001,8
2024,다나132971,to_in_007,5
2024,다나132971,to_in_008,5
2024,다나132972,to_in_001,8
2024,다나132972,to_in_007,5
2024,다나132972,to_in_008,5
2024,다나132977,to_in_001,5
2024,다나132977,to_in_007,0
2024,다나132977,to_in_008,5
2024,다나135967,to_in_001,28
2024,다나135967,to_in_007,23
2024,다나135967,to_in_008,8
2024,다나135979,to_in_001,5
2024,다나135979,to_in_007,0
2024,다나135979,to_in_008,5
2024,다나135983,to_in_001,8
2024,다나135983,to_in_007,5
2024,다나135983,to_in_008,5
2024,다나135984,to_in_001,18
2024,다나135984,to_in_007,8
2024,다나135984,to_in_008,8
2024,다나135985,to_in_001,141
2024,다나135985,to_in_007,59
2024,다나135985,to_in_008,80
2024,다나135987,to_in_001,5
2024,다나135987,to_in_007,0
2024,다나135987,to_in_008,0
2024,다나135988,to_in_001,0
2024,다나135988,to_in_007,0
2024,다나135988,to_in_008,0
2024,다나136731,to_in_001,5
2024,다나136731,to_in_007,5
2024,다나136731,to_in_008,5
2024,다나136734,to_in_001,280
2024,다나136734,to_in_007,129
2024,다나136734,to_in_008,154
2024,다나136735,to_in_001,239
2024,다나136735,to_in_007,96
2024,다나136735,to_in_008,141
2024,다나136736,to_in_001,200
2024,다나136736,to_in_007,105
2024,다나136736,to_in_008,98
2024,다나136737,to_in_001,58
2024,다나136737,to_in_007,23
2024,다나136737,to_in_008,33
2024,다나136738,to_in_001,312
2024,다나136738,to_in_007,154
2024,다나136738,to_in_008,156
2024,다나136739,to_in_001,201
2024,다나136739,to_in_007,102
2024,다나136739,to_in_008,102
2024,다나136740,to_in_001,260
2024,다나136740,to_in_007,115
2024,다나136740,to_in_008,143
2024,다나136741,to_in_001,122
2024,다나136741,to_in_007,74
2024,다나136741,to_in_008,51
2024,다나136742,to_in_001,104
2024,다나136742,to_in_007,57
2024,다나136742,to_in_008,50
2024,다나136743,to_in_001,181
2024,다나136743,to_in_007,95
2024,다나136743,to_in_008,89
2024,다나136744,to_in_001,153
2024,다나136744,to_in_007,74
2024,다나136744,to_in_008,82
2024,다나136745,to_in_001,198
2024,다나136745,to_in_007,95
2024,다나136745,to_in_008,101
2024,다나136746,to_in_001,5
2024,다나136746,to_in_007,5
2024,다나136746,to_in_008,5
2024,다나136748,to_in_001,8
2024,다나136748,to_in_007,5
2024,다나136748,to_in_008,8
2024,다나136751,to_in_001,5
2024,다나136751,to_in_007,5
2024,다나136751,to_in_008,5
2024,다나136752,to_in_001,5
2024,다나136752,to_in_007,5
2024,다나136752,to_in_008,5
2024,다나136753,to_in_001,8
2024,다나136753,to_in_007,8
2024,다나136753,to_in_008,5
2024,다나136754,to_in_001,5
2024,다나136754,to_in_007,5
2024,다나136754,to_in_008,5
2024,다나136755,to_in_001,0
2024,다나136755,to_in_007,0
2024,다나136755,to_in_008,0
2024,다나137733,to_in_001,13
2024,다나137733,to_in_007,8
2024,다나137733,to_in_008,8
2024,다나137734,to_in_001,57
2024,다나137734,to_in_007,19
2024,다나137734,to_in_008,36
2024,다나137735,to_in_001,248
2024,다나137735,to_in_007,114
2024,다나137735,to_in_008,137
2024,다나137736,to_in_001,63
2024,다나137736,to_in_007,30
2024,다나137736,to_in_008,36
2024,다나137737,to_in_001,18
2024,다나137737,to_in_007,13
2024,다나137737,to_in_008,8
2024,다나137738,to_in_001,63
2024,다나137738,to_in_007,28
2024,다나137738,to_in_008,33
2024,다나137739,to_in_001,283
2024,다나137739,to_in_007,156
2024,다나137739,to_in_008,125
2024,다나137740,to_in_001,654
2024,다나137740,to_in_007,311
2024,다나137740,to_in_008,348
2024,다나137741,to_in_001,101
2024,다나137741,to_in_007,55
2024,다나137741,to_in_008,44
2024,다나137742,to_in_001,140
2024,다나137742,to_in_007,79
2024,다나137742,to_in_008,64
2024,다나137743,to_in_001,103
2024,다나137743,to_in_007,49
2024,다나137743,to_in_008,52
2024,다나137744,to_in_001,261
2024,다나137744,to_in_007,130
2024,다나137744,to_in_008,134
2024,다나137745,to_in_001,165
2024,다나137745,to_in_007,78
2024,다나137745,to_in_008,85
2024,다나137746,to_in_001,8
2024,다나137746,to_in_007,8
2024,다나137746,to_in_008,5
2024,다나137750,to_in_001,5
2024,다나137750,to_in_007,5
2024,다나137750,to_in_008,5
2024,다나137752,to_in_001,5
2024,다나137752,to_in_007,5
2024,다나137752,to_in_008,0
2024,다나137753,to_in_001,8
2024,다나137753,to_in_007,8
2024,다나137753,to_in_008,5
2024,다나137759,to_in_001,8
2024,다나137759,to_in_007,8
2024,다나137759,to_in_008,5
2024,다나137793,to_in_001,5
2024,다나137793,to_in_007,5
2024,다나137793,to_in_008,5
2024,다나137794,to_in_001,5
2024,다나137794,to_in_007,5
2024,다나137794,to_in_008,0
2024,다나137795,to_in_001,8
2024,다나137795,to_in_007,5
2024,다나137795,to_in_008,5
2024,다나137951,to_in_001,0
2024,다나137951,to_in_007,0
2024,다나137951,to_in_008,0
2024,다나137957,to_in_001,5
2024,다나137957,to_in_007,5
2024,다나137957,to_in_008,5
2024,다나137962,to_in_001,89
2024,다나137962,to_in_007,45
2024,다나137962,to_in_008,42
2024,다나137965,to_in_001,0
2024,다나137965,to_in_007,0
2024,다나137965,to_in_008,0
2024,다나137966,to_in_001,18
2024,다나137966,to_in_007,13
2024,다나137966,to_in_008,0
2024,다나137974,to_in_001,8
2024,다나137974,to_in_007,8
2024,다나137998,to_in_007,8
2024,다나137998,to_in_008,5
2024,다나137999,to_in_001,5
2024,다나137999,to_in_007,5
2024,다나137999,to_in_008,0
2024,다나138730,to_in_001,5
2024,다나138730,to_in_007,5
2024,다나138730,to_in_008,5
2024,다나138731,to_in_001,8
2024,다나138731,to_in_007,5
2024,다나138731,to_in_008,5
2024,다나138736,to_in_001,287
2024,다나138736,to_in_007,125
2024,다나138736,to_in_008,155
2024,다나138737,to_in_001,166
2024,다나138737,to_in_007,91
2024,다나138737,to_in_008,78
2024,다나138738,to_in_001,264
2024,다나138738,to_in_007,129
2024,다나138738,to_in_008,133
2024,다나138739,to_in_001,298
2024,다나138739,to_in_007,158
2024,다나138739,to_in_008,138
2024,다나138740,to_in_001,267
2024,다나138740,to_in_007,140
2024,다나138740,to_in_008,125
2024,다나138741,to_in_001,18
2024,다나138741,to_in_007,5
2024,다나138741,to_in_008,13
2024,다나138742,to_in_001,64
2024,다나138742,to_in_007,33
2024,다나138742,to_in_008,29
2024,다나138743,to_in_001,183
2024,다나138743,to_in_007,97
2024,다나138743,to_in_008,84
2024,다나138744,to_in_001,93
2024,다나138744,to_in_007,44
2024,다나138744,to_in_008,47
2024,다나138745,to_in_001,86
2024,다나138745,to_in_007,45
2024,다나138745,to_in_008,44
2024,다나138746,to_in_001,66
2024,다나138746,to_in_007,28
2024,다나138746,to_in_008,36
2024,다나138747,to_in_001,5
2024,다나138747,to_in_007,0
2024,다나138747,to_in_008,0
2024,다나138748,to_in_001,8
2024,다나138748,to_in_007,8
2024,다나138748,to_in_008,0
2024,다나138752,to_in_001,13
2024,다나138752,to_in_007,13
2024,다나138752,to_in_008,5
2024,다나138753,to_in_001,5
2024,다나138753,to_in_007,0
2024,다나138753,to_in_008,0
2024,다나138754,to_in_001,8
2024,다나138754,to_in_007,5
2024,다나138754,to_in_008,5
2024,다나138755,to_in_001,5
2024,다나138755,to_in_007,5
2024,다나138755,to_in_008,5
2024,다나138762,to_in_001,5
2024,다나138762,to_in_007,0
2024,다나138762,to_in_008,0
2024,다나138778,to_in_001,5
2024,다나138778,to_in_007,0
2024,다나138778,to_in_008,5
2024,다나138792,to_in_001,5
2024,다나138792,to_in_007,5
2024,다나138792,to_in_008,5
2024,다나138795,to_in_001,13
2024,다나138795,to_in_007,8
2024,다나138795,to_in_008,5
2024,다나138796,to_in_001,13
2024,다나138796,to_in_007,8
2024,다나138796,to_in_008,8
2024,다나138809,to_in_001,8
2024,다나138809,to_in_007,8
2024,다나138809,to_in_008,5
2024,다나138941,to_in_001,5
2024,다나138941,to_in_007,5
2024,다나138941,to_in_008,0
2024,다나149780,to_in_001,5
2024,다나149780,to_in_007,0
2024,다나149780,to_in_008,5
2024,다나149788,to_in_001,0
2024,다나149788,to_in_007,0
2024,다나149788,to_in_008,0
2024,다나149790,to_in_001,5
2024,다나149790,to_in_007,0
2024,다나149790,to_in_008,5
2024,다나149983,to_in_001,13
2024,다나149983,to_in_007,8
2024,다나149983,to_in_008,8
2024,다나149984,to_in_001,38
2024,다나149984,to_in_007,23
2024,다나149984,to_in_008,18
2024,다나149985,to_in_001,18
2024,다나149985,to_in_007,8
2024,다나149985,to_in_008,8
2024,다나149986,to_in_001,13
2024,다나149986,to_in_007,8
2024,다나149986,to_in_008,8
2024,다나149988,to_in_001,18
2024,다나149988,to_in_007,8
2024,다나149988,to_in_008,8
2024,다나150729,to_in_001,5
2024,다나150729,to_in_007,0
2024,다나150729,to_in_008,0
2024,다나150730,to_in_001,0
2024,다나150730,to_in_007,0
2024,다나150730,to_in_008,0
2024,다나150731,to_in_001,8
2024,다나150731,to_in_007,5
2024,다나150731,to_in_008,5
2024,다나150734,to_in_001,5
2024,다나150734,to_in_007,5
2024,다나150734,to_in_008,5
2024,다나150735,to_in_001,0
2024,다나150735,to_in_007,0
2024,다나150735,to_in_008,0
2024,다나150736,to_in_001,5
2024,다나150736,to_in_007,5
2024,다나150736,to_in_008,5
2024,다나150738,to_in_001,5
2024,다나150738,to_in_007,0
2024,다나150738,to_in_008,0
2024,다나150742,to_in_001,5
2024,다나150742,to_in_007,5
2024,다나150742,to_in_008,5
2024,다나150743,to_in_001,5
2024,다나150743,to_in_007,5
2024,다나150743,to_in_008,0
2024,다나150748,to_in_001,13
2024,다나150748,to_in_007,8
2024,다나150748,to_in_008,5
2024,다나150749,to_in_001,8
2024,다나150749,to_in_007,5
2024,다나150749,to_in_008,5
2024,다나150750,to_in_001,5
2024,다나150750,to_in_007,0
2024,다나150750,to_in_008,5
2024,다나150753,to_in_001,13
2024,다나150753,to_in_007,8
2024,다나150753,to_in_008,8
2024,다나150754,to_in_001,18
2024,다나150754,to_in_007,8
2024,다나150754,to_in_008,8
2024,다나150755,to_in_001,13
2024,다나150755,to_in_007,8
2024,다나150755,to_in_008,8
2024,다나150756,to_in_001,23
2024,다나150756,to_in_007,13
2024,다나133760,to_in_008,5
2024,다나133762,to_in_001,5
2024,다나133762,to_in_007,0
2024,다나133762,to_in_008,5
2024,다나133974,to_in_001,28
2024,다나133974,to_in_007,8
2024,다나133974,to_in_008,18
2024,다나139748,to_in_001,5
2024,다나139748,to_in_007,0
2024,다나139748,to_in_008,5
2024,다나139753,to_in_001,5
2024,다나139753,to_in_007,5
2024,다나139753,to_in_008,0
2024,다나139754,to_in_001,5
2024,다나139754,to_in_007,5
2024,다나139754,to_in_008,0
2024,다나139761,to_in_001,8
2024,다나139761,to_in_007,5
2024,다나139761,to_in_008,0
2024,다나139762,to_in_001,5
2024,다나139762,to_in_007,0
2024,다나139762,to_in_008,5
2024,다나139777,to_in_001,13
2024,다나139777,to_in_007,8
2024,다나139777,to_in_008,8
2024,다나139778,to_in_001,38
2024,다나139778,to_in_007,18
2024,다나139778,to_in_008,18
2024,다나139782,to_in_001,5
2024,다나139782,to_in_007,5
2024,다나139782,to_in_008,0
2024,다나139793,to_in_001,8
2024,다나139793,to_in_007,5
2024,다나139793,to_in_008,5
2024,다나139794,to_in_001,13
2024,다나139794,to_in_007,8
2024,다나139794,to_in_008,8
2024,다나139795,to_in_001,8
2024,다나139795,to_in_007,8
2024,다나139795,to_in_008,8
2024,다나139796,to_in_001,5
2024,다나139796,to_in_007,5
2024,다나139796,to_in_008,5
2024,다나139962,to_in_001,8
2024,다나139962,to_in_007,5
2024,다나139962,to_in_008,5
2024,다나139963,to_in_001,0
2024,다나139963,to_in_007,0
2024,다나139963,to_in_008,0
2024,다나139964,to_in_001,132
2024,다나139964,to_in_007,66
2024,다나139964,to_in_008,64
2024,다나139965,to_in_001,344
2024,다나139965,to_in_007,163
2024,다나139965,to_in_008,179
2024,다나139966,to_in_001,323
2024,다나139966,to_in_007,162
2024,다나139966,to_in_008,159
2024,다나139967,to_in_001,78
2024,다나139967,to_in_007,39
2024,다나139967,to_in_008,37
2024,다나139976,to_in_001,8
2024,다나139976,to_in_007,5
2024,다나139976,to_in_008,8
2024,다나139978,to_in_001,5
2024,다나139978,to_in_007,5
2024,다나139978,to_in_008,0
2024,다나139979,to_in_001,48
2024,다나139979,to_in_007,28
2024,다나139979,to_in_008,23
2024,다나139980,to_in_001,23
2024,다나139980,to_in_007,13
2024,다나139980,to_in_008,13
2024,다나139981,to_in_001,28
2024,다나139981,to_in_007,13
2024,다나139981,to_in_008,13
2024,다나139982,to_in_001,8
2024,다나139982,to_in_007,5
2024,다나139982,to_in_008,5
2024,다나139983,to_in_001,5
2024,다나139983,to_in_007,5
2024,다나139983,to_in_008,0
2024,다나139989,to_in_001,8
2024,다나139989,to_in_007,5
2024,다나139989,to_in_008,5
2024,다나139990,to_in_001,5
2024,다나139990,to_in_007,5
2024,다나139990,to_in_008,5
2024,다나139991,to_in_001,8
2024,다나139991,to_in_007,5
2024,다나139991,to_in_008,5
2024,다나139992,to_in_001,5
2024,다나139992,to_in_007,0
2024,다나139992,to_in_008,0
2024,다나139997,to_in_001,5
2024,다나139997,to_in_007,5
2024,다나139997,to_in_008,5
2024,다나141776,to_in_001,5
2024,다나141776,to_in_007,0
2024,다나141776,to_in_008,0
2024,다나141777,to_in_001,18
2024,다나141777,to_in_007,13
2024,다나141777,to_in_008,8
2024,다나141778,to_in_001,33
2024,다나141778,to_in_007,18
2024,다나141778,to_in_008,13
2024,다나141779,to_in_001,18
2024,다나141779,to_in_007,13
2024,다나141779,to_in_008,8
2024,다나141780,to_in_001,5
2024,다나141780,to_in_007,5
2024,다나141780,to_in_008,0
2024,다나141793,to_in_001,8
2024,다나141793,to_in_007,5
2024,다나141793,to_in_008,5
2024,다나141795,to_in_001,5
2024,다나141795,to_in_007,0
2024,다나141795,to_in_008,5
2024,다나141957,to_in_001,60
2024,다나141957,to_in_007,35
2024,다나141957,to_in_008,28
2024,다나141958,to_in_001,364
2024,다나141958,to_in_007,179
2024,다나141958,to_in_008,188
2024,다나141959,to_in_001,188
2024,다나141959,to_in_007,99
2024,다나141959,to_in_008,92
2024,다나141960,to_in_001,178
2024,다나141960,to_in_007,89
2024,다나141960,to_in_008,87
2024,다나141961,to_in_001,210
2024,다나141961,to_in_007,103
2024,다나141961,to_in_008,110
2024,다나141962,to_in_001,63
2024,다나141962,to_in_007,37
2024,다나141962,to_in_008,29
2024,다나141967,to_in_001,5
2024,다나141967,to_in_007,5
2024,다나141967,to_in_008,0
2024,다나141978,to_in_001,8
2024,다나141978,to_in_007,5
2024,다나141978,to_in_008,8
2024,다나141979,to_in_001,8
2024,다나141979,to_in_007,5
2024,다나141979,to_in_008,8
2024,다나141980,to_in_001,8
2024,다나141980,to_in_007,8
2024,다나141980,to_in_008,5
2024,다나141981,to_in_001,13
2024,다나141981,to_in_007,5
2024,다나141981,to_in_008,8
2024,다나141987,to_in_001,5
2024,다나141987,to_in_007,5
2024,다나141987,to_in_008,5
2024,다나141992,to_in_001,0
2024,다나141992,to_in_007,0
2024,다나141992,to_in_008,0
2024,다나141996,to_in_001,5
2024,다나141996,to_in_007,0
2024,다나141996,to_in_008,0
2024,다나141997,to_in_001,8
2024,다나141997,to_in_007,5
2024,다나141997,to_in_008,8
2024,다나141998,to_in_001,5
2024,다나141998,to_in_007,5
2024,다나141998,to_in_008,0
2024,다나142733,to_in_001,18
2024,다나142733,to_in_007,8
2024,다나142733,to_in_008,8
2024,다나142740,to_in_001,5
2024,다나142740,to_in_007,5
2024,다나142740,to_in_008,5
2024,다나142742,to_in_001,8
2024,다나142742,to_in_007,8
2024,다나142742,to_in_008,5
2024,다나142745,to_in_001,5
2024,다나142745,to_in_007,5
2024,다나142745,to_in_008,5
2024,다나142748,to_in_001,5
2024,다나142748,to_in_007,0
2024,다나142748,to_in_008,5
2024,다나142750,to_in_001,8
2024,다나142750,to_in_007,8
2024,다나142750,to_in_008,5
2024,다나142751,to_in_001,5
2024,다나142751,to_in_007,0
2024,다나142751,to_in_008,5
2024,다나142753,to_in_001,5
2024,다나142753,to_in_007,0
2024,다나142753,to_in_008,5
2024,다나142760,to_in_001,8
2024,다나142760,to_in_007,5
2024,다나142760,to_in_008,5
2024,다나142771,to_in_001,8
2024,다나142771,to_in_007,5
2024,다나142771,to_in_008,8
2024,다나142772,to_in_001,8
2024,다나142772,to_in_007,5
2024,다나142772,to_in_008,5
2024,다나142776,to_in_001,5
2024,다나142776,to_in_007,0
2024,다나142776,to_in_008,0
2024,다나142777,to_in_001,8
2024,다나142777,to_in_007,5
2024,다나142777,to_in_008,5
2024,다나146742,to_in_001,5
2024,다나146742,to_in_007,5
2024,다나146742,to_in_008,5
2024,다나146749,to_in_001,5
2024,다나146749,to_in_007,5
2024,다나146749,to_in_008,5
2024,다나146750,to_in_001,5
2024,다나146750,to_in_007,5
2024,다나146750,to_in_008,0
2024,다나146752,to_in_001,8
2024,다나146752,to_in_007,5
2024,다나146752,to_in_008,5
2024,다나146754,to_in_001,18
2024,다나146754,to_in_007,8
2024,다나146754,to_in_008,8
2024,다나146758,to_in_001,8
2024,다나146758,to_in_007,5
2024,다나146758,to_in_008,5
2024,다나146759,to_in_001,5
2024,다나146759,to_in_007,5
2024,다나146759,to_in_008,5
2024,다나146762,to_in_001,5
2024,다나146762,to_in_007,5
2024,다나146762,to_in_008,5
2024,다나146763,to_in_001,5
2024,다나146763,to_in_007,5
2024,다나146763,to_in_008,0
2024,다나146765,to_in_001,0
2024,다나146765,to_in_007,0
2024,다나146765,to_in_008,0
2024,다나146767,to_in_001,5
2024,다나146767,to_in_007,5
2024,다나146767,to_in_008,5
2024,다나146768,to_in_001,13
2024,다나146768,to_in_007,8
2024,다나146768,to_in_008,8
2024,다나146769,to_in_001,18
2024,다나146769,to_in_007,8
2024,다나146769,to_in_008,8
2024,다나146782,to_in_001,8
2024,다나146782,to_in_007,5
2024,다나146782,to_in_008,5
2024,다나146980,to_in_001,178
2024,다나146980,to_in_007,109
2024,다나146980,to_in_008,67
2024,다나146994,to_in_001,5
2024,다나146994,to_in_007,0
2024,다나146994,to_in_008,5
2024,다나147731,to_in_001,18
2024,다나147731,to_in_007,8
2024,다나147731,to_in_008,8
2024,다나147732,to_in_001,28
2024,다나147732,to_in_007,13
2024,다나147732,to_in_008,13
2024,다나147734,to_in_001,5
2024,다나147734,to_in_007,0
2024,다나147734,to_in_008,5
2024,다나147736,to_in_001,5
2024,다나147736,to_in_007,0
2024,다나147736,to_in_008,0
2024,다나147739,to_in_001,5
2024,다나147739,to_in_007,0
2024,다나147739,to_in_008,5
2024,다나147740,to_in_001,5
2024,다나147740,to_in_007,5
2024,다나147740,to_in_008,0
2024,다나147742,to_in_001,8
2024,다나147742,to_in_007,5
2024,다나147742,to_in_008,5
2024,다나147743,to_in_001,8
2024,다나147743,to_in_007,8
2024,다나147743,to_in_008,0
2024,다나147749,to_in_001,5
2024,다나147749,to_in_007,5
2024,다나147749,to_in_008,5
2024,다나147750,to_in_001,5
2024,다나147750,to_in_007,0
2024,다나147750,to_in_008,5
2024,다나147751,to_in_001,8
2024,다나147751,to_in_007,5
2024,다나147751,to_in_008,8
2024,다나147752,to_in_001,8
2024,다나147752,to_in_007,5
2024,다나147752,to_in_008,5
2024,다나147753,to_in_001,13
2024,다나147753,to_in_007,8
2024,다나147753,to_in_008,8
2024,다나147754,to_in_001,18
2024,다나140743,to_in_008,62
2024,다나140744,to_in_001,131
2024,다나140744,to_in_007,67
2024,다나140744,to_in_008,67
2024,다나140745,to_in_001,43
2024,다나140745,to_in_007,18
2024,다나140745,to_in_008,23
2024,다나140746,to_in_001,8
2024,다나140746,to_in_007,5
2024,다나140746,to_in_008,8
2024,다나140753,to_in_001,5
2024,다나140753,to_in_007,5
2024,다나140753,to_in_008,0
2024,다나140754,to_in_001,5
2024,다나140754,to_in_007,5
2024,다나140754,to_in_008,0
2024,다나140767,to_in_001,0
2024,다나140767,to_in_007,0
2024,다나140767,to_in_008,0
2024,다나140776,to_in_001,5
2024,다나140776,to_in_007,0
2024,다나140776,to_in_008,0
2024,다나140777,to_in_001,5
2024,다나140777,to_in_007,5
2024,다나140777,to_in_008,5
2024,다나140778,to_in_001,5
2024,다나140778,to_in_007,0
2024,다나140778,to_in_008,5
2024,다나140781,to_in_001,0
2024,다나140781,to_in_007,0
2024,다나140781,to_in_008,0
2024,다나140792,to_in_001,0
2024,다나140792,to_in_007,0
2024,다나140792,to_in_008,0
2024,다나140793,to_in_001,8
2024,다나140793,to_in_007,5
2024,다나140793,to_in_008,8
2024,다나140794,to_in_001,8
2024,다나140794,to_in_007,5
2024,다나140794,to_in_008,5
2024,다나140795,to_in_001,8
2024,다나140795,to_in_007,5
2024,다나140795,to_in_008,5
2024,다나140957,to_in_001,43
2024,다나140957,to_in_007,23
2024,다나140957,to_in_008,23
2024,다나140958,to_in_001,77
2024,다나140958,to_in_007,39
2024,다나140958,to_in_008,41
2024,다나140959,to_in_001,105
2024,다나140959,to_in_007,48
2024,다나140959,to_in_008,55
2024,다나140960,to_in_001,238
2024,다나140960,to_in_007,111
2024,다나140960,to_in_008,125
2024,다나140961,to_in_001,113
2024,다나140961,to_in_007,63
2024,다나140961,to_in_008,53
2024,다나143980,to_in_001,5
2024,다나143980,to_in_007,5
2024,다나143980,to_in_008,0
2024,다나143982,to_in_001,8
2024,다나143982,to_in_007,5
2024,다나143982,to_in_008,5
2024,다나143989,to_in_001,5
2024,다나143989,to_in_007,0
2024,다나143989,to_in_008,0
2024,다나143990,to_in_001,5
2024,다나143990,to_in_007,5
2024,다나143990,to_in_008,0
2024,다나143994,to_in_001,5
2024,다나143994,to_in_007,0
2024,다나143994,to_in_008,0
2024,다나143995,to_in_001,5
2024,다나143995,to_in_007,0
2024,다나143995,to_in_008,5
2024,다나143997,to_in_001,8
2024,다나143997,to_in_007,5
2024,다나143997,to_in_008,5
2024,다나143998,to_in_001,5
2024,다나143998,to_in_007,0
2024,다나143998,to_in_008,5
2024,다나144729,to_in_001,0
2024,다나144729,to_in_007,0
2024,다나144729,to_in_008,0
2024,다나144733,to_in_001,0
2024,다나144733,to_in_007,0
2024,다나144733,to_in_008,0
2024,다나144734,to_in_001,13
2024,다나144734,to_in_007,8
2024,다나144734,to_in_008,8
2024,다나144735,to_in_001,5
2024,다나144735,to_in_007,5
2024,다나144735,to_in_008,0
2024,다나144736,to_in_001,23
2024,다나144736,to_in_007,13
2024,다나144736,to_in_008,8
2024,다나144741,to_in_001,5
2024,다나144741,to_in_007,5
2024,다나144741,to_in_008,0
2024,다나144742,to_in_001,8
2024,다나144742,to_in_007,5
2024,다나144742,to_in_008,5
2024,다나144746,to_in_001,8
2024,다나144746,to_in_007,5
2024,다나144746,to_in_008,8
2024,다나144747,to_in_001,8
2024,다나144747,to_in_007,5
2024,다나144747,to_in_008,5
2024,다나144748,to_in_001,5
2024,다나144748,to_in_007,5
2024,다나144748,to_in_008,5
2024,다나144749,to_in_001,18
2024,다나144749,to_in_007,8
2024,다나144749,to_in_008,13
2024,다나144750,to_in_001,5
2024,다나144750,to_in_007,0
2024,다나144750,to_in_008,5
2024,다나144754,to_in_001,8
2024,다나144754,to_in_007,5
2024,다나144754,to_in_008,8
2024,다나144757,to_in_001,5
2024,다나144757,to_in_007,5
2024,다나144757,to_in_008,0
2024,다나144762,to_in_001,5
2024,다나144762,to_in_007,5
2024,다나144762,to_in_008,0
2024,다나144764,to_in_001,13
2024,다나144764,to_in_007,5
2024,다나144764,to_in_008,8
2024,다나144768,to_in_001,5
2024,다나144768,to_in_007,5
2024,다나144768,to_in_008,0
2024,다나144769,to_in_001,5
2024,다나144769,to_in_007,5
2024,다나144769,to_in_008,5
2024,다나144770,to_in_001,5
2024,다나144770,to_in_007,5
2024,다나144770,to_in_008,5
2024,다나144774,to_in_001,39
2024,다나144774,to_in_007,29
2024,다나144774,to_in_008,13
2024,다나144775,to_in_001,8
2024,다나144775,to_in_007,5
2024,다나144775,to_in_008,5
2024,다나144776,to_in_001,0
2024,다나144776,to_in_007,0
2024,다나144776,to_in_008,0
2024,다나144779,to_in_001,8
2024,다나144779,to_in_007,8
2024,다나144779,to_in_008,5
2024,다나144780,to_in_001,8
2024,다나144780,to_in_007,8
2024,다나144780,to_in_008,5
2024,다나144781,to_in_001,5
2024,다나144781,to_in_007,0
2024,다나144781,to_in_008,0
2024,다나144783,to_in_001,0
2024,다나144783,to_in_007,0
2024,다나144783,to_in_008,0
2024,다나144795,to_in_001,5
2024,다나144795,to_in_007,0
2024,다나144795,to_in_008,0
2024,다나144946,to_in_001,0
2024,다나144946,to_in_007,0
2024,다나144946,to_in_008,0
2024,다나144977,to_in_001,0
2024,다나144977,to_in_007,0
2024,다나144977,to_in_008,0
2024,다나148782,to_in_001,0
2024,다나148782,to_in_007,0
2024,다나148782,to_in_008,0
2024,다나148783,to_in_001,5
2024,다나148783,to_in_007,5
2024,다나148783,to_in_008,5
2024,다나148823,to_in_001,0
2024,다나148823,to_in_007,0
2024,다나148823,to_in_008,0
2024,다나148974,to_in_001,5
2024,다나148974,to_in_007,0
2024,다나148974,to_in_008,5
2024,다나148978,to_in_001,5
2024,다나148978,to_in_007,0
2024,다나148978,to_in_008,0
2024,다나148980,to_in_001,64
2024,다나148980,to_in_007,54
2024,다나148980,to_in_008,13
2024,다나148987,to_in_001,5
2024,다나148987,to_in_007,0
2024,다나148987,to_in_008,5
2024,다나149731,to_in_001,8
2024,다나149731,to_in_007,5
2024,다나149731,to_in_008,5
2024,다나149734,to_in_001,5
2024,다나149734,to_in_007,5
2024,다나149734,to_in_008,0
2024,다나149735,to_in_001,0
2024,다나149735,to_in_007,0
2024,다나149735,to_in_008,0
2024,다나149736,to_in_001,5
2024,다나149736,to_in_007,0
2024,다나149736,to_in_008,0
2024,다나149737,to_in_001,18
2024,다나149737,to_in_007,8
2024,다나149737,to_in_008,8
2024,다나149743,to_in_001,5
2024,다나149743,to_in_007,5
2024,다나149743,to_in_008,0
2024,다나149744,to_in_001,5
2024,다나149744,to_in_007,5
2024,다나149744,to_in_008,5
2024,다나149745,to_in_001,13
2024,다나149745,to_in_007,8
2024,다나149745,to_in_008,5
2024,다나149746,to_in_001,5
2024,다나149746,to_in_007,5
2024,다나149746,to_in_008,0
2024,다나149747,to_in_001,5
2024,다나149747,to_in_007,5
2024,다나149747,to_in_008,0
2024,다나149748,to_in_001,33
2024,다나149748,to_in_007,13
2024,다나149748,to_in_008,18
2024,다나149749,to_in_001,8
2024,다나149749,to_in_007,5
2024,다나149749,to_in_008,5
2024,다나149751,to_in_001,8
2024,다나149751,to_in_007,5
2024,다나149751,to_in_008,5
2024,다나149755,to_in_001,5
2024,다나149755,to_in_007,0
2024,다나149755,to_in_008,0
2024,다나149756,to_in_001,8
2024,다나149756,to_in_007,5
2024,다나149756,to_in_008,5
2024,다나149757,to_in_001,13
2024,다나149757,to_in_007,5
2024,다나149757,to_in_008,8
2024,다나149758,to_in_001,28
2024,다나149758,to_in_007,13
2024,다나149758,to_in_008,13
2024,다나149759,to_in_001,18
2024,다나149759,to_in_007,13
2024,다나149759,to_in_008,8
2024,다나149760,to_in_001,33
2024,다나149760,to_in_007,18
2024,다나149760,to_in_008,13
2024,다나149761,to_in_001,48
2024,다나149761,to_in_007,23
2024,다나149761,to_in_008,23
2024,다나149762,to_in_001,8
2024,다나149762,to_in_007,5
2024,다나149762,to_in_008,5
2024,다나149763,to_in_001,5
2024,다나149763,to_in_007,0
2024,다나149763,to_in_008,0
2024,다나149764,to_in_001,8
2024,다나149764,to_in_007,5
2024,다나149764,to_in_008,5
2024,다나149767,to_in_001,5
2024,다나149767,to_in_007,0
2024,다나149767,to_in_008,5
2024,다나149774,to_in_001,5
2024,다나149774,to_in_007,0
2024,다나149774,to_in_008,0
2024,다나149775,to_in_001,8
2024,다나149775,to_in_007,5
2024,다나149775,to_in_008,5
2024,다나149776,to_in_001,5
2024,다나149776,to_in_007,0
2024,다나149776,to_in_008,0
2024,다나149777,to_in_001,8
2024,다나149777,to_in_007,5
2024,다나149777,to_in_008,5
2024,다나153765,to_in_001,13
2024,다나153765,to_in_007,5
2024,다나153765,to_in_008,8
2024,다나153767,to_in_001,8
2024,다나153767,to_in_007,5
2024,다나153767,to_in_008,5
2024,다나153768,to_in_001,5
2024,다나153768,to_in_007,0
2024,다나153768,to_in_008,5
2024,다나153773,to_in_001,0
2024,다나153773,to_in_007,0
2024,다나153773,to_in_008,0
2024,다나153775,to_in_001,8
2024,다나153775,to_in_007,5
2024,다나153775,to_in_008,5
2024,다나153777,to_in_001,5
2024,다나153777,to_in_007,5
2024,다나153777,to_in_008,5
2024,다나153781,to_in_001,13
2024,다나142778,to_in_008,13
2024,다나142779,to_in_001,8
2024,다나142779,to_in_007,8
2024,다나142779,to_in_008,5
2024,다나142780,to_in_001,8
2024,다나142780,to_in_007,5
2024,다나142780,to_in_008,5
2024,다나142782,to_in_001,5
2024,다나142782,to_in_007,0
2024,다나142782,to_in_008,0
2024,다나142793,to_in_001,23
2024,다나142793,to_in_007,13
2024,다나142793,to_in_008,13
2024,다나142956,to_in_001,38
2024,다나142956,to_in_007,13
2024,다나142956,to_in_008,23
2024,다나142957,to_in_001,190
2024,다나142957,to_in_007,89
2024,다나142957,to_in_008,99
2024,다나142962,to_in_001,8
2024,다나142962,to_in_007,5
2024,다나142962,to_in_008,5
2024,다나142963,to_in_001,5
2024,다나142963,to_in_007,5
2024,다나142963,to_in_008,0
2024,다나142964,to_in_001,0
2024,다나142964,to_in_007,0
2024,다나142964,to_in_008,0
2024,다나142968,to_in_001,8
2024,다나142968,to_in_007,8
2024,다나142968,to_in_008,5
2024,다나142980,to_in_001,121
2024,다나142980,to_in_007,61
2024,다나142980,to_in_008,58
2024,다나142984,to_in_001,8
2024,다나142984,to_in_007,0
2024,다나142984,to_in_008,8
2024,다나142988,to_in_001,0
2024,다나142988,to_in_007,0
2024,다나142988,to_in_008,0
2024,다나142996,to_in_001,5
2024,다나142996,to_in_007,5
2024,다나142996,to_in_008,0
2024,다나142997,to_in_001,5
2024,다나142997,to_in_007,5
2024,다나142997,to_in_008,0
2024,다나142998,to_in_001,13
2024,다나142998,to_in_007,8
2024,다나142998,to_in_008,8
2024,다나143733,to_in_001,33
2024,다나143733,to_in_007,18
2024,다나143733,to_in_008,13
2024,다나143736,to_in_001,18
2024,다나143736,to_in_007,8
2024,다나143736,to_in_008,8
2024,다나143740,to_in_001,5
2024,다나143740,to_in_007,5
2024,다나143740,to_in_008,0
2024,다나143741,to_in_001,5
2024,다나143741,to_in_007,5
2024,다나143741,to_in_008,0
2024,다나143742,to_in_001,13
2024,다나143742,to_in_007,8
2024,다나143742,to_in_008,8
2024,다나143743,to_in_001,5
2024,다나143743,to_in_007,0
2024,다나143743,to_in_008,5
2024,다나143745,to_in_001,0
2024,다나143745,to_in_007,0
2024,다나143745,to_in_008,0
2024,다나143746,to_in_001,13
2024,다나143746,to_in_007,8
2024,다나143746,to_in_008,8
2024,다나143748,to_in_001,18
2024,다나143748,to_in_007,8
2024,다나143748,to_in_008,8
2024,다나143749,to_in_001,13
2024,다나143749,to_in_007,8
2024,다나143749,to_in_008,8
2024,다나143753,to_in_001,8
2024,다나143753,to_in_007,5
2024,다나143753,to_in_008,5
2024,다나143764,to_in_001,8
2024,다나143764,to_in_007,5
2024,다나143764,to_in_008,8
2024,다나143772,to_in_001,5
2024,다나143772,to_in_007,0
2024,다나143772,to_in_008,0
2024,다나143774,to_in_001,5
2024,다나143774,to_in_007,5
2024,다나143774,to_in_008,5
2024,다나143776,to_in_001,5
2024,다나143776,to_in_007,5
2024,다나143776,to_in_008,0
2024,다나143782,to_in_001,0
2024,다나143782,to_in_007,0
2024,다나143782,to_in_008,0
2024,다나143792,to_in_001,5
2024,다나143792,to_in_007,5
2024,다나143792,to_in_008,0
2024,다나143794,to_in_001,33
2024,다나143794,to_in_007,18
2024,다나143794,to_in_008,13
2024,다나143961,to_in_001,0
2024,다나143961,to_in_007,0
2024,다나143961,to_in_008,0
2024,다나143979,to_in_001,5
2024,다나143979,to_in_007,5
2024,다나143979,to_in_008,0
2024,다나147761,to_in_001,8
2024,다나147761,to_in_007,8
2024,다나147761,to_in_008,0
2024,다나147763,to_in_001,5
2024,다나147763,to_in_007,0
2024,다나147763,to_in_008,0
2024,다나147772,to_in_001,0
2024,다나147772,to_in_007,0
2024,다나147772,to_in_008,0
2024,다나147780,to_in_001,0
2024,다나147780,to_in_007,0
2024,다나147780,to_in_008,0
2024,다나147781,to_in_001,8
2024,다나147781,to_in_007,8
2024,다나147781,to_in_008,0
2024,다나147782,to_in_001,5
2024,다나147782,to_in_007,0
2024,다나147782,to_in_008,0
2024,다나147783,to_in_001,5
2024,다나147783,to_in_007,5
2024,다나147783,to_in_008,0
2024,다나147784,to_in_001,0
2024,다나147784,to_in_007,0
2024,다나147784,to_in_008,0
2024,다나147794,to_in_001,5
2024,다나147794,to_in_007,0
2024,다나147794,to_in_008,0
2024,다나147981,to_in_001,8
2024,다나147981,to_in_007,8
2024,다나147981,to_in_008,0
2024,다나148731,to_in_001,5
2024,다나148731,to_in_007,5
2024,다나148731,to_in_008,0
2024,다나148738,to_in_001,5
2024,다나148738,to_in_007,0
2024,다나148738,to_in_008,0
2024,다나148740,to_in_001,5
2024,다나148740,to_in_007,0
2024,다나148740,to_in_008,5
2024,다나148742,to_in_001,5
2024,다나148742,to_in_007,5
2024,다나148742,to_in_008,0
2024,다나148743,to_in_001,0
2024,다나148743,to_in_007,0
2024,다나148743,to_in_008,0
2024,다나148744,to_in_001,18
2024,다나148744,to_in_007,8
2024,다나148744,to_in_008,8
2024,다나148745,to_in_001,8
2024,다나148745,to_in_007,5
2024,다나148745,to_in_008,8
2024,다나148746,to_in_001,8
2024,다나148746,to_in_007,5
2024,다나148746,to_in_008,5
2024,다나148747,to_in_001,5
2024,다나148747,to_in_007,0
2024,다나148747,to_in_008,0
2024,다나148749,to_in_001,8
2024,다나148749,to_in_007,5
2024,다나148749,to_in_008,5
2024,다나148751,to_in_001,5
2024,다나148751,to_in_007,5
2024,다나148751,to_in_008,0
2024,다나148756,to_in_001,5
2024,다나148756,to_in_007,0
2024,다나148756,to_in_008,0
2024,다나148757,to_in_001,8
2024,다나148757,to_in_007,8
2024,다나148757,to_in_008,5
2024,다나148758,to_in_001,8
2024,다나148758,to_in_007,5
2024,다나148758,to_in_008,5
2024,다나148759,to_in_001,18
2024,다나148759,to_in_007,8
2024,다나148759,to_in_008,8
2024,다나148760,to_in_001,5
2024,다나148760,to_in_007,5
2024,다나148760,to_in_008,5
2024,다나148761,to_in_001,5
2024,다나148761,to_in_007,0
2024,다나148761,to_in_008,0
2024,다나148762,to_in_001,8
2024,다나148762,to_in_007,5
2024,다나148762,to_in_008,5
2024,다나148763,to_in_001,5
2024,다나148763,to_in_007,5
2024,다나148763,to_in_008,0
2024,다나148764,to_in_001,8
2024,다나148764,to_in_007,8
2024,다나148764,to_in_008,5
2024,다나148767,to_in_001,13
2024,다나148767,to_in_007,5
2024,다나148767,to_in_008,8
2024,다나148768,to_in_001,8
2024,다나148768,to_in_007,5
2024,다나148768,to_in_008,5
2024,다나148775,to_in_001,5
2024,다나148775,to_in_007,5
2024,다나148775,to_in_008,0
2024,다나148780,to_in_001,5
2024,다나148780,to_in_007,5
2024,다나148780,to_in_008,5
2024,다나148781,to_in_001,0
2024,다나148781,to_in_007,0
2024,다나148781,to_in_008,0
2024,다나152766,to_in_001,5
2024,다나152766,to_in_007,5
2024,다나152766,to_in_008,5
2024,다나152767,to_in_001,5
2024,다나152767,to_in_007,0
2024,다나152767,to_in_008,0
2024,다나152769,to_in_001,5
2024,다나152769,to_in_007,0
2024,다나152769,to_in_008,0
2024,다나152773,to_in_001,5
2024,다나152773,to_in_007,5
2024,다나152773,to_in_008,5
2024,다나152774,to_in_001,5
2024,다나152774,to_in_007,0
2024,다나152774,to_in_008,5
2024,다나152777,to_in_001,0
2024,다나152777,to_in_007,0
2024,다나152777,to_in_008,0
2024,다나152781,to_in_001,5
2024,다나152781,to_in_007,0
2024,다나152781,to_in_008,5
2024,다나152782,to_in_001,5
2024,다나152782,to_in_007,0
2024,다나152782,to_in_008,5
2024,다나152790,to_in_001,0
2024,다나152790,to_in_007,0
2024,다나152790,to_in_008,0
2024,다나152987,to_in_001,5
2024,다나152987,to_in_007,5
2024,다나152987,to_in_008,0
2024,다나152989,to_in_001,13
2024,다나152989,to_in_007,5
2024,다나152989,to_in_008,8
2024,다나152990,to_in_001,8
2024,다나152990,to_in_007,5
2024,다나152990,to_in_008,5
2024,다나152995,to_in_001,5
2024,다나152995,to_in_007,0
2024,다나152995,to_in_008,5
2024,다나152999,to_in_001,5
2024,다나152999,to_in_007,5
2024,다나152999,to_in_008,0
2024,다나153728,to_in_001,5
2024,다나153728,to_in_007,0
2024,다나153728,to_in_008,5
2024,다나153729,to_in_001,5
2024,다나153729,to_in_007,5
2024,다나153729,to_in_008,0
2024,다나153731,to_in_001,5
2024,다나153731,to_in_007,0
2024,다나153731,to_in_008,5
2024,다나153745,to_in_001,5
2024,다나153745,to_in_007,0
2024,다나153745,to_in_008,5
2024,다나153746,to_in_001,8
2024,다나153746,to_in_007,5
2024,다나153746,to_in_008,8
2024,다나153747,to_in_001,5
2024,다나153747,to_in_007,5
2024,다나153747,to_in_008,0
2024,다나153748,to_in_001,13
2024,다나153748,to_in_007,8
2024,다나153748,to_in_008,8
2024,다나153749,to_in_001,0
2024,다나153749,to_in_007,0
2024,다나153749,to_in_008,0
2024,다나153752,to_in_001,5
2024,다나153752,to_in_007,5
2024,다나153752,to_in_008,5
2024,다나153753,to_in_001,23
2024,다나153753,to_in_007,13
2024,다나153753,to_in_008,8
2024,다나153754,to_in_001,8
2024,다나153754,to_in_007,5
2024,다나153754,to_in_008,5
2024,다나153755,to_in_001,8
2024,다나153755,to_in_007,5
2024,다나153755,to_in_008,5
2024,다나153756,to_in_001,23
2024,다나137974,to_in_008,5
2024,다나137975,to_in_001,5
2024,다나137975,to_in_007,5
2024,다나137975,to_in_008,5
2024,다나137980,to_in_001,5
2024,다나137980,to_in_007,5
2024,다나137980,to_in_008,0
2024,다나137981,to_in_001,38
2024,다나137981,to_in_007,18
2024,다나137981,to_in_008,23
2024,다나140962,to_in_001,13
2024,다나140962,to_in_007,8
2024,다나140962,to_in_008,5
2024,다나140963,to_in_001,13
2024,다나140963,to_in_007,8
2024,다나140963,to_in_008,8
2024,다나140964,to_in_001,28
2024,다나140964,to_in_007,13
2024,다나140964,to_in_008,13
2024,다나140965,to_in_001,139
2024,다나140965,to_in_007,69
2024,다나140965,to_in_008,68
2024,다나140966,to_in_001,60
2024,다나140966,to_in_007,24
2024,다나140966,to_in_008,34
2024,다나140978,to_in_001,13
2024,다나140978,to_in_007,8
2024,다나140978,to_in_008,8
2024,다나140979,to_in_001,48
2024,다나140979,to_in_007,23
2024,다나140979,to_in_008,28
2024,다나140980,to_in_001,28
2024,다나140980,to_in_007,13
2024,다나140980,to_in_008,13
2024,다나140981,to_in_001,8
2024,다나140981,to_in_007,8
2024,다나140981,to_in_008,5
2024,다나140982,to_in_001,13
2024,다나140982,to_in_007,8
2024,다나140982,to_in_008,8
2024,다나140991,to_in_001,5
2024,다나140991,to_in_007,5
2024,다나140991,to_in_008,0
2024,다나140996,to_in_001,13
2024,다나140996,to_in_007,8
2024,다나140996,to_in_008,5
2024,다나140997,to_in_001,8
2024,다나140997,to_in_007,8
2024,다나140997,to_in_008,5
2024,다나140998,to_in_001,8
2024,다나140998,to_in_007,8
2024,다나140998,to_in_008,5
2024,다나140999,to_in_001,5
2024,다나140999,to_in_007,5
2024,다나140999,to_in_008,0
2024,다나141735,to_in_001,5
2024,다나141735,to_in_007,5
2024,다나141735,to_in_008,5
2024,다나141736,to_in_001,5
2024,다나141736,to_in_007,0
2024,다나141736,to_in_008,0
2024,다나141740,to_in_001,8
2024,다나141740,to_in_007,5
2024,다나141740,to_in_008,8
2024,다나141741,to_in_001,5
2024,다나141741,to_in_007,0
2024,다나141741,to_in_008,5
2024,다나141743,to_in_001,86
2024,다나141743,to_in_007,46
2024,다나141743,to_in_008,38
2024,다나141744,to_in_001,23
2024,다나141744,to_in_007,13
2024,다나141744,to_in_008,13
2024,다나141745,to_in_001,5
2024,다나141745,to_in_007,5
2024,다나141745,to_in_008,0
2024,다나141746,to_in_001,13
2024,다나141746,to_in_007,5
2024,다나141746,to_in_008,8
2024,다나141750,to_in_001,8
2024,다나141750,to_in_007,8
2024,다나141750,to_in_008,5
2024,다나141753,to_in_001,8
2024,다나141753,to_in_007,5
2024,다나141753,to_in_008,5
2024,다나141762,to_in_001,0
2024,다나141762,to_in_007,0
2024,다나141762,to_in_008,0
2024,다나141772,to_in_001,5
2024,다나141772,to_in_007,0
2024,다나141772,to_in_008,5
2024,다나141775,to_in_001,5
2024,다나141775,to_in_007,5
2024,다나141775,to_in_008,0
2024,다나144979,to_in_001,8
2024,다나144979,to_in_007,5
2024,다나144979,to_in_008,8
2024,다나144980,to_in_001,5
2024,다나144980,to_in_007,5
2024,다나144980,to_in_008,5
2024,다나144981,to_in_001,0
2024,다나144981,to_in_007,0
2024,다나144981,to_in_008,0
2024,다나145729,to_in_001,0
2024,다나145729,to_in_007,0
2024,다나145729,to_in_008,0
2024,다나145730,to_in_001,0
2024,다나145730,to_in_007,0
2024,다나145730,to_in_008,0
2024,다나145733,to_in_001,5
2024,다나145733,to_in_007,0
2024,다나145733,to_in_008,0
2024,다나145735,to_in_001,5
2024,다나145735,to_in_007,0
2024,다나145735,to_in_008,0
2024,다나145737,to_in_001,5
2024,다나145737,to_in_007,5
2024,다나145737,to_in_008,0
2024,다나145738,to_in_001,5
2024,다나145738,to_in_007,0
2024,다나145738,to_in_008,0
2024,다나145739,to_in_001,13
2024,다나145739,to_in_007,8
2024,다나145739,to_in_008,5
2024,다나145740,to_in_001,43
2024,다나145740,to_in_007,28
2024,다나145740,to_in_008,18
2024,다나145741,to_in_001,131
2024,다나145741,to_in_007,61
2024,다나145741,to_in_008,73
2024,다나145742,to_in_001,23
2024,다나145742,to_in_007,13
2024,다나145742,to_in_008,8
2024,다나145743,to_in_001,8
2024,다나145743,to_in_007,5
2024,다나145743,to_in_008,5
2024,다나145746,to_in_001,8
2024,다나145746,to_in_007,5
2024,다나145746,to_in_008,5
2024,다나145747,to_in_001,8
2024,다나145747,to_in_007,0
2024,다나145747,to_in_008,8
2024,다나145748,to_in_001,5
2024,다나145748,to_in_007,5
2024,다나145748,to_in_008,0
2024,다나145749,to_in_001,8
2024,다나145749,to_in_007,5
2024,다나145749,to_in_008,5
2024,다나145750,to_in_001,5
2024,다나145750,to_in_007,5
2024,다나145750,to_in_008,5
2024,다나145754,to_in_001,8
2024,다나145754,to_in_007,5
2024,다나145754,to_in_008,5
2024,다나145759,to_in_001,8
2024,다나145759,to_in_007,5
2024,다나145759,to_in_008,5
2024,다나145764,to_in_001,8
2024,다나145764,to_in_007,8
2024,다나145764,to_in_008,8
2024,다나145765,to_in_001,8
2024,다나145765,to_in_007,5
2024,다나145765,to_in_008,5
2024,다나145767,to_in_001,0
2024,다나145767,to_in_007,0
2024,다나145767,to_in_008,0
2024,다나145768,to_in_001,5
2024,다나145768,to_in_007,0
2024,다나145768,to_in_008,0
2024,다나145769,to_in_001,0
2024,다나145769,to_in_007,0
2024,다나145769,to_in_008,0
2024,다나145770,to_in_001,5
2024,다나145770,to_in_007,5
2024,다나145770,to_in_008,0
2024,다나145780,to_in_001,8
2024,다나145780,to_in_007,8
2024,다나145780,to_in_008,0
2024,다나145781,to_in_001,8
2024,다나145781,to_in_007,8
2024,다나145781,to_in_008,0
2024,다나145782,to_in_001,0
2024,다나145782,to_in_007,0
2024,다나145782,to_in_008,0
2024,다나145784,to_in_001,5
2024,다나145784,to_in_007,5
2024,다나145784,to_in_008,0
2024,다나145954,to_in_001,8
2024,다나145954,to_in_007,5
2024,다나145954,to_in_008,5
2024,다나145963,to_in_001,5
2024,다나145963,to_in_007,5
2024,다나145963,to_in_008,0
2024,다나145981,to_in_001,13
2024,다나145981,to_in_007,8
2024,다나145981,to_in_008,8
2024,다나145982,to_in_001,5
2024,다나145982,to_in_007,5
2024,다나145982,to_in_008,5
2024,다나146733,to_in_001,5
2024,다나146733,to_in_007,0
2024,다나146733,to_in_008,5
2024,다나146734,to_in_001,0
2024,다나146734,to_in_007,0
2024,다나146734,to_in_008,0
2024,다나146739,to_in_001,5
2024,다나146739,to_in_007,0
2024,다나146739,to_in_008,0
2024,다나146740,to_in_001,29
2024,다나146740,to_in_007,0
2024,다나146740,to_in_008,29
2024,다나150769,to_in_001,8
2024,다나150769,to_in_007,5
2024,다나150769,to_in_008,5
2024,다나150773,to_in_001,0
2024,다나150773,to_in_007,0
2024,다나150773,to_in_008,0
2024,다나150774,to_in_001,0
2024,다나150774,to_in_007,0
2024,다나150774,to_in_008,0
2024,다나150787,to_in_001,8
2024,다나150787,to_in_007,5
2024,다나150787,to_in_008,5
2024,다나150795,to_in_001,5
2024,다나150795,to_in_007,0
2024,다나150795,to_in_008,5
2024,다나150962,to_in_001,5
2024,다나150962,to_in_007,5
2024,다나150962,to_in_008,0
2024,다나150984,to_in_001,5
2024,다나150984,to_in_007,5
2024,다나150984,to_in_008,0
2024,다나150985,to_in_001,13
2024,다나150985,to_in_007,8
2024,다나150985,to_in_008,8
2024,다나150986,to_in_001,18
2024,다나150986,to_in_007,13
2024,다나150986,to_in_008,8
2024,다나150988,to_in_001,13
2024,다나150988,to_in_007,8
2024,다나150988,to_in_008,8
2024,다나150989,to_in_001,18
2024,다나150989,to_in_007,8
2024,다나150989,to_in_008,8
2024,다나150990,to_in_001,13
2024,다나150990,to_in_007,8
2024,다나150990,to_in_008,8
2024,다나151730,to_in_001,5
2024,다나151730,to_in_007,0
2024,다나151730,to_in_008,0
2024,다나151731,to_in_001,5
2024,다나151731,to_in_007,0
2024,다나151731,to_in_008,0
2024,다나151733,to_in_001,8
2024,다나151733,to_in_007,5
2024,다나151733,to_in_008,5
2024,다나151735,to_in_001,0
2024,다나151735,to_in_007,0
2024,다나151735,to_in_008,0
2024,다나151744,to_in_001,15
2024,다나151744,to_in_007,15
2024,다나151744,to_in_008,0
2024,다나151751,to_in_001,18
2024,다나151751,to_in_007,8
2024,다나151751,to_in_008,8
2024,다나151752,to_in_001,5
2024,다나151752,to_in_007,5
2024,다나151752,to_in_008,0
2024,다나151753,to_in_001,8
2024,다나151753,to_in_007,8
2024,다나151753,to_in_008,5
2024,다나151754,to_in_001,28
2024,다나151754,to_in_007,13
2024,다나151754,to_in_008,18
2024,다나151755,to_in_001,13
2024,다나151755,to_in_007,8
2024,다나151755,to_in_008,5
2024,다나151756,to_in_001,8
2024,다나151756,to_in_007,5
2024,다나151756,to_in_008,5
2024,다나151757,to_in_001,67
2024,다나151757,to_in_007,35
2024,다나151757,to_in_008,30
2024,다나151758,to_in_001,18
2024,다나151758,to_in_007,8
2024,다나151758,to_in_008,8
2024,다나151759,to_in_001,18
2024,다나151759,to_in_007,8
2024,다나151759,to_in_008,8
2024,다나151760,to_in_001,23
2024,다나151760,to_in_007,13
2024,다나151760,to_in_008,13
2024,다나151761,to_in_001,33
2024,다나150756,to_in_008,13
2024,다나150757,to_in_001,18
2024,다나150757,to_in_007,8
2024,다나150757,to_in_008,13
2024,다나150758,to_in_001,76
2024,다나150758,to_in_007,33
2024,다나150758,to_in_008,41
2024,다나150759,to_in_001,28
2024,다나150759,to_in_007,13
2024,다나150759,to_in_008,13
2024,다나150760,to_in_001,13
2024,다나150760,to_in_007,8
2024,다나150760,to_in_008,5
2024,다나150761,to_in_001,8
2024,다나150761,to_in_007,5
2024,다나150761,to_in_008,8
2024,다나150762,to_in_001,13
2024,다나150762,to_in_007,8
2024,다나150762,to_in_008,8
2024,다나150763,to_in_001,8
2024,다나150763,to_in_007,5
2024,다나150763,to_in_008,5
2024,다나150764,to_in_001,5
2024,다나150764,to_in_007,5
2024,다나150764,to_in_008,5
2024,다나150765,to_in_001,13
2024,다나150765,to_in_007,8
2024,다나150765,to_in_008,8
2024,다나150766,to_in_001,5
2024,다나150766,to_in_007,5
2024,다나150766,to_in_008,0
2024,다나150767,to_in_001,23
2024,다나150767,to_in_007,8
2024,다나150767,to_in_008,13
2024,다나150768,to_in_001,5
2024,다나150768,to_in_007,0
2024,다나150768,to_in_008,0
2024,다나164749,to_in_001,5
2024,다나164749,to_in_007,5
2024,다나164749,to_in_008,5
2024,다나164763,to_in_001,8
2024,다나164763,to_in_007,8
2024,다나164763,to_in_008,5
2024,다나164780,to_in_001,8
2024,다나164780,to_in_007,8
2024,다나164780,to_in_008,5
2024,다나164790,to_in_001,5
2024,다나164790,to_in_007,5
2024,다나164790,to_in_008,0
2024,다나164791,to_in_001,5
2024,다나164791,to_in_007,0
2024,다나164791,to_in_008,5
2024,다나164799,to_in_001,0
2024,다나164799,to_in_007,0
2024,다나164799,to_in_008,0
2024,다나164987,to_in_001,5
2024,다나164987,to_in_007,5
2024,다나164987,to_in_008,0
2024,다나164995,to_in_001,5
2024,다나164995,to_in_007,0
2024,다나164995,to_in_008,0
2024,다나164998,to_in_001,8
2024,다나164998,to_in_007,8
2024,다나164998,to_in_008,5
2024,다나165723,to_in_001,5
2024,다나165723,to_in_007,0
2024,다나165723,to_in_008,0
2024,다나165724,to_in_001,38
2024,다나165724,to_in_007,23
2024,다나165724,to_in_008,13
2024,다나165725,to_in_001,28
2024,다나165725,to_in_007,13
2024,다나165725,to_in_008,13
2024,다나165726,to_in_001,28
2024,다나165726,to_in_007,13
2024,다나165726,to_in_008,18
2024,다나165727,to_in_001,5
2024,다나165727,to_in_007,0
2024,다나165727,to_in_008,5
2024,다나165741,to_in_001,8
2024,다나165741,to_in_007,5
2024,다나165741,to_in_008,5
2024,다나165742,to_in_001,0
2024,다나165742,to_in_007,0
2024,다나165742,to_in_008,0
2024,다나165743,to_in_001,5
2024,다나165743,to_in_007,0
2024,다나165743,to_in_008,5
2024,다나165744,to_in_001,13
2024,다나165744,to_in_007,8
2024,다나165744,to_in_008,8
2024,다나165747,to_in_001,0
2024,다나165747,to_in_007,0
2024,다나165747,to_in_008,0
2024,다나165748,to_in_001,50
2024,다나165748,to_in_007,29
2024,다나165748,to_in_008,24
2024,다나165749,to_in_001,8
2024,다나165749,to_in_007,5
2024,다나165749,to_in_008,5
2024,다나165750,to_in_001,5
2024,다나165750,to_in_007,5
2024,다나165750,to_in_008,5
2024,다나165754,to_in_001,0
2024,다나165754,to_in_007,0
2024,다나165754,to_in_008,0
2024,다나165755,to_in_001,0
2024,다나165755,to_in_007,0
2024,다나165755,to_in_008,0
2024,다나165763,to_in_001,5
2024,다나165763,to_in_007,5
2024,다나165763,to_in_008,0
2024,다나165789,to_in_001,8
2024,다나165789,to_in_007,5
2024,다나165789,to_in_008,8
2024,다나165791,to_in_001,8
2024,다나165791,to_in_007,8
2024,다나165791,to_in_008,5
2024,다나165792,to_in_001,33
2024,다나165792,to_in_007,18
2024,다나165792,to_in_008,18
2024,다나165793,to_in_001,8
2024,다나165793,to_in_007,5
2024,다나165793,to_in_008,5
2024,다나165799,to_in_001,0
2024,다나165799,to_in_007,0
2024,다나165799,to_in_008,0
2024,다나165800,to_in_001,0
2024,다나165800,to_in_007,0
2024,다나165800,to_in_008,0
2024,다나165997,to_in_001,8
2024,다나165997,to_in_007,5
2024,다나165997,to_in_008,8
2024,다나165998,to_in_001,5
2024,다나165998,to_in_007,0
2024,다나165998,to_in_008,5
2024,다나165999,to_in_001,5
2024,다나165999,to_in_007,0
2024,다나165999,to_in_008,0
2024,다나166723,to_in_001,8
2024,다나166723,to_in_007,8
2024,다나166723,to_in_008,8
2024,다나166724,to_in_001,8
2024,다나166724,to_in_007,5
2024,다나166724,to_in_008,5
2024,다나166725,to_in_001,23
2024,다나166725,to_in_007,13
2024,다나147754,to_in_007,13
2024,다나147754,to_in_008,8
2024,다나147755,to_in_001,8
2024,다나147755,to_in_007,5
2024,다나147755,to_in_008,5
2024,다나147757,to_in_001,5
2024,다나147757,to_in_007,0
2024,다나147757,to_in_008,5
2024,다나147759,to_in_001,8
2024,다나147759,to_in_007,5
2024,다나147759,to_in_008,5
2024,다나147760,to_in_001,5
2024,다나147760,to_in_007,0
2024,다나147760,to_in_008,5
2024,다나151772,to_in_001,5
2024,다나151772,to_in_007,0
2024,다나151772,to_in_008,5
2024,다나151778,to_in_001,13
2024,다나151778,to_in_007,8
2024,다나151778,to_in_008,5
2024,다나151781,to_in_001,8
2024,다나151781,to_in_007,5
2024,다나151781,to_in_008,5
2024,다나151786,to_in_001,59
2024,다나151786,to_in_007,8
2024,다나151786,to_in_008,49
2024,다나151787,to_in_001,8
2024,다나151787,to_in_007,8
2024,다나151787,to_in_008,5
2024,다나151788,to_in_001,5
2024,다나151788,to_in_007,5
2024,다나151788,to_in_008,5
2024,다나151802,to_in_001,5
2024,다나151802,to_in_007,5
2024,다나151802,to_in_008,0
2024,다나151951,to_in_001,5
2024,다나151951,to_in_007,0
2024,다나151951,to_in_008,0
2024,다나151964,to_in_001,8
2024,다나151964,to_in_007,8
2024,다나151964,to_in_008,8
2024,다나151983,to_in_001,5
2024,다나151983,to_in_007,0
2024,다나151983,to_in_008,0
2024,다나151985,to_in_001,5
2024,다나151985,to_in_007,5
2024,다나151985,to_in_008,0
2024,다나151986,to_in_001,8
2024,다나151986,to_in_007,0
2024,다나151986,to_in_008,8
2024,다나151987,to_in_001,8
2024,다나151987,to_in_007,8
2024,다나151987,to_in_008,5
2024,다나151988,to_in_001,28
2024,다나151988,to_in_007,13
2024,다나151988,to_in_008,13
2024,다나151989,to_in_001,18
2024,다나151989,to_in_007,8
2024,다나151989,to_in_008,8
2024,다나151990,to_in_001,5
2024,다나151990,to_in_007,5
2024,다나151990,to_in_008,0
2024,다나151991,to_in_001,5
2024,다나151991,to_in_007,0
2024,다나151991,to_in_008,0
2024,다나152730,to_in_001,5
2024,다나152730,to_in_007,5
2024,다나152730,to_in_008,0
2024,다나152733,to_in_001,8
2024,다나152733,to_in_007,5
2024,다나152733,to_in_008,5
2024,다나152746,to_in_001,5
2024,다나152746,to_in_007,5
2024,다나152746,to_in_008,0
2024,다나152747,to_in_001,8
2024,다나152747,to_in_007,5
2024,다나152747,to_in_008,5
2024,다나152748,to_in_001,5
2024,다나152748,to_in_007,0
2024,다나152748,to_in_008,5
2024,다나152750,to_in_001,5
2024,다나152750,to_in_007,5
2024,다나152750,to_in_008,5
2024,다나152751,to_in_001,5
2024,다나152751,to_in_007,5
2024,다나152751,to_in_008,0
2024,다나152752,to_in_001,23
2024,다나152752,to_in_007,13
2024,다나152752,to_in_008,8
2024,다나152753,to_in_001,8
2024,다나152753,to_in_007,5
2024,다나152753,to_in_008,5
2024,다나152754,to_in_001,8
2024,다나152754,to_in_007,5
2024,다나152754,to_in_008,5
2024,다나152755,to_in_001,28
2024,다나152755,to_in_007,13
2024,다나152755,to_in_008,13
2024,다나152756,to_in_001,18
2024,다나152756,to_in_007,8
2024,다나152756,to_in_008,8
2024,다나152757,to_in_001,13
2024,다나152757,to_in_007,8
2024,다나152757,to_in_008,8
2024,다나152758,to_in_001,23
2024,다나152758,to_in_007,13
2024,다나152758,to_in_008,13
2024,다나152759,to_in_001,65
2024,다나152759,to_in_007,30
2024,다나152759,to_in_008,33
2024,다나152760,to_in_001,33
2024,다나152760,to_in_007,18
2024,다나152760,to_in_008,13
2024,다나152761,to_in_001,23
2024,다나152761,to_in_007,13
2024,다나152761,to_in_008,13
2024,다나152762,to_in_001,28
2024,다나152762,to_in_007,13
2024,다나152762,to_in_008,13
2024,다나152763,to_in_001,18
2024,다나152763,to_in_007,8
2024,다나152763,to_in_008,8
2024,다나152764,to_in_001,5
2024,다나152764,to_in_007,5
2024,다나152764,to_in_008,5
2024,다나157996,to_in_001,0
2024,다나157996,to_in_007,0
2024,다나157996,to_in_008,0
2024,다나157999,to_in_001,13
2024,다나157999,to_in_007,8
2024,다나157999,to_in_008,8
2024,다나158723,to_in_001,5
2024,다나158723,to_in_007,5
2024,다나158723,to_in_008,0
2024,다나158724,to_in_001,5
2024,다나158724,to_in_007,0
2024,다나158724,to_in_008,5
2024,다나158725,to_in_001,8
2024,다나158725,to_in_007,8
2024,다나158725,to_in_008,5
2024,다나158726,to_in_001,58
2024,다나158726,to_in_007,28
2024,다나158726,to_in_008,28
2024,다나158727,to_in_001,5
2024,다나158727,to_in_007,5
2024,다나158727,to_in_008,0
2024,다나158728,to_in_001,28
2024,다나158728,to_in_007,13
2024,다나158728,to_in_008,18
2024,다나158729,to_in_001,13
2024,다나158729,to_in_007,5
2024,다나158729,to_in_008,8
2024,다나158730,to_in_001,8
2024,다나158730,to_in_007,8
2024,다나158730,to_in_008,8
2024,다나158731,to_in_001,5
2024,다나158731,to_in_007,5
2024,다나158731,to_in_008,0
2024,다나158736,to_in_001,43
2024,다나158736,to_in_007,18
2024,다나158736,to_in_008,23
2024,다나158746,to_in_001,5
2024,다나158746,to_in_007,0
2024,다나158746,to_in_008,0
2024,다나158748,to_in_001,5
2024,다나158748,to_in_007,5
2024,다나158748,to_in_008,0
2024,다나158749,to_in_001,8
2024,다나158749,to_in_007,5
2024,다나158749,to_in_008,5
2024,다나158755,to_in_001,5
2024,다나158755,to_in_007,0
2024,다나158755,to_in_008,0
2024,다나158756,to_in_001,13
2024,다나158756,to_in_007,8
2024,다나158756,to_in_008,8
2024,다나158758,to_in_001,8
2024,다나158758,to_in_007,5
2024,다나158758,to_in_008,5
2024,다나158759,to_in_001,8
2024,다나158759,to_in_007,5
2024,다나158759,to_in_008,5
2024,다나158760,to_in_001,8
2024,다나158760,to_in_007,5
2024,다나158760,to_in_008,8
2024,다나158761,to_in_001,8
2024,다나158761,to_in_007,5
2024,다나158761,to_in_008,5
2024,다나158762,to_in_001,13
2024,다나158762,to_in_007,5
2024,다나158762,to_in_008,8
2024,다나158764,to_in_001,5
2024,다나158764,to_in_007,0
2024,다나158764,to_in_008,5
2024,다나158774,to_in_001,8
2024,다나158774,to_in_007,5
2024,다나158774,to_in_008,5
2024,다나158777,to_in_001,8
2024,다나158777,to_in_007,5
2024,다나158777,to_in_008,5
2024,다나158779,to_in_001,5
2024,다나158779,to_in_007,5
2024,다나158779,to_in_008,5
2024,다나158780,to_in_001,13
2024,다나158780,to_in_007,8
2024,다나158780,to_in_008,8
2024,다나158781,to_in_001,23
2024,다나158781,to_in_007,13
2024,다나158781,to_in_008,8
2024,다나158782,to_in_001,18
2024,다나158782,to_in_007,8
2024,다나158782,to_in_008,8
2024,다나158783,to_in_001,5
2024,다나158783,to_in_007,5
2024,다나158783,to_in_008,0
2024,다나158811,to_in_001,5
2024,다나158811,to_in_007,0
2024,다나158811,to_in_008,0
2024,다나158992,to_in_001,0
2024,다나158992,to_in_007,0
2024,다나158992,to_in_008,0
2024,다나158999,to_in_001,28
2024,다나158999,to_in_007,13
2024,다나158999,to_in_008,13
2024,다나159721,to_in_001,5
2024,다나159721,to_in_007,5
2024,다나159721,to_in_008,0
2024,다나159722,to_in_001,8
2024,다나159722,to_in_007,5
2024,다나159722,to_in_008,5
2024,다나159723,to_in_001,13
2024,다나159723,to_in_007,8
2024,다나159723,to_in_008,8
2024,다나162793,to_in_001,5
2024,다나162793,to_in_007,5
2024,다나162793,to_in_008,0
2024,다나162794,to_in_001,5
2024,다나162794,to_in_007,5
2024,다나162794,to_in_008,0
2024,다나162802,to_in_001,0
2024,다나162802,to_in_007,0
2024,다나162802,to_in_008,0
2024,다나162995,to_in_001,5
2024,다나162995,to_in_007,5
2024,다나162995,to_in_008,5
2024,다나162998,to_in_001,86
2024,다나162998,to_in_007,49
2024,다나162998,to_in_008,40
2024,다나162999,to_in_001,48
2024,다나162999,to_in_007,23
2024,다나162999,to_in_008,23
2024,다나163722,to_in_001,18
2024,다나163722,to_in_007,8
2024,다나163722,to_in_008,13
2024,다나163723,to_in_001,18
2024,다나163723,to_in_007,8
2024,다나163723,to_in_008,8
2024,다나163724,to_in_001,18
2024,다나163724,to_in_007,8
2024,다나163724,to_in_008,8
2024,다나163725,to_in_001,28
2024,다나163725,to_in_007,13
2024,다나163725,to_in_008,13
2024,다나163726,to_in_001,8
2024,다나163726,to_in_007,8
2024,다나163726,to_in_008,5
2024,다나163727,to_in_001,43
2024,다나163727,to_in_007,23
2024,다나163727,to_in_008,18
2024,다나163728,to_in_001,23
2024,다나163728,to_in_007,8
2024,다나163728,to_in_008,13
2024,다나163729,to_in_001,18
2024,다나163729,to_in_007,13
2024,다나163729,to_in_008,5
2024,다나163747,to_in_001,8
2024,다나163747,to_in_007,8
2024,다나163747,to_in_008,5
2024,다나163749,to_in_001,8
2024,다나163749,to_in_007,5
2024,다나163749,to_in_008,5
2024,다나163750,to_in_001,5
2024,다나163750,to_in_007,5
2024,다나163750,to_in_008,0
2024,다나163763,to_in_001,5
2024,다나163763,to_in_007,5
2024,다나163763,to_in_008,0
2024,다나163766,to_in_001,5
2024,다나163766,to_in_007,5
2024,다나163766,to_in_008,0
2024,다나163767,to_in_001,5
2024,다나163767,to_in_007,0
2024,다나163767,to_in_008,5
2024,다나153781,to_in_007,8
2024,다나153781,to_in_008,8
2024,다나153783,to_in_001,5
2024,다나153783,to_in_007,5
2024,다나153783,to_in_008,5
2024,다나153785,to_in_001,8
2024,다나153785,to_in_007,5
2024,다나153785,to_in_008,8
2024,다나153786,to_in_001,5
2024,다나153786,to_in_007,5
2024,다나153786,to_in_008,0
2024,다나153791,to_in_001,0
2024,다나153791,to_in_007,0
2024,다나153791,to_in_008,0
2024,다나153990,to_in_001,5
2024,다나153990,to_in_007,0
2024,다나153990,to_in_008,0
2024,다나153995,to_in_001,8
2024,다나153995,to_in_007,5
2024,다나153995,to_in_008,5
2024,다나153998,to_in_001,5
2024,다나153998,to_in_007,5
2024,다나153998,to_in_008,0
2024,다나154728,to_in_001,5
2024,다나154728,to_in_007,0
2024,다나154728,to_in_008,5
2024,다나154729,to_in_001,13
2024,다나154729,to_in_007,8
2024,다나154729,to_in_008,8
2024,다나154731,to_in_001,5
2024,다나154731,to_in_007,5
2024,다나154731,to_in_008,0
2024,다나154743,to_in_001,13
2024,다나154743,to_in_007,5
2024,다나154743,to_in_008,8
2024,다나154744,to_in_001,5
2024,다나154744,to_in_007,5
2024,다나154744,to_in_008,0
2024,다나154747,to_in_001,5
2024,다나154747,to_in_007,0
2024,다나154747,to_in_008,5
2024,다나154748,to_in_001,5
2024,다나154748,to_in_007,5
2024,다나154748,to_in_008,5
2024,다나154749,to_in_001,5
2024,다나154749,to_in_007,5
2024,다나154749,to_in_008,0
2024,다나154750,to_in_001,5
2024,다나154750,to_in_007,5
2024,다나154750,to_in_008,0
2024,다나154753,to_in_001,13
2024,다나154753,to_in_007,5
2024,다나154753,to_in_008,8
2024,다나154754,to_in_001,8
2024,다나154754,to_in_007,5
2024,다나154754,to_in_008,5
2024,다나154755,to_in_001,18
2024,다나154755,to_in_007,8
2024,다나154755,to_in_008,13
2024,다나154756,to_in_001,18
2024,다나154756,to_in_007,8
2024,다나154756,to_in_008,8
2024,다나154757,to_in_001,13
2024,다나154757,to_in_007,8
2024,다나154757,to_in_008,8
2024,다나154758,to_in_001,33
2024,다나154758,to_in_007,18
2024,다나154758,to_in_008,18
2024,다나154759,to_in_001,18
2024,다나154759,to_in_007,8
2024,다나154759,to_in_008,13
2024,다나154760,to_in_001,13
2024,다나154760,to_in_007,5
2024,다나154760,to_in_008,8
2024,다나154761,to_in_001,8
2024,다나154761,to_in_007,5
2024,다나154761,to_in_008,5
2024,다나154762,to_in_001,23
2024,다나154762,to_in_007,8
2024,다나154762,to_in_008,13
2024,다나154763,to_in_001,5
2024,다나154763,to_in_007,0
2024,다나154763,to_in_008,5
2024,다나154767,to_in_001,0
2024,다나154767,to_in_007,0
2024,다나154767,to_in_008,0
2024,다나154768,to_in_001,5
2024,다나154768,to_in_007,5
2024,다나154768,to_in_008,5
2024,다나159724,to_in_001,48
2024,다나159724,to_in_007,18
2024,다나159724,to_in_008,28
2024,다나159725,to_in_001,88
2024,다나159725,to_in_007,47
2024,다나159725,to_in_008,39
2024,다나159726,to_in_001,13
2024,다나159726,to_in_007,8
2024,다나159726,to_in_008,8
2024,다나159727,to_in_001,74
2024,다나159727,to_in_007,39
2024,다나159727,to_in_008,33
2024,다나159728,to_in_001,28
2024,다나159728,to_in_007,13
2024,다나159728,to_in_008,13
2024,다나159731,to_in_001,8
2024,다나159731,to_in_007,8
2024,다나159731,to_in_008,5
2024,다나159732,to_in_001,5
2024,다나159732,to_in_007,5
2024,다나159732,to_in_008,0
2024,다나159733,to_in_001,5
2024,다나159733,to_in_007,0
2024,다나159733,to_in_008,0
2024,다나159746,to_in_001,5
2024,다나159746,to_in_007,5
2024,다나159746,to_in_008,5
2024,다나159747,to_in_001,5
2024,다나159747,to_in_007,5
2024,다나159747,to_in_008,5
2024,다나159751,to_in_001,18
2024,다나159751,to_in_007,13
2024,다나159751,to_in_008,8
2024,다나159752,to_in_001,8
2024,다나159752,to_in_007,5
2024,다나159752,to_in_008,8
2024,다나159753,to_in_001,5
2024,다나159753,to_in_007,0
2024,다나159753,to_in_008,5
2024,다나159754,to_in_001,5
2024,다나159754,to_in_007,5
2024,다나159754,to_in_008,0
2024,다나159755,to_in_001,23
2024,다나159755,to_in_007,13
2024,다나159755,to_in_008,13
2024,다나159756,to_in_001,13
2024,다나159756,to_in_007,8
2024,다나159756,to_in_008,8
2024,다나159757,to_in_001,5
2024,다나159757,to_in_007,5
2024,다나159757,to_in_008,5
2024,다나159758,to_in_001,8
2024,다나159758,to_in_007,5
2024,다나159758,to_in_008,5
2024,다나159759,to_in_001,8
2024,다나159759,to_in_007,5
2024,다나159759,to_in_008,5
2024,다나159760,to_in_001,23
2024,다나159760,to_in_007,8
2024,다나159760,to_in_008,13
2024,다나159761,to_in_001,13
2024,다나159761,to_in_007,8
2024,다나159761,to_in_008,8
2024,다나159762,to_in_001,8
2024,다나159762,to_in_007,5
2024,다나159762,to_in_008,8
2024,다나159763,to_in_001,13
2024,다나159763,to_in_007,8
2024,다나159763,to_in_008,5
2024,다나159764,to_in_001,5
2024,다나159764,to_in_007,5
2024,다나159764,to_in_008,0
2024,다나159765,to_in_001,5
2024,다나159765,to_in_007,0
2024,다나159765,to_in_008,5
2024,다나159775,to_in_001,8
2024,다나159775,to_in_007,5
2024,다나159775,to_in_008,5
2024,다나159779,to_in_001,8
2024,다나159779,to_in_007,8
2024,다나159779,to_in_008,5
2024,다나159780,to_in_001,18
2024,다나159780,to_in_007,8
2024,다나159780,to_in_008,13
2024,다나159788,to_in_001,5
2024,다나159788,to_in_007,5
2024,다나159788,to_in_008,0
2024,다나159805,to_in_001,8
2024,다나159805,to_in_007,5
2024,다나159805,to_in_008,5
2024,다나159998,to_in_001,8
2024,다나159998,to_in_007,8
2024,다나159998,to_in_008,8
2024,다나159999,to_in_001,329
2024,다나159999,to_in_007,166
2024,다나159999,to_in_008,161
2024,다나160722,to_in_001,0
2024,다나160722,to_in_007,0
2024,다나160722,to_in_008,0
2024,다나160723,to_in_001,8
2024,다나160723,to_in_007,5
2024,다나160723,to_in_008,8
2024,다나160724,to_in_001,18
2024,다나160724,to_in_007,8
2024,다나160724,to_in_008,8
2024,다나160725,to_in_001,38
2024,다나160725,to_in_007,23
2024,다나160725,to_in_008,18
2024,다나160726,to_in_001,48
2024,다나160726,to_in_007,28
2024,다나160726,to_in_008,23
2024,다나166728,to_in_001,5
2024,다나166728,to_in_007,0
2024,다나166728,to_in_008,0
2024,다나166740,to_in_001,5
2024,다나166740,to_in_007,0
2024,다나166740,to_in_008,0
2024,다나166741,to_in_001,0
2024,다나166741,to_in_007,0
2024,다나166741,to_in_008,0
2024,다나166744,to_in_001,8
2024,다나166744,to_in_007,8
2024,다나166744,to_in_008,8
2024,다나166749,to_in_001,8
2024,다나166749,to_in_007,5
2024,다나166749,to_in_008,5
2024,다나166750,to_in_001,18
2024,다나166750,to_in_007,13
2024,다나166750,to_in_008,8
2024,다나166751,to_in_001,5
2024,다나166751,to_in_007,5
2024,다나166751,to_in_008,0
2024,다나166752,to_in_001,5
2024,다나166752,to_in_007,0
2024,다나166752,to_in_008,5
2024,다나166753,to_in_001,5
2024,다나166753,to_in_007,0
2024,다나166753,to_in_008,5
2024,다나166765,to_in_001,5
2024,다나166765,to_in_007,0
2024,다나166765,to_in_008,5
2024,다나166767,to_in_001,5
2024,다나166767,to_in_007,5
2024,다나166767,to_in_008,0
2024,다나166768,to_in_001,8
2024,다나166768,to_in_007,5
2024,다나166768,to_in_008,5
2024,다나166770,to_in_001,5
2024,다나166770,to_in_007,0
2024,다나166770,to_in_008,0
2024,다나166779,to_in_001,5
2024,다나166779,to_in_007,5
2024,다나166779,to_in_008,0
2024,다나166788,to_in_001,5
2024,다나166788,to_in_007,5
2024,다나166788,to_in_008,0
2024,다나166789,to_in_001,5
2024,다나166789,to_in_007,0
2024,다나166789,to_in_008,5
2024,다나166791,to_in_001,5
2024,다나166791,to_in_007,5
2024,다나166791,to_in_008,5
2024,다나166792,to_in_001,0
2024,다나166792,to_in_007,0
2024,다나166792,to_in_008,0
2024,다나166793,to_in_001,0
2024,다나166793,to_in_007,0
2024,다나166793,to_in_008,0
2024,다나166796,to_in_001,0
2024,다나166796,to_in_007,0
2024,다나166796,to_in_008,0
2024,다나166986,to_in_001,5
2024,다나166986,to_in_007,0
2024,다나166986,to_in_008,5
2024,다나166990,to_in_001,0
2024,다나166990,to_in_007,0
2024,다나166990,to_in_008,0
2024,다나166993,to_in_001,8
2024,다나166993,to_in_007,5
2024,다나166993,to_in_008,5
2024,다나166995,to_in_001,5
2024,다나166995,to_in_007,5
2024,다나166995,to_in_008,0
2024,다나166996,to_in_001,5
2024,다나166996,to_in_007,5
2024,다나166996,to_in_008,0
2024,다나167723,to_in_001,8
2024,다나167723,to_in_007,5
2024,다나167723,to_in_008,8
2024,다나167724,to_in_001,23
2024,다나167724,to_in_007,13
2024,다나167724,to_in_008,13
2024,다나167725,to_in_001,18
2024,다나167725,to_in_007,8
2024,다나167725,to_in_008,8
2024,다나167726,to_in_001,28
2024,다나167726,to_in_007,13
2024,다나167726,to_in_008,13
2024,다나167727,to_in_001,23
2024,다나167727,to_in_007,8
2024,다나167727,to_in_008,13
2024,다나167728,to_in_001,5
2024,다나167728,to_in_007,0
2024,다나167728,to_in_008,0
2024,다나153756,to_in_007,13
2024,다나153756,to_in_008,13
2024,다나153757,to_in_001,23
2024,다나153757,to_in_007,8
2024,다나153757,to_in_008,18
2024,다나153758,to_in_001,38
2024,다나153758,to_in_007,23
2024,다나153758,to_in_008,18
2024,다나153759,to_in_001,70
2024,다나153759,to_in_007,35
2024,다나153759,to_in_008,33
2024,다나153760,to_in_001,33
2024,다나153760,to_in_007,13
2024,다나153760,to_in_008,23
2024,다나153761,to_in_001,48
2024,다나153761,to_in_007,28
2024,다나153761,to_in_008,18
2024,다나153762,to_in_001,18
2024,다나153762,to_in_007,13
2024,다나153762,to_in_008,8
2024,다나153763,to_in_001,8
2024,다나153763,to_in_007,5
2024,다나153763,to_in_008,5
2024,다나153764,to_in_001,5
2024,다나153764,to_in_007,5
2024,다나153764,to_in_008,5
2024,다나156729,to_in_001,5
2024,다나156729,to_in_007,5
2024,다나156729,to_in_008,0
2024,다나156745,to_in_001,28
2024,다나156745,to_in_007,18
2024,다나156745,to_in_008,13
2024,다나156749,to_in_001,0
2024,다나156749,to_in_007,0
2024,다나156749,to_in_008,0
2024,다나156750,to_in_001,8
2024,다나156750,to_in_007,8
2024,다나156750,to_in_008,0
2024,다나156757,to_in_001,5
2024,다나156757,to_in_007,5
2024,다나156757,to_in_008,0
2024,다나156758,to_in_001,63
2024,다나156758,to_in_007,33
2024,다나156758,to_in_008,33
2024,다나156760,to_in_001,8
2024,다나156760,to_in_007,5
2024,다나156760,to_in_008,5
2024,다나156761,to_in_001,5
2024,다나156761,to_in_007,0
2024,다나156761,to_in_008,5
2024,다나156762,to_in_001,5
2024,다나156762,to_in_007,5
2024,다나156762,to_in_008,5
2024,다나156770,to_in_001,5
2024,다나156770,to_in_007,5
2024,다나156770,to_in_008,0
2024,다나156772,to_in_001,5
2024,다나156772,to_in_007,5
2024,다나156772,to_in_008,0
2024,다나156774,to_in_001,33
2024,다나156774,to_in_007,13
2024,다나156774,to_in_008,23
2024,다나156776,to_in_001,5
2024,다나156776,to_in_007,5
2024,다나156776,to_in_008,0
2024,다나156781,to_in_001,5
2024,다나156781,to_in_007,0
2024,다나156781,to_in_008,5
2024,다나156782,to_in_001,13
2024,다나156782,to_in_007,5
2024,다나156782,to_in_008,8
2024,다나156783,to_in_001,13
2024,다나156783,to_in_007,8
2024,다나156783,to_in_008,8
2024,다나156784,to_in_001,5
2024,다나156784,to_in_007,0
2024,다나156784,to_in_008,0
2024,다나156787,to_in_001,23
2024,다나156787,to_in_007,18
2024,다나156787,to_in_008,0
2024,다나156978,to_in_001,5
2024,다나156978,to_in_007,0
2024,다나156978,to_in_008,5
2024,다나156990,to_in_001,5
2024,다나156990,to_in_007,5
2024,다나156990,to_in_008,5
2024,다나156992,to_in_001,5
2024,다나156992,to_in_007,0
2024,다나156992,to_in_008,5
2024,다나156999,to_in_001,5
2024,다나156999,to_in_007,0
2024,다나156999,to_in_008,5
2024,다나157727,to_in_001,0
2024,다나157727,to_in_007,0
2024,다나157727,to_in_008,0
2024,다나157728,to_in_001,33
2024,다나157728,to_in_007,18
2024,다나157728,to_in_008,13
2024,다나157729,to_in_001,8
2024,다나157729,to_in_007,5
2024,다나157729,to_in_008,5
2024,다나157748,to_in_001,5
2024,다나157748,to_in_007,0
2024,다나157748,to_in_008,0
2024,다나157756,to_in_001,5
2024,다나157756,to_in_007,0
2024,다나157756,to_in_008,0
2024,다나157760,to_in_001,5
2024,다나157760,to_in_007,5
2024,다나157760,to_in_008,5
2024,다나157761,to_in_001,8
2024,다나157761,to_in_007,5
2024,다나157761,to_in_008,5
2024,다나157762,to_in_001,5
2024,다나157762,to_in_007,0
2024,다나157762,to_in_008,5
2024,다나157779,to_in_001,0
2024,다나157779,to_in_007,0
2024,다나157779,to_in_008,0
2024,다나157781,to_in_001,5
2024,다나157781,to_in_007,5
2024,다나157781,to_in_008,0
2024,다나157782,to_in_001,38
2024,다나157782,to_in_007,18
2024,다나157782,to_in_008,18
2024,다나157783,to_in_001,5
2024,다나157783,to_in_007,0
2024,다나157783,to_in_008,5
2024,다나157973,to_in_001,5
2024,다나157973,to_in_007,5
2024,다나157973,to_in_008,0
2024,다나157974,to_in_001,5
2024,다나157974,to_in_007,5
2024,다나157974,to_in_008,0
2024,다나160727,to_in_001,8
2024,다나160727,to_in_007,5
2024,다나160727,to_in_008,5
2024,다나160728,to_in_001,68
2024,다나160728,to_in_007,43
2024,다나160728,to_in_008,28
2024,다나160729,to_in_001,18
2024,다나160729,to_in_007,8
2024,다나160729,to_in_008,8
2024,다나160730,to_in_001,5
2024,다나160730,to_in_007,0
2024,다나160730,to_in_008,5
2024,다나160731,to_in_001,18
2024,다나160731,to_in_007,8
2024,다나160731,to_in_008,13
2024,다나160746,to_in_001,5
2024,다나160746,to_in_007,0
2024,다나160746,to_in_008,5
2024,다나160748,to_in_001,13
2024,다나160748,to_in_007,5
2024,다나160748,to_in_008,8
2024,다나160753,to_in_001,88
2024,다나160753,to_in_007,30
2024,다나160753,to_in_008,56
2024,다나160755,to_in_001,5
2024,다나160755,to_in_007,0
2024,다나160755,to_in_008,5
2024,다나160756,to_in_001,0
2024,다나160756,to_in_007,0
2024,다나160756,to_in_008,0
2024,다나160757,to_in_001,8
2024,다나160757,to_in_007,5
2024,다나160757,to_in_008,5
2024,다나160758,to_in_001,8
2024,다나160758,to_in_007,8
2024,다나160758,to_in_008,0
2024,다나160759,to_in_001,8
2024,다나160759,to_in_007,5
2024,다나160759,to_in_008,5
2024,다나160760,to_in_001,18
2024,다나160760,to_in_007,13
2024,다나160760,to_in_008,8
2024,다나160761,to_in_001,8
2024,다나160761,to_in_007,5
2024,다나160761,to_in_008,5
2024,다나160763,to_in_001,8
2024,다나160763,to_in_007,8
2024,다나160763,to_in_008,5
2024,다나160764,to_in_001,5
2024,다나160764,to_in_007,0
2024,다나160764,to_in_008,0
2024,다나160765,to_in_001,8
2024,다나160765,to_in_007,8
2024,다나160765,to_in_008,5
2024,다나160766,to_in_001,8
2024,다나160766,to_in_007,5
2024,다나160766,to_in_008,8
2024,다나160768,to_in_001,5
2024,다나160768,to_in_007,5
2024,다나160768,to_in_008,5
2024,다나160776,to_in_001,5
2024,다나160776,to_in_007,5
2024,다나160776,to_in_008,5
2024,다나160779,to_in_001,5
2024,다나160779,to_in_007,5
2024,다나160779,to_in_008,0
2024,다나160788,to_in_001,0
2024,다나160788,to_in_007,0
2024,다나160788,to_in_008,0
2024,다나160997,to_in_001,5
2024,다나160997,to_in_007,0
2024,다나160997,to_in_008,0
2024,다나160998,to_in_001,28
2024,다나160998,to_in_007,13
2024,다나160998,to_in_008,13
2024,다나160999,to_in_001,99
2024,다나160999,to_in_007,49
2024,다나160999,to_in_008,48
2024,다나161720,to_in_001,5
2024,다나161720,to_in_007,0
2024,다나161720,to_in_008,5
2024,다나161721,to_in_001,0
2024,다나161721,to_in_007,0
2024,다나161721,to_in_008,0
2024,다나161722,to_in_001,0
2024,다나161722,to_in_007,0
2024,다나161722,to_in_008,0
2024,다나161723,to_in_001,28
2024,다나161723,to_in_007,13
2024,다나161723,to_in_008,13
2024,다나161724,to_in_001,18
2024,다나161724,to_in_007,8
2024,다나161724,to_in_008,8
2024,다나161725,to_in_001,23
2024,다나161725,to_in_007,13
2024,다나161725,to_in_008,13
2024,다나161726,to_in_001,63
2024,다나161726,to_in_007,38
2024,다나161726,to_in_008,23
2024,다나161727,to_in_001,33
2024,다나161727,to_in_007,18
2024,다나161727,to_in_008,13
2024,다나161728,to_in_001,160
2024,다나161728,to_in_007,74
2024,다나161728,to_in_008,84
2024,다나161746,to_in_001,5
2024,다나161746,to_in_007,5
2024,다나161746,to_in_008,0
2024,다나167763,to_in_001,5
2024,다나167763,to_in_007,0
2024,다나167763,to_in_008,5
2024,다나167765,to_in_001,0
2024,다나167765,to_in_007,0
2024,다나167765,to_in_008,0
2024,다나167767,to_in_001,8
2024,다나167767,to_in_007,5
2024,다나167767,to_in_008,8
2024,다나167768,to_in_001,0
2024,다나167768,to_in_007,0
2024,다나167768,to_in_008,0
2024,다나167769,to_in_001,5
2024,다나167769,to_in_007,5
2024,다나167769,to_in_008,0
2024,다나167780,to_in_001,5
2024,다나167780,to_in_007,5
2024,다나167780,to_in_008,0
2024,다나167781,to_in_001,8
2024,다나167781,to_in_007,8
2024,다나167781,to_in_008,5
2024,다나167782,to_in_001,8
2024,다나167782,to_in_007,5
2024,다나167782,to_in_008,5
2024,다나167783,to_in_001,5
2024,다나167783,to_in_007,5
2024,다나167783,to_in_008,5
2024,다나167784,to_in_001,8
2024,다나167784,to_in_007,5
2024,다나167784,to_in_008,8
2024,다나167785,to_in_001,5
2024,다나167785,to_in_007,0
2024,다나167785,to_in_008,0
2024,다나167786,to_in_001,18
2024,다나167786,to_in_007,13
2024,다나167786,to_in_008,5
2024,다나167787,to_in_001,5
2024,다나167787,to_in_007,5
2024,다나167787,to_in_008,5
2024,다나167791,to_in_001,5
2024,다나167791,to_in_007,5
2024,다나167791,to_in_008,0
2024,다나167792,to_in_001,8
2024,다나167792,to_in_007,5
2024,다나167792,to_in_008,5
2024,다나167990,to_in_001,5
2024,다나167990,to_in_007,5
2024,다나167990,to_in_008,0
2024,다나167991,to_in_001,5
2024,다나167991,to_in_007,0
2024,다나167991,to_in_008,0
2024,다나151761,to_in_007,18
2024,다나151761,to_in_008,13
2024,다나151762,to_in_001,13
2024,다나151762,to_in_007,8
2024,다나151762,to_in_008,8
2024,다나151763,to_in_001,5
2024,다나151763,to_in_007,0
2024,다나151763,to_in_008,0
2024,다나151764,to_in_001,5
2024,다나151764,to_in_007,0
2024,다나151764,to_in_008,0
2024,다나151765,to_in_001,13
2024,다나151765,to_in_007,5
2024,다나151765,to_in_008,8
2024,다나151766,to_in_001,5
2024,다나151766,to_in_007,0
2024,다나151766,to_in_008,5
2024,다나151767,to_in_001,13
2024,다나151767,to_in_007,8
2024,다나151767,to_in_008,8
2024,다나151769,to_in_001,8
2024,다나151769,to_in_007,5
2024,다나151769,to_in_008,8
2024,다나151770,to_in_001,157
2024,다나151770,to_in_007,41
2024,다나151770,to_in_008,114
2024,다나154771,to_in_001,0
2024,다나154771,to_in_007,0
2024,다나154771,to_in_008,0
2024,다나154774,to_in_001,8
2024,다나154774,to_in_007,5
2024,다나154774,to_in_008,8
2024,다나154775,to_in_001,5
2024,다나154775,to_in_007,0
2024,다나154775,to_in_008,0
2024,다나154777,to_in_001,5
2024,다나154777,to_in_007,0
2024,다나154777,to_in_008,5
2024,다나154782,to_in_001,18
2024,다나154782,to_in_007,8
2024,다나154782,to_in_008,13
2024,다나154783,to_in_001,8
2024,다나154783,to_in_007,5
2024,다나154783,to_in_008,5
2024,다나154790,to_in_001,5
2024,다나154790,to_in_007,5
2024,다나154790,to_in_008,0
2024,다나154993,to_in_001,0
2024,다나154993,to_in_007,0
2024,다나154993,to_in_008,0
2024,다나154998,to_in_001,8
2024,다나154998,to_in_007,5
2024,다나154998,to_in_008,5
2024,다나155725,to_in_001,5
2024,다나155725,to_in_007,0
2024,다나155725,to_in_008,0
2024,다나155728,to_in_001,8
2024,다나155728,to_in_007,8
2024,다나155728,to_in_008,5
2024,다나155729,to_in_001,5
2024,다나155729,to_in_007,5
2024,다나155729,to_in_008,0
2024,다나155741,to_in_001,8
2024,다나155741,to_in_007,5
2024,다나155741,to_in_008,5
2024,다나155752,to_in_001,5
2024,다나155752,to_in_007,0
2024,다나155752,to_in_008,5
2024,다나155753,to_in_001,13
2024,다나155753,to_in_007,8
2024,다나155753,to_in_008,8
2024,다나155754,to_in_001,31
2024,다나155754,to_in_007,28
2024,다나155754,to_in_008,8
2024,다나155755,to_in_001,8
2024,다나155755,to_in_007,5
2024,다나155755,to_in_008,5
2024,다나155758,to_in_001,138
2024,다나155758,to_in_007,61
2024,다나155758,to_in_008,75
2024,다나155759,to_in_001,13
2024,다나155759,to_in_007,5
2024,다나155759,to_in_008,8
2024,다나155760,to_in_001,8
2024,다나155760,to_in_007,5
2024,다나155760,to_in_008,5
2024,다나155761,to_in_001,5
2024,다나155761,to_in_007,5
2024,다나155761,to_in_008,0
2024,다나155763,to_in_001,5
2024,다나155763,to_in_007,0
2024,다나155763,to_in_008,5
2024,다나155766,to_in_001,5
2024,다나155766,to_in_007,0
2024,다나155766,to_in_008,5
2024,다나155767,to_in_001,5
2024,다나155767,to_in_007,5
2024,다나155767,to_in_008,0
2024,다나155768,to_in_001,8
2024,다나155768,to_in_007,5
2024,다나155768,to_in_008,5
2024,다나155769,to_in_001,5
2024,다나155769,to_in_007,0
2024,다나155769,to_in_008,0
2024,다나155782,to_in_001,5
2024,다나155782,to_in_007,5
2024,다나155782,to_in_008,5
2024,다나155783,to_in_001,0
2024,다나155783,to_in_007,0
2024,다나155783,to_in_008,0
2024,다나155788,to_in_001,5
2024,다나155788,to_in_007,0
2024,다나155788,to_in_008,0
2024,다나155790,to_in_001,5
2024,다나155790,to_in_007,0
2024,다나155790,to_in_008,0
2024,다나155807,to_in_001,5
2024,다나155807,to_in_007,5
2024,다나155807,to_in_008,0
2024,다나155808,to_in_001,0
2024,다나155808,to_in_007,0
2024,다나155808,to_in_008,0
2024,다나155817,to_in_001,5
2024,다나155817,to_in_007,0
2024,다나155817,to_in_008,5
2024,다나155998,to_in_001,43
2024,다나155998,to_in_007,23
2024,다나155998,to_in_008,18
2024,다나155999,to_in_001,48
2024,다나155999,to_in_007,28
2024,다나155999,to_in_008,23
2024,다나156728,to_in_001,23
2024,다나156728,to_in_007,8
2024,다나156728,to_in_008,13
2024,다나161753,to_in_001,8
2024,다나161753,to_in_007,5
2024,다나161753,to_in_008,8
2024,다나161754,to_in_001,28
2024,다나161754,to_in_007,13
2024,다나161754,to_in_008,13
2024,다나161756,to_in_001,5
2024,다나161756,to_in_007,5
2024,다나161756,to_in_008,5
2024,다나161758,to_in_001,5
2024,다나161758,to_in_007,0
2024,다나161758,to_in_008,0
2024,다나161759,to_in_001,8
2024,다나161759,to_in_007,5
2024,다나161759,to_in_008,8
2024,다나161762,to_in_001,13
2024,다나161762,to_in_007,8
2024,다나161762,to_in_008,8
2024,다나161764,to_in_001,0
2024,다나161764,to_in_007,0
2024,다나161764,to_in_008,0
2024,다나161765,to_in_001,8
2024,다나161765,to_in_007,5
2024,다나161765,to_in_008,5
2024,다나161776,to_in_001,5
2024,다나161776,to_in_007,5
2024,다나161776,to_in_008,5
2024,다나161788,to_in_001,5
2024,다나161788,to_in_007,0
2024,다나161788,to_in_008,0
2024,다나161791,to_in_001,8
2024,다나161791,to_in_007,0
2024,다나161791,to_in_008,8
2024,다나161792,to_in_001,5
2024,다나161792,to_in_007,5
2024,다나161792,to_in_008,5
2024,다나161988,to_in_001,5
2024,다나161988,to_in_007,5
2024,다나161988,to_in_008,0
2024,다나161996,to_in_001,5
2024,다나161996,to_in_007,0
2024,다나161996,to_in_008,0
2024,다나161997,to_in_001,5
2024,다나161997,to_in_007,0
2024,다나161997,to_in_008,0
2024,다나161998,to_in_001,8
2024,다나161998,to_in_007,8
2024,다나161998,to_in_008,5
2024,다나161999,to_in_001,33
2024,다나161999,to_in_007,18
2024,다나161999,to_in_008,13
2024,다나162721,to_in_001,8
2024,다나162721,to_in_007,5
2024,다나162721,to_in_008,5
2024,다나162722,to_in_001,5
2024,다나162722,to_in_007,5
2024,다나162722,to_in_008,0
2024,다나162723,to_in_001,8
2024,다나162723,to_in_007,5
2024,다나162723,to_in_008,8
2024,다나162724,to_in_001,18
2024,다나162724,to_in_007,8
2024,다나162724,to_in_008,8
2024,다나162725,to_in_001,23
2024,다나162725,to_in_007,18
2024,다나162725,to_in_008,8
2024,다나162726,to_in_001,48
2024,다나162726,to_in_007,28
2024,다나162726,to_in_008,23
2024,다나162727,to_in_001,18
2024,다나162727,to_in_007,8
2024,다나162727,to_in_008,13
2024,다나162728,to_in_001,18
2024,다나162728,to_in_007,13
2024,다나162728,to_in_008,8
2024,다나162729,to_in_001,28
2024,다나162729,to_in_007,18
2024,다나162729,to_in_008,13
2024,다나162748,to_in_001,5
2024,다나162748,to_in_007,5
2024,다나162748,to_in_008,0
2024,다나162753,to_in_001,5
2024,다나162753,to_in_007,5
2024,다나162753,to_in_008,0
2024,다나162754,to_in_001,33
2024,다나162754,to_in_007,18
2024,다나162754,to_in_008,13
2024,다나162756,to_in_001,0
2024,다나162756,to_in_007,0
2024,다나162756,to_in_008,0
2024,다나162763,to_in_001,0
2024,다나162763,to_in_007,0
2024,다나162763,to_in_008,0
2024,다나162764,to_in_001,0
2024,다나162764,to_in_007,0
2024,다나162764,to_in_008,0
2024,다나162765,to_in_001,8
2024,다나162765,to_in_007,5
2024,다나162765,to_in_008,5
2024,다나162766,to_in_001,0
2024,다나162766,to_in_007,0
2024,다나162766,to_in_008,0
2024,다나162772,to_in_001,5
2024,다나162772,to_in_007,5
2024,다나162772,to_in_008,0
2024,다나162789,to_in_001,5
2024,다나162789,to_in_007,5
2024,다나162789,to_in_008,0
2024,다나162791,to_in_001,5
2024,다나162791,to_in_007,0
2024,다나162791,to_in_008,5
2024,다나168769,to_in_001,8
2024,다나168769,to_in_007,8
2024,다나168769,to_in_008,5
2024,다나168778,to_in_001,8
2024,다나168778,to_in_007,5
2024,다나168778,to_in_008,8
2024,다나168779,to_in_001,5
2024,다나168779,to_in_007,5
2024,다나168779,to_in_008,5
2024,다나168780,to_in_001,5
2024,다나168780,to_in_007,5
2024,다나168780,to_in_008,0
2024,다나168781,to_in_001,5
2024,다나168781,to_in_007,5
2024,다나168781,to_in_008,5
2024,다나168782,to_in_001,18
2024,다나168782,to_in_007,8
2024,다나168782,to_in_008,8
2024,다나168783,to_in_001,18
2024,다나168783,to_in_007,13
2024,다나168783,to_in_008,8
2024,다나168785,to_in_001,13
2024,다나168785,to_in_007,5
2024,다나168785,to_in_008,8
2024,다나168787,to_in_001,5
2024,다나168787,to_in_007,5
2024,다나168787,to_in_008,0
2024,다나168792,to_in_001,5
2024,다나168792,to_in_007,5
2024,다나168792,to_in_008,0
2024,다나168973,to_in_001,5
2024,다나168973,to_in_007,5
2024,다나168973,to_in_008,0
2024,다나168991,to_in_001,0
2024,다나168991,to_in_007,0
2024,다나168991,to_in_008,0
2024,다나168992,to_in_001,5
2024,다나168992,to_in_007,0
2024,다나168992,to_in_008,0
2024,다나168995,to_in_001,0
2024,다나168995,to_in_007,0
2024,다나168995,to_in_008,0
2024,다나168996,to_in_001,0
2024,다나168996,to_in_007,0
2024,다나168996,to_in_008,0
2024,다나169724,to_in_001,13
2024,다나169724,to_in_007,5
2024,다나169724,to_in_008,8
2024,다나166725,to_in_008,13
2024,다나166726,to_in_001,38
2024,다나166726,to_in_007,18
2024,다나166726,to_in_008,23
2024,다나166727,to_in_001,23
2024,다나166727,to_in_007,13
2024,다나166727,to_in_008,13
2024,다나175751,to_in_001,104
2024,다나175751,to_in_007,48
2024,다나175751,to_in_008,54
2024,다나175752,to_in_001,13
2024,다나175752,to_in_007,5
2024,다나175752,to_in_008,8
2024,다나175753,to_in_001,44
2024,다나175753,to_in_007,24
2024,다나175753,to_in_008,23
2024,다나175754,to_in_001,64
2024,다나175754,to_in_007,34
2024,다나175754,to_in_008,33
2024,다나175755,to_in_001,23
2024,다나175755,to_in_007,13
2024,다나175755,to_in_008,13
2024,다나175756,to_in_001,13
2024,다나175756,to_in_007,8
2024,다나175756,to_in_008,8
2024,다나175757,to_in_001,43
2024,다나175757,to_in_007,23
2024,다나175757,to_in_008,23
2024,다나175758,to_in_001,5
2024,다나175758,to_in_007,5
2024,다나175758,to_in_008,5
2024,다나175759,to_in_001,5
2024,다나175759,to_in_007,0
2024,다나175759,to_in_008,5
2024,다나175761,to_in_001,5
2024,다나175761,to_in_007,5
2024,다나175761,to_in_008,0
2024,다나175762,to_in_001,0
2024,다나175762,to_in_007,0
2024,다나175762,to_in_008,0
2024,다나175767,to_in_001,8
2024,다나175767,to_in_007,5
2024,다나175767,to_in_008,8
2024,다나175786,to_in_001,8
2024,다나175786,to_in_007,5
2024,다나175786,to_in_008,8
2024,다나175787,to_in_001,5
2024,다나175787,to_in_007,5
2024,다나175787,to_in_008,5
2024,다나175789,to_in_001,5
2024,다나175789,to_in_007,5
2024,다나175789,to_in_008,0
2024,다나175791,to_in_001,5
2024,다나175791,to_in_007,5
2024,다나175791,to_in_008,0
2024,다나175793,to_in_001,5
2024,다나175793,to_in_007,5
2024,다나175793,to_in_008,5
2024,다나175795,to_in_001,8
2024,다나175795,to_in_007,8
2024,다나175795,to_in_008,8
2024,다나175796,to_in_001,5
2024,다나175796,to_in_007,0
2024,다나175796,to_in_008,0
2024,다나175968,to_in_001,0
2024,다나175968,to_in_007,0
2024,다나175968,to_in_008,0
2024,다나175969,to_in_001,5
2024,다나175969,to_in_007,5
2024,다나175969,to_in_008,5
2024,다나175980,to_in_001,5
2024,다나175980,to_in_007,0
2024,다나175980,to_in_008,5
2024,다나175998,to_in_001,5
2024,다나175998,to_in_007,0
2024,다나175998,to_in_008,5
2024,다나176726,to_in_001,5
2024,다나176726,to_in_007,5
2024,다나176726,to_in_008,0
2024,다나176728,to_in_001,0
2024,다나176728,to_in_007,0
2024,다나176728,to_in_008,0
2024,다나176736,to_in_001,5
2024,다나176736,to_in_007,0
2024,다나176736,to_in_008,5
2024,다나176742,to_in_001,8
2024,다나176742,to_in_007,5
2024,다나176742,to_in_008,5
2024,다나176743,to_in_001,13
2024,다나176743,to_in_007,8
2024,다나176743,to_in_008,8
2024,다나176744,to_in_001,122
2024,다나176744,to_in_007,56
2024,다나176744,to_in_008,64
2024,다나176745,to_in_001,23
2024,다나176745,to_in_007,8
2024,다나176745,to_in_008,13
2024,다나176746,to_in_001,8
2024,다나176746,to_in_007,5
2024,다나176746,to_in_008,5
2024,다나176747,to_in_001,13
2024,다나176747,to_in_007,8
2024,다나176747,to_in_008,5
2024,다나181736,to_in_001,0
2024,다나181736,to_in_007,0
2024,다나181736,to_in_008,0
2024,다나181742,to_in_001,5
2024,다나181742,to_in_007,0
2024,다나181742,to_in_008,5
2024,다나181743,to_in_001,5
2024,다나181743,to_in_007,0
2024,다나181743,to_in_008,0
2024,다나181744,to_in_001,18
2024,다나181744,to_in_007,13
2024,다나181744,to_in_008,8
2024,다나181745,to_in_001,18
2024,다나181745,to_in_007,8
2024,다나181745,to_in_008,8
2024,다나181746,to_in_001,102
2024,다나181746,to_in_007,55
2024,다나181746,to_in_008,45
2024,다나181747,to_in_001,38
2024,다나181747,to_in_007,23
2024,다나181747,to_in_008,18
2024,다나181748,to_in_001,18
2024,다나181748,to_in_007,13
2024,다나181748,to_in_008,8
2024,다나181749,to_in_001,13
2024,다나181749,to_in_007,8
2024,다나181749,to_in_008,8
2024,다나181750,to_in_001,58
2024,다나181750,to_in_007,33
2024,다나181750,to_in_008,28
2024,다나181751,to_in_001,18
2024,다나181751,to_in_007,8
2024,다나181751,to_in_008,8
2024,다나181768,to_in_001,5
2024,다나181768,to_in_007,0
2024,다나181768,to_in_008,0
2024,다나181772,to_in_001,0
2024,다나181772,to_in_007,0
2024,다나181772,to_in_008,0
2024,다나181773,to_in_001,13
2024,다나181773,to_in_007,8
2024,다나181773,to_in_008,8
2024,다나181783,to_in_001,0
2024,다나181783,to_in_007,0
2024,다나181783,to_in_008,0
2024,다나181785,to_in_001,5
2024,다나181785,to_in_007,5
2024,다나181785,to_in_008,5
2024,다나182737,to_in_001,5
2024,다나182737,to_in_007,0
2024,다나182737,to_in_008,5
2024,다나182738,to_in_001,0
2024,다나182738,to_in_007,0
2024,다나182738,to_in_008,0
2024,다나182744,to_in_001,18
2024,다나182744,to_in_007,8
2024,다나182744,to_in_008,8
2024,다나182745,to_in_001,33
2024,다나182745,to_in_007,18
2024,다나182745,to_in_008,18
2024,다나182746,to_in_001,43
2024,다나182746,to_in_007,23
2024,다나182746,to_in_008,18
2024,다나182747,to_in_001,23
2024,다나182747,to_in_007,13
2024,다나163770,to_in_001,5
2024,다나163770,to_in_007,5
2024,다나163770,to_in_008,0
2024,다나163779,to_in_001,5
2024,다나163779,to_in_007,0
2024,다나163779,to_in_008,5
2024,다나163989,to_in_001,5
2024,다나163989,to_in_007,0
2024,다나163989,to_in_008,0
2024,다나163997,to_in_001,18
2024,다나163997,to_in_007,5
2024,다나163997,to_in_008,13
2024,다나163998,to_in_001,38
2024,다나163998,to_in_007,23
2024,다나163998,to_in_008,18
2024,다나164722,to_in_001,0
2024,다나164722,to_in_007,0
2024,다나164722,to_in_008,0
2024,다나164723,to_in_001,5
2024,다나164723,to_in_007,0
2024,다나164723,to_in_008,0
2024,다나164724,to_in_001,8
2024,다나164724,to_in_007,5
2024,다나164724,to_in_008,5
2024,다나164725,to_in_001,28
2024,다나164725,to_in_007,18
2024,다나164725,to_in_008,8
2024,다나164726,to_in_001,28
2024,다나164726,to_in_007,13
2024,다나164726,to_in_008,13
2024,다나164728,to_in_001,13
2024,다나164728,to_in_007,5
2024,다나164728,to_in_008,8
2024,다나164737,to_in_001,5
2024,다나164737,to_in_007,5
2024,다나164737,to_in_008,0
2024,다나164743,to_in_001,5
2024,다나164743,to_in_007,5
2024,다나164743,to_in_008,5
2024,다나164746,to_in_001,5
2024,다나164746,to_in_007,5
2024,다나164746,to_in_008,0
2024,다나164747,to_in_001,5
2024,다나164747,to_in_007,5
2024,다나164747,to_in_008,0
2024,다나164748,to_in_001,5
2024,다나164748,to_in_007,5
2024,다나164748,to_in_008,0
2024,다나169990,to_in_001,5
2024,다나169990,to_in_007,5
2024,다나169990,to_in_008,5
2024,다나169991,to_in_001,8
2024,다나169991,to_in_007,5
2024,다나169991,to_in_008,5
2024,다나169997,to_in_001,5
2024,다나169997,to_in_007,0
2024,다나169997,to_in_008,0
2024,다나169998,to_in_001,0
2024,다나169998,to_in_007,0
2024,다나169998,to_in_008,0
2024,다나170724,to_in_001,5
2024,다나170724,to_in_007,5
2024,다나170724,to_in_008,0
2024,다나170747,to_in_001,5
2024,다나170747,to_in_007,5
2024,다나170747,to_in_008,0
2024,다나170748,to_in_001,5
2024,다나170748,to_in_007,0
2024,다나170748,to_in_008,0
2024,다나170749,to_in_001,5
2024,다나170749,to_in_007,5
2024,다나170749,to_in_008,5
2024,다나170750,to_in_001,18
2024,다나170750,to_in_007,13
2024,다나170750,to_in_008,8
2024,다나170751,to_in_001,8
2024,다나170751,to_in_007,8
2024,다나170751,to_in_008,5
2024,다나170752,to_in_001,18
2024,다나170752,to_in_007,8
2024,다나170752,to_in_008,8
2024,다나170753,to_in_001,8
2024,다나170753,to_in_007,8
2024,다나170753,to_in_008,0
2024,다나170754,to_in_001,8
2024,다나170754,to_in_007,5
2024,다나170754,to_in_008,5
2024,다나170758,to_in_001,5
2024,다나170758,to_in_007,0
2024,다나170758,to_in_008,0
2024,다나170761,to_in_001,0
2024,다나170761,to_in_007,0
2024,다나170761,to_in_008,0
2024,다나170766,to_in_001,5
2024,다나170766,to_in_007,0
2024,다나170766,to_in_008,5
2024,다나170767,to_in_001,0
2024,다나170767,to_in_007,0
2024,다나170767,to_in_008,0
2024,다나170768,to_in_001,8
2024,다나170768,to_in_007,5
2024,다나170768,to_in_008,5
2024,다나170769,to_in_001,8
2024,다나170769,to_in_007,5
2024,다나170769,to_in_008,5
2024,다나170770,to_in_001,5
2024,다나170770,to_in_007,5
2024,다나170770,to_in_008,0
2024,다나170773,to_in_001,0
2024,다나170773,to_in_007,0
2024,다나170773,to_in_008,0
2024,다나170774,to_in_001,5
2024,다나170774,to_in_007,0
2024,다나170774,to_in_008,5
2024,다나170783,to_in_001,8
2024,다나170783,to_in_007,5
2024,다나170783,to_in_008,5
2024,다나170786,to_in_001,5
2024,다나170786,to_in_007,0
2024,다나170786,to_in_008,0
2024,다나170789,to_in_001,5
2024,다나170789,to_in_007,5
2024,다나170789,to_in_008,0
2024,다나170790,to_in_001,5
2024,다나170790,to_in_007,0
2024,다나170790,to_in_008,5
2024,다나170791,to_in_001,8
2024,다나170791,to_in_007,5
2024,다나170791,to_in_008,5
2024,다나170792,to_in_001,28
2024,다나170792,to_in_007,13
2024,다나170792,to_in_008,13
2024,다나170793,to_in_001,18
2024,다나170793,to_in_007,13
2024,다나170793,to_in_008,8
2024,다나170970,to_in_001,5
2024,다나170970,to_in_007,5
2024,다나170970,to_in_008,0
2024,다나170985,to_in_001,5
2024,다나170985,to_in_007,0
2024,다나170985,to_in_008,5
2024,다나170986,to_in_001,0
2024,다나170986,to_in_007,0
2024,다나170986,to_in_008,0
2024,다나170987,to_in_001,5
2024,다나170987,to_in_007,5
2024,다나170987,to_in_008,5
2024,다나170988,to_in_001,5
2024,다나170988,to_in_007,0
2024,다나170988,to_in_008,5
2024,다나170991,to_in_001,13
2024,다나170991,to_in_007,8
2024,다나170991,to_in_008,8
2024,다나170992,to_in_001,5
2024,다나170992,to_in_007,5
2024,다나170992,to_in_008,5
2024,다나171725,to_in_001,8
2024,다나171725,to_in_007,5
2024,다나171725,to_in_008,5
2024,다나171745,to_in_001,0
2024,다나171745,to_in_007,0
2024,다나171745,to_in_008,0
2024,다나171747,to_in_001,8
2024,다나171747,to_in_007,5
2024,다나171747,to_in_008,5
2024,다나174752,to_in_001,45
2024,다나174752,to_in_007,23
2024,다나174752,to_in_008,20
2024,다나174753,to_in_001,54
2024,다나174753,to_in_007,28
2024,다나174753,to_in_008,29
2024,다나174754,to_in_001,8
2024,다나174754,to_in_007,5
2024,다나174754,to_in_008,5
2024,다나174755,to_in_001,5
2024,다나174755,to_in_007,5
2024,다나174755,to_in_008,0
2024,다나174756,to_in_001,13
2024,다나174756,to_in_007,8
2024,다나174756,to_in_008,8
2024,다나174757,to_in_001,28
2024,다나174757,to_in_007,18
2024,다나174757,to_in_008,13
2024,다나174782,to_in_001,5
2024,다나174782,to_in_007,5
2024,다나174782,to_in_008,0
2024,다나174787,to_in_001,5
2024,다나174787,to_in_007,0
2024,다나174787,to_in_008,5
2024,다나174790,to_in_001,23
2024,다나174790,to_in_007,13
2024,다나174790,to_in_008,13
2024,다나174791,to_in_001,23
2024,다나174791,to_in_007,18
2024,다나174791,to_in_008,8
2024,다나174792,to_in_001,8
2024,다나174792,to_in_007,5
2024,다나174792,to_in_008,5
2024,다나174793,to_in_001,8
2024,다나174793,to_in_007,8
2024,다나174793,to_in_008,8
2024,다나174795,to_in_001,13
2024,다나174795,to_in_007,8
2024,다나174795,to_in_008,5
2024,다나174974,to_in_001,8
2024,다나174974,to_in_007,5
2024,다나174974,to_in_008,5
2024,다나174977,to_in_001,5
2024,다나174977,to_in_007,5
2024,다나174977,to_in_008,5
2024,다나174978,to_in_001,13
2024,다나174978,to_in_007,8
2024,다나174978,to_in_008,8
2024,다나174980,to_in_001,13
2024,다나174980,to_in_007,8
2024,다나174980,to_in_008,5
2024,다나174981,to_in_001,18
2024,다나174981,to_in_007,8
2024,다나174981,to_in_008,8
2024,다나174994,to_in_001,5
2024,다나174994,to_in_007,5
2024,다나174994,to_in_008,5
2024,다나174995,to_in_001,8
2024,다나174995,to_in_007,5
2024,다나174995,to_in_008,5
2024,다나174996,to_in_001,8
2024,다나174996,to_in_007,5
2024,다나174996,to_in_008,8
2024,다나175732,to_in_001,5
2024,다나175732,to_in_007,5
2024,다나175732,to_in_008,0
2024,다나175736,to_in_001,5
2024,다나175736,to_in_007,5
2024,다나175736,to_in_008,0
2024,다나175744,to_in_001,5
2024,다나175744,to_in_007,0
2024,다나175744,to_in_008,0
2024,다나175745,to_in_001,5
2024,다나175745,to_in_007,5
2024,다나175745,to_in_008,5
2024,다나175746,to_in_001,5
2024,다나175746,to_in_007,0
2024,다나175746,to_in_008,5
2024,다나175747,to_in_001,13
2024,다나175747,to_in_007,8
2024,다나175747,to_in_008,8
2024,다나175748,to_in_001,23
2024,다나175748,to_in_007,8
2024,다나175748,to_in_008,18
2024,다나175749,to_in_001,18
2024,다나175749,to_in_007,5
2024,다나175749,to_in_008,13
2024,다나175750,to_in_001,98
2024,다나175750,to_in_007,50
2024,다나175750,to_in_008,46
2024,다나179786,to_in_001,0
2024,다나179786,to_in_007,0
2024,다나179786,to_in_008,0
2024,다나179787,to_in_001,5
2024,다나179787,to_in_007,0
2024,다나179787,to_in_008,0
2024,다나179788,to_in_001,5
2024,다나179788,to_in_007,5
2024,다나179788,to_in_008,0
2024,다나179974,to_in_001,13
2024,다나179974,to_in_007,8
2024,다나179974,to_in_008,8
2024,다나179975,to_in_001,18
2024,다나179975,to_in_007,8
2024,다나179975,to_in_008,8
2024,다나179991,to_in_001,0
2024,다나179991,to_in_007,0
2024,다나179991,to_in_008,0
2024,다나180735,to_in_001,5
2024,다나180735,to_in_007,5
2024,다나180735,to_in_008,5
2024,다나180736,to_in_001,5
2024,다나180736,to_in_007,5
2024,다나180736,to_in_008,5
2024,다나180737,to_in_001,8
2024,다나180737,to_in_007,5
2024,다나180737,to_in_008,5
2024,다나180738,to_in_001,8
2024,다나180738,to_in_007,5
2024,다나180738,to_in_008,5
2024,다나180740,to_in_001,5
2024,다나180740,to_in_007,0
2024,다나180740,to_in_008,0
2024,다나180741,to_in_001,8
2024,다나180741,to_in_007,5
2024,다나180741,to_in_008,5
2024,다나180742,to_in_001,13
2024,다나180742,to_in_007,8
2024,다나167729,to_in_001,8
2024,다나167729,to_in_007,5
2024,다나167729,to_in_008,5
2024,다나167730,to_in_001,5
2024,다나167730,to_in_007,5
2024,다나167730,to_in_008,0
2024,다나167738,to_in_001,5
2024,다나167738,to_in_007,0
2024,다나167738,to_in_008,0
2024,다나167744,to_in_001,5
2024,다나167744,to_in_007,5
2024,다나167744,to_in_008,0
2024,다나167748,to_in_001,0
2024,다나167748,to_in_007,0
2024,다나167748,to_in_008,0
2024,다나167749,to_in_001,13
2024,다나167749,to_in_007,8
2024,다나167749,to_in_008,8
2024,다나167750,to_in_001,5
2024,다나167750,to_in_007,5
2024,다나167750,to_in_008,0
2024,다나167751,to_in_001,5
2024,다나167751,to_in_007,0
2024,다나167751,to_in_008,0
2024,다나171748,to_in_001,5
2024,다나171748,to_in_007,5
2024,다나171748,to_in_008,5
2024,다나171749,to_in_001,23
2024,다나171749,to_in_007,13
2024,다나171749,to_in_008,8
2024,다나171750,to_in_001,18
2024,다나171750,to_in_007,8
2024,다나171750,to_in_008,8
2024,다나171751,to_in_001,38
2024,다나171751,to_in_007,18
2024,다나171751,to_in_008,18
2024,다나171752,to_in_001,23
2024,다나171752,to_in_007,13
2024,다나171752,to_in_008,8
2024,다나171755,to_in_001,5
2024,다나171755,to_in_007,0
2024,다나171755,to_in_008,0
2024,다나171756,to_in_001,13
2024,다나171756,to_in_007,8
2024,다나171756,to_in_008,8
2024,다나171758,to_in_001,8
2024,다나171758,to_in_007,5
2024,다나171758,to_in_008,8
2024,다나171759,to_in_001,8
2024,다나171759,to_in_007,5
2024,다나171759,to_in_008,5
2024,다나171760,to_in_001,5
2024,다나171760,to_in_007,5
2024,다나171760,to_in_008,0
2024,다나171761,to_in_001,5
2024,다나171761,to_in_007,5
2024,다나171761,to_in_008,0
2024,다나171763,to_in_001,5
2024,다나171763,to_in_007,5
2024,다나171763,to_in_008,5
2024,다나171767,to_in_001,5
2024,다나171767,to_in_007,0
2024,다나171767,to_in_008,5
2024,다나171768,to_in_001,8
2024,다나171768,to_in_007,5
2024,다나171768,to_in_008,5
2024,다나171769,to_in_001,8
2024,다나171769,to_in_007,8
2024,다나171769,to_in_008,5
2024,다나171770,to_in_001,5
2024,다나171770,to_in_007,5
2024,다나171770,to_in_008,0
2024,다나171771,to_in_001,0
2024,다나171771,to_in_007,0
2024,다나171771,to_in_008,0
2024,다나171789,to_in_001,5
2024,다나171789,to_in_007,0
2024,다나171789,to_in_008,5
2024,다나171791,to_in_001,13
2024,다나171791,to_in_007,8
2024,다나171791,to_in_008,5
2024,다나171792,to_in_001,5
2024,다나171792,to_in_007,5
2024,다나171792,to_in_008,5
2024,다나171793,to_in_001,5
2024,다나171793,to_in_007,5
2024,다나171793,to_in_008,5
2024,다나171802,to_in_001,0
2024,다나171802,to_in_007,0
2024,다나171802,to_in_008,0
2024,다나171971,to_in_001,8
2024,다나171971,to_in_007,5
2024,다나171971,to_in_008,5
2024,다나171972,to_in_001,18
2024,다나171972,to_in_007,8
2024,다나171972,to_in_008,8
2024,다나171979,to_in_001,8
2024,다나171979,to_in_007,5
2024,다나171979,to_in_008,8
2024,다나171981,to_in_001,5
2024,다나171981,to_in_007,5
2024,다나171981,to_in_008,0
2024,다나171983,to_in_001,8
2024,다나171983,to_in_007,5
2024,다나171983,to_in_008,5
2024,다나173768,to_in_001,8
2024,다나173768,to_in_007,5
2024,다나173768,to_in_008,5
2024,다나173769,to_in_001,18
2024,다나173769,to_in_007,8
2024,다나173769,to_in_008,8
2024,다나173770,to_in_001,5
2024,다나173770,to_in_007,5
2024,다나173770,to_in_008,5
2024,다나173784,to_in_001,0
2024,다나173784,to_in_007,0
2024,다나173784,to_in_008,0
2024,다나173787,to_in_001,0
2024,다나173787,to_in_007,0
2024,다나173787,to_in_008,0
2024,다나173788,to_in_001,0
2024,다나173788,to_in_007,0
2024,다나173788,to_in_008,0
2024,다나173790,to_in_001,8
2024,다나173790,to_in_007,5
2024,다나173790,to_in_008,5
2024,다나173791,to_in_001,8
2024,다나173791,to_in_007,5
2024,다나173791,to_in_008,5
2024,다나173971,to_in_001,5
2024,다나173971,to_in_007,0
2024,다나173971,to_in_008,5
2024,다나173974,to_in_001,5
2024,다나173974,to_in_007,0
2024,다나173974,to_in_008,5
2024,다나173976,to_in_001,5
2024,다나173976,to_in_007,0
2024,다나173976,to_in_008,5
2024,다나173977,to_in_001,5
2024,다나173977,to_in_007,5
2024,다나173977,to_in_008,5
2024,다나173978,to_in_001,5
2024,다나173978,to_in_007,5
2024,다나173978,to_in_008,5
2024,다나173980,to_in_001,13
2024,다나173980,to_in_007,8
2024,다나173980,to_in_008,5
2024,다나173981,to_in_001,13
2024,다나173981,to_in_007,8
2024,다나173981,to_in_008,8
2024,다나173982,to_in_001,0
2024,다나173982,to_in_007,0
2024,다나173982,to_in_008,0
2024,다나173992,to_in_001,5
2024,다나173992,to_in_007,0
2024,다나173992,to_in_008,5
2024,다나173994,to_in_001,13
2024,다나173994,to_in_007,8
2024,다나173994,to_in_008,5
2024,다나173995,to_in_001,5
2024,다나173995,to_in_007,0
2024,다나173995,to_in_008,5
2024,다나173996,to_in_001,5
2024,다나173996,to_in_007,5
2024,다나173996,to_in_008,0
2024,다나174725,to_in_001,0
2024,다나174725,to_in_007,0
2024,다나174725,to_in_008,0
2024,다나174746,to_in_001,8
2024,다나174746,to_in_007,5
2024,다나174746,to_in_008,8
2024,다나174747,to_in_001,8
2024,다나174747,to_in_007,5
2024,다나174747,to_in_008,5
2024,다나174748,to_in_001,85
2024,다나174748,to_in_007,38
2024,다나174748,to_in_008,45
2024,다나174749,to_in_001,101
2024,다나174749,to_in_007,49
2024,다나174749,to_in_008,50
2024,다나174750,to_in_001,152
2024,다나174750,to_in_007,76
2024,다나174750,to_in_008,79
2024,다나174751,to_in_001,48
2024,다나174751,to_in_007,18
2024,다나174751,to_in_008,33
2024,다나177748,to_in_001,39
2024,다나177748,to_in_007,24
2024,다나177748,to_in_008,18
2024,다나177749,to_in_001,38
2024,다나177749,to_in_007,23
2024,다나177749,to_in_008,18
2024,다나177750,to_in_001,29
2024,다나177750,to_in_007,14
2024,다나177750,to_in_008,13
2024,다나177751,to_in_001,33
2024,다나177751,to_in_007,13
2024,다나177751,to_in_008,18
2024,다나177752,to_in_001,28
2024,다나177752,to_in_007,13
2024,다나177752,to_in_008,13
2024,다나177753,to_in_001,8
2024,다나177753,to_in_007,5
2024,다나177753,to_in_008,5
2024,다나177754,to_in_001,13
2024,다나177754,to_in_007,5
2024,다나177754,to_in_008,8
2024,다나177755,to_in_001,5
2024,다나177755,to_in_007,5
2024,다나177755,to_in_008,0
2024,다나177791,to_in_001,0
2024,다나177791,to_in_007,0
2024,다나177791,to_in_008,0
2024,다나177794,to_in_001,5
2024,다나177794,to_in_007,5
2024,다나177794,to_in_008,0
2024,다나177974,to_in_001,38
2024,다나177974,to_in_007,18
2024,다나177974,to_in_008,18
2024,다나177980,to_in_001,5
2024,다나177980,to_in_007,0
2024,다나177980,to_in_008,0
2024,다나178728,to_in_001,5
2024,다나178728,to_in_007,5
2024,다나178728,to_in_008,0
2024,다나178730,to_in_001,5
2024,다나178730,to_in_007,5
2024,다나178730,to_in_008,0
2024,다나178731,to_in_001,8
2024,다나178731,to_in_007,8
2024,다나178731,to_in_008,5
2024,다나178734,to_in_001,5
2024,다나178734,to_in_007,0
2024,다나178734,to_in_008,0
2024,다나178735,to_in_001,5
2024,다나178735,to_in_007,0
2024,다나178735,to_in_008,0
2024,다나178737,to_in_001,8
2024,다나178737,to_in_007,8
2024,다나178737,to_in_008,5
2024,다나178738,to_in_001,8
2024,다나178738,to_in_007,5
2024,다나178738,to_in_008,8
2024,다나178739,to_in_001,8
2024,다나178739,to_in_007,5
2024,다나178739,to_in_008,5
2024,다나178740,to_in_001,8
2024,다나178740,to_in_007,5
2024,다나178740,to_in_008,5
2024,다나178741,to_in_001,5
2024,다나178741,to_in_007,0
2024,다나178741,to_in_008,5
2024,다나178742,to_in_001,18
2024,다나178742,to_in_007,8
2024,다나178742,to_in_008,8
2024,다나178743,to_in_001,64
2024,다나178743,to_in_007,33
2024,다나178743,to_in_008,29
2024,다나178744,to_in_001,23
2024,다나178744,to_in_007,8
2024,다나178744,to_in_008,13
2024,다나178745,to_in_001,53
2024,다나178745,to_in_007,28
2024,다나178745,to_in_008,23
2024,다나178746,to_in_001,40
2024,다나178746,to_in_007,25
2024,다나178746,to_in_008,18
2024,다나178747,to_in_001,33
2024,다나178747,to_in_007,13
2024,다나178747,to_in_008,18
2024,다나178748,to_in_001,43
2024,다나178748,to_in_007,23
2024,다나178748,to_in_008,23
2024,다나178749,to_in_001,64
2024,다나178749,to_in_007,33
2024,다나178749,to_in_008,29
2024,다나178750,to_in_001,43
2024,다나178750,to_in_007,23
2024,다나178750,to_in_008,18
2024,다나178751,to_in_001,18
2024,다나178751,to_in_007,8
2024,다나178751,to_in_008,8
2024,다나178752,to_in_001,23
2024,다나178752,to_in_007,8
2024,다나178752,to_in_008,13
2024,다나184756,to_in_001,18
2024,다나184756,to_in_007,8
2024,다나184756,to_in_008,8
2024,다나184757,to_in_001,18
2024,다나184757,to_in_007,8
2024,다나184757,to_in_008,13
2024,다나184758,to_in_001,8
2024,다나184758,to_in_007,5
2024,다나167992,to_in_001,5
2024,다나167992,to_in_007,0
2024,다나167992,to_in_008,5
2024,다나167993,to_in_001,8
2024,다나167993,to_in_007,5
2024,다나167993,to_in_008,5
2024,다나167995,to_in_001,18
2024,다나167995,to_in_007,8
2024,다나167995,to_in_008,8
2024,다나167996,to_in_001,8
2024,다나167996,to_in_007,8
2024,다나167996,to_in_008,0
2024,다나167998,to_in_001,5
2024,다나167998,to_in_007,5
2024,다나167998,to_in_008,5
2024,다나168723,to_in_001,13
2024,다나168723,to_in_007,8
2024,다나168723,to_in_008,8
2024,다나168724,to_in_001,18
2024,다나168724,to_in_007,13
2024,다나168724,to_in_008,8
2024,다나168725,to_in_001,8
2024,다나168725,to_in_007,5
2024,다나168725,to_in_008,5
2024,다나168726,to_in_001,5
2024,다나168726,to_in_007,0
2024,다나168726,to_in_008,5
2024,다나168727,to_in_001,5
2024,다나168727,to_in_007,0
2024,다나168727,to_in_008,5
2024,다나168728,to_in_001,8
2024,다나168728,to_in_007,5
2024,다나168728,to_in_008,5
2024,다나168729,to_in_001,8
2024,다나168729,to_in_007,5
2024,다나168729,to_in_008,5
2024,다나168737,to_in_001,5
2024,다나168737,to_in_007,0
2024,다나168737,to_in_008,0
2024,다나168746,to_in_001,8
2024,다나168746,to_in_007,5
2024,다나168746,to_in_008,5
2024,다나168749,to_in_001,8
2024,다나168749,to_in_007,8
2024,다나168749,to_in_008,5
2024,다나168751,to_in_001,5
2024,다나168751,to_in_007,5
2024,다나168751,to_in_008,0
2024,다나168753,to_in_001,5
2024,다나168753,to_in_007,5
2024,다나168753,to_in_008,0
2024,다나168762,to_in_001,5
2024,다나168762,to_in_007,5
2024,다나168762,to_in_008,5
2024,다나168763,to_in_001,8
2024,다나168763,to_in_007,5
2024,다나168763,to_in_008,5
2024,다나168766,to_in_001,5
2024,다나168766,to_in_007,0
2024,다나168766,to_in_008,5
2024,다나168767,to_in_001,8
2024,다나168767,to_in_007,5
2024,다나168767,to_in_008,8
2024,다나168768,to_in_001,5
2024,다나168768,to_in_007,0
2024,다나168768,to_in_008,5
2024,다나171985,to_in_001,5
2024,다나171985,to_in_007,0
2024,다나171985,to_in_008,0
2024,다나171990,to_in_001,0
2024,다나171990,to_in_007,0
2024,다나171990,to_in_008,0
2024,다나171994,to_in_001,8
2024,다나171994,to_in_007,5
2024,다나171994,to_in_008,5
2024,다나172725,to_in_001,5
2024,다나172725,to_in_007,5
2024,다나172725,to_in_008,5
2024,다나172726,to_in_001,0
2024,다나172726,to_in_007,0
2024,다나172726,to_in_008,0
2024,다나172727,to_in_001,5
2024,다나172727,to_in_007,5
2024,다나172727,to_in_008,5
2024,다나172728,to_in_001,5
2024,다나172728,to_in_007,5
2024,다나172728,to_in_008,0
2024,다나172731,to_in_001,5
2024,다나172731,to_in_007,5
2024,다나172731,to_in_008,0
2024,다나172746,to_in_001,13
2024,다나172746,to_in_007,8
2024,다나172746,to_in_008,5
2024,다나172747,to_in_001,5
2024,다나172747,to_in_007,5
2024,다나172747,to_in_008,5
2024,다나172748,to_in_001,18
2024,다나172748,to_in_007,8
2024,다나172748,to_in_008,8
2024,다나172749,to_in_001,28
2024,다나172749,to_in_007,8
2024,다나172749,to_in_008,18
2024,다나172750,to_in_001,92
2024,다나172750,to_in_007,45
2024,다나172750,to_in_008,50
2024,다나172751,to_in_001,178
2024,다나172751,to_in_007,85
2024,다나172751,to_in_008,96
2024,다나172752,to_in_001,13
2024,다나172752,to_in_007,5
2024,다나172752,to_in_008,8
2024,다나172753,to_in_001,13
2024,다나172753,to_in_007,5
2024,다나172753,to_in_008,8
2024,다나172754,to_in_001,8
2024,다나172754,to_in_007,5
2024,다나172754,to_in_008,8
2024,다나172755,to_in_001,18
2024,다나172755,to_in_007,8
2024,다나172755,to_in_008,8
2024,다나172756,to_in_001,13
2024,다나172756,to_in_007,5
2024,다나172756,to_in_008,8
2024,다나172757,to_in_001,5
2024,다나172757,to_in_007,5
2024,다나172757,to_in_008,0
2024,다나172758,to_in_001,5
2024,다나172758,to_in_007,5
2024,다나172758,to_in_008,5
2024,다나172759,to_in_001,5
2024,다나172759,to_in_007,5
2024,다나172759,to_in_008,0
2024,다나172761,to_in_001,8
2024,다나172761,to_in_007,5
2024,다나172761,to_in_008,8
2024,다나172766,to_in_001,0
2024,다나172766,to_in_007,0
2024,다나172766,to_in_008,0
2024,다나172767,to_in_001,8
2024,다나172767,to_in_007,8
2024,다나172767,to_in_008,5
2024,다나172768,to_in_001,8
2024,다나172768,to_in_007,5
2024,다나172768,to_in_008,5
2024,다나172769,to_in_001,18
2024,다나172769,to_in_007,8
2024,다나172769,to_in_008,8
2024,다나172771,to_in_001,8
2024,다나172771,to_in_007,5
2024,다나172771,to_in_008,5
2024,다나172790,to_in_001,0
2024,다나172790,to_in_007,0
2024,다나172790,to_in_008,0
2024,다나176748,to_in_001,18
2024,다나176748,to_in_007,8
2024,다나176748,to_in_008,8
2024,다나176749,to_in_001,18
2024,다나176749,to_in_007,8
2024,다나176749,to_in_008,8
2024,다나176750,to_in_001,33
2024,다나176750,to_in_007,23
2024,다나176750,to_in_008,13
2024,다나176751,to_in_001,53
2024,다나176751,to_in_007,23
2024,다나176751,to_in_008,28
2024,다나176752,to_in_001,23
2024,다나176752,to_in_007,18
2024,다나176752,to_in_008,5
2024,다나176753,to_in_001,13
2024,다나176753,to_in_007,8
2024,다나176753,to_in_008,8
2024,다나176754,to_in_001,5
2024,다나176754,to_in_007,0
2024,다나176754,to_in_008,5
2024,다나176755,to_in_001,8
2024,다나176755,to_in_007,5
2024,다나176755,to_in_008,8
2024,다나176756,to_in_001,8
2024,다나176756,to_in_007,5
2024,다나176756,to_in_008,5
2024,다나176762,to_in_001,5
2024,다나176762,to_in_007,0
2024,다나176762,to_in_008,5
2024,다나176767,to_in_001,0
2024,다나176767,to_in_007,0
2024,다나176767,to_in_008,0
2024,다나176772,to_in_001,5
2024,다나176772,to_in_007,5
2024,다나176772,to_in_008,5
2024,다나176790,to_in_001,18
2024,다나176790,to_in_007,13
2024,다나176790,to_in_008,8
2024,다나176791,to_in_001,23
2024,다나176791,to_in_007,8
2024,다나176791,to_in_008,13
2024,다나176792,to_in_001,5
2024,다나176792,to_in_007,0
2024,다나176792,to_in_008,5
2024,다나176794,to_in_001,5
2024,다나176794,to_in_007,5
2024,다나176794,to_in_008,0
2024,다나176795,to_in_001,5
2024,다나176795,to_in_007,0
2024,다나176795,to_in_008,5
2024,다나176973,to_in_001,5
2024,다나176973,to_in_007,0
2024,다나176973,to_in_008,5
2024,다나176980,to_in_001,5
2024,다나176980,to_in_007,5
2024,다나176980,to_in_008,0
2024,다나176998,to_in_001,5
2024,다나176998,to_in_007,5
2024,다나176998,to_in_008,0
2024,다나177727,to_in_001,5
2024,다나177727,to_in_007,5
2024,다나177727,to_in_008,0
2024,다나177738,to_in_001,5
2024,다나177738,to_in_007,0
2024,다나177738,to_in_008,0
2024,다나177739,to_in_001,8
2024,다나177739,to_in_007,5
2024,다나177739,to_in_008,5
2024,다나177740,to_in_001,8
2024,다나177740,to_in_007,5
2024,다나177740,to_in_008,5
2024,다나177742,to_in_001,13
2024,다나177742,to_in_007,8
2024,다나177742,to_in_008,8
2024,다나177743,to_in_001,18
2024,다나177743,to_in_007,8
2024,다나177743,to_in_008,8
2024,다나177744,to_in_001,93
2024,다나177744,to_in_007,48
2024,다나177744,to_in_008,48
2024,다나177745,to_in_001,38
2024,다나177745,to_in_007,23
2024,다나177745,to_in_008,13
2024,다나177746,to_in_001,43
2024,다나177746,to_in_007,23
2024,다나177746,to_in_008,18
2024,다나177747,to_in_001,43
2024,다나177747,to_in_007,23
2024,다나177747,to_in_008,23
2024,다나182782,to_in_001,8
2024,다나182782,to_in_007,5
2024,다나182782,to_in_008,8
2024,다나182785,to_in_001,5
2024,다나182785,to_in_007,0
2024,다나182785,to_in_008,0
2024,다나182786,to_in_001,5
2024,다나182786,to_in_007,0
2024,다나182786,to_in_008,5
2024,다나183744,to_in_001,13
2024,다나183744,to_in_007,5
2024,다나183744,to_in_008,8
2024,다나183745,to_in_001,23
2024,다나183745,to_in_007,13
2024,다나183745,to_in_008,13
2024,다나183746,to_in_001,23
2024,다나183746,to_in_007,13
2024,다나183746,to_in_008,8
2024,다나183747,to_in_001,13
2024,다나183747,to_in_007,8
2024,다나183747,to_in_008,8
2024,다나183748,to_in_001,38
2024,다나183748,to_in_007,18
2024,다나183748,to_in_008,23
2024,다나183749,to_in_001,43
2024,다나183749,to_in_007,23
2024,다나183749,to_in_008,18
2024,다나183750,to_in_001,8
2024,다나183750,to_in_007,5
2024,다나183750,to_in_008,5
2024,다나183751,to_in_001,8
2024,다나183751,to_in_007,5
2024,다나183751,to_in_008,5
2024,다나183752,to_in_001,5
2024,다나183752,to_in_007,0
2024,다나183752,to_in_008,0
2024,다나183753,to_in_001,5
2024,다나183753,to_in_007,0
2024,다나183753,to_in_008,5
2024,다나183754,to_in_001,8
2024,다나183754,to_in_007,0
2024,다나183754,to_in_008,5
2024,다나183757,to_in_001,0
2024,다나183757,to_in_007,0
2024,다나183757,to_in_008,0
2024,다나183758,to_in_001,18
2024,다나183758,to_in_007,13
2024,다나183758,to_in_008,8
2024,다나183759,to_in_001,8
2024,다나183759,to_in_007,5
2024,다나169734,to_in_001,5
2024,다나169734,to_in_007,5
2024,다나169734,to_in_008,0
2024,다나169738,to_in_001,5
2024,다나169738,to_in_007,0
2024,다나169738,to_in_008,0
2024,다나169747,to_in_001,5
2024,다나169747,to_in_007,5
2024,다나169747,to_in_008,0
2024,다나169749,to_in_001,8
2024,다나169749,to_in_007,5
2024,다나169749,to_in_008,5
2024,다나169750,to_in_001,8
2024,다나169750,to_in_007,8
2024,다나169750,to_in_008,0
2024,다나169751,to_in_001,8
2024,다나169751,to_in_007,5
2024,다나169751,to_in_008,5
2024,다나169752,to_in_001,8
2024,다나169752,to_in_007,8
2024,다나169752,to_in_008,0
2024,다나169753,to_in_001,5
2024,다나169753,to_in_007,5
2024,다나169753,to_in_008,5
2024,다나169765,to_in_001,5
2024,다나169765,to_in_007,0
2024,다나169765,to_in_008,5
2024,다나169767,to_in_001,5
2024,다나169767,to_in_007,5
2024,다나169767,to_in_008,0
2024,다나169768,to_in_001,8
2024,다나169768,to_in_007,8
2024,다나169768,to_in_008,5
2024,다나169769,to_in_001,8
2024,다나169769,to_in_007,5
2024,다나169769,to_in_008,5
2024,다나169773,to_in_001,0
2024,다나169773,to_in_007,0
2024,다나169773,to_in_008,0
2024,다나169780,to_in_001,8
2024,다나169780,to_in_007,5
2024,다나169780,to_in_008,5
2024,다나169781,to_in_001,5
2024,다나169781,to_in_007,0
2024,다나169781,to_in_008,0
2024,다나169783,to_in_001,13
2024,다나169783,to_in_007,5
2024,다나169783,to_in_008,8
2024,다나169785,to_in_001,5
2024,다나169785,to_in_007,5
2024,다나169785,to_in_008,5
2024,다나169786,to_in_001,5
2024,다나169786,to_in_007,0
2024,다나169786,to_in_008,0
2024,다나169788,to_in_001,5
2024,다나169788,to_in_007,5
2024,다나169788,to_in_008,5
2024,다나169791,to_in_001,5
2024,다나169791,to_in_007,5
2024,다나169791,to_in_008,5
2024,다나169792,to_in_001,8
2024,다나169792,to_in_007,5
2024,다나169792,to_in_008,5
2024,다나169948,to_in_001,8
2024,다나169948,to_in_007,8
2024,다나169948,to_in_008,0
2024,다나169971,to_in_001,0
2024,다나169971,to_in_007,0
2024,다나169971,to_in_008,0
2024,다나172791,to_in_001,5
2024,다나172791,to_in_007,0
2024,다나172791,to_in_008,5
2024,다나172792,to_in_001,5
2024,다나172792,to_in_007,5
2024,다나172792,to_in_008,0
2024,다나172796,to_in_001,5
2024,다나172796,to_in_007,5
2024,다나172796,to_in_008,5
2024,다나172971,to_in_001,8
2024,다나172971,to_in_007,5
2024,다나172971,to_in_008,8
2024,다나172972,to_in_001,23
2024,다나172972,to_in_007,8
2024,다나172972,to_in_008,13
2024,다나172977,to_in_001,8
2024,다나172977,to_in_007,5
2024,다나172977,to_in_008,8
2024,다나172983,to_in_001,5
2024,다나172983,to_in_007,0
2024,다나172983,to_in_008,0
2024,다나172994,to_in_001,0
2024,다나172994,to_in_007,0
2024,다나172994,to_in_008,0
2024,다나173726,to_in_001,5
2024,다나173726,to_in_007,5
2024,다나173726,to_in_008,0
2024,다나173727,to_in_001,5
2024,다나173727,to_in_007,5
2024,다나173727,to_in_008,5
2024,다나173745,to_in_001,0
2024,다나173745,to_in_007,0
2024,다나173745,to_in_008,0
2024,다나173746,to_in_001,0
2024,다나173746,to_in_007,0
2024,다나173746,to_in_008,0
2024,다나173747,to_in_001,13
2024,다나173747,to_in_007,8
2024,다나173747,to_in_008,8
2024,다나173748,to_in_001,33
2024,다나173748,to_in_007,18
2024,다나173748,to_in_008,13
2024,다나173749,to_in_001,18
2024,다나173749,to_in_007,8
2024,다나173749,to_in_008,8
2024,다나173750,to_in_001,49
2024,다나173750,to_in_007,24
2024,다나173750,to_in_008,23
2024,다나173751,to_in_001,97
2024,다나173751,to_in_007,43
2024,다나173751,to_in_008,52
2024,다나173752,to_in_001,18
2024,다나173752,to_in_007,8
2024,다나173752,to_in_008,8
2024,다나173753,to_in_001,8
2024,다나173753,to_in_007,5
2024,다나173753,to_in_008,8
2024,다나173754,to_in_001,23
2024,다나173754,to_in_007,13
2024,다나173754,to_in_008,13
2024,다나173755,to_in_001,13
2024,다나173755,to_in_007,8
2024,다나173755,to_in_008,8
2024,다나173756,to_in_001,18
2024,다나173756,to_in_007,8
2024,다나173756,to_in_008,8
2024,다나173757,to_in_001,8
2024,다나173757,to_in_007,8
2024,다나173757,to_in_008,5
2024,다나173758,to_in_001,5
2024,다나173758,to_in_007,0
2024,다나173758,to_in_008,5
2024,다나173759,to_in_001,5
2024,다나173759,to_in_007,0
2024,다나173759,to_in_008,5
2024,다나173761,to_in_001,5
2024,다나173761,to_in_007,0
2024,다나173761,to_in_008,5
2024,다나173762,to_in_001,5
2024,다나173762,to_in_007,0
2024,다나173762,to_in_008,0
2024,다나173767,to_in_001,8
2024,다나173767,to_in_007,8
2024,다나173767,to_in_008,5
2024,다나178753,to_in_001,33
2024,다나178753,to_in_007,18
2024,다나178753,to_in_008,13
2024,다나178754,to_in_001,70
2024,다나178754,to_in_007,35
2024,다나178754,to_in_008,33
2024,다나178755,to_in_001,8
2024,다나178755,to_in_007,8
2024,다나178755,to_in_008,0
2024,다나178761,to_in_001,8
2024,다나178761,to_in_007,5
2024,다나178761,to_in_008,5
2024,다나178766,to_in_001,5
2024,다나178766,to_in_007,0
2024,다나178766,to_in_008,0
2024,다나178791,to_in_001,0
2024,다나178791,to_in_007,0
2024,다나178791,to_in_008,0
2024,다나178798,to_in_001,0
2024,다나178798,to_in_007,0
2024,다나178798,to_in_008,0
2024,다나178974,to_in_001,8
2024,다나178974,to_in_007,5
2024,다나178974,to_in_008,5
2024,다나178996,to_in_001,0
2024,다나178996,to_in_007,0
2024,다나178996,to_in_008,0
2024,다나179734,to_in_001,8
2024,다나179734,to_in_007,5
2024,다나179734,to_in_008,8
2024,다나179735,to_in_001,5
2024,다나179735,to_in_007,0
2024,다나179735,to_in_008,5
2024,다나179736,to_in_001,13
2024,다나179736,to_in_007,8
2024,다나179736,to_in_008,8
2024,다나179737,to_in_001,5
2024,다나179737,to_in_007,5
2024,다나179737,to_in_008,0
2024,다나179738,to_in_001,5
2024,다나179738,to_in_007,5
2024,다나179738,to_in_008,5
2024,다나179739,to_in_001,5
2024,다나179739,to_in_007,0
2024,다나179739,to_in_008,5
2024,다나179740,to_in_001,5
2024,다나179740,to_in_007,5
2024,다나179740,to_in_008,5
2024,다나179741,to_in_001,5
2024,다나179741,to_in_007,0
2024,다나179741,to_in_008,0
2024,다나179742,to_in_001,13
2024,다나179742,to_in_007,8
2024,다나179742,to_in_008,8
2024,다나179743,to_in_001,28
2024,다나179743,to_in_007,13
2024,다나179743,to_in_008,13
2024,다나179744,to_in_001,18
2024,다나179744,to_in_007,8
2024,다나179744,to_in_008,8
2024,다나179745,to_in_001,43
2024,다나179745,to_in_007,18
2024,다나179745,to_in_008,23
2024,다나179746,to_in_001,48
2024,다나179746,to_in_007,23
2024,다나179746,to_in_008,28
2024,다나179747,to_in_001,23
2024,다나179747,to_in_007,8
2024,다나179747,to_in_008,18
2024,다나179748,to_in_001,43
2024,다나179748,to_in_007,18
2024,다나179748,to_in_008,28
2024,다나179749,to_in_001,48
2024,다나179749,to_in_007,28
2024,다나179749,to_in_008,18
2024,다나179750,to_in_001,33
2024,다나179750,to_in_007,13
2024,다나179750,to_in_008,18
2024,다나179751,to_in_001,13
2024,다나179751,to_in_007,8
2024,다나179751,to_in_008,8
2024,다나179752,to_in_001,33
2024,다나179752,to_in_007,18
2024,다나179752,to_in_008,18
2024,다나179753,to_in_001,13
2024,다나179753,to_in_007,8
2024,다나179753,to_in_008,8
2024,다나179754,to_in_001,5
2024,다나179754,to_in_007,5
2024,다나179754,to_in_008,0
2024,다나179763,to_in_001,8
2024,다나179763,to_in_007,5
2024,다나179763,to_in_008,5
2024,다나179770,to_in_001,0
2024,다나179770,to_in_007,0
2024,다나179770,to_in_008,0
2024,다나179783,to_in_001,0
2024,다나179783,to_in_007,0
2024,다나179783,to_in_008,0
2024,다나179785,to_in_001,0
2024,다나179785,to_in_007,0
2024,다나179785,to_in_008,0
2024,다나185784,to_in_001,5
2024,다나185784,to_in_007,5
2024,다나185784,to_in_008,5
2024,다나185785,to_in_001,5
2024,다나185785,to_in_007,0
2024,다나185785,to_in_008,0
2024,다나185787,to_in_001,5
2024,다나185787,to_in_007,0
2024,다나185787,to_in_008,0
2024,다나185788,to_in_001,5
2024,다나185788,to_in_007,5
2024,다나185788,to_in_008,0
2024,다나185991,to_in_001,5
2024,다나185991,to_in_007,0
2024,다나185991,to_in_008,0
2024,다나186751,to_in_001,5
2024,다나186751,to_in_007,5
2024,다나186751,to_in_008,0
2024,다나186754,to_in_001,8
2024,다나186754,to_in_007,8
2024,다나186754,to_in_008,8
2024,다나186755,to_in_001,13
2024,다나186755,to_in_007,8
2024,다나186755,to_in_008,5
2024,다나186756,to_in_001,8
2024,다나186756,to_in_007,8
2024,다나186756,to_in_008,5
2024,다나186757,to_in_001,13
2024,다나186757,to_in_007,8
2024,다나186757,to_in_008,8
2024,다나186758,to_in_001,5
2024,다나186758,to_in_007,5
2024,다나186758,to_in_008,0
2024,다나186773,to_in_001,13
2024,다나186773,to_in_007,8
2024,다나186773,to_in_008,5
2024,다나186774,to_in_001,8
2024,다나186774,to_in_007,5
2024,다나182747,to_in_008,13
2024,다나182748,to_in_001,33
2024,다나182748,to_in_007,18
2024,다나182748,to_in_008,13
2024,다나182749,to_in_001,23
2024,다나182749,to_in_007,13
2024,다나182749,to_in_008,8
2024,다나182750,to_in_001,18
2024,다나182750,to_in_007,8
2024,다나182750,to_in_008,8
2024,다나182752,to_in_001,13
2024,다나182752,to_in_007,8
2024,다나182752,to_in_008,8
2024,다나182753,to_in_001,8
2024,다나182753,to_in_007,8
2024,다나182753,to_in_008,5
2024,다나182762,to_in_001,5
2024,다나182762,to_in_007,0
2024,다나182762,to_in_008,5
2024,다나182765,to_in_001,5
2024,다나182765,to_in_007,0
2024,다나182765,to_in_008,5
2024,다나182767,to_in_001,8
2024,다나182767,to_in_007,5
2024,다나182767,to_in_008,5
2024,다나182768,to_in_001,5
2024,다나182768,to_in_007,5
2024,다나182768,to_in_008,0
2024,다나182769,to_in_001,5
2024,다나182769,to_in_007,0
2024,다나182769,to_in_008,5
2024,다나182781,to_in_001,8
2024,다나182781,to_in_007,5
2024,다나182781,to_in_008,5
2024,다나202989,to_in_001,5
2024,다나202989,to_in_007,0
2024,다나202989,to_in_008,0
2024,다나202992,to_in_001,5
2024,다나202992,to_in_007,5
2024,다나202992,to_in_008,0
2024,다나203755,to_in_001,8
2024,다나203755,to_in_007,5
2024,다나203755,to_in_008,8
2024,다나203756,to_in_001,5
2024,다나203756,to_in_007,5
2024,다나203756,to_in_008,5
2024,다나203767,to_in_001,5
2024,다나203767,to_in_007,0
2024,다나203767,to_in_008,0
2024,다나203774,to_in_001,0
2024,다나203774,to_in_007,0
2024,다나203774,to_in_008,0
2024,다나203937,to_in_001,5
2024,다나203937,to_in_007,5
2024,다나203937,to_in_008,0
2024,다나203990,to_in_001,5
2024,다나203990,to_in_007,0
2024,다나203990,to_in_008,0
2024,다나204755,to_in_001,0
2024,다나204755,to_in_007,0
2024,다나204755,to_in_008,0
2024,다나204756,to_in_001,5
2024,다나204756,to_in_007,0
2024,다나204756,to_in_008,0
2024,다나204759,to_in_001,8
2024,다나204759,to_in_007,8
2024,다나204759,to_in_008,5
2024,다나204761,to_in_001,8
2024,다나204761,to_in_007,5
2024,다나204761,to_in_008,8
2024,다나204763,to_in_001,5
2024,다나204763,to_in_007,5
2024,다나204763,to_in_008,0
2024,다나204766,to_in_001,5
2024,다나204766,to_in_007,0
2024,다나204766,to_in_008,0
2024,다나204982,to_in_001,0
2024,다나204982,to_in_007,0
2024,다나204982,to_in_008,0
2024,다나204983,to_in_001,8
2024,다나204983,to_in_007,5
2024,다나204983,to_in_008,8
2024,다나204984,to_in_001,8
2024,다나204984,to_in_007,5
2024,다나204984,to_in_008,5
2024,다나204988,to_in_001,5
2024,다나204988,to_in_007,5
2024,다나204988,to_in_008,0
2024,다나204992,to_in_001,5
2024,다나204992,to_in_007,0
2024,다나204992,to_in_008,0
2024,다나204998,to_in_001,5
2024,다나204998,to_in_007,5
2024,다나204998,to_in_008,0
2024,다나205755,to_in_001,8
2024,다나205755,to_in_007,5
2024,다나205755,to_in_008,5
2024,다나205756,to_in_001,0
2024,다나205756,to_in_007,0
2024,다나205756,to_in_008,0
2024,다나205757,to_in_001,8
2024,다나205757,to_in_007,5
2024,다나205757,to_in_008,5
2024,다나205760,to_in_001,0
2024,다나205760,to_in_007,0
2024,다나205760,to_in_008,0
2024,다나205767,to_in_001,8
2024,다나205767,to_in_007,5
2024,다나205767,to_in_008,8
2024,다나205768,to_in_001,5
2024,다나205768,to_in_007,5
2024,다나205768,to_in_008,5
2024,다나205777,to_in_001,5
2024,다나205777,to_in_007,0
2024,다나205777,to_in_008,5
2024,다나205980,to_in_001,5
2024,다나205980,to_in_007,5
2024,다나205980,to_in_008,0
2024,다나205982,to_in_001,13
2024,다나205982,to_in_007,8
2024,다나205982,to_in_008,8
2024,다나205983,to_in_001,18
2024,다나205983,to_in_007,8
2024,다나205983,to_in_008,8
2024,다나205999,to_in_001,5
2024,다나205999,to_in_007,0
2024,다나205999,to_in_008,0
2024,다나206756,to_in_001,5
2024,다나206756,to_in_007,5
2024,다나206756,to_in_008,5
2024,다나206758,to_in_001,5
2024,다나206758,to_in_007,0
2024,다나206758,to_in_008,5
2024,다나206759,to_in_001,5
2024,다나206759,to_in_007,5
2024,다나206759,to_in_008,5
2024,다나206760,to_in_001,18
2024,다나206760,to_in_007,8
2024,다나206760,to_in_008,8
2024,다나212757,to_in_001,18
2024,다나212757,to_in_007,13
2024,다나212757,to_in_008,8
2024,다나212758,to_in_001,23
2024,다나212758,to_in_007,13
2024,다나212758,to_in_008,8
2024,다나212759,to_in_001,33
2024,다나212759,to_in_007,13
2024,다나212759,to_in_008,18
2024,다나212760,to_in_001,106
2024,다나212760,to_in_007,45
2024,다나212760,to_in_008,59
2024,다나180742,to_in_008,8
2024,다나180743,to_in_001,13
2024,다나180743,to_in_007,8
2024,다나180743,to_in_008,5
2024,다나180744,to_in_001,13
2024,다나180744,to_in_007,8
2024,다나180744,to_in_008,8
2024,다나180745,to_in_001,33
2024,다나180745,to_in_007,18
2024,다나180745,to_in_008,18
2024,다나180746,to_in_001,44
2024,다나180746,to_in_007,19
2024,다나180746,to_in_008,23
2024,다나180747,to_in_001,110
2024,다나180747,to_in_007,53
2024,다나180747,to_in_008,55
2024,다나180748,to_in_001,79
2024,다나180748,to_in_007,38
2024,다나180748,to_in_008,44
2024,다나180749,to_in_001,74
2024,다나180749,to_in_007,33
2024,다나180749,to_in_008,39
2024,다나180750,to_in_001,48
2024,다나180750,to_in_007,23
2024,다나180750,to_in_008,28
2024,다나180751,to_in_001,13
2024,다나180751,to_in_007,8
2024,다나180751,to_in_008,5
2024,다나180752,to_in_001,8
2024,다나180752,to_in_007,5
2024,다나180752,to_in_008,8
2024,다나180753,to_in_001,13
2024,다나180753,to_in_007,8
2024,다나180753,to_in_008,8
2024,다나180754,to_in_001,5
2024,다나180754,to_in_007,0
2024,다나180754,to_in_008,5
2024,다나180763,to_in_001,5
2024,다나180763,to_in_007,5
2024,다나180763,to_in_008,0
2024,다나180774,to_in_001,5
2024,다나180774,to_in_007,5
2024,다나180774,to_in_008,0
2024,다나180778,to_in_001,5
2024,다나180778,to_in_007,5
2024,다나180778,to_in_008,0
2024,다나180783,to_in_001,5
2024,다나180783,to_in_007,0
2024,다나180783,to_in_008,0
2024,다나180974,to_in_001,8
2024,다나180974,to_in_007,5
2024,다나180974,to_in_008,5
2024,다나180975,to_in_001,5
2024,다나180975,to_in_007,0
2024,다나180975,to_in_008,0
2024,다나180999,to_in_001,5
2024,다나180999,to_in_007,0
2024,다나180999,to_in_008,5
2024,다나181735,to_in_001,5
2024,다나181735,to_in_007,5
2024,다나181735,to_in_008,0
2024,다나187775,to_in_001,5
2024,다나187775,to_in_007,5
2024,다나187775,to_in_008,5
2024,다나187776,to_in_001,8
2024,다나187776,to_in_007,5
2024,다나187776,to_in_008,8
2024,다나187777,to_in_001,13
2024,다나187777,to_in_007,8
2024,다나187777,to_in_008,8
2024,다나187778,to_in_001,18
2024,다나187778,to_in_007,8
2024,다나187778,to_in_008,8
2024,다나187779,to_in_001,28
2024,다나187779,to_in_007,8
2024,다나187779,to_in_008,18
2024,다나187780,to_in_001,13
2024,다나187780,to_in_007,5
2024,다나187780,to_in_008,8
2024,다나187781,to_in_001,5
2024,다나187781,to_in_007,5
2024,다나187781,to_in_008,0
2024,다나187782,to_in_001,13
2024,다나187782,to_in_007,8
2024,다나187782,to_in_008,5
2024,다나187783,to_in_001,8
2024,다나187783,to_in_007,8
2024,다나187783,to_in_008,5
2024,다나187789,to_in_001,5
2024,다나187789,to_in_007,5
2024,다나187789,to_in_008,0
2024,다나187792,to_in_001,8
2024,다나187792,to_in_007,8
2024,다나187792,to_in_008,8
2024,다나188749,to_in_001,0
2024,다나188749,to_in_007,0
2024,다나188749,to_in_008,0
2024,다나188751,to_in_001,8
2024,다나188751,to_in_007,5
2024,다나188751,to_in_008,5
2024,다나188752,to_in_001,23
2024,다나188752,to_in_007,13
2024,다나188752,to_in_008,8
2024,다나188753,to_in_001,18
2024,다나188753,to_in_007,13
2024,다나188753,to_in_008,8
2024,다나188754,to_in_001,8
2024,다나188754,to_in_007,5
2024,다나188754,to_in_008,5
2024,다나188757,to_in_001,8
2024,다나188757,to_in_007,5
2024,다나188757,to_in_008,8
2024,다나188768,to_in_001,5
2024,다나188768,to_in_007,0
2024,다나188768,to_in_008,0
2024,다나188769,to_in_001,8
2024,다나188769,to_in_007,5
2024,다나188769,to_in_008,5
2024,다나188770,to_in_001,13
2024,다나188770,to_in_007,8
2024,다나188770,to_in_008,5
2024,다나188771,to_in_001,18
2024,다나188771,to_in_007,13
2024,다나188771,to_in_008,8
2024,다나188772,to_in_001,13
2024,다나188772,to_in_007,8
2024,다나188772,to_in_008,5
2024,다나188774,to_in_001,13
2024,다나188774,to_in_007,8
2024,다나188774,to_in_008,5
2024,다나188775,to_in_001,8
2024,다나188775,to_in_007,5
2024,다나188775,to_in_008,8
2024,다나188776,to_in_001,5
2024,다나188776,to_in_007,0
2024,다나188776,to_in_008,5
2024,다나188778,to_in_001,13
2024,다나188778,to_in_007,8
2024,다나188778,to_in_008,8
2024,다나188779,to_in_001,13
2024,다나188779,to_in_007,8
2024,다나188779,to_in_008,5
2024,다나188780,to_in_001,13
2024,다나188780,to_in_007,5
2024,다나188780,to_in_008,8
2024,다나188781,to_in_001,5
2024,다나188781,to_in_007,0
2024,다나188781,to_in_008,5
2024,다나188782,to_in_001,8
2024,다나188782,to_in_007,5
2024,다나188782,to_in_008,5
2024,다나191769,to_in_001,13
2024,다나191769,to_in_007,5
2024,다나191769,to_in_008,8
2024,다나191770,to_in_001,18
2024,다나191770,to_in_007,8
2024,다나191770,to_in_008,8
2024,다나191771,to_in_001,63
2024,다나191771,to_in_007,33
2024,다나191771,to_in_008,28
2024,다나191772,to_in_001,88
2024,다나191772,to_in_007,44
2024,다나191772,to_in_008,47
2024,다나191775,to_in_001,5
2024,다나191775,to_in_007,5
2024,다나191775,to_in_008,5
2024,다나191776,to_in_001,5
2024,다나191776,to_in_007,5
2024,다나191776,to_in_008,0
2024,다나191777,to_in_001,5
2024,다나191777,to_in_007,5
2024,다나191777,to_in_008,0
2024,다나191778,to_in_001,18
2024,다나191778,to_in_007,8
2024,다나191778,to_in_008,8
2024,다나191780,to_in_001,8
2024,다나191780,to_in_007,8
2024,다나191780,to_in_008,8
2024,다나191782,to_in_001,5
2024,다나191782,to_in_007,0
2024,다나191782,to_in_008,5
2024,다나191783,to_in_001,0
2024,다나191783,to_in_007,0
2024,다나191783,to_in_008,0
2024,다나191784,to_in_001,8
2024,다나191784,to_in_007,5
2024,다나191784,to_in_008,5
2024,다나191785,to_in_001,0
2024,다나191785,to_in_007,0
2024,다나191785,to_in_008,0
2024,다나191787,to_in_001,5
2024,다나191787,to_in_007,5
2024,다나191787,to_in_008,0
2024,다나191795,to_in_001,8
2024,다나191795,to_in_007,8
2024,다나191795,to_in_008,5
2024,다나192750,to_in_001,5
2024,다나192750,to_in_007,5
2024,다나192750,to_in_008,0
2024,다나192752,to_in_001,5
2024,다나192752,to_in_007,5
2024,다나192752,to_in_008,5
2024,다나192769,to_in_001,18
2024,다나192769,to_in_007,13
2024,다나192769,to_in_008,8
2024,다나192770,to_in_001,8
2024,다나192770,to_in_007,5
2024,다나192770,to_in_008,5
2024,다나192771,to_in_001,5
2024,다나192771,to_in_007,0
2024,다나192771,to_in_008,0
2024,다나192772,to_in_001,13
2024,다나192772,to_in_007,8
2024,다나192772,to_in_008,8
2024,다나192774,to_in_001,5
2024,다나192774,to_in_007,5
2024,다나192774,to_in_008,0
2024,다나192779,to_in_001,0
2024,다나192779,to_in_007,0
2024,다나192779,to_in_008,0
2024,다나192780,to_in_001,5
2024,다나192780,to_in_007,5
2024,다나192780,to_in_008,0
2024,다나192786,to_in_001,0
2024,다나192786,to_in_007,0
2024,다나192786,to_in_008,0
2024,다나192787,to_in_001,0
2024,다나192787,to_in_007,0
2024,다나192787,to_in_008,0
2024,다나192979,to_in_001,8
2024,다나192979,to_in_007,5
2024,다나192979,to_in_008,5
2024,다나192984,to_in_001,5
2024,다나192984,to_in_007,0
2024,다나192984,to_in_008,0
2024,다나200817,to_in_001,5
2024,다나200817,to_in_007,5
2024,다나200817,to_in_008,5
2024,다나200938,to_in_001,0
2024,다나200938,to_in_007,0
2024,다나200938,to_in_008,0
2024,다나200939,to_in_001,5
2024,다나200939,to_in_007,5
2024,다나200939,to_in_008,0
2024,다나200977,to_in_001,13
2024,다나200977,to_in_007,8
2024,다나200977,to_in_008,5
2024,다나200978,to_in_001,18
2024,다나200978,to_in_007,13
2024,다나200978,to_in_008,8
2024,다나200985,to_in_001,41
2024,다나200985,to_in_007,5
2024,다나200985,to_in_008,36
2024,다나200996,to_in_001,5
2024,다나200996,to_in_007,0
2024,다나200996,to_in_008,0
2024,다나201753,to_in_001,38
2024,다나201753,to_in_007,18
2024,다나201753,to_in_008,18
2024,다나201754,to_in_001,23
2024,다나201754,to_in_007,13
2024,다나201754,to_in_008,13
2024,다나201755,to_in_001,8
2024,다나201755,to_in_007,8
2024,다나201755,to_in_008,5
2024,다나201760,to_in_001,5
2024,다나201760,to_in_007,5
2024,다나201760,to_in_008,5
2024,다나201775,to_in_001,5
2024,다나201775,to_in_007,0
2024,다나201775,to_in_008,0
2024,다나201781,to_in_001,5
2024,다나201781,to_in_007,0
2024,다나201781,to_in_008,5
2024,다나201791,to_in_001,5
2024,다나201791,to_in_007,5
2024,다나201791,to_in_008,0
2024,다나201814,to_in_001,5
2024,다나201814,to_in_007,5
2024,다나201814,to_in_008,0
2024,다나201823,to_in_001,5
2024,다나201823,to_in_007,0
2024,다나201823,to_in_008,5
2024,다나201977,to_in_001,5
2024,다나201977,to_in_007,0
2024,다나201977,to_in_008,0
2024,다나201978,to_in_001,38
2024,다나201978,to_in_007,18
2024,다나201978,to_in_008,18
2024,다나201985,to_in_001,5
2024,다나201985,to_in_007,5
2024,다나201985,to_in_008,0
2024,다나201991,to_in_001,5
2024,다나184758,to_in_008,8
2024,다나184759,to_in_001,18
2024,다나184759,to_in_007,8
2024,다나184759,to_in_008,8
2024,다나184760,to_in_001,13
2024,다나184760,to_in_007,5
2024,다나184760,to_in_008,8
2024,다나184772,to_in_001,0
2024,다나184772,to_in_007,0
2024,다나184772,to_in_008,0
2024,다나184777,to_in_001,5
2024,다나184777,to_in_007,5
2024,다나184777,to_in_008,0
2024,다나184779,to_in_001,8
2024,다나184779,to_in_007,8
2024,다나184779,to_in_008,5
2024,다나184780,to_in_001,5
2024,다나184780,to_in_007,0
2024,다나184780,to_in_008,5
2024,다나184781,to_in_001,8
2024,다나184781,to_in_007,5
2024,다나184781,to_in_008,5
2024,다나184783,to_in_001,8
2024,다나184783,to_in_007,5
2024,다나184783,to_in_008,5
2024,다나184787,to_in_001,0
2024,다나184787,to_in_007,0
2024,다나184787,to_in_008,0
2024,다나184793,to_in_001,5
2024,다나184793,to_in_007,0
2024,다나184793,to_in_008,5
2024,다나184993,to_in_001,0
2024,다나184993,to_in_007,0
2024,다나184993,to_in_008,0
2024,다나185744,to_in_001,5
2024,다나185744,to_in_007,5
2024,다나185744,to_in_008,0
2024,다나185750,to_in_001,78
2024,다나185750,to_in_007,42
2024,다나185750,to_in_008,39
2024,다나185751,to_in_001,5
2024,다나185751,to_in_007,5
2024,다나185751,to_in_008,5
2024,다나185752,to_in_001,5
2024,다나185752,to_in_007,5
2024,다나185752,to_in_008,5
2024,다나185755,to_in_001,5
2024,다나185755,to_in_007,0
2024,다나185755,to_in_008,0
2024,다나185756,to_in_001,23
2024,다나185756,to_in_007,8
2024,다나185756,to_in_008,13
2024,다나185757,to_in_001,23
2024,다나185757,to_in_007,13
2024,다나185757,to_in_008,13
2024,다나185759,to_in_001,5
2024,다나185759,to_in_007,5
2024,다나185759,to_in_008,0
2024,다나185760,to_in_001,8
2024,다나185760,to_in_007,8
2024,다나185760,to_in_008,8
2024,다나185761,to_in_001,5
2024,다나185761,to_in_007,0
2024,다나185761,to_in_008,0
2024,다나185764,to_in_001,0
2024,다나185764,to_in_007,0
2024,다나185764,to_in_008,0
2024,다나185776,to_in_001,5
2024,다나185776,to_in_007,5
2024,다나185776,to_in_008,5
2024,다나185777,to_in_001,8
2024,다나185777,to_in_007,8
2024,다나185777,to_in_008,5
2024,다나185779,to_in_001,5
2024,다나185779,to_in_007,0
2024,다나185779,to_in_008,5
2024,다나185780,to_in_001,8
2024,다나185780,to_in_007,5
2024,다나185780,to_in_008,8
2024,다나185781,to_in_001,5
2024,다나185781,to_in_007,5
2024,다나185781,to_in_008,5
2024,다나185783,to_in_001,5
2024,다나185783,to_in_007,0
2024,다나185783,to_in_008,5
2024,다나190754,to_in_001,5
2024,다나190754,to_in_007,5
2024,다나190754,to_in_008,5
2024,다나190755,to_in_001,23
2024,다나190755,to_in_007,8
2024,다나190755,to_in_008,13
2024,다나190756,to_in_001,28
2024,다나190756,to_in_007,13
2024,다나190756,to_in_008,13
2024,다나190757,to_in_001,5
2024,다나190757,to_in_007,5
2024,다나190757,to_in_008,5
2024,다나190769,to_in_001,8
2024,다나190769,to_in_007,5
2024,다나190769,to_in_008,5
2024,다나190770,to_in_001,8
2024,다나190770,to_in_007,5
2024,다나190770,to_in_008,5
2024,다나190771,to_in_001,5
2024,다나190771,to_in_007,5
2024,다나190771,to_in_008,5
2024,다나190772,to_in_001,8
2024,다나190772,to_in_007,8
2024,다나190772,to_in_008,5
2024,다나190773,to_in_001,8
2024,다나190773,to_in_007,5
2024,다나190773,to_in_008,5
2024,다나190775,to_in_001,8
2024,다나190775,to_in_007,5
2024,다나190775,to_in_008,5
2024,다나190777,to_in_001,13
2024,다나190777,to_in_007,8
2024,다나190777,to_in_008,5
2024,다나190778,to_in_001,38
2024,다나190778,to_in_007,18
2024,다나190778,to_in_008,18
2024,다나190782,to_in_001,0
2024,다나190782,to_in_007,0
2024,다나190782,to_in_008,0
2024,다나190783,to_in_001,8
2024,다나190783,to_in_007,5
2024,다나190783,to_in_008,8
2024,다나190787,to_in_001,8
2024,다나190787,to_in_007,5
2024,다나190787,to_in_008,5
2024,다나190805,to_in_001,5
2024,다나190805,to_in_007,5
2024,다나190805,to_in_008,5
2024,다나191743,to_in_001,5
2024,다나191743,to_in_007,5
2024,다나191743,to_in_008,5
2024,다나191749,to_in_001,5
2024,다나191749,to_in_007,5
2024,다나191749,to_in_008,0
2024,다나191751,to_in_001,8
2024,다나191751,to_in_007,8
2024,다나191751,to_in_008,8
2024,다나191752,to_in_001,8
2024,다나191752,to_in_007,5
2024,다나191752,to_in_008,5
2024,다나191753,to_in_001,5
2024,다나191753,to_in_007,5
2024,다나191753,to_in_008,0
2024,다나191754,to_in_001,5
2024,다나191754,to_in_007,5
2024,다나191754,to_in_008,5
2024,다나191755,to_in_001,13
2024,다나191755,to_in_007,8
2024,다나191755,to_in_008,5
2024,다나191756,to_in_001,13
2024,다나191756,to_in_007,8
2024,다나191756,to_in_008,8
2024,다나191759,to_in_001,5
2024,다나191759,to_in_007,5
2024,다나191759,to_in_008,0
2024,다나191764,to_in_001,5
2024,다나191764,to_in_007,5
2024,다나191764,to_in_008,0
2024,다나191766,to_in_001,5
2024,다나191766,to_in_007,0
2024,다나191766,to_in_008,0
2024,다나197985,to_in_001,5
2024,다나197985,to_in_007,0
2024,다나197985,to_in_008,0
2024,다나197988,to_in_001,5
2024,다나197988,to_in_007,5
2024,다나197988,to_in_008,0
2024,다나198745,to_in_001,5
2024,다나198745,to_in_007,5
2024,다나198745,to_in_008,0
2024,다나198746,to_in_001,8
2024,다나198746,to_in_007,8
2024,다나198746,to_in_008,5
2024,다나198747,to_in_001,0
2024,다나198747,to_in_007,0
2024,다나198747,to_in_008,0
2024,다나198748,to_in_001,0
2024,다나198748,to_in_007,0
2024,다나198748,to_in_008,0
2024,다나198750,to_in_001,28
2024,다나198750,to_in_007,18
2024,다나198750,to_in_008,13
2024,다나198751,to_in_001,28
2024,다나198751,to_in_007,13
2024,다나198751,to_in_008,13
2024,다나198752,to_in_001,8
2024,다나198752,to_in_007,5
2024,다나198752,to_in_008,8
2024,다나198762,to_in_001,5
2024,다나198762,to_in_007,5
2024,다나198762,to_in_008,0
2024,다나198823,to_in_001,5
2024,다나198823,to_in_007,5
2024,다나198823,to_in_008,0
2024,다나198978,to_in_001,28
2024,다나198978,to_in_007,13
2024,다나198978,to_in_008,13
2024,다나199749,to_in_001,23
2024,다나199749,to_in_007,13
2024,다나199749,to_in_008,13
2024,다나199750,to_in_001,23
2024,다나199750,to_in_007,13
2024,다나199750,to_in_008,8
2024,다나199751,to_in_001,23
2024,다나199751,to_in_007,13
2024,다나199751,to_in_008,13
2024,다나199752,to_in_001,13
2024,다나199752,to_in_007,8
2024,다나199752,to_in_008,8
2024,다나199757,to_in_001,5
2024,다나199757,to_in_007,5
2024,다나199757,to_in_008,5
2024,다나199758,to_in_001,5
2024,다나199758,to_in_007,5
2024,다나199758,to_in_008,5
2024,다나199760,to_in_001,0
2024,다나199760,to_in_007,0
2024,다나199760,to_in_008,0
2024,다나199766,to_in_001,5
2024,다나199766,to_in_007,5
2024,다나199766,to_in_008,5
2024,다나199776,to_in_001,5
2024,다나199776,to_in_007,0
2024,다나199776,to_in_008,5
2024,다나199799,to_in_001,0
2024,다나199799,to_in_007,0
2024,다나199799,to_in_008,0
2024,다나199815,to_in_001,18
2024,다나199815,to_in_007,8
2024,다나199815,to_in_008,13
2024,다나199823,to_in_001,0
2024,다나199823,to_in_007,0
2024,다나199823,to_in_008,0
2024,다나199978,to_in_001,28
2024,다나199978,to_in_007,18
2024,다나199978,to_in_008,13
2024,다나199992,to_in_001,5
2024,다나199992,to_in_007,5
2024,다나199992,to_in_008,0
2024,다나200752,to_in_001,23
2024,다나200752,to_in_007,13
2024,다나200752,to_in_008,13
2024,다나200753,to_in_001,8
2024,다나200753,to_in_007,5
2024,다나200753,to_in_008,5
2024,다나200755,to_in_001,5
2024,다나200755,to_in_007,0
2024,다나200755,to_in_008,5
2024,다나200757,to_in_001,5
2024,다나200757,to_in_007,5
2024,다나200757,to_in_008,5
2024,다나200762,to_in_001,5
2024,다나200762,to_in_007,5
2024,다나200762,to_in_008,5
2024,다나213984,to_in_001,8
2024,다나213984,to_in_007,8
2024,다나213984,to_in_008,5
2024,다나213985,to_in_001,8
2024,다나213985,to_in_007,8
2024,다나213985,to_in_008,5
2024,다나213986,to_in_001,0
2024,다나213986,to_in_007,0
2024,다나213986,to_in_008,0
2024,다나213990,to_in_001,8
2024,다나213990,to_in_007,8
2024,다나213990,to_in_008,0
2024,다나213992,to_in_001,5
2024,다나213992,to_in_007,0
2024,다나213992,to_in_008,5
2024,다나214756,to_in_001,8
2024,다나214756,to_in_007,5
2024,다나214756,to_in_008,8
2024,다나214758,to_in_001,5
2024,다나214758,to_in_007,5
2024,다나214758,to_in_008,5
2024,다나214759,to_in_001,5
2024,다나214759,to_in_007,5
2024,다나214759,to_in_008,0
2024,다나214760,to_in_001,18
2024,다나214760,to_in_007,8
2024,다나214760,to_in_008,8
2024,다나214761,to_in_001,23
2024,다나214761,to_in_007,13
2024,다나214761,to_in_008,8
2024,다나214762,to_in_001,23
2024,다나214762,to_in_007,13
2024,다나214762,to_in_008,8
2024,다나214763,to_in_001,43
2024,다나183759,to_in_008,8
2024,다나183760,to_in_001,5
2024,다나183760,to_in_007,0
2024,다나183760,to_in_008,5
2024,다나183761,to_in_001,8
2024,다나183761,to_in_007,5
2024,다나183761,to_in_008,5
2024,다나183762,to_in_001,8
2024,다나183762,to_in_007,5
2024,다나183762,to_in_008,5
2024,다나183764,to_in_001,5
2024,다나183764,to_in_007,0
2024,다나183764,to_in_008,5
2024,다나183765,to_in_001,8
2024,다나183765,to_in_007,5
2024,다나183765,to_in_008,5
2024,다나183772,to_in_001,0
2024,다나183772,to_in_007,0
2024,다나183772,to_in_008,0
2024,다나183779,to_in_001,5
2024,다나183779,to_in_007,5
2024,다나183779,to_in_008,5
2024,다나183780,to_in_001,5
2024,다나183780,to_in_007,5
2024,다나183780,to_in_008,0
2024,다나183781,to_in_001,5
2024,다나183781,to_in_007,5
2024,다나183781,to_in_008,0
2024,다나183784,to_in_001,5
2024,다나183784,to_in_007,0
2024,다나183784,to_in_008,5
2024,다나183785,to_in_001,8
2024,다나183785,to_in_007,5
2024,다나183785,to_in_008,5
2024,다나183786,to_in_001,0
2024,다나183786,to_in_007,0
2024,다나183786,to_in_008,0
2024,다나184745,to_in_001,5
2024,다나184745,to_in_007,5
2024,다나184745,to_in_008,5
2024,다나184749,to_in_001,5
2024,다나184749,to_in_007,5
2024,다나184749,to_in_008,5
2024,다나184755,to_in_001,8
2024,다나184755,to_in_007,5
2024,다나184755,to_in_008,5
2024,다나188783,to_in_001,8
2024,다나188783,to_in_007,5
2024,다나188783,to_in_008,5
2024,다나188975,to_in_001,5
2024,다나188975,to_in_007,5
2024,다나188975,to_in_008,0
2024,다나188980,to_in_001,8
2024,다나188980,to_in_007,5
2024,다나188980,to_in_008,5
2024,다나188988,to_in_001,5
2024,다나188988,to_in_007,0
2024,다나188988,to_in_008,5
2024,다나189746,to_in_001,8
2024,다나189746,to_in_007,8
2024,다나189746,to_in_008,0
2024,다나189749,to_in_001,8
2024,다나189749,to_in_007,5
2024,다나189749,to_in_008,5
2024,다나189750,to_in_001,5
2024,다나189750,to_in_007,5
2024,다나189750,to_in_008,0
2024,다나189753,to_in_001,23
2024,다나189753,to_in_007,13
2024,다나189753,to_in_008,8
2024,다나189754,to_in_001,28
2024,다나189754,to_in_007,13
2024,다나189754,to_in_008,13
2024,다나189755,to_in_001,18
2024,다나189755,to_in_007,8
2024,다나189755,to_in_008,8
2024,다나189756,to_in_001,13
2024,다나189756,to_in_007,8
2024,다나189756,to_in_008,5
2024,다나189769,to_in_001,5
2024,다나189769,to_in_007,5
2024,다나189769,to_in_008,5
2024,다나189770,to_in_001,18
2024,다나189770,to_in_007,8
2024,다나189770,to_in_008,8
2024,다나189771,to_in_001,18
2024,다나189771,to_in_007,13
2024,다나189771,to_in_008,8
2024,다나189772,to_in_001,8
2024,다나189772,to_in_007,5
2024,다나189772,to_in_008,5
2024,다나189773,to_in_001,13
2024,다나189773,to_in_007,5
2024,다나189773,to_in_008,8
2024,다나189774,to_in_001,8
2024,다나189774,to_in_007,5
2024,다나189774,to_in_008,5
2024,다나189775,to_in_001,13
2024,다나189775,to_in_007,8
2024,다나189775,to_in_008,5
2024,다나189776,to_in_001,0
2024,다나189776,to_in_007,0
2024,다나189776,to_in_008,0
2024,다나189778,to_in_001,8
2024,다나189778,to_in_007,8
2024,다나189778,to_in_008,5
2024,다나189779,to_in_001,18
2024,다나189779,to_in_007,13
2024,다나189779,to_in_008,8
2024,다나189781,to_in_001,5
2024,다나189781,to_in_007,0
2024,다나189781,to_in_008,0
2024,다나189783,to_in_001,18
2024,다나189783,to_in_007,8
2024,다나189783,to_in_008,13
2024,다나189785,to_in_001,0
2024,다나189785,to_in_007,0
2024,다나189785,to_in_008,0
2024,다나189977,to_in_001,5
2024,다나189977,to_in_007,5
2024,다나189977,to_in_008,0
2024,다나189997,to_in_001,5
2024,다나189997,to_in_007,5
2024,다나189997,to_in_008,5
2024,다나190749,to_in_001,8
2024,다나190749,to_in_007,8
2024,다나190749,to_in_008,5
2024,다나190750,to_in_001,5
2024,다나190750,to_in_007,0
2024,다나190750,to_in_008,5
2024,다나190752,to_in_001,5
2024,다나190752,to_in_007,0
2024,다나190752,to_in_008,0
2024,다나190753,to_in_001,0
2024,다나190753,to_in_007,0
2024,다나190753,to_in_008,0
2024,다나196745,to_in_001,5
2024,다나196745,to_in_007,5
2024,다나196745,to_in_008,0
2024,다나196746,to_in_001,5
2024,다나196746,to_in_007,0
2024,다나196746,to_in_008,0
2024,다나196747,to_in_001,8
2024,다나196747,to_in_007,8
2024,다나196747,to_in_008,8
2024,다나196748,to_in_001,33
2024,다나196748,to_in_007,18
2024,다나196748,to_in_008,13
2024,다나196749,to_in_001,8
2024,다나196749,to_in_007,8
2024,다나196749,to_in_008,5
2024,다나196750,to_in_001,5
2024,다나196750,to_in_007,5
2024,다나196750,to_in_008,5
2024,다나196752,to_in_001,8
2024,다나196752,to_in_007,5
2024,다나196752,to_in_008,5
2024,다나196759,to_in_001,5
2024,다나196759,to_in_007,0
2024,다나196759,to_in_008,5
2024,다나196763,to_in_001,5
2024,다나196763,to_in_007,0
2024,다나196763,to_in_008,0
2024,다나196766,to_in_001,0
2024,다나196766,to_in_007,0
2024,다나196766,to_in_008,0
2024,다나196774,to_in_001,8
2024,다나196774,to_in_007,8
2024,다나196774,to_in_008,5
2024,다나196775,to_in_001,5
2024,다나196775,to_in_007,0
2024,다나196775,to_in_008,0
2024,다나196785,to_in_001,5
2024,다나196785,to_in_007,5
2024,다나196785,to_in_008,0
2024,다나196988,to_in_001,8
2024,다나196988,to_in_007,8
2024,다나196988,to_in_008,5
2024,다나196989,to_in_001,0
2024,다나196989,to_in_007,0
2024,다나196989,to_in_008,0
2024,다나196995,to_in_001,5
2024,다나196995,to_in_007,5
2024,다나196995,to_in_008,0
2024,다나197746,to_in_001,28
2024,다나197746,to_in_007,28
2024,다나197746,to_in_008,5
2024,다나197747,to_in_001,13
2024,다나197747,to_in_007,8
2024,다나197747,to_in_008,8
2024,다나197748,to_in_001,8
2024,다나197748,to_in_007,5
2024,다나197748,to_in_008,5
2024,다나197749,to_in_001,5
2024,다나197749,to_in_007,0
2024,다나197749,to_in_008,0
2024,다나197751,to_in_001,8
2024,다나197751,to_in_007,5
2024,다나197751,to_in_008,5
2024,다나197752,to_in_001,0
2024,다나197752,to_in_007,0
2024,다나197752,to_in_008,0
2024,다나197755,to_in_001,0
2024,다나197755,to_in_007,0
2024,다나197755,to_in_008,0
2024,다나197758,to_in_001,5
2024,다나197758,to_in_007,0
2024,다나197758,to_in_008,0
2024,다나197759,to_in_001,5
2024,다나197759,to_in_007,5
2024,다나197759,to_in_008,5
2024,다나197760,to_in_001,8
2024,다나197760,to_in_007,5
2024,다나197760,to_in_008,5
2024,다나197761,to_in_001,5
2024,다나197761,to_in_007,0
2024,다나197761,to_in_008,5
2024,다나197762,to_in_001,5
2024,다나197762,to_in_007,0
2024,다나197762,to_in_008,0
2024,다나197763,to_in_001,5
2024,다나197763,to_in_007,5
2024,다나197763,to_in_008,5
2024,다나197778,to_in_001,5
2024,다나197778,to_in_007,0
2024,다나197778,to_in_008,0
2024,다나210756,to_in_001,5
2024,다나210756,to_in_007,0
2024,다나210756,to_in_008,5
2024,다나210757,to_in_001,13
2024,다나210757,to_in_007,8
2024,다나210757,to_in_008,5
2024,다나210758,to_in_001,93
2024,다나210758,to_in_007,44
2024,다나210758,to_in_008,47
2024,다나210759,to_in_001,13
2024,다나210759,to_in_007,8
2024,다나210759,to_in_008,8
2024,다나210760,to_in_001,18
2024,다나210760,to_in_007,8
2024,다나210760,to_in_008,8
2024,다나210761,to_in_001,13
2024,다나210761,to_in_007,8
2024,다나210761,to_in_008,8
2024,다나210762,to_in_001,8
2024,다나210762,to_in_007,5
2024,다나210762,to_in_008,5
2024,다나210763,to_in_001,5
2024,다나210763,to_in_007,0
2024,다나210763,to_in_008,5
2024,다나210764,to_in_001,18
2024,다나210764,to_in_007,8
2024,다나210764,to_in_008,8
2024,다나210765,to_in_001,8
2024,다나210765,to_in_007,8
2024,다나210765,to_in_008,5
2024,다나210766,to_in_001,0
2024,다나210766,to_in_007,0
2024,다나210766,to_in_008,0
2024,다나210769,to_in_001,5
2024,다나210769,to_in_007,5
2024,다나210769,to_in_008,5
2024,다나210771,to_in_001,8
2024,다나210771,to_in_007,8
2024,다나210771,to_in_008,5
2024,다나210778,to_in_001,5
2024,다나210778,to_in_007,0
2024,다나210778,to_in_008,5
2024,다나210780,to_in_001,5
2024,다나210780,to_in_007,0
2024,다나210780,to_in_008,5
2024,다나210781,to_in_001,5
2024,다나210781,to_in_007,0
2024,다나210781,to_in_008,5
2024,다나210997,to_in_001,13
2024,다나210997,to_in_007,8
2024,다나210997,to_in_008,5
2024,다나210998,to_in_001,5
2024,다나210998,to_in_007,5
2024,다나210998,to_in_008,0
2024,다나210999,to_in_001,0
2024,다나210999,to_in_007,0
2024,다나210999,to_in_008,0
2024,다나211756,to_in_001,8
2024,다나211756,to_in_007,5
2024,다나211756,to_in_008,5
2024,다나211757,to_in_001,38
2024,다나211757,to_in_007,18
2024,다나211757,to_in_008,18
2024,다나211758,to_in_001,43
2024,다나211758,to_in_007,23
2024,다나211758,to_in_008,18
2024,다나211759,to_in_001,18
2024,다나186774,to_in_008,8
2024,다나186777,to_in_001,18
2024,다나186777,to_in_007,8
2024,다나186777,to_in_008,8
2024,다나186778,to_in_001,8
2024,다나186778,to_in_007,5
2024,다나186778,to_in_008,5
2024,다나186779,to_in_001,13
2024,다나186779,to_in_007,5
2024,다나186779,to_in_008,8
2024,다나186780,to_in_001,18
2024,다나186780,to_in_007,13
2024,다나186780,to_in_008,8
2024,다나186781,to_in_001,18
2024,다나186781,to_in_007,13
2024,다나186781,to_in_008,8
2024,다나186782,to_in_001,18
2024,다나186782,to_in_007,13
2024,다나186782,to_in_008,8
2024,다나186783,to_in_001,33
2024,다나186783,to_in_007,18
2024,다나186783,to_in_008,13
2024,다나186784,to_in_001,13
2024,다나186784,to_in_007,8
2024,다나186784,to_in_008,8
2024,다나186945,to_in_001,0
2024,다나186945,to_in_007,0
2024,다나186945,to_in_008,0
2024,다나186990,to_in_001,5
2024,다나186990,to_in_007,5
2024,다나186990,to_in_008,0
2024,다나187745,to_in_001,5
2024,다나187745,to_in_007,5
2024,다나187745,to_in_008,0
2024,다나187749,to_in_001,8
2024,다나187749,to_in_007,8
2024,다나187749,to_in_008,5
2024,다나187750,to_in_001,8
2024,다나187750,to_in_007,5
2024,다나187750,to_in_008,8
2024,다나187751,to_in_001,5
2024,다나187751,to_in_007,0
2024,다나187751,to_in_008,5
2024,다나187754,to_in_001,5
2024,다나187754,to_in_007,0
2024,다나187754,to_in_008,5
2024,다나187755,to_in_001,8
2024,다나187755,to_in_007,8
2024,다나187755,to_in_008,5
2024,다나187756,to_in_001,8
2024,다나187756,to_in_007,8
2024,다나187756,to_in_008,5
2024,다나187757,to_in_001,5
2024,다나187757,to_in_007,0
2024,다나187757,to_in_008,0
2024,다나187758,to_in_001,0
2024,다나187758,to_in_007,0
2024,다나187758,to_in_008,0
2024,다나187772,to_in_001,18
2024,다나187772,to_in_007,13
2024,다나187772,to_in_008,8
2024,다나193758,to_in_001,5
2024,다나193758,to_in_007,0
2024,다나193758,to_in_008,5
2024,다나193768,to_in_001,5
2024,다나193768,to_in_007,0
2024,다나193768,to_in_008,0
2024,다나193769,to_in_001,8
2024,다나193769,to_in_007,5
2024,다나193769,to_in_008,5
2024,다나193770,to_in_001,0
2024,다나193770,to_in_007,0
2024,다나193770,to_in_008,0
2024,다나193771,to_in_001,5
2024,다나193771,to_in_007,5
2024,다나193771,to_in_008,0
2024,다나193772,to_in_001,18
2024,다나193772,to_in_007,8
2024,다나193772,to_in_008,8
2024,다나193773,to_in_001,8
2024,다나193773,to_in_007,5
2024,다나193773,to_in_008,5
2024,다나193774,to_in_001,5
2024,다나193774,to_in_007,0
2024,다나193774,to_in_008,5
2024,다나193779,to_in_001,8
2024,다나193779,to_in_007,0
2024,다나193779,to_in_008,8
2024,다나193799,to_in_001,5
2024,다나193799,to_in_007,5
2024,다나193799,to_in_008,0
2024,다나193979,to_in_001,5
2024,다나193979,to_in_007,0
2024,다나193979,to_in_008,5
2024,다나194749,to_in_001,8
2024,다나194749,to_in_007,5
2024,다나194749,to_in_008,5
2024,다나194751,to_in_001,5
2024,다나194751,to_in_007,5
2024,다나194751,to_in_008,0
2024,다나194768,to_in_001,5
2024,다나194768,to_in_007,5
2024,다나194768,to_in_008,0
2024,다나194769,to_in_001,8
2024,다나194769,to_in_007,5
2024,다나194769,to_in_008,5
2024,다나194771,to_in_001,5
2024,다나194771,to_in_007,5
2024,다나194771,to_in_008,5
2024,다나194774,to_in_001,8
2024,다나194774,to_in_007,8
2024,다나194774,to_in_008,5
2024,다나194779,to_in_001,0
2024,다나194779,to_in_007,0
2024,다나194779,to_in_008,0
2024,다나194800,to_in_001,5
2024,다나194800,to_in_007,5
2024,다나194800,to_in_008,5
2024,다나194808,to_in_001,8
2024,다나194808,to_in_007,0
2024,다나194808,to_in_008,8
2024,다나194987,to_in_001,5
2024,다나194987,to_in_007,5
2024,다나194987,to_in_008,5
2024,다나194994,to_in_001,0
2024,다나194994,to_in_007,0
2024,다나194994,to_in_008,0
2024,다나195748,to_in_001,13
2024,다나195748,to_in_007,8
2024,다나195748,to_in_008,5
2024,다나195750,to_in_001,0
2024,다나195750,to_in_007,0
2024,다나195750,to_in_008,0
2024,다나195751,to_in_001,5
2024,다나195751,to_in_007,0
2024,다나195751,to_in_008,0
2024,다나195758,to_in_001,5
2024,다나195758,to_in_007,5
2024,다나195758,to_in_008,0
2024,다나195763,to_in_001,5
2024,다나195763,to_in_007,0
2024,다나195763,to_in_008,5
2024,다나195771,to_in_001,5
2024,다나195771,to_in_007,5
2024,다나195771,to_in_008,5
2024,다나195774,to_in_001,5
2024,다나195774,to_in_007,0
2024,다나195774,to_in_008,0
2024,다나195775,to_in_001,5
2024,다나195775,to_in_007,5
2024,다나195775,to_in_008,0
2024,다나195786,to_in_001,8
2024,다나195786,to_in_007,8
2024,다나195786,to_in_008,5
2024,다나206983,to_in_001,8
2024,다나206983,to_in_007,5
2024,다나206983,to_in_008,5
2024,다나206984,to_in_001,5
2024,다나206984,to_in_007,5
2024,다나206984,to_in_008,0
2024,다나206999,to_in_001,5
2024,다나206999,to_in_007,5
2024,다나206999,to_in_008,0
2024,다나207756,to_in_001,13
2024,다나207756,to_in_007,8
2024,다나207756,to_in_008,8
2024,다나207757,to_in_001,5
2024,다나207757,to_in_007,0
2024,다나207757,to_in_008,5
2024,다나207759,to_in_001,8
2024,다나207759,to_in_007,8
2024,다나207759,to_in_008,0
2024,다나207760,to_in_001,5
2024,다나207760,to_in_007,5
2024,다나207760,to_in_008,0
2024,다나207761,to_in_001,0
2024,다나207761,to_in_007,0
2024,다나207761,to_in_008,0
2024,다나207763,to_in_001,5
2024,다나207763,to_in_007,5
2024,다나207763,to_in_008,0
2024,다나207792,to_in_001,5
2024,다나207792,to_in_007,0
2024,다나207792,to_in_008,5
2024,다나207983,to_in_001,23
2024,다나207983,to_in_007,13
2024,다나207983,to_in_008,8
2024,다나207984,to_in_001,8
2024,다나207984,to_in_007,5
2024,다나207984,to_in_008,5
2024,다나207990,to_in_001,8
2024,다나207990,to_in_007,5
2024,다나207990,to_in_008,5
2024,다나207991,to_in_001,5
2024,다나207991,to_in_007,0
2024,다나207991,to_in_008,5
2024,다나207997,to_in_001,5
2024,다나207997,to_in_007,0
2024,다나207997,to_in_008,5
2024,다나208755,to_in_001,5
2024,다나208755,to_in_007,5
2024,다나208755,to_in_008,0
2024,다나208756,to_in_001,5
2024,다나208756,to_in_007,5
2024,다나208756,to_in_008,0
2024,다나208757,to_in_001,8
2024,다나208757,to_in_007,0
2024,다나208757,to_in_008,5
2024,다나208758,to_in_001,8
2024,다나208758,to_in_007,8
2024,다나208758,to_in_008,5
2024,다나208759,to_in_001,13
2024,다나208759,to_in_007,5
2024,다나208759,to_in_008,8
2024,다나208760,to_in_001,33
2024,다나208760,to_in_007,18
2024,다나208760,to_in_008,13
2024,다나208761,to_in_001,8
2024,다나208761,to_in_007,0
2024,다나208761,to_in_008,5
2024,다나208999,to_in_001,5
2024,다나208999,to_in_007,5
2024,다나208999,to_in_008,0
2024,다나209755,to_in_001,5
2024,다나209755,to_in_007,5
2024,다나209755,to_in_008,0
2024,다나209757,to_in_001,18
2024,다나209757,to_in_007,8
2024,다나209757,to_in_008,13
2024,다나209758,to_in_001,8
2024,다나209758,to_in_007,5
2024,다나209758,to_in_008,5
2024,다나209759,to_in_001,13
2024,다나209759,to_in_007,8
2024,다나209759,to_in_008,5
2024,다나209760,to_in_001,13
2024,다나209760,to_in_007,8
2024,다나209760,to_in_008,5
2024,다나209761,to_in_001,13
2024,다나209761,to_in_007,8
2024,다나209761,to_in_008,8
2024,다나209764,to_in_001,5
2024,다나209764,to_in_007,0
2024,다나209764,to_in_008,5
2024,다나209769,to_in_001,0
2024,다나209769,to_in_007,0
2024,다나209769,to_in_008,0
2024,다나209777,to_in_001,0
2024,다나209777,to_in_007,0
2024,다나209777,to_in_008,0
2024,다나209787,to_in_001,5
2024,다나209787,to_in_007,5
2024,다나209787,to_in_008,0
2024,다나218781,to_in_001,0
2024,다나218781,to_in_007,0
2024,다나218781,to_in_008,0
2024,다나218785,to_in_001,0
2024,다나218785,to_in_007,0
2024,다나218785,to_in_008,0
2024,다나218810,to_in_001,8
2024,다나218810,to_in_007,5
2024,다나218810,to_in_008,5
2024,다나218934,to_in_001,5
2024,다나218934,to_in_007,5
2024,다나218934,to_in_008,0
2024,다나218968,to_in_001,5
2024,다나218968,to_in_007,5
2024,다나218968,to_in_008,0
2024,다나218981,to_in_001,5
2024,다나218981,to_in_007,0
2024,다나218981,to_in_008,5
2024,다나218982,to_in_001,5
2024,다나218982,to_in_007,5
2024,다나218982,to_in_008,0
2024,다나218983,to_in_001,5
2024,다나218983,to_in_007,5
2024,다나218983,to_in_008,0
2024,다나219759,to_in_001,8
2024,다나219759,to_in_007,5
2024,다나219759,to_in_008,8
2024,다나219762,to_in_001,23
2024,다나219762,to_in_007,13
2024,다나219762,to_in_008,8
2024,다나219763,to_in_001,43
2024,다나219763,to_in_007,18
2024,다나219763,to_in_008,23
2024,다나219764,to_in_001,13
2024,다나219764,to_in_007,8
2024,다나219764,to_in_008,5
2024,다나219765,to_in_001,13
2024,다나219765,to_in_007,8
2024,다나219765,to_in_008,5
2024,다나219766,to_in_001,5
2024,다나212761,to_in_001,8
2024,다나212761,to_in_007,8
2024,다나212761,to_in_008,5
2024,다나212762,to_in_001,5
2024,다나212762,to_in_007,5
2024,다나212762,to_in_008,0
2024,다나212763,to_in_001,18
2024,다나212763,to_in_007,8
2024,다나212763,to_in_008,13
2024,다나212769,to_in_001,5
2024,다나212769,to_in_007,5
2024,다나212769,to_in_008,0
2024,다나212770,to_in_001,50
2024,다나212770,to_in_007,30
2024,다나212770,to_in_008,18
2024,다나212771,to_in_001,28
2024,다나212771,to_in_007,13
2024,다나212771,to_in_008,13
2024,다나212772,to_in_001,5
2024,다나212772,to_in_007,5
2024,다나212772,to_in_008,5
2024,다나212773,to_in_001,5
2024,다나212773,to_in_007,5
2024,다나212773,to_in_008,5
2024,다나212780,to_in_001,8
2024,다나212780,to_in_007,5
2024,다나212780,to_in_008,5
2024,다나212783,to_in_001,5
2024,다나212783,to_in_007,0
2024,다나212783,to_in_008,0
2024,다나212986,to_in_001,13
2024,다나212986,to_in_007,8
2024,다나212986,to_in_008,5
2024,다나212991,to_in_001,0
2024,다나212991,to_in_007,0
2024,다나212991,to_in_008,0
2024,다나213756,to_in_001,23
2024,다나213756,to_in_007,8
2024,다나213756,to_in_008,13
2024,다나213757,to_in_001,23
2024,다나213757,to_in_007,13
2024,다나213757,to_in_008,13
2024,다나213758,to_in_001,38
2024,다나213758,to_in_007,23
2024,다나213758,to_in_008,13
2024,다나213759,to_in_001,28
2024,다나213759,to_in_007,13
2024,다나213759,to_in_008,18
2024,다나213760,to_in_001,23
2024,다나213760,to_in_007,8
2024,다나213760,to_in_008,13
2024,다나213761,to_in_001,33
2024,다나213761,to_in_007,18
2024,다나213761,to_in_008,18
2024,다나213762,to_in_001,43
2024,다나213762,to_in_007,23
2024,다나213762,to_in_008,23
2024,다나213763,to_in_001,13
2024,다나213763,to_in_007,5
2024,다나213763,to_in_008,8
2024,다나213764,to_in_001,5
2024,다나213764,to_in_007,5
2024,다나213764,to_in_008,5
2024,다나213765,to_in_001,8
2024,다나213765,to_in_007,8
2024,다나213765,to_in_008,0
2024,다나213766,to_in_001,8
2024,다나213766,to_in_007,8
2024,다나213766,to_in_008,5
2024,다나213767,to_in_001,18
2024,다나213767,to_in_007,13
2024,다나213767,to_in_008,8
2024,다나213768,to_in_001,8
2024,다나213768,to_in_007,5
2024,다나213768,to_in_008,5
2024,다나213769,to_in_001,0
2024,다나213769,to_in_007,0
2024,다나213769,to_in_008,0
2024,다나213770,to_in_001,28
2024,다나213770,to_in_007,13
2024,다나213770,to_in_008,13
2024,다나213771,to_in_001,5
2024,다나213771,to_in_007,0
2024,다나213771,to_in_008,5
2024,다나213772,to_in_001,5
2024,다나213772,to_in_007,5
2024,다나213772,to_in_008,5
2024,다나213773,to_in_001,5
2024,다나213773,to_in_007,0
2024,다나213773,to_in_008,5
2024,다나213775,to_in_001,5
2024,다나213775,to_in_007,0
2024,다나213775,to_in_008,0
2024,다나213777,to_in_001,0
2024,다나213777,to_in_007,0
2024,다나213777,to_in_008,0
2024,다나213778,to_in_001,8
2024,다나213778,to_in_007,5
2024,다나213778,to_in_008,8
2024,다나235942,to_in_001,5
2024,다나235942,to_in_007,0
2024,다나235942,to_in_008,5
2024,다나235944,to_in_001,13
2024,다나235944,to_in_007,8
2024,다나235944,to_in_008,5
2024,다나235980,to_in_001,0
2024,다나235980,to_in_007,0
2024,다나235980,to_in_008,0
2024,다나235994,to_in_001,5
2024,다나235994,to_in_007,5
2024,다나235994,to_in_008,5
2024,다나235995,to_in_001,18
2024,다나235995,to_in_007,8
2024,다나235995,to_in_008,8
2024,다나235996,to_in_001,8
2024,다나235996,to_in_007,5
2024,다나235996,to_in_008,5
2024,다나235998,to_in_001,5
2024,다나235998,to_in_007,0
2024,다나235998,to_in_008,0
2024,다나236760,to_in_001,5
2024,다나236760,to_in_007,5
2024,다나236760,to_in_008,0
2024,다나236761,to_in_001,5
2024,다나236761,to_in_007,0
2024,다나236761,to_in_008,0
2024,다나236763,to_in_001,5
2024,다나236763,to_in_007,5
2024,다나236763,to_in_008,5
2024,다나236781,to_in_001,0
2024,다나236781,to_in_007,0
2024,다나236781,to_in_008,0
2024,다나236784,to_in_001,5
2024,다나236784,to_in_007,5
2024,다나236784,to_in_008,5
2024,다나236826,to_in_001,5
2024,다나236826,to_in_007,0
2024,다나236826,to_in_008,5
2024,다나236935,to_in_001,5
2024,다나236935,to_in_007,5
2024,다나236935,to_in_008,0
2024,다나236937,to_in_001,8
2024,다나236937,to_in_007,5
2024,다나236937,to_in_008,5
2024,다나236940,to_in_001,5
2024,다나236940,to_in_007,0
2024,다나236940,to_in_008,0
2024,다나236941,to_in_001,5
2024,다나236941,to_in_007,5
2024,다나201991,to_in_007,0
2024,다나201991,to_in_008,0
2024,다나201995,to_in_001,5
2024,다나201995,to_in_007,5
2024,다나201995,to_in_008,0
2024,다나202753,to_in_001,5
2024,다나202753,to_in_007,0
2024,다나202753,to_in_008,5
2024,다나202754,to_in_001,8
2024,다나202754,to_in_007,5
2024,다나202754,to_in_008,5
2024,다나202755,to_in_001,18
2024,다나202755,to_in_007,13
2024,다나202755,to_in_008,8
2024,다나202759,to_in_001,5
2024,다나202759,to_in_007,5
2024,다나202759,to_in_008,0
2024,다나202760,to_in_001,5
2024,다나202760,to_in_007,0
2024,다나202760,to_in_008,0
2024,다나202775,to_in_001,5
2024,다나202775,to_in_007,5
2024,다나202775,to_in_008,5
2024,다나202776,to_in_001,8
2024,다나202776,to_in_007,5
2024,다나202776,to_in_008,5
2024,다나202977,to_in_001,8
2024,다나202977,to_in_007,5
2024,다나202977,to_in_008,5
2024,다나202978,to_in_001,8
2024,다나202978,to_in_007,5
2024,다나202978,to_in_008,5
2024,다나202988,to_in_001,8
2024,다나202988,to_in_007,5
2024,다나202988,to_in_008,5
2024,다나215968,to_in_001,8
2024,다나215968,to_in_007,5
2024,다나215968,to_in_008,5
2024,다나215984,to_in_001,5
2024,다나215984,to_in_007,5
2024,다나215984,to_in_008,0
2024,다나215985,to_in_001,8
2024,다나215985,to_in_007,5
2024,다나215985,to_in_008,5
2024,다나216758,to_in_001,13
2024,다나216758,to_in_007,13
2024,다나216758,to_in_008,8
2024,다나216759,to_in_001,8
2024,다나216759,to_in_007,5
2024,다나216759,to_in_008,5
2024,다나216760,to_in_001,5
2024,다나216760,to_in_007,0
2024,다나216760,to_in_008,0
2024,다나216761,to_in_001,5
2024,다나216761,to_in_007,5
2024,다나216761,to_in_008,5
2024,다나216762,to_in_001,38
2024,다나216762,to_in_007,23
2024,다나216762,to_in_008,13
2024,다나216763,to_in_001,18
2024,다나216763,to_in_007,8
2024,다나216763,to_in_008,8
2024,다나216764,to_in_001,5
2024,다나216764,to_in_007,5
2024,다나216764,to_in_008,0
2024,다나216776,to_in_001,5
2024,다나216776,to_in_007,5
2024,다나216776,to_in_008,5
2024,다나216779,to_in_001,5
2024,다나216779,to_in_007,5
2024,다나216779,to_in_008,0
2024,다나216789,to_in_001,5
2024,다나216789,to_in_007,5
2024,다나216789,to_in_008,0
2024,다나216929,to_in_001,0
2024,다나216929,to_in_007,0
2024,다나216929,to_in_008,0
2024,다나216930,to_in_001,5
2024,다나216930,to_in_007,0
2024,다나216930,to_in_008,5
2024,다나216961,to_in_001,5
2024,다나216961,to_in_007,5
2024,다나216961,to_in_008,5
2024,다나216982,to_in_001,13
2024,다나216982,to_in_007,8
2024,다나216982,to_in_008,8
2024,다나216984,to_in_001,13
2024,다나216984,to_in_007,5
2024,다나216984,to_in_008,8
2024,다나216985,to_in_001,5
2024,다나216985,to_in_007,5
2024,다나216985,to_in_008,5
2024,다나217762,to_in_001,8
2024,다나217762,to_in_007,5
2024,다나217762,to_in_008,5
2024,다나217764,to_in_001,36
2024,다나217764,to_in_007,13
2024,다나217764,to_in_008,26
2024,다나217766,to_in_001,5
2024,다나217766,to_in_007,5
2024,다나217766,to_in_008,5
2024,다나217779,to_in_001,5
2024,다나217779,to_in_007,5
2024,다나217779,to_in_008,0
2024,다나217781,to_in_001,0
2024,다나217781,to_in_007,0
2024,다나217781,to_in_008,0
2024,다나217820,to_in_001,5
2024,다나217820,to_in_007,5
2024,다나217820,to_in_008,0
2024,다나217929,to_in_001,8
2024,다나217929,to_in_007,5
2024,다나217929,to_in_008,5
2024,다나217964,to_in_001,5
2024,다나217964,to_in_007,5
2024,다나217964,to_in_008,0
2024,다나217969,to_in_001,0
2024,다나217969,to_in_007,0
2024,다나217969,to_in_008,0
2024,다나217982,to_in_001,5
2024,다나217982,to_in_007,5
2024,다나217982,to_in_008,0
2024,다나217985,to_in_001,5
2024,다나217985,to_in_007,5
2024,다나217985,to_in_008,5
2024,다나218762,to_in_001,18
2024,다나218762,to_in_007,8
2024,다나218762,to_in_008,13
2024,다나218763,to_in_001,5
2024,다나218763,to_in_007,5
2024,다나218763,to_in_008,0
2024,다나218764,to_in_001,13
2024,다나218764,to_in_007,8
2024,다나218764,to_in_008,8
2024,다나218765,to_in_001,18
2024,다나218765,to_in_007,13
2024,다나218765,to_in_008,5
2024,다나218775,to_in_001,0
2024,다나218775,to_in_007,0
2024,다나218775,to_in_008,0
2024,다나218779,to_in_001,5
2024,다나218779,to_in_007,5
2024,다나218779,to_in_008,5
2024,다나218780,to_in_001,8
2024,다나218780,to_in_007,5
2024,다나218780,to_in_008,5
2024,다나225767,to_in_001,8
2024,다나225767,to_in_007,5
2024,다나225767,to_in_008,8
2024,다나225768,to_in_001,8
2024,다나225768,to_in_007,5
2024,다나225768,to_in_008,5
2024,다나225769,to_in_001,5
2024,다나225769,to_in_007,5
2024,다나225769,to_in_008,0
2024,다나226759,to_in_001,46
2024,다나226759,to_in_007,8
2024,다나226759,to_in_008,36
2024,다나226760,to_in_001,8
2024,다나226760,to_in_007,5
2024,다나226760,to_in_008,5
2024,다나226761,to_in_001,13
2024,다나226761,to_in_007,8
2024,다나226761,to_in_008,8
2024,다나226762,to_in_001,33
2024,다나226762,to_in_007,18
2024,다나226762,to_in_008,13
2024,다나226763,to_in_001,13
2024,다나226763,to_in_007,8
2024,다나226763,to_in_008,8
2024,다나226765,to_in_001,0
2024,다나226765,to_in_007,0
2024,다나226765,to_in_008,0
2024,다나226766,to_in_001,5
2024,다나226766,to_in_007,0
2024,다나226766,to_in_008,5
2024,다나226769,to_in_001,5
2024,다나226769,to_in_007,0
2024,다나226769,to_in_008,5
2024,다나226770,to_in_001,5
2024,다나226770,to_in_007,0
2024,다나226770,to_in_008,5
2024,다나226775,to_in_001,5
2024,다나226775,to_in_007,5
2024,다나226775,to_in_008,5
2024,다나226787,to_in_001,5
2024,다나226787,to_in_007,5
2024,다나226787,to_in_008,0
2024,다나226795,to_in_001,0
2024,다나226795,to_in_007,0
2024,다나226795,to_in_008,0
2024,다나226929,to_in_001,5
2024,다나226929,to_in_007,0
2024,다나226929,to_in_008,5
2024,다나226938,to_in_001,5
2024,다나226938,to_in_007,0
2024,다나226938,to_in_008,0
2024,다나226999,to_in_001,5
2024,다나226999,to_in_007,5
2024,다나226999,to_in_008,5
2024,다나227758,to_in_001,8
2024,다나227758,to_in_007,5
2024,다나227758,to_in_008,5
2024,다나227759,to_in_001,18
2024,다나227759,to_in_007,8
2024,다나227759,to_in_008,8
2024,다나227760,to_in_001,5
2024,다나227760,to_in_007,0
2024,다나227760,to_in_008,5
2024,다나227761,to_in_001,23
2024,다나227761,to_in_007,18
2024,다나227761,to_in_008,8
2024,다나227762,to_in_001,38
2024,다나227762,to_in_007,18
2024,다나227762,to_in_008,18
2024,다나227763,to_in_001,23
2024,다나227763,to_in_007,8
2024,다나227763,to_in_008,13
2024,다나227764,to_in_001,8
2024,다나227764,to_in_007,5
2024,다나227764,to_in_008,5
2024,다나227765,to_in_001,8
2024,다나227765,to_in_007,8
2024,다나227765,to_in_008,5
2024,다나227766,to_in_001,8
2024,다나227766,to_in_007,5
2024,다나227766,to_in_008,8
2024,다나227771,to_in_001,5
2024,다나227771,to_in_007,5
2024,다나227771,to_in_008,5
2024,다나227772,to_in_001,5
2024,다나227772,to_in_007,0
2024,다나227772,to_in_008,5
2024,다나227779,to_in_001,5
2024,다나227779,to_in_007,5
2024,다나227779,to_in_008,0
2024,다나227782,to_in_001,5
2024,다나227782,to_in_007,0
2024,다나227782,to_in_008,0
2024,다나227787,to_in_001,8
2024,다나227787,to_in_007,5
2024,다나227787,to_in_008,5
2024,다나227929,to_in_001,8
2024,다나227929,to_in_007,5
2024,다나227929,to_in_008,5
2024,다나227938,to_in_001,5
2024,다나227938,to_in_007,0
2024,다나227938,to_in_008,0
2024,다나227962,to_in_001,5
2024,다나227962,to_in_007,0
2024,다나227962,to_in_008,5
2024,다나227999,to_in_001,5
2024,다나227999,to_in_007,5
2024,다나227999,to_in_008,5
2024,다나228758,to_in_001,0
2024,다나228758,to_in_007,0
2024,다나228758,to_in_008,0
2024,다나228759,to_in_001,5
2024,다나228759,to_in_007,5
2024,다나228759,to_in_008,5
2024,다나233930,to_in_001,8
2024,다나233930,to_in_007,8
2024,다나233930,to_in_008,5
2024,다나233931,to_in_001,8
2024,다나233931,to_in_007,8
2024,다나233931,to_in_008,5
2024,다나233933,to_in_001,5
2024,다나233933,to_in_007,0
2024,다나233933,to_in_008,5
2024,다나233940,to_in_001,8
2024,다나233940,to_in_007,5
2024,다나233940,to_in_008,5
2024,다나233941,to_in_001,8
2024,다나233941,to_in_007,5
2024,다나233941,to_in_008,5
2024,다나233942,to_in_001,5
2024,다나233942,to_in_007,5
2024,다나233942,to_in_008,0
2024,다나233943,to_in_001,8
2024,다나233943,to_in_007,5
2024,다나233943,to_in_008,5
2024,다나233994,to_in_001,5
2024,다나233994,to_in_007,0
2024,다나233994,to_in_008,5
2024,다나233996,to_in_001,8
2024,다나233996,to_in_007,5
2024,다나233996,to_in_008,5
2024,다나234756,to_in_001,8
2024,다나234756,to_in_007,8
2024,다나234756,to_in_008,0
2024,다나234759,to_in_001,0
2024,다나234759,to_in_007,0
2024,다나234759,to_in_008,0
2024,다나214763,to_in_007,23
2024,다나214763,to_in_008,18
2024,다나214764,to_in_001,13
2024,다나214764,to_in_007,8
2024,다나214764,to_in_008,5
2024,다나214765,to_in_001,13
2024,다나214765,to_in_007,8
2024,다나214765,to_in_008,8
2024,다나214767,to_in_001,13
2024,다나214767,to_in_007,8
2024,다나214767,to_in_008,8
2024,다나214768,to_in_001,8
2024,다나214768,to_in_007,5
2024,다나214768,to_in_008,5
2024,다나214770,to_in_001,0
2024,다나214770,to_in_007,0
2024,다나214770,to_in_008,0
2024,다나214779,to_in_001,5
2024,다나214779,to_in_007,5
2024,다나214779,to_in_008,5
2024,다나214967,to_in_001,8
2024,다나214967,to_in_007,5
2024,다나214967,to_in_008,5
2024,다나214968,to_in_001,8
2024,다나214968,to_in_007,5
2024,다나214968,to_in_008,5
2024,다나214986,to_in_001,0
2024,다나214986,to_in_007,0
2024,다나214986,to_in_008,0
2024,다나214988,to_in_001,0
2024,다나214988,to_in_007,0
2024,다나214988,to_in_008,0
2024,다나215756,to_in_001,26
2024,다나215756,to_in_007,26
2024,다나215756,to_in_008,5
2024,다나215757,to_in_001,8
2024,다나215757,to_in_007,5
2024,다나215757,to_in_008,8
2024,다나215758,to_in_001,13
2024,다나215758,to_in_007,8
2024,다나215758,to_in_008,8
2024,다나215759,to_in_001,8
2024,다나215759,to_in_007,5
2024,다나215759,to_in_008,5
2024,다나215760,to_in_001,8
2024,다나215760,to_in_007,5
2024,다나215760,to_in_008,8
2024,다나215761,to_in_001,18
2024,다나215761,to_in_007,13
2024,다나215761,to_in_008,8
2024,다나215762,to_in_001,5
2024,다나215762,to_in_007,5
2024,다나215762,to_in_008,0
2024,다나215763,to_in_001,5
2024,다나215763,to_in_007,5
2024,다나215763,to_in_008,5
2024,다나215764,to_in_001,8
2024,다나215764,to_in_007,8
2024,다나215764,to_in_008,5
2024,다나215765,to_in_001,8
2024,다나215765,to_in_007,5
2024,다나215765,to_in_008,5
2024,다나215767,to_in_001,8
2024,다나215767,to_in_007,5
2024,다나215767,to_in_008,5
2024,다나215770,to_in_001,5
2024,다나215770,to_in_007,0
2024,다나215770,to_in_008,0
2024,다나215776,to_in_001,5
2024,다나215776,to_in_007,5
2024,다나215776,to_in_008,0
2024,다나222977,to_in_001,5
2024,다나222977,to_in_007,5
2024,다나222977,to_in_008,0
2024,다나222982,to_in_001,18
2024,다나222982,to_in_007,8
2024,다나222982,to_in_008,13
2024,다나222983,to_in_001,0
2024,다나222983,to_in_007,0
2024,다나222983,to_in_008,0
2024,다나223758,to_in_001,8
2024,다나223758,to_in_007,0
2024,다나223758,to_in_008,5
2024,다나223759,to_in_001,43
2024,다나223759,to_in_007,18
2024,다나223759,to_in_008,23
2024,다나223760,to_in_001,18
2024,다나223760,to_in_007,8
2024,다나223760,to_in_008,13
2024,다나223761,to_in_001,33
2024,다나223761,to_in_007,18
2024,다나223761,to_in_008,13
2024,다나223762,to_in_001,18
2024,다나223762,to_in_007,13
2024,다나223762,to_in_008,8
2024,다나223763,to_in_001,13
2024,다나223763,to_in_007,8
2024,다나223763,to_in_008,8
2024,다나223764,to_in_001,13
2024,다나223764,to_in_007,8
2024,다나223764,to_in_008,5
2024,다나223765,to_in_001,23
2024,다나223765,to_in_007,13
2024,다나223765,to_in_008,13
2024,다나223766,to_in_001,8
2024,다나223766,to_in_007,5
2024,다나223766,to_in_008,8
2024,다나223771,to_in_001,5
2024,다나223771,to_in_007,5
2024,다나223771,to_in_008,0
2024,다나223775,to_in_001,5
2024,다나223775,to_in_007,0
2024,다나223775,to_in_008,0
2024,다나223780,to_in_001,5
2024,다나223780,to_in_007,5
2024,다나223780,to_in_008,0
2024,다나223957,to_in_001,8
2024,다나223957,to_in_007,5
2024,다나223957,to_in_008,5
2024,다나223978,to_in_001,0
2024,다나223978,to_in_007,0
2024,다나223978,to_in_008,0
2024,다나224759,to_in_001,13
2024,다나224759,to_in_007,8
2024,다나224759,to_in_008,8
2024,다나224760,to_in_001,28
2024,다나224760,to_in_007,13
2024,다나224760,to_in_008,13
2024,다나224761,to_in_001,63
2024,다나224761,to_in_007,33
2024,다나224761,to_in_008,28
2024,다나224762,to_in_001,8
2024,다나224762,to_in_007,8
2024,다나224762,to_in_008,5
2024,다나224763,to_in_001,23
2024,다나224763,to_in_007,13
2024,다나224763,to_in_008,8
2024,다나224764,to_in_001,5
2024,다나224764,to_in_007,5
2024,다나224764,to_in_008,5
2024,다나224765,to_in_001,5
2024,다나224765,to_in_007,0
2024,다나224765,to_in_008,5
2024,다나224766,to_in_001,44
2024,다나224766,to_in_007,34
2024,다나224766,to_in_008,13
2024,다나224767,to_in_001,5
2024,다나224767,to_in_007,0
2024,다나224767,to_in_008,5
2024,다나224778,to_in_001,5
2024,다나224778,to_in_007,0
2024,다나224778,to_in_008,0
2024,다나224779,to_in_001,5
2024,다나224779,to_in_007,0
2024,다나224779,to_in_008,5
2024,다나224781,to_in_001,5
2024,다나224781,to_in_007,0
2024,다나224781,to_in_008,5
2024,다나224957,to_in_001,5
2024,다나224957,to_in_007,0
2024,다나224957,to_in_008,5
2024,다나225759,to_in_001,5
2024,다나225759,to_in_007,5
2024,다나225759,to_in_008,5
2024,다나225760,to_in_001,5
2024,다나225760,to_in_007,5
2024,다나225760,to_in_008,0
2024,다나225761,to_in_001,28
2024,다나225761,to_in_007,13
2024,다나225761,to_in_008,13
2024,다나225762,to_in_001,13
2024,다나225762,to_in_007,8
2024,다나225762,to_in_008,8
2024,다나225763,to_in_001,5
2024,다나225763,to_in_007,5
2024,다나225763,to_in_008,5
2024,다나225764,to_in_001,5
2024,다나225764,to_in_007,5
2024,다나225764,to_in_008,0
2024,다나225765,to_in_001,8
2024,다나225765,to_in_007,5
2024,다나225765,to_in_008,8
2024,다나225766,to_in_001,5
2024,다나225766,to_in_007,0
2024,다나225766,to_in_008,5
2024,다나231998,to_in_001,5
2024,다나231998,to_in_007,5
2024,다나231998,to_in_008,0
2024,다나232759,to_in_001,8
2024,다나232759,to_in_007,8
2024,다나232759,to_in_008,5
2024,다나232760,to_in_001,5
2024,다나232760,to_in_007,5
2024,다나232760,to_in_008,0
2024,다나232761,to_in_001,13
2024,다나232761,to_in_007,8
2024,다나232761,to_in_008,5
2024,다나232762,to_in_001,13
2024,다나232762,to_in_007,8
2024,다나232762,to_in_008,8
2024,다나232763,to_in_001,18
2024,다나232763,to_in_007,13
2024,다나232763,to_in_008,8
2024,다나232765,to_in_001,5
2024,다나232765,to_in_007,0
2024,다나232765,to_in_008,0
2024,다나232766,to_in_001,0
2024,다나232766,to_in_007,0
2024,다나232766,to_in_008,0
2024,다나232771,to_in_001,5
2024,다나232771,to_in_007,0
2024,다나232771,to_in_008,5
2024,다나232776,to_in_001,0
2024,다나232776,to_in_007,0
2024,다나232776,to_in_008,0
2024,다나232782,to_in_001,5
2024,다나232782,to_in_007,5
2024,다나232782,to_in_008,0
2024,다나232783,to_in_001,5
2024,다나232783,to_in_007,0
2024,다나232783,to_in_008,0
2024,다나232784,to_in_001,0
2024,다나232784,to_in_007,0
2024,다나232784,to_in_008,0
2024,다나232915,to_in_001,0
2024,다나232915,to_in_007,0
2024,다나232915,to_in_008,0
2024,다나232929,to_in_001,18
2024,다나232929,to_in_007,13
2024,다나232929,to_in_008,8
2024,다나232931,to_in_001,0
2024,다나232931,to_in_007,0
2024,다나232931,to_in_008,0
2024,다나232932,to_in_001,5
2024,다나232932,to_in_007,5
2024,다나232932,to_in_008,5
2024,다나232941,to_in_001,5
2024,다나232941,to_in_007,0
2024,다나232941,to_in_008,0
2024,다나232942,to_in_001,8
2024,다나232942,to_in_007,5
2024,다나232942,to_in_008,5
2024,다나232990,to_in_001,5
2024,다나232990,to_in_007,5
2024,다나232990,to_in_008,5
2024,다나233755,to_in_001,0
2024,다나233755,to_in_007,0
2024,다나233755,to_in_008,0
2024,다나233759,to_in_001,5
2024,다나233759,to_in_007,5
2024,다나233759,to_in_008,5
2024,다나233760,to_in_001,8
2024,다나233760,to_in_007,5
2024,다나233760,to_in_008,8
2024,다나233761,to_in_001,8
2024,다나233761,to_in_007,5
2024,다나233761,to_in_008,5
2024,다나233762,to_in_001,8
2024,다나233762,to_in_007,5
2024,다나233762,to_in_008,5
2024,다나233763,to_in_001,8
2024,다나233763,to_in_007,8
2024,다나233763,to_in_008,8
2024,다나233766,to_in_001,5
2024,다나233766,to_in_007,0
2024,다나233766,to_in_008,5
2024,다나233778,to_in_001,5
2024,다나233778,to_in_007,5
2024,다나233778,to_in_008,5
2024,다나233779,to_in_001,8
2024,다나233779,to_in_007,5
2024,다나233779,to_in_008,5
2024,다나233781,to_in_001,5
2024,다나233781,to_in_007,5
2024,다나233781,to_in_008,5
2024,다나233782,to_in_001,18
2024,다나233782,to_in_007,8
2024,다나233782,to_in_008,8
2024,다나233783,to_in_001,8
2024,다나233783,to_in_007,5
2024,다나233783,to_in_008,5
2024,다나233926,to_in_001,0
2024,다나233926,to_in_007,0
2024,다나233926,to_in_008,0
2024,다나233927,to_in_001,8
2024,다나233927,to_in_007,5
2024,다나233927,to_in_008,5
2024,다나233928,to_in_001,5
2024,다나233928,to_in_007,0
2024,다나233928,to_in_008,0
2024,다나233929,to_in_001,18
2024,다나233929,to_in_007,8
2024,다나233929,to_in_008,8
2024,다나211759,to_in_007,13
2024,다나211759,to_in_008,8
2024,다나211760,to_in_001,8
2024,다나211760,to_in_007,5
2024,다나211760,to_in_008,5
2024,다나211762,to_in_001,18
2024,다나211762,to_in_007,8
2024,다나211762,to_in_008,8
2024,다나211763,to_in_001,5
2024,다나211763,to_in_007,5
2024,다나211763,to_in_008,5
2024,다나211764,to_in_001,8
2024,다나211764,to_in_007,8
2024,다나211764,to_in_008,5
2024,다나211765,to_in_001,8
2024,다나211765,to_in_007,8
2024,다나211765,to_in_008,5
2024,다나211769,to_in_001,5
2024,다나211769,to_in_007,0
2024,다나211769,to_in_008,0
2024,다나211771,to_in_001,5
2024,다나211771,to_in_007,0
2024,다나211771,to_in_008,5
2024,다나211778,to_in_001,8
2024,다나211778,to_in_007,5
2024,다나211778,to_in_008,5
2024,다나211780,to_in_001,5
2024,다나211780,to_in_007,5
2024,다나211780,to_in_008,0
2024,다나211782,to_in_001,5
2024,다나211782,to_in_007,0
2024,다나211782,to_in_008,0
2024,다나212756,to_in_001,8
2024,다나212756,to_in_007,5
2024,다나212756,to_in_008,0
2024,다나220968,to_in_001,5
2024,다나220968,to_in_007,5
2024,다나220968,to_in_008,5
2024,다나220969,to_in_001,0
2024,다나220969,to_in_007,0
2024,다나220969,to_in_008,0
2024,다나220971,to_in_001,5
2024,다나220971,to_in_007,5
2024,다나220971,to_in_008,0
2024,다나220972,to_in_001,5
2024,다나220972,to_in_007,5
2024,다나220972,to_in_008,0
2024,다나220981,to_in_001,5
2024,다나220981,to_in_007,0
2024,다나220981,to_in_008,0
2024,다나220999,to_in_001,5
2024,다나220999,to_in_007,5
2024,다나220999,to_in_008,5
2024,다나221757,to_in_001,5
2024,다나221757,to_in_007,0
2024,다나221757,to_in_008,0
2024,다나221759,to_in_001,13
2024,다나221759,to_in_007,8
2024,다나221759,to_in_008,8
2024,다나221760,to_in_001,38
2024,다나221760,to_in_007,18
2024,다나221760,to_in_008,18
2024,다나221761,to_in_001,13
2024,다나221761,to_in_007,8
2024,다나221761,to_in_008,8
2024,다나221762,to_in_001,8
2024,다나221762,to_in_007,5
2024,다나221762,to_in_008,5
2024,다나221763,to_in_001,28
2024,다나221763,to_in_007,8
2024,다나221763,to_in_008,18
2024,다나221764,to_in_001,13
2024,다나221764,to_in_007,8
2024,다나221764,to_in_008,8
2024,다나221765,to_in_001,13
2024,다나221765,to_in_007,8
2024,다나221765,to_in_008,5
2024,다나221766,to_in_001,8
2024,다나221766,to_in_007,5
2024,다나221766,to_in_008,5
2024,다나221768,to_in_001,8
2024,다나221768,to_in_007,5
2024,다나221768,to_in_008,8
2024,다나221959,to_in_001,5
2024,다나221959,to_in_007,0
2024,다나221959,to_in_008,5
2024,다나221961,to_in_001,5
2024,다나221961,to_in_007,5
2024,다나221961,to_in_008,5
2024,다나221963,to_in_001,0
2024,다나221963,to_in_007,0
2024,다나221963,to_in_008,0
2024,다나221980,to_in_001,8
2024,다나221980,to_in_007,5
2024,다나221980,to_in_008,5
2024,다나221981,to_in_001,13
2024,다나221981,to_in_007,8
2024,다나221981,to_in_008,5
2024,다나221982,to_in_001,5
2024,다나221982,to_in_007,5
2024,다나221982,to_in_008,5
2024,다나221983,to_in_001,5
2024,다나221983,to_in_007,0
2024,다나221983,to_in_008,5
2024,다나222758,to_in_001,18
2024,다나222758,to_in_007,13
2024,다나222758,to_in_008,8
2024,다나222759,to_in_001,5
2024,다나222759,to_in_007,5
2024,다나222759,to_in_008,5
2024,다나222760,to_in_001,28
2024,다나222760,to_in_007,8
2024,다나222760,to_in_008,18
2024,다나222761,to_in_001,8
2024,다나222761,to_in_007,8
2024,다나222761,to_in_008,8
2024,다나222762,to_in_001,38
2024,다나222762,to_in_007,18
2024,다나222762,to_in_008,18
2024,다나222763,to_in_001,18
2024,다나222763,to_in_007,13
2024,다나222763,to_in_008,8
2024,다나222764,to_in_001,28
2024,다나222764,to_in_007,18
2024,다나222764,to_in_008,8
2024,다나222765,to_in_001,8
2024,다나222765,to_in_007,5
2024,다나222765,to_in_008,5
2024,다나222766,to_in_001,8
2024,다나222766,to_in_007,0
2024,다나222766,to_in_008,8
2024,다나222767,to_in_001,5
2024,다나222767,to_in_007,5
2024,다나222767,to_in_008,5
2024,다나222768,to_in_001,8
2024,다나222768,to_in_007,5
2024,다나222768,to_in_008,5
2024,다나222769,to_in_001,18
2024,다나222769,to_in_007,8
2024,다나222769,to_in_008,8
2024,다나222770,to_in_001,8
2024,다나222770,to_in_007,5
2024,다나222770,to_in_008,5
2024,다나230784,to_in_001,5
2024,다나230784,to_in_007,5
2024,다나230784,to_in_008,0
2024,다나230926,to_in_001,5
2024,다나230926,to_in_007,0
2024,다나230926,to_in_008,0
2024,다나230927,to_in_001,5
2024,다나230927,to_in_007,5
2024,다나230927,to_in_008,0
2024,다나230928,to_in_001,5
2024,다나230928,to_in_007,5
2024,다나230928,to_in_008,5
2024,다나230929,to_in_001,8
2024,다나230929,to_in_007,5
2024,다나230929,to_in_008,5
2024,다나230930,to_in_001,5
2024,다나230930,to_in_007,5
2024,다나230930,to_in_008,5
2024,다나230931,to_in_001,8
2024,다나230931,to_in_007,5
2024,다나230931,to_in_008,5
2024,다나230933,to_in_001,5
2024,다나230933,to_in_007,0
2024,다나230933,to_in_008,5
2024,다나230935,to_in_001,0
2024,다나230935,to_in_007,0
2024,다나230935,to_in_008,0
2024,다나230936,to_in_001,13
2024,다나230936,to_in_007,8
2024,다나230936,to_in_008,5
2024,다나230941,to_in_001,0
2024,다나230941,to_in_007,0
2024,다나230941,to_in_008,0
2024,다나230987,to_in_001,5
2024,다나230987,to_in_007,5
2024,다나230987,to_in_008,5
2024,다나230998,to_in_001,5
2024,다나230998,to_in_007,0
2024,다나230998,to_in_008,5
2024,다나231755,to_in_001,0
2024,다나231755,to_in_007,0
2024,다나231755,to_in_008,0
2024,다나231756,to_in_001,5
2024,다나231756,to_in_007,5
2024,다나231756,to_in_008,5
2024,다나231757,to_in_001,5
2024,다나231757,to_in_007,5
2024,다나231757,to_in_008,0
2024,다나231758,to_in_001,8
2024,다나231758,to_in_007,5
2024,다나231758,to_in_008,5
2024,다나231759,to_in_001,5
2024,다나231759,to_in_007,0
2024,다나231759,to_in_008,5
2024,다나231760,to_in_001,8
2024,다나231760,to_in_007,5
2024,다나231760,to_in_008,5
2024,다나231761,to_in_001,0
2024,다나231761,to_in_007,0
2024,다나231761,to_in_008,0
2024,다나231762,to_in_001,13
2024,다나231762,to_in_007,8
2024,다나231762,to_in_008,5
2024,다나231763,to_in_001,8
2024,다나231763,to_in_007,5
2024,다나231763,to_in_008,5
2024,다나231772,to_in_001,5
2024,다나231772,to_in_007,5
2024,다나231772,to_in_008,0
2024,다나231816,to_in_001,0
2024,다나231816,to_in_007,0
2024,다나231816,to_in_008,0
2024,다나231924,to_in_001,8
2024,다나231924,to_in_007,8
2024,다나231924,to_in_008,5
2024,다나231926,to_in_001,8
2024,다나231926,to_in_007,5
2024,다나231926,to_in_008,5
2024,다나231927,to_in_001,8
2024,다나231927,to_in_007,5
2024,다나231927,to_in_008,5
2024,다나231929,to_in_001,8
2024,다나231929,to_in_007,5
2024,다나231929,to_in_008,5
2024,다나231934,to_in_001,5
2024,다나231934,to_in_007,0
2024,다나231934,to_in_008,5
2024,다나231936,to_in_001,18
2024,다나231936,to_in_007,8
2024,다나231936,to_in_008,8
2024,다나231937,to_in_001,0
2024,다나231937,to_in_007,0
2024,다나231937,to_in_008,0
2024,다나231941,to_in_001,5
2024,다나231941,to_in_007,5
2024,다나231941,to_in_008,0
2024,다나231942,to_in_001,5
2024,다나231942,to_in_007,0
2024,다나231942,to_in_008,5
2024,다나231988,to_in_001,5
2024,다나231988,to_in_007,0
2024,다나231988,to_in_008,0
2024,다나231996,to_in_001,0
2024,다나231996,to_in_007,0
2024,다나231996,to_in_008,0
2024,다나231997,to_in_001,8
2024,다나231997,to_in_007,5
2024,다나231997,to_in_008,5
2024,다나241995,to_in_001,8
2024,다나241995,to_in_007,5
2024,다나241995,to_in_008,5
2024,다나241999,to_in_001,8
2024,다나241999,to_in_007,5
2024,다나241999,to_in_008,5
2024,다나242756,to_in_001,5
2024,다나242756,to_in_007,5
2024,다나242756,to_in_008,0
2024,다나242761,to_in_001,5
2024,다나242761,to_in_007,5
2024,다나242761,to_in_008,0
2024,다나242762,to_in_001,8
2024,다나242762,to_in_007,8
2024,다나242762,to_in_008,0
2024,다나242763,to_in_001,58
2024,다나242763,to_in_007,28
2024,다나242763,to_in_008,28
2024,다나242764,to_in_001,8
2024,다나242764,to_in_007,5
2024,다나242764,to_in_008,5
2024,다나242784,to_in_001,5
2024,다나242784,to_in_007,0
2024,다나242784,to_in_008,5
2024,다나242785,to_in_001,0
2024,다나242785,to_in_007,0
2024,다나242785,to_in_008,0
2024,다나242786,to_in_001,5
2024,다나242786,to_in_007,0
2024,다나242786,to_in_008,0
2024,다나242791,to_in_001,5
2024,다나242791,to_in_007,0
2024,다나242791,to_in_008,0
2024,다나242993,to_in_001,0
2024,다나242993,to_in_007,0
2024,다나242993,to_in_008,0
2024,다나242995,to_in_001,5
2024,다나242995,to_in_007,0
2024,다나242995,to_in_008,5
2024,다나242996,to_in_001,5
2024,다나242996,to_in_007,5
2024,다나242996,to_in_008,0
2024,다나219766,to_in_007,0
2024,다나219766,to_in_008,0
2024,다나219767,to_in_001,5
2024,다나219767,to_in_007,5
2024,다나219767,to_in_008,0
2024,다나219775,to_in_001,5
2024,다나219775,to_in_007,0
2024,다나219775,to_in_008,0
2024,다나219779,to_in_001,5
2024,다나219779,to_in_007,5
2024,다나219779,to_in_008,0
2024,다나219780,to_in_001,75
2024,다나219780,to_in_007,28
2024,다나219780,to_in_008,50
2024,다나219781,to_in_001,5
2024,다나219781,to_in_007,5
2024,다나219781,to_in_008,0
2024,다나219782,to_in_001,5
2024,다나219782,to_in_007,5
2024,다나219782,to_in_008,0
2024,다나219969,to_in_001,5
2024,다나219969,to_in_007,5
2024,다나219969,to_in_008,0
2024,다나219981,to_in_001,13
2024,다나219981,to_in_007,5
2024,다나219981,to_in_008,8
2024,다나219982,to_in_001,5
2024,다나219982,to_in_007,0
2024,다나219982,to_in_008,5
2024,다나219992,to_in_001,0
2024,다나219992,to_in_007,0
2024,다나219992,to_in_008,0
2024,다나220759,to_in_001,8
2024,다나220759,to_in_007,5
2024,다나220759,to_in_008,5
2024,다나220760,to_in_001,18
2024,다나220760,to_in_007,8
2024,다나220760,to_in_008,8
2024,다나220761,to_in_001,33
2024,다나220761,to_in_007,13
2024,다나220761,to_in_008,18
2024,다나220762,to_in_001,18
2024,다나220762,to_in_007,8
2024,다나220762,to_in_008,8
2024,다나220763,to_in_001,13
2024,다나220763,to_in_007,8
2024,다나220763,to_in_008,8
2024,다나220764,to_in_001,8
2024,다나220764,to_in_007,5
2024,다나220764,to_in_008,5
2024,다나220765,to_in_001,13
2024,다나220765,to_in_007,8
2024,다나220765,to_in_008,5
2024,다나220766,to_in_001,5
2024,다나220766,to_in_007,0
2024,다나220766,to_in_008,5
2024,다나220767,to_in_001,13
2024,다나220767,to_in_007,8
2024,다나220767,to_in_008,8
2024,다나220790,to_in_001,8
2024,다나220790,to_in_007,8
2024,다나220790,to_in_008,0
2024,다나220792,to_in_001,5
2024,다나220792,to_in_007,5
2024,다나220792,to_in_008,5
2024,다나220816,to_in_001,5
2024,다나220816,to_in_007,5
2024,다나220816,to_in_008,0
2024,다나220930,to_in_001,5
2024,다나220930,to_in_007,5
2024,다나220930,to_in_008,0
2024,다나228760,to_in_001,13
2024,다나228760,to_in_007,8
2024,다나228760,to_in_008,8
2024,다나228761,to_in_001,8
2024,다나228761,to_in_007,8
2024,다나228761,to_in_008,5
2024,다나228762,to_in_001,23
2024,다나228762,to_in_007,13
2024,다나228762,to_in_008,8
2024,다나228763,to_in_001,13
2024,다나228763,to_in_007,8
2024,다나228763,to_in_008,8
2024,다나228764,to_in_001,8
2024,다나228764,to_in_007,5
2024,다나228764,to_in_008,5
2024,다나228766,to_in_001,5
2024,다나228766,to_in_007,5
2024,다나228766,to_in_008,0
2024,다나228767,to_in_001,5
2024,다나228767,to_in_007,0
2024,다나228767,to_in_008,5
2024,다나228772,to_in_001,5
2024,다나228772,to_in_007,0
2024,다나228772,to_in_008,0
2024,다나228987,to_in_001,5
2024,다나228987,to_in_007,5
2024,다나228987,to_in_008,0
2024,다나228997,to_in_001,0
2024,다나228997,to_in_007,0
2024,다나228997,to_in_008,0
2024,다나228998,to_in_001,5
2024,다나228998,to_in_007,0
2024,다나228998,to_in_008,0
2024,다나228999,to_in_001,5
2024,다나228999,to_in_007,5
2024,다나228999,to_in_008,0
2024,다나229757,to_in_001,8
2024,다나229757,to_in_007,8
2024,다나229757,to_in_008,8
2024,다나229758,to_in_001,8
2024,다나229758,to_in_007,5
2024,다나229758,to_in_008,8
2024,다나229759,to_in_001,23
2024,다나229759,to_in_007,13
2024,다나229759,to_in_008,13
2024,다나229760,to_in_001,8
2024,다나229760,to_in_007,5
2024,다나229760,to_in_008,5
2024,다나229762,to_in_001,34
2024,다나229762,to_in_007,19
2024,다나229762,to_in_008,13
2024,다나229763,to_in_001,23
2024,다나229763,to_in_007,8
2024,다나229763,to_in_008,13
2024,다나229764,to_in_001,0
2024,다나229764,to_in_007,0
2024,다나229764,to_in_008,0
2024,다나229767,to_in_001,5
2024,다나229767,to_in_007,0
2024,다나229767,to_in_008,0
2024,다나229775,to_in_001,5
2024,다나229775,to_in_007,0
2024,다나229775,to_in_008,5
2024,다나229780,to_in_001,8
2024,다나229780,to_in_007,8
2024,다나229780,to_in_008,5
2024,다나229795,to_in_001,5
2024,다나229795,to_in_007,5
2024,다나229795,to_in_008,0
2024,다나229928,to_in_001,5
2024,다나229928,to_in_007,5
2024,다나229928,to_in_008,0
2024,다나229930,to_in_001,5
2024,다나229930,to_in_007,0
2024,다나229930,to_in_008,0
2024,다나229934,to_in_001,5
2024,다나229934,to_in_007,5
2024,다나229934,to_in_008,0
2024,다나229942,to_in_001,0
2024,다나229942,to_in_007,0
2024,다나229942,to_in_008,0
2024,다나229996,to_in_001,5
2024,다나229996,to_in_007,0
2024,다나229996,to_in_008,5
2024,다나229997,to_in_001,5
2024,다나229997,to_in_007,5
2024,다나229997,to_in_008,0
2024,다나229998,to_in_001,8
2024,다나229998,to_in_007,5
2024,다나229998,to_in_008,8
2024,다나229999,to_in_001,8
2024,다나229999,to_in_007,8
2024,다나229999,to_in_008,5
2024,다나230757,to_in_001,5
2024,다나230757,to_in_007,0
2024,다나230757,to_in_008,5
2024,다나230758,to_in_001,8
2024,다나230758,to_in_007,5
2024,다나230758,to_in_008,5
2024,다나230759,to_in_001,8
2024,다나230759,to_in_007,5
2024,다나230759,to_in_008,5
2024,다나230760,to_in_001,13
2024,다나230760,to_in_007,5
2024,다나230760,to_in_008,8
2024,다나230761,to_in_001,23
2024,다나230761,to_in_007,13
2024,다나230761,to_in_008,8
2024,다나230762,to_in_001,13
2024,다나230762,to_in_007,8
2024,다나230762,to_in_008,8
2024,다나230763,to_in_001,0
2024,다나230763,to_in_007,0
2024,다나230763,to_in_008,0
2024,다나237795,to_in_001,8
2024,다나237795,to_in_007,5
2024,다나237795,to_in_008,5
2024,다나237936,to_in_001,13
2024,다나237936,to_in_007,8
2024,다나237936,to_in_008,8
2024,다나237940,to_in_001,5
2024,다나237940,to_in_007,5
2024,다나237940,to_in_008,0
2024,다나237941,to_in_001,0
2024,다나237941,to_in_007,0
2024,다나237941,to_in_008,0
2024,다나237942,to_in_001,13
2024,다나237942,to_in_007,8
2024,다나237942,to_in_008,8
2024,다나237943,to_in_001,13
2024,다나237943,to_in_007,5
2024,다나237943,to_in_008,8
2024,다나237946,to_in_001,13
2024,다나237946,to_in_007,8
2024,다나237946,to_in_008,5
2024,다나237983,to_in_001,0
2024,다나237983,to_in_007,0
2024,다나237983,to_in_008,0
2024,다나237986,to_in_001,0
2024,다나237986,to_in_007,0
2024,다나237986,to_in_008,0
2024,다나237991,to_in_001,23
2024,다나237991,to_in_007,13
2024,다나237991,to_in_008,13
2024,다나237999,to_in_001,13
2024,다나237999,to_in_007,8
2024,다나237999,to_in_008,8
2024,다나238757,to_in_001,0
2024,다나238757,to_in_007,0
2024,다나238757,to_in_008,0
2024,다나238767,to_in_001,5
2024,다나238767,to_in_007,0
2024,다나238767,to_in_008,5
2024,다나238782,to_in_001,5
2024,다나238782,to_in_007,5
2024,다나238782,to_in_008,0
2024,다나238783,to_in_001,5
2024,다나238783,to_in_007,0
2024,다나238783,to_in_008,5
2024,다나238788,to_in_001,5
2024,다나238788,to_in_007,0
2024,다나238788,to_in_008,0
2024,다나238790,to_in_001,8
2024,다나238790,to_in_007,5
2024,다나238790,to_in_008,8
2024,다나238922,to_in_001,8
2024,다나238922,to_in_007,8
2024,다나238922,to_in_008,0
2024,다나238941,to_in_001,5
2024,다나238941,to_in_007,0
2024,다나238941,to_in_008,5
2024,다나238942,to_in_001,8
2024,다나238942,to_in_007,5
2024,다나238942,to_in_008,5
2024,다나238943,to_in_001,8
2024,다나238943,to_in_007,8
2024,다나238943,to_in_008,5
2024,다나238946,to_in_001,5
2024,다나238946,to_in_007,5
2024,다나238946,to_in_008,5
2024,다나238947,to_in_001,5
2024,다나238947,to_in_007,0
2024,다나238947,to_in_008,0
2024,다나238990,to_in_001,0
2024,다나238990,to_in_007,0
2024,다나238990,to_in_008,0
2024,다나239763,to_in_001,8
2024,다나239763,to_in_007,5
2024,다나239763,to_in_008,8
2024,다나239766,to_in_001,0
2024,다나239766,to_in_007,0
2024,다나239766,to_in_008,0
2024,다나239803,to_in_001,5
2024,다나239803,to_in_007,0
2024,다나239803,to_in_008,5
2024,다나239823,to_in_001,5
2024,다나239823,to_in_007,0
2024,다나239823,to_in_008,0
2024,다나239838,to_in_001,5
2024,다나239838,to_in_007,0
2024,다나239838,to_in_008,0
2024,다나240757,to_in_001,8
2024,다나240757,to_in_007,8
2024,다나240757,to_in_008,0
2024,다나240759,to_in_001,5
2024,다나240759,to_in_007,0
2024,다나240759,to_in_008,5
2024,다나240790,to_in_001,0
2024,다나240790,to_in_007,0
2024,다나240790,to_in_008,0
2024,다나240801,to_in_001,5
2024,다나240801,to_in_007,0
2024,다나240801,to_in_008,5
2024,다나240999,to_in_001,5
2024,다나240999,to_in_007,5
2024,다나240999,to_in_008,0
2024,다나241759,to_in_001,0
2024,다나241759,to_in_007,0
2024,다나241759,to_in_008,0
2024,다나241761,to_in_001,5
2024,다나241761,to_in_007,5
2024,다나241761,to_in_008,0
2024,다나236941,to_in_008,5
2024,다나236942,to_in_001,8
2024,다나236942,to_in_007,5
2024,다나236942,to_in_008,5
2024,다나236943,to_in_001,5
2024,다나236943,to_in_007,0
2024,다나236943,to_in_008,0
2024,다나236944,to_in_001,5
2024,다나236944,to_in_007,0
2024,다나236944,to_in_008,5
2024,다나236976,to_in_001,5
2024,다나236976,to_in_007,0
2024,다나236976,to_in_008,5
2024,다나236977,to_in_001,0
2024,다나236977,to_in_007,0
2024,다나236977,to_in_008,0
2024,다나236981,to_in_001,8
2024,다나236981,to_in_007,8
2024,다나236981,to_in_008,0
2024,다나236982,to_in_001,5
2024,다나236982,to_in_007,0
2024,다나236982,to_in_008,5
2024,다나236983,to_in_001,5
2024,다나236983,to_in_007,0
2024,다나236983,to_in_008,0
2024,다나236985,to_in_001,5
2024,다나236985,to_in_007,0
2024,다나236985,to_in_008,0
2024,다나236987,to_in_001,18
2024,다나236987,to_in_007,13
2024,다나236987,to_in_008,8
2024,다나236990,to_in_001,5
2024,다나236990,to_in_007,0
2024,다나236990,to_in_008,5
2024,다나236991,to_in_001,8
2024,다나236991,to_in_007,8
2024,다나236991,to_in_008,5
2024,다나236995,to_in_001,8
2024,다나236995,to_in_007,5
2024,다나236995,to_in_008,5
2024,다나236996,to_in_001,18
2024,다나236996,to_in_007,8
2024,다나236996,to_in_008,8
2024,다나236998,to_in_001,5
2024,다나236998,to_in_007,0
2024,다나236998,to_in_008,5
2024,다나236999,to_in_001,8
2024,다나236999,to_in_007,5
2024,다나236999,to_in_008,8
2024,다나237758,to_in_001,0
2024,다나237758,to_in_007,0
2024,다나237758,to_in_008,0
2024,다나237763,to_in_001,8
2024,다나237763,to_in_007,5
2024,다나237763,to_in_008,5
2024,다나237764,to_in_001,5
2024,다나237764,to_in_007,5
2024,다나237764,to_in_008,5
2024,다나237781,to_in_001,5
2024,다나237781,to_in_007,5
2024,다나237781,to_in_008,5
2024,다나237790,to_in_001,5
2024,다나237790,to_in_007,5
2024,다나237790,to_in_008,5
2024,다나237791,to_in_001,5
2024,다나237791,to_in_007,5
2024,다나237791,to_in_008,0
2024,다나259970,to_in_001,13
2024,다나259970,to_in_007,8
2024,다나259970,to_in_008,8
2024,다나259989,to_in_001,5
2024,다나259989,to_in_007,0
2024,다나259989,to_in_008,5
2024,다나259993,to_in_001,8
2024,다나259993,to_in_007,5
2024,다나259993,to_in_008,5
2024,다나259994,to_in_001,13
2024,다나259994,to_in_007,8
2024,다나259994,to_in_008,8
2024,다나259995,to_in_001,8
2024,다나259995,to_in_007,5
2024,다나259995,to_in_008,8
2024,다나259996,to_in_001,13
2024,다나259996,to_in_007,8
2024,다나259996,to_in_008,5
2024,다나259997,to_in_001,8
2024,다나259997,to_in_007,8
2024,다나259997,to_in_008,5
2024,다나260763,to_in_001,5
2024,다나260763,to_in_007,5
2024,다나260763,to_in_008,0
2024,다나260766,to_in_001,0
2024,다나260766,to_in_007,0
2024,다나260766,to_in_008,0
2024,다나260767,to_in_001,8
2024,다나260767,to_in_007,5
2024,다나260767,to_in_008,5
2024,다나260770,to_in_001,8
2024,다나260770,to_in_007,5
2024,다나260770,to_in_008,5
2024,다나260771,to_in_001,8
2024,다나260771,to_in_007,5
2024,다나260771,to_in_008,5
2024,다나260772,to_in_001,8
2024,다나260772,to_in_007,0
2024,다나260772,to_in_008,8
2024,다나260773,to_in_001,8
2024,다나260773,to_in_007,5
2024,다나260773,to_in_008,5
2024,다나260779,to_in_001,0
2024,다나260779,to_in_007,0
2024,다나260779,to_in_008,0
2024,다나260780,to_in_001,5
2024,다나260780,to_in_007,0
2024,다나260780,to_in_008,0
2024,다나260782,to_in_001,13
2024,다나260782,to_in_007,8
2024,다나260782,to_in_008,8
2024,다나260788,to_in_001,5
2024,다나260788,to_in_007,0
2024,다나260788,to_in_008,0
2024,다나260792,to_in_001,5
2024,다나260792,to_in_007,0
2024,다나260792,to_in_008,0
2024,다나260793,to_in_001,5
2024,다나260793,to_in_007,0
2024,다나260793,to_in_008,5
2024,다나260794,to_in_001,8
2024,다나260794,to_in_007,5
2024,다나260794,to_in_008,5
2024,다나260802,to_in_001,5
2024,다나260802,to_in_007,0
2024,다나260802,to_in_008,0
2024,다나260811,to_in_001,0
2024,다나260811,to_in_007,0
2024,다나260811,to_in_008,0
2024,다나260825,to_in_001,8
2024,다나260825,to_in_007,5
2024,다나260825,to_in_008,5
2024,다나260826,to_in_001,5
2024,다나260826,to_in_007,0
2024,다나260826,to_in_008,5
2024,다나260828,to_in_001,0
2024,다나260828,to_in_007,0
2024,다나260828,to_in_008,0
2024,다나260963,to_in_001,5
2024,다나260963,to_in_007,0
2024,다나260963,to_in_008,5
2024,다나260964,to_in_001,23
2024,다나260964,to_in_007,8
2024,다나260964,to_in_008,13
2024,다나260965,to_in_001,13
2024,다나260965,to_in_007,5
2024,다나260965,to_in_008,8
2024,다나234760,to_in_001,5
2024,다나234760,to_in_007,0
2024,다나234760,to_in_008,5
2024,다나234764,to_in_001,13
2024,다나234764,to_in_007,8
2024,다나234764,to_in_008,5
2024,다나234780,to_in_001,8
2024,다나234780,to_in_007,5
2024,다나234780,to_in_008,8
2024,다나234781,to_in_001,13
2024,다나234781,to_in_007,5
2024,다나234781,to_in_008,8
2024,다나234782,to_in_001,8
2024,다나234782,to_in_007,5
2024,다나234782,to_in_008,5
2024,다나234799,to_in_001,0
2024,다나234799,to_in_007,0
2024,다나234799,to_in_008,0
2024,다나234926,to_in_001,8
2024,다나234926,to_in_007,5
2024,다나234926,to_in_008,5
2024,다나234929,to_in_001,5
2024,다나234929,to_in_007,5
2024,다나234929,to_in_008,0
2024,다나234931,to_in_001,5
2024,다나234931,to_in_007,0
2024,다나234931,to_in_008,5
2024,다나234940,to_in_001,18
2024,다나234940,to_in_007,8
2024,다나234940,to_in_008,8
2024,다나234941,to_in_001,13
2024,다나234941,to_in_007,5
2024,다나234941,to_in_008,8
2024,다나234942,to_in_001,18
2024,다나234942,to_in_007,8
2024,다나234942,to_in_008,8
2024,다나234943,to_in_001,8
2024,다나234943,to_in_007,8
2024,다나234943,to_in_008,5
2024,다나234944,to_in_001,8
2024,다나234944,to_in_007,5
2024,다나234944,to_in_008,5
2024,다나234994,to_in_001,23
2024,다나234994,to_in_007,8
2024,다나234994,to_in_008,13
2024,다나234995,to_in_001,8
2024,다나234995,to_in_007,5
2024,다나234995,to_in_008,8
2024,다나235758,to_in_001,13
2024,다나235758,to_in_007,8
2024,다나235758,to_in_008,5
2024,다나235760,to_in_001,5
2024,다나235760,to_in_007,5
2024,다나235760,to_in_008,0
2024,다나235765,to_in_001,5
2024,다나235765,to_in_007,0
2024,다나235765,to_in_008,0
2024,다나235766,to_in_001,5
2024,다나235766,to_in_007,0
2024,다나235766,to_in_008,5
2024,다나235779,to_in_001,5
2024,다나235779,to_in_007,5
2024,다나235779,to_in_008,5
2024,다나235780,to_in_001,8
2024,다나235780,to_in_007,5
2024,다나235780,to_in_008,5
2024,다나235781,to_in_001,13
2024,다나235781,to_in_007,8
2024,다나235781,to_in_008,5
2024,다나235782,to_in_001,13
2024,다나235782,to_in_007,5
2024,다나235782,to_in_008,8
2024,다나235783,to_in_001,0
2024,다나235783,to_in_007,0
2024,다나235783,to_in_008,0
2024,다나235940,to_in_001,5
2024,다나235940,to_in_007,5
2024,다나235940,to_in_008,0
2024,다나235941,to_in_001,8
2024,다나235941,to_in_007,8
2024,다나235941,to_in_008,5
2024,다나248761,to_in_001,0
2024,다나248761,to_in_007,0
2024,다나248761,to_in_008,0
2024,다나248762,to_in_001,5
2024,다나248762,to_in_007,5
2024,다나248762,to_in_008,0
2024,다나248764,to_in_001,5
2024,다나248764,to_in_007,5
2024,다나248764,to_in_008,0
2024,다나248765,to_in_001,8
2024,다나248765,to_in_007,5
2024,다나248765,to_in_008,5
2024,다나248774,to_in_001,5
2024,다나248774,to_in_007,5
2024,다나248774,to_in_008,0
2024,다나248779,to_in_001,5
2024,다나248779,to_in_007,5
2024,다나248779,to_in_008,0
2024,다나248780,to_in_001,8
2024,다나248780,to_in_007,8
2024,다나248780,to_in_008,5
2024,다나248801,to_in_001,13
2024,다나248801,to_in_007,8
2024,다나248801,to_in_008,8
2024,다나248802,to_in_001,8
2024,다나248802,to_in_007,5
2024,다나248802,to_in_008,5
2024,다나248803,to_in_001,8
2024,다나248803,to_in_007,5
2024,다나248803,to_in_008,5
2024,다나248804,to_in_001,8
2024,다나248804,to_in_007,0
2024,다나248804,to_in_008,8
2024,다나248805,to_in_001,8
2024,다나248805,to_in_007,5
2024,다나248805,to_in_008,8
2024,다나248976,to_in_001,8
2024,다나248976,to_in_007,5
2024,다나248976,to_in_008,5
2024,다나248990,to_in_001,8
2024,다나248990,to_in_007,5
2024,다나248990,to_in_008,5
2024,다나248991,to_in_001,8
2024,다나248991,to_in_007,5
2024,다나248991,to_in_008,5
2024,다나248998,to_in_001,5
2024,다나248998,to_in_007,5
2024,다나248998,to_in_008,0
2024,다나249762,to_in_001,18
2024,다나249762,to_in_007,13
2024,다나249762,to_in_008,8
2024,다나249763,to_in_001,8
2024,다나249763,to_in_007,5
2024,다나249763,to_in_008,5
2024,다나249765,to_in_001,8
2024,다나249765,to_in_007,5
2024,다나249765,to_in_008,5
2024,다나249770,to_in_001,8
2024,다나249770,to_in_007,5
2024,다나249770,to_in_008,5
2024,다나249779,to_in_001,5
2024,다나249779,to_in_007,5
2024,다나249779,to_in_008,0
2024,다나249788,to_in_001,5
2024,다나249788,to_in_007,5
2024,다나249788,to_in_008,0
2024,다나249799,to_in_001,8
2024,다나249799,to_in_007,5
2024,다나249799,to_in_008,5
2024,다나249800,to_in_001,5
2024,다나249800,to_in_007,0
2024,다나249800,to_in_008,0
2024,다나249801,to_in_001,5
2024,다나249801,to_in_007,5
2024,다나249801,to_in_008,0
2024,다나249804,to_in_001,23
2024,다나249804,to_in_007,8
2024,다나249804,to_in_008,13
2024,다나249805,to_in_001,8
2024,다나249805,to_in_007,8
2024,다나249805,to_in_008,5
2024,다나249973,to_in_001,5
2024,다나249973,to_in_007,5
2024,다나249973,to_in_008,0
2024,다나249990,to_in_001,5
2024,다나249990,to_in_007,5
2024,다나249990,to_in_008,0
2024,다나255777,to_in_001,5
2024,다나255777,to_in_007,0
2024,다나255777,to_in_008,5
2024,다나255795,to_in_001,0
2024,다나255795,to_in_007,0
2024,다나255795,to_in_008,0
2024,다나255796,to_in_001,13
2024,다나255796,to_in_007,8
2024,다나255796,to_in_008,8
2024,다나255803,to_in_001,5
2024,다나255803,to_in_007,5
2024,다나255803,to_in_008,0
2024,다나255815,to_in_001,5
2024,다나255815,to_in_007,0
2024,다나255815,to_in_008,5
2024,다나255989,to_in_001,5
2024,다나255989,to_in_007,5
2024,다나255989,to_in_008,0
2024,다나255992,to_in_001,8
2024,다나255992,to_in_007,5
2024,다나255992,to_in_008,5
2024,다나255993,to_in_001,8
2024,다나255993,to_in_007,8
2024,다나255993,to_in_008,5
2024,다나255994,to_in_001,13
2024,다나255994,to_in_007,5
2024,다나255994,to_in_008,8
2024,다나255995,to_in_001,8
2024,다나255995,to_in_007,8
2024,다나255995,to_in_008,5
2024,다나255996,to_in_001,8
2024,다나255996,to_in_007,5
2024,다나255996,to_in_008,5
2024,다나255997,to_in_001,8
2024,다나255997,to_in_007,8
2024,다나255997,to_in_008,5
2024,다나255998,to_in_001,0
2024,다나255998,to_in_007,0
2024,다나255998,to_in_008,0
2024,다나255999,to_in_001,5
2024,다나255999,to_in_007,0
2024,다나255999,to_in_008,5
2024,다나256760,to_in_001,8
2024,다나256760,to_in_007,8
2024,다나256760,to_in_008,0
2024,다나256762,to_in_001,5
2024,다나256762,to_in_007,0
2024,다나256762,to_in_008,5
2024,다나256763,to_in_001,18
2024,다나256763,to_in_007,8
2024,다나256763,to_in_008,8
2024,다나256766,to_in_001,5
2024,다나256766,to_in_007,0
2024,다나256766,to_in_008,0
2024,다나256769,to_in_001,5
2024,다나256769,to_in_007,0
2024,다나256769,to_in_008,0
2024,다나256773,to_in_001,8
2024,다나256773,to_in_007,5
2024,다나256773,to_in_008,5
2024,다나256774,to_in_001,5
2024,다나256774,to_in_007,0
2024,다나256774,to_in_008,5
2024,다나256775,to_in_001,5
2024,다나256775,to_in_007,0
2024,다나256775,to_in_008,5
2024,다나256779,to_in_001,5
2024,다나256779,to_in_007,5
2024,다나256779,to_in_008,5
2024,다나256794,to_in_001,5
2024,다나256794,to_in_007,0
2024,다나256794,to_in_008,5
2024,다나256795,to_in_001,5
2024,다나256795,to_in_007,0
2024,다나256795,to_in_008,5
2024,다나256803,to_in_001,8
2024,다나256803,to_in_007,5
2024,다나256803,to_in_008,5
2024,다나258966,to_in_001,19
2024,다나258966,to_in_007,14
2024,다나258966,to_in_008,8
2024,다나258967,to_in_001,5
2024,다나258967,to_in_007,0
2024,다나258967,to_in_008,5
2024,다나258970,to_in_001,5
2024,다나258970,to_in_007,0
2024,다나258970,to_in_008,5
2024,다나258971,to_in_001,5
2024,다나258971,to_in_007,5
2024,다나258971,to_in_008,5
2024,다나258984,to_in_001,5
2024,다나258984,to_in_007,5
2024,다나258984,to_in_008,0
2024,다나258993,to_in_001,5
2024,다나258993,to_in_007,0
2024,다나258993,to_in_008,0
2024,다나258994,to_in_001,23
2024,다나258994,to_in_007,8
2024,다나258994,to_in_008,13
2024,다나258996,to_in_001,5
2024,다나258996,to_in_007,0
2024,다나258996,to_in_008,0
2024,다나259763,to_in_001,5
2024,다나259763,to_in_007,5
2024,다나259763,to_in_008,0
2024,다나259764,to_in_001,8
2024,다나259764,to_in_007,5
2024,다나259764,to_in_008,8
2024,다나259769,to_in_001,5
2024,다나259769,to_in_007,5
2024,다나259769,to_in_008,0
2024,다나259771,to_in_001,8
2024,다나259771,to_in_007,5
2024,다나259771,to_in_008,5
2024,다나259773,to_in_001,8
2024,다나259773,to_in_007,5
2024,다나259773,to_in_008,5
2024,다나259783,to_in_001,5
2024,다나259783,to_in_007,5
2024,다나259783,to_in_008,5
2024,다나259784,to_in_001,5
2024,다나259784,to_in_007,0
2024,다나259784,to_in_008,0
2024,다나259791,to_in_001,0
2024,다나259791,to_in_007,0
2024,다나245764,to_in_001,8
2024,다나245764,to_in_007,5
2024,다나245764,to_in_008,5
2024,다나245765,to_in_001,8
2024,다나245765,to_in_007,5
2024,다나245765,to_in_008,5
2024,다나245770,to_in_001,5
2024,다나245770,to_in_007,0
2024,다나245770,to_in_008,5
2024,다나245776,to_in_001,0
2024,다나245776,to_in_007,0
2024,다나245776,to_in_008,0
2024,다나245799,to_in_001,5
2024,다나245799,to_in_007,5
2024,다나245799,to_in_008,0
2024,다나245801,to_in_001,5
2024,다나245801,to_in_007,5
2024,다나245801,to_in_008,5
2024,다나245802,to_in_001,8
2024,다나245802,to_in_007,5
2024,다나245802,to_in_008,8
2024,다나245989,to_in_001,5
2024,다나245989,to_in_007,0
2024,다나245989,to_in_008,0
2024,다나245990,to_in_001,8
2024,다나245990,to_in_007,8
2024,다나245990,to_in_008,5
2024,다나245991,to_in_001,8
2024,다나245991,to_in_007,5
2024,다나245991,to_in_008,5
2024,다나246757,to_in_001,5
2024,다나246757,to_in_007,0
2024,다나246757,to_in_008,5
2024,다나246758,to_in_001,8
2024,다나246758,to_in_007,5
2024,다나246758,to_in_008,8
2024,다나246759,to_in_001,5
2024,다나246759,to_in_007,5
2024,다나246759,to_in_008,0
2024,다나246760,to_in_001,5
2024,다나246760,to_in_007,0
2024,다나246760,to_in_008,0
2024,다나246762,to_in_001,5
2024,다나246762,to_in_007,0
2024,다나246762,to_in_008,0
2024,다나246770,to_in_001,8
2024,다나246770,to_in_007,5
2024,다나246770,to_in_008,5
2024,다나246799,to_in_001,5
2024,다나246799,to_in_007,0
2024,다나246799,to_in_008,0
2024,다나246802,to_in_001,8
2024,다나246802,to_in_007,8
2024,다나246802,to_in_008,5
2024,다나246989,to_in_001,8
2024,다나246989,to_in_007,5
2024,다나246989,to_in_008,5
2024,다나246990,to_in_001,13
2024,다나246990,to_in_007,8
2024,다나246990,to_in_008,5
2024,다나246992,to_in_001,8
2024,다나246992,to_in_007,5
2024,다나246992,to_in_008,5
2024,다나247758,to_in_001,5
2024,다나247758,to_in_007,5
2024,다나247758,to_in_008,0
2024,다나247765,to_in_001,8
2024,다나247765,to_in_007,5
2024,다나247765,to_in_008,5
2024,다나247766,to_in_001,28
2024,다나247766,to_in_007,13
2024,다나247766,to_in_008,13
2024,다나247768,to_in_001,5
2024,다나247768,to_in_007,0
2024,다나247768,to_in_008,0
2024,다나247771,to_in_001,5
2024,다나247771,to_in_007,0
2024,다나247771,to_in_008,5
2024,다나247779,to_in_001,5
2024,다나247779,to_in_007,5
2024,다나247779,to_in_008,5
2024,다나247780,to_in_001,5
2024,다나247780,to_in_007,0
2024,다나247780,to_in_008,5
2024,다나247781,to_in_001,5
2024,다나247781,to_in_007,5
2024,다나247781,to_in_008,0
2024,다나247800,to_in_001,5
2024,다나247800,to_in_007,5
2024,다나247800,to_in_008,5
2024,다나247801,to_in_001,0
2024,다나247801,to_in_007,0
2024,다나247801,to_in_008,0
2024,다나247802,to_in_001,5
2024,다나247802,to_in_007,5
2024,다나247802,to_in_008,5
2024,다나247803,to_in_001,13
2024,다나247803,to_in_007,8
2024,다나247803,to_in_008,8
2024,다나247940,to_in_001,5
2024,다나247940,to_in_007,5
2024,다나247940,to_in_008,0
2024,다나247976,to_in_001,0
2024,다나247976,to_in_007,0
2024,다나247976,to_in_008,0
2024,다나247989,to_in_001,8
2024,다나247989,to_in_007,5
2024,다나247989,to_in_008,8
2024,다나247990,to_in_001,8
2024,다나247990,to_in_007,5
2024,다나247990,to_in_008,5
2024,다나247994,to_in_001,8
2024,다나247994,to_in_007,8
2024,다나247994,to_in_008,5
2024,다나248758,to_in_001,5
2024,다나248758,to_in_007,0
2024,다나248758,to_in_008,5
2024,다나253837,to_in_001,5
2024,다나253837,to_in_007,5
2024,다나253837,to_in_008,0
2024,다나253992,to_in_001,5
2024,다나253992,to_in_007,5
2024,다나253992,to_in_008,5
2024,다나253996,to_in_001,8
2024,다나253996,to_in_007,5
2024,다나253996,to_in_008,8
2024,다나253999,to_in_001,5
2024,다나253999,to_in_007,0
2024,다나253999,to_in_008,5
2024,다나254758,to_in_001,5
2024,다나254758,to_in_007,0
2024,다나254758,to_in_008,5
2024,다나254760,to_in_001,5
2024,다나254760,to_in_007,5
2024,다나254760,to_in_008,5
2024,다나254762,to_in_001,5
2024,다나254762,to_in_007,5
2024,다나254762,to_in_008,0
2024,다나254763,to_in_001,23
2024,다나254763,to_in_007,13
2024,다나254763,to_in_008,13
2024,다나254771,to_in_001,5
2024,다나254771,to_in_007,0
2024,다나254771,to_in_008,0
2024,다나254775,to_in_001,5
2024,다나254775,to_in_007,0
2024,다나254775,to_in_008,5
2024,다나254776,to_in_001,23
2024,다나254776,to_in_007,13
2024,다나254776,to_in_008,8
2024,다나254777,to_in_001,5
2024,다나254777,to_in_007,0
2024,다나254777,to_in_008,0
2024,다나254805,to_in_001,5
2024,다나254805,to_in_007,0
2024,다나254805,to_in_008,0
2024,다나254806,to_in_001,5
2024,다나254806,to_in_007,0
2024,다나254806,to_in_008,5
2024,다나254947,to_in_001,0
2024,다나254947,to_in_007,0
2024,다나254947,to_in_008,0
2024,다나254990,to_in_001,8
2024,다나254990,to_in_007,5
2024,다나254990,to_in_008,5
2024,다나254992,to_in_001,8
2024,다나254992,to_in_007,5
2024,다나254992,to_in_008,5
2024,다나254993,to_in_001,5
2024,다나254993,to_in_007,5
2024,다나254993,to_in_008,5
2024,다나254994,to_in_001,5
2024,다나254994,to_in_007,5
2024,다나254994,to_in_008,0
2024,다나254996,to_in_001,5
2024,다나254996,to_in_007,0
2024,다나254996,to_in_008,5
2024,다나255763,to_in_001,28
2024,다나255763,to_in_007,13
2024,다나255763,to_in_008,13
2024,다나255768,to_in_001,8
2024,다나255768,to_in_007,5
2024,다나255768,to_in_008,5
2024,다나255769,to_in_001,0
2024,다나255769,to_in_007,0
2024,다나255769,to_in_008,0
2024,다나255770,to_in_001,5
2024,다나255770,to_in_007,0
2024,다나255770,to_in_008,5
2024,다나255772,to_in_001,5
2024,다나255772,to_in_007,5
2024,다나255772,to_in_008,5
2024,다나255773,to_in_001,5
2024,다나255773,to_in_007,5
2024,다나255773,to_in_008,0
2024,다나255776,to_in_001,8
2024,다나255776,to_in_007,5
2024,다나255776,to_in_008,8
2024,다나257969,to_in_001,8
2024,다나257969,to_in_007,5
2024,다나257969,to_in_008,5
2024,다나257970,to_in_001,8
2024,다나257970,to_in_007,5
2024,다나257970,to_in_008,5
2024,다나257971,to_in_001,13
2024,다나257971,to_in_007,8
2024,다나257971,to_in_008,8
2024,다나257972,to_in_001,8
2024,다나257972,to_in_007,5
2024,다나257972,to_in_008,8
2024,다나257991,to_in_001,0
2024,다나257991,to_in_007,0
2024,다나257991,to_in_008,0
2024,다나257994,to_in_001,8
2024,다나257994,to_in_007,5
2024,다나257994,to_in_008,5
2024,다나257995,to_in_001,8
2024,다나257995,to_in_007,5
2024,다나257995,to_in_008,8
2024,다나257996,to_in_001,0
2024,다나257996,to_in_007,0
2024,다나257996,to_in_008,0
2024,다나258763,to_in_001,5
2024,다나258763,to_in_007,5
2024,다나258763,to_in_008,0
2024,다나258766,to_in_001,5
2024,다나258766,to_in_007,5
2024,다나258766,to_in_008,0
2024,다나258767,to_in_001,5
2024,다나258767,to_in_007,5
2024,다나258767,to_in_008,0
2024,다나258769,to_in_001,0
2024,다나258769,to_in_007,0
2024,다나258769,to_in_008,0
2024,다나258771,to_in_001,8
2024,다나258771,to_in_007,5
2024,다나258771,to_in_008,5
2024,다나258774,to_in_001,8
2024,다나258774,to_in_007,8
2024,다나258774,to_in_008,5
2024,다나258784,to_in_001,5
2024,다나258784,to_in_007,5
2024,다나258784,to_in_008,0
2024,다나258785,to_in_001,0
2024,다나258785,to_in_007,0
2024,다나258785,to_in_008,0
2024,다나258793,to_in_001,0
2024,다나258793,to_in_007,0
2024,다나258793,to_in_008,0
2024,다나258794,to_in_001,0
2024,다나258794,to_in_007,0
2024,다나258794,to_in_008,0
2024,다나258796,to_in_001,0
2024,다나258796,to_in_007,0
2024,다나258796,to_in_008,0
2024,다나258804,to_in_001,0
2024,다나258804,to_in_007,0
2024,다나258804,to_in_008,0
2024,다나258811,to_in_001,5
2024,다나258811,to_in_007,0
2024,다나258811,to_in_008,5
2024,다나258815,to_in_001,5
2024,다나258815,to_in_007,5
2024,다나258815,to_in_008,0
2024,다나258824,to_in_001,5
2024,다나258824,to_in_007,5
2024,다나258824,to_in_008,5
2024,다나258825,to_in_001,8
2024,다나258825,to_in_007,8
2024,다나258825,to_in_008,5
2024,다나258826,to_in_001,0
2024,다나258826,to_in_007,0
2024,다나258826,to_in_008,0
2024,다나258827,to_in_001,8
2024,다나258827,to_in_007,5
2024,다나258827,to_in_008,5
2024,다나258828,to_in_001,5
2024,다나258828,to_in_007,0
2024,다나258828,to_in_008,0
2024,다나258831,to_in_001,5
2024,다나258831,to_in_007,0
2024,다나258831,to_in_008,5
2024,다나263772,to_in_001,5
2024,다나263772,to_in_007,0
2024,다나263772,to_in_008,0
2024,다나263776,to_in_001,5
2024,다나263776,to_in_007,0
2024,다나263776,to_in_008,5
2024,다나263777,to_in_001,5
2024,다나263777,to_in_007,5
2024,다나263777,to_in_008,5
2024,다나263778,to_in_001,5
2024,다나263778,to_in_007,0
2024,다나242999,to_in_001,8
2024,다나242999,to_in_007,5
2024,다나242999,to_in_008,5
2024,다나243761,to_in_001,18
2024,다나243761,to_in_007,8
2024,다나243761,to_in_008,8
2024,다나243762,to_in_001,13
2024,다나243762,to_in_007,5
2024,다나243762,to_in_008,8
2024,다나243763,to_in_001,8
2024,다나243763,to_in_007,8
2024,다나243763,to_in_008,8
2024,다나243764,to_in_001,5
2024,다나243764,to_in_007,5
2024,다나243764,to_in_008,5
2024,다나243765,to_in_001,18
2024,다나243765,to_in_007,8
2024,다나243765,to_in_008,8
2024,다나243801,to_in_001,18
2024,다나243801,to_in_007,8
2024,다나243801,to_in_008,8
2024,다나243991,to_in_001,13
2024,다나243991,to_in_007,8
2024,다나243991,to_in_008,8
2024,다나243993,to_in_001,5
2024,다나243993,to_in_007,0
2024,다나243993,to_in_008,0
2024,다나244757,to_in_001,0
2024,다나244757,to_in_007,0
2024,다나244757,to_in_008,0
2024,다나244760,to_in_001,8
2024,다나244760,to_in_007,5
2024,다나244760,to_in_008,5
2024,다나244761,to_in_001,13
2024,다나244761,to_in_007,8
2024,다나244761,to_in_008,8
2024,다나244762,to_in_001,48
2024,다나244762,to_in_007,28
2024,다나244762,to_in_008,23
2024,다나244763,to_in_001,23
2024,다나244763,to_in_007,18
2024,다나244763,to_in_008,8
2024,다나244764,to_in_001,5
2024,다나244764,to_in_007,5
2024,다나244764,to_in_008,0
2024,다나244780,to_in_001,5
2024,다나244780,to_in_007,5
2024,다나244780,to_in_008,0
2024,다나244793,to_in_001,5
2024,다나244793,to_in_007,0
2024,다나244793,to_in_008,5
2024,다나244981,to_in_001,5
2024,다나244981,to_in_007,0
2024,다나244981,to_in_008,5
2024,다나245757,to_in_001,5
2024,다나245757,to_in_007,5
2024,다나245757,to_in_008,5
2024,다나245760,to_in_001,8
2024,다나245760,to_in_007,8
2024,다나245760,to_in_008,5
2024,다나245761,to_in_001,13
2024,다나245761,to_in_007,8
2024,다나245761,to_in_008,8
2024,다나245762,to_in_001,43
2024,다나245762,to_in_007,28
2024,다나245762,to_in_008,18
2024,다나245763,to_in_001,8
2024,다나245763,to_in_007,5
2024,다나245763,to_in_008,8
2024,다나251763,to_in_001,8
2024,다나251763,to_in_007,5
2024,다나251763,to_in_008,8
2024,다나251768,to_in_001,0
2024,다나251768,to_in_007,0
2024,다나251768,to_in_008,0
2024,다나251770,to_in_001,5
2024,다나251770,to_in_007,0
2024,다나251770,to_in_008,5
2024,다나251774,to_in_001,0
2024,다나251774,to_in_007,0
2024,다나251774,to_in_008,0
2024,다나251796,to_in_001,0
2024,다나251796,to_in_007,0
2024,다나251796,to_in_008,0
2024,다나251801,to_in_001,0
2024,다나251801,to_in_007,0
2024,다나251801,to_in_008,0
2024,다나251802,to_in_001,28
2024,다나251802,to_in_007,13
2024,다나251802,to_in_008,13
2024,다나251803,to_in_001,8
2024,다나251803,to_in_007,5
2024,다나251803,to_in_008,8
2024,다나251804,to_in_001,5
2024,다나251804,to_in_007,5
2024,다나251804,to_in_008,0
2024,다나251808,to_in_001,28
2024,다나251808,to_in_007,8
2024,다나251808,to_in_008,18
2024,다나251838,to_in_001,8
2024,다나251838,to_in_007,8
2024,다나251838,to_in_008,5
2024,다나251975,to_in_001,5
2024,다나251975,to_in_007,5
2024,다나251975,to_in_008,0
2024,다나251976,to_in_001,5
2024,다나251976,to_in_007,5
2024,다나251976,to_in_008,0
2024,다나251990,to_in_001,8
2024,다나251990,to_in_007,5
2024,다나251990,to_in_008,5
2024,다나251991,to_in_001,39
2024,다나251991,to_in_007,14
2024,다나251991,to_in_008,23
2024,다나251998,to_in_001,5
2024,다나251998,to_in_007,0
2024,다나251998,to_in_008,0
2024,다나252759,to_in_001,8
2024,다나252759,to_in_007,8
2024,다나252759,to_in_008,5
2024,다나252762,to_in_001,5
2024,다나252762,to_in_007,5
2024,다나252762,to_in_008,5
2024,다나252763,to_in_001,13
2024,다나252763,to_in_007,8
2024,다나252763,to_in_008,8
2024,다나252768,to_in_001,5
2024,다나252768,to_in_007,5
2024,다나252768,to_in_008,0
2024,다나252778,to_in_001,5
2024,다나252778,to_in_007,0
2024,다나252778,to_in_008,0
2024,다나252780,to_in_001,5
2024,다나252780,to_in_007,5
2024,다나252780,to_in_008,5
2024,다나252789,to_in_001,0
2024,다나252789,to_in_007,0
2024,다나252789,to_in_008,0
2024,다나252800,to_in_001,5
2024,다나252800,to_in_007,5
2024,다나252800,to_in_008,0
2024,다나252802,to_in_001,5
2024,다나252802,to_in_007,5
2024,다나252802,to_in_008,5
2024,다나252803,to_in_001,18
2024,다나252803,to_in_007,13
2024,다나252803,to_in_008,5
2024,다나252804,to_in_001,8
2024,다나252804,to_in_007,5
2024,다나252804,to_in_008,5
2024,다나252826,to_in_001,0
2024,다나252826,to_in_007,0
2024,다나252826,to_in_008,0
2024,다나252922,to_in_001,5
2024,다나252922,to_in_007,5
2024,다나252922,to_in_008,0
2024,다나252991,to_in_001,18
2024,다나252991,to_in_007,8
2024,다나252991,to_in_008,13
2024,다나252992,to_in_001,8
2024,다나252992,to_in_007,5
2024,다나252992,to_in_008,5
2024,다나252994,to_in_001,0
2024,다나252994,to_in_007,0
2024,다나252994,to_in_008,0
2024,다나252997,to_in_001,5
2024,다나252997,to_in_007,5
2024,다나252997,to_in_008,0
2024,다나252998,to_in_001,8
2024,다나252998,to_in_007,8
2024,다나252998,to_in_008,0
2024,다나252999,to_in_001,8
2024,다나252999,to_in_007,5
2024,다나252999,to_in_008,8
2024,다나253758,to_in_001,5
2024,다나253758,to_in_007,5
2024,다나253758,to_in_008,0
2024,다나253759,to_in_001,23
2024,다나253759,to_in_007,18
2024,다나253759,to_in_008,8
2024,다나253762,to_in_001,5
2024,다나253762,to_in_007,0
2024,다나253762,to_in_008,5
2024,다나253763,to_in_001,5
2024,다나253763,to_in_007,5
2024,다나253763,to_in_008,0
2024,다나253766,to_in_001,18
2024,다나253766,to_in_007,8
2024,다나253766,to_in_008,8
2024,다나253768,to_in_001,5
2024,다나253768,to_in_007,5
2024,다나253768,to_in_008,0
2024,다나253774,to_in_001,5
2024,다나253774,to_in_007,5
2024,다나253774,to_in_008,5
2024,다나253797,to_in_001,5
2024,다나253797,to_in_007,0
2024,다나253797,to_in_008,0
2024,다나253801,to_in_001,5
2024,다나253801,to_in_007,5
2024,다나253801,to_in_008,0
2024,다나253802,to_in_001,5
2024,다나253802,to_in_007,0
2024,다나253802,to_in_008,5
2024,다나253805,to_in_001,8
2024,다나253805,to_in_007,8
2024,다나253805,to_in_008,5
2024,다나253808,to_in_001,5
2024,다나253808,to_in_007,0
2024,다나253808,to_in_008,5
2024,다나253815,to_in_001,5
2024,다나253815,to_in_007,0
2024,다나253815,to_in_008,0
2024,다나253819,to_in_001,5
2024,다나253819,to_in_007,5
2024,다나253819,to_in_008,0
2024,다나253830,to_in_001,5
2024,다나253830,to_in_007,5
2024,다나253830,to_in_008,0
2024,다나262769,to_in_001,13
2024,다나262769,to_in_007,8
2024,다나262769,to_in_008,8
2024,다나262770,to_in_001,8
2024,다나262770,to_in_007,5
2024,다나262770,to_in_008,8
2024,다나262771,to_in_001,70
2024,다나262771,to_in_007,36
2024,다나262771,to_in_008,32
2024,다나262772,to_in_001,109
2024,다나262772,to_in_007,54
2024,다나262772,to_in_008,58
2024,다나262774,to_in_001,5
2024,다나262774,to_in_007,5
2024,다나262774,to_in_008,0
2024,다나262776,to_in_001,5
2024,다나262776,to_in_007,5
2024,다나262776,to_in_008,0
2024,다나262777,to_in_001,13
2024,다나262777,to_in_007,8
2024,다나262777,to_in_008,8
2024,다나262778,to_in_001,5
2024,다나262778,to_in_007,5
2024,다나262778,to_in_008,5
2024,다나262779,to_in_001,8
2024,다나262779,to_in_007,5
2024,다나262779,to_in_008,8
2024,다나262780,to_in_001,8
2024,다나262780,to_in_007,8
2024,다나262780,to_in_008,0
2024,다나262788,to_in_001,5
2024,다나262788,to_in_007,5
2024,다나262788,to_in_008,5
2024,다나262793,to_in_001,0
2024,다나262793,to_in_007,0
2024,다나262793,to_in_008,0
2024,다나262798,to_in_001,8
2024,다나262798,to_in_007,5
2024,다나262798,to_in_008,5
2024,다나262802,to_in_001,5
2024,다나262802,to_in_007,0
2024,다나262802,to_in_008,0
2024,다나262803,to_in_001,5
2024,다나262803,to_in_007,0
2024,다나262803,to_in_008,5
2024,다나262804,to_in_001,5
2024,다나262804,to_in_007,0
2024,다나262804,to_in_008,0
2024,다나262813,to_in_001,5
2024,다나262813,to_in_007,0
2024,다나262813,to_in_008,0
2024,다나262831,to_in_001,0
2024,다나262831,to_in_007,0
2024,다나262831,to_in_008,0
2024,다나262965,to_in_001,8
2024,다나262965,to_in_007,8
2024,다나262965,to_in_008,5
2024,다나262966,to_in_001,13
2024,다나262966,to_in_007,8
2024,다나262966,to_in_008,8
2024,다나262967,to_in_001,0
2024,다나262967,to_in_007,0
2024,다나262967,to_in_008,0
2024,다나262969,to_in_001,8
2024,다나262969,to_in_007,8
2024,다나262969,to_in_008,8
2024,다나262971,to_in_001,18
2024,다나262971,to_in_007,8
2024,다나262971,to_in_008,8
2024,다나262983,to_in_001,5
2024,다나262983,to_in_007,5
2024,다나262983,to_in_008,0
2024,다나263762,to_in_001,5
2024,다나263762,to_in_007,0
2024,다나241764,to_in_001,5
2024,다나241764,to_in_007,5
2024,다나241764,to_in_008,0
2024,다나241773,to_in_001,0
2024,다나241773,to_in_007,0
2024,다나241773,to_in_008,0
2024,다나241778,to_in_001,5
2024,다나241778,to_in_007,0
2024,다나241778,to_in_008,0
2024,다나249991,to_in_001,5
2024,다나249991,to_in_007,0
2024,다나249991,to_in_008,0
2024,다나249998,to_in_001,8
2024,다나249998,to_in_007,5
2024,다나249998,to_in_008,5
2024,다나249999,to_in_001,8
2024,다나249999,to_in_007,5
2024,다나249999,to_in_008,5
2024,다나250758,to_in_001,8
2024,다나250758,to_in_007,5
2024,다나250758,to_in_008,5
2024,다나250759,to_in_001,5
2024,다나250759,to_in_007,5
2024,다나250759,to_in_008,5
2024,다나250760,to_in_001,13
2024,다나250760,to_in_007,5
2024,다나250760,to_in_008,8
2024,다나250761,to_in_001,13
2024,다나250761,to_in_007,5
2024,다나250761,to_in_008,8
2024,다나250762,to_in_001,8
2024,다나250762,to_in_007,5
2024,다나250762,to_in_008,5
2024,다나250765,to_in_001,5
2024,다나250765,to_in_007,5
2024,다나250765,to_in_008,0
2024,다나250770,to_in_001,5
2024,다나250770,to_in_007,5
2024,다나250770,to_in_008,0
2024,다나250772,to_in_001,5
2024,다나250772,to_in_007,5
2024,다나250772,to_in_008,5
2024,다나250785,to_in_001,0
2024,다나250785,to_in_007,0
2024,다나250785,to_in_008,0
2024,다나250798,to_in_001,13
2024,다나250798,to_in_007,5
2024,다나250798,to_in_008,8
2024,다나250801,to_in_001,5
2024,다나250801,to_in_007,0
2024,다나250801,to_in_008,0
2024,다나250802,to_in_001,8
2024,다나250802,to_in_007,5
2024,다나250802,to_in_008,5
2024,다나250803,to_in_001,8
2024,다나250803,to_in_007,5
2024,다나250803,to_in_008,5
2024,다나250804,to_in_001,8
2024,다나250804,to_in_007,8
2024,다나250804,to_in_008,5
2024,다나250808,to_in_001,8
2024,다나250808,to_in_007,0
2024,다나250808,to_in_008,5
2024,다나250849,to_in_001,0
2024,다나250849,to_in_007,0
2024,다나250849,to_in_008,0
2024,다나250944,to_in_001,5
2024,다나250944,to_in_007,5
2024,다나250944,to_in_008,0
2024,다나250990,to_in_001,0
2024,다나250990,to_in_007,0
2024,다나250990,to_in_008,0
2024,다나250991,to_in_001,18
2024,다나250991,to_in_007,8
2024,다나250991,to_in_008,8
2024,다나251758,to_in_001,5
2024,다나251758,to_in_007,0
2024,다나251758,to_in_008,5
2024,다나251759,to_in_001,5
2024,다나251759,to_in_007,5
2024,다나251759,to_in_008,0
2024,다나251760,to_in_001,18
2024,다나251760,to_in_007,8
2024,다나251760,to_in_008,13
2024,다나251761,to_in_001,8
2024,다나251761,to_in_007,5
2024,다나251761,to_in_008,8
2024,다나251762,to_in_001,18
2024,다나251762,to_in_007,13
2024,다나251762,to_in_008,8
2024,다나256804,to_in_001,5
2024,다나256804,to_in_007,0
2024,다나256804,to_in_008,5
2024,다나256806,to_in_001,5
2024,다나256806,to_in_007,5
2024,다나256806,to_in_008,5
2024,다나256807,to_in_001,8
2024,다나256807,to_in_007,8
2024,다나256807,to_in_008,5
2024,다나256812,to_in_001,8
2024,다나256812,to_in_007,5
2024,다나256812,to_in_008,5
2024,다나256813,to_in_001,0
2024,다나256813,to_in_007,0
2024,다나256813,to_in_008,0
2024,다나256815,to_in_001,8
2024,다나256815,to_in_007,8
2024,다나256815,to_in_008,5
2024,다나256822,to_in_001,0
2024,다나256822,to_in_007,0
2024,다나256822,to_in_008,0
2024,다나256830,to_in_001,8
2024,다나256830,to_in_007,5
2024,다나256830,to_in_008,5
2024,다나256994,to_in_001,13
2024,다나256994,to_in_007,5
2024,다나256994,to_in_008,8
2024,다나256995,to_in_001,5
2024,다나256995,to_in_007,0
2024,다나256995,to_in_008,5
2024,다나256996,to_in_001,8
2024,다나256996,to_in_007,5
2024,다나256996,to_in_008,5
2024,다나256997,to_in_001,5
2024,다나256997,to_in_007,5
2024,다나256997,to_in_008,5
2024,다나256998,to_in_001,5
2024,다나256998,to_in_007,0
2024,다나256998,to_in_008,0
2024,다나257763,to_in_001,5
2024,다나257763,to_in_007,5
2024,다나257763,to_in_008,0
2024,다나257766,to_in_001,0
2024,다나257766,to_in_007,0
2024,다나257766,to_in_008,0
2024,다나257772,to_in_001,8
2024,다나257772,to_in_007,5
2024,다나257772,to_in_008,8
2024,다나257774,to_in_001,13
2024,다나257774,to_in_007,8
2024,다나257774,to_in_008,8
2024,다나257779,to_in_001,0
2024,다나257779,to_in_007,0
2024,다나257779,to_in_008,0
2024,다나257793,to_in_001,5
2024,다나257793,to_in_007,0
2024,다나257793,to_in_008,5
2024,다나257803,to_in_001,5
2024,다나257803,to_in_007,0
2024,다나257803,to_in_008,0
2024,다나257805,to_in_001,5
2024,다나257805,to_in_007,0
2024,다나257805,to_in_008,5
2024,다나257807,to_in_001,8
2024,다나257807,to_in_007,5
2024,다나257807,to_in_008,5
2024,다나257811,to_in_001,5
2024,다나257811,to_in_007,5
2024,다나257811,to_in_008,0
2024,다나257812,to_in_001,8
2024,다나257812,to_in_007,5
2024,다나257812,to_in_008,8
2024,다나257824,to_in_001,8
2024,다나257824,to_in_007,5
2024,다나257824,to_in_008,5
2024,다나257825,to_in_001,5
2024,다나257825,to_in_007,5
2024,다나257825,to_in_008,0
2024,다나257924,to_in_001,5
2024,다나257924,to_in_007,0
2024,다나257924,to_in_008,5
2024,다나260994,to_in_001,5
2024,다나260994,to_in_007,0
2024,다나260994,to_in_008,5
2024,다나260995,to_in_001,8
2024,다나260995,to_in_007,0
2024,다나260995,to_in_008,5
2024,다나260996,to_in_001,8
2024,다나260996,to_in_007,5
2024,다나260996,to_in_008,5
2024,다나260997,to_in_001,8
2024,다나260997,to_in_007,5
2024,다나260997,to_in_008,5
2024,다나261766,to_in_001,13
2024,다나261766,to_in_007,8
2024,다나261766,to_in_008,8
2024,다나261767,to_in_001,13
2024,다나261767,to_in_007,8
2024,다나261767,to_in_008,8
2024,다나261768,to_in_001,5
2024,다나261768,to_in_007,5
2024,다나261768,to_in_008,0
2024,다나261769,to_in_001,0
2024,다나261769,to_in_007,0
2024,다나261769,to_in_008,0
2024,다나261772,to_in_001,5
2024,다나261772,to_in_007,0
2024,다나261772,to_in_008,0
2024,다나261776,to_in_001,5
2024,다나261776,to_in_007,5
2024,다나261776,to_in_008,5
2024,다나261777,to_in_001,5
2024,다나261777,to_in_007,5
2024,다나261777,to_in_008,0
2024,다나261778,to_in_001,0
2024,다나261778,to_in_007,0
2024,다나261778,to_in_008,0
2024,다나261788,to_in_001,5
2024,다나261788,to_in_007,5
2024,다나261788,to_in_008,5
2024,다나261790,to_in_001,5
2024,다나261790,to_in_007,0
2024,다나261790,to_in_008,5
2024,다나261791,to_in_001,13
2024,다나261791,to_in_007,8
2024,다나261791,to_in_008,8
2024,다나261792,to_in_001,13
2024,다나261792,to_in_007,8
2024,다나261792,to_in_008,8
2024,다나261793,to_in_001,8
2024,다나261793,to_in_007,0
2024,다나261793,to_in_008,5
2024,다나261794,to_in_001,5
2024,다나261794,to_in_007,0
2024,다나261794,to_in_008,5
2024,다나261808,to_in_001,5
2024,다나261808,to_in_007,0
2024,다나261808,to_in_008,0
2024,다나261810,to_in_001,5
2024,다나261810,to_in_007,0
2024,다나261810,to_in_008,5
2024,다나261958,to_in_001,5
2024,다나261958,to_in_007,5
2024,다나261958,to_in_008,0
2024,다나261959,to_in_001,5
2024,다나261959,to_in_007,0
2024,다나261959,to_in_008,0
2024,다나261964,to_in_001,5
2024,다나261964,to_in_007,5
2024,다나261964,to_in_008,0
2024,다나261965,to_in_001,8
2024,다나261965,to_in_007,5
2024,다나261965,to_in_008,8
2024,다나261966,to_in_001,8
2024,다나261966,to_in_007,5
2024,다나261966,to_in_008,5
2024,다나261967,to_in_001,5
2024,다나261967,to_in_007,5
2024,다나261967,to_in_008,5
2024,다나261968,to_in_001,13
2024,다나261968,to_in_007,5
2024,다나261968,to_in_008,8
2024,다나262762,to_in_001,0
2024,다나262762,to_in_007,0
2024,다나262762,to_in_008,0
2024,다나262763,to_in_001,8
2024,다나262763,to_in_007,8
2024,다나262763,to_in_008,5
2024,다나262764,to_in_001,53
2024,다나262764,to_in_007,28
2024,다나262764,to_in_008,23
2024,다나262765,to_in_001,18
2024,다나262765,to_in_007,13
2024,다나262765,to_in_008,8
2024,다나262766,to_in_001,18
2024,다나262766,to_in_007,13
2024,다나262766,to_in_008,8
2024,다나262767,to_in_001,23
2024,다나262767,to_in_007,8
2024,다나262767,to_in_008,13
2024,다나262768,to_in_001,13
2024,다나262768,to_in_007,8
2024,다나262768,to_in_008,8
2024,다나265768,to_in_001,18
2024,다나265768,to_in_007,8
2024,다나265768,to_in_008,8
2024,다나265769,to_in_001,8
2024,다나265769,to_in_007,5
2024,다나265769,to_in_008,5
2024,다나265771,to_in_001,5
2024,다나265771,to_in_007,5
2024,다나265771,to_in_008,0
2024,다나265774,to_in_001,5
2024,다나265774,to_in_007,5
2024,다나265774,to_in_008,0
2024,다나265778,to_in_001,8
2024,다나265778,to_in_007,5
2024,다나265778,to_in_008,5
2024,다나265779,to_in_001,5
2024,다나265779,to_in_007,0
2024,다나265779,to_in_008,5
2024,다나265780,to_in_001,8
2024,다나265780,to_in_007,5
2024,다나260966,to_in_001,8
2024,다나260966,to_in_007,5
2024,다나260966,to_in_008,5
2024,다나260967,to_in_001,18
2024,다나260967,to_in_007,8
2024,다나260967,to_in_008,8
2024,다나260970,to_in_001,8
2024,다나260970,to_in_007,5
2024,다나260970,to_in_008,5
2024,다나260971,to_in_001,5
2024,다나260971,to_in_007,0
2024,다나260971,to_in_008,5
2024,다나260992,to_in_001,5
2024,다나260992,to_in_007,0
2024,다나260992,to_in_008,0
2024,다나260993,to_in_001,5
2024,다나260993,to_in_007,0
2024,다나260993,to_in_008,5
2024,다나270802,to_in_001,5
2024,다나270802,to_in_007,5
2024,다나270802,to_in_008,5
2024,다나270803,to_in_001,8
2024,다나270803,to_in_007,5
2024,다나270803,to_in_008,5
2024,다나270806,to_in_001,13
2024,다나270806,to_in_007,8
2024,다나270806,to_in_008,5
2024,다나270820,to_in_001,5
2024,다나270820,to_in_007,0
2024,다나270820,to_in_008,0
2024,다나270821,to_in_001,8
2024,다나270821,to_in_007,5
2024,다나270821,to_in_008,8
2024,다나270822,to_in_001,8
2024,다나270822,to_in_007,5
2024,다나270822,to_in_008,8
2024,다나270823,to_in_001,5
2024,다나270823,to_in_007,5
2024,다나270823,to_in_008,0
2024,다나270827,to_in_001,0
2024,다나270827,to_in_007,0
2024,다나270827,to_in_008,0
2024,다나270968,to_in_001,5
2024,다나270968,to_in_007,5
2024,다나270968,to_in_008,5
2024,다나270972,to_in_001,5
2024,다나270972,to_in_007,5
2024,다나270972,to_in_008,5
2024,다나270973,to_in_001,8
2024,다나270973,to_in_007,8
2024,다나270973,to_in_008,5
2024,다나270998,to_in_001,5
2024,다나270998,to_in_007,5
2024,다나270998,to_in_008,5
2024,다나271764,to_in_001,18
2024,다나271764,to_in_007,8
2024,다나271764,to_in_008,8
2024,다나271765,to_in_001,44
2024,다나271765,to_in_007,23
2024,다나271765,to_in_008,19
2024,다나271766,to_in_001,38
2024,다나271766,to_in_007,18
2024,다나271766,to_in_008,18
2024,다나271767,to_in_001,18
2024,다나271767,to_in_007,8
2024,다나271767,to_in_008,13
2024,다나271768,to_in_001,38
2024,다나271768,to_in_007,18
2024,다나271768,to_in_008,23
2024,다나271769,to_in_001,8
2024,다나271769,to_in_007,5
2024,다나271769,to_in_008,5
2024,다나271771,to_in_001,8
2024,다나271771,to_in_007,5
2024,다나271771,to_in_008,5
2024,다나271772,to_in_001,18
2024,다나271772,to_in_007,8
2024,다나271772,to_in_008,8
2024,다나271773,to_in_001,13
2024,다나271773,to_in_007,8
2024,다나271773,to_in_008,8
2024,다나271774,to_in_001,8
2024,다나271774,to_in_007,8
2024,다나271774,to_in_008,5
2024,다나271786,to_in_001,0
2024,다나271786,to_in_007,0
2024,다나271786,to_in_008,0
2024,다나271793,to_in_001,5
2024,다나271793,to_in_007,0
2024,다나271793,to_in_008,0
2024,다나271794,to_in_001,5
2024,다나271794,to_in_007,0
2024,다나271794,to_in_008,5
2024,다나271795,to_in_001,8
2024,다나271795,to_in_007,5
2024,다나271795,to_in_008,5
2024,다나271797,to_in_001,5
2024,다나271797,to_in_007,5
2024,다나271797,to_in_008,5
2024,다나271798,to_in_001,8
2024,다나271798,to_in_007,5
2024,다나271798,to_in_008,5
2024,다나271800,to_in_001,38
2024,다나271800,to_in_007,18
2024,다나271800,to_in_008,18
2024,다나271801,to_in_001,8
2024,다나271801,to_in_007,5
2024,다나271801,to_in_008,5
2024,다나271802,to_in_001,13
2024,다나271802,to_in_007,8
2024,다나271802,to_in_008,8
2024,다나275768,to_in_001,135
2024,다나275768,to_in_007,66
2024,다나275768,to_in_008,67
2024,다나275769,to_in_001,109
2024,다나275769,to_in_007,55
2024,다나275769,to_in_008,52
2024,다나275770,to_in_001,23
2024,다나275770,to_in_007,13
2024,다나275770,to_in_008,8
2024,다나275771,to_in_001,8
2024,다나275771,to_in_007,5
2024,다나275771,to_in_008,5
2024,다나275780,to_in_001,5
2024,다나275780,to_in_007,5
2024,다나275780,to_in_008,0
2024,다나275781,to_in_001,8
2024,다나275781,to_in_007,5
2024,다나275781,to_in_008,5
2024,다나275783,to_in_001,8
2024,다나275783,to_in_007,5
2024,다나275783,to_in_008,8
2024,다나275784,to_in_001,5
2024,다나275784,to_in_007,0
2024,다나275784,to_in_008,5
2024,다나275786,to_in_001,8
2024,다나275786,to_in_007,0
2024,다나259791,to_in_008,0
2024,다나259792,to_in_001,13
2024,다나259792,to_in_007,8
2024,다나259792,to_in_008,8
2024,다나259793,to_in_001,13
2024,다나259793,to_in_007,8
2024,다나259793,to_in_008,8
2024,다나259794,to_in_001,5
2024,다나259794,to_in_007,0
2024,다나259794,to_in_008,0
2024,다나259795,to_in_001,8
2024,다나259795,to_in_007,5
2024,다나259795,to_in_008,5
2024,다나259796,to_in_001,5
2024,다나259796,to_in_007,0
2024,다나259796,to_in_008,0
2024,다나259803,to_in_001,5
2024,다나259803,to_in_007,0
2024,다나259803,to_in_008,0
2024,다나259809,to_in_001,8
2024,다나259809,to_in_007,5
2024,다나259809,to_in_008,5
2024,다나259825,to_in_001,8
2024,다나259825,to_in_007,5
2024,다나259825,to_in_008,5
2024,다나259828,to_in_001,0
2024,다나259828,to_in_007,0
2024,다나259828,to_in_008,0
2024,다나259939,to_in_001,8
2024,다나259939,to_in_007,5
2024,다나259939,to_in_008,5
2024,다나259953,to_in_001,5
2024,다나259953,to_in_007,0
2024,다나259953,to_in_008,5
2024,다나259963,to_in_001,5
2024,다나259963,to_in_007,0
2024,다나259963,to_in_008,0
2024,다나259964,to_in_001,0
2024,다나259964,to_in_007,0
2024,다나259964,to_in_008,0
2024,다나259965,to_in_001,0
2024,다나259965,to_in_007,0
2024,다나259965,to_in_008,0
2024,다나259966,to_in_001,13
2024,다나259966,to_in_007,8
2024,다나259966,to_in_008,8
2024,다나259967,to_in_001,18
2024,다나259967,to_in_007,8
2024,다나259967,to_in_008,8
2024,다나259968,to_in_001,5
2024,다나259968,to_in_007,0
2024,다나259968,to_in_008,0
2024,다나259969,to_in_001,0
2024,다나259969,to_in_007,0
2024,다나259969,to_in_008,0
2024,다나264769,to_in_001,23
2024,다나264769,to_in_007,13
2024,다나264769,to_in_008,13
2024,다나264770,to_in_001,8
2024,다나264770,to_in_007,8
2024,다나264770,to_in_008,5
2024,다나264777,to_in_001,8
2024,다나264777,to_in_007,5
2024,다나264777,to_in_008,5
2024,다나264778,to_in_001,5
2024,다나264778,to_in_007,5
2024,다나264778,to_in_008,5
2024,다나264779,to_in_001,8
2024,다나264779,to_in_007,5
2024,다나264779,to_in_008,5
2024,다나264780,to_in_001,8
2024,다나264780,to_in_007,5
2024,다나264780,to_in_008,5
2024,다나264781,to_in_001,18
2024,다나264781,to_in_007,8
2024,다나264781,to_in_008,8
2024,다나264782,to_in_001,5
2024,다나264782,to_in_007,0
2024,다나264782,to_in_008,5
2024,다나264784,to_in_001,5
2024,다나264784,to_in_007,5
2024,다나264784,to_in_008,5
2024,다나264785,to_in_001,8
2024,다나264785,to_in_007,5
2024,다나264785,to_in_008,5
2024,다나264786,to_in_001,8
2024,다나264786,to_in_007,5
2024,다나264786,to_in_008,5
2024,다나264787,to_in_001,13
2024,다나264787,to_in_007,0
2024,다나264787,to_in_008,8
2024,다나264788,to_in_001,5
2024,다나264788,to_in_007,0
2024,다나264788,to_in_008,0
2024,다나264789,to_in_001,8
2024,다나264789,to_in_007,8
2024,다나264789,to_in_008,0
2024,다나264791,to_in_001,5
2024,다나264791,to_in_007,5
2024,다나264791,to_in_008,0
2024,다나264792,to_in_001,5
2024,다나264792,to_in_007,0
2024,다나264792,to_in_008,0
2024,다나264799,to_in_001,5
2024,다나264799,to_in_007,0
2024,다나264799,to_in_008,5
2024,다나264800,to_in_001,8
2024,다나264800,to_in_007,5
2024,다나264800,to_in_008,8
2024,다나264801,to_in_001,18
2024,다나264801,to_in_007,8
2024,다나264801,to_in_008,8
2024,다나264802,to_in_001,5
2024,다나264802,to_in_007,5
2024,다나264802,to_in_008,5
2024,다나264803,to_in_001,5
2024,다나264803,to_in_007,5
2024,다나264803,to_in_008,0
2024,다나264820,to_in_001,8
2024,다나264820,to_in_007,5
2024,다나264820,to_in_008,5
2024,다나264821,to_in_001,8
2024,다나264821,to_in_007,0
2024,다나264821,to_in_008,8
2024,다나264822,to_in_001,5
2024,다나264822,to_in_007,0
2024,다나264822,to_in_008,0
2024,다나264824,to_in_001,5
2024,다나264824,to_in_007,0
2024,다나264824,to_in_008,5
2024,다나264825,to_in_001,5
2024,다나264825,to_in_007,0
2024,다나264825,to_in_008,5
2024,다나264829,to_in_001,5
2024,다나264829,to_in_007,0
2024,다나264829,to_in_008,5
2024,다나264830,to_in_001,23
2024,다나264830,to_in_007,13
2024,다나264830,to_in_008,13
2024,다나264831,to_in_001,5
2024,다나264831,to_in_007,5
2024,다나264831,to_in_008,5
2024,다나264963,to_in_001,5
2024,다나264963,to_in_007,5
2024,다나264963,to_in_008,0
2024,다나264964,to_in_001,38
2024,다나264964,to_in_007,18
2024,다나264964,to_in_008,18
2024,다나264965,to_in_001,8
2024,다나264965,to_in_007,8
2024,다나264965,to_in_008,5
2024,다나264998,to_in_001,5
2024,다나264998,to_in_007,5
2024,다나264998,to_in_008,5
2024,다나265762,to_in_001,5
2024,다나265762,to_in_007,5
2024,다나265762,to_in_008,0
2024,다나265764,to_in_001,33
2024,다나265764,to_in_007,18
2024,다나265764,to_in_008,18
2024,다나265765,to_in_001,58
2024,다나265765,to_in_007,28
2024,다나265765,to_in_008,33
2024,다나265767,to_in_001,18
2024,다나265767,to_in_007,8
2024,다나265767,to_in_008,8
2024,다나267820,to_in_001,8
2024,다나267820,to_in_007,8
2024,다나267820,to_in_008,5
2024,다나267821,to_in_001,8
2024,다나267821,to_in_007,5
2024,다나267821,to_in_008,5
2024,다나267822,to_in_001,18
2024,다나267822,to_in_007,8
2024,다나267822,to_in_008,8
2024,다나267823,to_in_001,8
2024,다나267823,to_in_007,8
2024,다나267823,to_in_008,5
2024,다나267825,to_in_001,8
2024,다나267825,to_in_007,5
2024,다나267825,to_in_008,5
2024,다나267826,to_in_001,5
2024,다나267826,to_in_007,0
2024,다나267826,to_in_008,0
2024,다나267827,to_in_001,8
2024,다나267827,to_in_007,8
2024,다나267827,to_in_008,0
2024,다나267828,to_in_001,5
2024,다나267828,to_in_007,5
2024,다나267828,to_in_008,0
2024,다나267830,to_in_001,8
2024,다나267830,to_in_007,8
2024,다나267830,to_in_008,5
2024,다나267962,to_in_001,5
2024,다나267962,to_in_007,5
2024,다나267962,to_in_008,0
2024,다나267963,to_in_001,13
2024,다나267963,to_in_007,8
2024,다나267963,to_in_008,5
2024,다나267964,to_in_001,5
2024,다나267964,to_in_007,5
2024,다나267964,to_in_008,0
2024,다나267965,to_in_001,5
2024,다나267965,to_in_007,0
2024,다나267965,to_in_008,0
2024,다나267966,to_in_001,8
2024,다나267966,to_in_007,5
2024,다나267966,to_in_008,8
2024,다나267998,to_in_001,5
2024,다나267998,to_in_007,5
2024,다나267998,to_in_008,5
2024,다나268764,to_in_001,18
2024,다나268764,to_in_007,8
2024,다나268764,to_in_008,8
2024,다나268765,to_in_001,28
2024,다나268765,to_in_007,13
2024,다나268765,to_in_008,13
2024,다나268766,to_in_001,18
2024,다나268766,to_in_007,13
2024,다나268766,to_in_008,8
2024,다나268767,to_in_001,18
2024,다나268767,to_in_007,8
2024,다나268767,to_in_008,8
2024,다나268768,to_in_001,39
2024,다나268768,to_in_007,13
2024,다나268768,to_in_008,24
2024,다나268769,to_in_001,23
2024,다나268769,to_in_007,13
2024,다나268769,to_in_008,8
2024,다나268770,to_in_001,8
2024,다나268770,to_in_007,5
2024,다나268770,to_in_008,5
2024,다나268771,to_in_001,5
2024,다나268771,to_in_007,5
2024,다나268771,to_in_008,0
2024,다나268772,to_in_001,28
2024,다나268772,to_in_007,13
2024,다나268772,to_in_008,18
2024,다나268773,to_in_001,18
2024,다나268773,to_in_007,13
2024,다나268773,to_in_008,8
2024,다나268774,to_in_001,8
2024,다나268774,to_in_007,5
2024,다나268774,to_in_008,5
2024,다나268775,to_in_001,8
2024,다나268775,to_in_007,5
2024,다나268775,to_in_008,5
2024,다나268776,to_in_001,8
2024,다나268776,to_in_007,5
2024,다나268776,to_in_008,5
2024,다나268778,to_in_001,5
2024,다나268778,to_in_007,0
2024,다나268778,to_in_008,0
2024,다나268794,to_in_001,5
2024,다나268794,to_in_007,0
2024,다나268794,to_in_008,0
2024,다나268800,to_in_001,0
2024,다나268800,to_in_007,0
2024,다나268800,to_in_008,0
2024,다나268802,to_in_001,8
2024,다나268802,to_in_007,5
2024,다나268802,to_in_008,5
2024,다나268803,to_in_001,13
2024,다나268803,to_in_007,8
2024,다나268803,to_in_008,8
2024,다나268804,to_in_001,8
2024,다나268804,to_in_007,5
2024,다나268804,to_in_008,5
2024,다나268805,to_in_001,8
2024,다나268805,to_in_007,5
2024,다나268805,to_in_008,8
2024,다나268806,to_in_001,5
2024,다나268806,to_in_007,0
2024,다나268806,to_in_008,5
2024,다나273807,to_in_001,5
2024,다나273807,to_in_007,0
2024,다나273807,to_in_008,5
2024,다나273820,to_in_001,0
2024,다나273820,to_in_007,0
2024,다나273820,to_in_008,0
2024,다나273939,to_in_001,8
2024,다나273939,to_in_007,8
2024,다나273939,to_in_008,0
2024,다나274764,to_in_001,5
2024,다나274764,to_in_007,5
2024,다나274764,to_in_008,0
2024,다나274765,to_in_001,18
2024,다나274765,to_in_007,13
2024,다나274765,to_in_008,5
2024,다나274766,to_in_001,18
2024,다나274766,to_in_007,13
2024,다나274766,to_in_008,8
2024,다나274767,to_in_001,8
2024,다나263778,to_in_008,5
2024,다나263779,to_in_001,8
2024,다나263779,to_in_007,5
2024,다나263779,to_in_008,5
2024,다나263780,to_in_001,13
2024,다나263780,to_in_007,8
2024,다나263780,to_in_008,5
2024,다나263782,to_in_001,5
2024,다나263782,to_in_007,5
2024,다나263782,to_in_008,0
2024,다나263786,to_in_001,0
2024,다나263786,to_in_007,0
2024,다나263786,to_in_008,0
2024,다나263787,to_in_001,5
2024,다나263787,to_in_007,5
2024,다나263787,to_in_008,5
2024,다나263793,to_in_001,8
2024,다나263793,to_in_007,8
2024,다나263793,to_in_008,5
2024,다나263798,to_in_001,0
2024,다나263798,to_in_007,0
2024,다나263798,to_in_008,0
2024,다나263801,to_in_001,8
2024,다나263801,to_in_007,5
2024,다나263801,to_in_008,5
2024,다나263802,to_in_001,5
2024,다나263802,to_in_007,5
2024,다나263802,to_in_008,5
2024,다나263803,to_in_001,5
2024,다나263803,to_in_007,5
2024,다나263803,to_in_008,0
2024,다나263804,to_in_001,8
2024,다나263804,to_in_007,5
2024,다나263804,to_in_008,5
2024,다나263805,to_in_001,5
2024,다나263805,to_in_007,5
2024,다나263805,to_in_008,0
2024,다나263812,to_in_001,0
2024,다나263812,to_in_007,0
2024,다나263812,to_in_008,0
2024,다나263821,to_in_001,5
2024,다나263821,to_in_007,5
2024,다나263821,to_in_008,5
2024,다나263822,to_in_001,8
2024,다나263822,to_in_007,5
2024,다나263822,to_in_008,5
2024,다나263823,to_in_001,0
2024,다나263823,to_in_007,0
2024,다나263823,to_in_008,0
2024,다나263827,to_in_001,5
2024,다나263827,to_in_007,0
2024,다나263827,to_in_008,5
2024,다나263832,to_in_001,5
2024,다나263832,to_in_007,0
2024,다나263832,to_in_008,0
2024,다나263833,to_in_001,5
2024,다나263833,to_in_007,5
2024,다나263833,to_in_008,5
2024,다나263959,to_in_001,5
2024,다나263959,to_in_007,0
2024,다나263959,to_in_008,5
2024,다나263964,to_in_001,13
2024,다나263964,to_in_007,8
2024,다나263964,to_in_008,8
2024,다나263965,to_in_001,23
2024,다나263965,to_in_007,13
2024,다나263965,to_in_008,8
2024,다나263966,to_in_001,5
2024,다나263966,to_in_007,5
2024,다나263966,to_in_008,5
2024,다나263967,to_in_001,18
2024,다나263967,to_in_007,8
2024,다나263967,to_in_008,8
2024,다나263968,to_in_001,5
2024,다나263968,to_in_007,0
2024,다나263968,to_in_008,5
2024,다나263998,to_in_001,0
2024,다나263998,to_in_007,0
2024,다나263998,to_in_008,0
2024,다나263999,to_in_001,5
2024,다나263999,to_in_007,0
2024,다나263999,to_in_008,5
2024,다나264762,to_in_001,8
2024,다나264762,to_in_007,5
2024,다나264762,to_in_008,5
2024,다나264763,to_in_001,8
2024,다나264763,to_in_007,5
2024,다나264763,to_in_008,5
2024,다나264764,to_in_001,18
2024,다나264764,to_in_007,13
2024,다나264764,to_in_008,8
2024,다나264765,to_in_001,8
2024,다나264765,to_in_007,8
2024,다나264765,to_in_008,8
2024,다나264766,to_in_001,110
2024,다나264766,to_in_007,59
2024,다나264766,to_in_008,54
2024,다나264767,to_in_001,23
2024,다나264767,to_in_007,13
2024,다나264767,to_in_008,8
2024,다나264768,to_in_001,5
2024,다나264768,to_in_007,5
2024,다나264768,to_in_008,5
2024,다나266964,to_in_001,13
2024,다나266964,to_in_007,8
2024,다나266964,to_in_008,8
2024,다나266965,to_in_001,18
2024,다나266965,to_in_007,8
2024,다나266965,to_in_008,8
2024,다나266967,to_in_001,5
2024,다나266967,to_in_007,0
2024,다나266967,to_in_008,0
2024,다나266972,to_in_001,18
2024,다나266972,to_in_007,8
2024,다나266972,to_in_008,8
2024,다나266974,to_in_001,0
2024,다나266974,to_in_007,0
2024,다나266974,to_in_008,0
2024,다나266978,to_in_001,8
2024,다나266978,to_in_007,8
2024,다나266978,to_in_008,8
2024,다나266979,to_in_001,5
2024,다나266979,to_in_007,0
2024,다나266979,to_in_008,0
2024,다나266998,to_in_001,5
2024,다나266998,to_in_007,0
2024,다나266998,to_in_008,5
2024,다나267764,to_in_001,5
2024,다나267764,to_in_007,5
2024,다나267764,to_in_008,0
2024,다나267765,to_in_001,18
2024,다나267765,to_in_007,8
2024,다나267765,to_in_008,8
2024,다나267766,to_in_001,8
2024,다나267766,to_in_007,5
2024,다나267766,to_in_008,5
2024,다나267767,to_in_001,23
2024,다나267767,to_in_007,13
2024,다나267767,to_in_008,13
2024,다나267768,to_in_001,90
2024,다나267768,to_in_007,45
2024,다나267768,to_in_008,43
2024,다나267769,to_in_001,13
2024,다나267769,to_in_007,8
2024,다나267769,to_in_008,8
2024,다나267771,to_in_001,0
2024,다나267771,to_in_007,0
2024,다나267771,to_in_008,0
2024,다나267772,to_in_001,0
2024,다나267772,to_in_007,0
2024,다나267772,to_in_008,0
2024,다나267773,to_in_001,13
2024,다나267773,to_in_007,8
2024,다나267773,to_in_008,8
2024,다나267774,to_in_001,8
2024,다나267774,to_in_007,5
2024,다나267774,to_in_008,8
2024,다나267775,to_in_001,0
2024,다나267775,to_in_007,0
2024,다나267775,to_in_008,0
2024,다나267776,to_in_001,13
2024,다나267776,to_in_007,8
2024,다나267776,to_in_008,8
2024,다나267777,to_in_001,13
2024,다나267777,to_in_007,8
2024,다나267777,to_in_008,5
2024,다나267778,to_in_001,8
2024,다나267778,to_in_007,5
2024,다나267778,to_in_008,8
2024,다나267781,to_in_001,5
2024,다나267781,to_in_007,5
2024,다나267781,to_in_008,0
2024,다나267783,to_in_001,5
2024,다나267783,to_in_007,5
2024,다나267783,to_in_008,0
2024,다나267789,to_in_001,5
2024,다나267789,to_in_007,5
2024,다나267789,to_in_008,0
2024,다나267800,to_in_001,8
2024,다나267800,to_in_007,8
2024,다나267800,to_in_008,0
2024,다나267801,to_in_001,8
2024,다나267801,to_in_007,5
2024,다나267801,to_in_008,8
2024,다나267802,to_in_001,5
2024,다나267802,to_in_007,0
2024,다나267802,to_in_008,5
2024,다나267803,to_in_001,5
2024,다나267803,to_in_007,5
2024,다나267803,to_in_008,5
2024,다나267804,to_in_001,13
2024,다나267804,to_in_007,8
2024,다나267804,to_in_008,8
2024,다나267805,to_in_001,5
2024,다나267805,to_in_007,0
2024,다나267805,to_in_008,5
2024,다나267806,to_in_001,5
2024,다나267806,to_in_007,0
2024,다나267806,to_in_008,0
2024,다나267807,to_in_001,13
2024,다나267807,to_in_007,8
2024,다나267807,to_in_008,8
2024,다나267808,to_in_001,5
2024,다나267808,to_in_007,0
2024,다나267808,to_in_008,0
2024,다나267818,to_in_001,8
2024,다나267818,to_in_007,5
2024,다나267818,to_in_008,5
2024,다나267819,to_in_001,8
2024,다나267819,to_in_007,5
2024,다나267819,to_in_008,5
2024,다나271803,to_in_001,5
2024,다나271803,to_in_007,0
2024,다나271803,to_in_008,0
2024,다나271804,to_in_001,5
2024,다나271804,to_in_007,0
2024,다나271804,to_in_008,5
2024,다나271807,to_in_001,8
2024,다나271807,to_in_007,5
2024,다나271807,to_in_008,5
2024,다나271820,to_in_001,5
2024,다나271820,to_in_007,5
2024,다나271820,to_in_008,0
2024,다나271821,to_in_001,8
2024,다나271821,to_in_007,5
2024,다나271821,to_in_008,8
2024,다나271826,to_in_001,5
2024,다나271826,to_in_007,5
2024,다나271826,to_in_008,0
2024,다나271955,to_in_001,5
2024,다나271955,to_in_007,0
2024,다나271955,to_in_008,0
2024,다나271969,to_in_001,5
2024,다나271969,to_in_007,5
2024,다나271969,to_in_008,5
2024,다나271970,to_in_001,5
2024,다나271970,to_in_007,0
2024,다나271970,to_in_008,0
2024,다나271971,to_in_001,0
2024,다나271971,to_in_007,0
2024,다나271971,to_in_008,0
2024,다나271973,to_in_001,5
2024,다나271973,to_in_007,5
2024,다나271973,to_in_008,5
2024,다나271974,to_in_001,5
2024,다나271974,to_in_007,0
2024,다나271974,to_in_008,0
2024,다나271998,to_in_001,5
2024,다나271998,to_in_007,5
2024,다나271998,to_in_008,5
2024,다나272764,to_in_001,5
2024,다나272764,to_in_007,5
2024,다나272764,to_in_008,5
2024,다나272765,to_in_001,5
2024,다나272765,to_in_007,5
2024,다나272765,to_in_008,0
2024,다나272766,to_in_001,53
2024,다나272766,to_in_007,23
2024,다나272766,to_in_008,28
2024,다나272767,to_in_001,53
2024,다나272767,to_in_007,23
2024,다나272767,to_in_008,28
2024,다나272768,to_in_001,38
2024,다나272768,to_in_007,18
2024,다나272768,to_in_008,18
2024,다나272769,to_in_001,8
2024,다나272769,to_in_007,5
2024,다나272769,to_in_008,5
2024,다나272770,to_in_001,18
2024,다나272770,to_in_007,8
2024,다나272770,to_in_008,8
2024,다나272771,to_in_001,8
2024,다나272771,to_in_007,5
2024,다나272771,to_in_008,5
2024,다나272772,to_in_001,5
2024,다나272772,to_in_007,5
2024,다나272772,to_in_008,5
2024,다나272774,to_in_001,8
2024,다나272774,to_in_007,5
2024,다나272774,to_in_008,5
2024,다나272776,to_in_001,0
2024,다나272776,to_in_007,0
2024,다나272776,to_in_008,0
2024,다나272778,to_in_001,5
2024,다나272778,to_in_007,5
2024,다나272778,to_in_008,0
2024,다나272790,to_in_001,8
2024,다나272790,to_in_007,8
2024,다나272790,to_in_008,5
2024,다나272794,to_in_001,8
2024,다나272794,to_in_007,5
2024,다나272794,to_in_008,5
2024,다나272795,to_in_001,8
2024,다나263762,to_in_008,5
2024,다나263763,to_in_001,8
2024,다나263763,to_in_007,5
2024,다나263763,to_in_008,5
2024,다나263764,to_in_001,28
2024,다나263764,to_in_007,13
2024,다나263764,to_in_008,13
2024,다나263765,to_in_001,8
2024,다나263765,to_in_007,5
2024,다나263765,to_in_008,5
2024,다나263766,to_in_001,8
2024,다나263766,to_in_007,0
2024,다나263766,to_in_008,5
2024,다나263767,to_in_001,13
2024,다나263767,to_in_007,5
2024,다나263767,to_in_008,8
2024,다나263768,to_in_001,18
2024,다나263768,to_in_007,8
2024,다나263768,to_in_008,13
2024,다나263769,to_in_001,8
2024,다나263769,to_in_007,5
2024,다나263769,to_in_008,5
2024,다나263770,to_in_001,13
2024,다나263770,to_in_007,8
2024,다나263770,to_in_008,8
2024,다나265980,to_in_001,5
2024,다나265980,to_in_007,5
2024,다나265980,to_in_008,0
2024,다나265999,to_in_001,0
2024,다나265999,to_in_007,0
2024,다나265999,to_in_008,0
2024,다나266763,to_in_001,5
2024,다나266763,to_in_007,0
2024,다나266763,to_in_008,5
2024,다나266764,to_in_001,13
2024,다나266764,to_in_007,8
2024,다나266764,to_in_008,8
2024,다나266765,to_in_001,8
2024,다나266765,to_in_007,5
2024,다나266765,to_in_008,5
2024,다나266766,to_in_001,222
2024,다나266766,to_in_007,106
2024,다나266766,to_in_008,119
2024,다나266767,to_in_001,18
2024,다나266767,to_in_007,8
2024,다나266767,to_in_008,8
2024,다나266768,to_in_001,18
2024,다나266768,to_in_007,8
2024,다나266768,to_in_008,8
2024,다나266769,to_in_001,8
2024,다나266769,to_in_007,8
2024,다나266769,to_in_008,5
2024,다나266772,to_in_001,5
2024,다나266772,to_in_007,5
2024,다나266772,to_in_008,5
2024,다나266777,to_in_001,0
2024,다나266777,to_in_007,0
2024,다나266777,to_in_008,0
2024,다나266778,to_in_001,8
2024,다나266778,to_in_007,5
2024,다나266778,to_in_008,5
2024,다나266779,to_in_001,8
2024,다나266779,to_in_007,8
2024,다나266779,to_in_008,5
2024,다나266782,to_in_001,8
2024,다나266782,to_in_007,5
2024,다나266782,to_in_008,5
2024,다나266793,to_in_001,5
2024,다나266793,to_in_007,5
2024,다나266793,to_in_008,5
2024,다나266794,to_in_001,5
2024,다나266794,to_in_007,0
2024,다나266794,to_in_008,5
2024,다나266795,to_in_001,8
2024,다나266795,to_in_007,5
2024,다나266795,to_in_008,5
2024,다나266799,to_in_001,8
2024,다나266799,to_in_007,5
2024,다나266799,to_in_008,5
2024,다나266800,to_in_001,5
2024,다나266800,to_in_007,5
2024,다나266800,to_in_008,5
2024,다나266801,to_in_001,18
2024,다나266801,to_in_007,8
2024,다나266801,to_in_008,8
2024,다나266802,to_in_001,18
2024,다나266802,to_in_007,13
2024,다나266802,to_in_008,8
2024,다나266803,to_in_001,18
2024,다나266803,to_in_007,8
2024,다나266803,to_in_008,8
2024,다나266804,to_in_001,8
2024,다나266804,to_in_007,5
2024,다나266804,to_in_008,5
2024,다나266805,to_in_001,0
2024,다나266805,to_in_007,0
2024,다나266805,to_in_008,0
2024,다나266810,to_in_001,0
2024,다나266810,to_in_007,0
2024,다나266810,to_in_008,0
2024,다나266819,to_in_001,5
2024,다나266819,to_in_007,5
2024,다나266819,to_in_008,5
2024,다나266820,to_in_001,13
2024,다나266820,to_in_007,8
2024,다나266820,to_in_008,8
2024,다나266821,to_in_001,8
2024,다나266821,to_in_007,8
2024,다나266821,to_in_008,5
2024,다나266822,to_in_001,8
2024,다나266822,to_in_007,8
2024,다나266822,to_in_008,5
2024,다나266823,to_in_001,8
2024,다나266823,to_in_007,5
2024,다나266823,to_in_008,8
2024,다나266824,to_in_001,5
2024,다나266824,to_in_007,5
2024,다나266824,to_in_008,5
2024,다나266826,to_in_001,5
2024,다나266826,to_in_007,0
2024,다나266826,to_in_008,0
2024,다나266827,to_in_001,8
2024,다나266827,to_in_007,8
2024,다나266827,to_in_008,5
2024,다나266828,to_in_001,8
2024,다나266828,to_in_007,5
2024,다나266828,to_in_008,5
2024,다나266932,to_in_001,0
2024,다나266932,to_in_007,0
2024,다나266932,to_in_008,0
2024,다나266961,to_in_001,5
2024,다나266961,to_in_007,0
2024,다나266961,to_in_008,0
2024,다나266962,to_in_001,5
2024,다나266962,to_in_007,0
2024,다나266962,to_in_008,5
2024,다나269805,to_in_001,5
2024,다나269805,to_in_007,5
2024,다나269805,to_in_008,5
2024,다나269806,to_in_001,0
2024,다나269806,to_in_007,0
2024,다나269806,to_in_008,0
2024,다나269807,to_in_001,0
2024,다나269807,to_in_007,0
2024,다나269807,to_in_008,0
2024,다나269808,to_in_001,5
2024,다나269808,to_in_007,5
2024,다나269808,to_in_008,5
2024,다나269809,to_in_001,8
2024,다나269809,to_in_007,8
2024,다나269809,to_in_008,5
2024,다나269810,to_in_001,5
2024,다나269810,to_in_007,0
2024,다나269810,to_in_008,0
2024,다나269811,to_in_001,8
2024,다나269811,to_in_007,5
2024,다나269811,to_in_008,5
2024,다나269817,to_in_001,5
2024,다나269817,to_in_007,5
2024,다나269817,to_in_008,5
2024,다나269818,to_in_001,5
2024,다나269818,to_in_007,5
2024,다나269818,to_in_008,5
2024,다나269820,to_in_001,8
2024,다나269820,to_in_007,5
2024,다나269820,to_in_008,5
2024,다나269821,to_in_001,13
2024,다나269821,to_in_007,8
2024,다나269821,to_in_008,5
2024,다나269822,to_in_001,5
2024,다나269822,to_in_007,5
2024,다나269822,to_in_008,0
2024,다나269823,to_in_001,8
2024,다나269823,to_in_007,5
2024,다나269823,to_in_008,5
2024,다나269825,to_in_001,0
2024,다나269825,to_in_007,0
2024,다나269825,to_in_008,0
2024,다나269964,to_in_001,8
2024,다나269964,to_in_007,8
2024,다나269964,to_in_008,5
2024,다나269965,to_in_001,8
2024,다나269965,to_in_007,5
2024,다나269965,to_in_008,5
2024,다나269966,to_in_001,8
2024,다나269966,to_in_007,5
2024,다나269966,to_in_008,5
2024,다나269967,to_in_001,5
2024,다나269967,to_in_007,5
2024,다나269967,to_in_008,0
2024,다나269968,to_in_001,8
2024,다나269968,to_in_007,5
2024,다나269968,to_in_008,8
2024,다나270763,to_in_001,13
2024,다나270763,to_in_007,8
2024,다나270763,to_in_008,5
2024,다나270764,to_in_001,28
2024,다나270764,to_in_007,13
2024,다나270764,to_in_008,13
2024,다나270765,to_in_001,73
2024,다나270765,to_in_007,38
2024,다나270765,to_in_008,38
2024,다나270766,to_in_001,48
2024,다나270766,to_in_007,23
2024,다나270766,to_in_008,23
2024,다나270767,to_in_001,100
2024,다나270767,to_in_007,50
2024,다나270767,to_in_008,48
2024,다나270768,to_in_001,13
2024,다나270768,to_in_007,8
2024,다나270768,to_in_008,8
2024,다나270769,to_in_001,5
2024,다나270769,to_in_007,0
2024,다나270769,to_in_008,5
2024,다나270770,to_in_001,13
2024,다나270770,to_in_007,8
2024,다나270770,to_in_008,5
2024,다나270771,to_in_001,5
2024,다나270771,to_in_007,0
2024,다나270771,to_in_008,0
2024,다나270772,to_in_001,8
2024,다나270772,to_in_007,5
2024,다나270772,to_in_008,5
2024,다나270773,to_in_001,5
2024,다나270773,to_in_007,5
2024,다나270773,to_in_008,0
2024,다나270775,to_in_001,5
2024,다나270775,to_in_007,5
2024,다나270775,to_in_008,5
2024,다나270793,to_in_001,8
2024,다나270793,to_in_007,8
2024,다나270793,to_in_008,5
2024,다나270795,to_in_001,0
2024,다나270795,to_in_007,0
2024,다나270795,to_in_008,0
2024,다나270798,to_in_001,5
2024,다나270798,to_in_007,0
2024,다나270798,to_in_008,5
2024,다나270799,to_in_001,0
2024,다나270799,to_in_007,0
2024,다나270799,to_in_008,0
2024,다나270801,to_in_001,18
2024,다나270801,to_in_007,8
2024,다나270801,to_in_008,8
2024,다나276797,to_in_001,5
2024,다나276797,to_in_007,0
2024,다나276797,to_in_008,5
2024,다나276798,to_in_001,8
2024,다나276798,to_in_007,5
2024,다나276798,to_in_008,5
2024,다나276799,to_in_001,5
2024,다나276799,to_in_007,0
2024,다나276799,to_in_008,5
2024,다나276800,to_in_001,18
2024,다나276800,to_in_007,8
2024,다나276800,to_in_008,8
2024,다나276801,to_in_001,13
2024,다나276801,to_in_007,8
2024,다나276801,to_in_008,8
2024,다나276803,to_in_001,5
2024,다나276803,to_in_007,0
2024,다나276803,to_in_008,0
2024,다나276805,to_in_001,5
2024,다나276805,to_in_007,0
2024,다나276805,to_in_008,5
2024,다나276806,to_in_001,5
2024,다나276806,to_in_007,0
2024,다나276806,to_in_008,0
2024,다나277767,to_in_001,5
2024,다나277767,to_in_007,0
2024,다나277767,to_in_008,5
2024,다나277768,to_in_001,28
2024,다나277768,to_in_007,13
2024,다나277768,to_in_008,13
2024,다나277770,to_in_001,0
2024,다나277770,to_in_007,0
2024,다나277770,to_in_008,0
2024,다나277771,to_in_001,5
2024,다나277771,to_in_007,0
2024,다나277771,to_in_008,0
2024,다나277772,to_in_001,5
2024,다나277772,to_in_007,5
2024,다나277772,to_in_008,5
2024,다나277774,to_in_001,5
2024,다나277774,to_in_007,0
2024,다나277774,to_in_008,0
2024,다나277779,to_in_001,5
2024,다나277779,to_in_007,0
2024,다나277779,to_in_008,5
2024,다나277780,to_in_001,13
2024,다나277780,to_in_007,8
2024,다나277780,to_in_008,5
2024,다나277781,to_in_001,8
2024,다나265780,to_in_008,5
2024,다나265781,to_in_001,5
2024,다나265781,to_in_007,0
2024,다나265781,to_in_008,0
2024,다나265782,to_in_001,5
2024,다나265782,to_in_007,0
2024,다나265782,to_in_008,0
2024,다나265785,to_in_001,5
2024,다나265785,to_in_007,0
2024,다나265785,to_in_008,5
2024,다나265786,to_in_001,8
2024,다나265786,to_in_007,8
2024,다나265786,to_in_008,5
2024,다나265795,to_in_001,5
2024,다나265795,to_in_007,5
2024,다나265795,to_in_008,5
2024,다나265799,to_in_001,5
2024,다나265799,to_in_007,0
2024,다나265799,to_in_008,0
2024,다나265800,to_in_001,18
2024,다나265800,to_in_007,13
2024,다나265800,to_in_008,8
2024,다나265801,to_in_001,23
2024,다나265801,to_in_007,8
2024,다나265801,to_in_008,13
2024,다나265802,to_in_001,13
2024,다나265802,to_in_007,8
2024,다나265802,to_in_008,8
2024,다나265803,to_in_001,13
2024,다나265803,to_in_007,8
2024,다나265803,to_in_008,8
2024,다나265804,to_in_001,8
2024,다나265804,to_in_007,5
2024,다나265804,to_in_008,5
2024,다나265807,to_in_001,8
2024,다나265807,to_in_007,5
2024,다나265807,to_in_008,5
2024,다나265820,to_in_001,5
2024,다나265820,to_in_007,0
2024,다나265820,to_in_008,0
2024,다나265821,to_in_001,0
2024,다나265821,to_in_007,0
2024,다나265821,to_in_008,0
2024,다나265822,to_in_001,8
2024,다나265822,to_in_007,5
2024,다나265822,to_in_008,5
2024,다나265823,to_in_001,5
2024,다나265823,to_in_007,5
2024,다나265823,to_in_008,5
2024,다나265824,to_in_001,5
2024,다나265824,to_in_007,0
2024,다나265824,to_in_008,5
2024,다나265828,to_in_001,5
2024,다나265828,to_in_007,0
2024,다나265828,to_in_008,0
2024,다나265830,to_in_001,0
2024,다나265830,to_in_007,0
2024,다나265830,to_in_008,0
2024,다나265932,to_in_001,0
2024,다나265932,to_in_007,0
2024,다나265932,to_in_008,0
2024,다나265959,to_in_001,0
2024,다나265959,to_in_007,0
2024,다나265959,to_in_008,0
2024,다나265960,to_in_001,5
2024,다나265960,to_in_007,0
2024,다나265960,to_in_008,5
2024,다나265964,to_in_001,5
2024,다나265964,to_in_007,0
2024,다나265964,to_in_008,0
2024,다나265965,to_in_001,5
2024,다나265965,to_in_007,5
2024,다나265965,to_in_008,5
2024,다나265967,to_in_001,0
2024,다나265967,to_in_007,0
2024,다나265967,to_in_008,0
2024,다나265972,to_in_001,8
2024,다나265972,to_in_007,5
2024,다나265972,to_in_008,5
2024,다나265973,to_in_001,8
2024,다나265973,to_in_007,5
2024,다나265973,to_in_008,8
2024,다나265975,to_in_001,8
2024,다나265975,to_in_007,8
2024,다나265975,to_in_008,0
2024,다나265978,to_in_001,8
2024,다나265978,to_in_007,5
2024,다나265978,to_in_008,8
2024,다나265979,to_in_001,5
2024,다나265979,to_in_007,5
2024,다나265979,to_in_008,0
2024,다나268807,to_in_001,5
2024,다나268807,to_in_007,0
2024,다나268807,to_in_008,0
2024,다나268809,to_in_001,0
2024,다나268809,to_in_007,0
2024,다나268809,to_in_008,0
2024,다나268811,to_in_001,8
2024,다나268811,to_in_007,8
2024,다나268811,to_in_008,8
2024,다나268813,to_in_001,0
2024,다나268813,to_in_007,0
2024,다나268813,to_in_008,0
2024,다나268816,to_in_001,5
2024,다나268816,to_in_007,5
2024,다나268816,to_in_008,5
2024,다나268817,to_in_001,8
2024,다나268817,to_in_007,5
2024,다나268817,to_in_008,5
2024,다나268818,to_in_001,5
2024,다나268818,to_in_007,5
2024,다나268818,to_in_008,5
2024,다나268819,to_in_001,8
2024,다나268819,to_in_007,5
2024,다나268819,to_in_008,5
2024,다나268820,to_in_001,5
2024,다나268820,to_in_007,5
2024,다나268820,to_in_008,0
2024,다나268821,to_in_001,5
2024,다나268821,to_in_007,0
2024,다나268821,to_in_008,5
2024,다나268822,to_in_001,8
2024,다나268822,to_in_007,5
2024,다나268822,to_in_008,5
2024,다나268823,to_in_001,0
2024,다나268823,to_in_007,0
2024,다나268823,to_in_008,0
2024,다나268955,to_in_001,5
2024,다나268955,to_in_007,0
2024,다나268955,to_in_008,0
2024,다나268963,to_in_001,8
2024,다나268963,to_in_007,5
2024,다나268963,to_in_008,5
2024,다나268964,to_in_001,5
2024,다나268964,to_in_007,0
2024,다나268964,to_in_008,0
2024,다나268965,to_in_001,23
2024,다나268965,to_in_007,13
2024,다나268965,to_in_008,8
2024,다나268966,to_in_001,13
2024,다나268966,to_in_007,8
2024,다나268966,to_in_008,8
2024,다나268998,to_in_001,8
2024,다나268998,to_in_007,5
2024,다나268998,to_in_008,5
2024,다나269764,to_in_001,58
2024,다나269764,to_in_007,33
2024,다나269764,to_in_008,23
2024,다나269765,to_in_001,8
2024,다나269765,to_in_007,5
2024,다나269765,to_in_008,5
2024,다나269766,to_in_001,5
2024,다나269766,to_in_007,0
2024,다나269766,to_in_008,0
2024,다나269767,to_in_001,97
2024,다나269767,to_in_007,52
2024,다나269767,to_in_008,43
2024,다나269768,to_in_001,33
2024,다나269768,to_in_007,18
2024,다나269768,to_in_008,13
2024,다나269769,to_in_001,8
2024,다나269769,to_in_007,8
2024,다나269769,to_in_008,5
2024,다나269771,to_in_001,49
2024,다나269771,to_in_007,21
2024,다나269771,to_in_008,26
2024,다나269772,to_in_001,33
2024,다나269772,to_in_007,13
2024,다나269772,to_in_008,18
2024,다나269773,to_in_001,18
2024,다나269773,to_in_007,13
2024,다나269773,to_in_008,8
2024,다나269774,to_in_001,5
2024,다나269774,to_in_007,5
2024,다나269774,to_in_008,5
2024,다나269778,to_in_001,5
2024,다나269778,to_in_007,0
2024,다나269778,to_in_008,0
2024,다나269798,to_in_001,5
2024,다나269798,to_in_007,0
2024,다나269798,to_in_008,5
2024,다나269799,to_in_001,8
2024,다나269799,to_in_007,5
2024,다나269799,to_in_008,5
2024,다나269800,to_in_001,13
2024,다나269800,to_in_007,8
2024,다나269800,to_in_008,8
2024,다나269801,to_in_001,23
2024,다나269801,to_in_007,13
2024,다나269801,to_in_008,13
2024,다나269802,to_in_001,18
2024,다나269802,to_in_007,8
2024,다나269802,to_in_008,8
2024,다나269804,to_in_001,5
2024,다나269804,to_in_007,0
2024,다나269804,to_in_008,5
2024,다나272805,to_in_001,8
2024,다나272805,to_in_007,8
2024,다나272805,to_in_008,0
2024,다나272808,to_in_001,5
2024,다나272808,to_in_007,5
2024,다나272808,to_in_008,5
2024,다나272815,to_in_001,5
2024,다나272815,to_in_007,5
2024,다나272815,to_in_008,0
2024,다나272816,to_in_001,0
2024,다나272816,to_in_007,0
2024,다나272816,to_in_008,0
2024,다나272819,to_in_001,5
2024,다나272819,to_in_007,5
2024,다나272819,to_in_008,5
2024,다나272820,to_in_001,5
2024,다나272820,to_in_007,5
2024,다나272820,to_in_008,0
2024,다나272821,to_in_001,5
2024,다나272821,to_in_007,0
2024,다나272821,to_in_008,5
2024,다나272829,to_in_001,5
2024,다나272829,to_in_007,5
2024,다나272829,to_in_008,0
2024,다나272902,to_in_001,5
2024,다나272902,to_in_007,5
2024,다나272902,to_in_008,0
2024,다나272937,to_in_001,5
2024,다나272937,to_in_007,5
2024,다나272937,to_in_008,0
2024,다나272970,to_in_001,5
2024,다나272970,to_in_007,0
2024,다나272970,to_in_008,0
2024,다나272998,to_in_001,0
2024,다나272998,to_in_007,0
2024,다나272998,to_in_008,0
2024,다나273765,to_in_001,8
2024,다나273765,to_in_007,5
2024,다나273765,to_in_008,5
2024,다나273766,to_in_001,23
2024,다나273766,to_in_007,13
2024,다나273766,to_in_008,13
2024,다나273767,to_in_001,38
2024,다나273767,to_in_007,23
2024,다나273767,to_in_008,18
2024,다나273768,to_in_001,41
2024,다나273768,to_in_007,24
2024,다나273768,to_in_008,20
2024,다나273769,to_in_001,23
2024,다나273769,to_in_007,13
2024,다나273769,to_in_008,13
2024,다나273770,to_in_001,123
2024,다나273770,to_in_007,68
2024,다나273770,to_in_008,53
2024,다나273774,to_in_001,5
2024,다나273774,to_in_007,0
2024,다나273774,to_in_008,0
2024,다나273776,to_in_001,5
2024,다나273776,to_in_007,0
2024,다나273776,to_in_008,0
2024,다나273778,to_in_001,13
2024,다나273778,to_in_007,8
2024,다나273778,to_in_008,5
2024,다나273787,to_in_001,5
2024,다나273787,to_in_007,0
2024,다나273787,to_in_008,0
2024,다나273790,to_in_001,13
2024,다나273790,to_in_007,8
2024,다나273790,to_in_008,5
2024,다나273792,to_in_001,5
2024,다나273792,to_in_007,5
2024,다나273792,to_in_008,0
2024,다나273793,to_in_001,8
2024,다나273793,to_in_007,5
2024,다나273793,to_in_008,5
2024,다나273794,to_in_001,13
2024,다나273794,to_in_007,8
2024,다나273794,to_in_008,8
2024,다나273795,to_in_001,8
2024,다나273795,to_in_007,8
2024,다나273795,to_in_008,0
2024,다나273796,to_in_001,5
2024,다나273796,to_in_007,5
2024,다나273796,to_in_008,5
2024,다나273797,to_in_001,5
2024,다나273797,to_in_007,0
2024,다나273797,to_in_008,5
2024,다나273802,to_in_001,8
2024,다나273802,to_in_007,5
2024,다나273802,to_in_008,5
2024,다나273803,to_in_001,5
2024,다나273803,to_in_007,5
2024,다나273803,to_in_008,5
2024,다나273804,to_in_001,5
2024,다나273804,to_in_007,5
2024,다나273804,to_in_008,0
2024,다나273805,to_in_001,8
2024,다나275786,to_in_008,8
2024,다나275794,to_in_001,5
2024,다나275794,to_in_007,0
2024,다나275794,to_in_008,0
2024,다나275800,to_in_001,8
2024,다나275800,to_in_007,5
2024,다나275800,to_in_008,5
2024,다나275802,to_in_001,8
2024,다나275802,to_in_007,8
2024,다나275802,to_in_008,5
2024,다나275803,to_in_001,8
2024,다나275803,to_in_007,0
2024,다나275803,to_in_008,8
2024,다나275804,to_in_001,0
2024,다나275804,to_in_007,0
2024,다나275804,to_in_008,0
2024,다나275805,to_in_001,5
2024,다나275805,to_in_007,0
2024,다나275805,to_in_008,0
2024,다나275806,to_in_001,5
2024,다나275806,to_in_007,0
2024,다나275806,to_in_008,0
2024,다나275826,to_in_001,0
2024,다나275826,to_in_007,0
2024,다나275826,to_in_008,0
2024,다나275996,to_in_001,0
2024,다나275996,to_in_007,0
2024,다나275996,to_in_008,0
2024,다나276767,to_in_001,69
2024,다나276767,to_in_007,28
2024,다나276767,to_in_008,39
2024,다나276768,to_in_001,182
2024,다나276768,to_in_007,93
2024,다나276768,to_in_008,87
2024,다나276769,to_in_001,73
2024,다나276769,to_in_007,36
2024,다나276769,to_in_008,40
2024,다나276771,to_in_001,8
2024,다나276771,to_in_007,5
2024,다나276771,to_in_008,5
2024,다나276774,to_in_001,8
2024,다나276774,to_in_007,5
2024,다나276774,to_in_008,5
2024,다나276780,to_in_001,23
2024,다나276780,to_in_007,8
2024,다나276780,to_in_008,13
2024,다나276781,to_in_001,28
2024,다나276781,to_in_007,18
2024,다나276781,to_in_008,13
2024,다나276782,to_in_001,0
2024,다나276782,to_in_007,0
2024,다나276782,to_in_008,0
2024,다나276783,to_in_001,8
2024,다나276783,to_in_007,5
2024,다나276783,to_in_008,8
2024,다나276785,to_in_001,8
2024,다나276785,to_in_007,5
2024,다나276785,to_in_008,8
2024,다나276789,to_in_001,0
2024,다나276789,to_in_007,0
2024,다나276789,to_in_008,0
2024,다나276794,to_in_001,0
2024,다나276794,to_in_007,0
2024,다나276794,to_in_008,0
2024,다나276796,to_in_001,5
2024,다나276796,to_in_007,0
2024,다나276796,to_in_008,5
2024,다나300809,to_in_001,13
2024,다나300809,to_in_007,8
2024,다나300809,to_in_008,8
2024,다나300810,to_in_001,18
2024,다나300810,to_in_007,13
2024,다나300810,to_in_008,8
2024,다나300812,to_in_001,5
2024,다나300812,to_in_007,5
2024,다나300812,to_in_008,5
2024,다나300985,to_in_001,8
2024,다나300985,to_in_007,5
2024,다나300985,to_in_008,5
2024,다나300993,to_in_001,18
2024,다나300993,to_in_007,8
2024,다나300993,to_in_008,8
2024,다나300994,to_in_001,8
2024,다나300994,to_in_007,5
2024,다나300994,to_in_008,5
2024,다나300999,to_in_001,5
2024,다나300999,to_in_007,5
2024,다나300999,to_in_008,5
2024,다나301776,to_in_001,28
2024,다나301776,to_in_007,18
2024,다나301776,to_in_008,8
2024,다나301777,to_in_001,13
2024,다나301777,to_in_007,8
2024,다나301777,to_in_008,8
2024,다나301785,to_in_001,8
2024,다나301785,to_in_007,5
2024,다나301785,to_in_008,5
2024,다나301806,to_in_001,8
2024,다나301806,to_in_007,5
2024,다나301806,to_in_008,5
2024,다나301813,to_in_001,5
2024,다나301813,to_in_007,5
2024,다나301813,to_in_008,0
2024,다나301823,to_in_001,5
2024,다나301823,to_in_007,5
2024,다나301823,to_in_008,0
2024,다나301827,to_in_001,5
2024,다나301827,to_in_007,5
2024,다나301827,to_in_008,0
2024,다나301847,to_in_001,0
2024,다나301847,to_in_007,0
2024,다나301847,to_in_008,0
2024,다나301991,to_in_001,5
2024,다나301991,to_in_007,0
2024,다나301991,to_in_008,0
2024,다나301993,to_in_001,5
2024,다나301993,to_in_007,5
2024,다나301993,to_in_008,0
2024,다나301995,to_in_001,0
2024,다나301995,to_in_007,0
2024,다나301995,to_in_008,0
2024,다나301996,to_in_001,0
2024,다나301996,to_in_007,0
2024,다나301996,to_in_008,0
2024,다나302790,to_in_001,5
2024,다나302790,to_in_007,5
2024,다나302790,to_in_008,0
2024,다나302805,to_in_001,8
2024,다나302805,to_in_007,5
2024,다나302805,to_in_008,5
2024,다나302806,to_in_001,5
2024,다나302806,to_in_007,0
2024,다나302806,to_in_008,0
2024,다나302990,to_in_001,5
2024,다나302990,to_in_007,0
2024,다나302990,to_in_008,5
2024,다나302995,to_in_001,8
2024,다나302995,to_in_007,5
2024,다나302995,to_in_008,5
2024,다나302999,to_in_001,8
2024,다나302999,to_in_007,5
2024,다나302999,to_in_008,5
2024,다나274767,to_in_007,5
2024,다나274767,to_in_008,5
2024,다나274768,to_in_001,8
2024,다나274768,to_in_007,5
2024,다나274768,to_in_008,8
2024,다나274769,to_in_001,81
2024,다나274769,to_in_007,33
2024,다나274769,to_in_008,51
2024,다나274770,to_in_001,49
2024,다나274770,to_in_007,24
2024,다나274770,to_in_008,23
2024,다나274771,to_in_001,13
2024,다나274771,to_in_007,8
2024,다나274771,to_in_008,8
2024,다나274774,to_in_001,5
2024,다나274774,to_in_007,0
2024,다나274774,to_in_008,5
2024,다나274776,to_in_001,5
2024,다나274776,to_in_007,5
2024,다나274776,to_in_008,5
2024,다나274777,to_in_001,5
2024,다나274777,to_in_007,5
2024,다나274777,to_in_008,5
2024,다나274778,to_in_001,5
2024,다나274778,to_in_007,5
2024,다나274778,to_in_008,0
2024,다나274783,to_in_001,8
2024,다나274783,to_in_007,5
2024,다나274783,to_in_008,5
2024,다나274784,to_in_001,8
2024,다나274784,to_in_007,0
2024,다나274784,to_in_008,5
2024,다나274787,to_in_001,5
2024,다나274787,to_in_007,5
2024,다나274787,to_in_008,0
2024,다나274789,to_in_001,18
2024,다나274789,to_in_007,13
2024,다나274789,to_in_008,8
2024,다나274790,to_in_001,8
2024,다나274790,to_in_007,5
2024,다나274790,to_in_008,5
2024,다나274794,to_in_001,5
2024,다나274794,to_in_007,5
2024,다나274794,to_in_008,0
2024,다나274795,to_in_001,5
2024,다나274795,to_in_007,5
2024,다나274795,to_in_008,0
2024,다나274800,to_in_001,5
2024,다나274800,to_in_007,5
2024,다나274800,to_in_008,0
2024,다나274803,to_in_001,18
2024,다나274803,to_in_007,8
2024,다나274803,to_in_008,8
2024,다나274805,to_in_001,5
2024,다나274805,to_in_007,5
2024,다나274805,to_in_008,0
2024,다나274807,to_in_001,5
2024,다나274807,to_in_007,0
2024,다나274807,to_in_008,0
2024,다나274808,to_in_001,5
2024,다나274808,to_in_007,5
2024,다나274808,to_in_008,5
2024,다나274809,to_in_001,5
2024,다나274809,to_in_007,0
2024,다나274809,to_in_008,5
2024,다나274996,to_in_001,5
2024,다나274996,to_in_007,5
2024,다나274996,to_in_008,5
2024,다나274997,to_in_001,5
2024,다나274997,to_in_007,5
2024,다나274997,to_in_008,0
2024,다나275766,to_in_001,18
2024,다나275766,to_in_007,8
2024,다나275766,to_in_008,8
2024,다나275767,to_in_001,67
2024,다나275767,to_in_007,34
2024,다나275767,to_in_008,36
2024,다나281773,to_in_001,5
2024,다나281773,to_in_007,5
2024,다나281773,to_in_008,0
2024,다나281774,to_in_001,8
2024,다나281774,to_in_007,5
2024,다나281774,to_in_008,5
2024,다나281777,to_in_001,5
2024,다나281777,to_in_007,0
2024,다나281777,to_in_008,0
2024,다나281778,to_in_001,5
2024,다나281778,to_in_007,0
2024,다나281778,to_in_008,5
2024,다나281779,to_in_001,5
2024,다나281779,to_in_007,5
2024,다나281779,to_in_008,0
2024,다나281806,to_in_001,5
2024,다나281806,to_in_007,5
2024,다나281806,to_in_008,0
2024,다나281818,to_in_001,5
2024,다나281818,to_in_007,5
2024,다나281818,to_in_008,0
2024,다나281945,to_in_001,0
2024,다나281945,to_in_007,0
2024,다나281945,to_in_008,0
2024,다나282767,to_in_001,5
2024,다나282767,to_in_007,5
2024,다나282767,to_in_008,0
2024,다나282770,to_in_001,33
2024,다나282770,to_in_007,23
2024,다나282770,to_in_008,13
2024,다나282771,to_in_001,8
2024,다나282771,to_in_007,8
2024,다나282771,to_in_008,8
2024,다나282772,to_in_001,13
2024,다나282772,to_in_007,5
2024,다나282772,to_in_008,8
2024,다나282773,to_in_001,18
2024,다나282773,to_in_007,13
2024,다나282773,to_in_008,8
2024,다나282774,to_in_001,5
2024,다나282774,to_in_007,0
2024,다나282774,to_in_008,0
2024,다나282799,to_in_001,5
2024,다나282799,to_in_007,5
2024,다나282799,to_in_008,0
2024,다나282803,to_in_001,0
2024,다나282803,to_in_007,0
2024,다나282803,to_in_008,0
2024,다나283767,to_in_001,13
2024,다나283767,to_in_007,13
2024,다나283767,to_in_008,0
2024,다나283770,to_in_001,8
2024,다나283770,to_in_007,5
2024,다나283770,to_in_008,5
2024,다나283771,to_in_001,8
2024,다나283771,to_in_007,5
2024,다나283771,to_in_008,5
2024,다나283772,to_in_001,5
2024,다나283772,to_in_007,0
2024,다나283772,to_in_008,5
2024,다나283773,to_in_001,8
2024,다나283773,to_in_007,5
2024,다나283773,to_in_008,5
2024,다나283775,to_in_001,5
2024,다나283775,to_in_007,5
2024,다나283775,to_in_008,0
2024,다나284770,to_in_001,13
2024,다나284770,to_in_007,8
2024,다나284770,to_in_008,5
2024,다나284771,to_in_001,13
2024,다나284771,to_in_007,8
2024,다나284771,to_in_008,8
2024,다나284772,to_in_001,18
2024,다나284772,to_in_007,8
2024,다나284772,to_in_008,8
2024,다나284773,to_in_001,0
2024,다나284773,to_in_007,0
2024,다나284773,to_in_008,0
2024,다나284775,to_in_001,5
2024,다나284775,to_in_007,0
2024,다나284775,to_in_008,5
2024,다나284778,to_in_001,5
2024,다나284778,to_in_007,5
2024,다나284778,to_in_008,0
2024,다나284779,to_in_001,5
2024,다나284779,to_in_007,0
2024,다나284779,to_in_008,5
2024,다나284787,to_in_001,5
2024,다나284787,to_in_007,5
2024,다나284787,to_in_008,0
2024,다나293802,to_in_001,5
2024,다나293802,to_in_007,5
2024,다나293802,to_in_008,0
2024,다나293826,to_in_001,0
2024,다나293826,to_in_007,0
2024,다나293826,to_in_008,0
2024,다나293861,to_in_001,0
2024,다나293861,to_in_007,0
2024,다나293861,to_in_008,0
2024,다나293862,to_in_001,5
2024,다나293862,to_in_007,0
2024,다나293862,to_in_008,5
2024,다나294767,to_in_001,8
2024,다나294767,to_in_007,8
2024,다나294767,to_in_008,0
2024,다나294768,to_in_001,5
2024,다나294768,to_in_007,0
2024,다나294768,to_in_008,5
2024,다나294769,to_in_001,38
2024,다나294769,to_in_007,18
2024,다나294769,to_in_008,18
2024,다나294770,to_in_001,5
2024,다나294770,to_in_007,0
2024,다나294770,to_in_008,5
2024,다나294771,to_in_001,18
2024,다나294771,to_in_007,8
2024,다나294771,to_in_008,8
2024,다나294772,to_in_001,13
2024,다나294772,to_in_007,8
2024,다나294772,to_in_008,8
2024,다나294773,to_in_001,18
2024,다나294773,to_in_007,8
2024,다나294773,to_in_008,8
2024,다나294774,to_in_001,13
2024,다나294774,to_in_007,8
2024,다나294774,to_in_008,8
2024,다나294775,to_in_001,8
2024,다나294775,to_in_007,5
2024,다나294775,to_in_008,5
2024,다나294776,to_in_001,13
2024,다나294776,to_in_007,5
2024,다나294776,to_in_008,8
2024,다나294777,to_in_001,8
2024,다나294777,to_in_007,8
2024,다나294777,to_in_008,8
2024,다나294778,to_in_001,5
2024,다나294778,to_in_007,0
2024,다나294778,to_in_008,5
2024,다나294802,to_in_001,5
2024,다나294802,to_in_007,0
2024,다나294802,to_in_008,0
2024,다나295769,to_in_001,8
2024,다나295769,to_in_007,8
2024,다나295769,to_in_008,5
2024,다나295770,to_in_001,8
2024,다나295770,to_in_007,5
2024,다나295770,to_in_008,5
2024,다나295771,to_in_001,5
2024,다나295771,to_in_007,5
2024,다나295771,to_in_008,5
2024,다나295772,to_in_001,8
2024,다나295772,to_in_007,8
2024,다나295772,to_in_008,5
2024,다나295773,to_in_001,13
2024,다나295773,to_in_007,5
2024,다나295773,to_in_008,8
2024,다나295774,to_in_001,5
2024,다나295774,to_in_007,0
2024,다나295774,to_in_008,0
2024,다나295775,to_in_001,8
2024,다나295775,to_in_007,5
2024,다나295775,to_in_008,8
2024,다나295776,to_in_001,43
2024,다나295776,to_in_007,18
2024,다나295776,to_in_008,23
2024,다나295777,to_in_001,5
2024,다나295777,to_in_007,5
2024,다나295777,to_in_008,5
2024,다나295779,to_in_001,0
2024,다나295779,to_in_007,0
2024,다나295779,to_in_008,0
2024,다나295780,to_in_001,0
2024,다나295780,to_in_007,0
2024,다나295780,to_in_008,0
2024,다나295806,to_in_001,8
2024,다나295806,to_in_007,5
2024,다나295806,to_in_008,8
2024,다나295989,to_in_001,8
2024,다나295989,to_in_007,0
2024,다나295989,to_in_008,8
2024,다나296767,to_in_001,8
2024,다나296767,to_in_007,8
2024,다나296767,to_in_008,0
2024,다나296769,to_in_001,8
2024,다나296769,to_in_007,8
2024,다나296769,to_in_008,0
2024,다나296770,to_in_001,0
2024,다나296770,to_in_007,0
2024,다나296770,to_in_008,0
2024,다나296772,to_in_001,8
2024,다나296772,to_in_007,5
2024,다나296772,to_in_008,8
2024,다나296773,to_in_001,8
2024,다나296773,to_in_007,5
2024,다나296773,to_in_008,5
2024,다나304814,to_in_001,23
2024,다나304814,to_in_007,13
2024,다나304814,to_in_008,13
2024,다나304824,to_in_001,5
2024,다나304824,to_in_007,0
2024,다나304824,to_in_008,0
2024,다나304828,to_in_001,5
2024,다나304828,to_in_007,5
2024,다나304828,to_in_008,0
2024,다나304854,to_in_001,5
2024,다나304854,to_in_007,0
2024,다나304854,to_in_008,5
2024,다나304937,to_in_001,8
2024,다나304937,to_in_007,5
2024,다나304937,to_in_008,5
2024,다나304990,to_in_001,5
2024,다나304990,to_in_007,5
2024,다나304990,to_in_008,0
2024,다나304991,to_in_001,5
2024,다나304991,to_in_007,5
2024,다나304991,to_in_008,0
2024,다나272795,to_in_007,8
2024,다나272795,to_in_008,5
2024,다나272796,to_in_001,8
2024,다나272796,to_in_007,5
2024,다나272796,to_in_008,5
2024,다나272797,to_in_001,8
2024,다나272797,to_in_007,8
2024,다나272797,to_in_008,5
2024,다나272798,to_in_001,5
2024,다나272798,to_in_007,5
2024,다나272798,to_in_008,5
2024,다나272802,to_in_001,5
2024,다나272802,to_in_007,0
2024,다나272802,to_in_008,5
2024,다나272803,to_in_001,8
2024,다나272803,to_in_007,5
2024,다나272803,to_in_008,5
2024,다나272804,to_in_001,8
2024,다나272804,to_in_007,5
2024,다나272804,to_in_008,5
2024,다나278815,to_in_001,5
2024,다나278815,to_in_007,5
2024,다나278815,to_in_008,0
2024,다나278818,to_in_001,5
2024,다나278818,to_in_007,0
2024,다나278818,to_in_008,0
2024,다나278938,to_in_001,5
2024,다나278938,to_in_007,5
2024,다나278938,to_in_008,0
2024,다나278991,to_in_001,5
2024,다나278991,to_in_007,0
2024,다나278991,to_in_008,5
2024,다나278995,to_in_001,8
2024,다나278995,to_in_007,0
2024,다나278995,to_in_008,8
2024,다나279767,to_in_001,5
2024,다나279767,to_in_007,0
2024,다나279767,to_in_008,0
2024,다나279769,to_in_001,5
2024,다나279769,to_in_007,0
2024,다나279769,to_in_008,5
2024,다나279770,to_in_001,5
2024,다나279770,to_in_007,0
2024,다나279770,to_in_008,5
2024,다나279773,to_in_001,5
2024,다나279773,to_in_007,5
2024,다나279773,to_in_008,5
2024,다나279775,to_in_001,5
2024,다나279775,to_in_007,0
2024,다나279775,to_in_008,5
2024,다나279781,to_in_001,0
2024,다나279781,to_in_007,0
2024,다나279781,to_in_008,0
2024,다나279801,to_in_001,8
2024,다나279801,to_in_007,5
2024,다나279801,to_in_008,5
2024,다나279996,to_in_001,5
2024,다나279996,to_in_007,0
2024,다나279996,to_in_008,0
2024,다나280767,to_in_001,5
2024,다나280767,to_in_007,5
2024,다나280767,to_in_008,0
2024,다나280768,to_in_001,5
2024,다나280768,to_in_007,0
2024,다나280768,to_in_008,5
2024,다나280769,to_in_001,8
2024,다나280769,to_in_007,5
2024,다나280769,to_in_008,8
2024,다나280770,to_in_001,5
2024,다나280770,to_in_007,0
2024,다나280770,to_in_008,5
2024,다나280771,to_in_001,5
2024,다나280771,to_in_007,5
2024,다나280771,to_in_008,0
2024,다나280772,to_in_001,5
2024,다나280772,to_in_007,5
2024,다나280772,to_in_008,0
2024,다나280773,to_in_001,8
2024,다나280773,to_in_007,5
2024,다나280773,to_in_008,5
2024,다나280774,to_in_001,5
2024,다나280774,to_in_007,0
2024,다나280774,to_in_008,0
2024,다나280799,to_in_001,0
2024,다나280799,to_in_007,0
2024,다나280799,to_in_008,0
2024,다나280801,to_in_001,5
2024,다나280801,to_in_007,5
2024,다나280801,to_in_008,0
2024,다나280804,to_in_001,5
2024,다나280804,to_in_007,0
2024,다나280804,to_in_008,5
2024,다나280818,to_in_001,5
2024,다나280818,to_in_007,0
2024,다나280818,to_in_008,0
2024,다나280831,to_in_001,5
2024,다나280831,to_in_007,0
2024,다나280831,to_in_008,5
2024,다나280934,to_in_001,5
2024,다나280934,to_in_007,5
2024,다나280934,to_in_008,5
2024,다나281767,to_in_001,15
2024,다나281767,to_in_007,12
2024,다나281767,to_in_008,0
2024,다나281769,to_in_001,13
2024,다나281769,to_in_007,8
2024,다나281769,to_in_008,8
2024,다나281770,to_in_001,13
2024,다나281770,to_in_007,8
2024,다나281770,to_in_008,8
2024,다나281771,to_in_001,50
2024,다나281771,to_in_007,23
2024,다나281771,to_in_008,25
2024,다나290778,to_in_001,13
2024,다나290778,to_in_007,8
2024,다나290778,to_in_008,8
2024,다나290779,to_in_001,5
2024,다나290779,to_in_007,0
2024,다나290779,to_in_008,0
2024,다나290797,to_in_001,0
2024,다나290797,to_in_007,0
2024,다나290797,to_in_008,0
2024,다나290941,to_in_001,13
2024,다나290941,to_in_007,5
2024,다나290941,to_in_008,8
2024,다나290942,to_in_001,0
2024,다나290942,to_in_007,0
2024,다나290942,to_in_008,0
2024,다나291772,to_in_001,5
2024,다나291772,to_in_007,0
2024,다나291772,to_in_008,0
2024,다나291773,to_in_001,5
2024,다나291773,to_in_007,5
2024,다나291773,to_in_008,5
2024,다나291774,to_in_001,5
2024,다나291774,to_in_007,5
2024,다나291774,to_in_008,5
2024,다나291777,to_in_001,23
2024,다나291777,to_in_007,13
2024,다나291777,to_in_008,8
2024,다나291778,to_in_001,5
2024,다나291778,to_in_007,0
2024,다나291778,to_in_008,0
2024,다나291779,to_in_001,5
2024,다나291779,to_in_007,5
2024,다나291779,to_in_008,5
2024,다나291817,to_in_001,8
2024,다나291817,to_in_007,8
2024,다나291817,to_in_008,0
2024,다나291940,to_in_001,5
2024,다나291940,to_in_007,0
2024,다나291940,to_in_008,0
2024,다나291941,to_in_001,5
2024,다나291941,to_in_007,0
2024,다나291941,to_in_008,5
2024,다나292768,to_in_001,5
2024,다나292768,to_in_007,5
2024,다나292768,to_in_008,0
2024,다나292769,to_in_001,0
2024,다나292769,to_in_007,0
2024,다나292769,to_in_008,0
2024,다나292771,to_in_001,8
2024,다나292771,to_in_007,0
2024,다나292771,to_in_008,5
2024,다나292772,to_in_001,8
2024,다나292772,to_in_007,5
2024,다나292772,to_in_008,5
2024,다나292773,to_in_001,18
2024,다나292773,to_in_007,8
2024,다나292773,to_in_008,8
2024,다나292774,to_in_001,23
2024,다나292774,to_in_007,13
2024,다나292774,to_in_008,13
2024,다나292775,to_in_001,5
2024,다나292775,to_in_007,5
2024,다나292775,to_in_008,5
2024,다나292776,to_in_001,13
2024,다나292776,to_in_007,8
2024,다나292776,to_in_008,8
2024,다나292777,to_in_001,5
2024,다나292777,to_in_007,0
2024,다나292777,to_in_008,5
2024,다나292779,to_in_001,5
2024,다나292779,to_in_007,0
2024,다나292779,to_in_008,0
2024,다나292780,to_in_001,5
2024,다나292780,to_in_007,0
2024,다나292780,to_in_008,5
2024,다나292799,to_in_001,0
2024,다나292799,to_in_007,0
2024,다나292799,to_in_008,0
2024,다나293768,to_in_001,5
2024,다나293768,to_in_007,0
2024,다나293768,to_in_008,0
2024,다나293769,to_in_001,8
2024,다나293769,to_in_007,8
2024,다나293769,to_in_008,5
2024,다나293770,to_in_001,8
2024,다나293770,to_in_007,5
2024,다나293770,to_in_008,8
2024,다나293771,to_in_001,8
2024,다나293771,to_in_007,5
2024,다나293771,to_in_008,5
2024,다나293772,to_in_001,18
2024,다나293772,to_in_007,8
2024,다나293772,to_in_008,8
2024,다나293773,to_in_001,33
2024,다나293773,to_in_007,13
2024,다나293773,to_in_008,18
2024,다나293774,to_in_001,8
2024,다나293774,to_in_007,5
2024,다나293774,to_in_008,5
2024,다나293775,to_in_001,18
2024,다나293775,to_in_007,8
2024,다나293775,to_in_008,13
2024,다나293776,to_in_001,5
2024,다나293776,to_in_007,5
2024,다나293776,to_in_008,5
2024,다나293779,to_in_001,8
2024,다나293779,to_in_007,0
2024,다나293779,to_in_008,8
2024,다나293795,to_in_001,5
2024,다나293795,to_in_007,5
2024,다나293795,to_in_008,0
2024,다나306846,to_in_001,5
2024,다나306846,to_in_007,0
2024,다나306846,to_in_008,5
2024,다나306854,to_in_001,8
2024,다나306854,to_in_007,8
2024,다나306854,to_in_008,8
2024,다나306855,to_in_001,5
2024,다나306855,to_in_007,0
2024,다나306855,to_in_008,5
2024,다나306991,to_in_001,18
2024,다나306991,to_in_007,8
2024,다나306991,to_in_008,8
2024,다나307778,to_in_001,38
2024,다나307778,to_in_007,18
2024,다나307778,to_in_008,18
2024,다나307780,to_in_001,5
2024,다나307780,to_in_007,5
2024,다나307780,to_in_008,0
2024,다나307781,to_in_001,5
2024,다나307781,to_in_007,0
2024,다나307781,to_in_008,0
2024,다나307785,to_in_001,5
2024,다나307785,to_in_007,0
2024,다나307785,to_in_008,5
2024,다나307786,to_in_001,8
2024,다나307786,to_in_007,8
2024,다나307786,to_in_008,5
2024,다나307803,to_in_001,5
2024,다나307803,to_in_007,5
2024,다나307803,to_in_008,0
2024,다나307809,to_in_001,8
2024,다나307809,to_in_007,5
2024,다나307809,to_in_008,5
2024,다나307813,to_in_001,8
2024,다나307813,to_in_007,5
2024,다나307813,to_in_008,8
2024,다나307814,to_in_001,5
2024,다나307814,to_in_007,0
2024,다나307814,to_in_008,0
2024,다나307816,to_in_001,8
2024,다나307816,to_in_007,8
2024,다나307816,to_in_008,5
2024,다나307817,to_in_001,5
2024,다나307817,to_in_007,5
2024,다나307817,to_in_008,0
2024,다나307819,to_in_001,5
2024,다나307819,to_in_007,5
2024,다나307819,to_in_008,0
2024,다나307820,to_in_001,5
2024,다나307820,to_in_007,5
2024,다나307820,to_in_008,0
2024,다나307821,to_in_001,18
2024,다나307821,to_in_007,13
2024,다나307821,to_in_008,8
2024,다나307822,to_in_001,5
2024,다나307822,to_in_007,5
2024,다나307822,to_in_008,5
2024,다나307824,to_in_001,5
2024,다나307824,to_in_007,5
2024,다나307824,to_in_008,0
2024,다나307827,to_in_001,0
2024,다나307827,to_in_007,0
2024,다나307827,to_in_008,0
2024,다나307856,to_in_001,5
2024,다나307856,to_in_007,0
2024,다나307856,to_in_008,5
2024,다나307991,to_in_001,8
2024,다나307991,to_in_007,8
2024,다나307991,to_in_008,5
2024,다나277781,to_in_007,5
2024,다나277781,to_in_008,8
2024,다나277790,to_in_001,5
2024,다나277790,to_in_007,0
2024,다나277790,to_in_008,5
2024,다나277795,to_in_001,0
2024,다나277795,to_in_007,0
2024,다나277795,to_in_008,0
2024,다나277796,to_in_001,8
2024,다나277796,to_in_007,5
2024,다나277796,to_in_008,5
2024,다나277798,to_in_001,8
2024,다나277798,to_in_007,5
2024,다나277798,to_in_008,5
2024,다나277803,to_in_001,5
2024,다나277803,to_in_007,0
2024,다나277803,to_in_008,5
2024,다나277995,to_in_001,5
2024,다나277995,to_in_007,5
2024,다나277995,to_in_008,5
2024,다나278768,to_in_001,0
2024,다나278768,to_in_007,0
2024,다나278768,to_in_008,0
2024,다나278769,to_in_001,5
2024,다나278769,to_in_007,5
2024,다나278769,to_in_008,5
2024,다나278773,to_in_001,8
2024,다나278773,to_in_007,5
2024,다나278773,to_in_008,5
2024,다나278775,to_in_001,8
2024,다나278775,to_in_007,5
2024,다나278775,to_in_008,5
2024,다나278778,to_in_001,5
2024,다나278778,to_in_007,5
2024,다나278778,to_in_008,5
2024,다나278794,to_in_001,0
2024,다나278794,to_in_007,0
2024,다나278794,to_in_008,0
2024,다나278803,to_in_001,5
2024,다나278803,to_in_007,0
2024,다나278803,to_in_008,0
2024,다나278810,to_in_001,5
2024,다나278810,to_in_007,5
2024,다나278810,to_in_008,0
2024,다나287939,to_in_001,5
2024,다나287939,to_in_007,0
2024,다나287939,to_in_008,5
2024,다나287941,to_in_001,8
2024,다나287941,to_in_007,8
2024,다나287941,to_in_008,0
2024,다나287942,to_in_001,5
2024,다나287942,to_in_007,0
2024,다나287942,to_in_008,0
2024,다나288769,to_in_001,5
2024,다나288769,to_in_007,5
2024,다나288769,to_in_008,0
2024,다나288770,to_in_001,18
2024,다나288770,to_in_007,8
2024,다나288770,to_in_008,8
2024,다나288771,to_in_001,23
2024,다나288771,to_in_007,13
2024,다나288771,to_in_008,8
2024,다나288772,to_in_001,23
2024,다나288772,to_in_007,13
2024,다나288772,to_in_008,8
2024,다나288774,to_in_001,8
2024,다나288774,to_in_007,5
2024,다나288774,to_in_008,5
2024,다나288775,to_in_001,5
2024,다나288775,to_in_007,5
2024,다나288775,to_in_008,5
2024,다나288777,to_in_001,5
2024,다나288777,to_in_007,5
2024,다나288777,to_in_008,5
2024,다나288778,to_in_001,5
2024,다나288778,to_in_007,5
2024,다나288778,to_in_008,5
2024,다나288939,to_in_001,5
2024,다나288939,to_in_007,0
2024,다나288939,to_in_008,5
2024,다나288940,to_in_001,8
2024,다나288940,to_in_007,5
2024,다나288940,to_in_008,5
2024,다나288942,to_in_001,5
2024,다나288942,to_in_007,0
2024,다나288942,to_in_008,5
2024,다나289769,to_in_001,23
2024,다나289769,to_in_007,8
2024,다나289769,to_in_008,13
2024,다나289770,to_in_001,5
2024,다나289770,to_in_007,5
2024,다나289770,to_in_008,5
2024,다나289771,to_in_001,23
2024,다나289771,to_in_007,13
2024,다나289771,to_in_008,8
2024,다나289772,to_in_001,18
2024,다나289772,to_in_007,13
2024,다나289772,to_in_008,8
2024,다나289773,to_in_001,5
2024,다나289773,to_in_007,0
2024,다나289773,to_in_008,0
2024,다나289778,to_in_001,5
2024,다나289778,to_in_007,0
2024,다나289778,to_in_008,0
2024,다나289779,to_in_001,8
2024,다나289779,to_in_007,8
2024,다나289779,to_in_008,5
2024,다나289802,to_in_001,5
2024,다나289802,to_in_007,0
2024,다나289802,to_in_008,5
2024,다나289809,to_in_001,8
2024,다나289809,to_in_007,5
2024,다나289809,to_in_008,5
2024,다나289823,to_in_001,8
2024,다나289823,to_in_007,5
2024,다나289823,to_in_008,5
2024,다나289939,to_in_001,5
2024,다나289939,to_in_007,5
2024,다나289939,to_in_008,5
2024,다나289940,to_in_001,0
2024,다나289940,to_in_007,0
2024,다나289940,to_in_008,0
2024,다나289941,to_in_001,8
2024,다나289941,to_in_007,5
2024,다나289941,to_in_008,5
2024,다나289942,to_in_001,8
2024,다나289942,to_in_007,5
2024,다나289942,to_in_008,5
2024,다나290768,to_in_001,5
2024,다나290768,to_in_007,5
2024,다나290768,to_in_008,0
2024,다나290769,to_in_001,5
2024,다나290769,to_in_007,0
2024,다나290769,to_in_008,5
2024,다나290770,to_in_001,8
2024,다나290770,to_in_007,5
2024,다나290770,to_in_008,8
2024,다나290771,to_in_001,8
2024,다나290771,to_in_007,0
2024,다나290771,to_in_008,8
2024,다나290773,to_in_001,0
2024,다나290773,to_in_007,0
2024,다나290773,to_in_008,0
2024,다나298812,to_in_001,8
2024,다나298812,to_in_007,5
2024,다나298812,to_in_008,5
2024,다나298813,to_in_001,13
2024,다나298813,to_in_007,8
2024,다나298813,to_in_008,5
2024,다나298814,to_in_001,5
2024,다나298814,to_in_007,0
2024,다나298814,to_in_008,5
2024,다나298815,to_in_001,5
2024,다나298815,to_in_007,5
2024,다나298815,to_in_008,5
2024,다나298819,to_in_001,5
2024,다나298819,to_in_007,5
2024,다나298819,to_in_008,0
2024,다나298826,to_in_001,5
2024,다나298826,to_in_007,5
2024,다나298826,to_in_008,5
2024,다나298989,to_in_001,5
2024,다나298989,to_in_007,5
2024,다나298989,to_in_008,0
2024,다나298994,to_in_001,5
2024,다나298994,to_in_007,0
2024,다나298994,to_in_008,0
2024,다나299773,to_in_001,8
2024,다나299773,to_in_007,8
2024,다나299773,to_in_008,5
2024,다나299774,to_in_001,5
2024,다나299774,to_in_007,5
2024,다나299774,to_in_008,5
2024,다나299775,to_in_001,13
2024,다나299775,to_in_007,8
2024,다나299775,to_in_008,5
2024,다나299776,to_in_001,28
2024,다나299776,to_in_007,8
2024,다나299776,to_in_008,18
2024,다나299777,to_in_001,8
2024,다나299777,to_in_007,5
2024,다나299777,to_in_008,8
2024,다나299779,to_in_001,18
2024,다나299779,to_in_007,8
2024,다나299779,to_in_008,8
2024,다나299785,to_in_001,5
2024,다나299785,to_in_007,5
2024,다나299785,to_in_008,0
2024,다나299787,to_in_001,5
2024,다나299787,to_in_007,5
2024,다나299787,to_in_008,5
2024,다나299807,to_in_001,13
2024,다나299807,to_in_007,8
2024,다나299807,to_in_008,8
2024,다나299808,to_in_001,0
2024,다나299808,to_in_007,0
2024,다나299808,to_in_008,0
2024,다나299809,to_in_001,5
2024,다나299809,to_in_007,5
2024,다나299809,to_in_008,0
2024,다나299810,to_in_001,23
2024,다나299810,to_in_007,8
2024,다나299810,to_in_008,13
2024,다나299811,to_in_001,23
2024,다나299811,to_in_007,13
2024,다나299811,to_in_008,8
2024,다나299812,to_in_001,13
2024,다나299812,to_in_007,8
2024,다나299812,to_in_008,8
2024,다나299825,to_in_001,0
2024,다나299825,to_in_007,0
2024,다나299825,to_in_008,0
2024,다나299834,to_in_001,5
2024,다나299834,to_in_007,0
2024,다나299834,to_in_008,5
2024,다나299877,to_in_001,5
2024,다나299877,to_in_007,0
2024,다나299877,to_in_008,5
2024,다나299933,to_in_001,0
2024,다나299933,to_in_007,0
2024,다나299933,to_in_008,0
2024,다나299934,to_in_001,0
2024,다나299934,to_in_007,0
2024,다나299934,to_in_008,0
2024,다나299989,to_in_001,5
2024,다나299989,to_in_007,0
2024,다나299989,to_in_008,0
2024,다나299992,to_in_001,5
2024,다나299992,to_in_007,5
2024,다나299992,to_in_008,5
2024,다나299993,to_in_001,5
2024,다나299993,to_in_007,5
2024,다나299993,to_in_008,0
2024,다나299994,to_in_001,8
2024,다나299994,to_in_007,5
2024,다나299994,to_in_008,5
2024,다나300772,to_in_001,15
2024,다나300772,to_in_007,15
2024,다나300772,to_in_008,0
2024,다나300773,to_in_001,13
2024,다나300773,to_in_007,8
2024,다나300773,to_in_008,8
2024,다나300774,to_in_001,8
2024,다나300774,to_in_007,5
2024,다나300774,to_in_008,5
2024,다나300775,to_in_001,13
2024,다나300775,to_in_007,8
2024,다나300775,to_in_008,8
2024,다나300776,to_in_001,33
2024,다나300776,to_in_007,18
2024,다나300776,to_in_008,18
2024,다나300777,to_in_001,13
2024,다나300777,to_in_007,8
2024,다나300777,to_in_008,8
2024,다나300778,to_in_001,8
2024,다나300778,to_in_007,8
2024,다나300778,to_in_008,8
2024,다나300798,to_in_001,5
2024,다나300798,to_in_007,0
2024,다나300798,to_in_008,5
2024,다나300801,to_in_001,0
2024,다나300801,to_in_007,0
2024,다나300801,to_in_008,0
2024,다나300805,to_in_001,0
2024,다나300805,to_in_007,0
2024,다나300805,to_in_008,0
2024,다나300806,to_in_001,0
2024,다나300806,to_in_007,0
2024,다나300806,to_in_008,0
2024,다나300807,to_in_001,5
2024,다나300807,to_in_007,5
2024,다나300807,to_in_008,5
2024,다나300808,to_in_001,8
2024,다나300808,to_in_007,5
2024,다나300808,to_in_008,5
2024,다나311848,to_in_001,5
2024,다나311848,to_in_007,5
2024,다나311848,to_in_008,0
2024,다나311849,to_in_001,5
2024,다나311849,to_in_007,5
2024,다나311849,to_in_008,0
2024,다나311851,to_in_001,8
2024,다나311851,to_in_007,5
2024,다나311851,to_in_008,5
2024,다나311852,to_in_001,8
2024,다나311852,to_in_007,5
2024,다나311852,to_in_008,5
2024,다나311855,to_in_001,8
2024,다나311855,to_in_007,5
2024,다나311855,to_in_008,5
2024,다나311917,to_in_001,0
2024,다나311917,to_in_007,0
2024,다나311917,to_in_008,0
2024,다나273805,to_in_007,8
2024,다나273805,to_in_008,0
2024,다나273806,to_in_001,23
2024,다나273806,to_in_007,13
2024,다나273806,to_in_008,8
2024,다나284788,to_in_001,5
2024,다나284788,to_in_007,5
2024,다나284788,to_in_008,0
2024,다나284801,to_in_001,5
2024,다나284801,to_in_007,0
2024,다나284801,to_in_008,0
2024,다나284812,to_in_001,5
2024,다나284812,to_in_007,5
2024,다나284812,to_in_008,0
2024,다나285769,to_in_001,8
2024,다나285769,to_in_007,8
2024,다나285769,to_in_008,0
2024,다나285770,to_in_001,8
2024,다나285770,to_in_007,5
2024,다나285770,to_in_008,5
2024,다나285771,to_in_001,13
2024,다나285771,to_in_007,8
2024,다나285771,to_in_008,8
2024,다나285772,to_in_001,5
2024,다나285772,to_in_007,5
2024,다나285772,to_in_008,5
2024,다나285773,to_in_001,5
2024,다나285773,to_in_007,5
2024,다나285773,to_in_008,5
2024,다나285774,to_in_001,0
2024,다나285774,to_in_007,0
2024,다나285774,to_in_008,0
2024,다나285775,to_in_001,5
2024,다나285775,to_in_007,5
2024,다나285775,to_in_008,5
2024,다나285776,to_in_001,8
2024,다나285776,to_in_007,5
2024,다나285776,to_in_008,5
2024,다나285777,to_in_001,0
2024,다나285777,to_in_007,0
2024,다나285777,to_in_008,0
2024,다나285806,to_in_001,0
2024,다나285806,to_in_007,0
2024,다나285806,to_in_008,0
2024,다나286769,to_in_001,0
2024,다나286769,to_in_007,0
2024,다나286769,to_in_008,0
2024,다나286770,to_in_001,8
2024,다나286770,to_in_007,5
2024,다나286770,to_in_008,5
2024,다나286771,to_in_001,23
2024,다나286771,to_in_007,13
2024,다나286771,to_in_008,13
2024,다나286772,to_in_001,0
2024,다나286772,to_in_007,0
2024,다나286772,to_in_008,0
2024,다나286773,to_in_001,5
2024,다나286773,to_in_007,5
2024,다나286773,to_in_008,5
2024,다나286774,to_in_001,8
2024,다나286774,to_in_007,8
2024,다나286774,to_in_008,5
2024,다나286776,to_in_001,18
2024,다나286776,to_in_007,8
2024,다나286776,to_in_008,8
2024,다나286799,to_in_001,5
2024,다나286799,to_in_007,5
2024,다나286799,to_in_008,5
2024,다나286806,to_in_001,0
2024,다나286806,to_in_007,0
2024,다나286806,to_in_008,0
2024,다나287769,to_in_001,5
2024,다나287769,to_in_007,0
2024,다나287769,to_in_008,5
2024,다나287770,to_in_001,13
2024,다나287770,to_in_007,8
2024,다나287770,to_in_008,8
2024,다나287771,to_in_001,23
2024,다나287771,to_in_007,13
2024,다나287771,to_in_008,13
2024,다나287772,to_in_001,18
2024,다나287772,to_in_007,8
2024,다나287772,to_in_008,8
2024,다나287773,to_in_001,13
2024,다나287773,to_in_007,8
2024,다나287773,to_in_008,8
2024,다나287774,to_in_001,5
2024,다나287774,to_in_007,0
2024,다나287774,to_in_008,5
2024,다나287775,to_in_001,5
2024,다나287775,to_in_007,5
2024,다나287775,to_in_008,0
2024,다나287776,to_in_001,13
2024,다나287776,to_in_007,8
2024,다나287776,to_in_008,8
2024,다나287777,to_in_001,5
2024,다나287777,to_in_007,0
2024,다나287777,to_in_008,0
2024,다나287780,to_in_001,5
2024,다나287780,to_in_007,0
2024,다나287780,to_in_008,0
2024,다나287801,to_in_001,5
2024,다나287801,to_in_007,5
2024,다나287801,to_in_008,0
2024,다나296774,to_in_001,28
2024,다나296774,to_in_007,13
2024,다나296774,to_in_008,13
2024,다나296775,to_in_001,43
2024,다나296775,to_in_007,23
2024,다나296775,to_in_008,18
2024,다나296776,to_in_001,23
2024,다나296776,to_in_007,8
2024,다나296776,to_in_008,13
2024,다나296777,to_in_001,8
2024,다나296777,to_in_007,8
2024,다나296777,to_in_008,5
2024,다나296778,to_in_001,5
2024,다나296778,to_in_007,5
2024,다나296778,to_in_008,5
2024,다나296779,to_in_001,5
2024,다나296779,to_in_007,5
2024,다나296779,to_in_008,0
2024,다나296811,to_in_001,5
2024,다나296811,to_in_007,5
2024,다나296811,to_in_008,5
2024,다나296812,to_in_001,8
2024,다나296812,to_in_007,8
2024,다나296812,to_in_008,5
2024,다나296814,to_in_001,8
2024,다나296814,to_in_007,5
2024,다나296814,to_in_008,5
2024,다나296927,to_in_001,42
2024,다나296927,to_in_007,27
2024,다나296927,to_in_008,13
2024,다나296933,to_in_001,5
2024,다나296933,to_in_007,5
2024,다나296933,to_in_008,0
2024,다나296936,to_in_001,0
2024,다나296936,to_in_007,0
2024,다나296936,to_in_008,0
2024,다나296990,to_in_001,5
2024,다나296990,to_in_007,0
2024,다나296990,to_in_008,5
2024,다나297769,to_in_001,5
2024,다나297769,to_in_007,5
2024,다나297769,to_in_008,5
2024,다나297771,to_in_001,5
2024,다나297771,to_in_007,0
2024,다나297771,to_in_008,5
2024,다나297773,to_in_001,8
2024,다나297773,to_in_007,8
2024,다나297773,to_in_008,8
2024,다나297774,to_in_001,18
2024,다나297774,to_in_007,8
2024,다나297774,to_in_008,8
2024,다나297775,to_in_001,53
2024,다나297775,to_in_007,28
2024,다나297775,to_in_008,28
2024,다나297776,to_in_001,18
2024,다나297776,to_in_007,8
2024,다나297776,to_in_008,8
2024,다나297777,to_in_001,18
2024,다나297777,to_in_007,8
2024,다나297777,to_in_008,8
2024,다나297808,to_in_001,5
2024,다나297808,to_in_007,0
2024,다나297808,to_in_008,5
2024,다나297809,to_in_001,5
2024,다나297809,to_in_007,5
2024,다나297809,to_in_008,0
2024,다나297810,to_in_001,8
2024,다나297810,to_in_007,5
2024,다나297810,to_in_008,5
2024,다나297811,to_in_001,13
2024,다나297811,to_in_007,5
2024,다나297811,to_in_008,8
2024,다나297812,to_in_001,13
2024,다나297812,to_in_007,5
2024,다나297812,to_in_008,8
2024,다나297813,to_in_001,18
2024,다나297813,to_in_007,13
2024,다나297813,to_in_008,8
2024,다나297814,to_in_001,13
2024,다나297814,to_in_007,8
2024,다나297814,to_in_008,8
2024,다나297815,to_in_001,0
2024,다나297815,to_in_007,0
2024,다나297815,to_in_008,0
2024,다나297829,to_in_001,5
2024,다나297829,to_in_007,0
2024,다나297829,to_in_008,5
2024,다나298770,to_in_001,8
2024,다나298770,to_in_007,5
2024,다나298770,to_in_008,5
2024,다나298771,to_in_001,5
2024,다나298771,to_in_007,5
2024,다나298771,to_in_008,0
2024,다나298773,to_in_001,8
2024,다나298773,to_in_007,8
2024,다나298773,to_in_008,5
2024,다나298774,to_in_001,28
2024,다나298774,to_in_007,18
2024,다나298774,to_in_008,13
2024,다나298775,to_in_001,5
2024,다나298775,to_in_007,0
2024,다나298775,to_in_008,5
2024,다나298776,to_in_001,8
2024,다나298776,to_in_007,5
2024,다나298776,to_in_008,5
2024,다나298777,to_in_001,8
2024,다나298777,to_in_007,8
2024,다나298777,to_in_008,5
2024,다나298779,to_in_001,5
2024,다나298779,to_in_007,5
2024,다나298779,to_in_008,0
2024,다나298784,to_in_001,18
2024,다나298784,to_in_007,8
2024,다나298784,to_in_008,13
2024,다나298804,to_in_001,5
2024,다나298804,to_in_007,5
2024,다나298804,to_in_008,5
2024,다나298808,to_in_001,23
2024,다나298808,to_in_007,13
2024,다나298808,to_in_008,8
2024,다나298809,to_in_001,5
2024,다나298809,to_in_007,0
2024,다나298809,to_in_008,5
2024,다나298810,to_in_001,13
2024,다나298810,to_in_007,5
2024,다나298810,to_in_008,8
2024,다나298811,to_in_001,8
2024,다나298811,to_in_007,5
2024,다나298811,to_in_008,5
2024,다나308849,to_in_001,5
2024,다나308849,to_in_007,5
2024,다나308849,to_in_008,0
2024,다나309780,to_in_001,19
2024,다나309780,to_in_007,19
2024,다나309780,to_in_008,5
2024,다나309781,to_in_001,28
2024,다나309781,to_in_007,13
2024,다나309781,to_in_008,13
2024,다나309782,to_in_001,28
2024,다나309782,to_in_007,13
2024,다나309782,to_in_008,13
2024,다나309783,to_in_001,23
2024,다나309783,to_in_007,13
2024,다나309783,to_in_008,13
2024,다나309784,to_in_001,13
2024,다나309784,to_in_007,8
2024,다나309784,to_in_008,8
2024,다나309801,to_in_001,5
2024,다나309801,to_in_007,5
2024,다나309801,to_in_008,0
2024,다나309820,to_in_001,5
2024,다나309820,to_in_007,0
2024,다나309820,to_in_008,0
2024,다나309823,to_in_001,8
2024,다나309823,to_in_007,5
2024,다나309823,to_in_008,5
2024,다나309825,to_in_001,5
2024,다나309825,to_in_007,0
2024,다나309825,to_in_008,0
2024,다나309846,to_in_001,8
2024,다나309846,to_in_007,8
2024,다나309846,to_in_008,0
2024,다나309869,to_in_001,5
2024,다나309869,to_in_007,0
2024,다나309869,to_in_008,5
2024,다나310780,to_in_001,13
2024,다나310780,to_in_007,8
2024,다나310780,to_in_008,8
2024,다나310781,to_in_001,33
2024,다나310781,to_in_007,18
2024,다나310781,to_in_008,13
2024,다나310782,to_in_001,23
2024,다나310782,to_in_007,13
2024,다나310782,to_in_008,13
2024,다나310783,to_in_001,23
2024,다나310783,to_in_007,13
2024,다나310783,to_in_008,8
2024,다나310784,to_in_001,0
2024,다나310784,to_in_007,0
2024,다나310784,to_in_008,0
2024,다나310785,to_in_001,5
2024,다나310785,to_in_007,5
2024,다나310785,to_in_008,0
2024,다나310787,to_in_001,5
2024,다나310787,to_in_007,0
2024,다나310787,to_in_008,0
2024,다나310796,to_in_001,0
2024,다나310796,to_in_007,0
2024,다나310796,to_in_008,0
2024,다나303781,to_in_001,0
2024,다나303781,to_in_007,0
2024,다나303781,to_in_008,0
2024,다나303782,to_in_001,5
2024,다나303782,to_in_007,5
2024,다나303782,to_in_008,0
2024,다나303787,to_in_001,8
2024,다나303787,to_in_007,5
2024,다나303787,to_in_008,8
2024,다나303795,to_in_001,8
2024,다나303795,to_in_007,5
2024,다나303795,to_in_008,8
2024,다나303796,to_in_001,13
2024,다나303796,to_in_007,8
2024,다나303796,to_in_008,8
2024,다나303813,to_in_001,5
2024,다나303813,to_in_007,5
2024,다나303813,to_in_008,0
2024,다나303814,to_in_001,5
2024,다나303814,to_in_007,5
2024,다나303814,to_in_008,0
2024,다나304776,to_in_001,8
2024,다나304776,to_in_007,8
2024,다나304776,to_in_008,0
2024,다나304779,to_in_001,5
2024,다나304779,to_in_007,5
2024,다나304779,to_in_008,0
2024,다나304781,to_in_001,5
2024,다나304781,to_in_007,5
2024,다나304781,to_in_008,5
2024,다나304788,to_in_001,8
2024,다나304788,to_in_007,8
2024,다나304788,to_in_008,5
2024,다나304790,to_in_001,8
2024,다나304790,to_in_007,5
2024,다나304790,to_in_008,8
2024,다나304793,to_in_001,5
2024,다나304793,to_in_007,0
2024,다나304793,to_in_008,5
2024,다나304795,to_in_001,18
2024,다나304795,to_in_007,13
2024,다나304795,to_in_008,8
2024,다나304796,to_in_001,44
2024,다나304796,to_in_007,23
2024,다나304796,to_in_008,19
2024,다나304797,to_in_001,5
2024,다나304797,to_in_007,5
2024,다나304797,to_in_008,0
2024,다나304804,to_in_001,0
2024,다나304804,to_in_007,0
2024,다나304804,to_in_008,0
2024,다나322802,to_in_001,0
2024,다나322802,to_in_007,0
2024,다나322802,to_in_008,0
2024,다나322812,to_in_001,8
2024,다나322812,to_in_007,5
2024,다나322812,to_in_008,5
2024,다나322821,to_in_001,8
2024,다나322821,to_in_007,5
2024,다나322821,to_in_008,5
2024,다나322822,to_in_001,8
2024,다나322822,to_in_007,5
2024,다나322822,to_in_008,5
2024,다나322823,to_in_001,8
2024,다나322823,to_in_007,5
2024,다나322823,to_in_008,8
2024,다나322824,to_in_001,5
2024,다나322824,to_in_007,0
2024,다나322824,to_in_008,5
2024,다나322825,to_in_001,8
2024,다나322825,to_in_007,8
2024,다나322825,to_in_008,5
2024,다나322837,to_in_001,0
2024,다나322837,to_in_007,0
2024,다나322837,to_in_008,0
2024,다나322839,to_in_001,8
2024,다나322839,to_in_007,5
2024,다나322839,to_in_008,5
2024,다나322841,to_in_001,5
2024,다나322841,to_in_007,0
2024,다나322841,to_in_008,0
2024,다나322846,to_in_001,13
2024,다나322846,to_in_007,8
2024,다나322846,to_in_008,8
2024,다나322847,to_in_001,13
2024,다나322847,to_in_007,8
2024,다나322847,to_in_008,8
2024,다나322848,to_in_001,13
2024,다나322848,to_in_007,8
2024,다나322848,to_in_008,8
2024,다나322849,to_in_001,18
2024,다나322849,to_in_007,8
2024,다나322849,to_in_008,8
2024,다나322850,to_in_001,5
2024,다나322850,to_in_007,5
2024,다나322850,to_in_008,5
2024,다나322851,to_in_001,5
2024,다나322851,to_in_007,0
2024,다나322851,to_in_008,0
2024,다나322852,to_in_001,5
2024,다나322852,to_in_007,0
2024,다나322852,to_in_008,5
2024,다나322853,to_in_001,5
2024,다나322853,to_in_007,0
2024,다나322853,to_in_008,0
2024,다나322854,to_in_001,8
2024,다나322854,to_in_007,5
2024,다나322854,to_in_008,5
2024,다나322855,to_in_001,5
2024,다나322855,to_in_007,0
2024,다나322855,to_in_008,5
2024,다나322856,to_in_001,8
2024,다나322856,to_in_007,5
2024,다나322856,to_in_008,5
2024,다나322857,to_in_001,8
2024,다나322857,to_in_007,8
2024,다나322857,to_in_008,5
2024,다나322913,to_in_001,5
2024,다나322913,to_in_007,5
2024,다나322913,to_in_008,0
2024,다나322914,to_in_001,8
2024,다나322914,to_in_007,5
2024,다나322914,to_in_008,8
2024,다나322915,to_in_001,13
2024,다나322915,to_in_007,8
2024,다나322915,to_in_008,5
2024,다나322916,to_in_001,8
2024,다나322916,to_in_007,5
2024,다나322916,to_in_008,8
2024,다나322917,to_in_001,5
2024,다나322917,to_in_007,5
2024,다나322917,to_in_008,0
2024,다나322960,to_in_001,5
2024,다나322960,to_in_007,5
2024,다나322960,to_in_008,0
2024,다나322961,to_in_001,5
2024,다나322961,to_in_007,5
2024,다나322961,to_in_008,5
2024,다나322962,to_in_001,5
2024,다나322962,to_in_007,5
2024,다나322962,to_in_008,0
2024,다나322973,to_in_001,5
2024,다나305778,to_in_001,8
2024,다나305778,to_in_007,5
2024,다나305778,to_in_008,5
2024,다나305779,to_in_001,13
2024,다나305779,to_in_007,8
2024,다나305779,to_in_008,5
2024,다나305786,to_in_001,8
2024,다나305786,to_in_007,5
2024,다나305786,to_in_008,5
2024,다나305788,to_in_001,5
2024,다나305788,to_in_007,5
2024,다나305788,to_in_008,5
2024,다나305795,to_in_001,5
2024,다나305795,to_in_007,5
2024,다나305795,to_in_008,5
2024,다나305796,to_in_001,33
2024,다나305796,to_in_007,18
2024,다나305796,to_in_008,18
2024,다나305797,to_in_001,23
2024,다나305797,to_in_007,13
2024,다나305797,to_in_008,13
2024,다나305798,to_in_001,5
2024,다나305798,to_in_007,0
2024,다나305798,to_in_008,5
2024,다나305802,to_in_001,5
2024,다나305802,to_in_007,5
2024,다나305802,to_in_008,5
2024,다나305803,to_in_001,5
2024,다나305803,to_in_007,0
2024,다나305803,to_in_008,0
2024,다나305812,to_in_001,5
2024,다나305812,to_in_007,5
2024,다나305812,to_in_008,0
2024,다나305813,to_in_001,5
2024,다나305813,to_in_007,5
2024,다나305813,to_in_008,0
2024,다나305821,to_in_001,0
2024,다나305821,to_in_007,0
2024,다나305821,to_in_008,0
2024,다나305826,to_in_001,0
2024,다나305826,to_in_007,0
2024,다나305826,to_in_008,0
2024,다나305843,to_in_001,0
2024,다나305843,to_in_007,0
2024,다나305843,to_in_008,0
2024,다나305853,to_in_001,5
2024,다나305853,to_in_007,5
2024,다나305853,to_in_008,0
2024,다나305856,to_in_001,5
2024,다나305856,to_in_007,5
2024,다나305856,to_in_008,0
2024,다나305858,to_in_001,5
2024,다나305858,to_in_007,5
2024,다나305858,to_in_008,0
2024,다나305919,to_in_001,5
2024,다나305919,to_in_007,0
2024,다나305919,to_in_008,0
2024,다나305920,to_in_001,5
2024,다나305920,to_in_007,0
2024,다나305920,to_in_008,0
2024,다나305921,to_in_001,0
2024,다나305921,to_in_007,0
2024,다나305921,to_in_008,0
2024,다나305990,to_in_001,13
2024,다나305990,to_in_007,5
2024,다나305990,to_in_008,8
2024,다나305991,to_in_001,18
2024,다나305991,to_in_007,8
2024,다나305991,to_in_008,8
2024,다나306778,to_in_001,13
2024,다나306778,to_in_007,8
2024,다나306778,to_in_008,8
2024,다나306779,to_in_001,8
2024,다나306779,to_in_007,5
2024,다나306779,to_in_008,5
2024,다나306780,to_in_001,5
2024,다나306780,to_in_007,0
2024,다나306780,to_in_008,5
2024,다나306786,to_in_001,8
2024,다나306786,to_in_007,5
2024,다나306786,to_in_008,5
2024,다나306803,to_in_001,5
2024,다나306803,to_in_007,5
2024,다나306803,to_in_008,0
2024,다나306804,to_in_001,0
2024,다나306804,to_in_007,0
2024,다나306804,to_in_008,0
2024,다나306811,to_in_001,5
2024,다나306811,to_in_007,0
2024,다나306811,to_in_008,5
2024,다나306812,to_in_001,13
2024,다나306812,to_in_007,8
2024,다나306812,to_in_008,5
2024,다나306813,to_in_001,8
2024,다나306813,to_in_007,8
2024,다나306813,to_in_008,5
2024,다나306816,to_in_001,0
2024,다나306816,to_in_007,0
2024,다나306816,to_in_008,0
2024,다나306818,to_in_001,5
2024,다나306818,to_in_007,0
2024,다나306818,to_in_008,0
2024,다나306820,to_in_001,8
2024,다나306820,to_in_007,5
2024,다나306820,to_in_008,5
2024,다나306821,to_in_001,8
2024,다나306821,to_in_007,5
2024,다나306821,to_in_008,5
2024,다나315819,to_in_001,5
2024,다나315819,to_in_007,0
2024,다나315819,to_in_008,0
2024,다나315820,to_in_001,13
2024,다나315820,to_in_007,8
2024,다나315820,to_in_008,8
2024,다나315839,to_in_001,5
2024,다나315839,to_in_007,0
2024,다나315839,to_in_008,0
2024,다나315843,to_in_001,5
2024,다나315843,to_in_007,5
2024,다나315843,to_in_008,5
2024,다나315845,to_in_001,8
2024,다나315845,to_in_007,8
2024,다나315845,to_in_008,5
2024,다나315846,to_in_001,8
2024,다나315846,to_in_007,5
2024,다나315846,to_in_008,5
2024,다나315847,to_in_001,8
2024,다나315847,to_in_007,5
2024,다나315847,to_in_008,5
2024,다나315855,to_in_001,5
2024,다나315855,to_in_007,5
2024,다나315855,to_in_008,0
2024,다나316788,to_in_001,23
2024,다나316788,to_in_007,8
2024,다나316788,to_in_008,13
2024,다나316789,to_in_001,8
2024,다나316789,to_in_007,5
2024,다나316789,to_in_008,5
2024,다나316790,to_in_001,18
2024,다나316790,to_in_007,8
2024,다나316790,to_in_008,8
2024,다나316791,to_in_001,28
2024,다나316791,to_in_007,13
2024,다나316791,to_in_008,13
2024,다나316792,to_in_001,5
2024,다나316792,to_in_007,5
2024,다나316792,to_in_008,5
2024,다나316794,to_in_001,5
2024,다나316794,to_in_007,0
2024,다나316794,to_in_008,0
2024,다나316795,to_in_001,8
2024,다나316795,to_in_007,5
2024,다나316795,to_in_008,5
2024,다나316796,to_in_001,13
2024,다나316796,to_in_007,5
2024,다나316796,to_in_008,8
2024,다나316797,to_in_001,13
2024,다나316797,to_in_007,8
2024,다나316797,to_in_008,8
2024,다나316798,to_in_001,8
2024,다나316798,to_in_007,5
2024,다나316798,to_in_008,5
2024,다나316799,to_in_001,5
2024,다나316799,to_in_007,5
2024,다나316799,to_in_008,0
2024,다나316810,to_in_001,5
2024,다나316810,to_in_007,5
2024,다나316810,to_in_008,5
2024,다나316816,to_in_001,5
2024,다나316816,to_in_007,0
2024,다나316816,to_in_008,5
2024,다나316817,to_in_001,5
2024,다나316817,to_in_007,5
2024,다나316817,to_in_008,0
2024,다나316818,to_in_001,5
2024,다나316818,to_in_007,5
2024,다나316818,to_in_008,0
2024,다나316819,to_in_001,8
2024,다나316819,to_in_007,5
2024,다나316819,to_in_008,8
2024,다나316820,to_in_001,18
2024,다나316820,to_in_007,8
2024,다나316820,to_in_008,8
2024,다나316821,to_in_001,5
2024,다나316821,to_in_007,5
2024,다나316821,to_in_008,0
2024,다나316822,to_in_001,5
2024,다나316822,to_in_007,0
2024,다나316822,to_in_008,5
2024,다나316823,to_in_001,5
2024,다나316823,to_in_007,0
2024,다나316823,to_in_008,5
2024,다나316825,to_in_001,0
2024,다나316825,to_in_007,0
2024,다나316825,to_in_008,0
2024,다나316826,to_in_001,0
2024,다나316826,to_in_007,0
2024,다나316826,to_in_008,0
2024,다나316827,to_in_001,5
2024,다나316827,to_in_007,5
2024,다나316827,to_in_008,5
2024,다나316830,to_in_001,5
2024,다나316830,to_in_007,5
2024,다나316830,to_in_008,0
2024,다나316843,to_in_001,13
2024,다나316843,to_in_007,8
2024,다나316843,to_in_008,8
2024,다나316847,to_in_001,5
2024,다나316847,to_in_007,0
2024,다나316847,to_in_008,5
2024,다나316857,to_in_001,8
2024,다나316857,to_in_007,5
2024,다나316857,to_in_008,5
2024,다나320980,to_in_001,5
2024,다나320980,to_in_007,5
2024,다나320980,to_in_008,5
2024,다나321790,to_in_001,8
2024,다나321790,to_in_007,5
2024,다나321790,to_in_008,5
2024,다나321791,to_in_001,0
2024,다나321791,to_in_007,0
2024,다나321791,to_in_008,0
2024,다나321794,to_in_001,8
2024,다나321794,to_in_007,5
2024,다나321794,to_in_008,5
2024,다나321795,to_in_001,0
2024,다나321795,to_in_007,0
2024,다나321795,to_in_008,0
2024,다나321796,to_in_001,0
2024,다나321796,to_in_007,0
2024,다나321796,to_in_008,0
2024,다나321798,to_in_001,0
2024,다나321798,to_in_007,0
2024,다나321798,to_in_008,0
2024,다나321799,to_in_001,13
2024,다나321799,to_in_007,8
2024,다나321799,to_in_008,5
2024,다나321812,to_in_001,5
2024,다나321812,to_in_007,0
2024,다나321812,to_in_008,0
2024,다나321821,to_in_001,5
2024,다나321821,to_in_007,5
2024,다나321821,to_in_008,0
2024,다나321822,to_in_001,8
2024,다나321822,to_in_007,8
2024,다나321822,to_in_008,5
2024,다나321826,to_in_001,5
2024,다나321826,to_in_007,5
2024,다나321826,to_in_008,5
2024,다나321846,to_in_001,8
2024,다나321846,to_in_007,5
2024,다나321846,to_in_008,5
2024,다나321847,to_in_001,8
2024,다나321847,to_in_007,8
2024,다나321847,to_in_008,5
2024,다나321848,to_in_001,18
2024,다나321848,to_in_007,8
2024,다나321848,to_in_008,8
2024,다나321849,to_in_001,8
2024,다나321849,to_in_007,5
2024,다나321849,to_in_008,5
2024,다나321850,to_in_001,5
2024,다나321850,to_in_007,0
2024,다나321850,to_in_008,0
2024,다나321856,to_in_001,5
2024,다나321856,to_in_007,0
2024,다나321856,to_in_008,5
2024,다나321857,to_in_001,8
2024,다나321857,to_in_007,5
2024,다나321857,to_in_008,5
2024,다나321915,to_in_001,13
2024,다나321915,to_in_007,8
2024,다나321915,to_in_008,5
2024,다나321916,to_in_001,8
2024,다나321916,to_in_007,8
2024,다나321916,to_in_008,5
2024,다나321973,to_in_001,5
2024,다나321973,to_in_007,5
2024,다나321973,to_in_008,5
2024,다나321974,to_in_001,8
2024,다나321974,to_in_007,5
2024,다나321974,to_in_008,5
2024,다나321975,to_in_001,8
2024,다나321975,to_in_007,8
2024,다나321975,to_in_008,5
2024,다나321976,to_in_001,13
2024,다나321976,to_in_007,8
2024,다나321976,to_in_008,8
2024,다나321977,to_in_001,8
2024,다나321977,to_in_007,0
2024,다나321977,to_in_008,8
2024,다나321978,to_in_001,8
2024,다나321978,to_in_007,8
2024,다나308779,to_in_001,5
2024,다나308779,to_in_007,5
2024,다나308779,to_in_008,0
2024,다나308782,to_in_001,8
2024,다나308782,to_in_007,5
2024,다나308782,to_in_008,8
2024,다나308783,to_in_001,5
2024,다나308783,to_in_007,0
2024,다나308783,to_in_008,5
2024,다나308785,to_in_001,5
2024,다나308785,to_in_007,5
2024,다나308785,to_in_008,0
2024,다나308793,to_in_001,0
2024,다나308793,to_in_007,0
2024,다나308793,to_in_008,0
2024,다나308797,to_in_001,5
2024,다나308797,to_in_007,0
2024,다나308797,to_in_008,5
2024,다나308801,to_in_001,0
2024,다나308801,to_in_007,0
2024,다나308801,to_in_008,0
2024,다나308814,to_in_001,5
2024,다나308814,to_in_007,5
2024,다나308814,to_in_008,0
2024,다나308820,to_in_001,0
2024,다나308820,to_in_007,0
2024,다나308820,to_in_008,0
2024,다나308821,to_in_001,5
2024,다나308821,to_in_007,0
2024,다나308821,to_in_008,5
2024,다나308822,to_in_001,5
2024,다나308822,to_in_007,0
2024,다나308822,to_in_008,5
2024,다나308823,to_in_001,8
2024,다나308823,to_in_007,5
2024,다나308823,to_in_008,5
2024,다나308846,to_in_001,5
2024,다나308846,to_in_007,5
2024,다나308846,to_in_008,0
2024,다나308847,to_in_001,8
2024,다나308847,to_in_007,5
2024,다나308847,to_in_008,5
2024,다나313857,to_in_001,5
2024,다나313857,to_in_007,5
2024,다나313857,to_in_008,5
2024,다나313860,to_in_001,5
2024,다나313860,to_in_007,0
2024,다나313860,to_in_008,5
2024,다나314787,to_in_001,13
2024,다나314787,to_in_007,8
2024,다나314787,to_in_008,8
2024,다나314788,to_in_001,18
2024,다나314788,to_in_007,8
2024,다나314788,to_in_008,13
2024,다나314790,to_in_001,5
2024,다나314790,to_in_007,5
2024,다나314790,to_in_008,5
2024,다나314791,to_in_001,8
2024,다나314791,to_in_007,5
2024,다나314791,to_in_008,5
2024,다나314796,to_in_001,5
2024,다나314796,to_in_007,0
2024,다나314796,to_in_008,0
2024,다나314797,to_in_001,8
2024,다나314797,to_in_007,5
2024,다나314797,to_in_008,5
2024,다나314799,to_in_001,8
2024,다나314799,to_in_007,5
2024,다나314799,to_in_008,8
2024,다나314800,to_in_001,8
2024,다나314800,to_in_007,8
2024,다나314800,to_in_008,5
2024,다나314801,to_in_001,8
2024,다나314801,to_in_007,5
2024,다나314801,to_in_008,5
2024,다나314807,to_in_001,5
2024,다나314807,to_in_007,0
2024,다나314807,to_in_008,5
2024,다나314817,to_in_001,5
2024,다나314817,to_in_007,5
2024,다나314817,to_in_008,0
2024,다나314819,to_in_001,5
2024,다나314819,to_in_007,0
2024,다나314819,to_in_008,5
2024,다나314820,to_in_001,0
2024,다나314820,to_in_007,0
2024,다나314820,to_in_008,0
2024,다나314826,to_in_001,0
2024,다나314826,to_in_007,0
2024,다나314826,to_in_008,0
2024,다나314832,to_in_001,5
2024,다나314832,to_in_007,5
2024,다나314832,to_in_008,0
2024,다나314837,to_in_001,5
2024,다나314837,to_in_007,0
2024,다나314837,to_in_008,5
2024,다나314838,to_in_001,5
2024,다나314838,to_in_007,5
2024,다나314838,to_in_008,0
2024,다나314839,to_in_001,5
2024,다나314839,to_in_007,5
2024,다나314839,to_in_008,5
2024,다나314840,to_in_001,8
2024,다나314840,to_in_007,5
2024,다나314840,to_in_008,5
2024,다나314846,to_in_001,13
2024,다나314846,to_in_007,8
2024,다나314846,to_in_008,8
2024,다나314847,to_in_001,8
2024,다나314847,to_in_007,8
2024,다나314847,to_in_008,5
2024,다나314848,to_in_001,5
2024,다나314848,to_in_007,5
2024,다나314848,to_in_008,5
2024,다나315785,to_in_001,13
2024,다나315785,to_in_007,8
2024,다나315785,to_in_008,0
2024,다나315786,to_in_001,5
2024,다나315786,to_in_007,5
2024,다나315786,to_in_008,0
2024,다나315787,to_in_001,8
2024,다나315787,to_in_007,8
2024,다나315787,to_in_008,0
2024,다나315788,to_in_001,18
2024,다나315788,to_in_007,8
2024,다나315788,to_in_008,8
2024,다나315789,to_in_001,8
2024,다나315789,to_in_007,5
2024,다나315789,to_in_008,5
2024,다나315790,to_in_001,5
2024,다나315790,to_in_007,5
2024,다나315790,to_in_008,5
2024,다나315796,to_in_001,0
2024,다나315796,to_in_007,0
2024,다나315796,to_in_008,0
2024,다나315797,to_in_001,8
2024,다나315797,to_in_007,5
2024,다나315797,to_in_008,5
2024,다나315798,to_in_001,8
2024,다나315798,to_in_007,8
2024,다나315798,to_in_008,5
2024,다나315799,to_in_001,13
2024,다나315799,to_in_007,8
2024,다나315799,to_in_008,5
2024,다나315810,to_in_001,8
2024,다나315810,to_in_007,5
2024,다나315810,to_in_008,5
2024,다나315817,to_in_001,8
2024,다나315817,to_in_007,5
2024,다나315817,to_in_008,5
2024,다나319850,to_in_001,5
2024,다나319850,to_in_007,0
2024,다나319850,to_in_008,5
2024,다나319851,to_in_001,8
2024,다나319851,to_in_007,5
2024,다나319851,to_in_008,5
2024,다나319857,to_in_001,5
2024,다나319857,to_in_007,0
2024,다나319857,to_in_008,5
2024,다나319956,to_in_001,5
2024,다나319956,to_in_007,0
2024,다나319956,to_in_008,0
2024,다나319957,to_in_001,8
2024,다나319957,to_in_007,0
2024,다나319957,to_in_008,8
2024,다나319973,to_in_001,5
2024,다나319973,to_in_007,0
2024,다나319973,to_in_008,0
2024,다나319974,to_in_001,0
2024,다나319974,to_in_007,0
2024,다나319974,to_in_008,0
2024,다나320790,to_in_001,0
2024,다나320790,to_in_007,0
2024,다나320790,to_in_008,0
2024,다나320791,to_in_001,5
2024,다나320791,to_in_007,5
2024,다나320791,to_in_008,5
2024,다나320793,to_in_001,8
2024,다나320793,to_in_007,5
2024,다나320793,to_in_008,5
2024,다나320794,to_in_001,5
2024,다나320794,to_in_007,5
2024,다나320794,to_in_008,5
2024,다나320795,to_in_001,8
2024,다나320795,to_in_007,5
2024,다나320795,to_in_008,8
2024,다나320796,to_in_001,13
2024,다나320796,to_in_007,8
2024,다나320796,to_in_008,5
2024,다나320797,to_in_001,8
2024,다나320797,to_in_007,5
2024,다나320797,to_in_008,5
2024,다나320798,to_in_001,0
2024,다나320798,to_in_007,0
2024,다나320798,to_in_008,0
2024,다나320799,to_in_001,18
2024,다나320799,to_in_007,8
2024,다나320799,to_in_008,8
2024,다나320821,to_in_001,8
2024,다나320821,to_in_007,8
2024,다나320821,to_in_008,5
2024,다나320822,to_in_001,8
2024,다나320822,to_in_007,5
2024,다나320822,to_in_008,8
2024,다나320824,to_in_001,13
2024,다나320824,to_in_007,8
2024,다나320824,to_in_008,8
2024,다나320825,to_in_001,0
2024,다나320825,to_in_007,0
2024,다나320825,to_in_008,0
2024,다나320826,to_in_001,5
2024,다나320826,to_in_007,5
2024,다나320826,to_in_008,5
2024,다나320836,to_in_001,5
2024,다나320836,to_in_007,0
2024,다나320836,to_in_008,0
2024,다나320847,to_in_001,5
2024,다나320847,to_in_007,0
2024,다나320847,to_in_008,0
2024,다나320848,to_in_001,5
2024,다나320848,to_in_007,5
2024,다나320848,to_in_008,0
2024,다나320849,to_in_001,8
2024,다나320849,to_in_007,5
2024,다나320849,to_in_008,5
2024,다나320851,to_in_001,8
2024,다나320851,to_in_007,5
2024,다나320851,to_in_008,5
2024,다나320852,to_in_001,5
2024,다나320852,to_in_007,0
2024,다나320852,to_in_008,0
2024,다나320854,to_in_001,5
2024,다나320854,to_in_007,5
2024,다나320854,to_in_008,0
2024,다나320857,to_in_001,5
2024,다나320857,to_in_007,5
2024,다나320857,to_in_008,0
2024,다나320858,to_in_001,13
2024,다나320858,to_in_007,8
2024,다나320858,to_in_008,5
2024,다나320860,to_in_001,0
2024,다나320860,to_in_007,0
2024,다나320860,to_in_008,0
2024,다나320973,to_in_001,5
2024,다나320973,to_in_007,0
2024,다나320973,to_in_008,5
2024,다나320975,to_in_001,5
2024,다나320975,to_in_007,5
2024,다나320975,to_in_008,0
2024,다나320976,to_in_001,5
2024,다나320976,to_in_007,0
2024,다나320976,to_in_008,0
2024,다나320979,to_in_001,5
2024,다나320979,to_in_007,0
2024,다나320979,to_in_008,5
2024,다나324855,to_in_001,8
2024,다나324855,to_in_007,5
2024,다나324855,to_in_008,5
2024,다나324857,to_in_001,8
2024,다나324857,to_in_007,5
2024,다나324857,to_in_008,8
2024,다나324909,to_in_001,5
2024,다나324909,to_in_007,5
2024,다나324909,to_in_008,0
2024,다나324914,to_in_001,0
2024,다나324914,to_in_007,0
2024,다나324914,to_in_008,0
2024,다나324915,to_in_001,5
2024,다나324915,to_in_007,5
2024,다나324915,to_in_008,5
2024,다나324916,to_in_001,5
2024,다나324916,to_in_007,5
2024,다나324916,to_in_008,5
2024,다나324917,to_in_001,0
2024,다나324917,to_in_007,0
2024,다나324917,to_in_008,0
2024,다나324974,to_in_001,8
2024,다나324974,to_in_007,8
2024,다나324974,to_in_008,5
2024,다나324975,to_in_001,8
2024,다나324975,to_in_007,5
2024,다나324975,to_in_008,5
2024,다나324978,to_in_001,5
2024,다나324978,to_in_007,5
2024,다나324978,to_in_008,0
2024,다나325795,to_in_001,0
2024,다나325795,to_in_007,0
2024,다나325795,to_in_008,0
2024,다나325797,to_in_001,0
2024,다나325797,to_in_007,0
2024,다나325797,to_in_008,0
2024,다나325798,to_in_001,13
2024,다나325798,to_in_007,8
2024,다나311950,to_in_001,5
2024,다나311950,to_in_007,5
2024,다나311950,to_in_008,0
2024,다나312781,to_in_001,18
2024,다나312781,to_in_007,8
2024,다나312781,to_in_008,8
2024,다나312782,to_in_001,13
2024,다나312782,to_in_007,8
2024,다나312782,to_in_008,5
2024,다나312783,to_in_001,5
2024,다나312783,to_in_007,5
2024,다나312783,to_in_008,5
2024,다나312798,to_in_001,5
2024,다나312798,to_in_007,5
2024,다나312798,to_in_008,0
2024,다나312808,to_in_001,5
2024,다나312808,to_in_007,0
2024,다나312808,to_in_008,5
2024,다나312815,to_in_001,0
2024,다나312815,to_in_007,0
2024,다나312815,to_in_008,0
2024,다나312817,to_in_001,5
2024,다나312817,to_in_007,0
2024,다나312817,to_in_008,0
2024,다나312818,to_in_001,5
2024,다나312818,to_in_007,5
2024,다나312818,to_in_008,5
2024,다나312820,to_in_001,8
2024,다나312820,to_in_007,8
2024,다나312820,to_in_008,0
2024,다나312822,to_in_001,5
2024,다나312822,to_in_007,0
2024,다나312822,to_in_008,5
2024,다나312846,to_in_001,8
2024,다나312846,to_in_007,5
2024,다나312846,to_in_008,5
2024,다나312847,to_in_001,5
2024,다나312847,to_in_007,5
2024,다나312847,to_in_008,0
2024,다나312848,to_in_001,8
2024,다나312848,to_in_007,5
2024,다나312848,to_in_008,5
2024,다나312849,to_in_001,0
2024,다나312849,to_in_007,0
2024,다나312849,to_in_008,0
2024,다나312886,to_in_001,5
2024,다나312886,to_in_007,5
2024,다나312886,to_in_008,5
2024,다나313782,to_in_001,27
2024,다나313782,to_in_007,27
2024,다나313782,to_in_008,0
2024,다나313784,to_in_001,18
2024,다나313784,to_in_007,13
2024,다나313784,to_in_008,5
2024,다나313785,to_in_001,13
2024,다나313785,to_in_007,13
2024,다나313785,to_in_008,0
2024,다나313788,to_in_001,8
2024,다나313788,to_in_007,5
2024,다나313788,to_in_008,5
2024,다나313792,to_in_001,5
2024,다나313792,to_in_007,5
2024,다나313792,to_in_008,0
2024,다나313793,to_in_001,5
2024,다나313793,to_in_007,0
2024,다나313793,to_in_008,5
2024,다나313797,to_in_001,8
2024,다나313797,to_in_007,5
2024,다나313797,to_in_008,5
2024,다나313798,to_in_001,5
2024,다나313798,to_in_007,0
2024,다나313798,to_in_008,5
2024,다나313802,to_in_001,8
2024,다나313802,to_in_007,8
2024,다나313802,to_in_008,5
2024,다나313819,to_in_001,5
2024,다나313819,to_in_007,5
2024,다나313819,to_in_008,0
2024,다나313839,to_in_001,8
2024,다나313839,to_in_007,5
2024,다나313839,to_in_008,5
2024,다나313845,to_in_001,5
2024,다나313845,to_in_007,5
2024,다나313845,to_in_008,5
2024,다나313847,to_in_001,5
2024,다나313847,to_in_007,5
2024,다나313847,to_in_008,0
2024,다나313848,to_in_001,5
2024,다나313848,to_in_007,5
2024,다나313848,to_in_008,0
2024,다나313849,to_in_001,5
2024,다나313849,to_in_007,5
2024,다나313849,to_in_008,5
2024,다나313850,to_in_001,5
2024,다나313850,to_in_007,5
2024,다나313850,to_in_008,0
2024,다나318798,to_in_001,13
2024,다나318798,to_in_007,5
2024,다나318798,to_in_008,8
2024,다나318799,to_in_001,28
2024,다나318799,to_in_007,18
2024,다나318799,to_in_008,13
2024,다나318809,to_in_001,0
2024,다나318809,to_in_007,0
2024,다나318809,to_in_008,0
2024,다나318816,to_in_001,0
2024,다나318816,to_in_007,0
2024,다나318816,to_in_008,0
2024,다나318818,to_in_001,5
2024,다나318818,to_in_007,5
2024,다나318818,to_in_008,5
2024,다나318819,to_in_001,13
2024,다나318819,to_in_007,8
2024,다나318819,to_in_008,8
2024,다나318820,to_in_001,8
2024,다나318820,to_in_007,5
2024,다나318820,to_in_008,5
2024,다나318821,to_in_001,8
2024,다나318821,to_in_007,8
2024,다나318821,to_in_008,5
2024,다나318822,to_in_001,5
2024,다나318822,to_in_007,0
2024,다나318822,to_in_008,5
2024,다나318823,to_in_001,5
2024,다나318823,to_in_007,0
2024,다나318823,to_in_008,5
2024,다나318825,to_in_001,5
2024,다나318825,to_in_007,5
2024,다나318825,to_in_008,0
2024,다나318829,to_in_001,0
2024,다나318829,to_in_007,0
2024,다나318829,to_in_008,0
2024,다나318831,to_in_001,5
2024,다나318831,to_in_007,5
2024,다나318831,to_in_008,0
2024,다나318835,to_in_001,5
2024,다나318835,to_in_007,5
2024,다나318835,to_in_008,0
2024,다나318846,to_in_001,5
2024,다나318846,to_in_007,5
2024,다나318846,to_in_008,0
2024,다나318847,to_in_001,5
2024,다나318847,to_in_007,0
2024,다나318847,to_in_008,0
2024,다나318855,to_in_001,5
2024,다나318855,to_in_007,5
2024,다나318855,to_in_008,0
2024,다나318856,to_in_001,5
2024,다나318856,to_in_007,5
2024,다나318856,to_in_008,0
2024,다나318857,to_in_001,8
2024,다나318857,to_in_007,8
2024,다나318857,to_in_008,8
2024,다나318858,to_in_001,18
2024,다나318858,to_in_007,8
2024,다나318858,to_in_008,8
2024,다나318977,to_in_001,5
2024,다나318977,to_in_007,5
2024,다나318977,to_in_008,0
2024,다나319790,to_in_001,8
2024,다나319790,to_in_007,5
2024,다나319790,to_in_008,5
2024,다나319791,to_in_001,5
2024,다나319791,to_in_007,5
2024,다나319791,to_in_008,0
2024,다나319792,to_in_001,5
2024,다나319792,to_in_007,0
2024,다나319792,to_in_008,0
2024,다나319793,to_in_001,5
2024,다나319793,to_in_007,5
2024,다나319793,to_in_008,5
2024,다나319795,to_in_001,0
2024,다나319795,to_in_007,0
2024,다나319795,to_in_008,0
2024,다나319796,to_in_001,8
2024,다나319796,to_in_007,5
2024,다나319796,to_in_008,5
2024,다나319797,to_in_001,23
2024,다나319797,to_in_007,13
2024,다나319797,to_in_008,8
2024,다나319798,to_in_001,8
2024,다나319798,to_in_007,5
2024,다나319798,to_in_008,5
2024,다나319799,to_in_001,8
2024,다나319799,to_in_007,5
2024,다나319799,to_in_008,8
2024,다나319819,to_in_001,18
2024,다나319819,to_in_007,8
2024,다나319819,to_in_008,8
2024,다나319820,to_in_001,23
2024,다나319820,to_in_007,13
2024,다나319820,to_in_008,8
2024,다나319821,to_in_001,0
2024,다나319821,to_in_007,0
2024,다나319821,to_in_008,0
2024,다나319825,to_in_001,5
2024,다나319825,to_in_007,0
2024,다나319825,to_in_008,0
2024,다나319826,to_in_001,5
2024,다나319826,to_in_007,5
2024,다나319826,to_in_008,5
2024,다나322978,to_in_001,8
2024,다나322978,to_in_007,8
2024,다나322978,to_in_008,5
2024,다나322979,to_in_001,5
2024,다나322979,to_in_007,0
2024,다나322979,to_in_008,5
2024,다나322980,to_in_001,5
2024,다나322980,to_in_007,5
2024,다나322980,to_in_008,5
2024,다나323794,to_in_001,13
2024,다나323794,to_in_007,13
2024,다나323794,to_in_008,0
2024,다나323796,to_in_001,8
2024,다나323796,to_in_007,5
2024,다나323796,to_in_008,8
2024,다나323808,to_in_001,5
2024,다나323808,to_in_007,5
2024,다나323808,to_in_008,0
2024,다나323809,to_in_001,5
2024,다나323809,to_in_007,0
2024,다나323809,to_in_008,0
2024,다나323819,to_in_001,5
2024,다나323819,to_in_007,0
2024,다나323819,to_in_008,5
2024,다나323821,to_in_001,8
2024,다나323821,to_in_007,8
2024,다나323821,to_in_008,5
2024,다나323823,to_in_001,18
2024,다나323823,to_in_007,8
2024,다나323823,to_in_008,8
2024,다나323824,to_in_001,0
2024,다나323824,to_in_007,0
2024,다나323824,to_in_008,0
2024,다나323825,to_in_001,5
2024,다나323825,to_in_007,0
2024,다나323825,to_in_008,5
2024,다나323836,to_in_001,5
2024,다나323836,to_in_007,5
2024,다나323836,to_in_008,0
2024,다나323837,to_in_001,0
2024,다나323837,to_in_007,0
2024,다나323837,to_in_008,0
2024,다나323839,to_in_001,8
2024,다나323839,to_in_007,8
2024,다나323839,to_in_008,5
2024,다나323840,to_in_001,5
2024,다나323840,to_in_007,0
2024,다나323840,to_in_008,0
2024,다나323842,to_in_001,5
2024,다나323842,to_in_007,0
2024,다나323842,to_in_008,0
2024,다나323845,to_in_001,5
2024,다나323845,to_in_007,0
2024,다나323845,to_in_008,5
2024,다나323846,to_in_001,8
2024,다나323846,to_in_007,5
2024,다나323846,to_in_008,5
2024,다나323847,to_in_001,5
2024,다나323847,to_in_007,5
2024,다나323847,to_in_008,5
2024,다나323848,to_in_001,8
2024,다나323848,to_in_007,5
2024,다나323848,to_in_008,5
2024,다나323849,to_in_001,13
2024,다나323849,to_in_007,8
2024,다나323849,to_in_008,8
2024,다나323850,to_in_001,8
2024,다나323850,to_in_007,8
2024,다나323850,to_in_008,8
2024,다나323851,to_in_001,28
2024,다나323851,to_in_007,13
2024,다나323851,to_in_008,13
2024,다나323852,to_in_001,8
2024,다나323852,to_in_007,8
2024,다나323852,to_in_008,5
2024,다나323853,to_in_001,23
2024,다나323853,to_in_007,13
2024,다나323853,to_in_008,8
2024,다나323854,to_in_001,8
2024,다나323854,to_in_007,5
2024,다나323854,to_in_008,5
2024,다나323855,to_in_001,8
2024,다나323855,to_in_007,5
2024,다나323855,to_in_008,8
2024,다나323856,to_in_001,8
2024,다나323856,to_in_007,5
2024,다나323856,to_in_008,5
2024,다나323857,to_in_001,5
2024,다나323857,to_in_007,0
2024,다나323857,to_in_008,0
2024,다나323863,to_in_001,0
2024,다나323863,to_in_007,0
2024,다나310814,to_in_001,5
2024,다나310814,to_in_007,5
2024,다나310814,to_in_008,5
2024,다나310815,to_in_001,8
2024,다나310815,to_in_007,5
2024,다나310815,to_in_008,8
2024,다나310842,to_in_001,5
2024,다나310842,to_in_007,5
2024,다나310842,to_in_008,0
2024,다나310848,to_in_001,5
2024,다나310848,to_in_007,5
2024,다나310848,to_in_008,0
2024,다나310854,to_in_001,5
2024,다나310854,to_in_007,0
2024,다나310854,to_in_008,0
2024,다나310924,to_in_001,5
2024,다나310924,to_in_007,0
2024,다나310924,to_in_008,0
2024,다나311780,to_in_001,0
2024,다나311780,to_in_007,0
2024,다나311780,to_in_008,0
2024,다나311781,to_in_001,23
2024,다나311781,to_in_007,13
2024,다나311781,to_in_008,8
2024,다나311782,to_in_001,18
2024,다나311782,to_in_007,8
2024,다나311782,to_in_008,8
2024,다나311783,to_in_001,5
2024,다나311783,to_in_007,0
2024,다나311783,to_in_008,5
2024,다나311784,to_in_001,5
2024,다나311784,to_in_007,5
2024,다나311784,to_in_008,5
2024,다나311810,to_in_001,8
2024,다나311810,to_in_007,5
2024,다나311810,to_in_008,5
2024,다나311812,to_in_001,8
2024,다나311812,to_in_007,8
2024,다나311812,to_in_008,5
2024,다나311814,to_in_001,5
2024,다나311814,to_in_007,5
2024,다나311814,to_in_008,5
2024,다나311816,to_in_001,5
2024,다나311816,to_in_007,0
2024,다나311816,to_in_008,5
2024,다나311817,to_in_001,0
2024,다나311817,to_in_007,0
2024,다나311817,to_in_008,0
2024,다나311823,to_in_001,5
2024,다나311823,to_in_007,5
2024,다나311823,to_in_008,5
2024,다나311846,to_in_001,5
2024,다나311846,to_in_007,5
2024,다나311846,to_in_008,0
2024,다나316858,to_in_001,5
2024,다나316858,to_in_007,5
2024,다나316858,to_in_008,0
2024,다나316981,to_in_001,8
2024,다나316981,to_in_007,5
2024,다나316981,to_in_008,5
2024,다나317788,to_in_001,5
2024,다나317788,to_in_007,5
2024,다나317788,to_in_008,5
2024,다나317789,to_in_001,8
2024,다나317789,to_in_007,8
2024,다나317789,to_in_008,5
2024,다나317790,to_in_001,28
2024,다나317790,to_in_007,13
2024,다나317790,to_in_008,18
2024,다나317791,to_in_001,13
2024,다나317791,to_in_007,8
2024,다나317791,to_in_008,8
2024,다나317792,to_in_001,48
2024,다나317792,to_in_007,23
2024,다나317792,to_in_008,28
2024,다나317793,to_in_001,23
2024,다나317793,to_in_007,13
2024,다나317793,to_in_008,8
2024,다나317794,to_in_001,0
2024,다나317794,to_in_007,0
2024,다나317794,to_in_008,0
2024,다나317795,to_in_001,5
2024,다나317795,to_in_007,0
2024,다나317795,to_in_008,5
2024,다나317796,to_in_001,8
2024,다나317796,to_in_007,8
2024,다나317796,to_in_008,5
2024,다나317797,to_in_001,8
2024,다나317797,to_in_007,5
2024,다나317797,to_in_008,5
2024,다나317798,to_in_001,13
2024,다나317798,to_in_007,8
2024,다나317798,to_in_008,5
2024,다나317799,to_in_001,8
2024,다나317799,to_in_007,5
2024,다나317799,to_in_008,8
2024,다나317800,to_in_001,5
2024,다나317800,to_in_007,5
2024,다나317800,to_in_008,5
2024,다나317817,to_in_001,5
2024,다나317817,to_in_007,5
2024,다나317817,to_in_008,0
2024,다나317818,to_in_001,8
2024,다나317818,to_in_007,8
2024,다나317818,to_in_008,0
2024,다나317819,to_in_001,13
2024,다나317819,to_in_007,8
2024,다나317819,to_in_008,5
2024,다나317820,to_in_001,8
2024,다나317820,to_in_007,5
2024,다나317820,to_in_008,8
2024,다나317821,to_in_001,5
2024,다나317821,to_in_007,0
2024,다나317821,to_in_008,5
2024,다나317824,to_in_001,5
2024,다나317824,to_in_007,5
2024,다나317824,to_in_008,5
2024,다나317825,to_in_001,18
2024,다나317825,to_in_007,8
2024,다나317825,to_in_008,8
2024,다나317841,to_in_001,5
2024,다나317841,to_in_007,5
2024,다나317841,to_in_008,5
2024,다나317846,to_in_001,8
2024,다나317846,to_in_007,5
2024,다나317846,to_in_008,5
2024,다나317856,to_in_001,18
2024,다나317856,to_in_007,13
2024,다나317856,to_in_008,8
2024,다나317857,to_in_001,18
2024,다나317857,to_in_007,13
2024,다나317857,to_in_008,8
2024,다나317858,to_in_001,8
2024,다나317858,to_in_007,5
2024,다나317858,to_in_008,5
2024,다나317981,to_in_001,0
2024,다나317981,to_in_007,0
2024,다나317981,to_in_008,0
2024,다나318789,to_in_001,5
2024,다나318789,to_in_007,0
2024,다나318789,to_in_008,0
2024,다나318790,to_in_001,23
2024,다나318790,to_in_007,13
2024,다나318790,to_in_008,13
2024,다나318791,to_in_001,13
2024,다나318791,to_in_007,8
2024,다나318791,to_in_008,8
2024,다나318792,to_in_001,8
2024,다나318792,to_in_007,8
2024,다나318792,to_in_008,5
2024,다나318794,to_in_001,5
2024,다나318794,to_in_007,5
2024,다나318794,to_in_008,0
2024,다나318795,to_in_001,5
2024,다나318795,to_in_007,5
2024,다나318795,to_in_008,5
2024,다나318796,to_in_001,13
2024,다나318796,to_in_007,8
2024,다나318796,to_in_008,5
2024,다나318797,to_in_001,8
2024,다나318797,to_in_007,8
2024,다나318797,to_in_008,5
2024,다나323914,to_in_001,18
2024,다나323914,to_in_007,8
2024,다나323914,to_in_008,8
2024,다나323915,to_in_001,13
2024,다나323915,to_in_007,8
2024,다나323915,to_in_008,5
2024,다나323916,to_in_001,8
2024,다나323916,to_in_007,8
2024,다나323916,to_in_008,8
2024,다나323974,to_in_001,18
2024,다나323974,to_in_007,13
2024,다나323974,to_in_008,8
2024,다나323976,to_in_001,0
2024,다나323976,to_in_007,0
2024,다나323976,to_in_008,0
2024,다나323978,to_in_001,5
2024,다나323978,to_in_007,0
2024,다나323978,to_in_008,0
2024,다나323979,to_in_001,8
2024,다나323979,to_in_007,8
2024,다나323979,to_in_008,5
2024,다나324796,to_in_001,5
2024,다나324796,to_in_007,0
2024,다나324796,to_in_008,0
2024,다나324798,to_in_001,8
2024,다나324798,to_in_007,8
2024,다나324798,to_in_008,5
2024,다나324799,to_in_001,5
2024,다나324799,to_in_007,5
2024,다나324799,to_in_008,0
2024,다나324800,to_in_001,8
2024,다나324800,to_in_007,5
2024,다나324800,to_in_008,5
2024,다나324807,to_in_001,5
2024,다나324807,to_in_007,5
2024,다나324807,to_in_008,0
2024,다나324809,to_in_001,8
2024,다나324809,to_in_007,8
2024,다나324809,to_in_008,5
2024,다나324817,to_in_001,0
2024,다나324817,to_in_007,0
2024,다나324817,to_in_008,0
2024,다나324828,to_in_001,8
2024,다나324828,to_in_007,5
2024,다나324828,to_in_008,5
2024,다나324836,to_in_001,5
2024,다나324836,to_in_007,0
2024,다나324836,to_in_008,0
2024,다나324837,to_in_001,5
2024,다나324837,to_in_007,5
2024,다나324837,to_in_008,0
2024,다나324838,to_in_001,8
2024,다나324838,to_in_007,5
2024,다나324838,to_in_008,5
2024,다나324839,to_in_001,5
2024,다나324839,to_in_007,5
2024,다나324839,to_in_008,5
2024,다나324840,to_in_001,13
2024,다나324840,to_in_007,8
2024,다나324840,to_in_008,5
2024,다나324842,to_in_001,8
2024,다나324842,to_in_007,5
2024,다나324842,to_in_008,5
2024,다나324843,to_in_001,23
2024,다나324843,to_in_007,13
2024,다나324843,to_in_008,8
2024,다나324844,to_in_001,5
2024,다나324844,to_in_007,0
2024,다나324844,to_in_008,5
2024,다나324845,to_in_001,23
2024,다나324845,to_in_007,13
2024,다나324845,to_in_008,13
2024,다나324846,to_in_001,8
2024,다나324846,to_in_007,5
2024,다나324846,to_in_008,5
2024,다나324847,to_in_001,0
2024,다나324847,to_in_007,0
2024,다나324847,to_in_008,0
2024,다나324848,to_in_001,13
2024,다나324848,to_in_007,8
2024,다나324848,to_in_008,8
2024,다나324849,to_in_001,13
2024,다나324849,to_in_007,8
2024,다나324849,to_in_008,5
2024,다나324850,to_in_001,13
2024,다나324850,to_in_007,8
2024,다나324850,to_in_008,8
2024,다나324851,to_in_001,8
2024,다나324851,to_in_007,5
2024,다나324851,to_in_008,8
2024,다나324852,to_in_001,13
2024,다나324852,to_in_007,8
2024,다나324852,to_in_008,8
2024,다나330798,to_in_001,33
2024,다나330798,to_in_007,18
2024,다나330798,to_in_008,13
2024,다나330799,to_in_001,13
2024,다나330799,to_in_007,8
2024,다나330799,to_in_008,8
2024,다나330800,to_in_001,5
2024,다나330800,to_in_007,5
2024,다나330800,to_in_008,0
2024,다나330803,to_in_001,5
2024,다나330803,to_in_007,5
2024,다나330803,to_in_008,0
2024,다나330808,to_in_001,0
2024,다나330808,to_in_007,0
2024,다나330808,to_in_008,0
2024,다나330841,to_in_001,5
2024,다나330841,to_in_007,0
2024,다나330841,to_in_008,5
2024,다나330842,to_in_001,8
2024,다나330842,to_in_007,5
2024,다나330842,to_in_008,5
2024,다나330843,to_in_001,8
2024,다나330843,to_in_007,8
2024,다나330843,to_in_008,0
2024,다나330844,to_in_001,5
2024,다나330844,to_in_007,0
2024,다나330844,to_in_008,5
2024,다나330904,to_in_001,18
2024,다나330904,to_in_007,13
2024,다나330904,to_in_008,8
2024,다나330920,to_in_001,52
2024,다나330920,to_in_007,30
2024,다나330920,to_in_008,25
2024,다나330977,to_in_001,8
2024,다나330977,to_in_007,5
2024,다나330977,to_in_008,5
2024,다나330979,to_in_001,5
2024,다나330979,to_in_007,0
2024,다나322973,to_in_007,0
2024,다나322973,to_in_008,5
2024,다나322974,to_in_001,5
2024,다나322974,to_in_007,5
2024,다나322974,to_in_008,0
2024,다나322975,to_in_001,13
2024,다나322975,to_in_007,8
2024,다나322975,to_in_008,8
2024,다나322977,to_in_001,8
2024,다나322977,to_in_007,8
2024,다나322977,to_in_008,5
2024,다나343885,to_in_001,8
2024,다나343885,to_in_007,0
2024,다나343885,to_in_008,5
2024,다나343886,to_in_001,0
2024,다나343886,to_in_007,0
2024,다나343886,to_in_008,0
2024,다나343997,to_in_001,5
2024,다나343997,to_in_007,5
2024,다나343997,to_in_008,0
2024,다나344793,to_in_001,5
2024,다나344793,to_in_007,5
2024,다나344793,to_in_008,5
2024,다나344808,to_in_001,5
2024,다나344808,to_in_007,0
2024,다나344808,to_in_008,0
2024,다나344815,to_in_001,5
2024,다나344815,to_in_007,0
2024,다나344815,to_in_008,0
2024,다나344816,to_in_001,5
2024,다나344816,to_in_007,5
2024,다나344816,to_in_008,0
2024,다나344817,to_in_001,5
2024,다나344817,to_in_007,5
2024,다나344817,to_in_008,5
2024,다나344819,to_in_001,5
2024,다나344819,to_in_007,0
2024,다나344819,to_in_008,5
2024,다나344820,to_in_001,8
2024,다나344820,to_in_007,5
2024,다나344820,to_in_008,5
2024,다나344821,to_in_001,13
2024,다나344821,to_in_007,8
2024,다나344821,to_in_008,8
2024,다나344822,to_in_001,8
2024,다나344822,to_in_007,5
2024,다나344822,to_in_008,5
2024,다나344824,to_in_001,5
2024,다나344824,to_in_007,0
2024,다나344824,to_in_008,5
2024,다나344826,to_in_001,5
2024,다나344826,to_in_007,5
2024,다나344826,to_in_008,0
2024,다나344827,to_in_001,5
2024,다나344827,to_in_007,0
2024,다나344827,to_in_008,0
2024,다나344829,to_in_001,5
2024,다나344829,to_in_007,0
2024,다나344829,to_in_008,0
2024,다나344837,to_in_001,5
2024,다나344837,to_in_007,0
2024,다나344837,to_in_008,0
2024,다나344847,to_in_001,8
2024,다나344847,to_in_007,5
2024,다나344847,to_in_008,5
2024,다나344848,to_in_001,5
2024,다나344848,to_in_007,5
2024,다나344848,to_in_008,5
2024,다나344882,to_in_001,5
2024,다나344882,to_in_007,5
2024,다나344882,to_in_008,5
2024,다나344883,to_in_001,8
2024,다나344883,to_in_007,5
2024,다나344883,to_in_008,5
2024,다나344884,to_in_001,8
2024,다나344884,to_in_007,5
2024,다나344884,to_in_008,5
2024,다나344886,to_in_001,5
2024,다나344886,to_in_007,5
2024,다나344886,to_in_008,0
2024,다나344979,to_in_001,8
2024,다나344979,to_in_007,5
2024,다나344979,to_in_008,5
2024,다나345793,to_in_001,5
2024,다나345793,to_in_007,5
2024,다나345793,to_in_008,0
2024,다나345794,to_in_001,8
2024,다나345794,to_in_007,8
2024,다나345794,to_in_008,5
2024,다나345795,to_in_001,8
2024,다나345795,to_in_007,5
2024,다나345795,to_in_008,5
2024,다나345796,to_in_001,13
2024,다나345796,to_in_007,8
2024,다나345796,to_in_008,5
2024,다나345797,to_in_001,8
2024,다나345797,to_in_007,5
2024,다나345797,to_in_008,5
2024,다나345819,to_in_001,8
2024,다나345819,to_in_007,8
2024,다나345819,to_in_008,5
2024,다나345821,to_in_001,5
2024,다나345821,to_in_007,5
2024,다나345821,to_in_008,5
2024,다나345822,to_in_001,8
2024,다나345822,to_in_007,5
2024,다나345822,to_in_008,5
2024,다나345823,to_in_001,5
2024,다나345823,to_in_007,0
2024,다나345823,to_in_008,5
2024,다나345824,to_in_001,5
2024,다나345824,to_in_007,0
2024,다나345824,to_in_008,5
2024,다나345826,to_in_001,5
2024,다나345826,to_in_007,5
2024,다나321978,to_in_008,8
2024,다나321979,to_in_001,5
2024,다나321979,to_in_007,5
2024,다나321979,to_in_008,5
2024,다나321980,to_in_001,8
2024,다나321980,to_in_007,5
2024,다나321980,to_in_008,8
2024,다나322795,to_in_001,8
2024,다나322795,to_in_007,5
2024,다나322795,to_in_008,5
2024,다나322796,to_in_001,5
2024,다나322796,to_in_007,5
2024,다나322796,to_in_008,0
2024,다나322798,to_in_001,5
2024,다나322798,to_in_007,5
2024,다나322798,to_in_008,0
2024,다나322799,to_in_001,0
2024,다나322799,to_in_007,0
2024,다나322799,to_in_008,0
2024,다나322800,to_in_001,0
2024,다나322800,to_in_007,0
2024,다나322800,to_in_008,0
2024,다나325915,to_in_001,8
2024,다나325915,to_in_007,5
2024,다나325915,to_in_008,5
2024,다나325916,to_in_001,5
2024,다나325916,to_in_007,0
2024,다나325916,to_in_008,5
2024,다나325976,to_in_001,5
2024,다나325976,to_in_007,0
2024,다나325976,to_in_008,0
2024,다나326798,to_in_001,18
2024,다나326798,to_in_007,8
2024,다나326798,to_in_008,8
2024,다나326799,to_in_001,23
2024,다나326799,to_in_007,13
2024,다나326799,to_in_008,8
2024,다나326800,to_in_001,5
2024,다나326800,to_in_007,5
2024,다나326800,to_in_008,5
2024,다나326802,to_in_001,8
2024,다나326802,to_in_007,5
2024,다나326802,to_in_008,5
2024,다나326803,to_in_001,5
2024,다나326803,to_in_007,5
2024,다나326803,to_in_008,0
2024,다나326817,to_in_001,0
2024,다나326817,to_in_007,0
2024,다나326817,to_in_008,0
2024,다나326825,to_in_001,13
2024,다나326825,to_in_007,8
2024,다나326825,to_in_008,8
2024,다나326826,to_in_001,8
2024,다나326826,to_in_007,5
2024,다나326826,to_in_008,5
2024,다나326842,to_in_001,5
2024,다나326842,to_in_007,5
2024,다나326842,to_in_008,0
2024,다나326845,to_in_001,8
2024,다나326845,to_in_007,5
2024,다나326845,to_in_008,5
2024,다나326846,to_in_001,5
2024,다나326846,to_in_007,5
2024,다나326846,to_in_008,0
2024,다나326851,to_in_001,8
2024,다나326851,to_in_007,5
2024,다나326851,to_in_008,5
2024,다나326852,to_in_001,8
2024,다나326852,to_in_007,5
2024,다나326852,to_in_008,5
2024,다나326853,to_in_001,5
2024,다나326853,to_in_007,5
2024,다나326853,to_in_008,5
2024,다나326855,to_in_001,5
2024,다나326855,to_in_007,5
2024,다나326855,to_in_008,0
2024,다나326882,to_in_001,5
2024,다나326882,to_in_007,5
2024,다나326882,to_in_008,0
2024,다나326913,to_in_001,5
2024,다나326913,to_in_007,5
2024,다나326913,to_in_008,5
2024,다나326915,to_in_001,8
2024,다나326915,to_in_007,5
2024,다나326915,to_in_008,5
2024,다나326976,to_in_001,5
2024,다나326976,to_in_007,0
2024,다나326976,to_in_008,5
2024,다나326978,to_in_001,5
2024,다나326978,to_in_007,0
2024,다나326978,to_in_008,5
2024,다나326979,to_in_001,8
2024,다나326979,to_in_007,5
2024,다나326979,to_in_008,5
2024,다나326981,to_in_001,8
2024,다나326981,to_in_007,8
2024,다나326981,to_in_008,5
2024,다나327798,to_in_001,33
2024,다나327798,to_in_007,18
2024,다나327798,to_in_008,13
2024,다나327799,to_in_001,5
2024,다나327799,to_in_007,5
2024,다나327799,to_in_008,0
2024,다나327800,to_in_001,8
2024,다나327800,to_in_007,8
2024,다나327800,to_in_008,5
2024,다나327801,to_in_001,8
2024,다나327801,to_in_007,5
2024,다나327801,to_in_008,5
2024,다나327802,to_in_001,8
2024,다나327802,to_in_007,5
2024,다나327802,to_in_008,8
2024,다나327803,to_in_001,8
2024,다나327803,to_in_007,5
2024,다나327803,to_in_008,8
2024,다나327833,to_in_001,5
2024,다나327833,to_in_007,0
2024,다나327833,to_in_008,5
2024,다나327843,to_in_001,0
2024,다나327843,to_in_007,0
2024,다나327843,to_in_008,0
2024,다나327845,to_in_001,5
2024,다나327845,to_in_007,0
2024,다나327845,to_in_008,0
2024,다나334859,to_in_001,5
2024,다나334859,to_in_007,0
2024,다나334859,to_in_008,0
2024,다나334869,to_in_001,8
2024,다나334869,to_in_007,5
2024,다나334869,to_in_008,5
2024,다나334884,to_in_001,5
2024,다나334884,to_in_007,5
2024,다나334884,to_in_008,0
2024,다나334887,to_in_001,13
2024,다나334887,to_in_007,8
2024,다나334887,to_in_008,5
2024,다나334888,to_in_001,5
2024,다나334888,to_in_007,0
2024,다나334888,to_in_008,0
2024,다나334972,to_in_001,18
2024,다나334972,to_in_007,13
2024,다나334972,to_in_008,8
2024,다나334974,to_in_001,0
2024,다나334974,to_in_007,0
2024,다나334974,to_in_008,0
2024,다나334975,to_in_001,13
2024,다나334975,to_in_007,8
2024,다나334975,to_in_008,8
2024,다나334976,to_in_001,8
2024,다나334976,to_in_007,5
2024,다나334976,to_in_008,5
2024,다나334977,to_in_001,13
2024,다나334977,to_in_007,8
2024,다나334977,to_in_008,8
2024,다나334978,to_in_001,18
2024,다나334978,to_in_007,13
2024,다나334978,to_in_008,5
2024,다나334979,to_in_001,13
2024,다나334979,to_in_007,8
2024,다나334979,to_in_008,8
2024,다나334980,to_in_001,8
2024,다나334980,to_in_007,5
2024,다나334980,to_in_008,5
2024,다나334981,to_in_001,8
2024,다나334981,to_in_007,8
2024,다나334981,to_in_008,5
2024,다나334982,to_in_001,5
2024,다나334982,to_in_007,0
2024,다나334982,to_in_008,0
2024,다나334984,to_in_001,0
2024,다나334984,to_in_007,0
2024,다나334984,to_in_008,0
2024,다나335797,to_in_001,18
2024,다나335797,to_in_007,8
2024,다나335797,to_in_008,8
2024,다나335837,to_in_001,8
2024,다나335837,to_in_007,5
2024,다나335837,to_in_008,5
2024,다나335838,to_in_001,5
2024,다나335838,to_in_007,5
2024,다나335838,to_in_008,0
2024,다나335844,to_in_001,0
2024,다나335844,to_in_007,0
2024,다나335844,to_in_008,0
2024,다나335887,to_in_001,8
2024,다나335887,to_in_007,5
2024,다나335887,to_in_008,5
2024,다나335888,to_in_001,13
2024,다나335888,to_in_007,8
2024,다나335888,to_in_008,8
2024,다나335906,to_in_001,5
2024,다나335906,to_in_007,0
2024,다나335906,to_in_008,5
2024,다나335974,to_in_001,5
2024,다나335974,to_in_007,0
2024,다나335974,to_in_008,5
2024,다나335975,to_in_001,0
2024,다나335975,to_in_007,0
2024,다나335975,to_in_008,0
2024,다나335976,to_in_001,8
2024,다나335976,to_in_007,5
2024,다나335976,to_in_008,8
2024,다나335977,to_in_001,18
2024,다나335977,to_in_007,8
2024,다나335977,to_in_008,8
2024,다나335978,to_in_001,28
2024,다나335978,to_in_007,13
2024,다나335978,to_in_008,13
2024,다나335979,to_in_001,18
2024,다나335979,to_in_007,8
2024,다나335979,to_in_008,13
2024,다나335980,to_in_001,18
2024,다나335980,to_in_007,8
2024,다나335980,to_in_008,8
2024,다나335981,to_in_001,18
2024,다나335981,to_in_007,8
2024,다나335981,to_in_008,8
2024,다나335984,to_in_001,5
2024,다나335984,to_in_007,0
2024,다나335984,to_in_008,0
2024,다나339812,to_in_001,5
2024,다나339812,to_in_007,5
2024,다나339812,to_in_008,5
2024,다나339813,to_in_001,0
2024,다나339813,to_in_007,0
2024,다나339813,to_in_008,0
2024,다나339814,to_in_001,0
2024,다나339814,to_in_007,0
2024,다나339814,to_in_008,0
2024,다나339815,to_in_001,5
2024,다나339815,to_in_007,0
2024,다나339815,to_in_008,5
2024,다나339836,to_in_001,18
2024,다나339836,to_in_007,8
2024,다나339836,to_in_008,13
2024,다나339837,to_in_001,28
2024,다나339837,to_in_007,18
2024,다나339837,to_in_008,13
2024,다나339847,to_in_001,5
2024,다나339847,to_in_007,5
2024,다나339847,to_in_008,0
2024,다나339848,to_in_001,29
2024,다나339848,to_in_007,13
2024,다나339848,to_in_008,14
2024,다나339879,to_in_001,5
2024,다나339879,to_in_007,0
2024,다나339879,to_in_008,0
2024,다나339882,to_in_001,13
2024,다나339882,to_in_007,5
2024,다나339882,to_in_008,8
2024,다나339885,to_in_001,0
2024,다나339885,to_in_007,0
2024,다나339885,to_in_008,0
2024,다나339984,to_in_001,5
2024,다나339984,to_in_007,5
2024,다나339984,to_in_008,0
2024,다나340795,to_in_001,5
2024,다나340795,to_in_007,5
2024,다나340795,to_in_008,0
2024,다나340808,to_in_001,8
2024,다나340808,to_in_007,5
2024,다나340808,to_in_008,8
2024,다나340809,to_in_001,5
2024,다나340809,to_in_007,5
2024,다나340809,to_in_008,0
2024,다나340810,to_in_001,8
2024,다나340810,to_in_007,5
2024,다나340810,to_in_008,5
2024,다나340811,to_in_001,5
2024,다나340811,to_in_007,0
2024,다나340811,to_in_008,0
2024,다나340813,to_in_001,8
2024,다나340813,to_in_007,0
2024,다나340813,to_in_008,8
2024,다나340814,to_in_001,8
2024,다나340814,to_in_007,5
2024,다나340814,to_in_008,8
2024,다나340815,to_in_001,8
2024,다나340815,to_in_007,5
2024,다나340815,to_in_008,5
2024,다나340836,to_in_001,8
2024,다나340836,to_in_007,5
2024,다나340836,to_in_008,8
2024,다나340837,to_in_001,13
2024,다나340837,to_in_007,8
2024,다나340837,to_in_008,5
2024,다나340838,to_in_001,5
2024,다나340838,to_in_007,5
2024,다나340838,to_in_008,5
2024,다나340848,to_in_001,8
2024,다나340848,to_in_007,5
2024,다나340848,to_in_008,5
2024,다나340872,to_in_001,5
2024,다나323863,to_in_008,0
2024,다나327851,to_in_001,5
2024,다나327851,to_in_007,5
2024,다나327851,to_in_008,5
2024,다나327907,to_in_001,8
2024,다나327907,to_in_007,8
2024,다나327907,to_in_008,5
2024,다나327913,to_in_001,5
2024,다나327913,to_in_007,0
2024,다나327913,to_in_008,0
2024,다나327967,to_in_001,5
2024,다나327967,to_in_007,5
2024,다나327967,to_in_008,5
2024,다나327977,to_in_001,8
2024,다나327977,to_in_007,8
2024,다나327977,to_in_008,5
2024,다나327978,to_in_001,28
2024,다나327978,to_in_007,13
2024,다나327978,to_in_008,18
2024,다나327979,to_in_001,8
2024,다나327979,to_in_007,0
2024,다나327979,to_in_008,8
2024,다나327980,to_in_001,0
2024,다나327980,to_in_007,0
2024,다나327980,to_in_008,0
2024,다나327981,to_in_001,5
2024,다나327981,to_in_007,0
2024,다나327981,to_in_008,0
2024,다나328798,to_in_001,13
2024,다나328798,to_in_007,8
2024,다나328798,to_in_008,8
2024,다나328799,to_in_001,13
2024,다나328799,to_in_007,8
2024,다나328799,to_in_008,8
2024,다나328800,to_in_001,5
2024,다나328800,to_in_007,0
2024,다나328800,to_in_008,5
2024,다나328801,to_in_001,5
2024,다나328801,to_in_007,0
2024,다나328801,to_in_008,5
2024,다나328803,to_in_001,8
2024,다나328803,to_in_007,5
2024,다나328803,to_in_008,0
2024,다나328804,to_in_001,5
2024,다나328804,to_in_007,5
2024,다나328804,to_in_008,0
2024,다나328805,to_in_001,8
2024,다나328805,to_in_007,5
2024,다나328805,to_in_008,5
2024,다나328832,to_in_001,5
2024,다나328832,to_in_007,0
2024,다나328832,to_in_008,0
2024,다나328843,to_in_001,5
2024,다나328843,to_in_007,5
2024,다나328843,to_in_008,0
2024,다나328845,to_in_001,0
2024,다나328845,to_in_007,0
2024,다나328845,to_in_008,0
2024,다나328911,to_in_001,13
2024,다나328911,to_in_007,8
2024,다나328911,to_in_008,8
2024,다나328912,to_in_001,8
2024,다나328912,to_in_007,5
2024,다나328912,to_in_008,5
2024,다나328938,to_in_001,8
2024,다나328938,to_in_007,8
2024,다나328938,to_in_008,0
2024,다나328978,to_in_001,5
2024,다나328978,to_in_007,5
2024,다나328978,to_in_008,0
2024,다나328979,to_in_001,5
2024,다나328979,to_in_007,0
2024,다나328979,to_in_008,0
2024,다나328981,to_in_001,5
2024,다나328981,to_in_007,5
2024,다나328981,to_in_008,0
2024,다나329798,to_in_001,33
2024,다나329798,to_in_007,18
2024,다나329798,to_in_008,13
2024,다나329799,to_in_001,5
2024,다나329799,to_in_007,5
2024,다나329799,to_in_008,5
2024,다나329803,to_in_001,13
2024,다나329803,to_in_007,8
2024,다나329803,to_in_008,8
2024,다나329807,to_in_001,5
2024,다나329807,to_in_007,0
2024,다나329807,to_in_008,5
2024,다나329810,to_in_001,5
2024,다나329810,to_in_007,5
2024,다나329810,to_in_008,0
2024,다나329813,to_in_001,5
2024,다나329813,to_in_007,0
2024,다나329813,to_in_008,0
2024,다나329840,to_in_001,5
2024,다나329840,to_in_007,0
2024,다나329840,to_in_008,0
2024,다나329842,to_in_001,13
2024,다나329842,to_in_007,8
2024,다나329842,to_in_008,8
2024,다나329843,to_in_001,8
2024,다나329843,to_in_007,5
2024,다나329843,to_in_008,8
2024,다나329844,to_in_001,5
2024,다나329844,to_in_007,0
2024,다나329844,to_in_008,5
2024,다나329903,to_in_001,13
2024,다나329903,to_in_007,13
2024,다나329903,to_in_008,5
2024,다나329980,to_in_001,54
2024,다나329980,to_in_007,29
2024,다나329980,to_in_008,28
2024,다나329983,to_in_001,5
2024,다나329983,to_in_007,0
2024,다나329983,to_in_008,5
2024,다나335985,to_in_001,5
2024,다나335985,to_in_007,5
2024,다나335985,to_in_008,5
2024,다나335986,to_in_001,5
2024,다나335986,to_in_007,0
2024,다나335986,to_in_008,0
2024,다나335991,to_in_001,5
2024,다나335991,to_in_007,5
2024,다나335991,to_in_008,0
2024,다나336797,to_in_001,5
2024,다나336797,to_in_007,0
2024,다나336797,to_in_008,0
2024,다나336817,to_in_001,5
2024,다나336817,to_in_007,5
2024,다나336817,to_in_008,0
2024,다나336837,to_in_001,13
2024,다나336837,to_in_007,8
2024,다나336837,to_in_008,8
2024,다나336838,to_in_001,13
2024,다나336838,to_in_007,8
2024,다나336838,to_in_008,5
2024,다나336846,to_in_001,18
2024,다나336846,to_in_007,8
2024,다나336846,to_in_008,8
2024,다나336847,to_in_001,39
2024,다나336847,to_in_007,18
2024,다나336847,to_in_008,24
2024,다나336887,to_in_001,8
2024,다나336887,to_in_007,5
2024,다나336887,to_in_008,5
2024,다나336888,to_in_001,18
2024,다나336888,to_in_007,8
2024,다나336888,to_in_008,8
2024,다나336898,to_in_001,5
2024,다나336898,to_in_007,5
2024,다나336898,to_in_008,0
2024,다나336976,to_in_001,8
2024,다나336976,to_in_007,8
2024,다나336976,to_in_008,5
2024,다나336977,to_in_001,13
2024,다나336977,to_in_007,8
2024,다나336977,to_in_008,8
2024,다나336978,to_in_001,18
2024,다나336978,to_in_007,13
2024,다나336978,to_in_008,8
2024,다나336979,to_in_001,13
2024,다나336979,to_in_007,8
2024,다나336979,to_in_008,8
2024,다나336980,to_in_001,8
2024,다나336980,to_in_007,5
2024,다나336980,to_in_008,5
2024,다나336983,to_in_001,5
2024,다나336983,to_in_007,5
2024,다나336983,to_in_008,0
2024,다나336984,to_in_001,5
2024,다나336984,to_in_007,0
2024,다나336984,to_in_008,5
2024,다나336985,to_in_001,8
2024,다나336985,to_in_007,5
2024,다나336985,to_in_008,8
2024,다나336986,to_in_001,5
2024,다나336986,to_in_007,0
2024,다나336986,to_in_008,0
2024,다나336993,to_in_001,0
2024,다나336993,to_in_007,0
2024,다나336993,to_in_008,0
2024,다나337795,to_in_001,0
2024,다나337795,to_in_007,0
2024,다나337795,to_in_008,0
2024,다나337808,to_in_001,5
2024,다나337808,to_in_007,0
2024,다나337808,to_in_008,0
2024,다나337811,to_in_001,5
2024,다나337811,to_in_007,5
2024,다나337811,to_in_008,5
2024,다나337812,to_in_001,5
2024,다나337812,to_in_007,0
2024,다나337812,to_in_008,0
2024,다나337819,to_in_001,0
2024,다나337819,to_in_007,0
2024,다나337819,to_in_008,0
2024,다나337836,to_in_001,5
2024,다나337836,to_in_007,0
2024,다나337836,to_in_008,5
2024,다나337837,to_in_001,13
2024,다나337837,to_in_007,5
2024,다나337837,to_in_008,8
2024,다나337838,to_in_001,13
2024,다나337838,to_in_007,8
2024,다나337838,to_in_008,8
2024,다나337839,to_in_001,5
2024,다나337839,to_in_007,0
2024,다나337839,to_in_008,5
2024,다나337840,to_in_001,5
2024,다나337840,to_in_007,0
2024,다나337840,to_in_008,5
2024,다나337846,to_in_001,28
2024,다나337846,to_in_007,13
2024,다나337846,to_in_008,13
2024,다나337847,to_in_001,13
2024,다나337847,to_in_007,8
2024,다나337847,to_in_008,8
2024,다나345828,to_in_001,5
2024,다나345828,to_in_007,0
2024,다나345828,to_in_008,5
2024,다나345847,to_in_001,0
2024,다나345847,to_in_007,0
2024,다나345847,to_in_008,0
2024,다나345854,to_in_001,5
2024,다나345854,to_in_007,0
2024,다나345854,to_in_008,0
2024,다나345883,to_in_001,8
2024,다나345883,to_in_007,5
2024,다나345883,to_in_008,0
2024,다나345884,to_in_001,5
2024,다나345884,to_in_007,5
2024,다나345884,to_in_008,5
2024,다나345888,to_in_001,18
2024,다나345888,to_in_007,8
2024,다나345888,to_in_008,8
2024,다나345889,to_in_001,5
2024,다나345889,to_in_007,0
2024,다나345889,to_in_008,5
2024,다나345980,to_in_001,5
2024,다나345980,to_in_007,0
2024,다나345980,to_in_008,0
2024,다나345981,to_in_001,13
2024,다나345981,to_in_007,5
2024,다나345981,to_in_008,8
2024,다나346793,to_in_001,8
2024,다나346793,to_in_007,8
2024,다나346793,to_in_008,0
2024,다나346794,to_in_001,8
2024,다나346794,to_in_007,8
2024,다나346794,to_in_008,0
2024,다나346795,to_in_001,5
2024,다나346795,to_in_007,5
2024,다나346795,to_in_008,0
2024,다나346796,to_in_001,8
2024,다나346796,to_in_007,8
2024,다나346796,to_in_008,8
2024,다나346797,to_in_001,8
2024,다나346797,to_in_007,5
2024,다나346797,to_in_008,8
2024,다나346798,to_in_001,8
2024,다나346798,to_in_007,0
2024,다나346798,to_in_008,8
2024,다나346799,to_in_001,8
2024,다나346799,to_in_007,5
2024,다나346799,to_in_008,8
2024,다나346818,to_in_001,5
2024,다나346818,to_in_007,0
2024,다나346818,to_in_008,5
2024,다나346819,to_in_001,5
2024,다나346819,to_in_007,5
2024,다나346819,to_in_008,0
2024,다나346820,to_in_001,18
2024,다나346820,to_in_007,13
2024,다나346820,to_in_008,8
2024,다나346821,to_in_001,8
2024,다나346821,to_in_007,5
2024,다나346821,to_in_008,5
2024,다나346822,to_in_001,13
2024,다나346822,to_in_007,8
2024,다나346822,to_in_008,5
2024,다나346823,to_in_001,18
2024,다나346823,to_in_007,8
2024,다나346823,to_in_008,8
2024,다나346824,to_in_001,13
2024,다나346824,to_in_007,5
2024,다나346824,to_in_008,8
2024,다나346825,to_in_001,5
2024,다나346825,to_in_007,5
2024,다나346825,to_in_008,5
2024,다나346828,to_in_001,5
2024,다나346828,to_in_007,0
2024,다나346828,to_in_008,5
2024,다나346832,to_in_001,23
2024,다나330979,to_in_008,0
2024,다나330980,to_in_001,5
2024,다나330980,to_in_007,0
2024,다나330980,to_in_008,5
2024,다나330983,to_in_001,5
2024,다나330983,to_in_007,0
2024,다나330983,to_in_008,0
2024,다나330984,to_in_001,8
2024,다나330984,to_in_007,5
2024,다나330984,to_in_008,5
2024,다나330986,to_in_001,8
2024,다나330986,to_in_007,5
2024,다나330986,to_in_008,5
2024,다나331798,to_in_001,8
2024,다나331798,to_in_007,5
2024,다나331798,to_in_008,8
2024,다나331799,to_in_001,8
2024,다나331799,to_in_007,5
2024,다나331799,to_in_008,5
2024,다나331800,to_in_001,8
2024,다나331800,to_in_007,5
2024,다나331800,to_in_008,5
2024,다나331801,to_in_001,8
2024,다나331801,to_in_007,8
2024,다나331801,to_in_008,5
2024,다나331841,to_in_001,8
2024,다나331841,to_in_007,8
2024,다나331841,to_in_008,8
2024,다나331963,to_in_001,5
2024,다나331963,to_in_007,5
2024,다나331963,to_in_008,0
2024,다나331979,to_in_001,5
2024,다나331979,to_in_007,0
2024,다나331979,to_in_008,5
2024,다나331982,to_in_001,5
2024,다나331982,to_in_007,0
2024,다나331982,to_in_008,5
2024,다나331986,to_in_001,5
2024,다나331986,to_in_007,0
2024,다나331986,to_in_008,5
2024,다나332797,to_in_001,13
2024,다나332797,to_in_007,5
2024,다나332797,to_in_008,8
2024,다나332798,to_in_001,13
2024,다나332798,to_in_007,8
2024,다나332798,to_in_008,8
2024,다나332799,to_in_001,13
2024,다나332799,to_in_007,8
2024,다나332799,to_in_008,5
2024,다나332800,to_in_001,13
2024,다나332800,to_in_007,8
2024,다나332800,to_in_008,5
2024,다나332801,to_in_001,5
2024,다나332801,to_in_007,5
2024,다나332801,to_in_008,5
2024,다나332840,to_in_001,13
2024,다나332840,to_in_007,8
2024,다나332840,to_in_008,8
2024,다나332841,to_in_001,8
2024,다나332841,to_in_007,8
2024,다나332841,to_in_008,5
2024,다나332842,to_in_001,0
2024,다나332842,to_in_007,0
2024,다나332842,to_in_008,0
2024,다나332868,to_in_001,0
2024,다나332868,to_in_007,0
2024,다나332868,to_in_008,0
2024,다나337888,to_in_001,8
2024,다나337888,to_in_007,5
2024,다나337888,to_in_008,5
2024,다나337895,to_in_001,18
2024,다나337895,to_in_007,8
2024,다나337895,to_in_008,8
2024,다나337897,to_in_001,5
2024,다나337897,to_in_007,5
2024,다나337897,to_in_008,0
2024,다나337898,to_in_001,5
2024,다나337898,to_in_007,5
2024,다나337898,to_in_008,0
2024,다나337974,to_in_001,0
2024,다나337974,to_in_007,0
2024,다나337974,to_in_008,0
2024,다나337978,to_in_001,13
2024,다나337978,to_in_007,8
2024,다나337978,to_in_008,8
2024,다나337979,to_in_001,18
2024,다나337979,to_in_007,8
2024,다나337979,to_in_008,8
2024,다나337983,to_in_001,5
2024,다나337983,to_in_007,0
2024,다나337983,to_in_008,0
2024,다나337984,to_in_001,5
2024,다나337984,to_in_007,5
2024,다나337984,to_in_008,0
2024,다나337992,to_in_001,5
2024,다나337992,to_in_007,5
2024,다나337992,to_in_008,5
2024,다나337993,to_in_001,13
2024,다나337993,to_in_007,5
2024,다나337993,to_in_008,8
2024,다나338807,to_in_001,8
2024,다나338807,to_in_007,5
2024,다나338807,to_in_008,5
2024,다나338810,to_in_001,8
2024,다나338810,to_in_007,5
2024,다나338810,to_in_008,8
2024,다나338811,to_in_001,8
2024,다나338811,to_in_007,5
2024,다나338811,to_in_008,8
2024,다나338812,to_in_001,8
2024,다나338812,to_in_007,5
2024,다나338812,to_in_008,5
2024,다나338813,to_in_001,8
2024,다나338813,to_in_007,8
2024,다나338813,to_in_008,5
2024,다나338814,to_in_001,5
2024,다나338814,to_in_007,5
2024,다나338814,to_in_008,0
2024,다나338815,to_in_001,5
2024,다나338815,to_in_007,0
2024,다나338815,to_in_008,0
2024,다나338826,to_in_001,5
2024,다나338826,to_in_007,5
2024,다나338826,to_in_008,0
2024,다나338837,to_in_001,8
2024,다나338837,to_in_007,8
2024,다나338837,to_in_008,0
2024,다나338838,to_in_001,0
2024,다나338838,to_in_007,0
2024,다나338838,to_in_008,0
2024,다나338846,to_in_001,0
2024,다나338846,to_in_007,0
2024,다나338846,to_in_008,0
2024,다나338847,to_in_001,8
2024,다나338847,to_in_007,5
2024,다나338847,to_in_008,5
2024,다나338885,to_in_001,5
2024,다나338885,to_in_007,0
2024,다나338885,to_in_008,5
2024,다나338887,to_in_001,0
2024,다나338887,to_in_007,0
2024,다나338887,to_in_008,0
2024,다나338895,to_in_001,0
2024,다나338895,to_in_007,0
2024,다나338895,to_in_008,0
2024,다나338973,to_in_001,0
2024,다나338973,to_in_007,0
2024,다나338973,to_in_008,0
2024,다나338980,to_in_001,5
2024,다나338980,to_in_007,5
2024,다나338980,to_in_008,5
2024,다나338981,to_in_001,5
2024,다나338981,to_in_007,5
2024,다나338981,to_in_008,0
2024,다나338985,to_in_001,8
2024,다나338985,to_in_007,5
2024,다나338985,to_in_008,5
2024,다나339794,to_in_001,8
2024,다나339794,to_in_007,8
2024,다나339794,to_in_008,5
2024,다나339808,to_in_001,8
2024,다나339808,to_in_007,5
2024,다나339808,to_in_008,8
2024,다나339809,to_in_001,5
2024,다나339809,to_in_007,5
2024,다나339809,to_in_008,5
2024,다나339810,to_in_001,0
2024,다나339810,to_in_007,0
2024,다나339810,to_in_008,0
2024,다나339811,to_in_001,8
2024,다나339811,to_in_007,8
2024,다나339811,to_in_008,5
2024,다나346890,to_in_001,5
2024,다나346890,to_in_007,0
2024,다나346890,to_in_008,5
2024,다나346893,to_in_001,13
2024,다나346893,to_in_007,5
2024,다나346893,to_in_008,8
2024,다나346894,to_in_001,23
2024,다나346894,to_in_007,13
2024,다나346894,to_in_008,8
2024,다나346895,to_in_001,5
2024,다나346895,to_in_007,5
2024,다나346895,to_in_008,0
2024,다나346981,to_in_001,5
2024,다나346981,to_in_007,5
2024,다나346981,to_in_008,0
2024,다나347793,to_in_001,13
2024,다나347793,to_in_007,13
2024,다나347793,to_in_008,0
2024,다나347796,to_in_001,13
2024,다나347796,to_in_007,8
2024,다나347796,to_in_008,8
2024,다나347797,to_in_001,18
2024,다나347797,to_in_007,8
2024,다나347797,to_in_008,8
2024,다나347798,to_in_001,18
2024,다나347798,to_in_007,8
2024,다나347798,to_in_008,8
2024,다나347799,to_in_001,18
2024,다나347799,to_in_007,8
2024,다나347799,to_in_008,8
2024,다나347816,to_in_001,8
2024,다나347816,to_in_007,5
2024,다나347816,to_in_008,5
2024,다나347817,to_in_001,0
2024,다나347817,to_in_007,0
2024,다나347817,to_in_008,0
2024,다나347818,to_in_001,5
2024,다나347818,to_in_007,0
2024,다나347818,to_in_008,5
2024,다나347819,to_in_001,5
2024,다나347819,to_in_007,5
2024,다나347819,to_in_008,5
2024,다나347820,to_in_001,13
2024,다나347820,to_in_007,8
2024,다나347820,to_in_008,8
2024,다나347821,to_in_001,13
2024,다나347821,to_in_007,8
2024,다나347821,to_in_008,8
2024,다나347822,to_in_001,8
2024,다나347822,to_in_007,5
2024,다나347822,to_in_008,5
2024,다나347823,to_in_001,8
2024,다나347823,to_in_007,5
2024,다나347823,to_in_008,5
2024,다나347824,to_in_001,8
2024,다나347824,to_in_007,5
2024,다나347824,to_in_008,5
2024,다나347828,to_in_001,8
2024,다나347828,to_in_007,5
2024,다나347828,to_in_008,5
2024,다나347831,to_in_001,5
2024,다나347831,to_in_007,0
2024,다나347831,to_in_008,0
2024,다나347832,to_in_001,8
2024,다나347832,to_in_007,5
2024,다나347832,to_in_008,5
2024,다나347836,to_in_001,5
2024,다나347836,to_in_007,0
2024,다나347836,to_in_008,5
2024,다나347840,to_in_001,0
2024,다나347840,to_in_007,0
2024,다나347840,to_in_008,0
2024,다나347877,to_in_001,5
2024,다나347877,to_in_007,5
2024,다나347877,to_in_008,0
2024,다나347878,to_in_001,5
2024,다나347878,to_in_007,5
2024,다나347878,to_in_008,5
2024,다나347879,to_in_001,0
2024,다나347879,to_in_007,0
2024,다나347879,to_in_008,0
2024,다나347880,to_in_001,5
2024,다나347880,to_in_007,5
2024,다나347880,to_in_008,0
2024,다나347883,to_in_001,8
2024,다나347883,to_in_007,5
2024,다나347883,to_in_008,5
2024,다나347884,to_in_001,8
2024,다나347884,to_in_007,8
2024,다나347884,to_in_008,5
2024,다나347885,to_in_001,23
2024,다나347885,to_in_007,13
2024,다나347885,to_in_008,8
2024,다나347886,to_in_001,8
2024,다나347886,to_in_007,5
2024,다나347886,to_in_008,5
2024,다나347887,to_in_001,8
2024,다나347887,to_in_007,8
2024,다나347887,to_in_008,5
2024,다나347888,to_in_001,8
2024,다나347888,to_in_007,5
2024,다나347888,to_in_008,8
2024,다나351825,to_in_001,13
2024,다나351825,to_in_007,8
2024,다나351825,to_in_008,5
2024,다나351830,to_in_001,8
2024,다나351830,to_in_007,8
2024,다나351830,to_in_008,0
2024,다나351847,to_in_001,33
2024,다나351847,to_in_007,13
2024,다나351847,to_in_008,18
2024,다나351882,to_in_001,0
2024,다나351882,to_in_007,0
2024,다나351882,to_in_008,0
2024,다나351884,to_in_001,5
2024,다나351884,to_in_007,0
2024,다나351884,to_in_008,5
2024,다나351885,to_in_001,13
2024,다나351885,to_in_007,8
2024,다나351885,to_in_008,5
2024,다나351886,to_in_001,8
2024,다나325798,to_in_008,5
2024,다나325799,to_in_001,8
2024,다나325799,to_in_007,5
2024,다나325799,to_in_008,8
2024,다나325800,to_in_001,5
2024,다나325800,to_in_007,0
2024,다나325800,to_in_008,0
2024,다나325801,to_in_001,5
2024,다나325801,to_in_007,0
2024,다나325801,to_in_008,5
2024,다나325821,to_in_001,5
2024,다나325821,to_in_007,5
2024,다나325821,to_in_008,0
2024,다나325825,to_in_001,8
2024,다나325825,to_in_007,5
2024,다나325825,to_in_008,8
2024,다나325826,to_in_001,5
2024,다나325826,to_in_007,5
2024,다나325826,to_in_008,5
2024,다나325842,to_in_001,5
2024,다나325842,to_in_007,0
2024,다나325842,to_in_008,5
2024,다나325843,to_in_001,5
2024,다나325843,to_in_007,5
2024,다나325843,to_in_008,0
2024,다나325845,to_in_001,13
2024,다나325845,to_in_007,8
2024,다나325845,to_in_008,8
2024,다나325846,to_in_001,8
2024,다나325846,to_in_007,8
2024,다나325846,to_in_008,5
2024,다나325847,to_in_001,5
2024,다나325847,to_in_007,0
2024,다나325847,to_in_008,5
2024,다나325848,to_in_001,5
2024,다나325848,to_in_007,0
2024,다나325848,to_in_008,0
2024,다나325850,to_in_001,8
2024,다나325850,to_in_007,5
2024,다나325850,to_in_008,5
2024,다나325852,to_in_001,5
2024,다나325852,to_in_007,5
2024,다나325852,to_in_008,5
2024,다나325854,to_in_001,8
2024,다나325854,to_in_007,5
2024,다나325854,to_in_008,5
2024,다나325855,to_in_001,0
2024,다나325855,to_in_007,0
2024,다나325855,to_in_008,0
2024,다나325856,to_in_001,5
2024,다나325856,to_in_007,5
2024,다나325856,to_in_008,5
2024,다나325912,to_in_001,5
2024,다나325912,to_in_007,5
2024,다나325912,to_in_008,0
2024,다나325913,to_in_001,8
2024,다나325913,to_in_007,8
2024,다나325913,to_in_008,8
2024,다나332869,to_in_001,5
2024,다나332869,to_in_007,5
2024,다나332869,to_in_008,5
2024,다나332976,to_in_001,5
2024,다나332976,to_in_007,5
2024,다나332976,to_in_008,0
2024,다나332977,to_in_001,5
2024,다나332977,to_in_007,5
2024,다나332977,to_in_008,0
2024,다나332978,to_in_001,8
2024,다나332978,to_in_007,8
2024,다나332978,to_in_008,5
2024,다나332979,to_in_001,5
2024,다나332979,to_in_007,5
2024,다나332979,to_in_008,5
2024,다나332980,to_in_001,13
2024,다나332980,to_in_007,8
2024,다나332980,to_in_008,8
2024,다나332981,to_in_001,8
2024,다나332981,to_in_007,5
2024,다나332981,to_in_008,5
2024,다나333796,to_in_001,8
2024,다나333796,to_in_007,8
2024,다나333796,to_in_008,5
2024,다나333797,to_in_001,5
2024,다나333797,to_in_007,0
2024,다나333797,to_in_008,0
2024,다나333798,to_in_001,8
2024,다나333798,to_in_007,5
2024,다나333798,to_in_008,5
2024,다나333803,to_in_001,5
2024,다나333803,to_in_007,0
2024,다나333803,to_in_008,0
2024,다나333828,to_in_001,5
2024,다나333828,to_in_007,5
2024,다나333828,to_in_008,0
2024,다나333838,to_in_001,5
2024,다나333838,to_in_007,0
2024,다나333838,to_in_008,0
2024,다나333840,to_in_001,5
2024,다나333840,to_in_007,5
2024,다나333840,to_in_008,0
2024,다나333841,to_in_001,13
2024,다나333841,to_in_007,8
2024,다나333841,to_in_008,5
2024,다나333869,to_in_001,8
2024,다나333869,to_in_007,5
2024,다나333869,to_in_008,5
2024,다나333903,to_in_001,5
2024,다나333903,to_in_007,5
2024,다나333903,to_in_008,0
2024,다나333905,to_in_001,0
2024,다나333905,to_in_007,0
2024,다나333905,to_in_008,0
2024,다나333974,to_in_001,5
2024,다나333974,to_in_007,0
2024,다나333974,to_in_008,0
2024,다나333976,to_in_001,8
2024,다나333976,to_in_007,5
2024,다나333976,to_in_008,8
2024,다나333977,to_in_001,8
2024,다나333977,to_in_007,8
2024,다나333977,to_in_008,5
2024,다나333978,to_in_001,38
2024,다나333978,to_in_007,23
2024,다나333978,to_in_008,13
2024,다나333979,to_in_001,28
2024,다나333979,to_in_007,13
2024,다나333979,to_in_008,18
2024,다나333980,to_in_001,13
2024,다나333980,to_in_007,5
2024,다나333980,to_in_008,8
2024,다나333981,to_in_001,13
2024,다나333981,to_in_007,8
2024,다나333981,to_in_008,8
2024,다나333982,to_in_001,5
2024,다나333982,to_in_007,5
2024,다나333982,to_in_008,0
2024,다나333987,to_in_001,8
2024,다나333987,to_in_007,0
2024,다나333987,to_in_008,8
2024,다나334796,to_in_001,5
2024,다나334796,to_in_007,0
2024,다나334796,to_in_008,5
2024,다나334797,to_in_001,5
2024,다나334797,to_in_007,0
2024,다나334797,to_in_008,0
2024,다나334803,to_in_001,5
2024,다나334803,to_in_007,0
2024,다나334803,to_in_008,0
2024,다나334820,to_in_001,5
2024,다나334820,to_in_007,0
2024,다나334820,to_in_008,0
2024,다나334840,to_in_001,13
2024,다나334840,to_in_007,8
2024,다나334840,to_in_008,5
2024,다나334841,to_in_001,5
2024,다나334841,to_in_007,5
2024,다나334841,to_in_008,5
2024,다나334853,to_in_001,5
2024,다나334853,to_in_007,5
2024,다나334853,to_in_008,0
2024,다나341883,to_in_001,0
2024,다나341883,to_in_007,0
2024,다나341883,to_in_008,0
2024,다나342797,to_in_001,5
2024,다나342797,to_in_007,5
2024,다나342797,to_in_008,0
2024,다나342799,to_in_001,8
2024,다나342799,to_in_007,5
2024,다나342799,to_in_008,5
2024,다나342805,to_in_001,0
2024,다나342805,to_in_007,0
2024,다나342805,to_in_008,0
2024,다나342816,to_in_001,5
2024,다나342816,to_in_007,5
2024,다나342816,to_in_008,0
2024,다나342820,to_in_001,8
2024,다나342820,to_in_007,8
2024,다나342820,to_in_008,0
2024,다나342822,to_in_001,5
2024,다나342822,to_in_007,0
2024,다나342822,to_in_008,5
2024,다나342823,to_in_001,8
2024,다나342823,to_in_007,5
2024,다나342823,to_in_008,8
2024,다나342824,to_in_001,5
2024,다나342824,to_in_007,5
2024,다나342824,to_in_008,0
2024,다나342846,to_in_001,0
2024,다나342846,to_in_007,0
2024,다나342846,to_in_008,0
2024,다나342847,to_in_001,5
2024,다나342847,to_in_007,5
2024,다나342847,to_in_008,0
2024,다나342867,to_in_001,5
2024,다나342867,to_in_007,5
2024,다나342867,to_in_008,5
2024,다나342881,to_in_001,5
2024,다나342881,to_in_007,0
2024,다나342881,to_in_008,5
2024,다나342882,to_in_001,5
2024,다나342882,to_in_007,5
2024,다나342882,to_in_008,0
2024,다나342883,to_in_001,5
2024,다나342883,to_in_007,5
2024,다나342883,to_in_008,0
2024,다나342889,to_in_001,5
2024,다나342889,to_in_007,5
2024,다나342889,to_in_008,0
2024,다나343795,to_in_001,5
2024,다나343795,to_in_007,5
2024,다나343795,to_in_008,0
2024,다나343802,to_in_001,5
2024,다나343802,to_in_007,0
2024,다나343802,to_in_008,0
2024,다나343803,to_in_001,5
2024,다나343803,to_in_007,0
2024,다나343803,to_in_008,0
2024,다나343804,to_in_001,8
2024,다나343804,to_in_007,8
2024,다나343804,to_in_008,5
2024,다나343810,to_in_001,5
2024,다나343810,to_in_007,5
2024,다나343810,to_in_008,0
2024,다나343813,to_in_001,0
2024,다나343813,to_in_007,0
2024,다나343813,to_in_008,0
2024,다나343816,to_in_001,13
2024,다나343816,to_in_007,8
2024,다나343816,to_in_008,8
2024,다나343820,to_in_001,8
2024,다나343820,to_in_007,8
2024,다나343820,to_in_008,0
2024,다나343821,to_in_001,8
2024,다나343821,to_in_007,5
2024,다나343821,to_in_008,5
2024,다나343823,to_in_001,8
2024,다나343823,to_in_007,8
2024,다나343823,to_in_008,5
2024,다나343824,to_in_001,8
2024,다나343824,to_in_007,8
2024,다나343824,to_in_008,5
2024,다나343825,to_in_001,8
2024,다나343825,to_in_007,5
2024,다나343825,to_in_008,8
2024,다나343826,to_in_001,8
2024,다나343826,to_in_007,5
2024,다나343826,to_in_008,8
2024,다나343836,to_in_001,5
2024,다나343836,to_in_007,5
2024,다나343836,to_in_008,0
2024,다나343838,to_in_001,5
2024,다나343838,to_in_007,0
2024,다나343838,to_in_008,0
2024,다나343839,to_in_001,0
2024,다나343839,to_in_007,0
2024,다나343839,to_in_008,0
2024,다나343882,to_in_001,5
2024,다나343882,to_in_007,0
2024,다나343882,to_in_008,0
2024,다나343884,to_in_001,5
2024,다나343884,to_in_007,5
2024,다나343884,to_in_008,0
2024,다나348894,to_in_001,8
2024,다나348894,to_in_007,5
2024,다나348894,to_in_008,5
2024,다나349794,to_in_001,8
2024,다나349794,to_in_007,8
2024,다나349794,to_in_008,5
2024,다나349795,to_in_001,13
2024,다나349795,to_in_007,8
2024,다나349795,to_in_008,8
2024,다나349796,to_in_001,58
2024,다나349796,to_in_007,31
2024,다나349796,to_in_008,30
2024,다나349797,to_in_001,8
2024,다나349797,to_in_007,8
2024,다나349797,to_in_008,5
2024,다나349805,to_in_001,5
2024,다나349805,to_in_007,0
2024,다나349805,to_in_008,5
2024,다나349806,to_in_001,5
2024,다나349806,to_in_007,0
2024,다나349806,to_in_008,0
2024,다나349808,to_in_001,5
2024,다나349808,to_in_007,0
2024,다나349808,to_in_008,5
2024,다나349809,to_in_001,8
2024,다나349809,to_in_007,5
2024,다나349809,to_in_008,5
2024,다나349810,to_in_001,5
2024,다나349810,to_in_007,0
2024,다나349810,to_in_008,0
2024,다나349818,to_in_001,5
2024,다나345826,to_in_008,0
2024,다나362855,to_in_001,5
2024,다나362855,to_in_007,0
2024,다나362855,to_in_008,0
2024,다나362856,to_in_001,5
2024,다나362856,to_in_007,5
2024,다나362856,to_in_008,5
2024,다나362865,to_in_001,8
2024,다나362865,to_in_007,8
2024,다나362865,to_in_008,5
2024,다나362884,to_in_001,5
2024,다나362884,to_in_007,0
2024,다나362884,to_in_008,0
2024,다나362902,to_in_001,5
2024,다나362902,to_in_007,5
2024,다나362902,to_in_008,0
2024,다나362903,to_in_001,8
2024,다나362903,to_in_007,5
2024,다나362903,to_in_008,5
2024,다나362908,to_in_001,0
2024,다나362908,to_in_007,0
2024,다나362908,to_in_008,0
2024,다나362990,to_in_001,0
2024,다나362990,to_in_007,0
2024,다나362990,to_in_008,0
2024,다나362993,to_in_001,5
2024,다나362993,to_in_007,0
2024,다나362993,to_in_008,0
2024,다나362998,to_in_001,5
2024,다나362998,to_in_007,5
2024,다나362998,to_in_008,5
2024,다나362999,to_in_001,13
2024,다나362999,to_in_007,8
2024,다나362999,to_in_008,8
2024,다나363813,to_in_001,0
2024,다나363813,to_in_007,0
2024,다나363813,to_in_008,0
2024,다나363815,to_in_001,38
2024,다나363815,to_in_007,18
2024,다나363815,to_in_008,18
2024,다나363818,to_in_001,5
2024,다나363818,to_in_007,0
2024,다나363818,to_in_008,5
2024,다나363835,to_in_001,83
2024,다나363835,to_in_007,31
2024,다나363835,to_in_008,50
2024,다나363842,to_in_001,5
2024,다나363842,to_in_007,5
2024,다나363842,to_in_008,0
2024,다나363843,to_in_001,8
2024,다나363843,to_in_007,5
2024,다나363843,to_in_008,8
2024,다나363845,to_in_001,0
2024,다나363845,to_in_007,0
2024,다나363845,to_in_008,0
2024,다나363864,to_in_001,0
2024,다나363864,to_in_007,0
2024,다나363864,to_in_008,0
2024,다나363865,to_in_001,13
2024,다나363865,to_in_007,8
2024,다나363865,to_in_008,8
2024,다나363999,to_in_001,8
2024,다나363999,to_in_007,5
2024,다나363999,to_in_008,5
2024,다나364798,to_in_001,5
2024,다나364798,to_in_007,5
2024,다나364798,to_in_008,0
2024,다나364803,to_in_001,5
2024,다나364803,to_in_007,0
2024,다나364803,to_in_008,5
2024,다나364810,to_in_001,5
2024,다나364810,to_in_007,0
2024,다나364810,to_in_008,0
2024,다나364812,to_in_001,5
2024,다나364812,to_in_007,0
2024,다나364812,to_in_008,5
2024,다나364813,to_in_001,23
2024,다나364813,to_in_007,8
2024,다나364813,to_in_008,13
2024,다나364814,to_in_001,8
2024,다나364814,to_in_007,5
2024,다나364814,to_in_008,8
2024,다나364815,to_in_001,5
2024,다나364815,to_in_007,5
2024,다나364815,to_in_008,5
2024,다나364822,to_in_001,5
2024,다나364822,to_in_007,0
2024,다나364822,to_in_008,0
2024,다나364823,to_in_001,5
2024,다나364823,to_in_007,5
2024,다나364823,to_in_008,5
2024,다나364824,to_in_001,0
2024,다나364824,to_in_007,0
2024,다나364824,to_in_008,0
2024,다나364825,to_in_001,18
2024,다나364825,to_in_007,8
2024,다나364825,to_in_008,13
2024,다나369800,to_in_001,8
2024,다나369800,to_in_007,5
2024,다나369800,to_in_008,5
2024,다나369803,to_in_001,5
2024,다나369803,to_in_007,0
2024,다나369803,to_in_008,5
2024,다나369812,to_in_001,5
2024,다나369812,to_in_007,0
2024,다나369812,to_in_008,5
2024,다나369815,to_in_001,0
2024,다나369815,to_in_007,0
2024,다나369815,to_in_008,0
2024,다나369820,to_in_001,0
2024,다나369820,to_in_007,0
2024,다나369820,to_in_008,0
2024,다나369821,to_in_001,43
2024,다나369821,to_in_007,23
2024,다나369821,to_in_008,18
2024,다나369826,to_in_001,5
2024,다나369826,to_in_007,0
2024,다나369826,to_in_008,5
2024,다나369836,to_in_001,0
2024,다나369836,to_in_007,0
2024,다나369836,to_in_008,0
2024,다나369837,to_in_001,8
2024,다나369837,to_in_007,5
2024,다나369837,to_in_008,5
2024,다나369848,to_in_001,5
2024,다나369848,to_in_007,0
2024,다나369848,to_in_008,5
2024,다나369854,to_in_001,5
2024,다나369854,to_in_007,0
2024,다나369854,to_in_008,5
2024,다나369855,to_in_001,5
2024,다나369855,to_in_007,5
2024,다나369855,to_in_008,0
2024,다나370802,to_in_001,18
2024,다나370802,to_in_007,8
2024,다나370802,to_in_008,8
2024,다나370803,to_in_001,5
2024,다나370803,to_in_007,5
2024,다나370803,to_in_008,0
2024,다나370804,to_in_001,5
2024,다나370804,to_in_007,5
2024,다나370804,to_in_008,5
2024,다나370811,to_in_001,5
2024,다나370811,to_in_007,5
2024,다나370811,to_in_008,0
2024,다나370812,to_in_001,5
2024,다나370812,to_in_007,5
2024,다나370812,to_in_008,0
2024,다나370820,to_in_001,8
2024,다나370820,to_in_007,5
2024,다나370820,to_in_008,8
2024,다나370821,to_in_001,38
2024,다나370821,to_in_007,23
2024,다나370821,to_in_008,18
2024,다나370825,to_in_001,5
2024,다나370825,to_in_007,0
2024,다나370825,to_in_008,0
2024,다나340872,to_in_007,0
2024,다나340872,to_in_008,0
2024,다나340979,to_in_001,0
2024,다나340979,to_in_007,0
2024,다나340979,to_in_008,0
2024,다나341808,to_in_001,5
2024,다나341808,to_in_007,0
2024,다나341808,to_in_008,5
2024,다나341809,to_in_001,13
2024,다나341809,to_in_007,5
2024,다나341809,to_in_008,8
2024,다나341812,to_in_001,5
2024,다나341812,to_in_007,0
2024,다나341812,to_in_008,0
2024,다나341813,to_in_001,5
2024,다나341813,to_in_007,0
2024,다나341813,to_in_008,0
2024,다나341814,to_in_001,8
2024,다나341814,to_in_007,5
2024,다나341814,to_in_008,5
2024,다나341816,to_in_001,5
2024,다나341816,to_in_007,5
2024,다나341816,to_in_008,0
2024,다나341824,to_in_001,8
2024,다나341824,to_in_007,5
2024,다나341824,to_in_008,5
2024,다나341837,to_in_001,8
2024,다나341837,to_in_007,5
2024,다나341837,to_in_008,5
2024,다나347892,to_in_001,5
2024,다나347892,to_in_007,0
2024,다나347892,to_in_008,0
2024,다나347893,to_in_001,18
2024,다나347893,to_in_007,8
2024,다나347893,to_in_008,8
2024,다나347894,to_in_001,28
2024,다나347894,to_in_007,18
2024,다나347894,to_in_008,13
2024,다나348794,to_in_001,18
2024,다나348794,to_in_007,18
2024,다나348794,to_in_008,0
2024,다나348795,to_in_001,8
2024,다나348795,to_in_007,8
2024,다나348795,to_in_008,0
2024,다나348796,to_in_001,18
2024,다나348796,to_in_007,8
2024,다나348796,to_in_008,8
2024,다나348797,to_in_001,13
2024,다나348797,to_in_007,8
2024,다나348797,to_in_008,5
2024,다나348798,to_in_001,18
2024,다나348798,to_in_007,8
2024,다나348798,to_in_008,8
2024,다나348806,to_in_001,5
2024,다나348806,to_in_007,5
2024,다나348806,to_in_008,5
2024,다나348809,to_in_001,8
2024,다나348809,to_in_007,5
2024,다나348809,to_in_008,5
2024,다나348810,to_in_001,8
2024,다나348810,to_in_007,8
2024,다나348810,to_in_008,5
2024,다나348813,to_in_001,5
2024,다나348813,to_in_007,5
2024,다나348813,to_in_008,5
2024,다나348814,to_in_001,8
2024,다나348814,to_in_007,5
2024,다나348814,to_in_008,5
2024,다나348816,to_in_001,5
2024,다나348816,to_in_007,0
2024,다나348816,to_in_008,5
2024,다나348817,to_in_001,8
2024,다나348817,to_in_007,5
2024,다나348817,to_in_008,5
2024,다나348819,to_in_001,8
2024,다나348819,to_in_007,5
2024,다나348819,to_in_008,5
2024,다나348820,to_in_001,8
2024,다나348820,to_in_007,5
2024,다나348820,to_in_008,5
2024,다나348821,to_in_001,8
2024,다나348821,to_in_007,5
2024,다나348821,to_in_008,5
2024,다나348822,to_in_001,5
2024,다나348822,to_in_007,5
2024,다나348822,to_in_008,0
2024,다나348823,to_in_001,8
2024,다나348823,to_in_007,5
2024,다나348823,to_in_008,5
2024,다나348824,to_in_001,8
2024,다나348824,to_in_007,5
2024,다나348824,to_in_008,5
2024,다나348825,to_in_001,8
2024,다나348825,to_in_007,0
2024,다나348825,to_in_008,8
2024,다나348826,to_in_001,5
2024,다나348826,to_in_007,0
2024,다나348826,to_in_008,5
2024,다나348835,to_in_001,5
2024,다나348835,to_in_007,0
2024,다나348835,to_in_008,0
2024,다나348846,to_in_001,5
2024,다나348846,to_in_007,5
2024,다나348846,to_in_008,0
2024,다나348883,to_in_001,13
2024,다나348883,to_in_007,8
2024,다나348883,to_in_008,8
2024,다나348884,to_in_001,5
2024,다나348884,to_in_007,0
2024,다나348884,to_in_008,0
2024,다나348885,to_in_001,8
2024,다나348885,to_in_007,5
2024,다나348885,to_in_008,5
2024,다나348887,to_in_001,8
2024,다나348887,to_in_007,5
2024,다나348887,to_in_008,5
2024,다나348888,to_in_001,13
2024,다나348888,to_in_007,8
2024,다나348888,to_in_008,8
2024,다나348889,to_in_001,5
2024,다나348889,to_in_007,0
2024,다나348889,to_in_008,0
2024,다나348891,to_in_001,5
2024,다나348891,to_in_007,5
2024,다나348891,to_in_008,5
2024,다나348892,to_in_001,23
2024,다나348892,to_in_007,13
2024,다나348892,to_in_008,13
2024,다나348893,to_in_001,38
2024,다나348893,to_in_007,18
2024,다나348893,to_in_008,18
2024,다나352899,to_in_001,0
2024,다나352899,to_in_007,0
2024,다나352899,to_in_008,0
2024,다나352900,to_in_001,5
2024,다나352900,to_in_007,0
2024,다나352900,to_in_008,0
2024,다나353795,to_in_001,5
2024,다나353795,to_in_007,5
2024,다나353795,to_in_008,0
2024,다나353796,to_in_001,8
2024,다나353796,to_in_007,5
2024,다나353796,to_in_008,5
2024,다나353797,to_in_001,0
2024,다나353797,to_in_007,0
2024,다나353797,to_in_008,0
2024,다나353799,to_in_001,5
2024,다나353799,to_in_007,5
2024,다나353799,to_in_008,0
2024,다나353826,to_in_001,5
2024,다나353826,to_in_007,5
2024,다나353826,to_in_008,5
2024,다나353827,to_in_001,0
2024,다나353827,to_in_007,0
2024,다나353827,to_in_008,0
2024,다나353835,to_in_001,5
2024,다나353835,to_in_007,5
2024,다나353835,to_in_008,0
2024,다나353846,to_in_001,28
2024,다나353846,to_in_007,13
2024,다나353846,to_in_008,13
2024,다나353847,to_in_001,5
2024,다나353847,to_in_007,5
2024,다나353847,to_in_008,0
2024,다나353848,to_in_001,5
2024,다나353848,to_in_007,0
2024,다나353848,to_in_008,5
2024,다나353879,to_in_001,0
2024,다나353879,to_in_007,0
2024,다나353879,to_in_008,0
2024,다나353880,to_in_001,5
2024,다나353880,to_in_007,5
2024,다나353880,to_in_008,0
2024,다나353886,to_in_001,5
2024,다나353886,to_in_007,0
2024,다나353886,to_in_008,5
2024,다나353887,to_in_001,5
2024,다나353887,to_in_007,0
2024,다나353887,to_in_008,5
2024,다나353888,to_in_001,8
2024,다나353888,to_in_007,5
2024,다나353888,to_in_008,5
2024,다나353897,to_in_001,30
2024,다나353897,to_in_007,13
2024,다나353897,to_in_008,20
2024,다나353986,to_in_001,8
2024,다나353986,to_in_007,5
2024,다나353986,to_in_008,5
2024,다나354794,to_in_001,8
2024,다나354794,to_in_007,5
2024,다나354794,to_in_008,5
2024,다나354795,to_in_001,5
2024,다나354795,to_in_007,5
2024,다나354795,to_in_008,5
2024,다나354796,to_in_001,5
2024,다나354796,to_in_007,5
2024,다나354796,to_in_008,0
2024,다나354798,to_in_001,5
2024,다나354798,to_in_007,5
2024,다나354798,to_in_008,0
2024,다나354828,to_in_001,5
2024,다나354828,to_in_007,5
2024,다나354828,to_in_008,0
2024,다나354829,to_in_001,5
2024,다나354829,to_in_007,5
2024,다나354829,to_in_008,0
2024,다나354836,to_in_001,25
2024,다나354836,to_in_007,25
2024,다나354836,to_in_008,0
2024,다나354883,to_in_001,0
2024,다나354883,to_in_007,0
2024,다나354883,to_in_008,0
2024,다나354887,to_in_001,5
2024,다나354887,to_in_007,5
2024,다나354887,to_in_008,0
2024,다나354900,to_in_001,5
2024,다나354900,to_in_007,5
2024,다나354900,to_in_008,0
2024,다나355793,to_in_001,5
2024,다나355793,to_in_007,5
2024,다나355793,to_in_008,0
2024,다나355795,to_in_001,13
2024,다나355795,to_in_007,8
2024,다나355795,to_in_008,8
2024,다나355796,to_in_001,5
2024,다나355796,to_in_007,0
2024,다나355796,to_in_008,5
2024,다나355797,to_in_001,8
2024,다나355797,to_in_007,5
2024,다나355797,to_in_008,5
2024,다나355798,to_in_001,23
2024,다나355798,to_in_007,8
2024,다나355798,to_in_008,13
2024,다나355799,to_in_001,5
2024,다나355799,to_in_007,5
2024,다나355799,to_in_008,5
2024,다나355802,to_in_001,8
2024,다나355802,to_in_007,5
2024,다나355802,to_in_008,5
2024,다나366825,to_in_001,18
2024,다나366825,to_in_007,8
2024,다나366825,to_in_008,8
2024,다나366826,to_in_001,5
2024,다나366826,to_in_007,0
2024,다나366826,to_in_008,0
2024,다나366836,to_in_001,5
2024,다나366836,to_in_007,5
2024,다나366836,to_in_008,0
2024,다나366848,to_in_001,5
2024,다나366848,to_in_007,0
2024,다나366848,to_in_008,0
2024,다나366849,to_in_001,8
2024,다나366849,to_in_007,5
2024,다나366849,to_in_008,5
2024,다나366857,to_in_001,0
2024,다나366857,to_in_007,0
2024,다나366857,to_in_008,0
2024,다나366878,to_in_001,0
2024,다나366878,to_in_007,0
2024,다나366878,to_in_008,0
2024,다나366907,to_in_001,0
2024,다나366907,to_in_007,0
2024,다나366907,to_in_008,0
2024,다나367798,to_in_001,5
2024,다나367798,to_in_007,5
2024,다나367798,to_in_008,0
2024,다나367800,to_in_001,8
2024,다나367800,to_in_007,0
2024,다나367800,to_in_008,8
2024,다나367804,to_in_001,8
2024,다나367804,to_in_007,5
2024,다나367804,to_in_008,8
2024,다나367806,to_in_001,5
2024,다나367806,to_in_007,5
2024,다나367806,to_in_008,0
2024,다나367812,to_in_001,8
2024,다나367812,to_in_007,5
2024,다나367812,to_in_008,5
2024,다나367818,to_in_001,0
2024,다나367818,to_in_007,0
2024,다나367818,to_in_008,0
2024,다나367819,to_in_001,8
2024,다나367819,to_in_007,5
2024,다나367819,to_in_008,5
2024,다나367820,to_in_001,8
2024,다나367820,to_in_007,8
2024,다나367820,to_in_008,5
2024,다나367822,to_in_001,5
2024,다나367822,to_in_007,0
2024,다나367822,to_in_008,5
2024,다나367827,to_in_001,5
2024,다나367827,to_in_007,0
2024,다나367827,to_in_008,5
2024,다나346832,to_in_007,13
2024,다나346832,to_in_008,13
2024,다나346833,to_in_001,8
2024,다나346833,to_in_007,8
2024,다나346833,to_in_008,0
2024,다나346839,to_in_001,8
2024,다나346839,to_in_007,5
2024,다나346839,to_in_008,5
2024,다나346882,to_in_001,5
2024,다나346882,to_in_007,5
2024,다나346882,to_in_008,5
2024,다나346883,to_in_001,13
2024,다나346883,to_in_007,5
2024,다나346883,to_in_008,8
2024,다나346884,to_in_001,23
2024,다나346884,to_in_007,8
2024,다나346884,to_in_008,13
2024,다나346887,to_in_001,8
2024,다나346887,to_in_007,5
2024,다나346887,to_in_008,8
2024,다나346888,to_in_001,13
2024,다나346888,to_in_007,8
2024,다나346888,to_in_008,5
2024,다나346889,to_in_001,8
2024,다나346889,to_in_007,8
2024,다나346889,to_in_008,5
2024,다나350798,to_in_001,13
2024,다나350798,to_in_007,8
2024,다나350798,to_in_008,8
2024,다나350799,to_in_001,5
2024,다나350799,to_in_007,0
2024,다나350799,to_in_008,5
2024,다나350800,to_in_001,8
2024,다나350800,to_in_007,5
2024,다나350800,to_in_008,5
2024,다나350806,to_in_001,8
2024,다나350806,to_in_007,5
2024,다나350806,to_in_008,5
2024,다나350807,to_in_001,8
2024,다나350807,to_in_007,5
2024,다나350807,to_in_008,8
2024,다나350819,to_in_001,5
2024,다나350819,to_in_007,0
2024,다나350819,to_in_008,5
2024,다나350820,to_in_001,5
2024,다나350820,to_in_007,5
2024,다나350820,to_in_008,0
2024,다나350823,to_in_001,5
2024,다나350823,to_in_007,0
2024,다나350823,to_in_008,5
2024,다나350825,to_in_001,8
2024,다나350825,to_in_007,5
2024,다나350825,to_in_008,5
2024,다나350828,to_in_001,0
2024,다나350828,to_in_007,0
2024,다나350828,to_in_008,0
2024,다나350829,to_in_001,5
2024,다나350829,to_in_007,5
2024,다나350829,to_in_008,0
2024,다나350831,to_in_001,5
2024,다나350831,to_in_007,0
2024,다나350831,to_in_008,5
2024,다나350846,to_in_001,0
2024,다나350846,to_in_007,0
2024,다나350846,to_in_008,0
2024,다나350873,to_in_001,0
2024,다나350873,to_in_007,0
2024,다나350873,to_in_008,0
2024,다나350882,to_in_001,0
2024,다나350882,to_in_007,0
2024,다나350882,to_in_008,0
2024,다나350883,to_in_001,5
2024,다나350883,to_in_007,5
2024,다나350883,to_in_008,5
2024,다나350884,to_in_001,8
2024,다나350884,to_in_007,5
2024,다나350884,to_in_008,5
2024,다나350885,to_in_001,8
2024,다나350885,to_in_007,5
2024,다나350885,to_in_008,8
2024,다나350886,to_in_001,5
2024,다나350886,to_in_007,0
2024,다나350886,to_in_008,0
2024,다나350888,to_in_001,23
2024,다나350888,to_in_007,13
2024,다나350888,to_in_008,8
2024,다나350889,to_in_001,8
2024,다나350889,to_in_007,5
2024,다나350889,to_in_008,5
2024,다나350890,to_in_001,5
2024,다나350890,to_in_007,5
2024,다나350890,to_in_008,0
2024,다나350891,to_in_001,50
2024,다나350891,to_in_007,30
2024,다나350891,to_in_008,23
2024,다나350892,to_in_001,33
2024,다나350892,to_in_007,13
2024,다나350892,to_in_008,18
2024,다나350893,to_in_001,8
2024,다나350893,to_in_007,5
2024,다나350893,to_in_008,5
2024,다나350896,to_in_001,5
2024,다나350896,to_in_007,0
2024,다나350896,to_in_008,0
2024,다나350999,to_in_001,0
2024,다나350999,to_in_007,0
2024,다나350999,to_in_008,0
2024,다나351794,to_in_001,8
2024,다나351794,to_in_007,5
2024,다나351794,to_in_008,5
2024,다나351795,to_in_001,13
2024,다나351795,to_in_007,8
2024,다나351795,to_in_008,8
2024,다나351796,to_in_001,23
2024,다나351796,to_in_007,8
2024,다나351796,to_in_008,13
2024,다나351797,to_in_001,18
2024,다나351797,to_in_007,8
2024,다나351797,to_in_008,8
2024,다나351798,to_in_001,28
2024,다나351798,to_in_007,13
2024,다나351798,to_in_008,13
2024,다나351799,to_in_001,8
2024,다나351799,to_in_007,8
2024,다나351799,to_in_008,5
2024,다나351802,to_in_001,13
2024,다나351802,to_in_007,5
2024,다나351802,to_in_008,8
2024,다나351803,to_in_001,0
2024,다나351803,to_in_007,0
2024,다나351803,to_in_008,0
2024,다나357857,to_in_001,8
2024,다나357857,to_in_007,5
2024,다나357857,to_in_008,5
2024,다나357884,to_in_001,5
2024,다나357884,to_in_007,0
2024,다나357884,to_in_008,0
2024,다나357887,to_in_001,8
2024,다나357887,to_in_007,5
2024,다나357887,to_in_008,8
2024,다나357895,to_in_001,5
2024,다나357895,to_in_007,0
2024,다나357895,to_in_008,0
2024,다나357923,to_in_001,5
2024,다나357923,to_in_007,5
2024,다나357923,to_in_008,5
2024,다나358795,to_in_001,5
2024,다나358795,to_in_007,5
2024,다나358795,to_in_008,5
2024,다나358796,to_in_001,15
2024,다나358796,to_in_007,12
2024,다나358796,to_in_008,0
2024,다나358798,to_in_001,8
2024,다나358798,to_in_007,5
2024,다나358798,to_in_008,5
2024,다나358799,to_in_001,13
2024,다나358799,to_in_007,8
2024,다나358799,to_in_008,5
2024,다나358824,to_in_001,5
2024,다나358824,to_in_007,0
2024,다나358824,to_in_008,0
2024,다나358828,to_in_001,5
2024,다나358828,to_in_007,5
2024,다나358828,to_in_008,5
2024,다나358829,to_in_001,0
2024,다나358829,to_in_007,0
2024,다나358829,to_in_008,0
2024,다나358844,to_in_001,0
2024,다나358844,to_in_007,0
2024,다나358844,to_in_008,0
2024,다나358846,to_in_001,8
2024,다나358846,to_in_007,5
2024,다나358846,to_in_008,0
2024,다나358847,to_in_001,5
2024,다나358847,to_in_007,5
2024,다나358847,to_in_008,0
2024,다나358849,to_in_001,5
2024,다나358849,to_in_007,0
2024,다나358849,to_in_008,5
2024,다나358887,to_in_001,0
2024,다나358887,to_in_007,0
2024,다나358887,to_in_008,0
2024,다나358923,to_in_001,8
2024,다나358923,to_in_007,8
2024,다나358923,to_in_008,5
2024,다나359797,to_in_001,5
2024,다나359797,to_in_007,5
2024,다나359797,to_in_008,5
2024,다나359798,to_in_001,18
2024,다나359798,to_in_007,8
2024,다나359798,to_in_008,8
2024,다나359799,to_in_001,5
2024,다나359799,to_in_007,5
2024,다나359799,to_in_008,0
2024,다나359824,to_in_001,5
2024,다나359824,to_in_007,0
2024,다나359824,to_in_008,0
2024,다나359828,to_in_001,5
2024,다나359828,to_in_007,5
2024,다나359828,to_in_008,5
2024,다나359841,to_in_001,8
2024,다나359841,to_in_007,8
2024,다나359841,to_in_008,0
2024,다나359845,to_in_001,5
2024,다나359845,to_in_007,0
2024,다나359845,to_in_008,5
2024,다나359849,to_in_001,5
2024,다나359849,to_in_007,5
2024,다나359849,to_in_008,0
2024,다나359875,to_in_001,5
2024,다나359875,to_in_007,0
2024,다나359875,to_in_008,0
2024,다나359993,to_in_001,5
2024,다나359993,to_in_007,5
2024,다나359993,to_in_008,0
2024,다나360796,to_in_001,5
2024,다나360796,to_in_007,5
2024,다나360796,to_in_008,0
2024,다나360797,to_in_001,13
2024,다나360797,to_in_007,5
2024,다나360797,to_in_008,8
2024,다나360798,to_in_001,28
2024,다나360798,to_in_007,13
2024,다나360798,to_in_008,13
2024,다나360799,to_in_001,23
2024,다나360799,to_in_007,8
2024,다나360799,to_in_008,13
2024,다나360801,to_in_001,5
2024,다나360801,to_in_007,5
2024,다나360801,to_in_008,0
2024,다나360816,to_in_001,0
2024,다나360816,to_in_007,0
2024,다나360816,to_in_008,0
2024,다나360845,to_in_001,13
2024,다나360845,to_in_007,8
2024,다나360845,to_in_008,8
2024,다나372835,to_in_001,13
2024,다나372835,to_in_007,13
2024,다나372835,to_in_008,5
2024,다나372836,to_in_001,5
2024,다나372836,to_in_007,0
2024,다나372836,to_in_008,5
2024,다나372839,to_in_001,5
2024,다나372839,to_in_007,5
2024,다나372839,to_in_008,5
2024,다나372844,to_in_001,5
2024,다나372844,to_in_007,5
2024,다나372844,to_in_008,5
2024,다나372845,to_in_001,5
2024,다나372845,to_in_007,5
2024,다나372845,to_in_008,0
2024,다나372847,to_in_001,8
2024,다나372847,to_in_007,8
2024,다나372847,to_in_008,5
2024,다나372848,to_in_001,5
2024,다나372848,to_in_007,0
2024,다나372848,to_in_008,5
2024,다나372854,to_in_001,5
2024,다나372854,to_in_007,0
2024,다나372854,to_in_008,0
2024,다나372858,to_in_001,5
2024,다나372858,to_in_007,0
2024,다나372858,to_in_008,5
2024,다나372864,to_in_001,0
2024,다나372864,to_in_007,0
2024,다나372864,to_in_008,0
2024,다나372910,to_in_001,5
2024,다나372910,to_in_007,0
2024,다나372910,to_in_008,0
2024,다나373797,to_in_001,8
2024,다나373797,to_in_007,8
2024,다나373797,to_in_008,0
2024,다나373803,to_in_001,18
2024,다나373803,to_in_007,8
2024,다나373803,to_in_008,13
2024,다나373804,to_in_001,13
2024,다나373804,to_in_007,8
2024,다나373804,to_in_008,8
2024,다나373806,to_in_001,5
2024,다나373806,to_in_007,0
2024,다나373806,to_in_008,5
2024,다나373807,to_in_001,54
2024,다나373807,to_in_007,28
2024,다나373807,to_in_008,24
2024,다나373813,to_in_001,5
2024,다나373813,to_in_007,0
2024,다나373813,to_in_008,5
2024,다나373814,to_in_001,76
2024,다나373814,to_in_007,39
2024,다나373814,to_in_008,35
2024,다나373815,to_in_001,115
2024,다나373815,to_in_007,52
2024,다나373815,to_in_008,66
2024,다나351886,to_in_007,8
2024,다나351886,to_in_008,5
2024,다나351887,to_in_001,8
2024,다나351887,to_in_007,5
2024,다나351887,to_in_008,5
2024,다나351888,to_in_001,8
2024,다나351888,to_in_007,5
2024,다나351888,to_in_008,5
2024,다나351889,to_in_001,23
2024,다나351889,to_in_007,13
2024,다나351889,to_in_008,8
2024,다나351890,to_in_001,5
2024,다나351890,to_in_007,5
2024,다나351890,to_in_008,5
2024,다나351891,to_in_001,54
2024,다나351891,to_in_007,29
2024,다나351891,to_in_008,28
2024,다나351892,to_in_001,18
2024,다나351892,to_in_007,8
2024,다나351892,to_in_008,8
2024,다나351895,to_in_001,5
2024,다나351895,to_in_007,0
2024,다나351895,to_in_008,5
2024,다나351896,to_in_001,8
2024,다나351896,to_in_007,5
2024,다나351896,to_in_008,5
2024,다나351897,to_in_001,0
2024,다나351897,to_in_007,0
2024,다나351897,to_in_008,0
2024,다나352795,to_in_001,28
2024,다나352795,to_in_007,13
2024,다나352795,to_in_008,13
2024,다나352796,to_in_001,8
2024,다나352796,to_in_007,5
2024,다나352796,to_in_008,5
2024,다나352797,to_in_001,23
2024,다나352797,to_in_007,13
2024,다나352797,to_in_008,8
2024,다나352798,to_in_001,5
2024,다나352798,to_in_007,5
2024,다나352798,to_in_008,5
2024,다나352800,to_in_001,8
2024,다나352800,to_in_007,5
2024,다나352800,to_in_008,8
2024,다나352801,to_in_001,5
2024,다나352801,to_in_007,5
2024,다나352801,to_in_008,5
2024,다나352820,to_in_001,5
2024,다나352820,to_in_007,0
2024,다나352820,to_in_008,0
2024,다나352824,to_in_001,8
2024,다나352824,to_in_007,5
2024,다나352824,to_in_008,5
2024,다나352846,to_in_001,8
2024,다나352846,to_in_007,8
2024,다나352846,to_in_008,5
2024,다나352847,to_in_001,8
2024,다나352847,to_in_007,5
2024,다나352847,to_in_008,5
2024,다나352873,to_in_001,5
2024,다나352873,to_in_007,0
2024,다나352873,to_in_008,0
2024,다나352879,to_in_001,8
2024,다나352879,to_in_007,8
2024,다나352879,to_in_008,8
2024,다나352880,to_in_001,5
2024,다나352880,to_in_007,0
2024,다나352880,to_in_008,5
2024,다나352881,to_in_001,0
2024,다나352881,to_in_007,0
2024,다나352881,to_in_008,0
2024,다나352886,to_in_001,13
2024,다나352886,to_in_007,8
2024,다나352886,to_in_008,5
2024,다나352887,to_in_001,8
2024,다나352887,to_in_007,8
2024,다나352887,to_in_008,0
2024,다나352888,to_in_001,5
2024,다나352888,to_in_007,5
2024,다나352888,to_in_008,0
2024,다나352890,to_in_001,0
2024,다나352890,to_in_007,0
2024,다나352890,to_in_008,0
2024,다나352891,to_in_001,13
2024,다나352891,to_in_007,8
2024,다나352891,to_in_008,8
2024,다나352892,to_in_001,5
2024,다나352892,to_in_007,0
2024,다나352892,to_in_008,0
2024,다나360846,to_in_001,18
2024,다나360846,to_in_007,8
2024,다나360846,to_in_008,8
2024,다나360847,to_in_001,5
2024,다나360847,to_in_007,5
2024,다나360847,to_in_008,5
2024,다나360866,to_in_001,0
2024,다나360866,to_in_007,0
2024,다나360866,to_in_008,0
2024,다나360885,to_in_001,0
2024,다나360885,to_in_007,0
2024,다나360885,to_in_008,0
2024,다나361797,to_in_001,13
2024,다나361797,to_in_007,8
2024,다나361797,to_in_008,5
2024,다나361798,to_in_001,8
2024,다나361798,to_in_007,8
2024,다나361798,to_in_008,0
2024,다나361823,to_in_001,8
2024,다나361823,to_in_007,5
2024,다나361823,to_in_008,5
2024,다나361834,to_in_001,43
2024,다나361834,to_in_007,23
2024,다나361834,to_in_008,23
2024,다나361835,to_in_001,95
2024,다나361835,to_in_007,47
2024,다나361835,to_in_008,51
2024,다나361836,to_in_001,43
2024,다나361836,to_in_007,23
2024,다나361836,to_in_008,18
2024,다나361837,to_in_001,8
2024,다나361837,to_in_007,5
2024,다나361837,to_in_008,8
2024,다나361845,to_in_001,5
2024,다나361845,to_in_007,5
2024,다나361845,to_in_008,0
2024,다나361846,to_in_001,23
2024,다나361846,to_in_007,13
2024,다나361846,to_in_008,13
2024,다나361847,to_in_001,5
2024,다나361847,to_in_007,5
2024,다나361847,to_in_008,0
2024,다나361899,to_in_001,5
2024,다나361899,to_in_007,5
2024,다나361899,to_in_008,0
2024,다나361901,to_in_001,5
2024,다나361901,to_in_007,0
2024,다나361901,to_in_008,5
2024,다나361903,to_in_001,5
2024,다나361903,to_in_007,0
2024,다나361903,to_in_008,0
2024,다나361904,to_in_001,5
2024,다나361904,to_in_007,5
2024,다나361904,to_in_008,0
2024,다나361990,to_in_001,8
2024,다나361990,to_in_007,5
2024,다나361990,to_in_008,5
2024,다나362798,to_in_001,5
2024,다나362798,to_in_007,0
2024,다나362798,to_in_008,5
2024,다나362801,to_in_001,5
2024,다나362801,to_in_007,5
2024,다나362801,to_in_008,0
2024,다나362815,to_in_001,8
2024,다나362815,to_in_007,5
2024,다나362815,to_in_008,8
2024,다나362821,to_in_001,8
2024,다나362821,to_in_007,8
2024,다나362821,to_in_008,5
2024,다나362824,to_in_001,8
2024,다나362824,to_in_007,5
2024,다나362824,to_in_008,8
2024,다나362835,to_in_001,125
2024,다나362835,to_in_007,59
2024,다나362835,to_in_008,64
2024,다나362836,to_in_001,24
2024,다나362836,to_in_007,19
2024,다나362836,to_in_008,8
2024,다나362843,to_in_001,5
2024,다나362843,to_in_007,0
2024,다나362843,to_in_008,5
2024,다나362844,to_in_001,5
2024,다나362844,to_in_007,0
2024,다나362844,to_in_008,0
2024,다나362845,to_in_001,8
2024,다나362845,to_in_007,5
2024,다나362845,to_in_008,5
2024,다나371797,to_in_001,5
2024,다나371797,to_in_007,5
2024,다나371797,to_in_008,0
2024,다나371802,to_in_001,13
2024,다나371802,to_in_007,8
2024,다나371802,to_in_008,8
2024,다나371803,to_in_001,23
2024,다나371803,to_in_007,8
2024,다나371803,to_in_008,13
2024,다나371806,to_in_001,0
2024,다나371806,to_in_007,0
2024,다나371806,to_in_008,0
2024,다나371808,to_in_001,0
2024,다나371808,to_in_007,0
2024,다나371808,to_in_008,0
2024,다나371810,to_in_001,5
2024,다나371810,to_in_007,5
2024,다나371810,to_in_008,0
2024,다나371811,to_in_001,5
2024,다나371811,to_in_007,5
2024,다나371811,to_in_008,5
2024,다나371821,to_in_001,5
2024,다나371821,to_in_007,5
2024,다나371821,to_in_008,5
2024,다나371822,to_in_001,8
2024,다나371822,to_in_007,5
2024,다나371822,to_in_008,8
2024,다나371823,to_in_001,5
2024,다나371823,to_in_007,0
2024,다나371823,to_in_008,5
2024,다나371825,to_in_001,5
2024,다나371825,to_in_007,0
2024,다나371825,to_in_008,5
2024,다나371842,to_in_001,5
2024,다나371842,to_in_007,5
2024,다나371842,to_in_008,5
2024,다나371844,to_in_001,8
2024,다나371844,to_in_007,5
2024,다나371844,to_in_008,5
2024,다나371855,to_in_001,5
2024,다나371855,to_in_007,0
2024,다나371855,to_in_008,0
2024,다나371856,to_in_001,8
2024,다나371856,to_in_007,5
2024,다나371856,to_in_008,5
2024,다나371890,to_in_001,8
2024,다나371890,to_in_007,8
2024,다나371890,to_in_008,0
2024,다나372797,to_in_001,13
2024,다나372797,to_in_007,8
2024,다나372797,to_in_008,0
2024,다나372802,to_in_001,0
2024,다나372802,to_in_007,0
2024,다나372802,to_in_008,0
2024,다나372803,to_in_001,18
2024,다나372803,to_in_007,8
2024,다나372803,to_in_008,13
2024,다나372804,to_in_001,13
2024,다나372804,to_in_007,8
2024,다나372804,to_in_008,5
2024,다나372805,to_in_001,5
2024,다나372805,to_in_007,5
2024,다나372805,to_in_008,5
2024,다나372807,to_in_001,8
2024,다나372807,to_in_007,5
2024,다나372807,to_in_008,5
2024,다나372814,to_in_001,0
2024,다나372814,to_in_007,0
2024,다나372814,to_in_008,0
2024,다나372815,to_in_001,8
2024,다나372815,to_in_007,8
2024,다나372815,to_in_008,5
2024,다나372819,to_in_001,8
2024,다나372819,to_in_007,8
2024,다나372819,to_in_008,5
2024,다나372820,to_in_001,13
2024,다나372820,to_in_007,5
2024,다나372820,to_in_008,8
2024,다나372821,to_in_001,13
2024,다나372821,to_in_007,5
2024,다나372821,to_in_008,8
2024,다나372825,to_in_001,23
2024,다나372825,to_in_007,5
2024,다나372825,to_in_008,18
2024,다나376813,to_in_001,8
2024,다나376813,to_in_007,5
2024,다나376813,to_in_008,0
2024,다나376814,to_in_001,5
2024,다나376814,to_in_007,5
2024,다나376814,to_in_008,0
2024,다나376815,to_in_001,38
2024,다나376815,to_in_007,18
2024,다나376815,to_in_008,18
2024,다나376816,to_in_001,28
2024,다나376816,to_in_007,8
2024,다나376816,to_in_008,18
2024,다나376817,to_in_001,109
2024,다나376817,to_in_007,39
2024,다나376817,to_in_008,68
2024,다나376818,to_in_001,0
2024,다나376818,to_in_007,0
2024,다나376818,to_in_008,0
2024,다나376819,to_in_001,13
2024,다나376819,to_in_007,8
2024,다나376819,to_in_008,8
2024,다나376821,to_in_001,8
2024,다나376821,to_in_007,8
2024,다나376821,to_in_008,0
2024,다나376822,to_in_001,8
2024,다나376822,to_in_007,8
2024,다나376822,to_in_008,5
2024,다나376823,to_in_001,5
2024,다나376823,to_in_007,5
2024,다나376823,to_in_008,0
2024,다나376830,to_in_001,0
2024,다나376830,to_in_007,0
2024,다나376830,to_in_008,0
2024,다나349818,to_in_007,5
2024,다나349818,to_in_008,5
2024,다나349820,to_in_001,5
2024,다나349820,to_in_007,0
2024,다나349820,to_in_008,5
2024,다나349821,to_in_001,5
2024,다나349821,to_in_007,0
2024,다나349821,to_in_008,5
2024,다나349823,to_in_001,8
2024,다나349823,to_in_007,5
2024,다나349823,to_in_008,5
2024,다나349824,to_in_001,5
2024,다나349824,to_in_007,5
2024,다나349824,to_in_008,5
2024,다나349825,to_in_001,8
2024,다나349825,to_in_007,5
2024,다나349825,to_in_008,5
2024,다나349826,to_in_001,5
2024,다나349826,to_in_007,0
2024,다나349826,to_in_008,5
2024,다나349833,to_in_001,5
2024,다나349833,to_in_007,5
2024,다나349833,to_in_008,5
2024,다나349879,to_in_001,5
2024,다나349879,to_in_007,5
2024,다나349879,to_in_008,0
2024,다나349884,to_in_001,13
2024,다나349884,to_in_007,8
2024,다나349884,to_in_008,8
2024,다나349885,to_in_001,8
2024,다나349885,to_in_007,5
2024,다나349885,to_in_008,8
2024,다나349886,to_in_001,5
2024,다나349886,to_in_007,5
2024,다나349886,to_in_008,0
2024,다나349887,to_in_001,5
2024,다나349887,to_in_007,5
2024,다나349887,to_in_008,0
2024,다나349888,to_in_001,13
2024,다나349888,to_in_007,8
2024,다나349888,to_in_008,5
2024,다나349889,to_in_001,8
2024,다나349889,to_in_007,5
2024,다나349889,to_in_008,8
2024,다나349890,to_in_001,18
2024,다나349890,to_in_007,13
2024,다나349890,to_in_008,8
2024,다나349891,to_in_001,28
2024,다나349891,to_in_007,13
2024,다나349891,to_in_008,13
2024,다나349892,to_in_001,18
2024,다나349892,to_in_007,8
2024,다나349892,to_in_008,13
2024,다나349893,to_in_001,38
2024,다나349893,to_in_007,18
2024,다나349893,to_in_008,18
2024,다나349894,to_in_001,8
2024,다나349894,to_in_007,8
2024,다나349894,to_in_008,8
2024,다나349895,to_in_001,0
2024,다나349895,to_in_007,0
2024,다나349895,to_in_008,0
2024,다나350794,to_in_001,8
2024,다나350794,to_in_007,8
2024,다나350794,to_in_008,0
2024,다나350795,to_in_001,38
2024,다나350795,to_in_007,18
2024,다나350795,to_in_008,23
2024,다나350796,to_in_001,23
2024,다나350796,to_in_007,13
2024,다나350796,to_in_008,8
2024,다나350797,to_in_001,13
2024,다나350797,to_in_007,8
2024,다나350797,to_in_008,8
2024,다나355820,to_in_001,0
2024,다나355820,to_in_007,0
2024,다나355820,to_in_008,0
2024,다나355831,to_in_001,23
2024,다나355831,to_in_007,13
2024,다나355831,to_in_008,13
2024,다나355844,to_in_001,5
2024,다나355844,to_in_007,5
2024,다나355844,to_in_008,0
2024,다나355888,to_in_001,0
2024,다나355888,to_in_007,0
2024,다나355888,to_in_008,0
2024,다나355897,to_in_001,5
2024,다나355897,to_in_007,0
2024,다나355897,to_in_008,5
2024,다나356794,to_in_001,13
2024,다나356794,to_in_007,8
2024,다나356794,to_in_008,5
2024,다나356795,to_in_001,5
2024,다나356795,to_in_007,5
2024,다나356795,to_in_008,5
2024,다나356796,to_in_001,8
2024,다나356796,to_in_007,5
2024,다나356796,to_in_008,5
2024,다나356797,to_in_001,8
2024,다나356797,to_in_007,5
2024,다나356797,to_in_008,5
2024,다나356798,to_in_001,8
2024,다나356798,to_in_007,5
2024,다나356798,to_in_008,5
2024,다나356799,to_in_001,8
2024,다나356799,to_in_007,5
2024,다나356799,to_in_008,5
2024,다나356800,to_in_001,0
2024,다나356800,to_in_007,0
2024,다나356800,to_in_008,0
2024,다나356802,to_in_001,13
2024,다나356802,to_in_007,5
2024,다나356802,to_in_008,8
2024,다나356814,to_in_001,0
2024,다나356814,to_in_007,0
2024,다나356814,to_in_008,0
2024,다나356815,to_in_001,5
2024,다나356815,to_in_007,0
2024,다나356815,to_in_008,0
2024,다나356825,to_in_001,5
2024,다나356825,to_in_007,5
2024,다나356825,to_in_008,5
2024,다나356834,to_in_001,8
2024,다나356834,to_in_007,5
2024,다나356834,to_in_008,5
2024,다나356844,to_in_001,8
2024,다나356844,to_in_007,5
2024,다나356844,to_in_008,5
2024,다나356845,to_in_001,8
2024,다나356845,to_in_007,8
2024,다나356845,to_in_008,5
2024,다나356884,to_in_001,5
2024,다나356884,to_in_007,5
2024,다나356884,to_in_008,5
2024,다나356885,to_in_001,8
2024,다나356885,to_in_007,5
2024,다나356885,to_in_008,5
2024,다나356887,to_in_001,0
2024,다나356887,to_in_007,0
2024,다나356887,to_in_008,0
2024,다나356898,to_in_001,5
2024,다나356898,to_in_007,5
2024,다나356898,to_in_008,5
2024,다나356914,to_in_001,0
2024,다나356914,to_in_007,0
2024,다나356914,to_in_008,0
2024,다나357796,to_in_001,13
2024,다나357796,to_in_007,13
2024,다나357796,to_in_008,0
2024,다나357797,to_in_001,5
2024,다나357797,to_in_007,5
2024,다나357797,to_in_008,5
2024,다나357798,to_in_001,23
2024,다나357798,to_in_007,8
2024,다나357798,to_in_008,13
2024,다나357799,to_in_001,5
2024,다나357799,to_in_007,5
2024,다나357799,to_in_008,0
2024,다나357824,to_in_001,8
2024,다나357824,to_in_007,5
2024,다나357824,to_in_008,5
2024,다나357825,to_in_001,5
2024,다나357825,to_in_007,5
2024,다나357825,to_in_008,0
2024,다나357826,to_in_001,5
2024,다나357826,to_in_007,0
2024,다나357826,to_in_008,0
2024,다나357829,to_in_001,0
2024,다나357829,to_in_007,0
2024,다나357829,to_in_008,0
2024,다나357844,to_in_001,5
2024,다나357844,to_in_007,0
2024,다나357844,to_in_008,0
2024,다나357845,to_in_001,18
2024,다나357845,to_in_007,8
2024,다나357845,to_in_008,8
2024,다나357846,to_in_001,8
2024,다나357846,to_in_007,8
2024,다나357846,to_in_008,8
2024,다나364835,to_in_001,5
2024,다나364835,to_in_007,0
2024,다나364835,to_in_008,5
2024,다나364838,to_in_001,18
2024,다나364838,to_in_007,8
2024,다나364838,to_in_008,8
2024,다나364848,to_in_001,5
2024,다나364848,to_in_007,5
2024,다나364848,to_in_008,5
2024,다나365807,to_in_001,5
2024,다나365807,to_in_007,5
2024,다나365807,to_in_008,0
2024,다나365813,to_in_001,13
2024,다나365813,to_in_007,8
2024,다나365813,to_in_008,8
2024,다나365814,to_in_001,13
2024,다나365814,to_in_007,8
2024,다나365814,to_in_008,8
2024,다나365819,to_in_001,5
2024,다나365819,to_in_007,0
2024,다나365819,to_in_008,0
2024,다나365821,to_in_001,5
2024,다나365821,to_in_007,5
2024,다나365821,to_in_008,0
2024,다나365822,to_in_001,8
2024,다나365822,to_in_007,5
2024,다나365822,to_in_008,5
2024,다나365824,to_in_001,5
2024,다나365824,to_in_007,5
2024,다나365824,to_in_008,0
2024,다나365825,to_in_001,8
2024,다나365825,to_in_007,5
2024,다나365825,to_in_008,5
2024,다나365835,to_in_001,0
2024,다나365835,to_in_007,0
2024,다나365835,to_in_008,0
2024,다나365838,to_in_001,0
2024,다나365838,to_in_007,0
2024,다나365838,to_in_008,0
2024,다나365848,to_in_001,8
2024,다나365848,to_in_007,5
2024,다나365848,to_in_008,5
2024,다나365849,to_in_001,8
2024,다나365849,to_in_007,8
2024,다나365849,to_in_008,5
2024,다나365850,to_in_001,8
2024,다나365850,to_in_007,5
2024,다나365850,to_in_008,5
2024,다나365863,to_in_001,5
2024,다나365863,to_in_007,5
2024,다나365863,to_in_008,5
2024,다나365907,to_in_001,0
2024,다나365907,to_in_007,0
2024,다나365907,to_in_008,0
2024,다나365920,to_in_001,5
2024,다나365920,to_in_007,5
2024,다나365920,to_in_008,5
2024,다나366799,to_in_001,8
2024,다나366799,to_in_007,5
2024,다나366799,to_in_008,8
2024,다나366802,to_in_001,5
2024,다나366802,to_in_007,0
2024,다나366802,to_in_008,5
2024,다나366803,to_in_001,8
2024,다나366803,to_in_007,5
2024,다나366803,to_in_008,5
2024,다나366804,to_in_001,8
2024,다나366804,to_in_007,5
2024,다나366804,to_in_008,8
2024,다나366806,to_in_001,5
2024,다나366806,to_in_007,5
2024,다나366806,to_in_008,5
2024,다나366813,to_in_001,5
2024,다나366813,to_in_007,0
2024,다나366813,to_in_008,5
2024,다나366814,to_in_001,5
2024,다나366814,to_in_007,0
2024,다나366814,to_in_008,5
2024,다나366818,to_in_001,8
2024,다나366818,to_in_007,5
2024,다나366818,to_in_008,5
2024,다나366820,to_in_001,8
2024,다나366820,to_in_007,5
2024,다나366820,to_in_008,5
2024,다나366822,to_in_001,8
2024,다나366822,to_in_007,5
2024,다나366822,to_in_008,5
2024,다나366824,to_in_001,5
2024,다나366824,to_in_007,5
2024,다나366824,to_in_008,5
2024,다나374860,to_in_001,8
2024,다나374860,to_in_007,5
2024,다나374860,to_in_008,8
2024,다나374861,to_in_001,13
2024,다나374861,to_in_007,5
2024,다나374861,to_in_008,8
2024,다나374911,to_in_001,5
2024,다나374911,to_in_007,0
2024,다나374911,to_in_008,5
2024,다나375797,to_in_001,0
2024,다나375797,to_in_007,0
2024,다나375797,to_in_008,0
2024,다나375798,to_in_001,0
2024,다나375798,to_in_007,0
2024,다나375798,to_in_008,0
2024,다나375799,to_in_001,13
2024,다나375799,to_in_007,13
2024,다나375799,to_in_008,0
2024,다나375801,to_in_001,5
2024,다나375801,to_in_007,5
2024,다나375801,to_in_008,0
2024,다나375802,to_in_001,5
2024,다나375802,to_in_007,0
2024,다나375802,to_in_008,5
2024,다나370833,to_in_001,5
2024,다나370833,to_in_007,0
2024,다나370833,to_in_008,0
2024,다나370834,to_in_001,5
2024,다나370834,to_in_007,0
2024,다나370834,to_in_008,0
2024,다나370836,to_in_001,5
2024,다나370836,to_in_007,5
2024,다나370836,to_in_008,0
2024,다나370845,to_in_001,8
2024,다나370845,to_in_007,8
2024,다나370845,to_in_008,0
2024,다나370848,to_in_001,5
2024,다나370848,to_in_007,0
2024,다나370848,to_in_008,0
2024,다나370851,to_in_001,5
2024,다나370851,to_in_007,0
2024,다나370851,to_in_008,5
2024,다나370855,to_in_001,8
2024,다나370855,to_in_007,8
2024,다나370855,to_in_008,0
2024,다나370856,to_in_001,5
2024,다나370856,to_in_007,0
2024,다나370856,to_in_008,0
2024,다나385845,to_in_001,23
2024,다나385845,to_in_007,13
2024,다나385845,to_in_008,8
2024,다나385846,to_in_001,18
2024,다나385846,to_in_007,8
2024,다나385846,to_in_008,13
2024,다나385847,to_in_001,13
2024,다나385847,to_in_007,8
2024,다나385847,to_in_008,8
2024,다나385848,to_in_001,5
2024,다나385848,to_in_007,5
2024,다나385848,to_in_008,5
2024,다나385856,to_in_001,5
2024,다나385856,to_in_007,0
2024,다나385856,to_in_008,5
2024,다나385857,to_in_001,8
2024,다나385857,to_in_007,5
2024,다나385857,to_in_008,5
2024,다나385858,to_in_001,5
2024,다나385858,to_in_007,0
2024,다나385858,to_in_008,0
2024,다나385860,to_in_001,5
2024,다나385860,to_in_007,0
2024,다나385860,to_in_008,0
2024,다나385861,to_in_001,8
2024,다나385861,to_in_007,8
2024,다나385861,to_in_008,0
2024,다나385863,to_in_001,5
2024,다나385863,to_in_007,5
2024,다나385863,to_in_008,0
2024,다나385867,to_in_001,8
2024,다나385867,to_in_007,5
2024,다나385867,to_in_008,5
2024,다나385868,to_in_001,0
2024,다나385868,to_in_007,0
2024,다나385868,to_in_008,0
2024,다나385869,to_in_001,8
2024,다나385869,to_in_007,5
2024,다나385869,to_in_008,5
2024,다나385870,to_in_001,5
2024,다나385870,to_in_007,5
2024,다나385870,to_in_008,0
2024,다나385871,to_in_001,5
2024,다나385871,to_in_007,5
2024,다나385871,to_in_008,5
2024,다나385877,to_in_001,8
2024,다나385877,to_in_007,8
2024,다나385877,to_in_008,0
2024,다나386829,to_in_001,5
2024,다나386829,to_in_007,5
2024,다나386829,to_in_008,5
2024,다나386830,to_in_001,5
2024,다나386830,to_in_007,0
2024,다나386830,to_in_008,5
2024,다나386835,to_in_001,5
2024,다나386835,to_in_007,0
2024,다나386835,to_in_008,5
2024,다나386839,to_in_001,5
2024,다나386839,to_in_007,5
2024,다나386839,to_in_008,5
2024,다나386840,to_in_001,8
2024,다나386840,to_in_007,8
2024,다나386840,to_in_008,5
2024,다나386841,to_in_001,8
2024,다나386841,to_in_007,5
2024,다나386841,to_in_008,8
2024,다나386842,to_in_001,13
2024,다나386842,to_in_007,8
2024,다나386842,to_in_008,5
2024,다나386843,to_in_001,5
2024,다나386843,to_in_007,0
2024,다나386843,to_in_008,5
2024,다나386844,to_in_001,8
2024,다나386844,to_in_007,5
2024,다나386844,to_in_008,5
2024,다나386845,to_in_001,5
2024,다나386845,to_in_007,0
2024,다나386845,to_in_008,5
2024,다나386846,to_in_001,8
2024,다나367848,to_in_001,5
2024,다나367848,to_in_007,0
2024,다나367848,to_in_008,0
2024,다나367860,to_in_001,5
2024,다나367860,to_in_007,0
2024,다나367860,to_in_008,5
2024,다나367873,to_in_001,8
2024,다나367873,to_in_007,5
2024,다나367873,to_in_008,5
2024,다나368799,to_in_001,8
2024,다나368799,to_in_007,5
2024,다나368799,to_in_008,5
2024,다나368806,to_in_001,13
2024,다나368806,to_in_007,8
2024,다나368806,to_in_008,8
2024,다나368818,to_in_001,5
2024,다나368818,to_in_007,5
2024,다나368818,to_in_008,0
2024,다나368837,to_in_001,8
2024,다나368837,to_in_007,8
2024,다나368837,to_in_008,5
2024,다나368848,to_in_001,13
2024,다나368848,to_in_007,8
2024,다나368848,to_in_008,8
2024,다나368851,to_in_001,5
2024,다나368851,to_in_007,0
2024,다나368851,to_in_008,0
2024,다나368866,to_in_001,0
2024,다나368866,to_in_007,0
2024,다나368866,to_in_008,0
2024,다나368908,to_in_001,0
2024,다나368908,to_in_007,0
2024,다나368908,to_in_008,0
2024,다나369798,to_in_001,8
2024,다나369798,to_in_007,5
2024,다나369798,to_in_008,5
2024,다나369799,to_in_001,5
2024,다나369799,to_in_007,0
2024,다나369799,to_in_008,0
2024,다나373841,to_in_001,5
2024,다나373841,to_in_007,0
2024,다나373841,to_in_008,0
2024,다나373843,to_in_001,0
2024,다나373843,to_in_007,0
2024,다나373843,to_in_008,0
2024,다나373848,to_in_001,13
2024,다나373848,to_in_007,5
2024,다나373848,to_in_008,8
2024,다나373855,to_in_001,5
2024,다나373855,to_in_007,0
2024,다나373855,to_in_008,0
2024,다나373856,to_in_001,0
2024,다나373856,to_in_007,0
2024,다나373856,to_in_008,0
2024,다나373858,to_in_001,5
2024,다나373858,to_in_007,5
2024,다나373858,to_in_008,0
2024,다나373903,to_in_001,5
2024,다나373903,to_in_007,5
2024,다나373903,to_in_008,0
2024,다나373910,to_in_001,5
2024,다나373910,to_in_007,5
2024,다나373910,to_in_008,5
2024,다나374806,to_in_001,0
2024,다나374806,to_in_007,0
2024,다나374806,to_in_008,0
2024,다나374807,to_in_001,8
2024,다나374807,to_in_007,8
2024,다나374807,to_in_008,5
2024,다나374808,to_in_001,5
2024,다나374808,to_in_007,5
2024,다나374808,to_in_008,5
2024,다나374809,to_in_001,0
2024,다나374809,to_in_007,0
2024,다나374809,to_in_008,0
2024,다나374812,to_in_001,134
2024,다나374812,to_in_007,62
2024,다나374812,to_in_008,70
2024,다나374813,to_in_001,95
2024,다나374813,to_in_007,49
2024,다나374813,to_in_008,44
2024,다나374814,to_in_001,111
2024,다나374814,to_in_007,58
2024,다나374814,to_in_008,56
2024,다나374815,to_in_001,23
2024,다나374815,to_in_007,8
2024,다나374815,to_in_008,13
2024,다나374816,to_in_001,97
2024,다나374816,to_in_007,48
2024,다나374816,to_in_008,47
2024,다나374817,to_in_001,50
2024,다나374817,to_in_007,18
2024,다나374817,to_in_008,30
2024,다나374819,to_in_001,18
2024,다나374819,to_in_007,8
2024,다나374819,to_in_008,13
2024,다나374820,to_in_001,13
2024,다나374820,to_in_007,8
2024,다나374820,to_in_008,5
2024,다나374821,to_in_001,18
2024,다나374821,to_in_007,8
2024,다나374821,to_in_008,8
2024,다나374822,to_in_001,21
2024,다나374822,to_in_007,14
2024,다나374822,to_in_008,7
2024,다나374825,to_in_001,8
2024,다나374825,to_in_007,8
2024,다나374825,to_in_008,5
2024,다나374830,to_in_001,8
2024,다나374830,to_in_007,5
2024,다나374830,to_in_008,5
2024,다나374831,to_in_001,13
2024,다나374831,to_in_007,8
2024,다나374831,to_in_008,8
2024,다나374837,to_in_001,8
2024,다나374837,to_in_007,8
2024,다나374837,to_in_008,0
2024,다나374843,to_in_001,13
2024,다나374843,to_in_007,8
2024,다나374843,to_in_008,8
2024,다나374848,to_in_001,13
2024,다나374848,to_in_007,5
2024,다나374848,to_in_008,8
2024,다나374855,to_in_001,0
2024,다나374855,to_in_007,0
2024,다나374855,to_in_008,0
2024,다나378927,to_in_001,5
2024,다나378927,to_in_007,0
2024,다나378927,to_in_008,0
2024,다나379801,to_in_001,8
2024,다나379801,to_in_007,5
2024,다나379801,to_in_008,8
2024,다나379806,to_in_001,8
2024,다나379806,to_in_007,5
2024,다나379806,to_in_008,5
2024,다나379809,to_in_001,5
2024,다나379809,to_in_007,5
2024,다나379809,to_in_008,0
2024,다나379810,to_in_001,13
2024,다나379810,to_in_007,5
2024,다나379810,to_in_008,8
2024,다나379811,to_in_001,8
2024,다나379811,to_in_007,5
2024,다나379811,to_in_008,5
2024,다나379812,to_in_001,34
2024,다나379812,to_in_007,19
2024,다나379812,to_in_008,13
2024,다나379813,to_in_001,23
2024,다나379813,to_in_007,8
2024,다나379813,to_in_008,13
2024,다나379814,to_in_001,65
2024,다나379814,to_in_007,30
2024,다나379814,to_in_008,33
2024,다나379815,to_in_001,43
2024,다나379815,to_in_007,18
2024,다나379815,to_in_008,28
2024,다나379816,to_in_001,67
2024,다나379816,to_in_007,33
2024,다나379816,to_in_008,32
2024,다나379817,to_in_001,56
2024,다나379817,to_in_007,23
2024,다나379817,to_in_008,36
2024,다나379818,to_in_001,44
2024,다나379818,to_in_007,24
2024,다나379818,to_in_008,23
2024,다나379819,to_in_001,33
2024,다나379819,to_in_007,18
2024,다나379819,to_in_008,18
2024,다나379820,to_in_001,115
2024,다나379820,to_in_007,51
2024,다나379820,to_in_008,67
2024,다나379821,to_in_001,49
2024,다나379821,to_in_007,29
2024,다나379821,to_in_008,18
2024,다나379822,to_in_001,5
2024,다나379822,to_in_007,5
2024,다나379822,to_in_008,0
2024,다나379824,to_in_001,5
2024,다나379824,to_in_007,5
2024,다나379824,to_in_008,0
2024,다나379856,to_in_001,5
2024,다나379856,to_in_007,0
2024,다나379856,to_in_008,0
2024,다나379857,to_in_001,13
2024,다나379857,to_in_007,8
2024,다나379857,to_in_008,5
2024,다나379858,to_in_001,5
2024,다나379858,to_in_007,5
2024,다나379858,to_in_008,5
2024,다나379859,to_in_001,8
2024,다나379859,to_in_007,5
2024,다나379859,to_in_008,5
2024,다나379860,to_in_001,8
2024,다나379860,to_in_007,5
2024,다나379860,to_in_008,5
2024,다나379861,to_in_001,0
2024,다나379861,to_in_007,0
2024,다나379861,to_in_008,0
2024,다나379924,to_in_001,8
2024,다나379924,to_in_007,5
2024,다나379924,to_in_008,5
2024,다나380802,to_in_001,5
2024,다나380802,to_in_007,0
2024,다나380802,to_in_008,5
2024,다나380805,to_in_001,5
2024,다나380805,to_in_007,0
2024,다나380805,to_in_008,5
2024,다나380808,to_in_001,0
2024,다나380808,to_in_007,0
2024,다나380808,to_in_008,0
2024,다나380809,to_in_001,5
2024,다나380809,to_in_007,0
2024,다나380809,to_in_008,5
2024,다나380811,to_in_001,8
2024,다나380811,to_in_007,5
2024,다나380811,to_in_008,8
2024,다나380812,to_in_001,23
2024,다나380812,to_in_007,13
2024,다나380812,to_in_008,13
2024,다나380814,to_in_001,28
2024,다나380814,to_in_007,13
2024,다나380814,to_in_008,13
2024,다나380815,to_in_001,65
2024,다나380815,to_in_007,40
2024,다나380815,to_in_008,28
2024,다나384822,to_in_001,0
2024,다나384822,to_in_007,0
2024,다나384822,to_in_008,0
2024,다나384823,to_in_001,5
2024,다나384823,to_in_007,0
2024,다나384823,to_in_008,5
2024,다나384825,to_in_001,0
2024,다나384825,to_in_007,0
2024,다나384825,to_in_008,0
2024,다나384845,to_in_001,18
2024,다나384845,to_in_007,13
2024,다나384845,to_in_008,8
2024,다나384846,to_in_001,13
2024,다나384846,to_in_007,8
2024,다나384846,to_in_008,5
2024,다나384847,to_in_001,23
2024,다나384847,to_in_007,13
2024,다나384847,to_in_008,13
2024,다나384848,to_in_001,13
2024,다나384848,to_in_007,8
2024,다나384848,to_in_008,5
2024,다나384852,to_in_001,5
2024,다나384852,to_in_007,5
2024,다나384852,to_in_008,5
2024,다나384854,to_in_001,28
2024,다나384854,to_in_007,13
2024,다나384854,to_in_008,13
2024,다나384855,to_in_001,5
2024,다나384855,to_in_007,5
2024,다나384855,to_in_008,0
2024,다나384856,to_in_001,13
2024,다나384856,to_in_007,8
2024,다나384856,to_in_008,5
2024,다나384857,to_in_001,13
2024,다나384857,to_in_007,8
2024,다나384857,to_in_008,5
2024,다나384858,to_in_001,5
2024,다나384858,to_in_007,5
2024,다나384858,to_in_008,0
2024,다나384859,to_in_001,5
2024,다나384859,to_in_007,0
2024,다나384859,to_in_008,0
2024,다나384861,to_in_001,8
2024,다나384861,to_in_007,8
2024,다나384861,to_in_008,5
2024,다나384862,to_in_001,8
2024,다나384862,to_in_007,5
2024,다나384862,to_in_008,5
2024,다나384991,to_in_001,8
2024,다나384991,to_in_007,5
2024,다나384991,to_in_008,5
2024,다나385813,to_in_001,8
2024,다나385813,to_in_007,8
2024,다나385813,to_in_008,5
2024,다나385814,to_in_001,8
2024,다나385814,to_in_007,8
2024,다나385814,to_in_008,5
2024,다나385822,to_in_001,5
2024,다나385822,to_in_007,0
2024,다나385822,to_in_008,0
2024,다나385824,to_in_001,0
2024,다나385824,to_in_007,0
2024,다나385824,to_in_008,0
2024,다나385825,to_in_001,5
2024,다나385825,to_in_007,0
2024,다나385825,to_in_008,0
2024,다나385826,to_in_001,8
2024,다나385826,to_in_007,5
2024,다나386846,to_in_007,5
2024,다나386846,to_in_008,5
2024,다나398842,to_in_001,5
2024,다나373816,to_in_001,8
2024,다나373816,to_in_007,8
2024,다나373816,to_in_008,5
2024,다나373818,to_in_001,5
2024,다나373818,to_in_007,5
2024,다나373818,to_in_008,0
2024,다나373820,to_in_001,23
2024,다나373820,to_in_007,8
2024,다나373820,to_in_008,13
2024,다나373821,to_in_001,75
2024,다나373821,to_in_007,39
2024,다나373821,to_in_008,34
2024,다나373822,to_in_001,18
2024,다나373822,to_in_007,13
2024,다나373822,to_in_008,8
2024,다나373825,to_in_001,5
2024,다나373825,to_in_007,5
2024,다나373825,to_in_008,0
2024,다나373826,to_in_001,5
2024,다나373826,to_in_007,0
2024,다나373826,to_in_008,0
2024,다나373830,to_in_001,5
2024,다나373830,to_in_007,5
2024,다나373830,to_in_008,5
2024,다나373831,to_in_001,0
2024,다나373831,to_in_007,0
2024,다나373831,to_in_008,0
2024,다나373832,to_in_001,8
2024,다나373832,to_in_007,8
2024,다나373832,to_in_008,5
2024,다나373834,to_in_001,5
2024,다나373834,to_in_007,0
2024,다나373834,to_in_008,0
2024,다나377820,to_in_001,83
2024,다나377820,to_in_007,28
2024,다나377820,to_in_008,53
2024,다나377821,to_in_001,5
2024,다나377821,to_in_007,0
2024,다나377821,to_in_008,5
2024,다나377844,to_in_001,5
2024,다나377844,to_in_007,0
2024,다나377844,to_in_008,0
2024,다나377852,to_in_001,5
2024,다나377852,to_in_007,5
2024,다나377852,to_in_008,0
2024,다나377856,to_in_001,5
2024,다나377856,to_in_007,5
2024,다나377856,to_in_008,0
2024,다나377857,to_in_001,13
2024,다나377857,to_in_007,8
2024,다나377857,to_in_008,8
2024,다나377858,to_in_001,8
2024,다나377858,to_in_007,5
2024,다나377858,to_in_008,5
2024,다나377859,to_in_001,5
2024,다나377859,to_in_007,0
2024,다나377859,to_in_008,0
2024,다나377860,to_in_001,5
2024,다나377860,to_in_007,5
2024,다나377860,to_in_008,0
2024,다나377883,to_in_001,5
2024,다나377883,to_in_007,5
2024,다나377883,to_in_008,0
2024,다나377888,to_in_001,0
2024,다나377888,to_in_007,0
2024,다나377888,to_in_008,0
2024,다나378800,to_in_001,0
2024,다나378800,to_in_007,0
2024,다나378800,to_in_008,0
2024,다나378805,to_in_001,5
2024,다나378805,to_in_007,0
2024,다나378805,to_in_008,0
2024,다나378806,to_in_001,13
2024,다나378806,to_in_007,8
2024,다나378806,to_in_008,8
2024,다나378807,to_in_001,8
2024,다나378807,to_in_007,8
2024,다나378807,to_in_008,5
2024,다나378811,to_in_001,5
2024,다나378811,to_in_007,0
2024,다나378811,to_in_008,5
2024,다나378812,to_in_001,8
2024,다나378812,to_in_007,8
2024,다나378812,to_in_008,5
2024,다나378813,to_in_001,48
2024,다나378813,to_in_007,28
2024,다나378813,to_in_008,23
2024,다나378814,to_in_001,53
2024,다나378814,to_in_007,23
2024,다나378814,to_in_008,28
2024,다나378815,to_in_001,48
2024,다나378815,to_in_007,18
2024,다나378815,to_in_008,28
2024,다나378816,to_in_001,18
2024,다나378816,to_in_007,8
2024,다나378816,to_in_008,13
2024,다나378817,to_in_001,18
2024,다나378817,to_in_007,8
2024,다나378817,to_in_008,8
2024,다나378818,to_in_001,76
2024,다나378818,to_in_007,41
2024,다나378818,to_in_008,33
2024,다나378819,to_in_001,49
2024,다나378819,to_in_007,28
2024,다나378819,to_in_008,24
2024,다나378820,to_in_001,18
2024,다나378820,to_in_007,8
2024,다나378820,to_in_008,8
2024,다나378821,to_in_001,5
2024,다나378821,to_in_007,5
2024,다나378821,to_in_008,5
2024,다나378825,to_in_001,0
2024,다나378825,to_in_007,0
2024,다나378825,to_in_008,0
2024,다나378856,to_in_001,13
2024,다나378856,to_in_007,8
2024,다나378856,to_in_008,5
2024,다나378857,to_in_001,13
2024,다나378857,to_in_007,8
2024,다나378857,to_in_008,8
2024,다나378858,to_in_001,0
2024,다나378858,to_in_007,0
2024,다나378858,to_in_008,0
2024,다나378860,to_in_001,5
2024,다나378860,to_in_007,5
2024,다나378860,to_in_008,0
2024,다나378866,to_in_001,5
2024,다나378866,to_in_007,5
2024,다나378866,to_in_008,0
2024,다나378882,to_in_001,0
2024,다나378882,to_in_007,0
2024,다나378882,to_in_008,0
2024,다나383816,to_in_001,33
2024,다나383816,to_in_007,18
2024,다나383816,to_in_008,18
2024,다나383817,to_in_001,13
2024,다나383817,to_in_007,8
2024,다나383817,to_in_008,8
2024,다나383823,to_in_001,8
2024,다나383823,to_in_007,8
2024,다나383823,to_in_008,5
2024,다나383824,to_in_001,5
2024,다나383824,to_in_007,0
2024,다나383824,to_in_008,0
2024,다나383833,to_in_001,5
2024,다나383833,to_in_007,5
2024,다나383833,to_in_008,0
2024,다나383846,to_in_001,5
2024,다나383846,to_in_007,5
2024,다나383846,to_in_008,5
2024,다나383847,to_in_001,5
2024,다나383847,to_in_007,0
2024,다나383847,to_in_008,5
2024,다나383848,to_in_001,18
2024,다나383848,to_in_007,8
2024,다나383848,to_in_008,8
2024,다나383849,to_in_001,13
2024,다나383849,to_in_007,8
2024,다나383849,to_in_008,8
2024,다나383850,to_in_001,5
2024,다나383850,to_in_007,5
2024,다나383850,to_in_008,5
2024,다나383854,to_in_001,8
2024,다나383854,to_in_007,8
2024,다나383854,to_in_008,5
2024,다나383855,to_in_001,8
2024,다나383855,to_in_007,8
2024,다나383855,to_in_008,5
2024,다나383856,to_in_001,13
2024,다나383856,to_in_007,5
2024,다나383856,to_in_008,8
2024,다나383857,to_in_001,5
2024,다나383857,to_in_007,5
2024,다나383857,to_in_008,5
2024,다나383858,to_in_001,5
2024,다나383858,to_in_007,5
2024,다나383858,to_in_008,5
2024,다나383861,to_in_001,13
2024,다나383861,to_in_007,8
2024,다나383861,to_in_008,8
2024,다나383862,to_in_001,8
2024,다나383862,to_in_007,5
2024,다나383862,to_in_008,8
2024,다나383864,to_in_001,5
2024,다나383864,to_in_007,5
2024,다나383864,to_in_008,0
2024,다나383866,to_in_001,5
2024,다나383866,to_in_007,5
2024,다나383866,to_in_008,0
2024,다나383877,to_in_001,0
2024,다나383877,to_in_007,0
2024,다나383877,to_in_008,0
2024,다나383878,to_in_001,8
2024,다나383878,to_in_007,5
2024,다나383878,to_in_008,8
2024,다나383954,to_in_001,0
2024,다나383954,to_in_007,0
2024,다나383954,to_in_008,0
2024,다나383991,to_in_001,8
2024,다나383991,to_in_007,8
2024,다나383991,to_in_008,5
2024,다나383992,to_in_001,5
2024,다나383992,to_in_007,5
2024,다나383992,to_in_008,0
2024,다나384815,to_in_001,5
2024,다나384815,to_in_007,0
2024,다나384815,to_in_008,0
2024,다나384816,to_in_001,23
2024,다나384816,to_in_007,8
2024,다나384816,to_in_008,13
2024,다나388816,to_in_001,5
2024,다나388816,to_in_007,5
2024,다나388816,to_in_008,5
2024,다나388817,to_in_001,8
2024,다나388817,to_in_007,0
2024,다나388817,to_in_008,8
2024,다나388830,to_in_001,5
2024,다나388830,to_in_007,0
2024,다나388830,to_in_008,0
2024,다나388832,to_in_001,18
2024,다나388832,to_in_007,8
2024,다나388832,to_in_008,13
2024,다나388835,to_in_001,8
2024,다나388835,to_in_007,5
2024,다나388835,to_in_008,5
2024,다나388836,to_in_001,5
2024,다나388836,to_in_007,5
2024,다나388836,to_in_008,5
2024,다나388837,to_in_001,5
2024,다나388837,to_in_007,5
2024,다나388837,to_in_008,5
2024,다나388838,to_in_001,8
2024,다나388838,to_in_007,5
2024,다나388838,to_in_008,5
2024,다나388839,to_in_001,5
2024,다나388839,to_in_007,5
2024,다나388839,to_in_008,5
2024,다나388842,to_in_001,5
2024,다나388842,to_in_007,0
2024,다나388842,to_in_008,5
2024,다나388845,to_in_001,0
2024,다나388845,to_in_007,0
2024,다나388845,to_in_008,0
2024,다나388857,to_in_001,5
2024,다나388857,to_in_007,5
2024,다나388857,to_in_008,0
2024,다나388866,to_in_001,8
2024,다나388866,to_in_007,5
2024,다나388866,to_in_008,5
2024,다나388867,to_in_001,8
2024,다나388867,to_in_007,5
2024,다나388867,to_in_008,5
2024,다나388868,to_in_001,13
2024,다나388868,to_in_007,5
2024,다나388868,to_in_008,8
2024,다나388869,to_in_001,5
2024,다나388869,to_in_007,5
2024,다나388869,to_in_008,5
2024,다나388870,to_in_001,5
2024,다나388870,to_in_007,5
2024,다나388870,to_in_008,5
2024,다나388871,to_in_001,0
2024,다나388871,to_in_007,0
2024,다나388871,to_in_008,0
2024,다나388921,to_in_001,5
2024,다나388921,to_in_007,5
2024,다나388921,to_in_008,0
2024,다나389814,to_in_001,0
2024,다나389814,to_in_007,0
2024,다나389814,to_in_008,0
2024,다나389816,to_in_001,23
2024,다나389816,to_in_007,8
2024,다나389816,to_in_008,13
2024,다나389817,to_in_001,38
2024,다나389817,to_in_007,13
2024,다나389817,to_in_008,23
2024,다나389818,to_in_001,13
2024,다나389818,to_in_007,8
2024,다나389818,to_in_008,8
2024,다나389829,to_in_001,0
2024,다나389829,to_in_007,0
2024,다나389829,to_in_008,0
2024,다나389831,to_in_001,13
2024,다나389831,to_in_007,8
2024,다나389831,to_in_008,8
2024,다나389832,to_in_001,28
2024,다나389832,to_in_007,13
2024,다나389832,to_in_008,13
2024,다나397832,to_in_001,13
2024,다나397832,to_in_007,8
2024,다나397832,to_in_008,8
2024,다나397833,to_in_001,18
2024,다나397833,to_in_007,8
2024,다나376844,to_in_001,0
2024,다나376844,to_in_007,0
2024,다나376844,to_in_008,0
2024,다나376847,to_in_001,5
2024,다나376847,to_in_007,0
2024,다나376847,to_in_008,0
2024,다나376857,to_in_001,5
2024,다나376857,to_in_007,5
2024,다나376857,to_in_008,5
2024,다나376858,to_in_001,8
2024,다나376858,to_in_007,8
2024,다나376858,to_in_008,5
2024,다나376860,to_in_001,0
2024,다나376860,to_in_007,0
2024,다나376860,to_in_008,0
2024,다나376861,to_in_001,5
2024,다나376861,to_in_007,0
2024,다나376861,to_in_008,0
2024,다나377800,to_in_001,0
2024,다나377800,to_in_007,0
2024,다나377800,to_in_008,0
2024,다나377805,to_in_001,8
2024,다나377805,to_in_007,5
2024,다나377805,to_in_008,5
2024,다나377806,to_in_001,8
2024,다나377806,to_in_007,5
2024,다나377806,to_in_008,8
2024,다나377807,to_in_001,5
2024,다나377807,to_in_007,0
2024,다나377807,to_in_008,5
2024,다나377808,to_in_001,5
2024,다나377808,to_in_007,0
2024,다나377808,to_in_008,5
2024,다나377809,to_in_001,5
2024,다나377809,to_in_007,5
2024,다나377809,to_in_008,0
2024,다나377810,to_in_001,5
2024,다나377810,to_in_007,0
2024,다나377810,to_in_008,5
2024,다나377811,to_in_001,8
2024,다나377811,to_in_007,0
2024,다나377811,to_in_008,8
2024,다나377812,to_in_001,28
2024,다나377812,to_in_007,13
2024,다나377812,to_in_008,13
2024,다나377813,to_in_001,48
2024,다나377813,to_in_007,28
2024,다나377813,to_in_008,23
2024,다나377814,to_in_001,33
2024,다나377814,to_in_007,18
2024,다나377814,to_in_008,18
2024,다나377815,to_in_001,18
2024,다나377815,to_in_007,8
2024,다나377815,to_in_008,8
2024,다나377816,to_in_001,86
2024,다나377816,to_in_007,31
2024,다나377816,to_in_008,53
2024,다나377817,to_in_001,72
2024,다나377817,to_in_007,34
2024,다나377817,to_in_008,41
2024,다나377818,to_in_001,13
2024,다나377818,to_in_007,5
2024,다나377818,to_in_008,8
2024,다나377819,to_in_001,23
2024,다나377819,to_in_007,13
2024,다나377819,to_in_008,13
2024,다나382817,to_in_001,23
2024,다나382817,to_in_007,8
2024,다나382817,to_in_008,13
2024,다나382818,to_in_001,28
2024,다나382818,to_in_007,13
2024,다나382818,to_in_008,13
2024,다나382821,to_in_001,13
2024,다나382821,to_in_007,8
2024,다나382821,to_in_008,8
2024,다나382822,to_in_001,5
2024,다나382822,to_in_007,0
2024,다나382822,to_in_008,5
2024,다나382823,to_in_001,18
2024,다나382823,to_in_007,8
2024,다나382823,to_in_008,8
2024,다나382828,to_in_001,0
2024,다나382828,to_in_007,0
2024,다나382828,to_in_008,0
2024,다나382830,to_in_001,0
2024,다나382830,to_in_007,0
2024,다나382830,to_in_008,0
2024,다나382835,to_in_001,13
2024,다나382835,to_in_007,8
2024,다나382835,to_in_008,8
2024,다나382846,to_in_001,5
2024,다나382846,to_in_007,5
2024,다나382846,to_in_008,0
2024,다나382848,to_in_001,13
2024,다나382848,to_in_007,8
2024,다나382848,to_in_008,5
2024,다나382849,to_in_001,5
2024,다나382849,to_in_007,5
2024,다나382849,to_in_008,5
2024,다나382855,to_in_001,8
2024,다나382855,to_in_007,5
2024,다나382855,to_in_008,5
2024,다나382856,to_in_001,5
2024,다나382856,to_in_007,0
2024,다나382856,to_in_008,5
2024,다나382857,to_in_001,8
2024,다나382857,to_in_007,8
2024,다나382857,to_in_008,8
2024,다나382858,to_in_001,5
2024,다나382858,to_in_007,5
2024,다나382858,to_in_008,0
2024,다나382859,to_in_001,5
2024,다나382859,to_in_007,0
2024,다나382859,to_in_008,5
2024,다나382860,to_in_001,5
2024,다나382860,to_in_007,0
2024,다나382860,to_in_008,0
2024,다나382861,to_in_001,5
2024,다나382861,to_in_007,0
2024,다나382861,to_in_008,5
2024,다나382862,to_in_001,5
2024,다나382862,to_in_007,0
2024,다나382862,to_in_008,0
2024,다나382864,to_in_001,5
2024,다나382864,to_in_007,0
2024,다나382864,to_in_008,5
2024,다나382877,to_in_001,5
2024,다나382877,to_in_007,5
2024,다나382877,to_in_008,5
2024,다나382955,to_in_001,5
2024,다나382955,to_in_007,0
2024,다나382955,to_in_008,0
2024,다나383806,to_in_001,8
2024,다나383806,to_in_007,5
2024,다나383806,to_in_008,0
2024,다나383807,to_in_001,8
2024,다나383807,to_in_007,8
2024,다나383807,to_in_008,5
2024,다나383814,to_in_001,5
2024,다나383814,to_in_007,5
2024,다나383814,to_in_008,0
2024,다나383815,to_in_001,13
2024,다나383815,to_in_007,8
2024,다나383815,to_in_008,8
2024,다나386849,to_in_001,8
2024,다나386849,to_in_007,5
2024,다나386849,to_in_008,5
2024,다나386850,to_in_001,8
2024,다나386850,to_in_007,5
2024,다나386850,to_in_008,5
2024,다나386857,to_in_001,5
2024,다나386857,to_in_007,5
2024,다나386857,to_in_008,0
2024,다나386866,to_in_001,8
2024,다나386866,to_in_007,5
2024,다나386866,to_in_008,5
2024,다나386867,to_in_001,13
2024,다나386867,to_in_007,5
2024,다나386867,to_in_008,8
2024,다나386876,to_in_001,5
2024,다나386876,to_in_007,5
2024,다나386876,to_in_008,5
2024,다나386909,to_in_001,0
2024,다나386909,to_in_007,0
2024,다나386909,to_in_008,0
2024,다나387817,to_in_001,0
2024,다나387817,to_in_007,0
2024,다나387817,to_in_008,0
2024,다나387826,to_in_001,5
2024,다나387826,to_in_007,5
2024,다나387826,to_in_008,0
2024,다나387827,to_in_001,5
2024,다나387827,to_in_007,0
2024,다나387827,to_in_008,5
2024,다나387829,to_in_001,5
2024,다나387829,to_in_007,5
2024,다나387829,to_in_008,0
2024,다나387830,to_in_001,23
2024,다나387830,to_in_007,13
2024,다나387830,to_in_008,13
2024,다나387831,to_in_001,5
2024,다나387831,to_in_007,5
2024,다나387831,to_in_008,0
2024,다나387838,to_in_001,0
2024,다나387838,to_in_007,0
2024,다나387838,to_in_008,0
2024,다나387839,to_in_001,8
2024,다나387839,to_in_007,8
2024,다나387839,to_in_008,5
2024,다나387840,to_in_001,18
2024,다나387840,to_in_007,13
2024,다나387840,to_in_008,8
2024,다나387841,to_in_001,5
2024,다나387841,to_in_007,5
2024,다나387841,to_in_008,0
2024,다나387842,to_in_001,18
2024,다나387842,to_in_007,8
2024,다나387842,to_in_008,13
2024,다나387843,to_in_001,5
2024,다나387843,to_in_007,5
2024,다나387843,to_in_008,5
2024,다나387857,to_in_001,18
2024,다나387857,to_in_007,8
2024,다나387857,to_in_008,13
2024,다나387858,to_in_001,0
2024,다나387858,to_in_007,0
2024,다나387858,to_in_008,0
2024,다나387868,to_in_001,5
2024,다나387868,to_in_007,0
2024,다나387868,to_in_008,0
2024,다나387869,to_in_001,5
2024,다나387869,to_in_007,5
2024,다나387869,to_in_008,5
2024,다나387870,to_in_001,5
2024,다나387870,to_in_007,0
2024,다나387870,to_in_008,0
2024,다나387876,to_in_001,5
2024,다나387876,to_in_007,0
2024,다나387876,to_in_008,0
2024,다나387919,to_in_001,5
2024,다나387919,to_in_007,5
2024,다나387919,to_in_008,0
2024,다나395851,to_in_001,0
2024,다나395851,to_in_007,0
2024,다나395851,to_in_008,0
2024,다나395854,to_in_001,5
2024,다나395854,to_in_007,0
2024,다나395854,to_in_008,0
2024,다나395868,to_in_001,5
2024,다나395868,to_in_007,0
2024,다나395868,to_in_008,5
2024,다나395869,to_in_001,5
2024,다나395869,to_in_007,0
2024,다나395869,to_in_008,5
2024,다나395870,to_in_001,8
2024,다나395870,to_in_007,5
2024,다나395870,to_in_008,8
2024,다나395871,to_in_001,8
2024,다나395871,to_in_007,5
2024,다나395871,to_in_008,5
2024,다나395873,to_in_001,5
2024,다나395873,to_in_007,5
2024,다나395873,to_in_008,0
2024,다나395953,to_in_001,5
2024,다나395953,to_in_007,0
2024,다나395953,to_in_008,5
2024,다나395977,to_in_001,5
2024,다나395977,to_in_007,5
2024,다나395977,to_in_008,0
2024,다나396831,to_in_001,23
2024,다나396831,to_in_007,18
2024,다나396831,to_in_008,8
2024,다나396833,to_in_001,0
2024,다나396833,to_in_007,0
2024,다나396833,to_in_008,0
2024,다나396834,to_in_001,8
2024,다나396834,to_in_007,5
2024,다나396834,to_in_008,8
2024,다나396835,to_in_001,23
2024,다나396835,to_in_007,13
2024,다나396835,to_in_008,8
2024,다나396836,to_in_001,28
2024,다나396836,to_in_007,18
2024,다나396836,to_in_008,13
2024,다나396838,to_in_001,8
2024,다나396838,to_in_007,5
2024,다나396838,to_in_008,8
2024,다나396839,to_in_001,8
2024,다나396839,to_in_007,8
2024,다나396839,to_in_008,5
2024,다나396841,to_in_001,5
2024,다나396841,to_in_007,5
2024,다나396841,to_in_008,0
2024,다나396857,to_in_001,5
2024,다나396857,to_in_007,0
2024,다나396857,to_in_008,0
2024,다나396858,to_in_001,5
2024,다나396858,to_in_007,0
2024,다나396858,to_in_008,0
2024,다나396868,to_in_001,5
2024,다나396868,to_in_007,5
2024,다나396868,to_in_008,0
2024,다나396869,to_in_001,0
2024,다나396869,to_in_007,0
2024,다나396869,to_in_008,0
2024,다나396870,to_in_001,8
2024,다나396870,to_in_007,0
2024,다나396870,to_in_008,8
2024,다나396871,to_in_001,13
2024,다나396871,to_in_007,5
2024,다나396871,to_in_008,8
2024,다나396931,to_in_001,5
2024,다나396931,to_in_007,5
2024,다나375807,to_in_001,13
2024,다나375807,to_in_007,5
2024,다나375807,to_in_008,8
2024,다나375808,to_in_001,0
2024,다나375808,to_in_007,0
2024,다나375808,to_in_008,0
2024,다나375811,to_in_001,13
2024,다나375811,to_in_007,8
2024,다나375811,to_in_008,8
2024,다나375812,to_in_001,33
2024,다나375812,to_in_007,23
2024,다나375812,to_in_008,13
2024,다나375813,to_in_001,60
2024,다나375813,to_in_007,28
2024,다나375813,to_in_008,30
2024,다나375814,to_in_001,23
2024,다나375814,to_in_007,13
2024,다나375814,to_in_008,8
2024,다나375815,to_in_001,43
2024,다나375815,to_in_007,18
2024,다나375815,to_in_008,23
2024,다나375816,to_in_001,33
2024,다나375816,to_in_007,23
2024,다나375816,to_in_008,13
2024,다나375817,to_in_001,69
2024,다나375817,to_in_007,38
2024,다나375817,to_in_008,29
2024,다나375818,to_in_001,28
2024,다나375818,to_in_007,13
2024,다나375818,to_in_008,13
2024,다나375819,to_in_001,5
2024,다나375819,to_in_007,0
2024,다나375819,to_in_008,5
2024,다나375821,to_in_001,5
2024,다나375821,to_in_007,5
2024,다나375821,to_in_008,0
2024,다나375822,to_in_001,5
2024,다나375822,to_in_007,5
2024,다나375822,to_in_008,0
2024,다나375823,to_in_001,0
2024,다나375823,to_in_007,0
2024,다나375823,to_in_008,0
2024,다나375824,to_in_001,28
2024,다나375824,to_in_007,13
2024,다나375824,to_in_008,13
2024,다나375825,to_in_001,8
2024,다나375825,to_in_007,5
2024,다나375825,to_in_008,5
2024,다나375827,to_in_001,13
2024,다나375827,to_in_007,8
2024,다나375827,to_in_008,5
2024,다나375828,to_in_001,8
2024,다나375828,to_in_007,5
2024,다나375828,to_in_008,8
2024,다나375829,to_in_001,13
2024,다나375829,to_in_007,5
2024,다나375829,to_in_008,8
2024,다나375832,to_in_001,8
2024,다나375832,to_in_007,8
2024,다나375832,to_in_008,5
2024,다나375860,to_in_001,8
2024,다나375860,to_in_007,8
2024,다나375860,to_in_008,5
2024,다나375861,to_in_001,5
2024,다나375861,to_in_007,0
2024,다나375861,to_in_008,0
2024,다나375885,to_in_001,0
2024,다나375885,to_in_007,0
2024,다나375885,to_in_008,0
2024,다나376799,to_in_001,8
2024,다나376799,to_in_007,5
2024,다나376799,to_in_008,5
2024,다나376810,to_in_001,18
2024,다나376810,to_in_007,8
2024,다나376810,to_in_008,8
2024,다나376811,to_in_001,38
2024,다나376811,to_in_007,23
2024,다나376811,to_in_008,13
2024,다나376812,to_in_001,48
2024,다나376812,to_in_007,28
2024,다나376812,to_in_008,23
2024,다나380816,to_in_001,71
2024,다나380816,to_in_007,36
2024,다나380816,to_in_008,38
2024,다나380817,to_in_001,43
2024,다나380817,to_in_007,23
2024,다나380817,to_in_008,23
2024,다나380818,to_in_001,23
2024,다나380818,to_in_007,13
2024,다나380818,to_in_008,8
2024,다나380819,to_in_001,23
2024,다나380819,to_in_007,8
2024,다나380819,to_in_008,13
2024,다나380820,to_in_001,61
2024,다나380820,to_in_007,31
2024,다나380820,to_in_008,28
2024,다나380821,to_in_001,141
2024,다나380821,to_in_007,65
2024,다나380821,to_in_008,79
2024,다나380822,to_in_001,43
2024,다나380822,to_in_007,13
2024,다나380822,to_in_008,28
2024,다나380825,to_in_001,5
2024,다나380825,to_in_007,5
2024,다나380825,to_in_008,5
2024,다나380835,to_in_001,0
2024,다나380835,to_in_007,0
2024,다나380835,to_in_008,0
2024,다나380848,to_in_001,8
2024,다나380848,to_in_007,8
2024,다나380848,to_in_008,5
2024,다나380849,to_in_001,5
2024,다나380849,to_in_007,5
2024,다나380849,to_in_008,5
2024,다나380851,to_in_001,5
2024,다나380851,to_in_007,0
2024,다나380851,to_in_008,0
2024,다나380856,to_in_001,18
2024,다나380856,to_in_007,8
2024,다나380856,to_in_008,8
2024,다나380857,to_in_001,8
2024,다나380857,to_in_007,8
2024,다나380857,to_in_008,5
2024,다나380858,to_in_001,8
2024,다나380858,to_in_007,5
2024,다나380858,to_in_008,5
2024,다나380859,to_in_001,18
2024,다나380859,to_in_007,5
2024,다나380859,to_in_008,13
2024,다나380860,to_in_001,5
2024,다나380860,to_in_007,0
2024,다나380860,to_in_008,5
2024,다나380861,to_in_001,5
2024,다나380861,to_in_007,5
2024,다나380861,to_in_008,5
2024,다나381805,to_in_001,8
2024,다나381805,to_in_007,5
2024,다나381805,to_in_008,5
2024,다나381809,to_in_001,5
2024,다나381809,to_in_007,0
2024,다나381809,to_in_008,0
2024,다나381811,to_in_001,5
2024,다나381811,to_in_007,5
2024,다나381811,to_in_008,0
2024,다나381814,to_in_001,172
2024,다나381814,to_in_007,98
2024,다나381814,to_in_008,77
2024,다나381815,to_in_001,8
2024,다나381815,to_in_007,5
2024,다나381815,to_in_008,5
2024,다나381816,to_in_001,28
2024,다나381816,to_in_007,13
2024,다나381816,to_in_008,13
2024,다나381817,to_in_001,85
2024,다나381817,to_in_007,37
2024,다나381817,to_in_008,46
2024,다나381818,to_in_001,28
2024,다나381818,to_in_007,13
2024,다나381818,to_in_008,13
2024,다나381819,to_in_001,33
2024,다나381819,to_in_007,13
2024,다나381819,to_in_008,18
2024,다나381820,to_in_001,33
2024,다나381820,to_in_007,18
2024,다나381820,to_in_008,18
2024,다나381821,to_in_001,38
2024,다나381821,to_in_007,18
2024,다나381821,to_in_008,23
2024,다나381822,to_in_001,13
2024,다나381822,to_in_007,5
2024,다나381822,to_in_008,8
2024,다나381829,to_in_001,5
2024,다나381829,to_in_007,0
2024,다나381829,to_in_008,0
2024,다나381831,to_in_001,5
2024,다나381831,to_in_007,0
2024,다나381831,to_in_008,5
2024,다나381846,to_in_001,0
2024,다나381846,to_in_007,0
2024,다나381846,to_in_008,0
2024,다나381848,to_in_001,18
2024,다나381848,to_in_007,8
2024,다나381848,to_in_008,8
2024,다나381854,to_in_001,8
2024,다나381854,to_in_007,5
2024,다나381854,to_in_008,5
2024,다나381855,to_in_001,28
2024,다나381855,to_in_007,13
2024,다나381855,to_in_008,13
2024,다나381856,to_in_001,13
2024,다나381856,to_in_007,8
2024,다나381856,to_in_008,8
2024,다나381857,to_in_001,5
2024,다나381857,to_in_007,5
2024,다나381857,to_in_008,0
2024,다나381859,to_in_001,18
2024,다나381859,to_in_007,8
2024,다나381859,to_in_008,8
2024,다나381860,to_in_001,13
2024,다나381860,to_in_007,8
2024,다나381860,to_in_008,8
2024,다나381863,to_in_001,5
2024,다나381863,to_in_007,5
2024,다나381863,to_in_008,0
2024,다나381864,to_in_001,8
2024,다나381864,to_in_007,5
2024,다나381864,to_in_008,8
2024,다나381880,to_in_001,8
2024,다나381880,to_in_007,5
2024,다나381880,to_in_008,5
2024,다나382804,to_in_001,8
2024,다나382804,to_in_007,8
2024,다나382804,to_in_008,0
2024,다나382807,to_in_001,5
2024,다나382807,to_in_007,5
2024,다나382807,to_in_008,0
2024,다나382808,to_in_001,13
2024,다나382808,to_in_007,8
2024,다나382808,to_in_008,5
2024,다나382809,to_in_001,8
2024,다나382809,to_in_007,5
2024,다나382809,to_in_008,8
2024,다나382814,to_in_001,5
2024,다나382814,to_in_007,0
2024,다나382814,to_in_008,0
2024,다나382815,to_in_001,48
2024,다나382815,to_in_007,23
2024,다나382815,to_in_008,23
2024,다나382816,to_in_001,8
2024,다나382816,to_in_007,5
2024,다나382816,to_in_008,5
2024,다나389833,to_in_001,8
2024,다나389833,to_in_007,5
2024,다나389833,to_in_008,5
2024,다나389834,to_in_001,5
2024,다나389834,to_in_007,5
2024,다나389834,to_in_008,0
2024,다나389835,to_in_001,8
2024,다나389835,to_in_007,5
2024,다나389835,to_in_008,8
2024,다나389836,to_in_001,8
2024,다나389836,to_in_007,5
2024,다나389836,to_in_008,5
2024,다나389837,to_in_001,5
2024,다나389837,to_in_007,0
2024,다나389837,to_in_008,0
2024,다나389844,to_in_001,8
2024,다나389844,to_in_007,5
2024,다나389844,to_in_008,5
2024,다나389847,to_in_001,8
2024,다나389847,to_in_007,5
2024,다나389847,to_in_008,0
2024,다나389866,to_in_001,5
2024,다나389866,to_in_007,5
2024,다나389866,to_in_008,5
2024,다나389867,to_in_001,8
2024,다나389867,to_in_007,5
2024,다나389867,to_in_008,8
2024,다나389868,to_in_001,8
2024,다나389868,to_in_007,5
2024,다나389868,to_in_008,8
2024,다나389869,to_in_001,0
2024,다나389869,to_in_007,0
2024,다나389869,to_in_008,0
2024,다나389871,to_in_001,8
2024,다나389871,to_in_007,5
2024,다나389871,to_in_008,5
2024,다나389872,to_in_001,5
2024,다나389872,to_in_007,0
2024,다나389872,to_in_008,5
2024,다나389984,to_in_001,5
2024,다나389984,to_in_007,0
2024,다나389984,to_in_008,0
2024,다나390816,to_in_001,0
2024,다나390816,to_in_007,0
2024,다나390816,to_in_008,0
2024,다나390818,to_in_001,13
2024,다나390818,to_in_007,8
2024,다나390818,to_in_008,5
2024,다나390831,to_in_001,28
2024,다나390831,to_in_007,13
2024,다나390831,to_in_008,13
2024,다나390832,to_in_001,69
2024,다나390832,to_in_007,33
2024,다나390832,to_in_008,34
2024,다나390833,to_in_001,33
2024,다나390833,to_in_007,13
2024,다나390833,to_in_008,18
2024,다나390834,to_in_001,13
2024,다나390834,to_in_007,8
2024,다나390834,to_in_008,8
2024,다나390835,to_in_001,8
2024,다나390835,to_in_007,5
2024,다나398842,to_in_007,0
2024,다나398842,to_in_008,5
2024,다나398861,to_in_001,8
2024,다나398861,to_in_007,8
2024,다나398861,to_in_008,5
2024,다나398869,to_in_001,5
2024,다나398869,to_in_007,5
2024,다나398869,to_in_008,0
2024,다나398870,to_in_001,5
2024,다나398870,to_in_007,0
2024,다나398870,to_in_008,5
2024,다나398929,to_in_001,5
2024,다나398929,to_in_007,0
2024,다나398929,to_in_008,5
2024,다나398945,to_in_001,5
2024,다나398945,to_in_007,5
2024,다나398945,to_in_008,5
2024,다나398952,to_in_001,13
2024,다나398952,to_in_007,8
2024,다나398952,to_in_008,5
2024,다나398953,to_in_001,50
2024,다나398953,to_in_007,13
2024,다나398953,to_in_008,40
2024,다나399832,to_in_001,13
2024,다나399832,to_in_007,8
2024,다나399832,to_in_008,8
2024,다나399833,to_in_001,28
2024,다나399833,to_in_007,13
2024,다나399833,to_in_008,13
2024,다나399836,to_in_001,13
2024,다나399836,to_in_007,8
2024,다나399836,to_in_008,8
2024,다나399837,to_in_001,0
2024,다나399837,to_in_007,0
2024,다나399837,to_in_008,0
2024,다나399838,to_in_001,5
2024,다나399838,to_in_007,5
2024,다나399838,to_in_008,0
2024,다나399839,to_in_001,5
2024,다나399839,to_in_007,5
2024,다나399839,to_in_008,0
2024,다나399840,to_in_001,5
2024,다나399840,to_in_007,0
2024,다나399840,to_in_008,0
2024,다나399841,to_in_001,13
2024,다나399841,to_in_007,8
2024,다나399841,to_in_008,8
2024,다나399938,to_in_001,8
2024,다나399938,to_in_007,5
2024,다나399938,to_in_008,5
2024,다나399939,to_in_001,0
2024,다나399939,to_in_007,0
2024,다나399939,to_in_008,0
2024,다나399943,to_in_001,0
2024,다나399943,to_in_007,0
2024,다나399943,to_in_008,0
2024,다나400832,to_in_001,5
2024,다나400832,to_in_007,0
2024,다나400832,to_in_008,0
2024,다나400835,to_in_001,5
2024,다나400835,to_in_007,5
2024,다나400835,to_in_008,0
2024,다나400836,to_in_001,13
2024,다나400836,to_in_007,8
2024,다나400836,to_in_008,5
2024,다나400837,to_in_001,13
2024,다나400837,to_in_007,8
2024,다나400837,to_in_008,5
2024,다나400845,to_in_001,8
2024,다나400845,to_in_007,5
2024,다나400845,to_in_008,5
2024,다나400846,to_in_001,5
2024,다나400846,to_in_007,0
2024,다나400846,to_in_008,0
2024,다나400850,to_in_001,8
2024,다나400850,to_in_007,5
2024,다나400850,to_in_008,8
2024,다나400851,to_in_001,8
2024,다나400851,to_in_007,5
2024,다나400851,to_in_008,8
2024,다나400853,to_in_001,5
2024,다나400853,to_in_007,5
2024,다나400853,to_in_008,0
2024,다나400867,to_in_001,0
2024,다나400867,to_in_007,0
2024,다나400867,to_in_008,0
2024,다나400869,to_in_001,5
2024,다나400869,to_in_007,5
2024,다나400869,to_in_008,5
2024,다나400938,to_in_001,13
2024,다나400938,to_in_007,5
2024,다나400938,to_in_008,8
2024,다나400939,to_in_001,5
2024,다나400939,to_in_007,5
2024,다나400939,to_in_008,0
2024,다나400944,to_in_001,0
2024,다나400944,to_in_007,0
2024,다나400944,to_in_008,0
2024,다나401837,to_in_001,5
2024,다나401837,to_in_007,5
2024,다나401837,to_in_008,0
2024,다나401849,to_in_001,5
2024,다나401849,to_in_007,0
2024,다나401849,to_in_008,5
2024,다나401850,to_in_001,13
2024,다나401850,to_in_007,8
2024,다나401850,to_in_008,5
2024,다나401868,to_in_001,5
2024,다나401868,to_in_007,5
2024,다나385826,to_in_008,5
2024,다나385827,to_in_001,0
2024,다나385827,to_in_007,0
2024,다나385827,to_in_008,0
2024,다나385828,to_in_001,5
2024,다나385828,to_in_007,0
2024,다나385828,to_in_008,0
2024,다나385839,to_in_001,5
2024,다나385839,to_in_007,5
2024,다나385839,to_in_008,0
2024,다나385842,to_in_001,8
2024,다나385842,to_in_007,8
2024,다나385842,to_in_008,5
2024,다나385843,to_in_001,5
2024,다나385843,to_in_007,0
2024,다나385843,to_in_008,5
2024,다나385844,to_in_001,8
2024,다나385844,to_in_007,5
2024,다나385844,to_in_008,5
2024,다나391934,to_in_001,0
2024,다나391934,to_in_007,0
2024,다나391934,to_in_008,0
2024,다나391935,to_in_001,5
2024,다나391935,to_in_007,0
2024,다나391935,to_in_008,5
2024,다나391941,to_in_001,5
2024,다나391941,to_in_007,5
2024,다나391941,to_in_008,0
2024,다나392828,to_in_001,5
2024,다나392828,to_in_007,5
2024,다나392828,to_in_008,0
2024,다나392829,to_in_001,8
2024,다나392829,to_in_007,8
2024,다나392829,to_in_008,0
2024,다나392832,to_in_001,8
2024,다나392832,to_in_007,5
2024,다나392832,to_in_008,5
2024,다나392836,to_in_001,5
2024,다나392836,to_in_007,0
2024,다나392836,to_in_008,0
2024,다나392837,to_in_001,5
2024,다나392837,to_in_007,0
2024,다나392837,to_in_008,5
2024,다나392840,to_in_001,5
2024,다나392840,to_in_007,5
2024,다나392840,to_in_008,0
2024,다나392868,to_in_001,5
2024,다나392868,to_in_007,5
2024,다나392868,to_in_008,0
2024,다나392869,to_in_001,5
2024,다나392869,to_in_007,5
2024,다나392869,to_in_008,0
2024,다나392870,to_in_001,8
2024,다나392870,to_in_007,8
2024,다나392870,to_in_008,5
2024,다나392871,to_in_001,13
2024,다나392871,to_in_007,8
2024,다나392871,to_in_008,8
2024,다나392872,to_in_001,5
2024,다나392872,to_in_007,0
2024,다나392872,to_in_008,5
2024,다나392873,to_in_001,0
2024,다나392873,to_in_007,0
2024,다나392873,to_in_008,0
2024,다나392881,to_in_001,8
2024,다나392881,to_in_007,5
2024,다나392881,to_in_008,5
2024,다나393829,to_in_001,5
2024,다나393829,to_in_007,5
2024,다나393829,to_in_008,0
2024,다나393831,to_in_001,8
2024,다나393831,to_in_007,8
2024,다나393831,to_in_008,0
2024,다나393835,to_in_001,5
2024,다나393835,to_in_007,5
2024,다나393835,to_in_008,5
2024,다나393838,to_in_001,5
2024,다나393838,to_in_007,0
2024,다나393838,to_in_008,5
2024,다나393839,to_in_001,0
2024,다나393839,to_in_007,0
2024,다나393839,to_in_008,0
2024,다나393840,to_in_001,0
2024,다나393840,to_in_007,0
2024,다나393840,to_in_008,0
2024,다나393841,to_in_001,5
2024,다나393841,to_in_007,5
2024,다나393841,to_in_008,0
2024,다나393869,to_in_001,5
2024,다나393869,to_in_007,0
2024,다나393869,to_in_008,0
2024,다나393870,to_in_001,13
2024,다나393870,to_in_007,8
2024,다나393870,to_in_008,8
2024,다나393871,to_in_001,8
2024,다나393871,to_in_007,5
2024,다나393871,to_in_008,5
2024,다나393872,to_in_001,5
2024,다나393872,to_in_007,5
2024,다나393872,to_in_008,5
2024,다나394829,to_in_001,0
2024,다나394829,to_in_007,0
2024,다나394829,to_in_008,0
2024,다나394835,to_in_001,5
2024,다나394835,to_in_007,5
2024,다나394835,to_in_008,5
2024,다나394837,to_in_001,5
2024,다나394837,to_in_007,0
2024,다나394837,to_in_008,0
2024,다나394838,to_in_001,0
2024,다나394838,to_in_007,0
2024,다나394838,to_in_008,0
2024,다나394839,to_in_001,18
2024,다나394839,to_in_007,8
2024,다나394839,to_in_008,8
2024,다나394840,to_in_001,5
2024,다나394840,to_in_007,5
2024,다나394840,to_in_008,0
2024,다나394841,to_in_001,5
2024,다나394841,to_in_007,0
2024,다나394841,to_in_008,0
2024,다나394845,to_in_001,8
2024,다나394845,to_in_007,5
2024,다나394845,to_in_008,5
2024,다나394851,to_in_001,0
2024,다나394851,to_in_007,0
2024,다나394851,to_in_008,0
2024,다나394867,to_in_001,5
2024,다나394867,to_in_007,5
2024,다나394867,to_in_008,5
2024,다나394869,to_in_001,8
2024,다나394869,to_in_007,5
2024,다나394869,to_in_008,5
2024,다나394870,to_in_001,8
2024,다나394870,to_in_007,8
2024,다나394870,to_in_008,5
2024,다나394871,to_in_001,8
2024,다나394871,to_in_007,5
2024,다나394871,to_in_008,8
2024,다나394872,to_in_001,0
2024,다나394872,to_in_007,0
2024,다나394872,to_in_008,0
2024,다나395834,to_in_001,0
2024,다나395834,to_in_007,0
2024,다나395834,to_in_008,0
2024,다나395835,to_in_001,8
2024,다나395835,to_in_007,8
2024,다나395835,to_in_008,5
2024,다나395836,to_in_001,5
2024,다나395836,to_in_007,0
2024,다나395836,to_in_008,0
2024,다나395837,to_in_001,13
2024,다나395837,to_in_007,8
2024,다나395837,to_in_008,8
2024,다나395838,to_in_001,8
2024,다나395838,to_in_007,5
2024,다나395838,to_in_008,5
2024,다나395839,to_in_001,8
2024,다나395839,to_in_007,5
2024,다나395839,to_in_008,8
2024,다나395840,to_in_001,8
2024,다나395840,to_in_007,5
2024,다나395840,to_in_008,8
2024,다나395849,to_in_001,5
2024,다나395849,to_in_007,0
2024,다나395849,to_in_008,5
2024,다나395850,to_in_001,5
2024,다나395850,to_in_007,0
2024,다나395850,to_in_008,0
2024,다나411896,to_in_001,8
2024,다나411896,to_in_007,5
2024,다나411896,to_in_008,5
2024,다나411898,to_in_001,0
2024,다나411898,to_in_007,0
2024,다나411898,to_in_008,0
2024,다나411899,to_in_001,5
2024,다나411899,to_in_007,5
2024,다나411899,to_in_008,5
2024,다나411900,to_in_001,5
2024,다나411900,to_in_007,5
2024,다나411900,to_in_008,0
2024,다나412862,to_in_001,5
2024,다나412862,to_in_007,5
2024,다나412862,to_in_008,0
2024,다나412865,to_in_001,5
2024,다나412865,to_in_007,5
2024,다나412865,to_in_008,5
2024,다나412866,to_in_001,13
2024,다나412866,to_in_007,8
2024,다나412866,to_in_008,8
2024,다나412896,to_in_001,8
2024,다나412896,to_in_007,5
2024,다나412896,to_in_008,5
2024,다나412897,to_in_001,5
2024,다나412897,to_in_007,0
2024,다나412897,to_in_008,0
2024,다나412898,to_in_001,5
2024,다나412898,to_in_007,0
2024,다나412898,to_in_008,0
2024,다나412899,to_in_001,5
2024,다나412899,to_in_007,5
2024,다나412899,to_in_008,0
2024,다나412902,to_in_001,5
2024,다나412902,to_in_007,0
2024,다나412902,to_in_008,0
2024,다나412940,to_in_001,5
2024,다나412940,to_in_007,0
2024,다나412940,to_in_008,5
2024,다나413862,to_in_001,13
2024,다나413862,to_in_007,13
2024,다나413862,to_in_008,5
2024,다나413863,to_in_001,8
2024,다나413863,to_in_007,5
2024,다나413863,to_in_008,5
2024,다나413864,to_in_001,13
2024,다나413864,to_in_007,8
2024,다나413864,to_in_008,8
2024,다나413865,to_in_001,18
2024,다나413865,to_in_007,8
2024,다나413865,to_in_008,8
2024,다나413866,to_in_001,5
2024,다나413866,to_in_007,5
2024,다나413866,to_in_008,5
2024,다나413868,to_in_001,5
2024,다나413868,to_in_007,0
2024,다나413868,to_in_008,0
2024,다나413873,to_in_001,5
2024,다나413873,to_in_007,0
2024,다나413873,to_in_008,5
2024,다나413878,to_in_001,8
2024,다나413878,to_in_007,5
2024,다나413878,to_in_008,5
2024,다나413894,to_in_001,5
2024,다나413894,to_in_007,5
2024,다나413894,to_in_008,0
2024,다나413895,to_in_001,8
2024,다나413895,to_in_007,8
2024,다나413895,to_in_008,8
2024,다나413898,to_in_001,0
2024,다나413898,to_in_007,0
2024,다나413898,to_in_008,0
2024,다나413899,to_in_001,5
2024,다나413899,to_in_007,0
2024,다나413899,to_in_008,0
2024,다나413900,to_in_001,8
2024,다나413900,to_in_007,5
2024,다나413900,to_in_008,8
2024,다나413901,to_in_001,0
2024,다나413901,to_in_007,0
2024,다나413901,to_in_008,0
2024,다나413902,to_in_001,18
2024,다나413902,to_in_007,8
2024,다나413902,to_in_008,8
2024,다나413940,to_in_001,28
2024,다나413940,to_in_007,18
2024,다나413940,to_in_008,13
2024,다나413942,to_in_001,5
2024,다나413942,to_in_007,0
2024,다나413942,to_in_008,0
2024,다나413945,to_in_001,5
2024,다나413945,to_in_007,5
2024,다나413945,to_in_008,0
2024,다나413950,to_in_001,5
2024,다나413950,to_in_007,5
2024,다나413950,to_in_008,5
2024,다나413956,to_in_001,5
2024,다나413956,to_in_007,5
2024,다나413956,to_in_008,0
2024,다나414863,to_in_001,8
2024,다나414863,to_in_007,5
2024,다나414863,to_in_008,5
2024,다나414864,to_in_001,13
2024,다나414864,to_in_007,5
2024,다나414864,to_in_008,8
2024,다나414865,to_in_001,13
2024,다나414865,to_in_007,5
2024,다나414865,to_in_008,8
2024,다나414866,to_in_001,8
2024,다나414866,to_in_007,8
2024,다나414866,to_in_008,5
2024,다나414867,to_in_001,8
2024,다나414867,to_in_007,5
2024,다나414867,to_in_008,5
2024,다나414869,to_in_001,5
2024,다나414869,to_in_007,5
2024,다나414869,to_in_008,0
2024,다나414870,to_in_001,5
2024,다나414870,to_in_007,5
2024,다나414870,to_in_008,5
2024,다나414885,to_in_001,5
2024,다나414885,to_in_007,5
2024,다나414885,to_in_008,0
2024,다나414895,to_in_001,5
2024,다나401868,to_in_008,0
2024,다나401869,to_in_001,8
2024,다나401869,to_in_007,5
2024,다나401869,to_in_008,5
2024,다나401903,to_in_001,5
2024,다나401903,to_in_007,0
2024,다나401903,to_in_008,5
2024,다나401939,to_in_001,5
2024,다나401939,to_in_007,5
2024,다나401939,to_in_008,0
2024,다나401942,to_in_001,5
2024,다나401942,to_in_007,0
2024,다나401942,to_in_008,0
2024,다나402837,to_in_001,8
2024,다나402837,to_in_007,8
2024,다나402837,to_in_008,0
2024,다나402839,to_in_001,18
2024,다나402839,to_in_007,13
2024,다나402839,to_in_008,0
2024,다나402840,to_in_001,5
2024,다나402840,to_in_007,5
2024,다나402840,to_in_008,0
2024,다나402848,to_in_001,5
2024,다나402848,to_in_007,5
2024,다나402848,to_in_008,5
2024,다나402849,to_in_001,13
2024,다나402849,to_in_007,5
2024,다나402849,to_in_008,8
2024,다나402868,to_in_001,5
2024,다나402868,to_in_007,5
2024,다나402868,to_in_008,5
2024,다나402870,to_in_001,5
2024,다나402870,to_in_007,0
2024,다나402870,to_in_008,0
2024,다나397833,to_in_008,8
2024,다나397834,to_in_001,18
2024,다나397834,to_in_007,8
2024,다나397834,to_in_008,8
2024,다나397835,to_in_001,23
2024,다나397835,to_in_007,18
2024,다나397835,to_in_008,8
2024,다나397836,to_in_001,8
2024,다나397836,to_in_007,5
2024,다나397836,to_in_008,8
2024,다나397837,to_in_001,8
2024,다나397837,to_in_007,5
2024,다나397837,to_in_008,5
2024,다나397838,to_in_001,23
2024,다나397838,to_in_007,13
2024,다나397838,to_in_008,13
2024,다나397839,to_in_001,23
2024,다나397839,to_in_007,13
2024,다나397839,to_in_008,13
2024,다나397840,to_in_001,5
2024,다나397840,to_in_007,5
2024,다나397840,to_in_008,0
2024,다나397869,to_in_001,8
2024,다나397869,to_in_007,5
2024,다나397869,to_in_008,8
2024,다나397870,to_in_001,13
2024,다나397870,to_in_007,8
2024,다나397870,to_in_008,5
2024,다나397871,to_in_001,0
2024,다나397871,to_in_007,0
2024,다나397871,to_in_008,0
2024,다나397929,to_in_001,8
2024,다나397929,to_in_007,5
2024,다나397929,to_in_008,5
2024,다나397945,to_in_001,8
2024,다나397945,to_in_007,5
2024,다나397945,to_in_008,5
2024,다나397952,to_in_001,5
2024,다나397952,to_in_007,5
2024,다나397952,to_in_008,5
2024,다나397998,to_in_001,5
2024,다나397998,to_in_007,0
2024,다나397998,to_in_008,0
2024,다나398832,to_in_001,0
2024,다나398832,to_in_007,0
2024,다나398832,to_in_008,0
2024,다나398833,to_in_001,23
2024,다나398833,to_in_007,8
2024,다나398833,to_in_008,13
2024,다나398834,to_in_001,8
2024,다나398834,to_in_007,5
2024,다나398834,to_in_008,5
2024,다나398835,to_in_001,8
2024,다나398835,to_in_007,5
2024,다나398835,to_in_008,5
2024,다나398836,to_in_001,28
2024,다나398836,to_in_007,18
2024,다나398836,to_in_008,13
2024,다나398837,to_in_001,18
2024,다나398837,to_in_007,8
2024,다나398837,to_in_008,8
2024,다나398838,to_in_001,18
2024,다나398838,to_in_007,8
2024,다나398838,to_in_008,8
2024,다나398839,to_in_001,5
2024,다나398839,to_in_007,5
2024,다나398839,to_in_008,0
2024,다나398840,to_in_001,8
2024,다나398840,to_in_007,8
2024,다나398840,to_in_008,0
2024,다나398841,to_in_001,13
2024,다나398841,to_in_007,8
2024,다나398841,to_in_008,8
2024,다나406943,to_in_001,8
2024,다나406943,to_in_007,5
2024,다나406943,to_in_008,5
2024,다나406944,to_in_001,13
2024,다나406944,to_in_007,8
2024,다나406944,to_in_008,8
2024,다나406945,to_in_001,8
2024,다나406945,to_in_007,5
2024,다나406945,to_in_008,5
2024,다나406946,to_in_001,8
2024,다나406946,to_in_007,5
2024,다나406946,to_in_008,8
2024,다나407843,to_in_001,5
2024,다나407843,to_in_007,0
2024,다나407843,to_in_008,0
2024,다나407849,to_in_001,8
2024,다나407849,to_in_007,5
2024,다나407849,to_in_008,5
2024,다나407858,to_in_001,13
2024,다나407858,to_in_007,8
2024,다나407858,to_in_008,5
2024,다나407862,to_in_001,13
2024,다나407862,to_in_007,5
2024,다나407862,to_in_008,8
2024,다나407865,to_in_001,8
2024,다나407865,to_in_007,5
2024,다나407865,to_in_008,5
2024,다나407866,to_in_001,8
2024,다나407866,to_in_007,5
2024,다나407866,to_in_008,8
2024,다나407867,to_in_001,5
2024,다나407867,to_in_007,0
2024,다나407867,to_in_008,5
2024,다나407930,to_in_001,0
2024,다나407930,to_in_007,0
2024,다나407930,to_in_008,0
2024,다나407935,to_in_001,5
2024,다나407935,to_in_007,0
2024,다나407935,to_in_008,0
2024,다나407936,to_in_001,13
2024,다나407936,to_in_007,8
2024,다나407936,to_in_008,8
2024,다나407937,to_in_001,5
2024,다나407937,to_in_007,0
2024,다나407937,to_in_008,0
2024,다나407941,to_in_001,5
2024,다나407941,to_in_007,5
2024,다나407941,to_in_008,5
2024,다나407942,to_in_001,5
2024,다나407942,to_in_007,0
2024,다나407942,to_in_008,0
2024,다나407943,to_in_001,13
2024,다나407943,to_in_007,8
2024,다나407943,to_in_008,8
2024,다나407944,to_in_001,13
2024,다나407944,to_in_007,5
2024,다나407944,to_in_008,8
2024,다나407945,to_in_001,8
2024,다나407945,to_in_007,5
2024,다나407945,to_in_008,5
2024,다나407946,to_in_001,8
2024,다나407946,to_in_007,5
2024,다나407946,to_in_008,5
2024,다나408845,to_in_001,13
2024,다나408845,to_in_007,13
2024,다나408845,to_in_008,0
2024,다나408846,to_in_001,8
2024,다나408846,to_in_007,8
2024,다나408846,to_in_008,0
2024,다나408851,to_in_001,5
2024,다나408851,to_in_007,0
2024,다나408851,to_in_008,5
2024,다나408854,to_in_001,5
2024,다나408854,to_in_007,5
2024,다나408854,to_in_008,5
2024,다나408856,to_in_001,5
2024,다나408856,to_in_007,0
2024,다나408856,to_in_008,0
2024,다나408858,to_in_001,8
2024,다나408858,to_in_007,5
2024,다나408858,to_in_008,5
2024,다나408859,to_in_001,8
2024,다나408859,to_in_007,5
2024,다나408859,to_in_008,8
2024,다나408865,to_in_001,18
2024,다나408865,to_in_007,8
2024,다나408865,to_in_008,8
2024,다나408897,to_in_001,0
2024,다나408897,to_in_007,0
2024,다나408897,to_in_008,0
2024,다나408900,to_in_001,8
2024,다나408900,to_in_007,8
2024,다나408900,to_in_008,5
2024,다나408936,to_in_001,8
2024,다나408936,to_in_007,0
2024,다나408936,to_in_008,5
2024,다나408937,to_in_001,5
2024,다나408937,to_in_007,0
2024,다나408937,to_in_008,0
2024,다나408940,to_in_001,5
2024,다나408940,to_in_007,0
2024,다나408940,to_in_008,0
2024,다나408941,to_in_001,8
2024,다나408941,to_in_007,5
2024,다나408941,to_in_008,5
2024,다나408943,to_in_001,8
2024,다나408943,to_in_007,5
2024,다나408943,to_in_008,5
2024,다나408944,to_in_001,5
2024,다나408944,to_in_007,5
2024,다나408944,to_in_008,0
2024,다나408945,to_in_001,18
2024,다나408945,to_in_007,8
2024,다나408945,to_in_008,8
2024,다나408946,to_in_001,5
2024,다나408946,to_in_007,0
2024,다나408946,to_in_008,5
2024,다나408947,to_in_001,0
2024,다나408947,to_in_007,0
2024,다나408947,to_in_008,0
2024,다나408952,to_in_001,5
2024,다나408952,to_in_007,0
2024,다나408952,to_in_008,5
2024,다나409846,to_in_001,8
2024,다나409846,to_in_007,8
2024,다나409846,to_in_008,0
2024,다나409857,to_in_001,5
2024,다나409857,to_in_007,5
2024,다나409857,to_in_008,0
2024,다나409858,to_in_001,8
2024,다나409858,to_in_007,5
2024,다나409858,to_in_008,5
2024,다나409865,to_in_001,5
2024,다나409865,to_in_007,5
2024,다나409865,to_in_008,0
2024,다나409866,to_in_001,8
2024,다나409866,to_in_007,5
2024,다나409866,to_in_008,5
2024,다나417899,to_in_001,8
2024,다나417899,to_in_007,5
2024,다나417899,to_in_008,5
2024,다나417900,to_in_001,8
2024,다나417900,to_in_007,5
2024,다나417900,to_in_008,5
2024,다나417901,to_in_001,8
2024,다나417901,to_in_007,8
2024,다나417901,to_in_008,5
2024,다나417902,to_in_001,8
2024,다나417902,to_in_007,8
2024,다나417902,to_in_008,5
2024,다나417903,to_in_001,8
2024,다나417903,to_in_007,8
2024,다나417903,to_in_008,5
2024,다나417904,to_in_001,5
2024,다나417904,to_in_007,0
2024,다나417904,to_in_008,5
2024,다나417905,to_in_001,0
2024,다나417905,to_in_007,0
2024,다나417905,to_in_008,0
2024,다나417908,to_in_001,5
2024,다나417908,to_in_007,0
2024,다나417908,to_in_008,5
2024,다나417909,to_in_001,18
2024,다나417909,to_in_007,8
2024,다나417909,to_in_008,13
2024,다나417910,to_in_001,8
2024,다나417910,to_in_007,5
2024,다나417910,to_in_008,8
2024,다나417942,to_in_001,28
2024,다나417942,to_in_007,13
2024,다나417942,to_in_008,18
2024,다나417950,to_in_001,8
2024,다나417950,to_in_007,5
2024,다나417950,to_in_008,5
2024,다나418874,to_in_001,8
2024,다나418874,to_in_007,5
2024,다나418874,to_in_008,5
2024,다나418875,to_in_001,8
2024,다나418875,to_in_007,8
2024,다나418875,to_in_008,5
2024,다나418876,to_in_001,8
2024,다나418876,to_in_007,5
2024,다나418876,to_in_008,8
2024,다나418877,to_in_001,0
2024,다나418877,to_in_007,0
2024,다나418877,to_in_008,0
2024,다나418878,to_in_001,8
2024,다나418878,to_in_007,5
2024,다나418878,to_in_008,5
2024,다나418879,to_in_001,8
2024,다나418879,to_in_007,5
2024,다나418879,to_in_008,5
2024,다나418881,to_in_001,13
2024,다나418881,to_in_007,8
2024,다나418881,to_in_008,8
2024,다나418882,to_in_001,13
2024,다나418882,to_in_007,13
2024,다나418882,to_in_008,5
2024,다나418884,to_in_001,5
2024,다나418884,to_in_007,0
2024,다나418884,to_in_008,0
2024,다나418899,to_in_001,0
2024,다나418899,to_in_007,0
2024,다나418899,to_in_008,0
2024,다나418900,to_in_001,8
2024,다나418900,to_in_007,5
2024,다나418900,to_in_008,5
2024,다나418901,to_in_001,18
2024,다나418901,to_in_007,8
2024,다나418901,to_in_008,13
2024,다나418902,to_in_001,8
2024,다나418902,to_in_007,5
2024,다나418902,to_in_008,5
2024,다나418903,to_in_001,23
2024,다나418903,to_in_007,13
2024,다나418903,to_in_008,8
2024,다나418904,to_in_001,5
2024,다나418904,to_in_007,5
2024,다나418904,to_in_008,5
2024,다나418905,to_in_001,8
2024,다나390835,to_in_008,5
2024,다나390836,to_in_001,5
2024,다나390836,to_in_007,0
2024,다나390836,to_in_008,0
2024,다나390843,to_in_001,5
2024,다나390843,to_in_007,5
2024,다나390843,to_in_008,0
2024,다나390846,to_in_001,0
2024,다나390846,to_in_007,0
2024,다나390846,to_in_008,0
2024,다나390867,to_in_001,8
2024,다나390867,to_in_007,5
2024,다나390867,to_in_008,8
2024,다나390868,to_in_001,8
2024,다나390868,to_in_007,5
2024,다나390868,to_in_008,5
2024,다나390870,to_in_001,5
2024,다나390870,to_in_007,0
2024,다나390870,to_in_008,5
2024,다나390871,to_in_001,13
2024,다나390871,to_in_007,8
2024,다나390871,to_in_008,5
2024,다나390872,to_in_001,5
2024,다나390872,to_in_007,0
2024,다나390872,to_in_008,0
2024,다나390873,to_in_001,5
2024,다나390873,to_in_007,5
2024,다나390873,to_in_008,5
2024,다나390918,to_in_001,35
2024,다나390918,to_in_007,25
2024,다나390918,to_in_008,8
2024,다나390920,to_in_001,5
2024,다나390920,to_in_007,0
2024,다나390920,to_in_008,5
2024,다나390934,to_in_001,13
2024,다나390934,to_in_007,8
2024,다나390934,to_in_008,8
2024,다나390983,to_in_001,5
2024,다나390983,to_in_007,5
2024,다나390983,to_in_008,0
2024,다나391830,to_in_001,5
2024,다나391830,to_in_007,5
2024,다나391830,to_in_008,5
2024,다나391831,to_in_001,13
2024,다나391831,to_in_007,8
2024,다나391831,to_in_008,8
2024,다나391832,to_in_001,18
2024,다나391832,to_in_007,8
2024,다나391832,to_in_008,8
2024,다나391833,to_in_001,58
2024,다나391833,to_in_007,28
2024,다나391833,to_in_008,28
2024,다나391835,to_in_001,5
2024,다나391835,to_in_007,0
2024,다나391835,to_in_008,0
2024,다나391847,to_in_001,5
2024,다나391847,to_in_007,5
2024,다나391847,to_in_008,5
2024,다나391869,to_in_001,5
2024,다나391869,to_in_007,5
2024,다나391869,to_in_008,5
2024,다나391870,to_in_001,0
2024,다나391870,to_in_007,0
2024,다나391870,to_in_008,0
2024,다나391871,to_in_001,8
2024,다나391871,to_in_007,5
2024,다나391871,to_in_008,5
2024,다나391872,to_in_001,8
2024,다나391872,to_in_007,8
2024,다나391872,to_in_008,5
2024,다나391873,to_in_001,0
2024,다나391873,to_in_007,0
2024,다나391873,to_in_008,0
2024,다나409868,to_in_001,8
2024,다나409868,to_in_007,8
2024,다나409868,to_in_008,0
2024,다나409882,to_in_001,8
2024,다나409882,to_in_007,8
2024,다나409882,to_in_008,5
2024,다나409897,to_in_001,8
2024,다나409897,to_in_007,5
2024,다나409897,to_in_008,5
2024,다나409898,to_in_001,13
2024,다나409898,to_in_007,8
2024,다나409898,to_in_008,5
2024,다나409899,to_in_001,8
2024,다나409899,to_in_007,5
2024,다나409899,to_in_008,5
2024,다나409902,to_in_001,5
2024,다나409902,to_in_007,0
2024,다나409902,to_in_008,5
2024,다나409903,to_in_001,5
2024,다나409903,to_in_007,0
2024,다나409903,to_in_008,5
2024,다나409938,to_in_001,13
2024,다나409938,to_in_007,5
2024,다나409938,to_in_008,8
2024,다나409940,to_in_001,5
2024,다나409940,to_in_007,0
2024,다나409940,to_in_008,0
2024,다나409944,to_in_001,8
2024,다나409944,to_in_007,5
2024,다나409944,to_in_008,5
2024,다나409945,to_in_001,8
2024,다나409945,to_in_007,5
2024,다나409945,to_in_008,5
2024,다나409946,to_in_001,8
2024,다나409946,to_in_007,5
2024,다나409946,to_in_008,5
2024,다나409949,to_in_001,5
2024,다나409949,to_in_007,0
2024,다나409949,to_in_008,0
2024,다나410854,to_in_001,8
2024,다나410854,to_in_007,8
2024,다나410854,to_in_008,0
2024,다나410858,to_in_001,5
2024,다나410858,to_in_007,5
2024,다나410858,to_in_008,0
2024,다나410859,to_in_001,5
2024,다나410859,to_in_007,5
2024,다나410859,to_in_008,0
2024,다나410860,to_in_001,0
2024,다나410860,to_in_007,0
2024,다나410860,to_in_008,0
2024,다나410862,to_in_001,5
2024,다나410862,to_in_007,0
2024,다나410862,to_in_008,5
2024,다나410863,to_in_001,0
2024,다나410863,to_in_007,0
2024,다나410863,to_in_008,0
2024,다나410864,to_in_001,8
2024,다나410864,to_in_007,8
2024,다나410864,to_in_008,0
2024,다나410865,to_in_001,5
2024,다나410865,to_in_007,0
2024,다나410865,to_in_008,0
2024,다나410866,to_in_001,5
2024,다나410866,to_in_007,5
2024,다나410866,to_in_008,0
2024,다나410897,to_in_001,5
2024,다나410897,to_in_007,5
2024,다나410897,to_in_008,0
2024,다나410898,to_in_001,8
2024,다나410898,to_in_007,8
2024,다나410898,to_in_008,5
2024,다나410899,to_in_001,5
2024,다나410899,to_in_007,5
2024,다나410899,to_in_008,5
2024,다나410900,to_in_001,5
2024,다나410900,to_in_007,0
2024,다나410900,to_in_008,5
2024,다나410905,to_in_001,5
2024,다나410905,to_in_007,0
2024,다나410905,to_in_008,5
2024,다나410908,to_in_001,0
2024,다나410908,to_in_007,0
2024,다나410908,to_in_008,0
2024,다나410938,to_in_001,8
2024,다나410938,to_in_007,5
2024,다나410938,to_in_008,8
2024,다나410939,to_in_001,5
2024,다나410939,to_in_007,0
2024,다나410939,to_in_008,0
2024,다나410943,to_in_001,5
2024,다나410943,to_in_007,0
2024,다나410943,to_in_008,0
2024,다나410944,to_in_001,8
2024,다나410944,to_in_007,5
2024,다나410944,to_in_008,5
2024,다나410945,to_in_001,5
2024,다나410945,to_in_007,0
2024,다나410945,to_in_008,0
2024,다나410949,to_in_001,8
2024,다나410949,to_in_007,8
2024,다나410949,to_in_008,5
2024,다나410950,to_in_001,5
2024,다나410950,to_in_007,5
2024,다나410950,to_in_008,0
2024,다나411854,to_in_001,0
2024,다나411854,to_in_007,0
2024,다나411854,to_in_008,0
2024,다나411858,to_in_001,8
2024,다나411858,to_in_007,8
2024,다나411858,to_in_008,0
2024,다나411860,to_in_001,8
2024,다나411860,to_in_007,8
2024,다나411860,to_in_008,5
2024,다나411861,to_in_001,18
2024,다나411861,to_in_007,13
2024,다나411861,to_in_008,5
2024,다나411865,to_in_001,5
2024,다나411865,to_in_007,0
2024,다나411865,to_in_008,0
2024,다나411866,to_in_001,5
2024,다나411866,to_in_007,5
2024,다나411866,to_in_008,5
2024,다나411867,to_in_001,5
2024,다나411867,to_in_007,0
2024,다나411867,to_in_008,5
2024,다나414897,to_in_001,5
2024,다나414897,to_in_007,5
2024,다나414897,to_in_008,5
2024,다나414898,to_in_001,8
2024,다나414898,to_in_007,5
2024,다나414898,to_in_008,5
2024,다나414899,to_in_001,8
2024,다나414899,to_in_007,5
2024,다나414899,to_in_008,8
2024,다나414901,to_in_001,13
2024,다나414901,to_in_007,8
2024,다나414901,to_in_008,5
2024,다나414902,to_in_001,8
2024,다나414902,to_in_007,8
2024,다나414902,to_in_008,0
2024,다나414905,to_in_001,0
2024,다나414905,to_in_007,0
2024,다나414905,to_in_008,0
2024,다나414917,to_in_001,5
2024,다나414917,to_in_007,0
2024,다나414917,to_in_008,0
2024,다나414944,to_in_001,5
2024,다나414944,to_in_007,0
2024,다나414944,to_in_008,0
2024,다나414945,to_in_001,0
2024,다나414945,to_in_007,0
2024,다나414945,to_in_008,0
2024,다나414949,to_in_001,0
2024,다나414949,to_in_007,0
2024,다나414949,to_in_008,0
2024,다나414952,to_in_001,5
2024,다나414952,to_in_007,5
2024,다나414952,to_in_008,0
2024,다나415864,to_in_001,13
2024,다나415864,to_in_007,8
2024,다나415864,to_in_008,5
2024,다나415865,to_in_001,8
2024,다나415865,to_in_007,5
2024,다나415865,to_in_008,5
2024,다나415866,to_in_001,5
2024,다나415866,to_in_007,0
2024,다나415866,to_in_008,5
2024,다나415867,to_in_001,5
2024,다나415867,to_in_007,5
2024,다나415867,to_in_008,5
2024,다나415870,to_in_001,13
2024,다나415870,to_in_007,8
2024,다나415870,to_in_008,8
2024,다나415872,to_in_001,5
2024,다나415872,to_in_007,5
2024,다나415872,to_in_008,0
2024,다나415881,to_in_001,5
2024,다나415881,to_in_007,5
2024,다나415881,to_in_008,5
2024,다나415882,to_in_001,5
2024,다나415882,to_in_007,0
2024,다나415882,to_in_008,5
2024,다나415898,to_in_001,5
2024,다나415898,to_in_007,5
2024,다나415898,to_in_008,5
2024,다나415899,to_in_001,5
2024,다나415899,to_in_007,5
2024,다나415899,to_in_008,0
2024,다나415900,to_in_001,13
2024,다나415900,to_in_007,8
2024,다나415900,to_in_008,8
2024,다나415901,to_in_001,13
2024,다나415901,to_in_007,8
2024,다나415901,to_in_008,8
2024,다나415902,to_in_001,18
2024,다나415902,to_in_007,8
2024,다나415902,to_in_008,8
2024,다나415905,to_in_001,5
2024,다나415905,to_in_007,0
2024,다나415905,to_in_008,0
2024,다나415956,to_in_001,5
2024,다나415956,to_in_007,0
2024,다나415956,to_in_008,5
2024,다나416869,to_in_001,5
2024,다나416869,to_in_007,5
2024,다나416869,to_in_008,0
2024,다나416870,to_in_001,13
2024,다나416870,to_in_007,8
2024,다나416870,to_in_008,8
2024,다나416871,to_in_001,8
2024,다나416871,to_in_007,5
2024,다나416871,to_in_008,5
2024,다나416875,to_in_001,33
2024,다나416875,to_in_007,18
2024,다나416875,to_in_008,13
2024,다나416876,to_in_001,5
2024,다나416876,to_in_007,0
2024,다나416876,to_in_008,0
2024,다나416882,to_in_001,5
2024,다나396931,to_in_008,5
2024,다나396946,to_in_001,5
2024,다나396946,to_in_007,0
2024,다나396946,to_in_008,5
2024,다나396953,to_in_001,28
2024,다나396953,to_in_007,13
2024,다나396953,to_in_008,13
2024,다나402934,to_in_001,0
2024,다나402934,to_in_007,0
2024,다나402934,to_in_008,0
2024,다나402935,to_in_001,8
2024,다나402935,to_in_007,5
2024,다나402935,to_in_008,5
2024,다나402942,to_in_001,5
2024,다나402942,to_in_007,5
2024,다나402942,to_in_008,0
2024,다나402945,to_in_001,5
2024,다나402945,to_in_007,0
2024,다나402945,to_in_008,0
2024,다나403841,to_in_001,5
2024,다나403841,to_in_007,5
2024,다나403841,to_in_008,0
2024,다나403854,to_in_001,8
2024,다나403854,to_in_007,5
2024,다나403854,to_in_008,5
2024,다나403858,to_in_001,5
2024,다나403858,to_in_007,5
2024,다나403858,to_in_008,0
2024,다나403868,to_in_001,0
2024,다나403868,to_in_007,0
2024,다나403868,to_in_008,0
2024,다나403935,to_in_001,8
2024,다나403935,to_in_007,5
2024,다나403935,to_in_008,5
2024,다나403943,to_in_001,8
2024,다나403943,to_in_007,8
2024,다나403943,to_in_008,5
2024,다나403945,to_in_001,0
2024,다나403945,to_in_007,0
2024,다나403945,to_in_008,0
2024,다나403946,to_in_001,8
2024,다나403946,to_in_007,5
2024,다나403946,to_in_008,8
2024,다나404842,to_in_001,8
2024,다나404842,to_in_007,8
2024,다나404842,to_in_008,5
2024,다나404852,to_in_001,23
2024,다나404852,to_in_007,13
2024,다나404852,to_in_008,8
2024,다나404853,to_in_001,8
2024,다나404853,to_in_007,5
2024,다나404853,to_in_008,0
2024,다나404854,to_in_001,8
2024,다나404854,to_in_007,5
2024,다나404854,to_in_008,8
2024,다나404868,to_in_001,5
2024,다나404868,to_in_007,0
2024,다나404868,to_in_008,5
2024,다나404893,to_in_001,5
2024,다나404893,to_in_007,5
2024,다나404893,to_in_008,0
2024,다나404934,to_in_001,5
2024,다나404934,to_in_007,0
2024,다나404934,to_in_008,0
2024,다나404945,to_in_001,8
2024,다나404945,to_in_007,8
2024,다나404945,to_in_008,5
2024,다나404969,to_in_001,5
2024,다나404969,to_in_007,5
2024,다나404969,to_in_008,0
2024,다나405842,to_in_001,14
2024,다나405842,to_in_007,11
2024,다나405842,to_in_008,0
2024,다나405847,to_in_001,5
2024,다나405847,to_in_007,0
2024,다나405847,to_in_008,0
2024,다나405857,to_in_001,5
2024,다나405857,to_in_007,5
2024,다나405857,to_in_008,0
2024,다나405868,to_in_001,8
2024,다나405868,to_in_007,8
2024,다나405868,to_in_008,8
2024,다나405869,to_in_001,5
2024,다나405869,to_in_007,0
2024,다나405869,to_in_008,0
2024,다나405903,to_in_001,0
2024,다나405903,to_in_007,0
2024,다나405903,to_in_008,0
2024,다나405939,to_in_001,5
2024,다나405939,to_in_007,5
2024,다나405939,to_in_008,0
2024,다나405943,to_in_001,0
2024,다나405943,to_in_007,0
2024,다나405943,to_in_008,0
2024,다나405945,to_in_001,8
2024,다나405945,to_in_007,8
2024,다나405945,to_in_008,5
2024,다나405946,to_in_001,5
2024,다나405946,to_in_007,5
2024,다나405946,to_in_008,0
2024,다나406843,to_in_001,5
2024,다나406843,to_in_007,5
2024,다나406843,to_in_008,0
2024,다나406845,to_in_001,5
2024,다나406845,to_in_007,5
2024,다나406845,to_in_008,0
2024,다나406851,to_in_001,5
2024,다나406851,to_in_007,0
2024,다나406851,to_in_008,0
2024,다나406858,to_in_001,5
2024,다나406858,to_in_007,5
2024,다나406858,to_in_008,5
2024,다나406861,to_in_001,18
2024,다나406861,to_in_007,8
2024,다나406861,to_in_008,8
2024,다나406862,to_in_001,5
2024,다나406862,to_in_007,0
2024,다나406862,to_in_008,5
2024,다나406867,to_in_001,5
2024,다나406867,to_in_007,0
2024,다나406867,to_in_008,5
2024,다나406931,to_in_001,5
2024,다나406931,to_in_007,5
2024,다나406931,to_in_008,0
2024,다나406932,to_in_001,5
2024,다나406932,to_in_007,5
2024,다나406932,to_in_008,0
2024,다나406933,to_in_001,5
2024,다나406933,to_in_007,0
2024,다나406933,to_in_008,5
2024,다나406935,to_in_001,5
2024,다나406935,to_in_007,5
2024,다나406935,to_in_008,0
2024,다나406936,to_in_001,8
2024,다나406936,to_in_007,5
2024,다나406936,to_in_008,8
2024,다나406938,to_in_001,8
2024,다나406938,to_in_007,5
2024,다나406938,to_in_008,8
2024,다나406939,to_in_001,0
2024,다나406939,to_in_007,0
2024,다나406939,to_in_008,0
2024,다나406942,to_in_001,5
2024,다나406942,to_in_007,0
2024,다나406942,to_in_008,5
2024,다나419904,to_in_001,5
2024,다나419904,to_in_007,5
2024,다나419904,to_in_008,0
2024,다나419905,to_in_001,5
2024,다나419905,to_in_007,0
2024,다나419905,to_in_008,0
2024,다나419908,to_in_001,5
2024,다나419908,to_in_007,5
2024,다나419908,to_in_008,5
2024,다나419943,to_in_001,5
2024,다나419943,to_in_007,5
2024,다나419943,to_in_008,0
2024,다나419953,to_in_001,0
2024,다나419953,to_in_007,0
2024,다나419953,to_in_008,0
2024,다나420873,to_in_001,0
2024,다나420873,to_in_007,0
2024,다나420873,to_in_008,0
2024,다나420874,to_in_001,8
2024,다나420874,to_in_007,5
2024,다나420874,to_in_008,8
2024,다나420875,to_in_001,18
2024,다나420875,to_in_007,13
2024,다나420875,to_in_008,8
2024,다나420876,to_in_001,23
2024,다나420876,to_in_007,8
2024,다나420876,to_in_008,13
2024,다나420877,to_in_001,18
2024,다나420877,to_in_007,8
2024,다나420877,to_in_008,13
2024,다나420878,to_in_001,38
2024,다나420878,to_in_007,18
2024,다나420878,to_in_008,23
2024,다나420879,to_in_001,8
2024,다나420879,to_in_007,5
2024,다나420879,to_in_008,8
2024,다나420880,to_in_001,23
2024,다나420880,to_in_007,13
2024,다나420880,to_in_008,8
2024,다나420881,to_in_001,13
2024,다나420881,to_in_007,8
2024,다나420881,to_in_008,8
2024,다나420882,to_in_001,5
2024,다나420882,to_in_007,5
2024,다나420882,to_in_008,5
2024,다나420889,to_in_001,5
2024,다나420889,to_in_007,0
2024,다나420889,to_in_008,5
2024,다나420898,to_in_001,5
2024,다나420898,to_in_007,5
2024,다나420898,to_in_008,5
2024,다나420899,to_in_001,5
2024,다나420899,to_in_007,0
2024,다나420899,to_in_008,5
2024,다나420902,to_in_001,0
2024,다나420902,to_in_007,0
2024,다나420902,to_in_008,0
2024,다나420942,to_in_001,5
2024,다나420942,to_in_007,5
2024,다나420942,to_in_008,0
2024,다나420943,to_in_001,13
2024,다나420943,to_in_007,8
2024,다나420943,to_in_008,5
2024,다나420944,to_in_001,5
2024,다나420944,to_in_007,5
2024,다나420944,to_in_008,0
2024,다나420951,to_in_001,5
2024,다나420951,to_in_007,5
2024,다나420951,to_in_008,5
2024,다나420952,to_in_001,5
2024,다나420952,to_in_007,0
2024,다나420952,to_in_008,5
2024,다나420953,to_in_001,5
2024,다나420953,to_in_007,5
2024,다나420953,to_in_008,5
2024,다나420954,to_in_001,8
2024,다나420954,to_in_007,5
2024,다나420954,to_in_008,5
2024,다나421874,to_in_001,5
2024,다나421874,to_in_007,5
2024,다나421874,to_in_008,5
2024,다나421875,to_in_001,18
2024,다나421875,to_in_007,13
2024,다나421875,to_in_008,8
2024,다나421876,to_in_001,18
2024,다나421876,to_in_007,8
2024,다나421876,to_in_008,8
2024,다나421877,to_in_001,18
2024,다나421877,to_in_007,8
2024,다나421877,to_in_008,8
2024,다나421878,to_in_001,33
2024,다나421878,to_in_007,23
2024,다나421878,to_in_008,8
2024,다나421879,to_in_001,69
2024,다나421879,to_in_007,33
2024,다나421879,to_in_008,34
2024,다나421880,to_in_001,13
2024,다나421880,to_in_007,8
2024,다나421880,to_in_008,8
2024,다나421881,to_in_001,8
2024,다나421881,to_in_007,5
2024,다나421881,to_in_008,8
2024,다나421882,to_in_001,13
2024,다나421882,to_in_007,5
2024,다나421882,to_in_008,8
2024,다나421890,to_in_001,5
2024,다나421890,to_in_007,0
2024,다나421890,to_in_008,0
2024,다나421902,to_in_001,0
2024,다나421902,to_in_007,0
2024,다나421902,to_in_008,0
2024,다나421903,to_in_001,5
2024,다나421903,to_in_007,0
2024,다나421903,to_in_008,5
2024,다나421912,to_in_001,5
2024,다나421912,to_in_007,0
2024,다나421912,to_in_008,0
2024,다나421943,to_in_001,5
2024,다나421943,to_in_007,0
2024,다나421943,to_in_008,0
2024,다나421944,to_in_001,5
2024,다나421944,to_in_007,5
2024,다나421944,to_in_008,0
2024,다나421950,to_in_001,5
2024,다나421950,to_in_007,0
2024,다나421950,to_in_008,0
2024,다나421951,to_in_001,5
2024,다나421951,to_in_007,0
2024,다나421951,to_in_008,0
2024,다나424948,to_in_001,8
2024,다나424948,to_in_007,5
2024,다나424948,to_in_008,5
2024,다나424949,to_in_001,5
2024,다나424949,to_in_007,5
2024,다나424949,to_in_008,0
2024,다나424950,to_in_001,5
2024,다나424950,to_in_007,5
2024,다나424950,to_in_008,5
2024,다나424951,to_in_001,13
2024,다나424951,to_in_007,8
2024,다나424951,to_in_008,8
2024,다나424952,to_in_001,8
2024,다나424952,to_in_007,5
2024,다나424952,to_in_008,5
2024,다나424953,to_in_001,5
2024,다나424953,to_in_007,0
2024,다나424953,to_in_008,5
2024,다나424954,to_in_001,0
2024,다나402932,to_in_001,5
2024,다나402932,to_in_007,0
2024,다나402932,to_in_008,0
2024,다나440980,to_in_001,8
2024,다나440980,to_in_007,5
2024,다나440980,to_in_008,5
2024,다나440981,to_in_001,28
2024,다나440981,to_in_007,18
2024,다나440981,to_in_008,8
2024,다나440982,to_in_001,33
2024,다나440982,to_in_007,13
2024,다나440982,to_in_008,18
2024,다나440983,to_in_001,40
2024,다나440983,to_in_007,30
2024,다나440983,to_in_008,8
2024,다나440984,to_in_001,13
2024,다나440984,to_in_007,8
2024,다나440984,to_in_008,8
2024,다나440990,to_in_001,8
2024,다나440990,to_in_007,5
2024,다나440990,to_in_008,5
2024,다나441896,to_in_001,8
2024,다나441896,to_in_007,8
2024,다나441896,to_in_008,5
2024,다나441897,to_in_001,8
2024,다나441897,to_in_007,5
2024,다나441897,to_in_008,5
2024,다나441898,to_in_001,5
2024,다나441898,to_in_007,0
2024,다나441898,to_in_008,5
2024,다나441899,to_in_001,5
2024,다나441899,to_in_007,5
2024,다나441899,to_in_008,5
2024,다나441901,to_in_001,0
2024,다나441901,to_in_007,0
2024,다나441901,to_in_008,0
2024,다나441902,to_in_001,8
2024,다나441902,to_in_007,5
2024,다나441902,to_in_008,5
2024,다나441903,to_in_001,8
2024,다나441903,to_in_007,5
2024,다나441903,to_in_008,8
2024,다나441904,to_in_001,13
2024,다나441904,to_in_007,8
2024,다나441904,to_in_008,5
2024,다나441905,to_in_001,8
2024,다나441905,to_in_007,5
2024,다나441905,to_in_008,5
2024,다나441906,to_in_001,5
2024,다나441906,to_in_007,5
2024,다나441906,to_in_008,0
2024,다나441907,to_in_001,5
2024,다나441907,to_in_007,0
2024,다나441907,to_in_008,5
2024,다나441908,to_in_001,8
2024,다나441908,to_in_007,5
2024,다나441908,to_in_008,5
2024,다나441909,to_in_001,13
2024,다나441909,to_in_007,5
2024,다나441909,to_in_008,8
2024,다나441910,to_in_001,13
2024,다나441910,to_in_007,5
2024,다나441910,to_in_008,8
2024,다나441911,to_in_001,18
2024,다나441911,to_in_007,8
2024,다나441911,to_in_008,13
2024,다나441912,to_in_001,23
2024,다나441912,to_in_007,13
2024,다나441912,to_in_008,8
2024,다나441913,to_in_001,13
2024,다나441913,to_in_007,8
2024,다나441913,to_in_008,8
2024,다나441914,to_in_001,5
2024,다나441914,to_in_007,5
2024,다나441914,to_in_008,0
2024,다나441949,to_in_001,8
2024,다나441949,to_in_007,8
2024,다나441949,to_in_008,5
2024,다나441950,to_in_001,8
2024,다나441950,to_in_007,5
2024,다나441950,to_in_008,5
2024,다나441978,to_in_001,8
2024,다나441978,to_in_007,5
2024,다나441978,to_in_008,5
2024,다나441979,to_in_001,8
2024,다나441979,to_in_007,8
2024,다나441979,to_in_008,5
2024,다나441980,to_in_001,8
2024,다나441980,to_in_007,5
2024,다나441980,to_in_008,5
2024,다나441981,to_in_001,18
2024,다나441981,to_in_007,13
2024,다나441981,to_in_008,8
2024,다나441982,to_in_001,33
2024,다나441982,to_in_007,23
2024,다나441982,to_in_008,8
2024,다나441983,to_in_001,5
2024,다나441983,to_in_007,5
2024,다나441983,to_in_008,0
2024,다나441984,to_in_001,8
2024,다나414895,to_in_007,0
2024,다나414895,to_in_008,5
2024,다나421952,to_in_001,5
2024,다나421952,to_in_007,5
2024,다나421952,to_in_008,5
2024,다나421953,to_in_001,5
2024,다나421953,to_in_007,0
2024,다나421953,to_in_008,0
2024,다나421954,to_in_001,5
2024,다나421954,to_in_007,0
2024,다나421954,to_in_008,0
2024,다나422875,to_in_001,13
2024,다나422875,to_in_007,5
2024,다나422875,to_in_008,8
2024,다나422876,to_in_001,28
2024,다나422876,to_in_007,18
2024,다나422876,to_in_008,13
2024,다나422877,to_in_001,18
2024,다나422877,to_in_007,8
2024,다나422877,to_in_008,8
2024,다나422878,to_in_001,33
2024,다나422878,to_in_007,8
2024,다나422878,to_in_008,23
2024,다나422879,to_in_001,33
2024,다나422879,to_in_007,13
2024,다나422879,to_in_008,18
2024,다나422880,to_in_001,8
2024,다나422880,to_in_007,8
2024,다나422880,to_in_008,5
2024,다나422881,to_in_001,23
2024,다나422881,to_in_007,13
2024,다나422881,to_in_008,13
2024,다나422882,to_in_001,13
2024,다나422882,to_in_007,8
2024,다나422882,to_in_008,8
2024,다나422899,to_in_001,8
2024,다나422899,to_in_007,5
2024,다나422899,to_in_008,5
2024,다나422948,to_in_001,13
2024,다나422948,to_in_007,8
2024,다나422948,to_in_008,8
2024,다나422949,to_in_001,8
2024,다나422949,to_in_007,5
2024,다나422949,to_in_008,5
2024,다나422950,to_in_001,5
2024,다나422950,to_in_007,0
2024,다나422950,to_in_008,0
2024,다나422951,to_in_001,5
2024,다나422951,to_in_007,5
2024,다나422951,to_in_008,0
2024,다나422952,to_in_001,8
2024,다나422952,to_in_007,5
2024,다나422952,to_in_008,8
2024,다나422953,to_in_001,8
2024,다나422953,to_in_007,5
2024,다나422953,to_in_008,5
2024,다나422954,to_in_001,13
2024,다나422954,to_in_007,5
2024,다나422954,to_in_008,8
2024,다나423877,to_in_001,18
2024,다나423877,to_in_007,8
2024,다나423877,to_in_008,8
2024,다나423878,to_in_001,23
2024,다나423878,to_in_007,13
2024,다나423878,to_in_008,13
2024,다나423879,to_in_001,13
2024,다나423879,to_in_007,8
2024,다나423879,to_in_008,8
2024,다나423880,to_in_001,8
2024,다나423880,to_in_007,5
2024,다나423880,to_in_008,5
2024,다나423881,to_in_001,23
2024,다나423881,to_in_007,13
2024,다나423881,to_in_008,13
2024,다나423882,to_in_001,8
2024,다나423882,to_in_007,8
2024,다나423882,to_in_008,5
2024,다나423883,to_in_001,8
2024,다나423883,to_in_007,0
2024,다나423883,to_in_008,8
2024,다나423885,to_in_001,0
2024,다나423885,to_in_007,0
2024,다나423885,to_in_008,0
2024,다나423938,to_in_001,5
2024,다나423938,to_in_007,0
2024,다나423938,to_in_008,0
2024,다나423944,to_in_001,5
2024,다나423944,to_in_007,5
2024,다나423944,to_in_008,0
2024,다나423947,to_in_001,5
2024,다나423947,to_in_007,5
2024,다나423947,to_in_008,0
2024,다나423948,to_in_001,5
2024,다나423948,to_in_007,5
2024,다나423948,to_in_008,5
2024,다나423949,to_in_001,13
2024,다나423949,to_in_007,5
2024,다나423949,to_in_008,8
2024,다나423950,to_in_001,0
2024,다나423950,to_in_007,0
2024,다나423950,to_in_008,0
2024,다나423951,to_in_001,13
2024,다나423951,to_in_007,8
2024,다나423951,to_in_008,5
2024,다나423952,to_in_001,8
2024,다나423952,to_in_007,0
2024,다나423952,to_in_008,8
2024,다나423953,to_in_001,13
2024,다나423953,to_in_007,8
2024,다나423953,to_in_008,8
2024,다나423954,to_in_001,5
2024,다나423954,to_in_007,0
2024,다나423954,to_in_008,5
2024,다나424878,to_in_001,13
2024,다나424878,to_in_007,8
2024,다나424878,to_in_008,8
2024,다나424881,to_in_001,8
2024,다나424881,to_in_007,5
2024,다나424881,to_in_008,5
2024,다나424883,to_in_001,0
2024,다나424883,to_in_007,0
2024,다나424883,to_in_008,0
2024,다나424884,to_in_001,8
2024,다나424884,to_in_007,5
2024,다나424884,to_in_008,5
2024,다나424885,to_in_001,0
2024,다나424885,to_in_007,0
2024,다나424885,to_in_008,0
2024,다나424900,to_in_001,5
2024,다나424900,to_in_007,5
2024,다나424900,to_in_008,0
2024,다나424927,to_in_001,5
2024,다나424927,to_in_007,0
2024,다나424927,to_in_008,0
2024,다나424945,to_in_001,5
2024,다나424945,to_in_007,5
2024,다나424945,to_in_008,0
2024,다나424947,to_in_001,5
2024,다나424947,to_in_007,5
2024,다나424947,to_in_008,0
2024,다나426948,to_in_001,8
2024,다나426948,to_in_007,5
2024,다나426948,to_in_008,5
2024,다나426949,to_in_001,18
2024,다나426949,to_in_007,8
2024,다나426949,to_in_008,8
2024,다나426951,to_in_001,8
2024,다나426951,to_in_007,5
2024,다나426951,to_in_008,5
2024,다나426952,to_in_001,8
2024,다나426952,to_in_007,5
2024,다나426952,to_in_008,5
2024,다나426953,to_in_001,5
2024,다나426953,to_in_007,5
2024,다나426953,to_in_008,0
2024,다나427884,to_in_001,0
2024,다나427884,to_in_007,0
2024,다나427884,to_in_008,0
2024,다나427885,to_in_001,8
2024,다나427885,to_in_007,5
2024,다나427885,to_in_008,5
2024,다나427903,to_in_001,5
2024,다나427903,to_in_007,0
2024,다나427903,to_in_008,0
2024,다나427905,to_in_001,5
2024,다나427905,to_in_007,0
2024,다나427905,to_in_008,5
2024,다나427947,to_in_001,13
2024,다나427947,to_in_007,8
2024,다나427947,to_in_008,5
2024,다나427948,to_in_001,13
2024,다나427948,to_in_007,8
2024,다나427948,to_in_008,8
2024,다나427949,to_in_001,5
2024,다나427949,to_in_007,5
2024,다나427949,to_in_008,0
2024,다나427950,to_in_001,5
2024,다나427950,to_in_007,5
2024,다나427950,to_in_008,5
2024,다나427951,to_in_001,8
2024,다나427951,to_in_007,5
2024,다나427951,to_in_008,8
2024,다나427952,to_in_001,8
2024,다나427952,to_in_007,8
2024,다나427952,to_in_008,5
2024,다나427953,to_in_001,5
2024,다나427953,to_in_007,5
2024,다나427953,to_in_008,0
2024,다나428885,to_in_001,8
2024,다나428885,to_in_007,8
2024,다나428885,to_in_008,5
2024,다나428903,to_in_001,5
2024,다나428903,to_in_007,0
2024,다나428903,to_in_008,5
2024,다나428917,to_in_001,8
2024,다나428917,to_in_007,5
2024,다나428917,to_in_008,5
2024,다나428945,to_in_001,5
2024,다나428945,to_in_007,0
2024,다나428945,to_in_008,5
2024,다나428946,to_in_001,5
2024,다나428946,to_in_007,5
2024,다나428946,to_in_008,5
2024,다나428947,to_in_001,8
2024,다나428947,to_in_007,8
2024,다나428947,to_in_008,5
2024,다나428948,to_in_001,8
2024,다나428948,to_in_007,8
2024,다나428948,to_in_008,8
2024,다나428949,to_in_001,19
2024,다나428949,to_in_007,14
2024,다나428949,to_in_008,8
2024,다나428950,to_in_001,5
2024,다나428950,to_in_007,0
2024,다나428950,to_in_008,5
2024,다나428951,to_in_001,0
2024,다나428951,to_in_007,0
2024,다나428951,to_in_008,0
2024,다나428952,to_in_001,8
2024,다나428952,to_in_007,5
2024,다나428952,to_in_008,8
2024,다나435898,to_in_001,5
2024,다나435898,to_in_007,0
2024,다나435898,to_in_008,5
2024,다나435899,to_in_001,0
2024,다나435899,to_in_007,0
2024,다나435899,to_in_008,0
2024,다나435904,to_in_001,5
2024,다나435904,to_in_007,5
2024,다나435904,to_in_008,5
2024,다나435907,to_in_001,8
2024,다나435907,to_in_007,0
2024,다나435907,to_in_008,8
2024,다나435908,to_in_001,8
2024,다나435908,to_in_007,8
2024,다나435908,to_in_008,5
2024,다나435914,to_in_001,8
2024,다나435914,to_in_007,8
2024,다나435914,to_in_008,5
2024,다나435948,to_in_001,5
2024,다나435948,to_in_007,5
2024,다나435948,to_in_008,0
2024,다나435953,to_in_001,5
2024,다나435953,to_in_007,5
2024,다나435953,to_in_008,0
2024,다나436897,to_in_001,5
2024,다나436897,to_in_007,5
2024,다나436897,to_in_008,0
2024,다나436904,to_in_001,5
2024,다나436904,to_in_007,5
2024,다나436904,to_in_008,0
2024,다나436907,to_in_001,5
2024,다나436907,to_in_007,0
2024,다나436907,to_in_008,0
2024,다나436910,to_in_001,5
2024,다나436910,to_in_007,0
2024,다나436910,to_in_008,5
2024,다나436914,to_in_001,5
2024,다나436914,to_in_007,0
2024,다나436914,to_in_008,5
2024,다나436915,to_in_001,5
2024,다나436915,to_in_007,0
2024,다나436915,to_in_008,5
2024,다나436967,to_in_001,5
2024,다나436967,to_in_007,5
2024,다나436967,to_in_008,0
2024,다나436980,to_in_001,5
2024,다나436980,to_in_007,0
2024,다나436980,to_in_008,0
2024,다나436982,to_in_001,5
2024,다나436982,to_in_007,5
2024,다나436982,to_in_008,5
2024,다나437887,to_in_001,5
2024,다나437887,to_in_007,5
2024,다나437887,to_in_008,0
2024,다나437903,to_in_001,5
2024,다나437903,to_in_007,5
2024,다나437903,to_in_008,0
2024,다나437907,to_in_001,5
2024,다나437907,to_in_007,0
2024,다나437907,to_in_008,0
2024,다나437910,to_in_001,0
2024,다나437910,to_in_007,0
2024,다나437910,to_in_008,0
2024,다나437930,to_in_001,5
2024,다나437930,to_in_007,5
2024,다나437930,to_in_008,0
2024,다나437952,to_in_001,5
2024,다나437952,to_in_007,5
2024,다나437952,to_in_008,0
2024,다나437982,to_in_001,5
2024,다나437982,to_in_007,0
2024,다나437982,to_in_008,5
2024,다나441984,to_in_007,5
2024,다나441984,to_in_008,5
2024,다나441999,to_in_001,23
2024,다나441999,to_in_007,13
2024,다나441999,to_in_008,13
2024,다나442889,to_in_001,13
2024,다나442889,to_in_007,13
2024,다나442889,to_in_008,0
2024,다나442898,to_in_001,8
2024,다나442898,to_in_007,5
2024,다나442898,to_in_008,5
2024,다나442900,to_in_001,5
2024,다나442900,to_in_007,5
2024,다나442900,to_in_008,5
2024,다나442901,to_in_001,5
2024,다나442901,to_in_007,0
2024,다나442901,to_in_008,5
2024,다나442902,to_in_001,8
2024,다나442902,to_in_007,0
2024,다나442902,to_in_008,5
2024,다나442903,to_in_001,5
2024,다나442903,to_in_007,0
2024,다나442903,to_in_008,0
2024,다나442904,to_in_001,5
2024,다나442904,to_in_007,5
2024,다나442904,to_in_008,5
2024,다나442905,to_in_001,13
2024,다나442905,to_in_007,8
2024,다나442905,to_in_008,8
2024,다나442906,to_in_001,5
2024,다나442906,to_in_007,5
2024,다나442906,to_in_008,0
2024,다나442908,to_in_001,18
2024,다나442908,to_in_007,8
2024,다나442908,to_in_008,8
2024,다나442909,to_in_001,13
2024,다나442909,to_in_007,8
2024,다나442909,to_in_008,8
2024,다나442910,to_in_001,8
2024,다나442910,to_in_007,8
2024,다나442910,to_in_008,8
2024,다나442911,to_in_001,13
2024,다나442911,to_in_007,8
2024,다나442911,to_in_008,8
2024,다나442913,to_in_001,8
2024,다나442913,to_in_007,8
2024,다나442913,to_in_008,5
2024,다나442915,to_in_001,5
2024,다나442915,to_in_007,0
2024,다나442915,to_in_008,5
2024,다나442948,to_in_001,8
2024,다나442948,to_in_007,8
2024,다나442948,to_in_008,5
2024,다나442949,to_in_001,8
2024,다나442949,to_in_007,5
2024,다나442949,to_in_008,5
2024,다나442950,to_in_001,18
2024,다나442950,to_in_007,13
2024,다나442950,to_in_008,8
2024,다나418905,to_in_007,5
2024,다나418905,to_in_008,5
2024,다나418909,to_in_001,18
2024,다나418909,to_in_007,8
2024,다나418909,to_in_008,8
2024,다나418941,to_in_001,5
2024,다나418941,to_in_007,5
2024,다나418941,to_in_008,0
2024,다나418942,to_in_001,5
2024,다나418942,to_in_007,0
2024,다나418942,to_in_008,5
2024,다나418945,to_in_001,5
2024,다나418945,to_in_007,5
2024,다나418945,to_in_008,0
2024,다나418950,to_in_001,5
2024,다나418950,to_in_007,5
2024,다나418950,to_in_008,0
2024,다나418951,to_in_001,5
2024,다나418951,to_in_007,0
2024,다나418951,to_in_008,0
2024,다나418953,to_in_001,8
2024,다나418953,to_in_007,8
2024,다나418953,to_in_008,5
2024,다나419873,to_in_001,8
2024,다나419873,to_in_007,8
2024,다나419873,to_in_008,0
2024,다나419875,to_in_001,8
2024,다나419875,to_in_007,5
2024,다나419875,to_in_008,5
2024,다나419876,to_in_001,33
2024,다나419876,to_in_007,18
2024,다나419876,to_in_008,13
2024,다나419877,to_in_001,23
2024,다나419877,to_in_007,13
2024,다나419877,to_in_008,13
2024,다나419878,to_in_001,8
2024,다나419878,to_in_007,8
2024,다나419878,to_in_008,5
2024,다나419879,to_in_001,5
2024,다나419879,to_in_007,5
2024,다나419879,to_in_008,5
2024,다나419880,to_in_001,13
2024,다나419880,to_in_007,8
2024,다나419880,to_in_008,8
2024,다나419881,to_in_001,8
2024,다나419881,to_in_007,5
2024,다나419881,to_in_008,8
2024,다나419889,to_in_001,8
2024,다나419889,to_in_007,5
2024,다나419889,to_in_008,8
2024,다나419899,to_in_001,8
2024,다나419899,to_in_007,5
2024,다나419899,to_in_008,5
2024,다나419900,to_in_001,5
2024,다나419900,to_in_007,5
2024,다나419900,to_in_008,0
2024,다나419901,to_in_001,0
2024,다나419901,to_in_007,0
2024,다나419901,to_in_008,0
2024,다나419902,to_in_001,8
2024,다나419902,to_in_007,5
2024,다나419902,to_in_008,5
2024,다나428958,to_in_001,5
2024,다나428958,to_in_007,0
2024,다나428958,to_in_008,5
2024,다나429883,to_in_001,8
2024,다나429883,to_in_007,5
2024,다나429883,to_in_008,5
2024,다나429884,to_in_001,8
2024,다나429884,to_in_007,5
2024,다나429884,to_in_008,5
2024,다나429885,to_in_001,8
2024,다나429885,to_in_007,8
2024,다나429885,to_in_008,0
2024,다나429897,to_in_001,5
2024,다나429897,to_in_007,5
2024,다나429897,to_in_008,5
2024,다나429903,to_in_001,5
2024,다나429903,to_in_007,0
2024,다나429903,to_in_008,5
2024,다나429914,to_in_001,13
2024,다나429914,to_in_007,8
2024,다나429914,to_in_008,5
2024,다나429915,to_in_001,0
2024,다나429915,to_in_007,0
2024,다나429915,to_in_008,0
2024,다나429917,to_in_001,8
2024,다나429917,to_in_007,5
2024,다나429917,to_in_008,5
2024,다나429942,to_in_001,8
2024,다나429942,to_in_007,5
2024,다나429942,to_in_008,5
2024,다나429944,to_in_001,5
2024,다나429944,to_in_007,5
2024,다나429944,to_in_008,0
2024,다나429946,to_in_001,0
2024,다나429946,to_in_007,0
2024,다나429946,to_in_008,0
2024,다나429947,to_in_001,5
2024,다나429947,to_in_007,5
2024,다나429947,to_in_008,0
2024,다나429948,to_in_001,8
2024,다나429948,to_in_007,5
2024,다나429948,to_in_008,8
2024,다나429949,to_in_001,8
2024,다나429949,to_in_007,5
2024,다나429949,to_in_008,5
2024,다나429950,to_in_001,28
2024,다나429950,to_in_007,13
2024,다나429950,to_in_008,13
2024,다나429951,to_in_001,0
2024,다나429951,to_in_007,0
2024,다나429951,to_in_008,0
2024,다나429953,to_in_001,5
2024,다나429953,to_in_007,0
2024,다나429953,to_in_008,0
2024,다나429955,to_in_001,5
2024,다나429955,to_in_007,0
2024,다나429955,to_in_008,0
2024,다나429981,to_in_001,0
2024,다나429981,to_in_007,0
2024,다나429981,to_in_008,0
2024,다나430884,to_in_001,5
2024,다나430884,to_in_007,0
2024,다나430884,to_in_008,0
2024,다나430887,to_in_001,5
2024,다나430887,to_in_007,5
2024,다나430887,to_in_008,0
2024,다나430897,to_in_001,18
2024,다나430897,to_in_007,8
2024,다나430897,to_in_008,8
2024,다나430903,to_in_001,8
2024,다나430903,to_in_007,5
2024,다나430903,to_in_008,8
2024,다나430905,to_in_001,5
2024,다나430905,to_in_007,5
2024,다나430905,to_in_008,0
2024,다나430924,to_in_001,5
2024,다나430924,to_in_007,5
2024,다나430924,to_in_008,0
2024,다나430948,to_in_001,8
2024,다나430948,to_in_007,8
2024,다나430948,to_in_008,5
2024,다나438908,to_in_001,38
2024,다나438908,to_in_007,18
2024,다나438908,to_in_008,18
2024,다나438912,to_in_001,0
2024,다나438912,to_in_007,0
2024,다나438912,to_in_008,0
2024,다나438913,to_in_001,5
2024,다나438913,to_in_007,0
2024,다나438913,to_in_008,5
2024,다나438914,to_in_001,5
2024,다나438914,to_in_007,0
2024,다나438914,to_in_008,5
2024,다나438926,to_in_001,5
2024,다나438926,to_in_007,0
2024,다나438926,to_in_008,5
2024,다나438949,to_in_001,8
2024,다나438949,to_in_007,8
2024,다나438949,to_in_008,5
2024,다나438950,to_in_001,13
2024,다나438950,to_in_007,8
2024,다나438950,to_in_008,8
2024,다나438980,to_in_001,8
2024,다나438980,to_in_007,5
2024,다나438980,to_in_008,5
2024,다나438981,to_in_001,18
2024,다나438981,to_in_007,8
2024,다나438981,to_in_008,8
2024,다나438982,to_in_001,5
2024,다나438982,to_in_007,0
2024,다나438982,to_in_008,5
2024,다나438984,to_in_001,8
2024,다나438984,to_in_007,5
2024,다나438984,to_in_008,5
2024,다나438985,to_in_001,5
2024,다나438985,to_in_007,0
2024,다나438985,to_in_008,0
2024,다나438986,to_in_001,5
2024,다나438986,to_in_007,0
2024,다나438986,to_in_008,5
2024,다나439902,to_in_001,8
2024,다나439902,to_in_007,5
2024,다나439902,to_in_008,8
2024,다나439903,to_in_001,5
2024,다나439903,to_in_007,0
2024,다나439903,to_in_008,5
2024,다나439906,to_in_001,18
2024,다나439906,to_in_007,13
2024,다나439906,to_in_008,5
2024,다나439907,to_in_001,13
2024,다나439907,to_in_007,8
2024,다나439907,to_in_008,8
2024,다나439908,to_in_001,8
2024,다나439908,to_in_007,8
2024,다나439908,to_in_008,8
2024,다나439909,to_in_001,13
2024,다나439909,to_in_007,8
2024,다나439909,to_in_008,8
2024,다나439910,to_in_001,38
2024,다나439910,to_in_007,23
2024,다나439910,to_in_008,13
2024,다나439911,to_in_001,8
2024,다나439911,to_in_007,5
2024,다나439911,to_in_008,5
2024,다나439912,to_in_001,13
2024,다나439912,to_in_007,8
2024,다나439912,to_in_008,8
2024,다나439914,to_in_001,5
2024,다나439914,to_in_007,0
2024,다나439914,to_in_008,0
2024,다나439927,to_in_001,5
2024,다나439927,to_in_007,0
2024,다나439927,to_in_008,0
2024,다나439945,to_in_001,8
2024,다나439945,to_in_007,5
2024,다나439945,to_in_008,8
2024,다나439950,to_in_001,53
2024,다나439950,to_in_007,23
2024,다나439950,to_in_008,28
2024,다나439953,to_in_001,8
2024,다나439953,to_in_007,8
2024,다나439953,to_in_008,5
2024,다나444964,to_in_001,5
2024,다나444964,to_in_007,0
2024,다나444964,to_in_008,0
2024,다나444965,to_in_001,8
2024,다나444965,to_in_007,5
2024,다나444965,to_in_008,5
2024,다나444966,to_in_001,13
2024,다나444966,to_in_007,8
2024,다나444966,to_in_008,5
2024,다나444967,to_in_001,5
2024,다나444967,to_in_007,5
2024,다나444967,to_in_008,5
2024,다나444968,to_in_001,5
2024,다나444968,to_in_007,5
2024,다나444968,to_in_008,0
2024,다나444979,to_in_001,5
2024,다나444979,to_in_007,5
2024,다나444979,to_in_008,0
2024,다나444981,to_in_001,8
2024,다나444981,to_in_007,8
2024,다나444981,to_in_008,5
2024,다나444982,to_in_001,18
2024,다나444982,to_in_007,18
2024,다나444982,to_in_008,5
2024,다나444983,to_in_001,5
2024,다나444983,to_in_007,0
2024,다나444983,to_in_008,5
2024,다나445899,to_in_001,5
2024,다나445899,to_in_007,5
2024,다나445899,to_in_008,5
2024,다나445900,to_in_001,8
2024,다나445900,to_in_007,5
2024,다나445900,to_in_008,5
2024,다나445901,to_in_001,5
2024,다나445901,to_in_007,5
2024,다나445901,to_in_008,5
2024,다나445904,to_in_001,0
2024,다나445904,to_in_007,0
2024,다나445904,to_in_008,0
2024,다나445905,to_in_001,8
2024,다나445905,to_in_007,8
2024,다나445905,to_in_008,5
2024,다나445906,to_in_001,8
2024,다나445906,to_in_007,8
2024,다나445906,to_in_008,5
2024,다나445907,to_in_001,18
2024,다나445907,to_in_007,13
2024,다나445907,to_in_008,8
2024,다나445908,to_in_001,8
2024,다나445908,to_in_007,5
2024,다나445908,to_in_008,8
2024,다나445909,to_in_001,8
2024,다나445909,to_in_007,5
2024,다나445909,to_in_008,5
2024,다나445910,to_in_001,0
2024,다나445910,to_in_007,0
2024,다나445910,to_in_008,0
2024,다나445912,to_in_001,8
2024,다나445912,to_in_007,5
2024,다나445912,to_in_008,5
2024,다나445951,to_in_001,23
2024,다나445951,to_in_007,8
2024,다나445951,to_in_008,13
2024,다나445952,to_in_001,33
2024,다나445952,to_in_007,18
2024,다나445952,to_in_008,13
2024,다나445953,to_in_001,8
2024,다나445953,to_in_007,8
2024,다나445953,to_in_008,0
2024,다나416882,to_in_007,5
2024,다나416882,to_in_008,0
2024,다나416890,to_in_001,5
2024,다나416890,to_in_007,0
2024,다나416890,to_in_008,0
2024,다나416899,to_in_001,8
2024,다나416899,to_in_007,5
2024,다나416899,to_in_008,5
2024,다나416900,to_in_001,18
2024,다나416900,to_in_007,13
2024,다나416900,to_in_008,8
2024,다나416901,to_in_001,5
2024,다나416901,to_in_007,0
2024,다나416901,to_in_008,5
2024,다나416902,to_in_001,8
2024,다나416902,to_in_007,5
2024,다나416902,to_in_008,5
2024,다나416903,to_in_001,5
2024,다나416903,to_in_007,5
2024,다나416903,to_in_008,0
2024,다나416940,to_in_001,0
2024,다나416940,to_in_007,0
2024,다나416940,to_in_008,0
2024,다나416941,to_in_001,8
2024,다나416941,to_in_007,8
2024,다나416941,to_in_008,5
2024,다나416942,to_in_001,8
2024,다나416942,to_in_007,5
2024,다나416942,to_in_008,5
2024,다나417871,to_in_001,5
2024,다나417871,to_in_007,0
2024,다나417871,to_in_008,0
2024,다나417873,to_in_001,5
2024,다나417873,to_in_007,5
2024,다나417873,to_in_008,5
2024,다나417874,to_in_001,8
2024,다나417874,to_in_007,5
2024,다나417874,to_in_008,5
2024,다나417875,to_in_001,13
2024,다나417875,to_in_007,8
2024,다나417875,to_in_008,8
2024,다나417876,to_in_001,51
2024,다나417876,to_in_007,26
2024,다나417876,to_in_008,23
2024,다나417878,to_in_001,5
2024,다나417878,to_in_007,5
2024,다나417878,to_in_008,0
2024,다나417879,to_in_001,23
2024,다나417879,to_in_007,8
2024,다나417879,to_in_008,13
2024,다나417881,to_in_001,13
2024,다나417881,to_in_007,8
2024,다나417881,to_in_008,8
2024,다나417882,to_in_001,13
2024,다나417882,to_in_007,8
2024,다나417882,to_in_008,8
2024,다나417889,to_in_001,13
2024,다나417889,to_in_007,8
2024,다나417889,to_in_008,5
2024,다나430949,to_in_001,13
2024,다나430949,to_in_007,5
2024,다나430949,to_in_008,13
2024,다나430951,to_in_001,8
2024,다나430951,to_in_007,5
2024,다나430951,to_in_008,8
2024,다나430952,to_in_001,13
2024,다나430952,to_in_007,8
2024,다나430952,to_in_008,8
2024,다나430953,to_in_001,18
2024,다나430953,to_in_007,8
2024,다나430953,to_in_008,8
2024,다나430954,to_in_001,8
2024,다나430954,to_in_007,8
2024,다나430954,to_in_008,5
2024,다나430981,to_in_001,8
2024,다나430981,to_in_007,8
2024,다나430981,to_in_008,5
2024,다나430982,to_in_001,13
2024,다나430982,to_in_007,8
2024,다나430982,to_in_008,5
2024,다나431887,to_in_001,13
2024,다나431887,to_in_007,8
2024,다나431887,to_in_008,8
2024,다나431906,to_in_001,5
2024,다나431906,to_in_007,0
2024,다나431906,to_in_008,5
2024,다나431947,to_in_001,8
2024,다나431947,to_in_007,8
2024,다나431947,to_in_008,5
2024,다나431948,to_in_001,13
2024,다나431948,to_in_007,5
2024,다나431948,to_in_008,8
2024,다나431949,to_in_001,8
2024,다나431949,to_in_007,5
2024,다나431949,to_in_008,5
2024,다나431951,to_in_001,8
2024,다나431951,to_in_007,5
2024,다나431951,to_in_008,5
2024,다나431952,to_in_001,5
2024,다나431952,to_in_007,5
2024,다나431952,to_in_008,5
2024,다나431954,to_in_001,8
2024,다나431954,to_in_007,5
2024,다나431954,to_in_008,5
2024,다나431967,to_in_001,0
2024,다나431967,to_in_007,0
2024,다나431967,to_in_008,0
2024,다나432886,to_in_001,5
2024,다나432886,to_in_007,5
2024,다나432886,to_in_008,0
2024,다나432887,to_in_001,8
2024,다나432887,to_in_007,5
2024,다나432887,to_in_008,5
2024,다나432890,to_in_001,5
2024,다나432890,to_in_007,0
2024,다나432890,to_in_008,5
2024,다나432903,to_in_001,5
2024,다나432903,to_in_007,5
2024,다나432903,to_in_008,0
2024,다나432906,to_in_001,5
2024,다나432906,to_in_007,5
2024,다나432906,to_in_008,5
2024,다나432944,to_in_001,0
2024,다나432944,to_in_007,0
2024,다나432944,to_in_008,0
2024,다나432947,to_in_001,5
2024,다나432947,to_in_007,5
2024,다나432947,to_in_008,5
2024,다나432949,to_in_001,5
2024,다나432949,to_in_007,0
2024,다나432949,to_in_008,5
2024,다나432952,to_in_001,8
2024,다나432952,to_in_007,5
2024,다나432952,to_in_008,5
2024,다나432953,to_in_001,8
2024,다나432953,to_in_007,5
2024,다나432953,to_in_008,5
2024,다나432954,to_in_001,13
2024,다나432954,to_in_007,8
2024,다나432954,to_in_008,8
2024,다나439967,to_in_001,5
2024,다나439967,to_in_007,0
2024,다나439967,to_in_008,5
2024,다나439979,to_in_001,5
2024,다나439979,to_in_007,5
2024,다나439979,to_in_008,5
2024,다나439980,to_in_001,8
2024,다나439980,to_in_007,5
2024,다나439980,to_in_008,8
2024,다나439981,to_in_001,28
2024,다나439981,to_in_007,18
2024,다나439981,to_in_008,13
2024,다나439982,to_in_001,28
2024,다나439982,to_in_007,18
2024,다나439982,to_in_008,13
2024,다나439983,to_in_001,28
2024,다나439983,to_in_007,13
2024,다나439983,to_in_008,13
2024,다나439984,to_in_001,18
2024,다나439984,to_in_007,13
2024,다나439984,to_in_008,8
2024,다나439985,to_in_001,33
2024,다나439985,to_in_007,18
2024,다나439985,to_in_008,13
2024,다나439989,to_in_001,5
2024,다나439989,to_in_007,0
2024,다나439989,to_in_008,5
2024,다나440888,to_in_001,8
2024,다나440888,to_in_007,8
2024,다나440888,to_in_008,5
2024,다나440902,to_in_001,8
2024,다나440902,to_in_007,5
2024,다나440902,to_in_008,8
2024,다나440903,to_in_001,8
2024,다나440903,to_in_007,8
2024,다나440903,to_in_008,0
2024,다나440904,to_in_001,8
2024,다나440904,to_in_007,5
2024,다나440904,to_in_008,5
2024,다나440905,to_in_001,5
2024,다나440905,to_in_007,0
2024,다나440905,to_in_008,5
2024,다나440906,to_in_001,5
2024,다나440906,to_in_007,5
2024,다나440906,to_in_008,5
2024,다나440908,to_in_001,13
2024,다나440908,to_in_007,8
2024,다나440908,to_in_008,8
2024,다나440909,to_in_001,5
2024,다나440909,to_in_007,5
2024,다나440909,to_in_008,0
2024,다나440910,to_in_001,8
2024,다나440910,to_in_007,5
2024,다나440910,to_in_008,5
2024,다나440911,to_in_001,8
2024,다나440911,to_in_007,8
2024,다나440911,to_in_008,5
2024,다나440912,to_in_001,8
2024,다나440912,to_in_007,5
2024,다나440912,to_in_008,8
2024,다나440913,to_in_001,8
2024,다나440913,to_in_007,5
2024,다나440913,to_in_008,8
2024,다나440914,to_in_001,5
2024,다나440914,to_in_007,5
2024,다나440914,to_in_008,5
2024,다나440950,to_in_001,43
2024,다나440950,to_in_007,23
2024,다나440950,to_in_008,18
2024,다나440953,to_in_001,8
2024,다나440953,to_in_007,5
2024,다나440953,to_in_008,5
2024,다나440954,to_in_001,5
2024,다나440954,to_in_007,5
2024,다나440954,to_in_008,0
2024,다나440963,to_in_001,5
2024,다나440963,to_in_007,5
2024,다나440963,to_in_008,5
2024,다나445972,to_in_001,5
2024,다나445972,to_in_007,5
2024,다나445972,to_in_008,0
2024,다나445973,to_in_001,8
2024,다나445973,to_in_007,8
2024,다나445973,to_in_008,0
2024,다나445975,to_in_001,5
2024,다나445975,to_in_007,5
2024,다나445975,to_in_008,5
2024,다나445976,to_in_001,0
2024,다나445976,to_in_007,0
2024,다나445976,to_in_008,0
2024,다나445981,to_in_001,23
2024,다나445981,to_in_007,13
2024,다나445981,to_in_008,13
2024,다나445982,to_in_001,23
2024,다나445982,to_in_007,13
2024,다나445982,to_in_008,13
2024,다나445983,to_in_001,5
2024,다나445983,to_in_007,5
2024,다나445983,to_in_008,5
2024,다나445998,to_in_001,14
2024,다나445998,to_in_007,14
2024,다나445998,to_in_008,5
2024,다나446893,to_in_001,5
2024,다나446893,to_in_007,0
2024,다나446893,to_in_008,0
2024,다나446898,to_in_001,8
2024,다나446898,to_in_007,5
2024,다나446898,to_in_008,5
2024,다나446899,to_in_001,5
2024,다나446899,to_in_007,0
2024,다나446899,to_in_008,0
2024,다나446905,to_in_001,5
2024,다나446905,to_in_007,0
2024,다나446905,to_in_008,0
2024,다나446906,to_in_001,8
2024,다나446906,to_in_007,5
2024,다나446906,to_in_008,8
2024,다나446907,to_in_001,13
2024,다나446907,to_in_007,8
2024,다나446907,to_in_008,8
2024,다나446908,to_in_001,5
2024,다나446908,to_in_007,5
2024,다나446908,to_in_008,0
2024,다나446909,to_in_001,5
2024,다나446909,to_in_007,0
2024,다나446909,to_in_008,0
2024,다나446912,to_in_001,5
2024,다나446912,to_in_007,5
2024,다나446912,to_in_008,5
2024,다나446937,to_in_001,5
2024,다나446937,to_in_007,5
2024,다나446937,to_in_008,5
2024,다나446938,to_in_001,5
2024,다나446938,to_in_007,5
2024,다나446938,to_in_008,5
2024,다나446950,to_in_001,0
2024,다나446950,to_in_007,0
2024,다나446950,to_in_008,0
2024,다나446951,to_in_001,13
2024,다나446951,to_in_007,8
2024,다나446951,to_in_008,8
2024,다나446952,to_in_001,18
2024,다나446952,to_in_007,13
2024,다나446952,to_in_008,5
2024,다나446966,to_in_001,5
2024,다나446966,to_in_007,5
2024,다나446966,to_in_008,0
2024,다나446967,to_in_001,0
2024,다나446967,to_in_007,0
2024,다나446967,to_in_008,0
2024,다나446968,to_in_001,23
2024,다나446968,to_in_007,18
2024,다나446968,to_in_008,8
2024,다나424954,to_in_007,0
2024,다나424954,to_in_008,0
2024,다나425881,to_in_001,5
2024,다나425881,to_in_007,5
2024,다나425881,to_in_008,5
2024,다나425884,to_in_001,18
2024,다나425884,to_in_007,13
2024,다나425884,to_in_008,8
2024,다나425887,to_in_001,5
2024,다나425887,to_in_007,5
2024,다나425887,to_in_008,0
2024,다나425899,to_in_001,5
2024,다나425899,to_in_007,0
2024,다나425899,to_in_008,5
2024,다나425944,to_in_001,0
2024,다나425944,to_in_007,0
2024,다나425944,to_in_008,0
2024,다나425945,to_in_001,5
2024,다나425945,to_in_007,0
2024,다나425945,to_in_008,0
2024,다나425946,to_in_001,5
2024,다나425946,to_in_007,0
2024,다나425946,to_in_008,5
2024,다나425947,to_in_001,5
2024,다나425947,to_in_007,0
2024,다나425947,to_in_008,5
2024,다나425948,to_in_001,8
2024,다나425948,to_in_007,5
2024,다나425948,to_in_008,5
2024,다나425950,to_in_001,8
2024,다나425950,to_in_007,8
2024,다나425950,to_in_008,5
2024,다나425951,to_in_001,8
2024,다나425951,to_in_007,8
2024,다나425951,to_in_008,5
2024,다나425952,to_in_001,18
2024,다나425952,to_in_007,13
2024,다나425952,to_in_008,8
2024,다나425953,to_in_001,18
2024,다나425953,to_in_007,8
2024,다나425953,to_in_008,13
2024,다나425954,to_in_001,0
2024,다나425954,to_in_007,0
2024,다나425954,to_in_008,0
2024,다나425955,to_in_001,5
2024,다나425955,to_in_007,0
2024,다나425955,to_in_008,5
2024,다나426883,to_in_001,0
2024,다나426883,to_in_007,0
2024,다나426883,to_in_008,0
2024,다나426887,to_in_001,8
2024,다나426887,to_in_007,8
2024,다나426887,to_in_008,5
2024,다나426902,to_in_001,8
2024,다나426902,to_in_007,8
2024,다나426902,to_in_008,5
2024,다나426944,to_in_001,8
2024,다나426944,to_in_007,5
2024,다나426944,to_in_008,5
2024,다나426946,to_in_001,0
2024,다나426946,to_in_007,0
2024,다나426946,to_in_008,0
2024,다나426947,to_in_001,8
2024,다나426947,to_in_007,5
2024,다나426947,to_in_008,5
2024,다나432955,to_in_001,13
2024,다나432955,to_in_007,8
2024,다나432955,to_in_008,8
2024,다나432956,to_in_001,8
2024,다나432956,to_in_007,5
2024,다나432956,to_in_008,5
2024,다나432957,to_in_001,8
2024,다나432957,to_in_007,5
2024,다나432957,to_in_008,5
2024,다나432960,to_in_001,5
2024,다나432960,to_in_007,5
2024,다나432960,to_in_008,0
2024,다나432981,to_in_001,5
2024,다나432981,to_in_007,0
2024,다나432981,to_in_008,5
2024,다나433890,to_in_001,5
2024,다나433890,to_in_007,5
2024,다나433890,to_in_008,0
2024,다나433892,to_in_001,5
2024,다나433892,to_in_007,5
2024,다나433892,to_in_008,0
2024,다나433902,to_in_001,5
2024,다나433902,to_in_007,0
2024,다나433902,to_in_008,0
2024,다나433905,to_in_001,8
2024,다나433905,to_in_007,5
2024,다나433905,to_in_008,5
2024,다나433947,to_in_001,5
2024,다나433947,to_in_007,0
2024,다나433947,to_in_008,0
2024,다나433948,to_in_001,13
2024,다나433948,to_in_007,8
2024,다나433948,to_in_008,8
2024,다나433953,to_in_001,5
2024,다나433953,to_in_007,5
2024,다나433953,to_in_008,5
2024,다나433954,to_in_001,13
2024,다나433954,to_in_007,8
2024,다나433954,to_in_008,8
2024,다나433955,to_in_001,5
2024,다나433955,to_in_007,5
2024,다나433955,to_in_008,5
2024,다나433956,to_in_001,13
2024,다나433956,to_in_007,8
2024,다나433956,to_in_008,8
2024,다나433960,to_in_001,5
2024,다나433960,to_in_007,5
2024,다나433960,to_in_008,5
2024,다나433973,to_in_001,5
2024,다나433973,to_in_007,0
2024,다나433973,to_in_008,0
2024,다나433981,to_in_001,5
2024,다나433981,to_in_007,0
2024,다나433981,to_in_008,5
2024,다나434894,to_in_001,5
2024,다나434894,to_in_007,5
2024,다나434894,to_in_008,5
2024,다나434909,to_in_001,8
2024,다나434909,to_in_007,8
2024,다나434909,to_in_008,0
2024,다나434942,to_in_001,8
2024,다나434942,to_in_007,5
2024,다나434942,to_in_008,5
2024,다나434943,to_in_001,5
2024,다나434943,to_in_007,0
2024,다나434943,to_in_008,5
2024,다나434951,to_in_001,5
2024,다나434951,to_in_007,5
2024,다나434951,to_in_008,0
2024,다나434953,to_in_001,19
2024,다나434953,to_in_007,19
2024,다나434953,to_in_008,0
2024,다나434954,to_in_001,8
2024,다나434954,to_in_007,5
2024,다나434954,to_in_008,5
2024,다나434955,to_in_001,5
2024,다나434955,to_in_007,5
2024,다나434955,to_in_008,0
2024,다나434980,to_in_001,8
2024,다나434980,to_in_007,8
2024,다나434980,to_in_008,5
2024,다나434999,to_in_001,0
2024,다나434999,to_in_007,0
2024,다나434999,to_in_008,0
2024,다나435887,to_in_001,13
2024,다나435887,to_in_007,13
2024,다나435887,to_in_008,0
2024,다나435895,to_in_001,5
2024,다나435895,to_in_007,5
2024,다나435895,to_in_008,5
2024,다나442983,to_in_001,8
2024,다나442983,to_in_007,5
2024,다나442983,to_in_008,5
2024,다나442994,to_in_001,18
2024,다나442994,to_in_007,8
2024,다나442994,to_in_008,8
2024,다나442999,to_in_001,13
2024,다나442999,to_in_007,5
2024,다나442999,to_in_008,8
2024,다나443889,to_in_001,8
2024,다나443889,to_in_007,8
2024,다나443889,to_in_008,0
2024,다나443890,to_in_001,0
2024,다나443890,to_in_007,0
2024,다나443890,to_in_008,0
2024,다나443901,to_in_001,8
2024,다나443901,to_in_007,8
2024,다나443901,to_in_008,5
2024,다나443902,to_in_001,13
2024,다나443902,to_in_007,8
2024,다나443902,to_in_008,8
2024,다나443903,to_in_001,18
2024,다나443903,to_in_007,8
2024,다나443903,to_in_008,8
2024,다나443904,to_in_001,28
2024,다나443904,to_in_007,13
2024,다나443904,to_in_008,13
2024,다나443905,to_in_001,18
2024,다나443905,to_in_007,13
2024,다나443905,to_in_008,8
2024,다나443906,to_in_001,23
2024,다나443906,to_in_007,13
2024,다나443906,to_in_008,13
2024,다나443907,to_in_001,28
2024,다나443907,to_in_007,18
2024,다나443907,to_in_008,13
2024,다나443908,to_in_001,28
2024,다나443908,to_in_007,13
2024,다나443908,to_in_008,13
2024,다나443909,to_in_001,5
2024,다나443909,to_in_007,5
2024,다나443909,to_in_008,0
2024,다나443910,to_in_001,18
2024,다나443910,to_in_007,8
2024,다나443910,to_in_008,8
2024,다나443911,to_in_001,5
2024,다나443911,to_in_007,5
2024,다나443911,to_in_008,5
2024,다나443937,to_in_001,5
2024,다나443937,to_in_007,0
2024,다나443937,to_in_008,0
2024,다나443949,to_in_001,8
2024,다나443949,to_in_007,5
2024,다나443949,to_in_008,5
2024,다나443950,to_in_001,5
2024,다나443950,to_in_007,5
2024,다나443950,to_in_008,5
2024,다나443951,to_in_001,18
2024,다나443951,to_in_007,13
2024,다나443951,to_in_008,5
2024,다나443952,to_in_001,8
2024,다나443952,to_in_007,5
2024,다나443952,to_in_008,5
2024,다나443954,to_in_001,5
2024,다나443954,to_in_007,0
2024,다나443954,to_in_008,5
2024,다나443955,to_in_001,18
2024,다나443955,to_in_007,13
2024,다나443955,to_in_008,5
2024,다나443958,to_in_001,0
2024,다나443958,to_in_007,0
2024,다나443958,to_in_008,0
2024,다나443959,to_in_001,5
2024,다나443959,to_in_007,5
2024,다나443959,to_in_008,0
2024,다나443963,to_in_001,5
2024,다나443963,to_in_007,5
2024,다나443963,to_in_008,0
2024,다나443964,to_in_001,8
2024,다나443964,to_in_007,5
2024,다나443964,to_in_008,5
2024,다나443975,to_in_001,5
2024,다나443975,to_in_007,5
2024,다나443975,to_in_008,0
2024,다나443979,to_in_001,13
2024,다나443979,to_in_007,8
2024,다나443979,to_in_008,8
2024,다나443980,to_in_001,5
2024,다나443980,to_in_007,5
2024,다나443980,to_in_008,0
2024,다나449999,to_in_001,5
2024,다나449999,to_in_007,5
2024,다나449999,to_in_008,5
2024,다나450913,to_in_001,0
2024,다나450913,to_in_007,0
2024,다나450913,to_in_008,0
2024,다나450931,to_in_001,13
2024,다나450931,to_in_007,8
2024,다나450931,to_in_008,8
2024,다나450933,to_in_001,5
2024,다나450933,to_in_007,5
2024,다나450933,to_in_008,5
2024,다나450936,to_in_001,0
2024,다나450936,to_in_007,0
2024,다나450936,to_in_008,0
2024,다나450938,to_in_001,13
2024,다나450938,to_in_007,8
2024,다나450938,to_in_008,5
2024,다나450939,to_in_001,5
2024,다나450939,to_in_007,5
2024,다나450939,to_in_008,5
2024,다나450945,to_in_001,8
2024,다나450945,to_in_007,5
2024,다나450945,to_in_008,8
2024,다나450950,to_in_001,5
2024,다나450950,to_in_007,0
2024,다나450950,to_in_008,5
2024,다나450951,to_in_001,23
2024,다나450951,to_in_007,8
2024,다나450951,to_in_008,13
2024,다나450952,to_in_001,68
2024,다나450952,to_in_007,38
2024,다나450952,to_in_008,28
2024,다나450953,to_in_001,43
2024,다나450953,to_in_007,18
2024,다나450953,to_in_008,23
2024,다나450954,to_in_001,23
2024,다나450954,to_in_007,8
2024,다나450954,to_in_008,13
2024,다나450955,to_in_001,43
2024,다나450955,to_in_007,28
2024,다나450955,to_in_008,13
2024,다나450956,to_in_001,58
2024,다나450956,to_in_007,33
2024,다나450956,to_in_008,28
2024,다나450957,to_in_001,38
2024,다나450957,to_in_007,18
2024,다나450957,to_in_008,23
2024,다나442951,to_in_001,13
2024,다나442951,to_in_007,8
2024,다나442951,to_in_008,8
2024,다나442952,to_in_001,8
2024,다나442952,to_in_007,0
2024,다나442952,to_in_008,8
2024,다나442954,to_in_001,5
2024,다나442954,to_in_007,0
2024,다나442954,to_in_008,5
2024,다나442959,to_in_001,0
2024,다나442959,to_in_007,0
2024,다나442959,to_in_008,0
2024,다나442963,to_in_001,5
2024,다나442963,to_in_007,0
2024,다나442963,to_in_008,5
2024,다나442964,to_in_001,0
2024,다나442964,to_in_007,0
2024,다나442964,to_in_008,0
2024,다나442979,to_in_001,49
2024,다나442979,to_in_007,18
2024,다나442979,to_in_008,29
2024,다나442981,to_in_001,28
2024,다나442981,to_in_007,18
2024,다나442981,to_in_008,8
2024,다나442982,to_in_001,8
2024,다나442982,to_in_007,5
2024,다나442982,to_in_008,8
2024,다나471969,to_in_001,5
2024,다나471969,to_in_007,0
2024,다나471969,to_in_008,5
2024,다나471973,to_in_001,5
2024,다나471973,to_in_007,5
2024,다나471973,to_in_008,0
2024,다나471974,to_in_001,5
2024,다나471974,to_in_007,0
2024,다나471974,to_in_008,5
2024,다나471976,to_in_001,18
2024,다나471976,to_in_007,13
2024,다나471976,to_in_008,8
2024,다나471977,to_in_001,13
2024,다나471977,to_in_007,8
2024,다나471977,to_in_008,5
2024,다나471978,to_in_001,5
2024,다나471978,to_in_007,5
2024,다나471978,to_in_008,0
2024,다나472966,to_in_001,13
2024,다나472966,to_in_007,8
2024,다나472966,to_in_008,8
2024,다나472967,to_in_001,75
2024,다나472967,to_in_007,45
2024,다나472967,to_in_008,28
2024,다나472968,to_in_001,33
2024,다나472968,to_in_007,23
2024,다나472968,to_in_008,13
2024,다나472969,to_in_001,58
2024,다나472969,to_in_007,28
2024,다나472969,to_in_008,28
2024,다나472970,to_in_001,18
2024,다나472970,to_in_007,13
2024,다나472970,to_in_008,8
2024,다나472971,to_in_001,33
2024,다나472971,to_in_007,28
2024,다나472971,to_in_008,8
2024,다나472972,to_in_001,18
2024,다나472972,to_in_007,13
2024,다나472972,to_in_008,8
2024,다나472973,to_in_001,38
2024,다나472973,to_in_007,23
2024,다나472973,to_in_008,13
2024,다나473966,to_in_001,5
2024,다나473966,to_in_007,5
2024,다나473966,to_in_008,5
2024,다나473967,to_in_001,58
2024,다나473967,to_in_007,28
2024,다나473967,to_in_008,28
2024,다나473968,to_in_001,66
2024,다나437995,to_in_001,5
2024,다나437995,to_in_007,5
2024,다나437995,to_in_008,0
2024,다나438902,to_in_001,5
2024,다나438902,to_in_007,0
2024,다나438902,to_in_008,5
2024,다나438905,to_in_001,8
2024,다나438905,to_in_007,5
2024,다나438905,to_in_008,5
2024,다나438906,to_in_001,5
2024,다나438906,to_in_007,5
2024,다나438906,to_in_008,5
2024,다나438907,to_in_001,5
2024,다나438907,to_in_007,5
2024,다나438907,to_in_008,0
2024,다나443981,to_in_001,0
2024,다나443981,to_in_007,0
2024,다나443981,to_in_008,0
2024,다나443982,to_in_001,5
2024,다나443982,to_in_007,0
2024,다나443982,to_in_008,5
2024,다나443983,to_in_001,8
2024,다나443983,to_in_007,5
2024,다나443983,to_in_008,5
2024,다나443989,to_in_001,5
2024,다나443989,to_in_007,0
2024,다나443989,to_in_008,0
2024,다나443993,to_in_001,0
2024,다나443993,to_in_007,0
2024,다나443993,to_in_008,0
2024,다나443994,to_in_001,8
2024,다나443994,to_in_007,8
2024,다나443994,to_in_008,0
2024,다나443995,to_in_001,18
2024,다나443995,to_in_007,8
2024,다나443995,to_in_008,8
2024,다나443999,to_in_001,0
2024,다나443999,to_in_007,0
2024,다나443999,to_in_008,0
2024,다나444890,to_in_001,8
2024,다나444890,to_in_007,8
2024,다나444890,to_in_008,0
2024,다나444899,to_in_001,5
2024,다나444899,to_in_007,5
2024,다나444899,to_in_008,5
2024,다나444900,to_in_001,13
2024,다나444900,to_in_007,5
2024,다나444900,to_in_008,8
2024,다나444901,to_in_001,8
2024,다나444901,to_in_007,8
2024,다나444901,to_in_008,8
2024,다나444902,to_in_001,18
2024,다나444902,to_in_007,13
2024,다나444902,to_in_008,5
2024,다나444903,to_in_001,5
2024,다나444903,to_in_007,5
2024,다나444903,to_in_008,5
2024,다나444904,to_in_001,23
2024,다나444904,to_in_007,13
2024,다나444904,to_in_008,13
2024,다나444905,to_in_001,23
2024,다나444905,to_in_007,8
2024,다나444905,to_in_008,13
2024,다나444906,to_in_001,8
2024,다나444906,to_in_007,8
2024,다나444906,to_in_008,5
2024,다나444907,to_in_001,28
2024,다나444907,to_in_007,8
2024,다나444907,to_in_008,18
2024,다나444908,to_in_001,8
2024,다나444908,to_in_007,8
2024,다나444908,to_in_008,5
2024,다나444909,to_in_001,5
2024,다나444909,to_in_007,5
2024,다나444909,to_in_008,5
2024,다나444910,to_in_001,18
2024,다나444910,to_in_007,8
2024,다나444910,to_in_008,8
2024,다나444911,to_in_001,5
2024,다나444911,to_in_007,5
2024,다나444911,to_in_008,0
2024,다나444949,to_in_001,5
2024,다나444949,to_in_007,5
2024,다나444949,to_in_008,0
2024,다나444950,to_in_001,33
2024,다나444950,to_in_007,18
2024,다나444950,to_in_008,13
2024,다나444951,to_in_001,13
2024,다나444951,to_in_007,5
2024,다나444951,to_in_008,8
2024,다나444952,to_in_001,8
2024,다나444952,to_in_007,5
2024,다나444952,to_in_008,8
2024,다나444953,to_in_001,5
2024,다나444953,to_in_007,0
2024,다나444953,to_in_008,5
2024,다나444960,to_in_001,5
2024,다나444960,to_in_007,5
2024,다나444960,to_in_008,0
2024,다나444961,to_in_001,5
2024,다나444961,to_in_007,5
2024,다나444961,to_in_008,0
2024,다나448958,to_in_001,13
2024,다나448958,to_in_007,8
2024,다나448958,to_in_008,5
2024,다나448959,to_in_001,5
2024,다나448959,to_in_007,5
2024,다나448959,to_in_008,5
2024,다나448960,to_in_001,23
2024,다나448960,to_in_007,13
2024,다나448960,to_in_008,13
2024,다나448961,to_in_001,13
2024,다나448961,to_in_007,5
2024,다나448961,to_in_008,8
2024,다나448967,to_in_001,18
2024,다나448967,to_in_007,18
2024,다나448967,to_in_008,5
2024,다나448968,to_in_001,8
2024,다나448968,to_in_007,8
2024,다나448968,to_in_008,5
2024,다나448974,to_in_001,8
2024,다나448974,to_in_007,5
2024,다나448974,to_in_008,5
2024,다나448979,to_in_001,5
2024,다나448979,to_in_007,0
2024,다나448979,to_in_008,0
2024,다나448981,to_in_001,18
2024,다나448981,to_in_007,13
2024,다나448981,to_in_008,5
2024,다나448982,to_in_001,18
2024,다나448982,to_in_007,13
2024,다나448982,to_in_008,8
2024,다나448983,to_in_001,13
2024,다나448983,to_in_007,8
2024,다나448983,to_in_008,8
2024,다나448998,to_in_001,13
2024,다나448998,to_in_007,8
2024,다나448998,to_in_008,5
2024,다나449910,to_in_001,13
2024,다나449910,to_in_007,8
2024,다나449910,to_in_008,5
2024,다나449911,to_in_001,0
2024,다나449911,to_in_007,0
2024,다나449911,to_in_008,0
2024,다나449913,to_in_001,8
2024,다나449913,to_in_007,8
2024,다나449913,to_in_008,5
2024,다나449930,to_in_001,5
2024,다나449930,to_in_007,5
2024,다나449930,to_in_008,0
2024,다나449934,to_in_001,5
2024,다나449934,to_in_007,0
2024,다나449934,to_in_008,0
2024,다나449943,to_in_001,5
2024,다나449943,to_in_007,0
2024,다나449943,to_in_008,0
2024,다나449947,to_in_001,5
2024,다나449947,to_in_007,5
2024,다나449947,to_in_008,5
2024,다나449949,to_in_001,8
2024,다나449949,to_in_007,8
2024,다나449949,to_in_008,5
2024,다나449950,to_in_001,5
2024,다나449950,to_in_007,5
2024,다나449950,to_in_008,5
2024,다나449951,to_in_001,65
2024,다나449951,to_in_007,29
2024,다나449951,to_in_008,34
2024,다나449952,to_in_001,115
2024,다나449952,to_in_007,58
2024,다나449952,to_in_008,55
2024,다나449953,to_in_001,44
2024,다나449953,to_in_007,23
2024,다나449953,to_in_008,24
2024,다나449954,to_in_001,19
2024,다나449954,to_in_007,14
2024,다나449954,to_in_008,8
2024,다나449955,to_in_001,48
2024,다나449955,to_in_007,23
2024,다나449955,to_in_008,28
2024,다나449956,to_in_001,8
2024,다나449956,to_in_007,5
2024,다나449956,to_in_008,5
2024,다나449957,to_in_001,23
2024,다나449957,to_in_007,13
2024,다나449957,to_in_008,13
2024,다나449958,to_in_001,5
2024,다나449958,to_in_007,0
2024,다나449958,to_in_008,5
2024,다나449959,to_in_001,5
2024,다나449959,to_in_007,0
2024,다나449959,to_in_008,5
2024,다나449960,to_in_001,33
2024,다나449960,to_in_007,18
2024,다나449960,to_in_008,18
2024,다나449961,to_in_001,23
2024,다나449961,to_in_007,18
2024,다나449961,to_in_008,8
2024,다나449966,to_in_001,8
2024,다나449966,to_in_007,5
2024,다나449966,to_in_008,8
2024,다나449967,to_in_001,8
2024,다나449967,to_in_007,5
2024,다나449967,to_in_008,5
2024,다나449970,to_in_001,8
2024,다나449970,to_in_007,5
2024,다나449970,to_in_008,5
2024,다나449971,to_in_001,27
2024,다나449971,to_in_007,22
2024,다나449971,to_in_008,5
2024,다나449978,to_in_001,5
2024,다나449978,to_in_007,0
2024,다나449978,to_in_008,0
2024,다나449981,to_in_001,5
2024,다나449981,to_in_007,5
2024,다나449981,to_in_008,0
2024,다나449982,to_in_001,23
2024,다나449982,to_in_007,13
2024,다나449982,to_in_008,8
2024,다나449983,to_in_001,5
2024,다나449983,to_in_007,5
2024,다나449983,to_in_008,5
2024,다나449984,to_in_001,0
2024,다나449984,to_in_007,0
2024,다나449984,to_in_008,0
2024,다나453954,to_in_001,5
2024,다나453954,to_in_007,5
2024,다나453954,to_in_008,0
2024,다나453955,to_in_001,33
2024,다나453955,to_in_007,13
2024,다나453955,to_in_008,18
2024,다나453956,to_in_001,53
2024,다나453956,to_in_007,33
2024,다나453956,to_in_008,18
2024,다나453957,to_in_001,54
2024,다나453957,to_in_007,29
2024,다나453957,to_in_008,23
2024,다나453958,to_in_001,18
2024,다나453958,to_in_007,13
2024,다나453958,to_in_008,8
2024,다나453959,to_in_001,98
2024,다나453959,to_in_007,72
2024,다나453959,to_in_008,29
2024,다나453960,to_in_001,13
2024,다나453960,to_in_007,13
2024,다나453960,to_in_008,5
2024,다나453966,to_in_001,0
2024,다나453966,to_in_007,0
2024,다나453966,to_in_008,0
2024,다나453967,to_in_001,5
2024,다나453967,to_in_007,0
2024,다나453967,to_in_008,0
2024,다나453968,to_in_001,5
2024,다나453968,to_in_007,0
2024,다나453968,to_in_008,5
2024,다나453969,to_in_001,8
2024,다나453969,to_in_007,5
2024,다나453969,to_in_008,8
2024,다나453971,to_in_001,5
2024,다나453971,to_in_007,5
2024,다나453971,to_in_008,0
2024,다나454923,to_in_001,8
2024,다나454923,to_in_007,8
2024,다나454923,to_in_008,0
2024,다나454925,to_in_001,5
2024,다나454925,to_in_007,0
2024,다나454925,to_in_008,5
2024,다나454938,to_in_001,5
2024,다나454938,to_in_007,5
2024,다나454938,to_in_008,5
2024,다나454939,to_in_001,13
2024,다나454939,to_in_007,8
2024,다나454939,to_in_008,8
2024,다나454948,to_in_001,8
2024,다나454948,to_in_007,5
2024,다나454948,to_in_008,5
2024,다나454949,to_in_001,13
2024,다나454949,to_in_007,8
2024,다나454949,to_in_008,8
2024,다나454950,to_in_001,18
2024,다나454950,to_in_007,5
2024,다나454950,to_in_008,18
2024,다나454951,to_in_001,13
2024,다나454951,to_in_007,8
2024,다나454951,to_in_008,5
2024,다나454952,to_in_001,59
2024,다나454952,to_in_007,34
2024,다나454952,to_in_008,28
2024,다나454953,to_in_001,0
2024,다나454953,to_in_007,0
2024,다나454953,to_in_008,0
2024,다나454954,to_in_001,76
2024,다나454954,to_in_007,42
2024,다나473968,to_in_007,41
2024,다나473968,to_in_008,23
2024,다나473969,to_in_001,52
2024,다나473969,to_in_007,32
2024,다나473969,to_in_008,18
2024,다나473970,to_in_001,8
2024,다나473970,to_in_007,8
2024,다나473970,to_in_008,5
2024,다나473971,to_in_001,52
2024,다나473971,to_in_007,37
2024,다나473971,to_in_008,13
2024,다나473972,to_in_001,39
2024,다나473972,to_in_007,18
2024,다나473972,to_in_008,24
2024,다나473973,to_in_001,8
2024,다나473973,to_in_007,8
2024,다나473973,to_in_008,5
2024,다나473977,to_in_001,8
2024,다나473977,to_in_007,8
2024,다나473977,to_in_008,0
2024,다나474967,to_in_001,13
2024,다나474967,to_in_007,8
2024,다나474967,to_in_008,8
2024,다나474968,to_in_001,48
2024,다나474968,to_in_007,23
2024,다나474968,to_in_008,28
2024,다나474969,to_in_001,69
2024,다나474969,to_in_007,44
2024,다나474969,to_in_008,23
2024,다나474970,to_in_001,81
2024,다나474970,to_in_007,50
2024,다나474970,to_in_008,29
2024,다나474971,to_in_001,76
2024,다나474971,to_in_007,38
2024,다나474971,to_in_008,36
2024,다나474972,to_in_001,71
2024,다나474972,to_in_007,51
2024,다나474972,to_in_008,23
2024,다나474973,to_in_001,23
2024,다나474973,to_in_007,13
2024,다나474973,to_in_008,8
2024,다나474974,to_in_001,5
2024,다나474974,to_in_007,5
2024,다나474974,to_in_008,0
2024,다나475969,to_in_001,23
2024,다나475969,to_in_007,8
2024,다나475969,to_in_008,18
2024,다나475970,to_in_001,40
2024,다나475970,to_in_007,20
2024,다나475970,to_in_008,23
2024,다나475971,to_in_001,74
2024,다나475971,to_in_007,39
2024,다나475971,to_in_008,33
2024,다나475972,to_in_001,38
2024,다나475972,to_in_007,23
2024,다나475972,to_in_008,18
2024,다나475973,to_in_001,8
2024,다나475973,to_in_007,5
2024,다나475973,to_in_008,8
2024,다나475974,to_in_001,18
2024,다나475974,to_in_007,8
2024,다나475974,to_in_008,8
2024,다나445961,to_in_001,5
2024,다나445961,to_in_007,5
2024,다나445961,to_in_008,0
2024,다나445965,to_in_001,13
2024,다나445965,to_in_007,8
2024,다나445965,to_in_008,8
2024,다나445966,to_in_001,8
2024,다나445966,to_in_007,5
2024,다나445966,to_in_008,5
2024,다나445967,to_in_001,33
2024,다나445967,to_in_007,18
2024,다나445967,to_in_008,13
2024,다나445968,to_in_001,13
2024,다나445968,to_in_007,13
2024,다나445968,to_in_008,0
2024,다나451962,to_in_001,5
2024,다나451962,to_in_007,0
2024,다나451962,to_in_008,5
2024,다나451965,to_in_001,13
2024,다나451965,to_in_007,8
2024,다나451965,to_in_008,8
2024,다나451966,to_in_001,5
2024,다나451966,to_in_007,0
2024,다나451966,to_in_008,0
2024,다나451967,to_in_001,39
2024,다나451967,to_in_007,34
2024,다나451967,to_in_008,8
2024,다나451968,to_in_001,8
2024,다나451968,to_in_007,8
2024,다나451968,to_in_008,5
2024,다나451972,to_in_001,5
2024,다나451972,to_in_007,5
2024,다나451972,to_in_008,0
2024,다나451981,to_in_001,8
2024,다나451981,to_in_007,8
2024,다나451981,to_in_008,5
2024,다나451983,to_in_001,0
2024,다나451983,to_in_007,0
2024,다나451983,to_in_008,0
2024,다나451984,to_in_001,5
2024,다나451984,to_in_007,5
2024,다나451984,to_in_008,5
2024,다나451985,to_in_001,8
2024,다나451985,to_in_007,8
2024,다나451985,to_in_008,0
2024,다나451986,to_in_001,5
2024,다나451986,to_in_007,0
2024,다나451986,to_in_008,0
2024,다나452921,to_in_001,13
2024,다나452921,to_in_007,8
2024,다나452921,to_in_008,0
2024,다나452922,to_in_001,8
2024,다나452922,to_in_007,8
2024,다나452922,to_in_008,0
2024,다나452937,to_in_001,5
2024,다나452937,to_in_007,5
2024,다나452937,to_in_008,5
2024,다나452938,to_in_001,8
2024,다나452938,to_in_007,5
2024,다나452938,to_in_008,5
2024,다나452945,to_in_001,28
2024,다나452945,to_in_007,13
2024,다나452945,to_in_008,13
2024,다나452949,to_in_001,5
2024,다나452949,to_in_007,5
2024,다나452949,to_in_008,5
2024,다나452950,to_in_001,0
2024,다나452950,to_in_007,0
2024,다나452950,to_in_008,0
2024,다나452951,to_in_001,5
2024,다나452951,to_in_007,0
2024,다나452951,to_in_008,0
2024,다나452952,to_in_001,97
2024,다나452952,to_in_007,65
2024,다나452952,to_in_008,35
2024,다나452953,to_in_001,92
2024,다나452953,to_in_007,55
2024,다나452953,to_in_008,40
2024,다나452954,to_in_001,23
2024,다나452954,to_in_007,13
2024,다나452954,to_in_008,13
2024,다나452955,to_in_001,144
2024,다나452955,to_in_007,79
2024,다나452955,to_in_008,63
2024,다나452956,to_in_001,289
2024,다나452956,to_in_007,140
2024,다나452956,to_in_008,147
2024,다나452957,to_in_001,8
2024,다나452957,to_in_007,5
2024,다나452957,to_in_008,8
2024,다나452958,to_in_001,8
2024,다나452958,to_in_007,5
2024,다나452958,to_in_008,8
2024,다나452959,to_in_001,18
2024,다나452959,to_in_007,8
2024,다나452959,to_in_008,8
2024,다나452960,to_in_001,18
2024,다나452960,to_in_007,8
2024,다나452960,to_in_008,8
2024,다나452961,to_in_001,5
2024,다나452961,to_in_007,5
2024,다나452961,to_in_008,5
2024,다나452962,to_in_001,5
2024,다나452962,to_in_007,0
2024,다나452962,to_in_008,5
2024,다나452964,to_in_001,8
2024,다나452964,to_in_007,8
2024,다나452964,to_in_008,5
2024,다나452966,to_in_001,8
2024,다나452966,to_in_007,5
2024,다나452966,to_in_008,5
2024,다나452967,to_in_001,8
2024,다나452967,to_in_007,5
2024,다나452967,to_in_008,5
2024,다나452970,to_in_001,5
2024,다나452970,to_in_007,0
2024,다나452970,to_in_008,0
2024,다나452971,to_in_001,8
2024,다나452971,to_in_007,5
2024,다나452971,to_in_008,8
2024,다나452973,to_in_001,5
2024,다나452973,to_in_007,5
2024,다나452973,to_in_008,5
2024,다나452980,to_in_001,8
2024,다나452980,to_in_007,5
2024,다나452980,to_in_008,5
2024,다나452981,to_in_001,5
2024,다나452981,to_in_007,5
2024,다나452981,to_in_008,5
2024,다나452982,to_in_001,8
2024,다나452982,to_in_007,5
2024,다나452982,to_in_008,5
2024,다나452999,to_in_001,5
2024,다나452999,to_in_007,5
2024,다나452999,to_in_008,0
2024,다나453923,to_in_001,8
2024,다나453923,to_in_007,8
2024,다나453923,to_in_008,0
2024,다나453948,to_in_001,8
2024,다나453948,to_in_007,5
2024,다나453948,to_in_008,5
2024,다나453949,to_in_001,18
2024,다나453949,to_in_007,13
2024,다나453949,to_in_008,5
2024,다나453950,to_in_001,13
2024,다나453950,to_in_007,8
2024,다나453950,to_in_008,8
2024,다나453951,to_in_001,13
2024,다나453951,to_in_007,8
2024,다나453951,to_in_008,5
2024,다나453952,to_in_001,13
2024,다나453952,to_in_007,8
2024,다나453952,to_in_008,8
2024,다나453953,to_in_001,14
2024,다나453953,to_in_007,0
2024,다나453953,to_in_008,14
2024,다나456975,to_in_001,8
2024,다나456975,to_in_007,5
2024,다나456975,to_in_008,5
2024,다나456977,to_in_001,0
2024,다나456977,to_in_007,0
2024,다나456977,to_in_008,0
2024,다나457930,to_in_001,0
2024,다나457930,to_in_007,0
2024,다나457930,to_in_008,0
2024,다나457938,to_in_001,33
2024,다나457938,to_in_007,18
2024,다나457938,to_in_008,13
2024,다나457939,to_in_001,28
2024,다나457939,to_in_007,18
2024,다나457939,to_in_008,13
2024,다나457940,to_in_001,5
2024,다나457940,to_in_007,0
2024,다나457940,to_in_008,5
2024,다나457941,to_in_001,0
2024,다나457941,to_in_007,0
2024,다나457941,to_in_008,0
2024,다나457942,to_in_001,5
2024,다나457942,to_in_007,5
2024,다나457942,to_in_008,5
2024,다나457947,to_in_001,5
2024,다나457947,to_in_007,5
2024,다나457947,to_in_008,0
2024,다나457952,to_in_001,23
2024,다나457952,to_in_007,13
2024,다나457952,to_in_008,8
2024,다나457953,to_in_001,18
2024,다나457953,to_in_007,13
2024,다나457953,to_in_008,8
2024,다나457954,to_in_001,29
2024,다나457954,to_in_007,24
2024,다나457954,to_in_008,5
2024,다나457955,to_in_001,100
2024,다나457955,to_in_007,55
2024,다나457955,to_in_008,48
2024,다나457956,to_in_001,5
2024,다나457956,to_in_007,5
2024,다나457956,to_in_008,0
2024,다나457960,to_in_001,13
2024,다나457960,to_in_007,8
2024,다나457960,to_in_008,5
2024,다나457963,to_in_001,0
2024,다나457963,to_in_007,0
2024,다나457963,to_in_008,0
2024,다나457964,to_in_001,5
2024,다나457964,to_in_007,5
2024,다나457964,to_in_008,0
2024,다나457965,to_in_001,5
2024,다나457965,to_in_007,5
2024,다나457965,to_in_008,0
2024,다나457966,to_in_001,13
2024,다나457966,to_in_007,8
2024,다나457966,to_in_008,8
2024,다나457967,to_in_001,28
2024,다나457967,to_in_007,18
2024,다나457967,to_in_008,13
2024,다나457968,to_in_001,8
2024,다나457968,to_in_007,8
2024,다나457968,to_in_008,5
2024,다나457974,to_in_001,5
2024,다나457974,to_in_007,0
2024,다나457974,to_in_008,5
2024,다나458938,to_in_001,13
2024,다나458938,to_in_007,8
2024,다나458938,to_in_008,8
2024,다나458939,to_in_001,28
2024,다나458939,to_in_007,18
2024,다나458939,to_in_008,13
2024,다나458940,to_in_001,54
2024,다나458940,to_in_007,29
2024,다나458940,to_in_008,28
2024,다나458941,to_in_001,38
2024,다나458941,to_in_007,28
2024,다나458941,to_in_008,13
2024,다나458942,to_in_001,5
2024,다나458942,to_in_007,0
2024,다나458942,to_in_008,5
2024,다나458943,to_in_001,5
2024,다나458943,to_in_007,5
2024,다나458943,to_in_008,0
2024,다나458951,to_in_001,0
2024,다나458951,to_in_007,0
2024,다나458951,to_in_008,0
2024,다나458953,to_in_001,13
2024,다나458953,to_in_007,8
2024,다나458953,to_in_008,8
2024,다나458954,to_in_001,23
2024,다나458954,to_in_007,18
2024,다나458954,to_in_008,8
2024,다나458966,to_in_001,13
2024,다나458966,to_in_007,5
2024,다나458966,to_in_008,8
2024,다나458967,to_in_001,18
2024,다나458967,to_in_007,13
2024,다나458967,to_in_008,8
2024,다나458968,to_in_001,0
2024,다나458968,to_in_007,0
2024,다나458968,to_in_008,0
2024,다나458975,to_in_001,18
2024,다나458975,to_in_007,8
2024,다나458975,to_in_008,8
2024,다나458978,to_in_001,5
2024,다나458978,to_in_007,0
2024,다나458978,to_in_008,5
2024,다나458979,to_in_001,5
2024,다나458979,to_in_007,5
2024,다나458979,to_in_008,0
2024,다나459939,to_in_001,39
2024,다나459939,to_in_007,19
2024,다나459939,to_in_008,23
2024,다나459940,to_in_001,38
2024,다나459940,to_in_007,23
2024,다나459940,to_in_008,13
2024,다나459941,to_in_001,23
2024,다나459941,to_in_007,13
2024,다나459941,to_in_008,8
2024,다나459942,to_in_001,13
2024,다나459942,to_in_007,8
2024,다나459942,to_in_008,8
2024,다나459943,to_in_001,8
2024,다나459943,to_in_007,5
2024,다나459943,to_in_008,5
2024,다나459946,to_in_001,5
2024,다나459946,to_in_007,0
2024,다나459946,to_in_008,5
2024,다나459954,to_in_001,5
2024,다나459954,to_in_007,5
2024,다나459954,to_in_008,5
2024,다나459977,to_in_001,13
2024,다나459977,to_in_007,8
2024,다나459977,to_in_008,5
2024,다나460938,to_in_001,5
2024,다나460938,to_in_007,5
2024,다나460938,to_in_008,0
2024,다나460939,to_in_001,28
2024,다나460939,to_in_007,13
2024,다나460939,to_in_008,13
2024,다나460940,to_in_001,18
2024,다나460940,to_in_007,8
2024,다나460940,to_in_008,8
2024,다나460941,to_in_001,28
2024,다나460941,to_in_007,13
2024,다나460941,to_in_008,18
2024,다나460942,to_in_001,8
2024,다나460942,to_in_007,8
2024,다나460942,to_in_008,5
2024,다나454954,to_in_008,37
2024,다나454955,to_in_001,108
2024,다나454955,to_in_007,53
2024,다나454955,to_in_008,53
2024,다나454956,to_in_001,49
2024,다나454956,to_in_007,34
2024,다나454956,to_in_008,13
2024,다나454957,to_in_001,28
2024,다나454957,to_in_007,13
2024,다나454957,to_in_008,18
2024,다나454958,to_in_001,13
2024,다나454958,to_in_007,8
2024,다나454958,to_in_008,8
2024,다나454959,to_in_001,18
2024,다나454959,to_in_007,13
2024,다나454959,to_in_008,8
2024,다나454960,to_in_001,18
2024,다나454960,to_in_007,8
2024,다나454960,to_in_008,8
2024,다나454961,to_in_001,5
2024,다나454961,to_in_007,0
2024,다나454961,to_in_008,0
2024,다나454962,to_in_001,8
2024,다나454962,to_in_007,5
2024,다나454962,to_in_008,5
2024,다나454964,to_in_001,13
2024,다나454964,to_in_007,5
2024,다나454964,to_in_008,8
2024,다나454965,to_in_001,5
2024,다나454965,to_in_007,0
2024,다나454965,to_in_008,5
2024,다나454966,to_in_001,0
2024,다나454966,to_in_007,0
2024,다나454966,to_in_008,0
2024,다나454967,to_in_001,34
2024,다나454967,to_in_007,24
2024,다나454967,to_in_008,8
2024,다나454968,to_in_001,8
2024,다나454968,to_in_007,8
2024,다나454968,to_in_008,0
2024,다나454969,to_in_001,23
2024,다나454969,to_in_007,13
2024,다나454969,to_in_008,13
2024,다나454970,to_in_001,0
2024,다나454970,to_in_007,0
2024,다나454970,to_in_008,0
2024,다나454971,to_in_001,5
2024,다나454971,to_in_007,0
2024,다나454971,to_in_008,5
2024,다나454972,to_in_001,8
2024,다나454972,to_in_007,5
2024,다나454972,to_in_008,5
2024,다나454973,to_in_001,5
2024,다나454973,to_in_007,5
2024,다나454973,to_in_008,0
2024,다나454974,to_in_001,0
2024,다나454974,to_in_007,0
2024,다나454974,to_in_008,0
2024,다나454979,to_in_001,5
2024,다나454979,to_in_007,0
2024,다나454979,to_in_008,5
2024,다나455928,to_in_001,8
2024,다나455928,to_in_007,8
2024,다나455928,to_in_008,0
2024,다나455929,to_in_001,0
2024,다나455929,to_in_007,0
2024,다나455929,to_in_008,0
2024,다나450958,to_in_001,5
2024,다나450958,to_in_007,5
2024,다나450958,to_in_008,0
2024,다나450960,to_in_001,33
2024,다나450960,to_in_007,18
2024,다나450960,to_in_008,13
2024,다나450961,to_in_001,13
2024,다나450961,to_in_007,8
2024,다나450961,to_in_008,8
2024,다나450962,to_in_001,28
2024,다나450962,to_in_007,13
2024,다나450962,to_in_008,13
2024,다나450966,to_in_001,13
2024,다나450966,to_in_007,8
2024,다나450966,to_in_008,8
2024,다나450968,to_in_001,0
2024,다나450968,to_in_007,0
2024,다나450968,to_in_008,0
2024,다나450969,to_in_001,8
2024,다나450969,to_in_007,8
2024,다나450969,to_in_008,8
2024,다나450970,to_in_001,13
2024,다나450970,to_in_007,8
2024,다나450970,to_in_008,8
2024,다나450982,to_in_001,23
2024,다나450982,to_in_007,18
2024,다나450982,to_in_008,5
2024,다나450998,to_in_001,8
2024,다나450998,to_in_007,8
2024,다나450998,to_in_008,0
2024,다나451919,to_in_001,8
2024,다나451919,to_in_007,8
2024,다나451919,to_in_008,5
2024,다나451937,to_in_001,5
2024,다나451937,to_in_007,5
2024,다나451937,to_in_008,0
2024,다나451938,to_in_001,5
2024,다나451938,to_in_007,0
2024,다나451938,to_in_008,0
2024,다나451942,to_in_001,5
2024,다나451942,to_in_007,0
2024,다나451942,to_in_008,5
2024,다나451948,to_in_001,0
2024,다나451948,to_in_007,0
2024,다나451948,to_in_008,0
2024,다나451950,to_in_001,8
2024,다나451950,to_in_007,5
2024,다나451950,to_in_008,5
2024,다나451951,to_in_001,8
2024,다나451951,to_in_007,8
2024,다나451951,to_in_008,5
2024,다나451952,to_in_001,18
2024,다나451952,to_in_007,13
2024,다나451952,to_in_008,8
2024,다나451953,to_in_001,43
2024,다나451953,to_in_007,28
2024,다나451953,to_in_008,18
2024,다나451954,to_in_001,60
2024,다나451954,to_in_007,29
2024,다나451954,to_in_008,29
2024,다나451955,to_in_001,118
2024,다나451955,to_in_007,68
2024,다나451955,to_in_008,53
2024,다나451956,to_in_001,53
2024,다나451956,to_in_007,32
2024,다나451956,to_in_008,19
2024,다나451957,to_in_001,13
2024,다나451957,to_in_007,8
2024,다나451957,to_in_008,8
2024,다나451958,to_in_001,8
2024,다나451958,to_in_007,5
2024,다나451958,to_in_008,5
2024,다나451959,to_in_001,5
2024,다나451959,to_in_007,0
2024,다나451959,to_in_008,0
2024,다나451960,to_in_001,81
2024,다나451960,to_in_007,46
2024,다나451960,to_in_008,33
2024,다나451961,to_in_001,0
2024,다나451961,to_in_007,0
2024,다나451961,to_in_008,0
2024,다나455934,to_in_001,8
2024,다나455934,to_in_007,5
2024,다나455934,to_in_008,5
2024,다나455935,to_in_001,5
2024,다나455935,to_in_007,5
2024,다나455935,to_in_008,5
2024,다나455947,to_in_001,8
2024,다나455947,to_in_007,5
2024,다나455947,to_in_008,5
2024,다나455948,to_in_001,8
2024,다나455948,to_in_007,5
2024,다나455948,to_in_008,5
2024,다나455949,to_in_001,5
2024,다나455949,to_in_007,5
2024,다나455949,to_in_008,5
2024,다나455950,to_in_001,5
2024,다나455950,to_in_007,5
2024,다나455950,to_in_008,5
2024,다나455951,to_in_001,8
2024,다나455951,to_in_007,5
2024,다나455951,to_in_008,8
2024,다나455952,to_in_001,23
2024,다나455952,to_in_007,13
2024,다나455952,to_in_008,13
2024,다나455954,to_in_001,108
2024,다나455954,to_in_007,60
2024,다나455954,to_in_008,51
2024,다나455955,to_in_001,45
2024,다나455955,to_in_007,25
2024,다나455955,to_in_008,23
2024,다나455956,to_in_001,33
2024,다나455956,to_in_007,23
2024,다나455956,to_in_008,13
2024,다나455957,to_in_001,23
2024,다나455957,to_in_007,13
2024,다나455957,to_in_008,8
2024,다나455958,to_in_001,5
2024,다나455958,to_in_007,5
2024,다나455958,to_in_008,0
2024,다나455959,to_in_001,5
2024,다나455959,to_in_007,0
2024,다나455959,to_in_008,5
2024,다나455961,to_in_001,8
2024,다나455961,to_in_007,5
2024,다나455961,to_in_008,5
2024,다나455963,to_in_001,8
2024,다나455963,to_in_007,5
2024,다나455963,to_in_008,5
2024,다나455964,to_in_001,13
2024,다나455964,to_in_007,8
2024,다나455964,to_in_008,5
2024,다나455965,to_in_001,18
2024,다나455965,to_in_007,13
2024,다나455965,to_in_008,8
2024,다나455966,to_in_001,23
2024,다나455966,to_in_007,13
2024,다나455966,to_in_008,13
2024,다나455967,to_in_001,13
2024,다나455967,to_in_007,5
2024,다나455967,to_in_008,8
2024,다나455968,to_in_001,33
2024,다나455968,to_in_007,23
2024,다나455968,to_in_008,13
2024,다나455969,to_in_001,13
2024,다나455969,to_in_007,8
2024,다나455969,to_in_008,8
2024,다나455970,to_in_001,23
2024,다나455970,to_in_007,18
2024,다나455970,to_in_008,8
2024,다나455971,to_in_001,5
2024,다나455971,to_in_007,5
2024,다나455971,to_in_008,5
2024,다나455972,to_in_001,0
2024,다나455972,to_in_007,0
2024,다나455972,to_in_008,0
2024,다나455978,to_in_001,8
2024,다나455978,to_in_007,8
2024,다나455978,to_in_008,5
2024,다나455979,to_in_001,5
2024,다나455979,to_in_007,5
2024,다나455979,to_in_008,0
2024,다나456928,to_in_001,5
2024,다나456928,to_in_007,5
2024,다나456928,to_in_008,0
2024,다나456932,to_in_001,14
2024,다나456932,to_in_007,14
2024,다나456932,to_in_008,0
2024,다나456934,to_in_001,8
2024,다나456934,to_in_007,5
2024,다나456934,to_in_008,5
2024,다나456936,to_in_001,5
2024,다나456936,to_in_007,5
2024,다나456936,to_in_008,5
2024,다나456937,to_in_001,5
2024,다나456937,to_in_007,0
2024,다나456937,to_in_008,5
2024,다나456938,to_in_001,5
2024,다나456938,to_in_007,5
2024,다나456938,to_in_008,0
2024,다나456939,to_in_001,18
2024,다나456939,to_in_007,13
2024,다나456939,to_in_008,8
2024,다나456947,to_in_001,8
2024,다나456947,to_in_007,8
2024,다나456947,to_in_008,5
2024,다나456951,to_in_001,5
2024,다나456951,to_in_007,5
2024,다나456951,to_in_008,0
2024,다나456952,to_in_001,43
2024,다나456952,to_in_007,28
2024,다나456952,to_in_008,13
2024,다나456953,to_in_001,33
2024,다나456953,to_in_007,23
2024,다나456953,to_in_008,13
2024,다나456954,to_in_001,13
2024,다나456954,to_in_007,8
2024,다나456954,to_in_008,8
2024,다나456955,to_in_001,66
2024,다나456955,to_in_007,40
2024,다나456955,to_in_008,24
2024,다나456956,to_in_001,33
2024,다나456956,to_in_007,13
2024,다나456956,to_in_008,18
2024,다나456962,to_in_001,8
2024,다나456962,to_in_007,5
2024,다나456962,to_in_008,5
2024,다나456964,to_in_001,13
2024,다나456964,to_in_007,8
2024,다나456964,to_in_008,8
2024,다나456965,to_in_001,28
2024,다나456965,to_in_007,18
2024,다나456965,to_in_008,8
2024,다나456966,to_in_001,23
2024,다나456966,to_in_007,13
2024,다나456966,to_in_008,13
2024,다나456967,to_in_001,13
2024,다나456967,to_in_007,8
2024,다나456967,to_in_008,8
2024,다나456968,to_in_001,43
2024,다나456968,to_in_007,23
2024,다나456968,to_in_008,18
2024,다나456969,to_in_001,13
2024,다나456969,to_in_007,5
2024,다나456969,to_in_008,8
2024,다나456974,to_in_001,5
2024,다나456974,to_in_007,5
2024,다나456974,to_in_008,0
2024,다나446973,to_in_001,5
2024,다나446973,to_in_007,5
2024,다나446973,to_in_008,0
2024,다나446976,to_in_001,8
2024,다나446976,to_in_007,8
2024,다나446976,to_in_008,5
2024,다나446979,to_in_001,5
2024,다나446979,to_in_007,0
2024,다나446979,to_in_008,0
2024,다나446980,to_in_001,8
2024,다나446980,to_in_007,5
2024,다나446980,to_in_008,8
2024,다나446981,to_in_001,23
2024,다나446981,to_in_007,18
2024,다나446981,to_in_008,5
2024,다나446982,to_in_001,33
2024,다나446982,to_in_007,23
2024,다나446982,to_in_008,13
2024,다나446983,to_in_001,8
2024,다나446983,to_in_007,5
2024,다나446983,to_in_008,5
2024,다나447891,to_in_001,8
2024,다나447891,to_in_007,8
2024,다나447891,to_in_008,0
2024,다나447893,to_in_001,5
2024,다나447893,to_in_007,5
2024,다나447893,to_in_008,0
2024,다나447894,to_in_001,8
2024,다나447894,to_in_007,8
2024,다나447894,to_in_008,0
2024,다나447895,to_in_001,8
2024,다나447895,to_in_007,5
2024,다나447895,to_in_008,5
2024,다나447896,to_in_001,5
2024,다나447896,to_in_007,5
2024,다나447896,to_in_008,5
2024,다나447906,to_in_001,8
2024,다나447906,to_in_007,8
2024,다나447906,to_in_008,5
2024,다나447907,to_in_001,0
2024,다나447907,to_in_007,0
2024,다나447907,to_in_008,0
2024,다나447908,to_in_001,5
2024,다나447908,to_in_007,5
2024,다나447908,to_in_008,5
2024,다나447912,to_in_001,5
2024,다나447912,to_in_007,5
2024,다나447912,to_in_008,0
2024,다나447915,to_in_001,0
2024,다나447915,to_in_007,0
2024,다나447915,to_in_008,0
2024,다나447926,to_in_001,5
2024,다나447926,to_in_007,0
2024,다나447926,to_in_008,0
2024,다나447938,to_in_001,5
2024,다나447938,to_in_007,0
2024,다나447938,to_in_008,5
2024,다나447940,to_in_001,5
2024,다나447940,to_in_007,5
2024,다나447940,to_in_008,5
2024,다나447949,to_in_001,110
2024,다나447949,to_in_007,57
2024,다나447949,to_in_008,51
2024,다나447950,to_in_001,131
2024,다나447950,to_in_007,75
2024,다나447950,to_in_008,54
2024,다나447951,to_in_001,13
2024,다나447951,to_in_007,8
2024,다나447951,to_in_008,8
2024,다나447952,to_in_001,18
2024,다나447952,to_in_007,13
2024,다나447952,to_in_008,5
2024,다나447953,to_in_001,18
2024,다나447953,to_in_007,8
2024,다나447953,to_in_008,8
2024,다나447957,to_in_001,5
2024,다나447957,to_in_007,5
2024,다나447957,to_in_008,5
2024,다나447964,to_in_001,5
2024,다나447964,to_in_007,5
2024,다나447964,to_in_008,0
2024,다나447965,to_in_001,5
2024,다나447965,to_in_007,5
2024,다나447965,to_in_008,0
2024,다나447966,to_in_001,8
2024,다나447966,to_in_007,5
2024,다나447966,to_in_008,5
2024,다나447968,to_in_001,8
2024,다나447968,to_in_007,5
2024,다나447968,to_in_008,5
2024,다나447972,to_in_001,5
2024,다나447972,to_in_007,0
2024,다나447972,to_in_008,5
2024,다나447976,to_in_001,5
2024,다나447976,to_in_007,0
2024,다나447976,to_in_008,5
2024,다나447977,to_in_001,5
2024,다나447977,to_in_007,5
2024,다나447977,to_in_008,0
2024,다나447979,to_in_001,5
2024,다나447979,to_in_007,0
2024,다나447979,to_in_008,0
2024,다나447980,to_in_001,8
2024,다나447980,to_in_007,5
2024,다나447980,to_in_008,8
2024,다나447981,to_in_001,8
2024,다나447981,to_in_007,5
2024,다나447981,to_in_008,5
2024,다나447982,to_in_001,43
2024,다나447982,to_in_007,23
2024,다나447982,to_in_008,18
2024,다나447983,to_in_001,18
2024,다나447983,to_in_007,13
2024,다나447983,to_in_008,8
2024,다나447999,to_in_001,8
2024,다나447999,to_in_007,8
2024,다나447999,to_in_008,5
2024,다나448909,to_in_001,8
2024,다나448909,to_in_007,8
2024,다나448909,to_in_008,0
2024,다나448921,to_in_001,5
2024,다나448921,to_in_007,0
2024,다나448921,to_in_008,0
2024,다나448938,to_in_001,5
2024,다나448938,to_in_007,5
2024,다나448938,to_in_008,5
2024,다나448943,to_in_001,5
2024,다나448943,to_in_007,5
2024,다나448943,to_in_008,0
2024,다나448947,to_in_001,8
2024,다나448947,to_in_007,5
2024,다나448947,to_in_008,5
2024,다나448948,to_in_001,5
2024,다나448948,to_in_007,5
2024,다나448948,to_in_008,5
2024,다나448949,to_in_001,18
2024,다나448949,to_in_007,8
2024,다나448949,to_in_008,8
2024,다나448950,to_in_001,13
2024,다나448950,to_in_007,8
2024,다나448950,to_in_008,5
2024,다나448951,to_in_001,8
2024,다나448951,to_in_007,5
2024,다나448951,to_in_008,8
2024,다나448952,to_in_001,8
2024,다나448952,to_in_007,5
2024,다나448952,to_in_008,5
2024,다나448953,to_in_001,8
2024,다나448953,to_in_007,8
2024,다나448953,to_in_008,5
2024,다나448954,to_in_001,8
2024,다나448954,to_in_007,5
2024,다나448954,to_in_008,5
2024,다나448957,to_in_001,8
2024,다나448957,to_in_007,5
2024,다나448957,to_in_008,5
2024,다나460946,to_in_001,0
2024,다나460946,to_in_007,0
2024,다나460946,to_in_008,0
2024,다나460976,to_in_001,13
2024,다나460976,to_in_007,8
2024,다나460976,to_in_008,8
2024,다나461938,to_in_001,8
2024,다나461938,to_in_007,5
2024,다나461938,to_in_008,5
2024,다나461939,to_in_001,28
2024,다나461939,to_in_007,18
2024,다나461939,to_in_008,13
2024,다나461940,to_in_001,13
2024,다나461940,to_in_007,5
2024,다나461940,to_in_008,8
2024,다나461941,to_in_001,38
2024,다나461941,to_in_007,23
2024,다나461941,to_in_008,13
2024,다나461942,to_in_001,33
2024,다나461942,to_in_007,18
2024,다나461942,to_in_008,18
2024,다나461943,to_in_001,18
2024,다나461943,to_in_007,8
2024,다나461943,to_in_008,13
2024,다나461954,to_in_001,8
2024,다나461954,to_in_007,0
2024,다나461954,to_in_008,8
2024,다나461964,to_in_001,5
2024,다나461964,to_in_007,0
2024,다나461964,to_in_008,5
2024,다나461975,to_in_001,13
2024,다나461975,to_in_007,8
2024,다나461975,to_in_008,5
2024,다나461976,to_in_001,13
2024,다나461976,to_in_007,8
2024,다나461976,to_in_008,5
2024,다나462938,to_in_001,5
2024,다나462938,to_in_007,0
2024,다나462938,to_in_008,5
2024,다나462939,to_in_001,28
2024,다나462939,to_in_007,13
2024,다나462939,to_in_008,13
2024,다나462940,to_in_001,33
2024,다나462940,to_in_007,13
2024,다나462940,to_in_008,18
2024,다나462941,to_in_001,13
2024,다나462941,to_in_007,5
2024,다나462941,to_in_008,8
2024,다나462942,to_in_001,8
2024,다나462942,to_in_007,5
2024,다나462942,to_in_008,5
2024,다나462955,to_in_001,5
2024,다나462955,to_in_007,0
2024,다나462955,to_in_008,0
2024,다나462964,to_in_001,0
2024,다나462964,to_in_007,0
2024,다나462964,to_in_008,0
2024,다나462976,to_in_001,5
2024,다나462976,to_in_007,5
2024,다나462976,to_in_008,0
2024,다나463939,to_in_001,5
2024,다나463939,to_in_007,5
2024,다나463939,to_in_008,5
2024,다나463940,to_in_001,8
2024,다나463940,to_in_007,8
2024,다나463940,to_in_008,8
2024,다나463962,to_in_001,5
2024,다나463962,to_in_007,5
2024,다나463962,to_in_008,5
2024,다나463976,to_in_001,8
2024,다나463976,to_in_007,5
2024,다나463976,to_in_008,5
2024,다나464976,to_in_001,5
2024,다나464976,to_in_007,5
2024,다나464976,to_in_008,0
2024,다나466929,to_in_001,48
2024,다나466929,to_in_007,18
2024,다나466929,to_in_008,28
2024,다나468936,to_in_001,5
2024,다나468936,to_in_007,5
2024,다나468936,to_in_008,0
2024,다나469927,to_in_001,53
2024,다나469927,to_in_007,37
2024,다나469927,to_in_008,19
2024,다나469965,to_in_001,5
2024,다나469965,to_in_007,5
2024,다나469965,to_in_008,5
2024,다나469966,to_in_001,185
2024,다나469966,to_in_007,81
2024,다나469966,to_in_008,102
2024,다나469975,to_in_001,8
2024,다나469975,to_in_007,5
2024,다나469975,to_in_008,5
2024,다나469976,to_in_001,8
2024,다나469976,to_in_007,8
2024,다나469976,to_in_008,5
2024,다나470965,to_in_001,5
2024,다나470965,to_in_007,5
2024,다나470965,to_in_008,5
2024,다나470966,to_in_001,18
2024,다나470966,to_in_007,13
2024,다나470966,to_in_008,8
2024,다나470967,to_in_001,8
2024,다나470967,to_in_007,5
2024,다나470967,to_in_008,8
2024,다나470974,to_in_001,23
2024,다나470974,to_in_007,13
2024,다나470974,to_in_008,8
2024,다나470975,to_in_001,5
2024,다나470975,to_in_007,5
2024,다나470975,to_in_008,0
2024,다나470976,to_in_001,18
2024,다나470976,to_in_007,13
2024,다나470976,to_in_008,8
2024,다나470977,to_in_001,43
2024,다나470977,to_in_007,28
2024,다나470977,to_in_008,13
2024,다나471966,to_in_001,54
2024,다나471966,to_in_007,28
2024,다나471966,to_in_008,24
2024,다나471967,to_in_001,48
2024,다나471967,to_in_007,33
2024,다나471967,to_in_008,18
2024,다나471968,to_in_001,48
2024,다나471968,to_in_007,28
2024,다나471968,to_in_008,18
