2024,다아477011,to_in_001,13
2024,다아477011,to_in_007,5
2024,다아477011,to_in_008,8
2024,다아477012,to_in_001,13
2024,다아477012,to_in_007,8
2024,다아477012,to_in_008,8
2024,다아477013,to_in_001,5
2024,다아477013,to_in_007,5
2024,다아477013,to_in_008,0
2024,다아477014,to_in_001,5
2024,다아477014,to_in_007,5
2024,다아477014,to_in_008,0
2024,다아477015,to_in_001,8
2024,다아477015,to_in_007,5
2024,다아477015,to_in_008,5
2024,다아478014,to_in_001,8
2024,다아478014,to_in_007,5
2024,다아478014,to_in_008,5
2024,다아478021,to_in_001,5
2024,다아478021,to_in_007,0
2024,다아478021,to_in_008,5
2024,다아478026,to_in_001,5
2024,다아478026,to_in_007,0
2024,다아478026,to_in_008,5
2024,다아478027,to_in_001,8
2024,다아478027,to_in_007,5
2024,다아478027,to_in_008,5
2024,다아478028,to_in_001,8
2024,다아478028,to_in_007,5
2024,다아478028,to_in_008,5
2024,다아478060,to_in_001,0
2024,다아478060,to_in_007,0
2024,다아478060,to_in_008,0
2024,다아479013,to_in_001,5
2024,다아479013,to_in_007,5
2024,다아479013,to_in_008,5
2024,다아479020,to_in_001,0
2024,다아479020,to_in_007,0
2024,다아479020,to_in_008,0
2024,다아479026,to_in_001,5
2024,다아479026,to_in_007,0
2024,다아479026,to_in_008,5
2024,다아479027,to_in_001,13
2024,다아479027,to_in_007,8
2024,다아479027,to_in_008,8
2024,다아479028,to_in_001,8
2024,다아479028,to_in_007,8
2024,다아479028,to_in_008,8
2024,다아479030,to_in_001,5
2024,다아479030,to_in_007,5
2024,다아479030,to_in_008,0
2024,다아479037,to_in_001,5
2024,다아479037,to_in_007,5
2024,다아479037,to_in_008,5
2024,다아479043,to_in_001,5
2024,다아479043,to_in_007,5
2024,다아479043,to_in_008,5
2024,다아479045,to_in_001,8
2024,다아479045,to_in_007,5
2024,다아479045,to_in_008,8
2024,다아479048,to_in_001,5
2024,다아479048,to_in_007,0
2024,다아479048,to_in_008,0
2024,다아480013,to_in_001,8
2024,다아480013,to_in_007,5
2024,다아480013,to_in_008,5
2024,다아480025,to_in_001,5
2024,다아480025,to_in_007,0
2024,다아480025,to_in_008,0
2024,다아480043,to_in_001,13
2024,다아480043,to_in_007,8
2024,다아480043,to_in_008,5
2024,다아480044,to_in_001,8
2024,다아480044,to_in_007,5
2024,다아480044,to_in_008,5
2024,다아481031,to_in_001,5
2024,다아481031,to_in_007,5
2024,다아481031,to_in_008,0
2024,다아481032,to_in_001,5
2024,다아481032,to_in_007,0
2024,다아481032,to_in_008,5
2024,다아481033,to_in_001,5
2024,다아481033,to_in_007,0
2024,다아481033,to_in_008,5
2024,다아481034,to_in_001,13
2024,다아481034,to_in_007,8
2024,다아481034,to_in_008,8
2024,다아481035,to_in_001,8
2024,다아481035,to_in_007,8
2024,다아481035,to_in_008,0
2024,다아481042,to_in_001,13
2024,다아481042,to_in_007,8
2024,다아481042,to_in_008,5
2024,다아481043,to_in_001,5
2024,다아481043,to_in_007,5
2024,다아481043,to_in_008,0
2024,다아481050,to_in_001,0
2024,다아481050,to_in_007,0
2024,다아481050,to_in_008,0
2024,다아482033,to_in_001,5
2024,다아482033,to_in_007,5
2024,다아482033,to_in_008,0
2024,다아482034,to_in_001,0
2024,다아482034,to_in_007,0
2024,다아482034,to_in_008,0
2024,다아482035,to_in_001,5
2024,다아482035,to_in_007,5
2024,다아482035,to_in_008,0
2024,다아482039,to_in_001,0
2024,다아482039,to_in_007,0
2024,다아482039,to_in_008,0
2024,다아482041,to_in_001,23
2024,다아482041,to_in_007,13
2024,다아482041,to_in_008,8
2024,다아482042,to_in_001,13
2024,다아482042,to_in_007,8
2024,다아482042,to_in_008,5
2024,다아483034,to_in_001,8
2024,다아483034,to_in_007,8
2024,다아483034,to_in_008,0
2024,다아483036,to_in_001,5
2024,다아483036,to_in_007,5
2024,다아483036,to_in_008,0
2024,다아483038,to_in_001,0
2024,다아483038,to_in_007,0
2024,다아483038,to_in_008,0
2024,다아483040,to_in_001,13
2024,다아483040,to_in_007,8
2024,다아483040,to_in_008,8
2024,다아483041,to_in_001,8
2024,다아483041,to_in_007,5
2024,다아483041,to_in_008,5
2024,다아483042,to_in_001,8
2024,다아483042,to_in_007,0
2024,다아483042,to_in_008,8
2024,다아483043,to_in_001,8
2024,다아483043,to_in_007,5
2024,다아483043,to_in_008,8
2024,다아483044,to_in_001,13
2024,다아483044,to_in_007,8
2024,다아483044,to_in_008,8
2024,다아483050,to_in_001,0
2024,다아483050,to_in_007,0
2024,다아483050,to_in_008,0
2024,다아505000,to_in_001,5
2024,다아505000,to_in_007,0
2024,다아505000,to_in_008,0
2024,다아505008,to_in_001,5
2024,다아505008,to_in_007,0
2024,다아505008,to_in_008,0
2024,다아505044,to_in_001,5
2024,다아505044,to_in_007,5
2024,다아505044,to_in_008,0
2024,다아505049,to_in_001,5
2024,다아505049,to_in_007,5
2024,다아505049,to_in_008,0
2024,다아506001,to_in_001,5
2024,다아506001,to_in_007,5
2024,다아506001,to_in_008,0
2024,다아506006,to_in_001,5
2024,다아506006,to_in_007,0
2024,다아506006,to_in_008,5
2024,다아506008,to_in_001,5
2024,다아506008,to_in_007,0
2024,다아506008,to_in_008,0
2024,다아506009,to_in_001,0
2024,다아506009,to_in_007,0
2024,다아506009,to_in_008,0
2024,다아506038,to_in_001,0
2024,다아506038,to_in_007,0
2024,다아506038,to_in_008,0
2024,다아506039,to_in_001,0
2024,다아506039,to_in_007,0
2024,다아506039,to_in_008,0
2024,다아506041,to_in_001,0
2024,다아506041,to_in_007,0
2024,다아506041,to_in_008,0
2024,다아506043,to_in_001,0
2024,다아506043,to_in_007,0
2024,다아506043,to_in_008,0
2024,다아506044,to_in_001,5
2024,다아506044,to_in_007,5
2024,다아506044,to_in_008,0
2024,다아506045,to_in_001,5
2024,다아506045,to_in_007,0
2024,다아506045,to_in_008,0
2024,다아506047,to_in_001,0
2024,다아506047,to_in_007,0
2024,다아506047,to_in_008,0
2024,다아506049,to_in_001,8
2024,다아506049,to_in_007,8
2024,다아506049,to_in_008,0
2024,다아506050,to_in_001,0
2024,다아506050,to_in_007,0
2024,다아506050,to_in_008,0
2024,다아507003,to_in_001,5
2024,다아507003,to_in_007,5
2024,다아507003,to_in_008,0
2024,다아507007,to_in_001,5
2024,다아507007,to_in_007,5
2024,다아507007,to_in_008,5
2024,다아507011,to_in_001,5
2024,다아507011,to_in_007,0
2024,다아507011,to_in_008,0
2024,다아507013,to_in_001,8
2024,다아507013,to_in_007,5
2024,다아507013,to_in_008,8
2024,다아507016,to_in_001,0
2024,다아507016,to_in_007,0
2024,다아507016,to_in_008,0
2024,다아507038,to_in_001,5
2024,다아507038,to_in_007,5
2024,다아507038,to_in_008,0
2024,다아508007,to_in_001,8
2024,다아508007,to_in_007,8
2024,다아508007,to_in_008,0
2024,다아508015,to_in_001,5
2024,다아508015,to_in_007,5
2024,다아508015,to_in_008,0
2024,다아508043,to_in_001,5
2024,다아508043,to_in_007,5
2024,다아508043,to_in_008,5
2024,다아508068,to_in_001,5
2024,다아508068,to_in_007,5
2024,다아508068,to_in_008,0
2024,다아509015,to_in_001,0
2024,다아509015,to_in_007,0
2024,다아509015,to_in_008,0
2024,다아509025,to_in_001,8
2024,다아509025,to_in_007,5
2024,다아509025,to_in_008,5
2024,다아509026,to_in_001,5
2024,다아509026,to_in_007,0
2024,다아509026,to_in_008,0
2024,다아509046,to_in_001,0
2024,다아509046,to_in_007,0
2024,다아509046,to_in_008,0
2024,다아529005,to_in_001,5
2024,다아529005,to_in_007,0
2024,다아529005,to_in_008,5
2024,다아529006,to_in_001,5
2024,다아529006,to_in_007,5
2024,다아529006,to_in_008,0
2024,다아529007,to_in_001,5
2024,다아529007,to_in_007,5
2024,다아529007,to_in_008,0
2024,다아529008,to_in_001,0
2024,다아529008,to_in_007,0
2024,다아529008,to_in_008,0
2024,다아529022,to_in_001,18
2024,다아529022,to_in_007,8
2024,다아529022,to_in_008,8
2024,다아529027,to_in_001,8
2024,다아529027,to_in_007,8
2024,다아529027,to_in_008,5
2024,다아529028,to_in_001,5
2024,다아529028,to_in_007,0
2024,다아529028,to_in_008,5
2024,다아529045,to_in_001,0
2024,다아529045,to_in_007,0
2024,다아529045,to_in_008,0
2024,다아529079,to_in_001,5
2024,다아529079,to_in_007,0
2024,다아529079,to_in_008,5
2024,다아529080,to_in_001,5
2024,다아529080,to_in_007,5
2024,다아529080,to_in_008,0
2024,다아529085,to_in_001,0
2024,다아484010,to_in_001,5
2024,다아484010,to_in_007,0
2024,다아484010,to_in_008,0
2024,다아484029,to_in_001,8
2024,다아484029,to_in_007,8
2024,다아484029,to_in_008,0
2024,다아484034,to_in_001,8
2024,다아484034,to_in_007,8
2024,다아484034,to_in_008,5
2024,다아484035,to_in_001,8
2024,다아484035,to_in_007,5
2024,다아484035,to_in_008,5
2024,다아484036,to_in_001,5
2024,다아484036,to_in_007,5
2024,다아484036,to_in_008,5
2024,다아484037,to_in_001,23
2024,다아484037,to_in_007,8
2024,다아484037,to_in_008,13
2024,다아484038,to_in_001,33
2024,다아484038,to_in_007,18
2024,다아484038,to_in_008,13
2024,다아484039,to_in_001,23
2024,다아484039,to_in_007,13
2024,다아484039,to_in_008,13
2024,다아484040,to_in_001,28
2024,다아484040,to_in_007,13
2024,다아484040,to_in_008,13
2024,다아484041,to_in_001,5
2024,다아484041,to_in_007,0
2024,다아484041,to_in_008,5
2024,다아484042,to_in_001,8
2024,다아484042,to_in_007,5
2024,다아484042,to_in_008,5
2024,다아484056,to_in_001,0
2024,다아484056,to_in_007,0
2024,다아484056,to_in_008,0
2024,다아484057,to_in_001,8
2024,다아484057,to_in_007,8
2024,다아484057,to_in_008,0
2024,다아485000,to_in_001,8
2024,다아485000,to_in_007,5
2024,다아485000,to_in_008,8
2024,다아485008,to_in_001,5
2024,다아485008,to_in_007,5
2024,다아485008,to_in_008,0
2024,다아485035,to_in_001,33
2024,다아485035,to_in_007,18
2024,다아485035,to_in_008,13
2024,다아485036,to_in_001,13
2024,다아485036,to_in_007,8
2024,다아485036,to_in_008,5
2024,다아485037,to_in_001,18
2024,다아485037,to_in_007,8
2024,다아485037,to_in_008,8
2024,다아485038,to_in_001,18
2024,다아485038,to_in_007,8
2024,다아485038,to_in_008,8
2024,다아485039,to_in_001,8
2024,다아485039,to_in_007,8
2024,다아485039,to_in_008,5
2024,다아485041,to_in_001,0
2024,다아485041,to_in_007,0
2024,다아485041,to_in_008,0
2024,다아485059,to_in_001,0
2024,다아485059,to_in_007,0
2024,다아485059,to_in_008,0
2024,다아486000,to_in_001,58
2024,다아486000,to_in_007,33
2024,다아486000,to_in_008,23
2024,다아486006,to_in_001,5
2024,다아486006,to_in_007,5
2024,다아486006,to_in_008,0
2024,다아486007,to_in_001,5
2024,다아486007,to_in_007,5
2024,다아486007,to_in_008,0
2024,다아486015,to_in_001,5
2024,다아486015,to_in_007,5
2024,다아486015,to_in_008,5
2024,다아486016,to_in_001,0
2024,다아486016,to_in_007,0
2024,다아486016,to_in_008,0
2024,다아486027,to_in_001,5
2024,다아486027,to_in_007,5
2024,다아486027,to_in_008,0
2024,다아486030,to_in_001,5
2024,다아486030,to_in_007,0
2024,다아486030,to_in_008,0
2024,다아486031,to_in_001,5
2024,다아486031,to_in_007,0
2024,다아486031,to_in_008,0
2024,다아486034,to_in_001,5
2024,다아486034,to_in_007,0
2024,다아486034,to_in_008,0
2024,다아486035,to_in_001,18
2024,다아486035,to_in_007,8
2024,다아486035,to_in_008,13
2024,다아486036,to_in_001,18
2024,다아486036,to_in_007,8
2024,다아486036,to_in_008,8
2024,다아486037,to_in_001,5
2024,다아486037,to_in_007,0
2024,다아486037,to_in_008,0
2024,다아486038,to_in_001,5
2024,다아486038,to_in_007,0
2024,다아486038,to_in_008,5
2024,다아486039,to_in_001,8
2024,다아486039,to_in_007,5
2024,다아486039,to_in_008,5
2024,다아486058,to_in_001,5
2024,다아486058,to_in_007,0
2024,다아486058,to_in_008,0
2024,다아487000,to_in_001,13
2024,다아487000,to_in_007,8
2024,다아487000,to_in_008,5
2024,다아487001,to_in_001,5
2024,다아487001,to_in_007,5
2024,다아487001,to_in_008,5
2024,다아487004,to_in_001,5
2024,다아487004,to_in_007,0
2024,다아487004,to_in_008,0
2024,다아487006,to_in_001,5
2024,다아487006,to_in_007,5
2024,다아487006,to_in_008,5
2024,다아487016,to_in_001,5
2024,다아487016,to_in_007,5
2024,다아487016,to_in_008,0
2024,다아487021,to_in_001,14
2024,다아487021,to_in_007,14
2024,다아487021,to_in_008,0
2024,다아487022,to_in_001,0
2024,다아487022,to_in_007,0
2024,다아487022,to_in_008,0
2024,다아487031,to_in_001,13
2024,다아487031,to_in_007,8
2024,다아487031,to_in_008,5
2024,다아499023,to_in_001,5
2024,다아499023,to_in_007,0
2024,다아499023,to_in_008,0
2024,다아499051,to_in_001,0
2024,다아499051,to_in_007,0
2024,다아499051,to_in_008,0
2024,다아499052,to_in_001,5
2024,다아499052,to_in_007,0
2024,다아499052,to_in_008,0
2024,다아499058,to_in_001,13
2024,다아499058,to_in_007,5
2024,다아499058,to_in_008,8
2024,다아499059,to_in_001,13
2024,다아499059,to_in_007,8
2024,다아499059,to_in_008,5
2024,다아499062,to_in_001,5
2024,다아499062,to_in_007,0
2024,다아499062,to_in_008,5
2024,다아500041,to_in_001,5
2024,다아500041,to_in_007,0
2024,다아500041,to_in_008,5
2024,다아500055,to_in_001,5
2024,다아500055,to_in_007,5
2024,다아500055,to_in_008,5
2024,다아500058,to_in_001,8
2024,다아500058,to_in_007,8
2024,다아500058,to_in_008,5
2024,다아500059,to_in_001,23
2024,다아500059,to_in_007,13
2024,다아500059,to_in_008,8
2024,다아500060,to_in_001,8
2024,다아500060,to_in_007,5
2024,다아500060,to_in_008,8
2024,다아500061,to_in_001,8
2024,다아500061,to_in_007,5
2024,다아500061,to_in_008,8
2024,다아500063,to_in_001,0
2024,다아500063,to_in_007,0
2024,다아500063,to_in_008,0
2024,다아500066,to_in_001,5
2024,다아500066,to_in_007,5
2024,다아500066,to_in_008,5
2024,다아501041,to_in_001,8
2024,다아501041,to_in_007,5
2024,다아501041,to_in_008,5
2024,다아501042,to_in_001,8
2024,다아501042,to_in_007,5
2024,다아501042,to_in_008,5
2024,다아501043,to_in_001,5
2024,다아501043,to_in_007,5
2024,다아501043,to_in_008,0
2024,다아501058,to_in_001,5
2024,다아501058,to_in_007,5
2024,다아501058,to_in_008,0
2024,다아501059,to_in_001,8
2024,다아501059,to_in_007,5
2024,다아501059,to_in_008,5
2024,다아502000,to_in_001,5
2024,다아502000,to_in_007,0
2024,다아502000,to_in_008,5
2024,다아502001,to_in_001,5
2024,다아502001,to_in_007,0
2024,다아502001,to_in_008,0
2024,다아502041,to_in_001,5
2024,다아502041,to_in_007,5
2024,다아502041,to_in_008,0
2024,다아502042,to_in_001,18
2024,다아502042,to_in_007,8
2024,다아502042,to_in_008,13
2024,다아502043,to_in_001,8
2024,다아502043,to_in_007,8
2024,다아502043,to_in_008,5
2024,다아502044,to_in_001,5
2024,다아502044,to_in_007,5
2024,다아502044,to_in_008,5
2024,다아503000,to_in_001,0
2024,다아503000,to_in_007,0
2024,다아503000,to_in_008,0
2024,다아503041,to_in_001,5
2024,다아503041,to_in_007,5
2024,다아503041,to_in_008,0
2024,다아503042,to_in_001,5
2024,다아503042,to_in_007,5
2024,다아503042,to_in_008,0
2024,다아503043,to_in_001,43
2024,다아503043,to_in_007,23
2024,다아503043,to_in_008,18
2024,다아503044,to_in_001,13
2024,다아503044,to_in_007,8
2024,다아503044,to_in_008,8
2024,다아504001,to_in_001,0
2024,다아504001,to_in_007,0
2024,다아504001,to_in_008,0
2024,다아504002,to_in_001,5
2024,다아504002,to_in_007,0
2024,다아504002,to_in_008,5
2024,다아504042,to_in_001,8
2024,다아504042,to_in_007,0
2024,다아504042,to_in_008,8
2024,다아504043,to_in_001,5
2024,다아504043,to_in_007,5
2024,다아504043,to_in_008,5
2024,다아526007,to_in_001,8
2024,다아526007,to_in_007,5
2024,다아526007,to_in_008,5
2024,다아526024,to_in_001,5
2024,다아526024,to_in_007,5
2024,다아526024,to_in_008,5
2024,다아526025,to_in_001,5
2024,다아526025,to_in_007,0
2024,다아526025,to_in_008,0
2024,다아526053,to_in_001,5
2024,다아526053,to_in_007,5
2024,다아526053,to_in_008,5
2024,다아526056,to_in_001,5
2024,다아526056,to_in_007,0
2024,다아526056,to_in_008,0
2024,다아526080,to_in_001,5
2024,다아526080,to_in_007,0
2024,다아526080,to_in_008,0
2024,다아527002,to_in_001,5
2024,다아527002,to_in_007,5
2024,다아527002,to_in_008,0
2024,다아527003,to_in_001,5
2024,다아527003,to_in_007,5
2024,다아527003,to_in_008,5
2024,다아527029,to_in_001,8
2024,다아527029,to_in_007,5
2024,다아527029,to_in_008,5
2024,다아527048,to_in_001,5
2024,다아527048,to_in_007,0
2024,다아527048,to_in_008,5
2024,다아527049,to_in_001,5
2024,다아527049,to_in_007,0
2024,다아527049,to_in_008,5
2024,다아527058,to_in_001,5
2024,다아527058,to_in_007,0
2024,다아527058,to_in_008,0
2024,다아527082,to_in_001,5
2024,다아527082,to_in_007,0
2024,다아527082,to_in_008,0
2024,다아528003,to_in_001,5
2024,다아528003,to_in_007,5
2024,다아528003,to_in_008,5
2024,다아528006,to_in_001,8
2024,다아528006,to_in_007,5
2024,다아528006,to_in_008,5
2024,다아528007,to_in_001,0
2024,다아528007,to_in_007,0
2024,다아528007,to_in_008,0
2024,다아528009,to_in_001,5
2024,다아528009,to_in_007,5
2024,다아528009,to_in_008,5
2024,다아528010,to_in_001,0
2024,다아528010,to_in_007,0
2024,다아528010,to_in_008,0
2024,다아528015,to_in_001,0
2024,다아528015,to_in_007,0
2024,다아487032,to_in_001,5
2024,다아487032,to_in_007,5
2024,다아487032,to_in_008,5
2024,다아487038,to_in_001,0
2024,다아487038,to_in_007,0
2024,다아487038,to_in_008,0
2024,다아487040,to_in_001,5
2024,다아487040,to_in_007,5
2024,다아487040,to_in_008,5
2024,다아487041,to_in_001,5
2024,다아487041,to_in_007,0
2024,다아487041,to_in_008,0
2024,다아487042,to_in_001,8
2024,다아487042,to_in_007,5
2024,다아487042,to_in_008,8
2024,다아487043,to_in_001,18
2024,다아487043,to_in_007,8
2024,다아487043,to_in_008,8
2024,다아487044,to_in_001,23
2024,다아487044,to_in_007,13
2024,다아487044,to_in_008,8
2024,다아487045,to_in_001,5
2024,다아487045,to_in_007,0
2024,다아487045,to_in_008,5
2024,다아487052,to_in_001,8
2024,다아487052,to_in_007,5
2024,다아487052,to_in_008,5
2024,다아487054,to_in_001,5
2024,다아487054,to_in_007,0
2024,다아487054,to_in_008,0
2024,다아487055,to_in_001,5
2024,다아487055,to_in_007,5
2024,다아487055,to_in_008,5
2024,다아488000,to_in_001,8
2024,다아488000,to_in_007,5
2024,다아488000,to_in_008,5
2024,다아488008,to_in_001,5
2024,다아488008,to_in_007,0
2024,다아488008,to_in_008,0
2024,다아488021,to_in_001,8
2024,다아488021,to_in_007,8
2024,다아488021,to_in_008,0
2024,다아488030,to_in_001,5
2024,다아488030,to_in_007,5
2024,다아488030,to_in_008,5
2024,다아488035,to_in_001,0
2024,다아488035,to_in_007,0
2024,다아488035,to_in_008,0
2024,다아488043,to_in_001,8
2024,다아488043,to_in_007,5
2024,다아488043,to_in_008,5
2024,다아488044,to_in_001,8
2024,다아488044,to_in_007,5
2024,다아488044,to_in_008,5
2024,다아488045,to_in_001,13
2024,다아488045,to_in_007,8
2024,다아488045,to_in_008,5
2024,다아488046,to_in_001,8
2024,다아488046,to_in_007,5
2024,다아488046,to_in_008,5
2024,다아488048,to_in_001,5
2024,다아488048,to_in_007,5
2024,다아488048,to_in_008,0
2024,다아488050,to_in_001,8
2024,다아488050,to_in_007,5
2024,다아488050,to_in_008,5
2024,다아488051,to_in_001,5
2024,다아488051,to_in_007,5
2024,다아488051,to_in_008,0
2024,다아488055,to_in_001,5
2024,다아488055,to_in_007,0
2024,다아488055,to_in_008,0
2024,다아488061,to_in_001,5
2024,다아488061,to_in_007,5
2024,다아488061,to_in_008,0
2024,다아489000,to_in_001,23
2024,다아489000,to_in_007,13
2024,다아489000,to_in_008,8
2024,다아489003,to_in_001,5
2024,다아489003,to_in_007,0
2024,다아489003,to_in_008,5
2024,다아489016,to_in_001,5
2024,다아489016,to_in_007,5
2024,다아489016,to_in_008,0
2024,다아489020,to_in_001,5
2024,다아489020,to_in_007,5
2024,다아489020,to_in_008,0
2024,다아489021,to_in_001,5
2024,다아489021,to_in_007,5
2024,다아489021,to_in_008,0
2024,다아489036,to_in_001,8
2024,다아489036,to_in_007,0
2024,다아489036,to_in_008,8
2024,다아489045,to_in_001,0
2024,다아489045,to_in_007,0
2024,다아489045,to_in_008,0
2024,다아489046,to_in_001,0
2024,다아489046,to_in_007,0
2024,다아489046,to_in_008,0
2024,다아489047,to_in_001,5
2024,다아489047,to_in_007,5
2024,다아489047,to_in_008,5
2024,다아489048,to_in_001,5
2024,다아489048,to_in_007,5
2024,다아489048,to_in_008,5
2024,다아489053,to_in_001,5
2024,다아489053,to_in_007,0
2024,다아489053,to_in_008,5
2024,다아489061,to_in_001,8
2024,다아489061,to_in_007,5
2024,다아489061,to_in_008,5
2024,다아489062,to_in_001,5
2024,다아489062,to_in_007,5
2024,다아489062,to_in_008,0
2024,다아490000,to_in_001,18
2024,다아490000,to_in_007,8
2024,다아490000,to_in_008,8
2024,다아490002,to_in_001,5
2024,다아490002,to_in_007,0
2024,다아490002,to_in_008,5
2024,다아490003,to_in_001,8
2024,다아490003,to_in_007,5
2024,다아490003,to_in_008,5
2024,다아490004,to_in_001,13
2024,다아490004,to_in_007,8
2024,다아490004,to_in_008,5
2024,다아490005,to_in_001,28
2024,다아490005,to_in_007,18
2024,다아490005,to_in_008,8
2024,다아490006,to_in_001,5
2024,다아490006,to_in_007,5
2024,다아490006,to_in_008,0
2024,다아494064,to_in_001,5
2024,다아494064,to_in_007,5
2024,다아494064,to_in_008,5
2024,다아495007,to_in_001,0
2024,다아495007,to_in_007,0
2024,다아495007,to_in_008,0
2024,다아495019,to_in_001,14
2024,다아495019,to_in_007,14
2024,다아495019,to_in_008,0
2024,다아495020,to_in_001,8
2024,다아495020,to_in_007,8
2024,다아495020,to_in_008,0
2024,다아495021,to_in_001,18
2024,다아495021,to_in_007,13
2024,다아495021,to_in_008,5
2024,다아495029,to_in_001,0
2024,다아495029,to_in_007,0
2024,다아495029,to_in_008,0
2024,다아495037,to_in_001,8
2024,다아495037,to_in_007,5
2024,다아495037,to_in_008,5
2024,다아495040,to_in_001,8
2024,다아495040,to_in_007,5
2024,다아495040,to_in_008,5
2024,다아495041,to_in_001,0
2024,다아495041,to_in_007,0
2024,다아495041,to_in_008,0
2024,다아495057,to_in_001,0
2024,다아495057,to_in_007,0
2024,다아495057,to_in_008,0
2024,다아495060,to_in_001,0
2024,다아495060,to_in_007,0
2024,다아495060,to_in_008,0
2024,다아495067,to_in_001,5
2024,다아495067,to_in_007,5
2024,다아495067,to_in_008,0
2024,다아496018,to_in_001,5
2024,다아496018,to_in_007,5
2024,다아496018,to_in_008,0
2024,다아496019,to_in_001,8
2024,다아496019,to_in_007,8
2024,다아496019,to_in_008,0
2024,다아496020,to_in_001,12
2024,다아496020,to_in_007,12
2024,다아496020,to_in_008,0
2024,다아496029,to_in_001,5
2024,다아496029,to_in_007,0
2024,다아496029,to_in_008,0
2024,다아496041,to_in_001,8
2024,다아496041,to_in_007,8
2024,다아496041,to_in_008,5
2024,다아497006,to_in_001,5
2024,다아497006,to_in_007,0
2024,다아497006,to_in_008,5
2024,다아497018,to_in_001,5
2024,다아497018,to_in_007,5
2024,다아497018,to_in_008,0
2024,다아497040,to_in_001,0
2024,다아497040,to_in_007,0
2024,다아497040,to_in_008,0
2024,다아497052,to_in_001,5
2024,다아497052,to_in_007,5
2024,다아497052,to_in_008,0
2024,다아497057,to_in_001,8
2024,다아497057,to_in_007,5
2024,다아497057,to_in_008,5
2024,다아497060,to_in_001,8
2024,다아497060,to_in_007,5
2024,다아497060,to_in_008,5
2024,다아497064,to_in_001,8
2024,다아497064,to_in_007,5
2024,다아497064,to_in_008,8
2024,다아497066,to_in_001,5
2024,다아497066,to_in_007,0
2024,다아497066,to_in_008,5
2024,다아498006,to_in_001,0
2024,다아498006,to_in_007,0
2024,다아498006,to_in_008,0
2024,다아498007,to_in_001,5
2024,다아498007,to_in_007,5
2024,다아498007,to_in_008,5
2024,다아498026,to_in_001,5
2024,다아498026,to_in_007,5
2024,다아498026,to_in_008,0
2024,다아498028,to_in_001,5
2024,다아498028,to_in_007,0
2024,다아498028,to_in_008,5
2024,다아498029,to_in_001,5
2024,다아498029,to_in_007,5
2024,다아498029,to_in_008,0
2024,다아498053,to_in_001,0
2024,다아498053,to_in_007,0
2024,다아498053,to_in_008,0
2024,다아498054,to_in_001,5
2024,다아498054,to_in_007,5
2024,다아498054,to_in_008,0
2024,다아498060,to_in_001,5
2024,다아498060,to_in_007,5
2024,다아498060,to_in_008,5
2024,다아498061,to_in_001,8
2024,다아498061,to_in_007,5
2024,다아498061,to_in_008,5
2024,다아498066,to_in_001,0
2024,다아498066,to_in_007,0
2024,다아498066,to_in_008,0
2024,다아521042,to_in_001,8
2024,다아521042,to_in_007,5
2024,다아521042,to_in_008,5
2024,다아522011,to_in_001,0
2024,다아522011,to_in_007,0
2024,다아522011,to_in_008,0
2024,다아522012,to_in_001,5
2024,다아522012,to_in_007,0
2024,다아522012,to_in_008,5
2024,다아522026,to_in_001,5
2024,다아522026,to_in_007,0
2024,다아522026,to_in_008,5
2024,다아522027,to_in_001,8
2024,다아522027,to_in_007,8
2024,다아522027,to_in_008,0
2024,다아522028,to_in_001,5
2024,다아522028,to_in_007,0
2024,다아522028,to_in_008,5
2024,다아522029,to_in_001,0
2024,다아522029,to_in_007,0
2024,다아522029,to_in_008,0
2024,다아522032,to_in_001,5
2024,다아522032,to_in_007,0
2024,다아522032,to_in_008,5
2024,다아523004,to_in_001,5
2024,다아523004,to_in_007,0
2024,다아523004,to_in_008,0
2024,다아523012,to_in_001,5
2024,다아523012,to_in_007,0
2024,다아523012,to_in_008,5
2024,다아523013,to_in_001,5
2024,다아523013,to_in_007,5
2024,다아523013,to_in_008,5
2024,다아523042,to_in_001,5
2024,다아523042,to_in_007,0
2024,다아523042,to_in_008,0
2024,다아523050,to_in_001,5
2024,다아523050,to_in_007,0
2024,다아523050,to_in_008,0
2024,다아523070,to_in_001,5
2024,다아523070,to_in_007,0
2024,다아523070,to_in_008,0
2024,다아524003,to_in_001,5
2024,다아524003,to_in_007,5
2024,다아524003,to_in_008,0
2024,다아524004,to_in_001,5
2024,다아524004,to_in_007,5
2024,다아524004,to_in_008,0
2024,다아524014,to_in_001,5
2024,다아524014,to_in_007,0
2024,다아524014,to_in_008,5
2024,다아524027,to_in_001,5
2024,다아524027,to_in_007,5
2024,다아524027,to_in_008,5
2024,다아524029,to_in_001,5
2024,다아524029,to_in_007,0
2024,다아454008,to_in_001,5
2024,다아454008,to_in_007,0
2024,다아454008,to_in_008,5
2024,다아455005,to_in_001,5
2024,다아455005,to_in_007,0
2024,다아455005,to_in_008,5
2024,다아455008,to_in_001,5
2024,다아455008,to_in_007,0
2024,다아455008,to_in_008,5
2024,다아455009,to_in_001,5
2024,다아455009,to_in_007,5
2024,다아455009,to_in_008,0
2024,다아457003,to_in_001,5
2024,다아457003,to_in_007,0
2024,다아457003,to_in_008,0
2024,다아458002,to_in_001,5
2024,다아458002,to_in_007,0
2024,다아458002,to_in_008,0
2024,다아458011,to_in_001,5
2024,다아458011,to_in_007,5
2024,다아458011,to_in_008,0
2024,다아459013,to_in_001,5
2024,다아459013,to_in_007,0
2024,다아459013,to_in_008,0
2024,다아460012,to_in_001,5
2024,다아460012,to_in_007,0
2024,다아460012,to_in_008,0
2024,다아461012,to_in_001,0
2024,다아461012,to_in_007,0
2024,다아461012,to_in_008,0
2024,다아462011,to_in_001,5
2024,다아462011,to_in_007,5
2024,다아462011,to_in_008,5
2024,다아462018,to_in_001,5
2024,다아462018,to_in_007,0
2024,다아462018,to_in_008,5
2024,다아463012,to_in_001,8
2024,다아463012,to_in_007,5
2024,다아463012,to_in_008,5
2024,다아464014,to_in_001,5
2024,다아464014,to_in_007,5
2024,다아464014,to_in_008,0
2024,다아464015,to_in_001,0
2024,다아464015,to_in_007,0
2024,다아464015,to_in_008,0
2024,다아465009,to_in_001,5
2024,다아465009,to_in_007,0
2024,다아465009,to_in_008,0
2024,다아465012,to_in_001,8
2024,다아465012,to_in_007,8
2024,다아465012,to_in_008,5
2024,다아465020,to_in_001,5
2024,다아465020,to_in_007,5
2024,다아465020,to_in_008,0
2024,다아466010,to_in_001,8
2024,다아466010,to_in_007,5
2024,다아466010,to_in_008,8
2024,다아466011,to_in_001,5
2024,다아466011,to_in_007,0
2024,다아466011,to_in_008,0
2024,다아466015,to_in_001,5
2024,다아466015,to_in_007,5
2024,다아466015,to_in_008,0
2024,다아466016,to_in_001,0
2024,다아466016,to_in_007,0
2024,다아466016,to_in_008,0
2024,다아467008,to_in_001,5
2024,다아467008,to_in_007,0
2024,다아467008,to_in_008,0
2024,다아467011,to_in_001,5
2024,다아467011,to_in_007,0
2024,다아467011,to_in_008,0
2024,다아468009,to_in_001,5
2024,다아468009,to_in_007,5
2024,다아468009,to_in_008,5
2024,다아468024,to_in_001,5
2024,다아468024,to_in_007,0
2024,다아468024,to_in_008,5
2024,다아469008,to_in_001,0
2024,다아469008,to_in_007,0
2024,다아469008,to_in_008,0
2024,다아470007,to_in_001,0
2024,다아470007,to_in_007,0
2024,다아470007,to_in_008,0
2024,다아471047,to_in_001,0
2024,다아471047,to_in_007,0
2024,다아471047,to_in_008,0
2024,다아472008,to_in_001,5
2024,다아472008,to_in_007,0
2024,다아472008,to_in_008,0
2024,다아472053,to_in_001,5
2024,다아472053,to_in_007,5
2024,다아472053,to_in_008,0
2024,다아473056,to_in_001,5
2024,다아473056,to_in_007,0
2024,다아473056,to_in_008,0
2024,다아474009,to_in_001,5
2024,다아474009,to_in_007,5
2024,다아474009,to_in_008,0
2024,다아474037,to_in_001,8
2024,다아474037,to_in_007,5
2024,다아474037,to_in_008,5
2024,다아475014,to_in_001,5
2024,다아475014,to_in_007,5
2024,다아475014,to_in_008,0
2024,다아476010,to_in_001,13
2024,다아476010,to_in_007,5
2024,다아476010,to_in_008,8
2024,다아476012,to_in_001,5
2024,다아476012,to_in_007,0
2024,다아476012,to_in_008,5
2024,다아476013,to_in_001,8
2024,다아476013,to_in_007,8
2024,다아476013,to_in_008,8
2024,다아476014,to_in_001,5
2024,다아476014,to_in_007,5
2024,다아476014,to_in_008,5
2024,다아476016,to_in_001,5
2024,다아476016,to_in_007,0
2024,다아476016,to_in_008,0
2024,다아476037,to_in_001,5
2024,다아476037,to_in_007,0
2024,다아476037,to_in_008,0
2024,다아477010,to_in_001,8
2024,다아477010,to_in_007,5
2024,다아477010,to_in_008,5
2024,다아492036,to_in_001,13
2024,다아492036,to_in_007,8
2024,다아492036,to_in_008,8
2024,다아492037,to_in_001,8
2024,다아492037,to_in_007,5
2024,다아492037,to_in_008,5
2024,다아492038,to_in_001,8
2024,다아492038,to_in_007,5
2024,다아492038,to_in_008,5
2024,다아492039,to_in_001,5
2024,다아492039,to_in_007,0
2024,다아492039,to_in_008,0
2024,다아492040,to_in_001,5
2024,다아492040,to_in_007,5
2024,다아492040,to_in_008,0
2024,다아492046,to_in_001,13
2024,다아492046,to_in_007,8
2024,다아492046,to_in_008,5
2024,다아492047,to_in_001,18
2024,다아492047,to_in_007,8
2024,다아492047,to_in_008,13
2024,다아492060,to_in_001,0
2024,다아492060,to_in_007,0
2024,다아492060,to_in_008,0
2024,다아493009,to_in_001,8
2024,다아493009,to_in_007,5
2024,다아493009,to_in_008,5
2024,다아493019,to_in_001,5
2024,다아493019,to_in_007,5
2024,다아493019,to_in_008,0
2024,다아493020,to_in_001,5
2024,다아493020,to_in_007,5
2024,다아493020,to_in_008,0
2024,다아493023,to_in_001,14
2024,다아493023,to_in_007,14
2024,다아493023,to_in_008,0
2024,다아493036,to_in_001,5
2024,다아493036,to_in_007,0
2024,다아493036,to_in_008,5
2024,다아493037,to_in_001,23
2024,다아493037,to_in_007,13
2024,다아493037,to_in_008,8
2024,다아493038,to_in_001,28
2024,다아493038,to_in_007,13
2024,다아493038,to_in_008,13
2024,다아493039,to_in_001,23
2024,다아493039,to_in_007,13
2024,다아493039,to_in_008,13
2024,다아493048,to_in_001,0
2024,다아493048,to_in_007,0
2024,다아493048,to_in_008,0
2024,다아493050,to_in_001,0
2024,다아493050,to_in_007,0
2024,다아493050,to_in_008,0
2024,다아493058,to_in_001,5
2024,다아493058,to_in_007,0
2024,다아493058,to_in_008,0
2024,다아494006,to_in_001,5
2024,다아494006,to_in_007,0
2024,다아494006,to_in_008,5
2024,다아494009,to_in_001,0
2024,다아494009,to_in_007,0
2024,다아494009,to_in_008,0
2024,다아494019,to_in_001,5
2024,다아494019,to_in_007,5
2024,다아494019,to_in_008,0
2024,다아494020,to_in_001,5
2024,다아494020,to_in_007,5
2024,다아494020,to_in_008,0
2024,다아494037,to_in_001,8
2024,다아494037,to_in_007,5
2024,다아494037,to_in_008,5
2024,다아494038,to_in_001,5
2024,다아494038,to_in_007,0
2024,다아494038,to_in_008,0
2024,다아494039,to_in_001,18
2024,다아494039,to_in_007,8
2024,다아494039,to_in_008,8
2024,다아494040,to_in_001,5
2024,다아494040,to_in_007,5
2024,다아494040,to_in_008,0
2024,다아494049,to_in_001,8
2024,다아494049,to_in_007,5
2024,다아494049,to_in_008,5
2024,다아494050,to_in_001,5
2024,다아494050,to_in_007,0
2024,다아494050,to_in_008,0
2024,다아494051,to_in_001,8
2024,다아494051,to_in_007,5
2024,다아494051,to_in_008,5
2024,다아494058,to_in_001,5
2024,다아494058,to_in_007,0
2024,다아494058,to_in_008,0
2024,다아494062,to_in_001,8
2024,다아494062,to_in_007,5
2024,다아494062,to_in_008,5
2024,다아517036,to_in_001,5
2024,다아517036,to_in_007,0
2024,다아517036,to_in_008,5
2024,다아517039,to_in_001,5
2024,다아517039,to_in_007,0
2024,다아517039,to_in_008,0
2024,다아517053,to_in_001,0
2024,다아517053,to_in_007,0
2024,다아517053,to_in_008,0
2024,다아517055,to_in_001,0
2024,다아517055,to_in_007,0
2024,다아517055,to_in_008,0
2024,다아517077,to_in_001,5
2024,다아517077,to_in_007,5
2024,다아517077,to_in_008,0
2024,다아518045,to_in_001,8
2024,다아518045,to_in_007,5
2024,다아518045,to_in_008,5
2024,다아518077,to_in_001,13
2024,다아518077,to_in_007,8
2024,다아518077,to_in_008,8
2024,다아518082,to_in_001,8
2024,다아518082,to_in_007,5
2024,다아518082,to_in_008,5
2024,다아518083,to_in_001,13
2024,다아518083,to_in_007,8
2024,다아518083,to_in_008,8
2024,다아518084,to_in_001,0
2024,다아518084,to_in_007,0
2024,다아518084,to_in_008,0
2024,다아519024,to_in_001,5
2024,다아519024,to_in_007,5
2024,다아519024,to_in_008,0
2024,다아519029,to_in_001,5
2024,다아519029,to_in_007,5
2024,다아519029,to_in_008,0
2024,다아519076,to_in_001,5
2024,다아519076,to_in_007,5
2024,다아519076,to_in_008,0
2024,다아519079,to_in_001,0
2024,다아519079,to_in_007,0
2024,다아519079,to_in_008,0
2024,다아519080,to_in_001,5
2024,다아519080,to_in_007,5
2024,다아519080,to_in_008,0
2024,다아519081,to_in_001,18
2024,다아519081,to_in_007,8
2024,다아519081,to_in_008,8
2024,다아519082,to_in_001,8
2024,다아519082,to_in_007,5
2024,다아519082,to_in_008,5
2024,다아519083,to_in_001,8
2024,다아519083,to_in_007,5
2024,다아519083,to_in_008,5
2024,다아519084,to_in_001,0
2024,다아519084,to_in_007,0
2024,다아519084,to_in_008,0
2024,다아520015,to_in_001,5
2024,다아520015,to_in_007,0
2024,다아520015,to_in_008,5
2024,다아520022,to_in_001,5
2024,다아520022,to_in_007,5
2024,다아520022,to_in_008,0
2024,다아520023,to_in_001,8
2024,다아520023,to_in_007,5
2024,다아520023,to_in_008,5
2024,다아520033,to_in_001,5
2024,다아520033,to_in_007,0
2024,다아520033,to_in_008,5
2024,다아520079,to_in_001,8
2024,다아520079,to_in_007,5
2024,다아520079,to_in_008,5
2024,다아520080,to_in_001,5
2024,다아520080,to_in_007,0
2024,다아520080,to_in_008,5
2024,다아521009,to_in_001,0
2024,다아521009,to_in_007,0
2024,다아521009,to_in_008,0
2024,다아521012,to_in_001,5
2024,다아521012,to_in_007,0
2024,다아521012,to_in_008,0
2024,다아521013,to_in_001,5
2024,다아521013,to_in_007,5
2024,다아521013,to_in_008,0
2024,다아521014,to_in_001,0
2024,다아521014,to_in_007,0
2024,다아521014,to_in_008,0
2024,다아521020,to_in_001,5
2024,다아521020,to_in_007,0
2024,다아521020,to_in_008,0
2024,다아521022,to_in_001,5
2024,다아521022,to_in_007,0
2024,다아521022,to_in_008,0
2024,다아521027,to_in_001,5
2024,다아521027,to_in_007,0
2024,다아521027,to_in_008,5
2024,다아521028,to_in_001,5
2024,다아521028,to_in_007,0
2024,다아521028,to_in_008,0
2024,다아521033,to_in_001,8
2024,다아521033,to_in_007,5
2024,다아521033,to_in_008,5
2024,다아539019,to_in_001,0
2024,다아539019,to_in_007,0
2024,다아539019,to_in_008,0
2024,다아539020,to_in_001,5
2024,다아539020,to_in_007,0
2024,다아539020,to_in_008,5
2024,다아539021,to_in_001,5
2024,다아539021,to_in_007,5
2024,다아539021,to_in_008,0
2024,다아539059,to_in_001,8
2024,다아539059,to_in_007,5
2024,다아539059,to_in_008,8
2024,다아539061,to_in_001,8
2024,다아539061,to_in_007,0
2024,다아539061,to_in_008,8
2024,다아539062,to_in_001,5
2024,다아539062,to_in_007,5
2024,다아539062,to_in_008,5
2024,다아539081,to_in_001,0
2024,다아539081,to_in_007,0
2024,다아539081,to_in_008,0
2024,다아539082,to_in_001,5
2024,다아539082,to_in_007,0
2024,다아539082,to_in_008,0
2024,다아539083,to_in_001,0
2024,다아539083,to_in_007,0
2024,다아539083,to_in_008,0
2024,다아540000,to_in_001,8
2024,다아540000,to_in_007,5
2024,다아540000,to_in_008,5
2024,다아540001,to_in_001,8
2024,다아540001,to_in_007,5
2024,다아540001,to_in_008,5
2024,다아540002,to_in_001,8
2024,다아540002,to_in_007,5
2024,다아540002,to_in_008,5
2024,다아540003,to_in_001,5
2024,다아540003,to_in_007,5
2024,다아540003,to_in_008,5
2024,다아540004,to_in_001,5
2024,다아540004,to_in_007,5
2024,다아540004,to_in_008,0
2024,다아540008,to_in_001,5
2024,다아540008,to_in_007,0
2024,다아540008,to_in_008,0
2024,다아540015,to_in_001,5
2024,다아540015,to_in_007,0
2024,다아540015,to_in_008,5
2024,다아540017,to_in_001,0
2024,다아540017,to_in_007,0
2024,다아540017,to_in_008,0
2024,다아540053,to_in_001,5
2024,다아540053,to_in_007,5
2024,다아540053,to_in_008,0
2024,다아540055,to_in_001,5
2024,다아540055,to_in_007,0
2024,다아540055,to_in_008,5
2024,다아540056,to_in_001,5
2024,다아540056,to_in_007,5
2024,다아540056,to_in_008,5
2024,다아540061,to_in_001,5
2024,다아540061,to_in_007,0
2024,다아540061,to_in_008,5
2024,다아540080,to_in_001,5
2024,다아540080,to_in_007,5
2024,다아540080,to_in_008,5
2024,다아540081,to_in_001,5
2024,다아540081,to_in_007,5
2024,다아540081,to_in_008,0
2024,다아540090,to_in_001,5
2024,다아540090,to_in_007,5
2024,다아540090,to_in_008,0
2024,다아541000,to_in_001,8
2024,다아541000,to_in_007,5
2024,다아541000,to_in_008,5
2024,다아541003,to_in_001,8
2024,다아541003,to_in_007,5
2024,다아541003,to_in_008,8
2024,다아541004,to_in_001,8
2024,다아541004,to_in_007,5
2024,다아541004,to_in_008,5
2024,다아541005,to_in_001,5
2024,다아541005,to_in_007,5
2024,다아541005,to_in_008,0
2024,다아541006,to_in_001,8
2024,다아541006,to_in_007,8
2024,다아541006,to_in_008,0
2024,다아541007,to_in_001,5
2024,다아541007,to_in_007,0
2024,다아541007,to_in_008,5
2024,다아541016,to_in_001,5
2024,다아541016,to_in_007,0
2024,다아541016,to_in_008,0
2024,다아541017,to_in_001,5
2024,다아541017,to_in_007,5
2024,다아541017,to_in_008,0
2024,다아546080,to_in_001,5
2024,다아546080,to_in_007,5
2024,다아546080,to_in_008,0
2024,다아546130,to_in_001,0
2024,다아546130,to_in_007,0
2024,다아546130,to_in_008,0
2024,다아547001,to_in_001,5
2024,다아547001,to_in_007,0
2024,다아547001,to_in_008,0
2024,다아547003,to_in_001,5
2024,다아547003,to_in_007,0
2024,다아547003,to_in_008,5
2024,다아547005,to_in_001,8
2024,다아547005,to_in_007,5
2024,다아547005,to_in_008,5
2024,다아547013,to_in_001,5
2024,다아547013,to_in_007,5
2024,다아547013,to_in_008,5
2024,다아547029,to_in_001,8
2024,다아547029,to_in_007,5
2024,다아547029,to_in_008,5
2024,다아547032,to_in_001,5
2024,다아547032,to_in_007,0
2024,다아547032,to_in_008,0
2024,다아547051,to_in_001,5
2024,다아547051,to_in_007,5
2024,다아547051,to_in_008,0
2024,다아547052,to_in_001,5
2024,다아547052,to_in_007,5
2024,다아547052,to_in_008,5
2024,다아547059,to_in_001,8
2024,다아547059,to_in_007,5
2024,다아547059,to_in_008,5
2024,다아547063,to_in_001,5
2024,다아547063,to_in_007,5
2024,다아547063,to_in_008,0
2024,다아547079,to_in_001,0
2024,다아547079,to_in_007,0
2024,다아547079,to_in_008,0
2024,다아547080,to_in_001,18
2024,다아547080,to_in_007,8
2024,다아547080,to_in_008,8
2024,다아547130,to_in_001,5
2024,다아547130,to_in_007,0
2024,다아547130,to_in_008,0
2024,다아547131,to_in_001,8
2024,다아547131,to_in_007,5
2024,다아547131,to_in_008,0
2024,다아547133,to_in_001,5
2024,다아547133,to_in_007,5
2024,다아547133,to_in_008,0
2024,다아548008,to_in_001,0
2024,다아548008,to_in_007,0
2024,다아548008,to_in_008,0
2024,다아548029,to_in_001,13
2024,다아548029,to_in_007,5
2024,다아548029,to_in_008,8
2024,다아548030,to_in_001,8
2024,다아548030,to_in_007,5
2024,다아548030,to_in_008,5
2024,다아548052,to_in_001,8
2024,다아548052,to_in_007,0
2024,다아548052,to_in_008,8
2024,다아548053,to_in_001,5
2024,다아548053,to_in_007,5
2024,다아548053,to_in_008,0
2024,다아548059,to_in_001,13
2024,다아548059,to_in_007,8
2024,다아548059,to_in_008,5
2024,다아548060,to_in_001,5
2024,다아548060,to_in_007,0
2024,다아548060,to_in_008,5
2024,다아548063,to_in_001,0
2024,다아548063,to_in_007,0
2024,다아548063,to_in_008,0
2024,다아548079,to_in_001,5
2024,다아548079,to_in_007,5
2024,다아548079,to_in_008,0
2024,다아548083,to_in_001,5
2024,다아548083,to_in_007,5
2024,다아548083,to_in_008,0
2024,다아548131,to_in_001,18
2024,다아548131,to_in_007,8
2024,다아548131,to_in_008,8
2024,다아549001,to_in_001,5
2024,다아549001,to_in_007,5
2024,다아549001,to_in_008,0
2024,다아549025,to_in_001,5
2024,다아549025,to_in_007,5
2024,다아549025,to_in_008,0
2024,다아549030,to_in_001,5
2024,다아549030,to_in_007,0
2024,다아549030,to_in_008,5
2024,다아549034,to_in_001,5
2024,다아549034,to_in_007,5
2024,다아549034,to_in_008,5
2024,다아549035,to_in_001,5
2024,다아549035,to_in_007,5
2024,다아549035,to_in_008,0
2024,다아549052,to_in_001,5
2024,다아549052,to_in_007,5
2024,다아549052,to_in_008,5
2024,다아557007,to_in_001,5
2024,다아557007,to_in_007,0
2024,다아557007,to_in_008,0
2024,다아557021,to_in_001,5
2024,다아557021,to_in_007,0
2024,다아557021,to_in_008,5
2024,다아557023,to_in_001,5
2024,다아557023,to_in_007,0
2024,다아557023,to_in_008,5
2024,다아557024,to_in_001,0
2024,다아557024,to_in_007,0
2024,다아557024,to_in_008,0
2024,다아557058,to_in_001,5
2024,다아557058,to_in_007,5
2024,다아557058,to_in_008,0
2024,다아557063,to_in_001,8
2024,다아557063,to_in_007,8
2024,다아557063,to_in_008,0
2024,다아558024,to_in_001,5
2024,다아558024,to_in_007,0
2024,다아558024,to_in_008,5
2024,다아558048,to_in_001,5
2024,다아558048,to_in_007,5
2024,다아558048,to_in_008,0
2024,다아558050,to_in_001,5
2024,다아558050,to_in_007,5
2024,다아558050,to_in_008,0
2024,다아558054,to_in_001,5
2024,다아558054,to_in_007,5
2024,다아558054,to_in_008,0
2024,다아558055,to_in_001,5
2024,다아558055,to_in_007,0
2024,다아558055,to_in_008,0
2024,다아558058,to_in_001,5
2024,다아558058,to_in_007,0
2024,다아558058,to_in_008,5
2024,다아558059,to_in_001,5
2024,다아558059,to_in_007,5
2024,다아558059,to_in_008,0
2024,다아558102,to_in_001,5
2024,다아558102,to_in_007,5
2024,다아558102,to_in_008,0
2024,다아559051,to_in_001,8
2024,다아559051,to_in_007,8
2024,다아559051,to_in_008,0
2024,다아559054,to_in_001,0
2024,다아559054,to_in_007,0
2024,다아559054,to_in_008,0
2024,다아559069,to_in_001,0
2024,다아559069,to_in_007,0
2024,다아559069,to_in_008,0
2024,다아560050,to_in_001,5
2024,다아560050,to_in_007,0
2024,다아560050,to_in_008,5
2024,다아560051,to_in_001,5
2024,다아560051,to_in_007,0
2024,다아560051,to_in_008,5
2024,다아560061,to_in_001,5
2024,다아560061,to_in_007,5
2024,다아560061,to_in_008,0
2024,다아560065,to_in_001,8
2024,다아560065,to_in_007,5
2024,다아560065,to_in_008,5
2024,다아560075,to_in_001,5
2024,다아490010,to_in_001,8
2024,다아490010,to_in_007,8
2024,다아490010,to_in_008,5
2024,다아490015,to_in_001,5
2024,다아490015,to_in_007,0
2024,다아490015,to_in_008,0
2024,다아490020,to_in_001,5
2024,다아490020,to_in_007,5
2024,다아490020,to_in_008,0
2024,다아490021,to_in_001,8
2024,다아490021,to_in_007,8
2024,다아490021,to_in_008,0
2024,다아490022,to_in_001,12
2024,다아490022,to_in_007,12
2024,다아490022,to_in_008,0
2024,다아490036,to_in_001,8
2024,다아490036,to_in_007,5
2024,다아490036,to_in_008,5
2024,다아490037,to_in_001,18
2024,다아490037,to_in_007,8
2024,다아490037,to_in_008,8
2024,다아490043,to_in_001,5
2024,다아490043,to_in_007,0
2024,다아490043,to_in_008,0
2024,다아490045,to_in_001,5
2024,다아490045,to_in_007,0
2024,다아490045,to_in_008,0
2024,다아490046,to_in_001,8
2024,다아490046,to_in_007,5
2024,다아490046,to_in_008,5
2024,다아490047,to_in_001,8
2024,다아490047,to_in_007,5
2024,다아490047,to_in_008,5
2024,다아490048,to_in_001,8
2024,다아490048,to_in_007,5
2024,다아490048,to_in_008,5
2024,다아491000,to_in_001,8
2024,다아491000,to_in_007,5
2024,다아491000,to_in_008,8
2024,다아491001,to_in_001,8
2024,다아491001,to_in_007,8
2024,다아491001,to_in_008,5
2024,다아491002,to_in_001,5
2024,다아491002,to_in_007,5
2024,다아491002,to_in_008,0
2024,다아491005,to_in_001,13
2024,다아491005,to_in_007,8
2024,다아491005,to_in_008,5
2024,다아491006,to_in_001,13
2024,다아491006,to_in_007,8
2024,다아491006,to_in_008,8
2024,다아491019,to_in_001,8
2024,다아491019,to_in_007,8
2024,다아491019,to_in_008,0
2024,다아491020,to_in_001,8
2024,다아491020,to_in_007,8
2024,다아491020,to_in_008,0
2024,다아491035,to_in_001,8
2024,다아491035,to_in_007,5
2024,다아491035,to_in_008,8
2024,다아491036,to_in_001,13
2024,다아491036,to_in_007,8
2024,다아491036,to_in_008,8
2024,다아491037,to_in_001,18
2024,다아491037,to_in_007,8
2024,다아491037,to_in_008,8
2024,다아491038,to_in_001,8
2024,다아491038,to_in_007,5
2024,다아491038,to_in_008,5
2024,다아491045,to_in_001,8
2024,다아491045,to_in_007,5
2024,다아491045,to_in_008,5
2024,다아491047,to_in_001,18
2024,다아491047,to_in_007,8
2024,다아491047,to_in_008,8
2024,다아491059,to_in_001,5
2024,다아491059,to_in_007,5
2024,다아491059,to_in_008,0
2024,다아491060,to_in_001,5
2024,다아491060,to_in_007,0
2024,다아491060,to_in_008,0
2024,다아492004,to_in_001,0
2024,다아492004,to_in_007,0
2024,다아492004,to_in_008,0
2024,다아492005,to_in_001,8
2024,다아492005,to_in_007,8
2024,다아492005,to_in_008,5
2024,다아492006,to_in_001,0
2024,다아492006,to_in_007,0
2024,다아492006,to_in_008,0
2024,다아492020,to_in_001,8
2024,다아492020,to_in_007,8
2024,다아492020,to_in_008,0
2024,다아492021,to_in_001,5
2024,다아492021,to_in_007,5
2024,다아492021,to_in_008,0
2024,다아492022,to_in_001,5
2024,다아492022,to_in_007,5
2024,다아492022,to_in_008,0
2024,다아492023,to_in_001,5
2024,다아492023,to_in_007,5
2024,다아492023,to_in_008,0
2024,다아492035,to_in_001,5
2024,다아492035,to_in_007,0
2024,다아492035,to_in_008,0
2024,다아509077,to_in_001,5
2024,다아509077,to_in_007,0
2024,다아509077,to_in_008,0
2024,다아509080,to_in_001,0
2024,다아509080,to_in_007,0
2024,다아509080,to_in_008,0
2024,다아510002,to_in_001,8
2024,다아510002,to_in_007,5
2024,다아510002,to_in_008,5
2024,다아510011,to_in_001,8
2024,다아510011,to_in_007,8
2024,다아510011,to_in_008,0
2024,다아510056,to_in_001,5
2024,다아510056,to_in_007,5
2024,다아510056,to_in_008,5
2024,다아510058,to_in_001,5
2024,다아510058,to_in_007,0
2024,다아510058,to_in_008,0
2024,다아510079,to_in_001,5
2024,다아510079,to_in_007,5
2024,다아510079,to_in_008,0
2024,다아511010,to_in_001,0
2024,다아511010,to_in_007,0
2024,다아511010,to_in_008,0
2024,다아511041,to_in_001,8
2024,다아511041,to_in_007,5
2024,다아511041,to_in_008,5
2024,다아511047,to_in_001,5
2024,다아511047,to_in_007,0
2024,다아511047,to_in_008,0
2024,다아511057,to_in_001,0
2024,다아511057,to_in_007,0
2024,다아511057,to_in_008,0
2024,다아512048,to_in_001,8
2024,다아512048,to_in_007,5
2024,다아512048,to_in_008,5
2024,다아512064,to_in_001,5
2024,다아512064,to_in_007,5
2024,다아512064,to_in_008,5
2024,다아513014,to_in_001,5
2024,다아513014,to_in_007,0
2024,다아513014,to_in_008,5
2024,다아513036,to_in_001,5
2024,다아513036,to_in_007,5
2024,다아513036,to_in_008,0
2024,다아513081,to_in_001,5
2024,다아513081,to_in_007,0
2024,다아513081,to_in_008,5
2024,다아514016,to_in_001,5
2024,다아514016,to_in_007,5
2024,다아514016,to_in_008,0
2024,다아514045,to_in_001,0
2024,다아514045,to_in_007,0
2024,다아514045,to_in_008,0
2024,다아514080,to_in_001,5
2024,다아514080,to_in_007,0
2024,다아514080,to_in_008,5
2024,다아515080,to_in_001,5
2024,다아515080,to_in_007,0
2024,다아515080,to_in_008,0
2024,다아516018,to_in_001,5
2024,다아516018,to_in_007,5
2024,다아516018,to_in_008,0
2024,다아516026,to_in_001,0
2024,다아516026,to_in_007,0
2024,다아516026,to_in_008,0
2024,다아516028,to_in_001,0
2024,다아516028,to_in_007,0
2024,다아516028,to_in_008,0
2024,다아516029,to_in_001,0
2024,다아516029,to_in_007,0
2024,다아516029,to_in_008,0
2024,다아516033,to_in_001,5
2024,다아516033,to_in_007,0
2024,다아516033,to_in_008,5
2024,다아516047,to_in_001,5
2024,다아516047,to_in_007,0
2024,다아516047,to_in_008,5
2024,다아516053,to_in_001,0
2024,다아516053,to_in_007,0
2024,다아516053,to_in_008,0
2024,다아516059,to_in_001,5
2024,다아516059,to_in_007,0
2024,다아516059,to_in_008,0
2024,다아516079,to_in_001,8
2024,다아516079,to_in_007,5
2024,다아516079,to_in_008,5
2024,다아516083,to_in_001,8
2024,다아516083,to_in_007,5
2024,다아516083,to_in_008,5
2024,다아516084,to_in_001,18
2024,다아516084,to_in_007,13
2024,다아516084,to_in_008,8
2024,다아517030,to_in_001,0
2024,다아517030,to_in_007,0
2024,다아517030,to_in_008,0
2024,다아517032,to_in_001,5
2024,다아517032,to_in_007,5
2024,다아517032,to_in_008,5
2024,다아532058,to_in_001,0
2024,다아532058,to_in_007,0
2024,다아532058,to_in_008,0
2024,다아532066,to_in_001,8
2024,다아532066,to_in_007,8
2024,다아532066,to_in_008,8
2024,다아533031,to_in_001,0
2024,다아533031,to_in_007,0
2024,다아533031,to_in_008,0
2024,다아533043,to_in_001,5
2024,다아533043,to_in_007,0
2024,다아533043,to_in_008,5
2024,다아533050,to_in_001,0
2024,다아533050,to_in_007,0
2024,다아533050,to_in_008,0
2024,다아533051,to_in_001,8
2024,다아533051,to_in_007,5
2024,다아533051,to_in_008,5
2024,다아533055,to_in_001,5
2024,다아533055,to_in_007,0
2024,다아533055,to_in_008,0
2024,다아534020,to_in_001,0
2024,다아534020,to_in_007,0
2024,다아534020,to_in_008,0
2024,다아534037,to_in_001,5
2024,다아534037,to_in_007,0
2024,다아534037,to_in_008,5
2024,다아534041,to_in_001,5
2024,다아534041,to_in_007,0
2024,다아534041,to_in_008,0
2024,다아534059,to_in_001,0
2024,다아534059,to_in_007,0
2024,다아534059,to_in_008,0
2024,다아534083,to_in_001,0
2024,다아534083,to_in_007,0
2024,다아534083,to_in_008,0
2024,다아534084,to_in_001,5
2024,다아534084,to_in_007,0
2024,다아534084,to_in_008,0
2024,다아535006,to_in_001,0
2024,다아535006,to_in_007,0
2024,다아535006,to_in_008,0
2024,다아535014,to_in_001,8
2024,다아535014,to_in_007,5
2024,다아535014,to_in_008,5
2024,다아535015,to_in_001,5
2024,다아535015,to_in_007,0
2024,다아535015,to_in_008,0
2024,다아535016,to_in_001,5
2024,다아535016,to_in_007,0
2024,다아535016,to_in_008,5
2024,다아535017,to_in_001,5
2024,다아535017,to_in_007,5
2024,다아535017,to_in_008,5
2024,다아535018,to_in_001,0
2024,다아535018,to_in_007,0
2024,다아535018,to_in_008,0
2024,다아535019,to_in_001,8
2024,다아535019,to_in_007,8
2024,다아535019,to_in_008,5
2024,다아535020,to_in_001,5
2024,다아535020,to_in_007,5
2024,다아535020,to_in_008,5
2024,다아535021,to_in_001,0
2024,다아535021,to_in_007,0
2024,다아535021,to_in_008,0
2024,다아535028,to_in_001,5
2024,다아535028,to_in_007,5
2024,다아535028,to_in_008,5
2024,다아535033,to_in_001,5
2024,다아535033,to_in_007,5
2024,다아535033,to_in_008,0
2024,다아535045,to_in_001,5
2024,다아535045,to_in_007,5
2024,다아535045,to_in_008,0
2024,다아535053,to_in_001,5
2024,다아535053,to_in_007,5
2024,다아535053,to_in_008,5
2024,다아535062,to_in_001,13
2024,다아535062,to_in_007,8
2024,다아535062,to_in_008,8
2024,다아535067,to_in_001,5
2024,다아535067,to_in_007,5
2024,다아535067,to_in_008,0
2024,다아535082,to_in_001,5
2024,다아535082,to_in_007,0
2024,다아535082,to_in_008,5
2024,다아536007,to_in_001,5
2024,다아536007,to_in_007,5
2024,다아536007,to_in_008,0
2024,다아536011,to_in_001,0
2024,다아536011,to_in_007,0
2024,다아536011,to_in_008,0
2024,다아544029,to_in_001,5
2024,다아544029,to_in_007,0
2024,다아544029,to_in_008,0
2024,다아544048,to_in_001,0
2024,다아544048,to_in_007,0
2024,다아544048,to_in_008,0
2024,다아544060,to_in_001,8
2024,다아544060,to_in_007,5
2024,다아544060,to_in_008,5
2024,다아544061,to_in_001,0
2024,다아544061,to_in_007,0
2024,다아544061,to_in_008,0
2024,다아544074,to_in_001,0
2024,다아544074,to_in_007,0
2024,다아544074,to_in_008,0
2024,다아544081,to_in_001,13
2024,다아544081,to_in_007,5
2024,다아544081,to_in_008,8
2024,다아545002,to_in_001,5
2024,다아545002,to_in_007,0
2024,다아545002,to_in_008,0
2024,다아545024,to_in_001,0
2024,다아545024,to_in_007,0
2024,다아545024,to_in_008,0
2024,다아545029,to_in_001,5
2024,다아545029,to_in_007,5
2024,다아545029,to_in_008,5
2024,다아545030,to_in_001,5
2024,다아545030,to_in_007,0
2024,다아545030,to_in_008,0
2024,다아545033,to_in_001,5
2024,다아545033,to_in_007,0
2024,다아545033,to_in_008,0
2024,다아545034,to_in_001,5
2024,다아545034,to_in_007,5
2024,다아545034,to_in_008,0
2024,다아545035,to_in_001,5
2024,다아545035,to_in_007,5
2024,다아545035,to_in_008,5
2024,다아545039,to_in_001,5
2024,다아545039,to_in_007,5
2024,다아545039,to_in_008,0
2024,다아545046,to_in_001,5
2024,다아545046,to_in_007,0
2024,다아545046,to_in_008,0
2024,다아545047,to_in_001,5
2024,다아545047,to_in_007,0
2024,다아545047,to_in_008,0
2024,다아545058,to_in_001,5
2024,다아545058,to_in_007,0
2024,다아545058,to_in_008,0
2024,다아545059,to_in_001,5
2024,다아545059,to_in_007,0
2024,다아545059,to_in_008,0
2024,다아545060,to_in_001,5
2024,다아545060,to_in_007,5
2024,다아545060,to_in_008,5
2024,다아545062,to_in_001,5
2024,다아545062,to_in_007,0
2024,다아545062,to_in_008,0
2024,다아545079,to_in_001,5
2024,다아545079,to_in_007,0
2024,다아545079,to_in_008,0
2024,다아545081,to_in_001,5
2024,다아545081,to_in_007,5
2024,다아545081,to_in_008,0
2024,다아545130,to_in_001,5
2024,다아545130,to_in_007,0
2024,다아545130,to_in_008,0
2024,다아546000,to_in_001,0
2024,다아546000,to_in_007,0
2024,다아546000,to_in_008,0
2024,다아546015,to_in_001,0
2024,다아546015,to_in_007,0
2024,다아546015,to_in_008,0
2024,다아546030,to_in_001,0
2024,다아546030,to_in_007,0
2024,다아546030,to_in_008,0
2024,다아546032,to_in_001,5
2024,다아546032,to_in_007,0
2024,다아546032,to_in_008,5
2024,다아546034,to_in_001,5
2024,다아546034,to_in_007,0
2024,다아546034,to_in_008,5
2024,다아546049,to_in_001,0
2024,다아546049,to_in_007,0
2024,다아546049,to_in_008,0
2024,다아546052,to_in_001,0
2024,다아546052,to_in_007,0
2024,다아546052,to_in_008,0
2024,다아546054,to_in_001,5
2024,다아546054,to_in_007,5
2024,다아546054,to_in_008,0
2024,다아546059,to_in_001,8
2024,다아546059,to_in_007,5
2024,다아546059,to_in_008,5
2024,다아546079,to_in_001,0
2024,다아546079,to_in_007,0
2024,다아546079,to_in_008,0
2024,다아554073,to_in_001,5
2024,다아554073,to_in_007,0
2024,다아554073,to_in_008,0
2024,다아554075,to_in_001,5
2024,다아554075,to_in_007,0
2024,다아554075,to_in_008,5
2024,다아555025,to_in_001,5
2024,다아555025,to_in_007,0
2024,다아555025,to_in_008,0
2024,다아555035,to_in_001,0
2024,다아555035,to_in_007,0
2024,다아555035,to_in_008,0
2024,다아555036,to_in_001,5
2024,다아555036,to_in_007,5
2024,다아555036,to_in_008,0
2024,다아555052,to_in_001,8
2024,다아555052,to_in_007,5
2024,다아555052,to_in_008,8
2024,다아555053,to_in_001,0
2024,다아555053,to_in_007,0
2024,다아555053,to_in_008,0
2024,다아555054,to_in_001,8
2024,다아555054,to_in_007,0
2024,다아555054,to_in_008,8
2024,다아555055,to_in_001,13
2024,다아555055,to_in_007,8
2024,다아555055,to_in_008,5
2024,다아555066,to_in_001,5
2024,다아555066,to_in_007,0
2024,다아555066,to_in_008,0
2024,다아555068,to_in_001,8
2024,다아555068,to_in_007,5
2024,다아555068,to_in_008,5
2024,다아555069,to_in_001,5
2024,다아555069,to_in_007,0
2024,다아555069,to_in_008,0
2024,다아555072,to_in_001,5
2024,다아555072,to_in_007,0
2024,다아555072,to_in_008,5
2024,다아555073,to_in_001,5
2024,다아555073,to_in_007,0
2024,다아555073,to_in_008,0
2024,다아555102,to_in_001,13
2024,다아555102,to_in_007,8
2024,다아555102,to_in_008,5
2024,다아555103,to_in_001,13
2024,다아555103,to_in_007,8
2024,다아555103,to_in_008,8
2024,다아556025,to_in_001,0
2024,다아556025,to_in_007,0
2024,다아556025,to_in_008,0
2024,다아556030,to_in_001,5
2024,다아556030,to_in_007,0
2024,다아556030,to_in_008,0
2024,다아556053,to_in_001,5
2024,다아556053,to_in_007,0
2024,다아556053,to_in_008,0
2024,다아556055,to_in_001,5
2024,다아556055,to_in_007,0
2024,다아556055,to_in_008,5
2024,다아556056,to_in_001,0
2024,다아556056,to_in_007,0
2024,다아556056,to_in_008,0
2024,다아556057,to_in_001,5
2024,다아556057,to_in_007,0
2024,다아556057,to_in_008,5
2024,다아556063,to_in_001,8
2024,다아556063,to_in_007,5
2024,다아556063,to_in_008,0
2024,다아556068,to_in_001,5
2024,다아556068,to_in_007,5
2024,다아556068,to_in_008,0
2024,다아556069,to_in_001,5
2024,다아556069,to_in_007,0
2024,다아556069,to_in_008,0
2024,다아556070,to_in_001,0
2024,다아556070,to_in_007,0
2024,다아556070,to_in_008,0
2024,다아556072,to_in_001,0
2024,다아556072,to_in_007,0
2024,다아556072,to_in_008,0
2024,다아556102,to_in_001,5
2024,다아556102,to_in_007,5
2024,다아556102,to_in_008,0
2024,다아556103,to_in_001,0
2024,다아556103,to_in_007,0
2024,다아556103,to_in_008,0
2024,다아567053,to_in_001,5
2024,다아567053,to_in_007,5
2024,다아567053,to_in_008,0
2024,다아567055,to_in_001,5
2024,다아567055,to_in_007,0
2024,다아567055,to_in_008,0
2024,다아567056,to_in_001,0
2024,다아567056,to_in_007,0
2024,다아567056,to_in_008,0
2024,다아567066,to_in_001,13
2024,다아567066,to_in_007,8
2024,다아567066,to_in_008,8
2024,다아567068,to_in_001,5
2024,다아567068,to_in_007,0
2024,다아567068,to_in_008,5
2024,다아567070,to_in_001,0
2024,다아567070,to_in_007,0
2024,다아567070,to_in_008,0
2024,다아567072,to_in_001,0
2024,다아567072,to_in_007,0
2024,다아567072,to_in_008,0
2024,다아567074,to_in_001,5
2024,다아567074,to_in_007,5
2024,다아567074,to_in_008,0
2024,다아567075,to_in_001,8
2024,다아567075,to_in_007,5
2024,다아567075,to_in_008,5
2024,다아567082,to_in_001,18
2024,다아567082,to_in_007,13
2024,다아567082,to_in_008,8
2024,다아567101,to_in_001,8
2024,다아567101,to_in_007,5
2024,다아567101,to_in_008,5
2024,다아567102,to_in_001,8
2024,다아567102,to_in_007,8
2024,다아567102,to_in_008,8
2024,다아567103,to_in_001,8
2024,다아567103,to_in_007,5
2024,다아567103,to_in_008,5
2024,다아567104,to_in_001,8
2024,다아567104,to_in_007,5
2024,다아567104,to_in_008,5
2024,다아567105,to_in_001,13
2024,다아567105,to_in_007,8
2024,다아567105,to_in_008,8
2024,다아567106,to_in_001,13
2024,다아567106,to_in_007,8
2024,다아567106,to_in_008,8
2024,다아567107,to_in_001,8
2024,다아567107,to_in_007,5
2024,다아567107,to_in_008,5
2024,다아567108,to_in_001,5
2024,다아567108,to_in_007,5
2024,다아567108,to_in_008,0
2024,다아568002,to_in_001,28
2024,다아568002,to_in_007,18
2024,다아568002,to_in_008,13
2024,다아568012,to_in_001,8
2024,다아568012,to_in_007,8
2024,다아568012,to_in_008,5
2024,다아568043,to_in_001,5
2024,다아568043,to_in_007,5
2024,다아568043,to_in_008,0
2024,다아568050,to_in_001,5
2024,다아568050,to_in_007,0
2024,다아568050,to_in_008,0
2024,다아568065,to_in_001,0
2024,다아568065,to_in_007,0
2024,다아568065,to_in_008,0
2024,다아568066,to_in_001,23
2024,다아568066,to_in_007,8
2024,다아568066,to_in_008,13
2024,다아568068,to_in_001,5
2024,다아568068,to_in_007,0
2024,다아568068,to_in_008,0
2024,다아568072,to_in_001,0
2024,다아568072,to_in_007,0
2024,다아568072,to_in_008,0
2024,다아568074,to_in_001,13
2024,다아568074,to_in_007,8
2024,다아568074,to_in_008,5
2024,다아568075,to_in_001,0
2024,다아568075,to_in_007,0
2024,다아568075,to_in_008,0
2024,다아568081,to_in_001,0
2024,다아568081,to_in_007,0
2024,다아568081,to_in_008,0
2024,다아568102,to_in_001,8
2024,다아568102,to_in_007,5
2024,다아568102,to_in_008,5
2024,다아568103,to_in_001,8
2024,다아568103,to_in_007,5
2024,다아568103,to_in_008,8
2024,다아568104,to_in_001,13
2024,다아568104,to_in_007,8
2024,다아568104,to_in_008,8
2024,다아568105,to_in_001,5
2024,다아568105,to_in_007,0
2024,다아568105,to_in_008,0
2024,다아568110,to_in_001,5
2024,다아568110,to_in_007,5
2024,다아568110,to_in_008,0
2024,다아569010,to_in_001,5
2024,다아569010,to_in_007,5
2024,다아569010,to_in_008,5
2024,다아569011,to_in_001,0
2024,다아569011,to_in_007,0
2024,다아569011,to_in_008,0
2024,다아569015,to_in_001,8
2024,다아569015,to_in_007,5
2024,다아569015,to_in_008,5
2024,다아577065,to_in_001,8
2024,다아577065,to_in_007,5
2024,다아577065,to_in_008,8
2024,다아577066,to_in_001,13
2024,다아577066,to_in_007,5
2024,다아577066,to_in_008,8
2024,다아577067,to_in_001,13
2024,다아577067,to_in_007,8
2024,다아577067,to_in_008,8
2024,다아577069,to_in_001,0
2024,다아577069,to_in_007,0
2024,다아577069,to_in_008,0
2024,다아577080,to_in_001,5
2024,다아577080,to_in_007,5
2024,다아577080,to_in_008,0
2024,다아577081,to_in_001,8
2024,다아577081,to_in_007,5
2024,다아577081,to_in_008,5
2024,다아577084,to_in_001,5
2024,다아577084,to_in_007,0
2024,다아577084,to_in_008,0
2024,다아577091,to_in_001,5
2024,다아577091,to_in_007,5
2024,다아577091,to_in_008,0
2024,다아577093,to_in_001,8
2024,다아577093,to_in_007,5
2024,다아577093,to_in_008,5
2024,다아577094,to_in_001,8
2024,다아577094,to_in_007,8
2024,다아577094,to_in_008,8
2024,다아577095,to_in_001,13
2024,다아577095,to_in_007,8
2024,다아577095,to_in_008,8
2024,다아577096,to_in_001,5
2024,다아577096,to_in_007,5
2024,다아577096,to_in_008,0
2024,다아577110,to_in_001,5
2024,다아577110,to_in_007,5
2024,다아577110,to_in_008,0
2024,다아577150,to_in_001,5
2024,다아577150,to_in_007,5
2024,다아577150,to_in_008,0
2024,다아577152,to_in_001,8
2024,다아577152,to_in_007,5
2024,다아577152,to_in_008,5
2024,다아578011,to_in_001,5
2024,다아578011,to_in_007,5
2024,다아578011,to_in_008,0
2024,다아578013,to_in_001,5
2024,다아578013,to_in_007,5
2024,다아578013,to_in_008,5
2024,다아578065,to_in_001,23
2024,다아578065,to_in_007,13
2024,다아578065,to_in_008,8
2024,다아578066,to_in_001,34
2024,다아578066,to_in_007,18
2024,다아578066,to_in_008,19
2024,다아578067,to_in_001,38
2024,다아578067,to_in_007,18
2024,다아578067,to_in_008,18
2024,다아578068,to_in_001,8
2024,다아578068,to_in_007,5
2024,다아578068,to_in_008,5
2024,다아578069,to_in_001,5
2024,다아578069,to_in_007,5
2024,다아578069,to_in_008,0
2024,다아578071,to_in_001,8
2024,다아578071,to_in_007,5
2024,다아578071,to_in_008,5
2024,다아578080,to_in_001,0
2024,다아578080,to_in_007,0
2024,다아578080,to_in_008,0
2024,다아578081,to_in_001,8
2024,다아578081,to_in_007,8
2024,다아578081,to_in_008,5
2024,다아578082,to_in_001,5
2024,다아578082,to_in_007,5
2024,다아578082,to_in_008,5
2024,다아578083,to_in_001,5
2024,다아578083,to_in_007,5
2024,다아578083,to_in_008,5
2024,다아578089,to_in_001,0
2024,다아578089,to_in_007,0
2024,다아578089,to_in_008,0
2024,다아578091,to_in_001,8
2024,다아578091,to_in_007,8
2024,다아578091,to_in_008,5
2024,다아579112,to_in_001,5
2024,다아579112,to_in_007,5
2024,다아579112,to_in_008,5
2024,다아579114,to_in_001,5
2024,다아579114,to_in_007,0
2024,다아579114,to_in_008,0
2024,다아579150,to_in_001,5
2024,다아579150,to_in_007,0
2024,다아579150,to_in_008,0
2024,다아580017,to_in_001,0
2024,다아580017,to_in_007,0
2024,다아580017,to_in_008,0
2024,다아580020,to_in_001,0
2024,다아580020,to_in_007,0
2024,다아580020,to_in_008,0
2024,다아580031,to_in_001,5
2024,다아580031,to_in_007,5
2024,다아580031,to_in_008,0
2024,다아580035,to_in_001,5
2024,다아580035,to_in_007,0
2024,다아580035,to_in_008,5
2024,다아580065,to_in_001,8
2024,다아580065,to_in_007,5
2024,다아580065,to_in_008,5
2024,다아580069,to_in_001,5
2024,다아580069,to_in_007,0
2024,다아580069,to_in_008,5
2024,다아580070,to_in_001,5
2024,다아580070,to_in_007,0
2024,다아580070,to_in_008,0
2024,다아580071,to_in_001,8
2024,다아580071,to_in_007,5
2024,다아580071,to_in_008,5
2024,다아580072,to_in_001,8
2024,다아580072,to_in_007,5
2024,다아580072,to_in_008,5
2024,다아580080,to_in_001,0
2024,다아580080,to_in_007,0
2024,다아580080,to_in_008,0
2024,다아580082,to_in_001,0
2024,다아580082,to_in_007,0
2024,다아580082,to_in_008,0
2024,다아580083,to_in_001,5
2024,다아580083,to_in_007,5
2024,다아580083,to_in_008,5
2024,다아580094,to_in_001,28
2024,다아580094,to_in_007,13
2024,다아580094,to_in_008,18
2024,다아580095,to_in_001,33
2024,다아580095,to_in_007,18
2024,다아580095,to_in_008,13
2024,다아580096,to_in_001,5
2024,다아580096,to_in_007,5
2024,다아580096,to_in_008,5
2024,다아580110,to_in_001,0
2024,다아580110,to_in_007,0
2024,다아580110,to_in_008,0
2024,다아580116,to_in_001,5
2024,다아580116,to_in_007,0
2024,다아580116,to_in_008,5
2024,다아581001,to_in_001,5
2024,다아581001,to_in_007,5
2024,다아581001,to_in_008,5
2024,다아581002,to_in_001,8
2024,다아581002,to_in_007,5
2024,다아581002,to_in_008,8
2024,다아581003,to_in_001,0
2024,다아581003,to_in_007,0
2024,다아581003,to_in_008,0
2024,다아581020,to_in_001,8
2024,다아581020,to_in_007,0
2024,다아581020,to_in_008,8
2024,다아581062,to_in_001,0
2024,다아581062,to_in_007,0
2024,다아581062,to_in_008,0
2024,다아581065,to_in_001,8
2024,다아581065,to_in_007,5
2024,다아581065,to_in_008,5
2024,다아581066,to_in_001,5
2024,다아581066,to_in_007,0
2024,다아581066,to_in_008,5
2024,다아581067,to_in_001,18
2024,다아581067,to_in_007,8
2024,다아581067,to_in_008,8
2024,다아581068,to_in_001,8
2024,다아581068,to_in_007,5
2024,다아581068,to_in_008,5
2024,다아581069,to_in_001,0
2024,다아581069,to_in_007,0
2024,다아581069,to_in_008,0
2024,다아581070,to_in_001,13
2024,다아581070,to_in_007,8
2024,다아581070,to_in_008,5
2024,다아581074,to_in_001,0
2024,다아581074,to_in_007,0
2024,다아581074,to_in_008,0
2024,다아581084,to_in_001,5
2024,다아581084,to_in_007,0
2024,다아581084,to_in_008,5
2024,다아581094,to_in_001,28
2024,다아581094,to_in_007,18
2024,다아581094,to_in_008,8
2024,다아581095,to_in_001,0
2024,다아581095,to_in_007,0
2024,다아581095,to_in_008,0
2024,다아581096,to_in_001,8
2024,다아581096,to_in_007,5
2024,다아581096,to_in_008,5
2024,다아581101,to_in_001,5
2024,다아581101,to_in_007,5
2024,다아581101,to_in_008,0
2024,다아591035,to_in_001,8
2024,다아591035,to_in_007,8
2024,다아591035,to_in_008,5
2024,다아591042,to_in_001,8
2024,다아591042,to_in_007,8
2024,다아591042,to_in_008,5
2024,다아591050,to_in_001,0
2024,다아591050,to_in_007,0
2024,다아591050,to_in_008,0
2024,다아591057,to_in_001,13
2024,다아591057,to_in_007,8
2024,다아591057,to_in_008,8
2024,다아591058,to_in_001,5
2024,다아591058,to_in_007,0
2024,다아591058,to_in_008,5
2024,다아591059,to_in_001,5
2024,다아591059,to_in_007,5
2024,다아591059,to_in_008,5
2024,다아591077,to_in_001,5
2024,다아591077,to_in_007,5
2024,다아591077,to_in_008,5
2024,다아591085,to_in_001,5
2024,다아591085,to_in_007,5
2024,다아591085,to_in_008,0
2024,다아591115,to_in_001,5
2024,다아591115,to_in_007,0
2024,다아591115,to_in_008,0
2024,다아591146,to_in_001,5
2024,다아591146,to_in_007,0
2024,다아591146,to_in_008,5
2024,다아592027,to_in_001,5
2024,다아592027,to_in_007,0
2024,다아592027,to_in_008,5
2024,다아592028,to_in_001,8
2024,다아592028,to_in_007,8
2024,다아592028,to_in_008,5
2024,다아592029,to_in_001,5
2024,다아592029,to_in_007,0
2024,다아592029,to_in_008,0
2024,다아592030,to_in_001,8
2024,다아592030,to_in_007,5
2024,다아592030,to_in_008,5
2024,다아592031,to_in_001,18
2024,다아592031,to_in_007,8
2024,다아592031,to_in_008,8
2024,다아592032,to_in_001,28
2024,다아592032,to_in_007,13
2024,다아592032,to_in_008,13
2024,다아592033,to_in_001,5
2024,다아592033,to_in_007,5
2024,다아592033,to_in_008,5
2024,다아592034,to_in_001,28
2024,다아592034,to_in_007,13
2024,다아592034,to_in_008,13
2024,다아592035,to_in_001,8
2024,다아592035,to_in_007,5
2024,다아592035,to_in_008,8
2024,다아592036,to_in_001,5
2024,다아592036,to_in_007,0
2024,다아592036,to_in_008,5
2024,다아592037,to_in_001,5
2024,다아592037,to_in_007,0
2024,다아592037,to_in_008,0
2024,다아592038,to_in_001,18
2024,다아592038,to_in_007,8
2024,다아592038,to_in_008,13
2024,다아592048,to_in_001,0
2024,다아592048,to_in_007,0
2024,다아592048,to_in_008,0
2024,다아592049,to_in_001,8
2024,다아592049,to_in_007,5
2024,다아592049,to_in_008,5
2024,다아592057,to_in_001,8
2024,다아592057,to_in_007,5
2024,다아592057,to_in_008,5
2024,다아592058,to_in_001,5
2024,다아592058,to_in_007,5
2024,다아592058,to_in_008,5
2024,다아592146,to_in_001,13
2024,다아592146,to_in_007,8
2024,다아592146,to_in_008,8
2024,다아593003,to_in_001,0
2024,다아593003,to_in_007,0
2024,다아593003,to_in_008,0
2024,다아593016,to_in_001,5
2024,다아593016,to_in_007,5
2024,다아593016,to_in_008,0
2024,다아528015,to_in_008,0
2024,다아528021,to_in_001,13
2024,다아528021,to_in_007,8
2024,다아528021,to_in_008,8
2024,다아528022,to_in_001,13
2024,다아528022,to_in_007,8
2024,다아528022,to_in_008,8
2024,다아528026,to_in_001,8
2024,다아528026,to_in_007,5
2024,다아528026,to_in_008,5
2024,다아528027,to_in_001,0
2024,다아528027,to_in_007,0
2024,다아528027,to_in_008,0
2024,다아528029,to_in_001,5
2024,다아528029,to_in_007,5
2024,다아528029,to_in_008,0
2024,다아528048,to_in_001,5
2024,다아528048,to_in_007,5
2024,다아528048,to_in_008,0
2024,다아528049,to_in_001,5
2024,다아528049,to_in_007,5
2024,다아528049,to_in_008,0
2024,다아528055,to_in_001,5
2024,다아528055,to_in_007,0
2024,다아528055,to_in_008,0
2024,다아528058,to_in_001,5
2024,다아528058,to_in_007,0
2024,다아528058,to_in_008,0
2024,다아528061,to_in_001,5
2024,다아528061,to_in_007,5
2024,다아528061,to_in_008,0
2024,다아528066,to_in_001,0
2024,다아528066,to_in_007,0
2024,다아528066,to_in_008,0
2024,다아536016,to_in_001,5
2024,다아536016,to_in_007,0
2024,다아536016,to_in_008,0
2024,다아536018,to_in_001,5
2024,다아536018,to_in_007,0
2024,다아536018,to_in_008,0
2024,다아536021,to_in_001,8
2024,다아536021,to_in_007,5
2024,다아536021,to_in_008,5
2024,다아536022,to_in_001,5
2024,다아536022,to_in_007,0
2024,다아536022,to_in_008,5
2024,다아536027,to_in_001,5
2024,다아536027,to_in_007,0
2024,다아536027,to_in_008,5
2024,다아536028,to_in_001,8
2024,다아536028,to_in_007,5
2024,다아536028,to_in_008,5
2024,다아536039,to_in_001,5
2024,다아536039,to_in_007,0
2024,다아536039,to_in_008,5
2024,다아536043,to_in_001,5
2024,다아536043,to_in_007,5
2024,다아536043,to_in_008,0
2024,다아536061,to_in_001,5
2024,다아536061,to_in_007,5
2024,다아536061,to_in_008,5
2024,다아536062,to_in_001,5
2024,다아536062,to_in_007,5
2024,다아536062,to_in_008,5
2024,다아536067,to_in_001,0
2024,다아536067,to_in_007,0
2024,다아536067,to_in_008,0
2024,다아536088,to_in_001,5
2024,다아536088,to_in_007,5
2024,다아536088,to_in_008,0
2024,다아537003,to_in_001,5
2024,다아537003,to_in_007,5
2024,다아537003,to_in_008,0
2024,다아537028,to_in_001,8
2024,다아537028,to_in_007,5
2024,다아537028,to_in_008,5
2024,다아537042,to_in_001,5
2024,다아537042,to_in_007,5
2024,다아537042,to_in_008,0
2024,다아537043,to_in_001,5
2024,다아537043,to_in_007,5
2024,다아537043,to_in_008,5
2024,다아537048,to_in_001,0
2024,다아537048,to_in_007,0
2024,다아537048,to_in_008,0
2024,다아537056,to_in_001,5
2024,다아537056,to_in_007,0
2024,다아537056,to_in_008,0
2024,다아537060,to_in_001,8
2024,다아537060,to_in_007,5
2024,다아537060,to_in_008,5
2024,다아537061,to_in_001,8
2024,다아537061,to_in_007,8
2024,다아537061,to_in_008,5
2024,다아537066,to_in_001,5
2024,다아537066,to_in_007,0
2024,다아537066,to_in_008,0
2024,다아538001,to_in_001,5
2024,다아538001,to_in_007,0
2024,다아538001,to_in_008,5
2024,다아538010,to_in_001,5
2024,다아538010,to_in_007,5
2024,다아538010,to_in_008,0
2024,다아538011,to_in_001,18
2024,다아538011,to_in_007,8
2024,다아538011,to_in_008,13
2024,다아538016,to_in_001,5
2024,다아538016,to_in_007,0
2024,다아538016,to_in_008,0
2024,다아538019,to_in_001,5
2024,다아538019,to_in_007,5
2024,다아538019,to_in_008,0
2024,다아538020,to_in_001,5
2024,다아538020,to_in_007,5
2024,다아538020,to_in_008,5
2024,다아538021,to_in_001,8
2024,다아538021,to_in_007,5
2024,다아538021,to_in_008,5
2024,다아538029,to_in_001,0
2024,다아538029,to_in_007,0
2024,다아538029,to_in_008,0
2024,다아538033,to_in_001,5
2024,다아538033,to_in_007,0
2024,다아538033,to_in_008,0
2024,다아538061,to_in_001,5
2024,다아538061,to_in_007,5
2024,다아538061,to_in_008,0
2024,다아538062,to_in_001,5
2024,다아538062,to_in_007,0
2024,다아538062,to_in_008,5
2024,다아539003,to_in_001,5
2024,다아539003,to_in_007,5
2024,다아539003,to_in_008,0
2024,다아539010,to_in_001,5
2024,다아539010,to_in_007,0
2024,다아539010,to_in_008,0
2024,다아539012,to_in_001,8
2024,다아539012,to_in_007,5
2024,다아539012,to_in_008,5
2024,다아539013,to_in_001,8
2024,다아539013,to_in_007,8
2024,다아539013,to_in_008,0
2024,다아551088,to_in_001,0
2024,다아551088,to_in_007,0
2024,다아551088,to_in_008,0
2024,다아551089,to_in_001,5
2024,다아551089,to_in_007,0
2024,다아551089,to_in_008,5
2024,다아551131,to_in_001,8
2024,다아551131,to_in_007,5
2024,다아551131,to_in_008,5
2024,다아551132,to_in_001,0
2024,다아551132,to_in_007,0
2024,다아551132,to_in_008,0
2024,다아552025,to_in_001,0
2024,다아552025,to_in_007,0
2024,다아552025,to_in_008,0
2024,다아552032,to_in_001,8
2024,다아552032,to_in_007,5
2024,다아552032,to_in_008,5
2024,다아552047,to_in_001,0
2024,다아552047,to_in_007,0
2024,다아552047,to_in_008,0
2024,다아552055,to_in_001,5
2024,다아552055,to_in_007,0
2024,다아552055,to_in_008,0
2024,다아552059,to_in_001,5
2024,다아552059,to_in_007,5
2024,다아552059,to_in_008,0
2024,다아552060,to_in_001,5
2024,다아552060,to_in_007,5
2024,다아552060,to_in_008,5
2024,다아552069,to_in_001,5
2024,다아552069,to_in_007,5
2024,다아552069,to_in_008,0
2024,다아552076,to_in_001,5
2024,다아552076,to_in_007,0
2024,다아552076,to_in_008,5
2024,다아552078,to_in_001,8
2024,다아552078,to_in_007,8
2024,다아552078,to_in_008,5
2024,다아552080,to_in_001,0
2024,다아552080,to_in_007,0
2024,다아552080,to_in_008,0
2024,다아553023,to_in_001,0
2024,다아553023,to_in_007,0
2024,다아553023,to_in_008,0
2024,다아553025,to_in_001,0
2024,다아553025,to_in_007,0
2024,다아553025,to_in_008,0
2024,다아553033,to_in_001,5
2024,다아553033,to_in_007,0
2024,다아553033,to_in_008,5
2024,다아553034,to_in_001,5
2024,다아553034,to_in_007,0
2024,다아553034,to_in_008,5
2024,다아553055,to_in_001,8
2024,다아553055,to_in_007,8
2024,다아553055,to_in_008,5
2024,다아553059,to_in_001,5
2024,다아553059,to_in_007,0
2024,다아553059,to_in_008,0
2024,다아553069,to_in_001,5
2024,다아553069,to_in_007,0
2024,다아553069,to_in_008,0
2024,다아553071,to_in_001,5
2024,다아553071,to_in_007,5
2024,다아553071,to_in_008,0
2024,다아554002,to_in_001,5
2024,다아554002,to_in_007,5
2024,다아554002,to_in_008,0
2024,다아554024,to_in_001,8
2024,다아554024,to_in_007,5
2024,다아554024,to_in_008,5
2024,다아554027,to_in_001,8
2024,다아554027,to_in_007,5
2024,다아554027,to_in_008,5
2024,다아554036,to_in_001,8
2024,다아554036,to_in_007,5
2024,다아554036,to_in_008,5
2024,다아554044,to_in_001,0
2024,다아554044,to_in_007,0
2024,다아554044,to_in_008,0
2024,다아554053,to_in_001,8
2024,다아554053,to_in_007,5
2024,다아554053,to_in_008,5
2024,다아554054,to_in_001,18
2024,다아554054,to_in_007,8
2024,다아554054,to_in_008,13
2024,다아554055,to_in_001,0
2024,다아554055,to_in_007,0
2024,다아554055,to_in_008,0
2024,다아554063,to_in_001,0
2024,다아554063,to_in_007,0
2024,다아554063,to_in_008,0
2024,다아554064,to_in_001,5
2024,다아554064,to_in_007,0
2024,다아554064,to_in_008,5
2024,다아554068,to_in_001,5
2024,다아554068,to_in_007,0
2024,다아554068,to_in_008,0
2024,다아554069,to_in_001,5
2024,다아554069,to_in_007,0
2024,다아554069,to_in_008,5
2024,다아562081,to_in_001,5
2024,다아562081,to_in_007,5
2024,다아562081,to_in_008,0
2024,다아562097,to_in_001,5
2024,다아562097,to_in_007,0
2024,다아562097,to_in_008,5
2024,다아562105,to_in_001,13
2024,다아562105,to_in_007,8
2024,다아562105,to_in_008,5
2024,다아562106,to_in_001,5
2024,다아562106,to_in_007,5
2024,다아562106,to_in_008,5
2024,다아563018,to_in_001,0
2024,다아563018,to_in_007,0
2024,다아563018,to_in_008,0
2024,다아563020,to_in_001,0
2024,다아563020,to_in_007,0
2024,다아563020,to_in_008,0
2024,다아563027,to_in_001,8
2024,다아563027,to_in_007,5
2024,다아563027,to_in_008,5
2024,다아563036,to_in_001,5
2024,다아563036,to_in_007,0
2024,다아563036,to_in_008,0
2024,다아563071,to_in_001,5
2024,다아563071,to_in_007,0
2024,다아563071,to_in_008,5
2024,다아563072,to_in_001,5
2024,다아563072,to_in_007,5
2024,다아563072,to_in_008,0
2024,다아563097,to_in_001,8
2024,다아563097,to_in_007,5
2024,다아563097,to_in_008,5
2024,다아563102,to_in_001,8
2024,다아563102,to_in_007,5
2024,다아563102,to_in_008,5
2024,다아563106,to_in_001,28
2024,다아563106,to_in_007,13
2024,다아563106,to_in_008,13
2024,다아563107,to_in_001,13
2024,다아563107,to_in_007,8
2024,다아563107,to_in_008,8
2024,다아563108,to_in_001,5
2024,다아563108,to_in_007,5
2024,다아563108,to_in_008,0
2024,다아564015,to_in_001,5
2024,다아564015,to_in_007,5
2024,다아564015,to_in_008,0
2024,다아564020,to_in_001,0
2024,다아564020,to_in_007,0
2024,다아564020,to_in_008,0
2024,다아564036,to_in_001,0
2024,다아564036,to_in_007,0
2024,다아564036,to_in_008,0
2024,다아564067,to_in_001,8
2024,다아564067,to_in_007,5
2024,다아564067,to_in_008,5
2024,다아564069,to_in_001,5
2024,다아564069,to_in_007,0
2024,다아564069,to_in_008,0
2024,다아564070,to_in_001,5
2024,다아564070,to_in_007,0
2024,다아564070,to_in_008,0
2024,다아564075,to_in_001,0
2024,다아564075,to_in_007,0
2024,다아564075,to_in_008,0
2024,다아564079,to_in_001,5
2024,다아564079,to_in_007,0
2024,다아564079,to_in_008,0
2024,다아564080,to_in_001,8
2024,다아564080,to_in_007,8
2024,다아564080,to_in_008,5
2024,다아564102,to_in_001,5
2024,다아564102,to_in_007,0
2024,다아564102,to_in_008,0
2024,다아564104,to_in_001,5
2024,다아564104,to_in_007,0
2024,다아564104,to_in_008,5
2024,다아564105,to_in_001,0
2024,다아564105,to_in_007,0
2024,다아564105,to_in_008,0
2024,다아564106,to_in_001,5
2024,다아564106,to_in_007,5
2024,다아564106,to_in_008,0
2024,다아564107,to_in_001,18
2024,다아564107,to_in_007,8
2024,다아564107,to_in_008,8
2024,다아564108,to_in_001,5
2024,다아564108,to_in_007,5
2024,다아564108,to_in_008,5
2024,다아565016,to_in_001,5
2024,다아565016,to_in_007,0
2024,다아565016,to_in_008,5
2024,다아565017,to_in_001,0
2024,다아565017,to_in_007,0
2024,다아565017,to_in_008,0
2024,다아565021,to_in_001,5
2024,다아565021,to_in_007,5
2024,다아565021,to_in_008,0
2024,다아569030,to_in_001,5
2024,다아569030,to_in_007,0
2024,다아569030,to_in_008,5
2024,다아569052,to_in_001,5
2024,다아569052,to_in_007,0
2024,다아569052,to_in_008,0
2024,다아569058,to_in_001,8
2024,다아569058,to_in_007,5
2024,다아569058,to_in_008,5
2024,다아569059,to_in_001,13
2024,다아569059,to_in_007,8
2024,다아569059,to_in_008,8
2024,다아569065,to_in_001,5
2024,다아569065,to_in_007,0
2024,다아569065,to_in_008,5
2024,다아569066,to_in_001,8
2024,다아569066,to_in_007,8
2024,다아569066,to_in_008,5
2024,다아569068,to_in_001,5
2024,다아569068,to_in_007,0
2024,다아569068,to_in_008,5
2024,다아569069,to_in_001,0
2024,다아569069,to_in_007,0
2024,다아569069,to_in_008,0
2024,다아569074,to_in_001,0
2024,다아569074,to_in_007,0
2024,다아569074,to_in_008,0
2024,다아569104,to_in_001,13
2024,다아569104,to_in_007,8
2024,다아569104,to_in_008,5
2024,다아569106,to_in_001,5
2024,다아569106,to_in_007,0
2024,다아569106,to_in_008,5
2024,다아569107,to_in_001,0
2024,다아569107,to_in_007,0
2024,다아569107,to_in_008,0
2024,다아570021,to_in_001,0
2024,다아570021,to_in_007,0
2024,다아570021,to_in_008,0
2024,다아570023,to_in_001,5
2024,다아570023,to_in_007,0
2024,다아570023,to_in_008,0
2024,다아570054,to_in_001,5
2024,다아570054,to_in_007,0
2024,다아570054,to_in_008,0
2024,다아570055,to_in_001,8
2024,다아570055,to_in_007,8
2024,다아570055,to_in_008,5
2024,다아570056,to_in_001,5
2024,다아570056,to_in_007,0
2024,다아570056,to_in_008,0
2024,다아570057,to_in_001,0
2024,다아570057,to_in_007,0
2024,다아570057,to_in_008,0
2024,다아570058,to_in_001,5
2024,다아570058,to_in_007,0
2024,다아570058,to_in_008,5
2024,다아570059,to_in_001,13
2024,다아570059,to_in_007,8
2024,다아570059,to_in_008,8
2024,다아570060,to_in_001,33
2024,다아570060,to_in_007,13
2024,다아570060,to_in_008,18
2024,다아570061,to_in_001,18
2024,다아570061,to_in_007,8
2024,다아570061,to_in_008,8
2024,다아570062,to_in_001,8
2024,다아570062,to_in_007,8
2024,다아570062,to_in_008,0
2024,다아570064,to_in_001,5
2024,다아570064,to_in_007,5
2024,다아570064,to_in_008,0
2024,다아570065,to_in_001,5
2024,다아570065,to_in_007,5
2024,다아570065,to_in_008,5
2024,다아570066,to_in_001,5
2024,다아570066,to_in_007,5
2024,다아570066,to_in_008,5
2024,다아570070,to_in_001,0
2024,다아570070,to_in_007,0
2024,다아570070,to_in_008,0
2024,다아570071,to_in_001,5
2024,다아570071,to_in_007,0
2024,다아570071,to_in_008,5
2024,다아571023,to_in_001,5
2024,다아571023,to_in_007,5
2024,다아571023,to_in_008,0
2024,다아571058,to_in_001,5
2024,다아571058,to_in_007,5
2024,다아571058,to_in_008,0
2024,다아571059,to_in_001,23
2024,다아571059,to_in_007,13
2024,다아571059,to_in_008,8
2024,다아571060,to_in_001,18
2024,다아571060,to_in_007,13
2024,다아571060,to_in_008,5
2024,다아571061,to_in_001,18
2024,다아571061,to_in_007,13
2024,다아571061,to_in_008,8
2024,다아571062,to_in_001,18
2024,다아571062,to_in_007,13
2024,다아571062,to_in_008,8
2024,다아571063,to_in_001,5
2024,다아571063,to_in_007,0
2024,다아571063,to_in_008,5
2024,다아571064,to_in_001,8
2024,다아571064,to_in_007,5
2024,다아571064,to_in_008,8
2024,다아571065,to_in_001,34
2024,다아571065,to_in_007,18
2024,다아571065,to_in_008,14
2024,다아581103,to_in_001,5
2024,다아581103,to_in_007,0
2024,다아581103,to_in_008,5
2024,다아581104,to_in_001,5
2024,다아581104,to_in_007,0
2024,다아581104,to_in_008,5
2024,다아581150,to_in_001,5
2024,다아581150,to_in_007,5
2024,다아581150,to_in_008,0
2024,다아582020,to_in_001,5
2024,다아582020,to_in_007,0
2024,다아582020,to_in_008,5
2024,다아582021,to_in_001,5
2024,다아582021,to_in_007,0
2024,다아582021,to_in_008,5
2024,다아582026,to_in_001,5
2024,다아582026,to_in_007,0
2024,다아582026,to_in_008,0
2024,다아582062,to_in_001,5
2024,다아582062,to_in_007,5
2024,다아582062,to_in_008,0
2024,다아582065,to_in_001,5
2024,다아582065,to_in_007,0
2024,다아582065,to_in_008,0
2024,다아582066,to_in_001,13
2024,다아582066,to_in_007,8
2024,다아582066,to_in_008,8
2024,다아582067,to_in_001,5
2024,다아582067,to_in_007,0
2024,다아582067,to_in_008,5
2024,다아582068,to_in_001,5
2024,다아582068,to_in_007,0
2024,다아582068,to_in_008,5
2024,다아582069,to_in_001,8
2024,다아582069,to_in_007,5
2024,다아582069,to_in_008,5
2024,다아582070,to_in_001,0
2024,다아582070,to_in_007,0
2024,다아582070,to_in_008,0
2024,다아582082,to_in_001,5
2024,다아582082,to_in_007,0
2024,다아582082,to_in_008,0
2024,다아582093,to_in_001,13
2024,다아582093,to_in_007,5
2024,다아582093,to_in_008,8
2024,다아582094,to_in_001,5
2024,다아582094,to_in_007,5
2024,다아582094,to_in_008,5
2024,다아582095,to_in_001,18
2024,다아582095,to_in_007,8
2024,다아582095,to_in_008,8
2024,다아582101,to_in_001,5
2024,다아582101,to_in_007,5
2024,다아582101,to_in_008,0
2024,다아582106,to_in_001,0
2024,다아582106,to_in_007,0
2024,다아582106,to_in_008,0
2024,다아582107,to_in_001,8
2024,다아582107,to_in_007,8
2024,다아582107,to_in_008,5
2024,다아582108,to_in_001,8
2024,다아582108,to_in_007,5
2024,다아582108,to_in_008,5
2024,다아582109,to_in_001,5
2024,다아582109,to_in_007,5
2024,다아582109,to_in_008,0
2024,다아582110,to_in_001,8
2024,다아582110,to_in_007,8
2024,다아582110,to_in_008,0
2024,다아582111,to_in_001,5
2024,다아582111,to_in_007,5
2024,다아582111,to_in_008,5
2024,다아582149,to_in_001,13
2024,다아582149,to_in_007,8
2024,다아582149,to_in_008,8
2024,다아582150,to_in_001,28
2024,다아582150,to_in_007,13
2024,다아582150,to_in_008,13
2024,다아582152,to_in_001,5
2024,다아582152,to_in_007,0
2024,다아582152,to_in_008,0
2024,다아583001,to_in_001,5
2024,다아583001,to_in_007,0
2024,다아583001,to_in_008,0
2024,다아583021,to_in_001,5
2024,다아583021,to_in_007,5
2024,다아583021,to_in_008,5
2024,다아583065,to_in_001,5
2024,다아583065,to_in_007,0
2024,다아583065,to_in_008,0
2024,다아583066,to_in_001,5
2024,다아583066,to_in_007,0
2024,다아583066,to_in_008,5
2024,다아583075,to_in_001,5
2024,다아583075,to_in_007,5
2024,다아583075,to_in_008,0
2024,다아583084,to_in_001,13
2024,다아583084,to_in_007,8
2024,다아583084,to_in_008,8
2024,다아583092,to_in_001,5
2024,다아583092,to_in_007,0
2024,다아583092,to_in_008,0
2024,다아583093,to_in_001,8
2024,다아583093,to_in_007,8
2024,다아583093,to_in_008,5
2024,다아583094,to_in_001,5
2024,다아583094,to_in_007,5
2024,다아583094,to_in_008,0
2024,다아583096,to_in_001,5
2024,다아583096,to_in_007,5
2024,다아583096,to_in_008,0
2024,다아583107,to_in_001,8
2024,다아583107,to_in_007,5
2024,다아583107,to_in_008,5
2024,다아589034,to_in_001,8
2024,다아589034,to_in_007,8
2024,다아589034,to_in_008,5
2024,다아589038,to_in_001,5
2024,다아589038,to_in_007,0
2024,다아589038,to_in_008,0
2024,다아589060,to_in_001,5
2024,다아589060,to_in_007,0
2024,다아589060,to_in_008,5
2024,다아589062,to_in_001,5
2024,다아589062,to_in_007,5
2024,다아589062,to_in_008,0
2024,다아589081,to_in_001,0
2024,다아589081,to_in_007,0
2024,다아589081,to_in_008,0
2024,다아589088,to_in_001,5
2024,다아589088,to_in_007,0
2024,다아589088,to_in_008,0
2024,다아590028,to_in_001,8
2024,다아590028,to_in_007,5
2024,다아590028,to_in_008,8
2024,다아590029,to_in_001,23
2024,다아590029,to_in_007,13
2024,다아590029,to_in_008,8
2024,다아590030,to_in_001,5
2024,다아590030,to_in_007,5
2024,다아590030,to_in_008,0
2024,다아590031,to_in_001,18
2024,다아590031,to_in_007,8
2024,다아590031,to_in_008,8
2024,다아590032,to_in_001,8
2024,다아590032,to_in_007,5
2024,다아590032,to_in_008,5
2024,다아590033,to_in_001,8
2024,다아590033,to_in_007,5
2024,다아590033,to_in_008,8
2024,다아590034,to_in_001,5
2024,다아590034,to_in_007,0
2024,다아590034,to_in_008,0
2024,다아590039,to_in_001,8
2024,다아590039,to_in_007,5
2024,다아590039,to_in_008,5
2024,다아590042,to_in_001,0
2024,다아590042,to_in_007,0
2024,다아590042,to_in_008,0
2024,다아590058,to_in_001,5
2024,다아590058,to_in_007,0
2024,다아590058,to_in_008,5
2024,다아590059,to_in_001,5
2024,다아590059,to_in_007,5
2024,다아590059,to_in_008,0
2024,다아590060,to_in_001,0
2024,다아590060,to_in_007,0
2024,다아590060,to_in_008,0
2024,다아590081,to_in_001,0
2024,다아590081,to_in_007,0
2024,다아590081,to_in_008,0
2024,다아590115,to_in_001,8
2024,다아590115,to_in_007,5
2024,다아590115,to_in_008,8
2024,다아591028,to_in_001,13
2024,다아591028,to_in_007,8
2024,다아591028,to_in_008,8
2024,다아591029,to_in_001,13
2024,다아591029,to_in_007,8
2024,다아591029,to_in_008,8
2024,다아591030,to_in_001,8
2024,다아591030,to_in_007,5
2024,다아591030,to_in_008,5
2024,다아591031,to_in_001,5
2024,다아591031,to_in_007,5
2024,다아591031,to_in_008,0
2024,다아591032,to_in_001,18
2024,다아591032,to_in_007,8
2024,다아591032,to_in_008,8
2024,다아591033,to_in_001,13
2024,다아591033,to_in_007,8
2024,다아591033,to_in_008,8
2024,다아591034,to_in_001,23
2024,다아591034,to_in_007,13
2024,다아591034,to_in_008,13
2024,다아595120,to_in_001,13
2024,다아595120,to_in_007,8
2024,다아595120,to_in_008,8
2024,다아596027,to_in_001,5
2024,다아596027,to_in_007,0
2024,다아596027,to_in_008,0
2024,다아596032,to_in_001,5
2024,다아596032,to_in_007,5
2024,다아596032,to_in_008,5
2024,다아596033,to_in_001,8
2024,다아596033,to_in_007,5
2024,다아596033,to_in_008,8
2024,다아596034,to_in_001,0
2024,다아596034,to_in_007,0
2024,다아596034,to_in_008,0
2024,다아596037,to_in_001,8
2024,다아596037,to_in_007,5
2024,다아596037,to_in_008,5
2024,다아596056,to_in_001,5
2024,다아596056,to_in_007,0
2024,다아596056,to_in_008,0
2024,다아596083,to_in_001,5
2024,다아596083,to_in_007,0
2024,다아596083,to_in_008,0
2024,다아596085,to_in_001,0
2024,다아596085,to_in_007,0
2024,다아596085,to_in_008,0
2024,다아596086,to_in_001,5
2024,다아596086,to_in_007,0
2024,다아596086,to_in_008,0
2024,다아596092,to_in_001,5
2024,다아596092,to_in_007,5
2024,다아596092,to_in_008,0
2024,다아596122,to_in_001,5
2024,다아596122,to_in_007,0
2024,다아596122,to_in_008,5
2024,다아596146,to_in_001,13
2024,다아596146,to_in_007,8
2024,다아596146,to_in_008,8
2024,다아597024,to_in_001,8
2024,다아597024,to_in_007,8
2024,다아597024,to_in_008,0
2024,다아597032,to_in_001,5
2024,다아597032,to_in_007,5
2024,다아597032,to_in_008,0
2024,다아597033,to_in_001,8
2024,다아597033,to_in_007,5
2024,다아597033,to_in_008,5
2024,다아597035,to_in_001,0
2024,다아597035,to_in_007,0
2024,다아597035,to_in_008,0
2024,다아597036,to_in_001,5
2024,다아597036,to_in_007,5
2024,다아597036,to_in_008,0
2024,다아597045,to_in_001,5
2024,다아597045,to_in_007,0
2024,다아597045,to_in_008,5
2024,다아597053,to_in_001,5
2024,다아597053,to_in_007,0
2024,다아597053,to_in_008,0
2024,다아597055,to_in_001,5
2024,다아597055,to_in_007,5
2024,다아597055,to_in_008,0
2024,다아597079,to_in_001,0
2024,다아597079,to_in_007,0
2024,다아597079,to_in_008,0
2024,다아597087,to_in_001,5
2024,다아597087,to_in_007,0
2024,다아597087,to_in_008,0
2024,다아597098,to_in_001,5
2024,다아597098,to_in_007,5
2024,다아597098,to_in_008,0
2024,다아597121,to_in_001,5
2024,다아597121,to_in_007,0
2024,다아597121,to_in_008,5
2024,다아597122,to_in_001,8
2024,다아597122,to_in_007,5
2024,다아597122,to_in_008,5
2024,다아597144,to_in_001,5
2024,다아597144,to_in_007,0
2024,다아597144,to_in_008,0
2024,다아598031,to_in_001,0
2024,다아598031,to_in_007,0
2024,다아598031,to_in_008,0
2024,다아598037,to_in_001,5
2024,다아598037,to_in_007,5
2024,다아598037,to_in_008,0
2024,다아598054,to_in_001,8
2024,다아598054,to_in_007,5
2024,다아598054,to_in_008,5
2024,다아606136,to_in_001,0
2024,다아606136,to_in_007,0
2024,다아606136,to_in_008,0
2024,다아606137,to_in_001,13
2024,다아606137,to_in_007,8
2024,다아606137,to_in_008,8
2024,다아606138,to_in_001,5
2024,다아606138,to_in_007,5
2024,다아606138,to_in_008,0
2024,다아606142,to_in_001,5
2024,다아606142,to_in_007,0
2024,다아606142,to_in_008,5
2024,다아606144,to_in_001,5
2024,다아606144,to_in_007,0
2024,다아606144,to_in_008,5
2024,다아607004,to_in_001,8
2024,다아607004,to_in_007,5
2024,다아607004,to_in_008,5
2024,다아607020,to_in_001,5
2024,다아607020,to_in_007,0
2024,다아607020,to_in_008,0
2024,다아607031,to_in_001,5
2024,다아607031,to_in_007,5
2024,다아607031,to_in_008,0
2024,다아607067,to_in_001,0
2024,다아607067,to_in_007,0
2024,다아607067,to_in_008,0
2024,다아607075,to_in_001,5
2024,다아607075,to_in_007,5
2024,다아607075,to_in_008,0
2024,다아607120,to_in_001,5
2024,다아607120,to_in_007,5
2024,다아607120,to_in_008,5
2024,다아607123,to_in_001,5
2024,다아607123,to_in_007,5
2024,다아607123,to_in_008,0
2024,다아607133,to_in_001,8
2024,다아607133,to_in_007,5
2024,다아607133,to_in_008,5
2024,다아607138,to_in_001,0
2024,다아607138,to_in_007,0
2024,다아607138,to_in_008,0
2024,다아608005,to_in_001,8
2024,다아608005,to_in_007,5
2024,다아608005,to_in_008,5
2024,다아608007,to_in_001,5
2024,다아608007,to_in_007,5
2024,다아608007,to_in_008,0
2024,다아608008,to_in_001,5
2024,다아608008,to_in_007,0
2024,다아608008,to_in_008,0
2024,다아608023,to_in_001,0
2024,다아608023,to_in_007,0
2024,다아608023,to_in_008,0
2024,다아608031,to_in_001,0
2024,다아608031,to_in_007,0
2024,다아608031,to_in_008,0
2024,다아608033,to_in_001,5
2024,다아608033,to_in_007,0
2024,다아608033,to_in_008,5
2024,다아608066,to_in_001,5
2024,다아608066,to_in_007,0
2024,다아608066,to_in_008,5
2024,다아608067,to_in_001,5
2024,다아608067,to_in_007,0
2024,다아608067,to_in_008,5
2024,다아608121,to_in_001,0
2024,다아608121,to_in_007,0
2024,다아608121,to_in_008,0
2024,다아608132,to_in_001,5
2024,다아608132,to_in_007,5
2024,다아608132,to_in_008,0
2024,다아608133,to_in_001,8
2024,다아608133,to_in_007,5
2024,다아608133,to_in_008,5
2024,다아608135,to_in_001,5
2024,다아608135,to_in_007,5
2024,다아608135,to_in_008,5
2024,다아608136,to_in_001,13
2024,다아608136,to_in_007,5
2024,다아608136,to_in_008,8
2024,다아608137,to_in_001,13
2024,다아608137,to_in_007,8
2024,다아608137,to_in_008,8
2024,다아609009,to_in_001,5
2024,다아609009,to_in_007,5
2024,다아609009,to_in_008,0
2024,다아612062,to_in_001,5
2024,다아612062,to_in_007,0
2024,다아612062,to_in_008,0
2024,다아612064,to_in_001,5
2024,다아612064,to_in_007,0
2024,다아612064,to_in_008,5
2024,다아612143,to_in_001,5
2024,다아612143,to_in_007,0
2024,다아612143,to_in_008,5
2024,다아612144,to_in_001,8
2024,다아612144,to_in_007,5
2024,다아612144,to_in_008,5
2024,다아613010,to_in_001,5
2024,다아613010,to_in_007,5
2024,다아613010,to_in_008,5
2024,다아613027,to_in_001,0
2024,다아613027,to_in_007,0
2024,다아613027,to_in_008,0
2024,다아613033,to_in_001,5
2024,다아613033,to_in_007,5
2024,다아613033,to_in_008,0
2024,다아613034,to_in_001,280
2024,다아613034,to_in_007,135
2024,다아613034,to_in_008,143
2024,다아613035,to_in_001,467
2024,다아613035,to_in_007,269
2024,다아613035,to_in_008,201
2024,다아613036,to_in_001,90
2024,다아613036,to_in_007,51
2024,다아613036,to_in_008,37
2024,다아613037,to_in_001,8
2024,다아613037,to_in_007,5
2024,다아613037,to_in_008,5
2024,다아613038,to_in_001,5
2024,다아613038,to_in_007,5
2024,다아613038,to_in_008,0
2024,다아613042,to_in_001,5
2024,다아613042,to_in_007,0
2024,다아613042,to_in_008,5
2024,다아613043,to_in_001,38
2024,다아613043,to_in_007,18
2024,다아613043,to_in_008,18
2024,다아613044,to_in_001,5
2024,다아613044,to_in_007,0
2024,다아613044,to_in_008,5
2024,다아613050,to_in_001,5
2024,다아613050,to_in_007,0
2024,다아613050,to_in_008,5
2024,다아613053,to_in_001,13
2024,다아613053,to_in_007,8
2024,다아613053,to_in_008,8
2024,다아613054,to_in_001,13
2024,다아613054,to_in_007,8
2024,다아524029,to_in_008,5
2024,다아524033,to_in_001,0
2024,다아524033,to_in_007,0
2024,다아524033,to_in_008,0
2024,다아524036,to_in_001,8
2024,다아524036,to_in_007,8
2024,다아524036,to_in_008,5
2024,다아524055,to_in_001,8
2024,다아524055,to_in_007,8
2024,다아524055,to_in_008,0
2024,다아524075,to_in_001,5
2024,다아524075,to_in_007,0
2024,다아524075,to_in_008,5
2024,다아524093,to_in_001,0
2024,다아524093,to_in_007,0
2024,다아524093,to_in_008,0
2024,다아525002,to_in_001,0
2024,다아525002,to_in_007,0
2024,다아525002,to_in_008,0
2024,다아525004,to_in_001,5
2024,다아525004,to_in_007,5
2024,다아525004,to_in_008,0
2024,다아525005,to_in_001,0
2024,다아525005,to_in_007,0
2024,다아525005,to_in_008,0
2024,다아525008,to_in_001,8
2024,다아525008,to_in_007,8
2024,다아525008,to_in_008,0
2024,다아525027,to_in_001,5
2024,다아525027,to_in_007,0
2024,다아525027,to_in_008,5
2024,다아525053,to_in_001,0
2024,다아525053,to_in_007,0
2024,다아525053,to_in_008,0
2024,다아525061,to_in_001,8
2024,다아525061,to_in_007,5
2024,다아525061,to_in_008,5
2024,다아525062,to_in_001,0
2024,다아525062,to_in_007,0
2024,다아525062,to_in_008,0
2024,다아525078,to_in_001,8
2024,다아525078,to_in_007,8
2024,다아525078,to_in_008,0
2024,다아526003,to_in_001,0
2024,다아526003,to_in_007,0
2024,다아526003,to_in_008,0
2024,다아541022,to_in_001,13
2024,다아541022,to_in_007,8
2024,다아541022,to_in_008,5
2024,다아541053,to_in_001,5
2024,다아541053,to_in_007,0
2024,다아541053,to_in_008,0
2024,다아542000,to_in_001,0
2024,다아542000,to_in_007,0
2024,다아542000,to_in_008,0
2024,다아542001,to_in_001,5
2024,다아542001,to_in_007,5
2024,다아542001,to_in_008,5
2024,다아542002,to_in_001,5
2024,다아542002,to_in_007,5
2024,다아542002,to_in_008,0
2024,다아542003,to_in_001,5
2024,다아542003,to_in_007,5
2024,다아542003,to_in_008,5
2024,다아542004,to_in_001,5
2024,다아542004,to_in_007,5
2024,다아542004,to_in_008,0
2024,다아542015,to_in_001,5
2024,다아542015,to_in_007,5
2024,다아542015,to_in_008,0
2024,다아542016,to_in_001,8
2024,다아542016,to_in_007,5
2024,다아542016,to_in_008,5
2024,다아542022,to_in_001,8
2024,다아542022,to_in_007,5
2024,다아542022,to_in_008,5
2024,다아542023,to_in_001,8
2024,다아542023,to_in_007,5
2024,다아542023,to_in_008,8
2024,다아542024,to_in_001,0
2024,다아542024,to_in_007,0
2024,다아542024,to_in_008,0
2024,다아542030,to_in_001,5
2024,다아542030,to_in_007,5
2024,다아542030,to_in_008,0
2024,다아542063,to_in_001,5
2024,다아542063,to_in_007,0
2024,다아542063,to_in_008,5
2024,다아542065,to_in_001,5
2024,다아542065,to_in_007,5
2024,다아542065,to_in_008,0
2024,다아542080,to_in_001,5
2024,다아542080,to_in_007,5
2024,다아542080,to_in_008,0
2024,다아542081,to_in_001,5
2024,다아542081,to_in_007,0
2024,다아542081,to_in_008,0
2024,다아542082,to_in_001,0
2024,다아542082,to_in_007,0
2024,다아542082,to_in_008,0
2024,다아543000,to_in_001,5
2024,다아543000,to_in_007,5
2024,다아543000,to_in_008,0
2024,다아543004,to_in_001,5
2024,다아543004,to_in_007,5
2024,다아543004,to_in_008,5
2024,다아543015,to_in_001,0
2024,다아543015,to_in_007,0
2024,다아543015,to_in_008,0
2024,다아543017,to_in_001,5
2024,다아543017,to_in_007,5
2024,다아543017,to_in_008,0
2024,다아543023,to_in_001,5
2024,다아543023,to_in_007,0
2024,다아543023,to_in_008,5
2024,다아543024,to_in_001,8
2024,다아543024,to_in_007,5
2024,다아543024,to_in_008,5
2024,다아543029,to_in_001,5
2024,다아543029,to_in_007,5
2024,다아543029,to_in_008,0
2024,다아543042,to_in_001,5
2024,다아543042,to_in_007,0
2024,다아543042,to_in_008,5
2024,다아543060,to_in_001,5
2024,다아543060,to_in_007,5
2024,다아543060,to_in_008,5
2024,다아543062,to_in_001,5
2024,다아543062,to_in_007,0
2024,다아543062,to_in_008,5
2024,다아543082,to_in_001,5
2024,다아543082,to_in_007,5
2024,다아543082,to_in_008,0
2024,다아544012,to_in_001,5
2024,다아544012,to_in_007,0
2024,다아544012,to_in_008,5
2024,다아544024,to_in_001,0
2024,다아544024,to_in_007,0
2024,다아544024,to_in_008,0
2024,다아549059,to_in_001,5
2024,다아549059,to_in_007,0
2024,다아549059,to_in_008,0
2024,다아549060,to_in_001,8
2024,다아549060,to_in_007,5
2024,다아549060,to_in_008,8
2024,다아549061,to_in_001,8
2024,다아549061,to_in_007,5
2024,다아549061,to_in_008,8
2024,다아549079,to_in_001,5
2024,다아549079,to_in_007,0
2024,다아549079,to_in_008,5
2024,다아549081,to_in_001,8
2024,다아549081,to_in_007,5
2024,다아549081,to_in_008,8
2024,다아549088,to_in_001,5
2024,다아549088,to_in_007,5
2024,다아549088,to_in_008,5
2024,다아549131,to_in_001,5
2024,다아549131,to_in_007,5
2024,다아549131,to_in_008,5
2024,다아550001,to_in_001,8
2024,다아550001,to_in_007,5
2024,다아550001,to_in_008,5
2024,다아550006,to_in_001,5
2024,다아550006,to_in_007,5
2024,다아550006,to_in_008,0
2024,다아550010,to_in_001,5
2024,다아550010,to_in_007,5
2024,다아550010,to_in_008,5
2024,다아550025,to_in_001,5
2024,다아550025,to_in_007,0
2024,다아550025,to_in_008,0
2024,다아550030,to_in_001,0
2024,다아550030,to_in_007,0
2024,다아550030,to_in_008,0
2024,다아550031,to_in_001,0
2024,다아550031,to_in_007,0
2024,다아550031,to_in_008,0
2024,다아550037,to_in_001,5
2024,다아550037,to_in_007,5
2024,다아550037,to_in_008,5
2024,다아550038,to_in_001,5
2024,다아550038,to_in_007,5
2024,다아550038,to_in_008,0
2024,다아550044,to_in_001,5
2024,다아550044,to_in_007,0
2024,다아550044,to_in_008,5
2024,다아550045,to_in_001,0
2024,다아550045,to_in_007,0
2024,다아550045,to_in_008,0
2024,다아550048,to_in_001,5
2024,다아550048,to_in_007,5
2024,다아550048,to_in_008,0
2024,다아550053,to_in_001,5
2024,다아550053,to_in_007,5
2024,다아550053,to_in_008,0
2024,다아550056,to_in_001,8
2024,다아550056,to_in_007,0
2024,다아550056,to_in_008,8
2024,다아550075,to_in_001,5
2024,다아550075,to_in_007,5
2024,다아550075,to_in_008,0
2024,다아550131,to_in_001,8
2024,다아550131,to_in_007,8
2024,다아550131,to_in_008,0
2024,다아550132,to_in_001,5
2024,다아550132,to_in_007,5
2024,다아550132,to_in_008,0
2024,다아551007,to_in_001,0
2024,다아551007,to_in_007,0
2024,다아551007,to_in_008,0
2024,다아551010,to_in_001,5
2024,다아551010,to_in_007,5
2024,다아551010,to_in_008,0
2024,다아551024,to_in_001,5
2024,다아551024,to_in_007,5
2024,다아551024,to_in_008,0
2024,다아551025,to_in_001,5
2024,다아551025,to_in_007,5
2024,다아551025,to_in_008,0
2024,다아551027,to_in_001,0
2024,다아551027,to_in_007,0
2024,다아551027,to_in_008,0
2024,다아551030,to_in_001,5
2024,다아551030,to_in_007,0
2024,다아551030,to_in_008,5
2024,다아551045,to_in_001,0
2024,다아551045,to_in_007,0
2024,다아551045,to_in_008,0
2024,다아551077,to_in_001,5
2024,다아551077,to_in_007,0
2024,다아551077,to_in_008,0
2024,다아551078,to_in_001,18
2024,다아551078,to_in_007,8
2024,다아551078,to_in_008,13
2024,다아565022,to_in_001,8
2024,다아565022,to_in_007,5
2024,다아565022,to_in_008,5
2024,다아565023,to_in_001,5
2024,다아565023,to_in_007,5
2024,다아565023,to_in_008,0
2024,다아565024,to_in_001,5
2024,다아565024,to_in_007,0
2024,다아565024,to_in_008,5
2024,다아565048,to_in_001,5
2024,다아565048,to_in_007,5
2024,다아565048,to_in_008,0
2024,다아565067,to_in_001,5
2024,다아565067,to_in_007,5
2024,다아565067,to_in_008,0
2024,다아565079,to_in_001,5
2024,다아565079,to_in_007,5
2024,다아565079,to_in_008,5
2024,다아565080,to_in_001,5
2024,다아565080,to_in_007,5
2024,다아565080,to_in_008,0
2024,다아565094,to_in_001,5
2024,다아565094,to_in_007,5
2024,다아565094,to_in_008,0
2024,다아565100,to_in_001,5
2024,다아565100,to_in_007,5
2024,다아565100,to_in_008,0
2024,다아565101,to_in_001,8
2024,다아565101,to_in_007,5
2024,다아565101,to_in_008,8
2024,다아565108,to_in_001,0
2024,다아565108,to_in_007,0
2024,다아565108,to_in_008,0
2024,다아565110,to_in_001,5
2024,다아565110,to_in_007,5
2024,다아565110,to_in_008,0
2024,다아566018,to_in_001,0
2024,다아566018,to_in_007,0
2024,다아566018,to_in_008,0
2024,다아566020,to_in_001,0
2024,다아566020,to_in_007,0
2024,다아566020,to_in_008,0
2024,다아566021,to_in_001,8
2024,다아566021,to_in_007,5
2024,다아566021,to_in_008,5
2024,다아566022,to_in_001,5
2024,다아566022,to_in_007,0
2024,다아566022,to_in_008,0
2024,다아566023,to_in_001,18
2024,다아566023,to_in_007,8
2024,다아566023,to_in_008,8
2024,다아566024,to_in_001,0
2024,다아566024,to_in_007,0
2024,다아566024,to_in_008,0
2024,다아566053,to_in_001,5
2024,다아566053,to_in_007,0
2024,다아566053,to_in_008,5
2024,다아566061,to_in_001,5
2024,다아566061,to_in_007,5
2024,다아566061,to_in_008,5
2024,다아566067,to_in_001,5
2024,다아566067,to_in_007,0
2024,다아566067,to_in_008,5
2024,다아566071,to_in_001,5
2024,다아566071,to_in_007,0
2024,다아566071,to_in_008,5
2024,다아566081,to_in_001,5
2024,다아566081,to_in_007,0
2024,다아566081,to_in_008,0
2024,다아566085,to_in_001,5
2024,다아566085,to_in_007,5
2024,다아566085,to_in_008,0
2024,다아566100,to_in_001,8
2024,다아566100,to_in_007,5
2024,다아566100,to_in_008,5
2024,다아566101,to_in_001,5
2024,다아566101,to_in_007,5
2024,다아566101,to_in_008,5
2024,다아566102,to_in_001,5
2024,다아566102,to_in_007,5
2024,다아566102,to_in_008,5
2024,다아566105,to_in_001,5
2024,다아566105,to_in_007,0
2024,다아566105,to_in_008,5
2024,다아566106,to_in_001,13
2024,다아566106,to_in_007,8
2024,다아566106,to_in_008,8
2024,다아566107,to_in_001,5
2024,다아566107,to_in_007,5
2024,다아566107,to_in_008,0
2024,다아567017,to_in_001,5
2024,다아567017,to_in_007,0
2024,다아567017,to_in_008,5
2024,다아567022,to_in_001,5
2024,다아567022,to_in_007,0
2024,다아567022,to_in_008,0
2024,다아567049,to_in_001,5
2024,다아567049,to_in_007,5
2024,다아567049,to_in_008,0
2024,다아574024,to_in_001,8
2024,다아574024,to_in_007,8
2024,다아574024,to_in_008,5
2024,다아574026,to_in_001,5
2024,다아574026,to_in_007,0
2024,다아574026,to_in_008,0
2024,다아574058,to_in_001,0
2024,다아574058,to_in_007,0
2024,다아574058,to_in_008,0
2024,다아574061,to_in_001,0
2024,다아574061,to_in_007,0
2024,다아574061,to_in_008,0
2024,다아574063,to_in_001,5
2024,다아574063,to_in_007,0
2024,다아574063,to_in_008,0
2024,다아574074,to_in_001,8
2024,다아574074,to_in_007,8
2024,다아574074,to_in_008,5
2024,다아574076,to_in_001,5
2024,다아574076,to_in_007,5
2024,다아574076,to_in_008,5
2024,다아574078,to_in_001,8
2024,다아574078,to_in_007,5
2024,다아574078,to_in_008,5
2024,다아574080,to_in_001,8
2024,다아574080,to_in_007,8
2024,다아574080,to_in_008,5
2024,다아574102,to_in_001,0
2024,다아574102,to_in_007,0
2024,다아574102,to_in_008,0
2024,다아575008,to_in_001,8
2024,다아575008,to_in_007,5
2024,다아575008,to_in_008,5
2024,다아575018,to_in_001,5
2024,다아575018,to_in_007,0
2024,다아575018,to_in_008,0
2024,다아575019,to_in_001,8
2024,다아575019,to_in_007,8
2024,다아575019,to_in_008,5
2024,다아575025,to_in_001,5
2024,다아575025,to_in_007,0
2024,다아575025,to_in_008,0
2024,다아575057,to_in_001,13
2024,다아575057,to_in_007,8
2024,다아575057,to_in_008,5
2024,다아575058,to_in_001,5
2024,다아575058,to_in_007,0
2024,다아575058,to_in_008,5
2024,다아575074,to_in_001,13
2024,다아575074,to_in_007,8
2024,다아575074,to_in_008,5
2024,다아575078,to_in_001,5
2024,다아575078,to_in_007,0
2024,다아575078,to_in_008,5
2024,다아575081,to_in_001,5
2024,다아575081,to_in_007,0
2024,다아575081,to_in_008,5
2024,다아575097,to_in_001,5
2024,다아575097,to_in_007,5
2024,다아575097,to_in_008,5
2024,다아576018,to_in_001,5
2024,다아576018,to_in_007,5
2024,다아576018,to_in_008,0
2024,다아576020,to_in_001,5
2024,다아576020,to_in_007,0
2024,다아576020,to_in_008,0
2024,다아576026,to_in_001,0
2024,다아576026,to_in_007,0
2024,다아576026,to_in_008,0
2024,다아576027,to_in_001,5
2024,다아576027,to_in_007,0
2024,다아576027,to_in_008,0
2024,다아576028,to_in_001,0
2024,다아576028,to_in_007,0
2024,다아576028,to_in_008,0
2024,다아576091,to_in_001,5
2024,다아576091,to_in_007,5
2024,다아576091,to_in_008,5
2024,다아576092,to_in_001,8
2024,다아576092,to_in_007,5
2024,다아576092,to_in_008,8
2024,다아576096,to_in_001,8
2024,다아576096,to_in_007,5
2024,다아576096,to_in_008,5
2024,다아576099,to_in_001,5
2024,다아576099,to_in_007,0
2024,다아576099,to_in_008,0
2024,다아577011,to_in_001,5
2024,다아577011,to_in_007,0
2024,다아577011,to_in_008,5
2024,다아578093,to_in_001,8
2024,다아578093,to_in_007,5
2024,다아578093,to_in_008,5
2024,다아578094,to_in_001,33
2024,다아578094,to_in_007,13
2024,다아578094,to_in_008,18
2024,다아578095,to_in_001,29
2024,다아578095,to_in_007,19
2024,다아578095,to_in_008,8
2024,다아578096,to_in_001,5
2024,다아578096,to_in_007,0
2024,다아578096,to_in_008,5
2024,다아578097,to_in_001,5
2024,다아578097,to_in_007,5
2024,다아578097,to_in_008,5
2024,다아578111,to_in_001,5
2024,다아578111,to_in_007,0
2024,다아578111,to_in_008,0
2024,다아578112,to_in_001,5
2024,다아578112,to_in_007,5
2024,다아578112,to_in_008,5
2024,다아578114,to_in_001,5
2024,다아578114,to_in_007,5
2024,다아578114,to_in_008,5
2024,다아578151,to_in_001,5
2024,다아578151,to_in_007,0
2024,다아578151,to_in_008,5
2024,다아578152,to_in_001,5
2024,다아578152,to_in_007,5
2024,다아578152,to_in_008,0
2024,다아579015,to_in_001,0
2024,다아579015,to_in_007,0
2024,다아579015,to_in_008,0
2024,다아579017,to_in_001,8
2024,다아579017,to_in_007,5
2024,다아579017,to_in_008,5
2024,다아579030,to_in_001,8
2024,다아579030,to_in_007,8
2024,다아579030,to_in_008,0
2024,다아579031,to_in_001,5
2024,다아579031,to_in_007,5
2024,다아579031,to_in_008,0
2024,다아579032,to_in_001,5
2024,다아579032,to_in_007,0
2024,다아579032,to_in_008,5
2024,다아579033,to_in_001,5
2024,다아579033,to_in_007,0
2024,다아579033,to_in_008,0
2024,다아579034,to_in_001,5
2024,다아579034,to_in_007,0
2024,다아579034,to_in_008,0
2024,다아579065,to_in_001,5
2024,다아579065,to_in_007,5
2024,다아579065,to_in_008,0
2024,다아579066,to_in_001,8
2024,다아579066,to_in_007,5
2024,다아579066,to_in_008,5
2024,다아579070,to_in_001,5
2024,다아579070,to_in_007,0
2024,다아579070,to_in_008,5
2024,다아579071,to_in_001,38
2024,다아579071,to_in_007,18
2024,다아579071,to_in_008,18
2024,다아579072,to_in_001,5
2024,다아579072,to_in_007,5
2024,다아579072,to_in_008,0
2024,다아579075,to_in_001,5
2024,다아579075,to_in_007,5
2024,다아579075,to_in_008,0
2024,다아579081,to_in_001,13
2024,다아579081,to_in_007,8
2024,다아579081,to_in_008,8
2024,다아579082,to_in_001,5
2024,다아579082,to_in_007,0
2024,다아579082,to_in_008,5
2024,다아579083,to_in_001,8
2024,다아579083,to_in_007,5
2024,다아579083,to_in_008,8
2024,다아579088,to_in_001,5
2024,다아579088,to_in_007,5
2024,다아579088,to_in_008,0
2024,다아579089,to_in_001,5
2024,다아579089,to_in_007,5
2024,다아579089,to_in_008,0
2024,다아579093,to_in_001,5
2024,다아579093,to_in_007,0
2024,다아579093,to_in_008,5
2024,다아579094,to_in_001,38
2024,다아579094,to_in_007,23
2024,다아579094,to_in_008,18
2024,다아579095,to_in_001,43
2024,다아579095,to_in_007,23
2024,다아579095,to_in_008,23
2024,다아579097,to_in_001,18
2024,다아579097,to_in_007,8
2024,다아579097,to_in_008,8
2024,다아579106,to_in_001,5
2024,다아579106,to_in_007,5
2024,다아579106,to_in_008,0
2024,다아579110,to_in_001,5
2024,다아579110,to_in_007,0
2024,다아579110,to_in_008,0
2024,다아586111,to_in_001,5
2024,다아586111,to_in_007,5
2024,다아586111,to_in_008,0
2024,다아586112,to_in_001,13
2024,다아586112,to_in_007,8
2024,다아586112,to_in_008,5
2024,다아586113,to_in_001,18
2024,다아586113,to_in_007,8
2024,다아586113,to_in_008,8
2024,다아587030,to_in_001,0
2024,다아587030,to_in_007,0
2024,다아587030,to_in_008,0
2024,다아587032,to_in_001,0
2024,다아587032,to_in_007,0
2024,다아587032,to_in_008,0
2024,다아587037,to_in_001,5
2024,다아587037,to_in_007,0
2024,다아587037,to_in_008,5
2024,다아587039,to_in_001,8
2024,다아587039,to_in_007,5
2024,다아587039,to_in_008,5
2024,다아587040,to_in_001,5
2024,다아587040,to_in_007,0
2024,다아587040,to_in_008,5
2024,다아587044,to_in_001,0
2024,다아587044,to_in_007,0
2024,다아587044,to_in_008,0
2024,다아587045,to_in_001,5
2024,다아587045,to_in_007,0
2024,다아587045,to_in_008,0
2024,다아587048,to_in_001,0
2024,다아587048,to_in_007,0
2024,다아587048,to_in_008,0
2024,다아587050,to_in_001,0
2024,다아587050,to_in_007,0
2024,다아587050,to_in_008,0
2024,다아587057,to_in_001,5
2024,다아587057,to_in_007,5
2024,다아587057,to_in_008,0
2024,다아587059,to_in_001,5
2024,다아587059,to_in_007,0
2024,다아587059,to_in_008,0
2024,다아587065,to_in_001,5
2024,다아587065,to_in_007,0
2024,다아587065,to_in_008,0
2024,다아587091,to_in_001,0
2024,다아587091,to_in_007,0
2024,다아587091,to_in_008,0
2024,다아587092,to_in_001,0
2024,다아587092,to_in_007,0
2024,다아587092,to_in_008,0
2024,다아587112,to_in_001,0
2024,다아587112,to_in_007,0
2024,다아587112,to_in_008,0
2024,다아587113,to_in_001,0
2024,다아587113,to_in_007,0
2024,다아587113,to_in_008,0
2024,다아587142,to_in_001,5
2024,다아587142,to_in_007,5
2024,다아587142,to_in_008,0
2024,다아588034,to_in_001,5
2024,다아588034,to_in_007,5
2024,다아588034,to_in_008,5
2024,다아588040,to_in_001,8
2024,다아588040,to_in_007,8
2024,다아588040,to_in_008,5
2024,다아588045,to_in_001,8
2024,다아588045,to_in_007,5
2024,다아588045,to_in_008,5
2024,다아588049,to_in_001,8
2024,다아588049,to_in_007,8
2024,다아588049,to_in_008,5
2024,다아588055,to_in_001,0
2024,다아588055,to_in_007,0
2024,다아588055,to_in_008,0
2024,다아588056,to_in_001,5
2024,다아588056,to_in_007,5
2024,다아588056,to_in_008,0
2024,다아588065,to_in_001,5
2024,다아588065,to_in_007,0
2024,다아588065,to_in_008,0
2024,다아588076,to_in_001,0
2024,다아588076,to_in_007,0
2024,다아588076,to_in_008,0
2024,다아588085,to_in_001,0
2024,다아588085,to_in_007,0
2024,다아588085,to_in_008,0
2024,다아588100,to_in_001,5
2024,다아588100,to_in_007,0
2024,다아588100,to_in_008,5
2024,다아588102,to_in_001,5
2024,다아588102,to_in_007,5
2024,다아588102,to_in_008,0
2024,다아589027,to_in_001,5
2024,다아589027,to_in_007,5
2024,다아589027,to_in_008,0
2024,다아589028,to_in_001,5
2024,다아589028,to_in_007,5
2024,다아589028,to_in_008,5
2024,다아589031,to_in_001,5
2024,다아589031,to_in_007,5
2024,다아589031,to_in_008,0
2024,다아589033,to_in_001,8
2024,다아589033,to_in_007,5
2024,다아589033,to_in_008,5
2024,다아598056,to_in_001,0
2024,다아598056,to_in_007,0
2024,다아598056,to_in_008,0
2024,다아598074,to_in_001,5
2024,다아598074,to_in_007,5
2024,다아598074,to_in_008,0
2024,다아598078,to_in_001,0
2024,다아598078,to_in_007,0
2024,다아598078,to_in_008,0
2024,다아598102,to_in_001,0
2024,다아598102,to_in_007,0
2024,다아598102,to_in_008,0
2024,다아598122,to_in_001,0
2024,다아598122,to_in_007,0
2024,다아598122,to_in_008,0
2024,다아598123,to_in_001,8
2024,다아598123,to_in_007,8
2024,다아598123,to_in_008,8
2024,다아599035,to_in_001,5
2024,다아599035,to_in_007,0
2024,다아599035,to_in_008,5
2024,다아599046,to_in_001,8
2024,다아599046,to_in_007,8
2024,다아599046,to_in_008,5
2024,다아599053,to_in_001,5
2024,다아599053,to_in_007,5
2024,다아599053,to_in_008,0
2024,다아599124,to_in_001,8
2024,다아599124,to_in_007,5
2024,다아599124,to_in_008,5
2024,다아599125,to_in_001,0
2024,다아599125,to_in_007,0
2024,다아599125,to_in_008,0
2024,다아599144,to_in_001,5
2024,다아599144,to_in_007,0
2024,다아599144,to_in_008,0
2024,다아600016,to_in_001,5
2024,다아600016,to_in_007,0
2024,다아600016,to_in_008,5
2024,다아600029,to_in_001,5
2024,다아600029,to_in_007,5
2024,다아600029,to_in_008,5
2024,다아600030,to_in_001,5
2024,다아600030,to_in_007,5
2024,다아600030,to_in_008,0
2024,다아600031,to_in_001,18
2024,다아600031,to_in_007,8
2024,다아600031,to_in_008,8
2024,다아600033,to_in_001,0
2024,다아600033,to_in_007,0
2024,다아600033,to_in_008,0
2024,다아600035,to_in_001,0
2024,다아600035,to_in_007,0
2024,다아600035,to_in_008,0
2024,다아600036,to_in_001,0
2024,다아600036,to_in_007,0
2024,다아600036,to_in_008,0
2024,다아600056,to_in_001,0
2024,다아600056,to_in_007,0
2024,다아600056,to_in_008,0
2024,다아600076,to_in_001,0
2024,다아600076,to_in_007,0
2024,다아600076,to_in_008,0
2024,다아600124,to_in_001,8
2024,다아600124,to_in_007,8
2024,다아600124,to_in_008,5
2024,다아600125,to_in_001,5
2024,다아600125,to_in_007,0
2024,다아600125,to_in_008,0
2024,다아600126,to_in_001,5
2024,다아600126,to_in_007,0
2024,다아600126,to_in_008,0
2024,다아600144,to_in_001,5
2024,다아600144,to_in_007,0
2024,다아600144,to_in_008,0
2024,다아601005,to_in_001,5
2024,다아601005,to_in_007,0
2024,다아601005,to_in_008,5
2024,다아601016,to_in_001,8
2024,다아601016,to_in_007,5
2024,다아601016,to_in_008,5
2024,다아601029,to_in_001,8
2024,다아601029,to_in_007,8
2024,다아601029,to_in_008,5
2024,다아604145,to_in_001,5
2024,다아604145,to_in_007,0
2024,다아604145,to_in_008,0
2024,다아605008,to_in_001,5
2024,다아605008,to_in_007,0
2024,다아605008,to_in_008,5
2024,다아605027,to_in_001,12
2024,다아605027,to_in_007,12
2024,다아605027,to_in_008,0
2024,다아605037,to_in_001,8
2024,다아605037,to_in_007,8
2024,다아605037,to_in_008,5
2024,다아605038,to_in_001,0
2024,다아605038,to_in_007,0
2024,다아605038,to_in_008,0
2024,다아605071,to_in_001,5
2024,다아605071,to_in_007,0
2024,다아605071,to_in_008,0
2024,다아605080,to_in_001,0
2024,다아605080,to_in_007,0
2024,다아605080,to_in_008,0
2024,다아605091,to_in_001,5
2024,다아605091,to_in_007,0
2024,다아605091,to_in_008,5
2024,다아605126,to_in_001,5
2024,다아605126,to_in_007,0
2024,다아605126,to_in_008,0
2024,다아605127,to_in_001,5
2024,다아605127,to_in_007,0
2024,다아605127,to_in_008,5
2024,다아605131,to_in_001,5
2024,다아605131,to_in_007,0
2024,다아605131,to_in_008,5
2024,다아605134,to_in_001,5
2024,다아605134,to_in_007,0
2024,다아605134,to_in_008,5
2024,다아605135,to_in_001,5
2024,다아605135,to_in_007,5
2024,다아605135,to_in_008,5
2024,다아605136,to_in_001,0
2024,다아605136,to_in_007,0
2024,다아605136,to_in_008,0
2024,다아605137,to_in_001,23
2024,다아605137,to_in_007,13
2024,다아605137,to_in_008,8
2024,다아605145,to_in_001,5
2024,다아605145,to_in_007,0
2024,다아605145,to_in_008,5
2024,다아605149,to_in_001,0
2024,다아605149,to_in_007,0
2024,다아605149,to_in_008,0
2024,다아606031,to_in_001,5
2024,다아606031,to_in_007,5
2024,다아606031,to_in_008,0
2024,다아606039,to_in_001,5
2024,다아606039,to_in_007,0
2024,다아606039,to_in_008,5
2024,다아606063,to_in_001,0
2024,다아606063,to_in_007,0
2024,다아606063,to_in_008,0
2024,다아606066,to_in_001,8
2024,다아606066,to_in_007,8
2024,다아606066,to_in_008,5
2024,다아606067,to_in_001,18
2024,다아606067,to_in_007,8
2024,다아606067,to_in_008,8
2024,다아606071,to_in_001,5
2024,다아606071,to_in_007,5
2024,다아606071,to_in_008,5
2024,다아606075,to_in_001,5
2024,다아606075,to_in_007,0
2024,다아606075,to_in_008,5
2024,다아606076,to_in_001,5
2024,다아606076,to_in_007,0
2024,다아606076,to_in_008,0
2024,다아606078,to_in_001,5
2024,다아606078,to_in_007,0
2024,다아606078,to_in_008,0
2024,다아606090,to_in_001,8
2024,다아606090,to_in_007,5
2024,다아606090,to_in_008,5
2024,다아606091,to_in_001,8
2024,다아606091,to_in_007,5
2024,다아606091,to_in_008,5
2024,다아606119,to_in_001,5
2024,다아606119,to_in_007,5
2024,다아606119,to_in_008,5
2024,다아606126,to_in_001,0
2024,다아606126,to_in_007,0
2024,다아606126,to_in_008,0
2024,다아615011,to_in_001,5
2024,다아615011,to_in_007,0
2024,다아615011,to_in_008,0
2024,다아615024,to_in_001,5
2024,다아615024,to_in_007,0
2024,다아615024,to_in_008,5
2024,다아615028,to_in_001,0
2024,다아615028,to_in_007,0
2024,다아615028,to_in_008,0
2024,다아615029,to_in_001,5
2024,다아615029,to_in_007,5
2024,다아615029,to_in_008,0
2024,다아615033,to_in_001,5
2024,다아615033,to_in_007,0
2024,다아615033,to_in_008,5
2024,다아615034,to_in_001,23
2024,다아615034,to_in_007,8
2024,다아615034,to_in_008,18
2024,다아615035,to_in_001,48
2024,다아615035,to_in_007,28
2024,다아615035,to_in_008,18
2024,다아615036,to_in_001,63
2024,다아615036,to_in_007,28
2024,다아615036,to_in_008,33
2024,다아615037,to_in_001,64
2024,다아615037,to_in_007,27
2024,다아615037,to_in_008,35
2024,다아615044,to_in_001,5
2024,다아615044,to_in_007,0
2024,다아615044,to_in_008,0
2024,다아615053,to_in_001,5
2024,다아615053,to_in_007,5
2024,다아615053,to_in_008,0
2024,다아615064,to_in_001,8
2024,다아615064,to_in_007,5
2024,다아615064,to_in_008,5
2024,다아615065,to_in_001,8
2024,다아615065,to_in_007,5
2024,다아615065,to_in_008,5
2024,다아615066,to_in_001,5
2024,다아615066,to_in_007,0
2024,다아615066,to_in_008,0
2024,다아615067,to_in_001,8
2024,다아615067,to_in_007,8
2024,다아615067,to_in_008,5
2024,다아615071,to_in_001,5
2024,다아615071,to_in_007,5
2024,다아615071,to_in_008,0
2024,다아615074,to_in_001,8
2024,다아615074,to_in_007,5
2024,다아615074,to_in_008,5
2024,다아615112,to_in_001,5
2024,다아615112,to_in_007,5
2024,다아615112,to_in_008,0
2024,다아615113,to_in_001,5
2024,다아615113,to_in_007,0
2024,다아615113,to_in_008,5
2024,다아615114,to_in_001,5
2024,다아615114,to_in_007,0
2024,다아615114,to_in_008,5
2024,다아615125,to_in_001,0
2024,다아615125,to_in_007,0
2024,다아615125,to_in_008,0
2024,다아615145,to_in_001,8
2024,다아615145,to_in_007,5
2024,다아615145,to_in_008,8
2024,다아616023,to_in_001,50
2024,다아616023,to_in_007,30
2024,다아616023,to_in_008,18
2024,다아616024,to_in_001,5
2024,다아616024,to_in_007,0
2024,다아616024,to_in_008,0
2024,다아616025,to_in_001,5
2024,다아616025,to_in_007,5
2024,다아616025,to_in_008,5
2024,다아616027,to_in_001,5
2024,다아616027,to_in_007,0
2024,다아616027,to_in_008,5
2024,다아616028,to_in_001,5
2024,다아616028,to_in_007,5
2024,다아616028,to_in_008,0
2024,다아616029,to_in_001,5
2024,다아616029,to_in_007,0
2024,다아616029,to_in_008,5
2024,다아616033,to_in_001,5
2024,다아616033,to_in_007,5
2024,다아616033,to_in_008,0
2024,다아619045,to_in_001,8
2024,다아619045,to_in_007,5
2024,다아619045,to_in_008,8
2024,다아619051,to_in_001,5
2024,다아619051,to_in_007,5
2024,다아619051,to_in_008,0
2024,다아619057,to_in_001,0
2024,다아619057,to_in_007,0
2024,다아619057,to_in_008,0
2024,다아619065,to_in_001,5
2024,다아619065,to_in_007,5
2024,다아619065,to_in_008,0
2024,다아619078,to_in_001,5
2024,다아619078,to_in_007,5
2024,다아619078,to_in_008,0
2024,다아619081,to_in_001,5
2024,다아619081,to_in_007,0
2024,다아619081,to_in_008,0
2024,다아619082,to_in_001,5
2024,다아619082,to_in_007,0
2024,다아619082,to_in_008,5
2024,다아619088,to_in_001,5
2024,다아619088,to_in_007,5
2024,다아619088,to_in_008,0
2024,다아619103,to_in_001,5
2024,다아619103,to_in_007,0
2024,다아619103,to_in_008,0
2024,다아619112,to_in_001,18
2024,다아619112,to_in_007,13
2024,다아619112,to_in_008,5
2024,다아619113,to_in_001,5
2024,다아619113,to_in_007,0
2024,다아619113,to_in_008,5
2024,다아619136,to_in_001,13
2024,다아619136,to_in_007,0
2024,다아619136,to_in_008,8
2024,다아619151,to_in_001,5
2024,다아619151,to_in_007,0
2024,다아619151,to_in_008,0
2024,다아619175,to_in_001,5
2024,다아619175,to_in_007,0
2024,다아619175,to_in_008,0
2024,다아619179,to_in_001,8
2024,다아619179,to_in_007,5
2024,다아619179,to_in_008,8
2024,다아619206,to_in_001,0
2024,다아619206,to_in_007,0
2024,다아619206,to_in_008,0
2024,다아620003,to_in_001,5
2024,다아620003,to_in_007,5
2024,다아620003,to_in_008,5
2024,다아620010,to_in_001,5
2024,다아620010,to_in_007,5
2024,다아620010,to_in_008,0
2024,다아620011,to_in_001,8
2024,다아620011,to_in_007,5
2024,다아620011,to_in_008,5
2024,다아620013,to_in_001,0
2024,다아620013,to_in_007,0
2024,다아620013,to_in_008,0
2024,다아620025,to_in_001,5
2024,다아620025,to_in_007,0
2024,다아620025,to_in_008,5
2024,다아620026,to_in_001,8
2024,다아620026,to_in_007,5
2024,다아620026,to_in_008,5
2024,다아620027,to_in_001,38
2024,다아620027,to_in_007,18
2024,다아620027,to_in_008,18
2024,다아620028,to_in_001,28
2024,다아620028,to_in_007,18
2024,다아620028,to_in_008,13
2024,다아620029,to_in_001,104
2024,다아620029,to_in_007,45
2024,다아620029,to_in_008,57
2024,다아620030,to_in_001,23
2024,다아620030,to_in_007,13
2024,다아620030,to_in_008,13
2024,다아620031,to_in_001,68
2024,다아620031,to_in_007,38
2024,다아620031,to_in_008,33
2024,다아620032,to_in_001,96
2024,다아620032,to_in_007,43
2024,다아620032,to_in_008,51
2024,다아622034,to_in_001,38
2024,다아622034,to_in_007,23
2024,다아622034,to_in_008,18
2024,다아622035,to_in_001,187
2024,다아622035,to_in_007,97
2024,다아622035,to_in_008,88
2024,다아622036,to_in_001,112
2024,다아622036,to_in_007,60
2024,다아622036,to_in_008,55
2024,다아622037,to_in_001,198
2024,다아622037,to_in_007,105
2024,다아622037,to_in_008,96
2024,다아622038,to_in_001,43
2024,다아622038,to_in_007,23
2024,다아622038,to_in_008,18
2024,다아622050,to_in_001,5
2024,다아622050,to_in_007,5
2024,다아622050,to_in_008,0
2024,다아622055,to_in_001,8
2024,다아622055,to_in_007,5
2024,다아622055,to_in_008,5
2024,다아622056,to_in_001,5
2024,다아622056,to_in_007,0
2024,다아622056,to_in_008,5
2024,다아622059,to_in_001,5
2024,다아622059,to_in_007,5
2024,다아622059,to_in_008,5
2024,다아622062,to_in_001,5
2024,다아622062,to_in_007,0
2024,다아622062,to_in_008,0
2024,다아622079,to_in_001,0
2024,다아622079,to_in_007,0
2024,다아622079,to_in_008,0
2024,다아622097,to_in_001,5
2024,다아622097,to_in_007,0
2024,다아622097,to_in_008,0
2024,다아622098,to_in_001,5
2024,다아622098,to_in_007,5
2024,다아622098,to_in_008,5
2024,다아622101,to_in_001,0
2024,다아622101,to_in_007,0
2024,다아622101,to_in_008,0
2024,다아622103,to_in_001,8
2024,다아622103,to_in_007,5
2024,다아622103,to_in_008,5
2024,다아622104,to_in_001,13
2024,다아622104,to_in_007,8
2024,다아622104,to_in_008,8
2024,다아622105,to_in_001,8
2024,다아622105,to_in_007,8
2024,다아622105,to_in_008,5
2024,다아622106,to_in_001,8
2024,다아622106,to_in_007,5
2024,다아622106,to_in_008,5
2024,다아622107,to_in_001,8
2024,다아622107,to_in_007,5
2024,다아622107,to_in_008,8
2024,다아622109,to_in_001,8
2024,다아622109,to_in_007,8
2024,다아622109,to_in_008,5
2024,다아622110,to_in_001,5
2024,다아622110,to_in_007,0
2024,다아622110,to_in_008,5
2024,다아622120,to_in_001,5
2024,다아622120,to_in_007,5
2024,다아622120,to_in_008,0
2024,다아622122,to_in_001,13
2024,다아622122,to_in_007,5
2024,다아622122,to_in_008,8
2024,다아622129,to_in_001,5
2024,다아622129,to_in_007,5
2024,다아622129,to_in_008,0
2024,다아622133,to_in_001,30
2024,다아622133,to_in_007,20
2024,다아622133,to_in_008,13
2024,다아622150,to_in_001,5
2024,다아622150,to_in_007,5
2024,다아622150,to_in_008,0
2024,다아622157,to_in_001,5
2024,다아622157,to_in_007,0
2024,다아622157,to_in_008,0
2024,다아625024,to_in_001,5
2024,다아625024,to_in_007,0
2024,다아625024,to_in_008,5
2024,다아625025,to_in_001,8
2024,다아625025,to_in_007,8
2024,다아625025,to_in_008,5
2024,다아625026,to_in_001,43
2024,다아625026,to_in_007,18
2024,다아625026,to_in_008,28
2024,다아625027,to_in_001,81
2024,다아625027,to_in_007,49
2024,다아625027,to_in_008,30
2024,다아625028,to_in_001,144
2024,다아625028,to_in_007,55
2024,다아625028,to_in_008,87
2024,다아625029,to_in_001,254
2024,다아625029,to_in_007,131
2024,다아625029,to_in_008,126
2024,다아625030,to_in_001,138
2024,다아625030,to_in_007,67
2024,다아625030,to_in_008,69
2024,다아625033,to_in_001,5
2024,다아625033,to_in_007,0
2024,다아625033,to_in_008,0
2024,다아625034,to_in_001,5
2024,다아625034,to_in_007,0
2024,다아625034,to_in_008,5
2024,다아625035,to_in_001,38
2024,다아625035,to_in_007,23
2024,다아625035,to_in_008,13
2024,다아625036,to_in_001,191
2024,다아625036,to_in_007,92
2024,다아625036,to_in_008,97
2024,다아625037,to_in_001,179
2024,다아625037,to_in_007,86
2024,다아625037,to_in_008,96
2024,다아625038,to_in_001,69
2024,다아625038,to_in_007,33
2024,다아625038,to_in_008,34
2024,다아625039,to_in_001,5
2024,다아625039,to_in_007,0
2024,다아625039,to_in_008,0
2024,다아625040,to_in_001,5
2024,다아625040,to_in_007,5
2024,다아625040,to_in_008,0
2024,다아625041,to_in_001,260
2024,다아625041,to_in_007,137
2024,다아625041,to_in_008,121
2024,다아625042,to_in_001,407
2024,다아625042,to_in_007,199
2024,다아625042,to_in_008,206
2024,다아625044,to_in_001,8
2024,다아625044,to_in_007,5
2024,다아625044,to_in_008,5
2024,다아625049,to_in_001,5
2024,다아625049,to_in_007,5
2024,다아625049,to_in_008,0
2024,다아625051,to_in_001,5
2024,다아625051,to_in_007,0
2024,다아625051,to_in_008,5
2024,다아625052,to_in_001,5
2024,다아625052,to_in_007,0
2024,다아625052,to_in_008,0
2024,다아625056,to_in_001,5
2024,다아625056,to_in_007,5
2024,다아625056,to_in_008,5
2024,다아625059,to_in_001,0
2024,다아625059,to_in_007,0
2024,다아625059,to_in_008,0
2024,다아625084,to_in_001,5
2024,다아625084,to_in_007,5
2024,다아625084,to_in_008,0
2024,다아625096,to_in_001,0
2024,다아625096,to_in_007,0
2024,다아625096,to_in_008,0
2024,다아625101,to_in_001,5
2024,다아625101,to_in_007,5
2024,다아625101,to_in_008,0
2024,다아625102,to_in_001,8
2024,다아625102,to_in_007,8
2024,다아625102,to_in_008,5
2024,다아625103,to_in_001,5
2024,다아625103,to_in_007,5
2024,다아625103,to_in_008,0
2024,다아627038,to_in_001,8
2024,다아627038,to_in_007,8
2024,다아627038,to_in_008,8
2024,다아627040,to_in_001,13
2024,다아627040,to_in_007,8
2024,다아627040,to_in_008,8
2024,다아627041,to_in_001,18
2024,다아627041,to_in_007,13
2024,다아627041,to_in_008,8
2024,다아627042,to_in_001,18
2024,다아627042,to_in_007,8
2024,다아627042,to_in_008,8
2024,다아627044,to_in_001,5
2024,다아627044,to_in_007,5
2024,다아627044,to_in_008,0
2024,다아627053,to_in_001,5
2024,다아627053,to_in_007,0
2024,다아627053,to_in_008,5
2024,다아627054,to_in_001,8
2024,다아627054,to_in_007,5
2024,다아627054,to_in_008,5
2024,다아627058,to_in_001,5
2024,다아627058,to_in_007,0
2024,다아627058,to_in_008,5
2024,다아627087,to_in_001,52
2024,다아627087,to_in_007,42
2024,다아627087,to_in_008,15
2024,다아627088,to_in_001,551
2024,다아627088,to_in_007,302
2024,다아627088,to_in_008,247
2024,다아627089,to_in_001,396
2024,다아627089,to_in_007,210
2024,다아627089,to_in_008,189
2024,다아627100,to_in_001,0
2024,다아627100,to_in_007,0
2024,다아627100,to_in_008,0
2024,다아627104,to_in_001,13
2024,다아627104,to_in_007,8
2024,다아627104,to_in_008,8
2024,다아627105,to_in_001,18
2024,다아627105,to_in_007,8
2024,다아627105,to_in_008,8
2024,다아627106,to_in_001,43
2024,다아627106,to_in_007,23
2024,다아627106,to_in_008,18
2024,다아627107,to_in_001,33
2024,다아627107,to_in_007,18
2024,다아627107,to_in_008,18
2024,다아627109,to_in_001,18
2024,다아627109,to_in_007,13
2024,다아627109,to_in_008,8
2024,다아627110,to_in_001,53
2024,다아627110,to_in_007,28
2024,다아627110,to_in_008,23
2024,다아627111,to_in_001,77
2024,다아627111,to_in_007,37
2024,다아627111,to_in_008,38
2024,다아627112,to_in_001,18
2024,다아627112,to_in_007,13
2024,다아627112,to_in_008,8
2024,다아627113,to_in_001,8
2024,다아627113,to_in_007,5
2024,다아627113,to_in_008,5
2024,다아627114,to_in_001,45
2024,다아627114,to_in_007,28
2024,다아627114,to_in_008,20
2024,다아627115,to_in_001,33
2024,다아627115,to_in_007,18
2024,다아627115,to_in_008,13
2024,다아627116,to_in_001,8
2024,다아627116,to_in_007,5
2024,다아627116,to_in_008,5
2024,다아627117,to_in_001,5
2024,다아627117,to_in_007,0
2024,다아627117,to_in_008,5
2024,다아627118,to_in_001,18
2024,다아627118,to_in_007,8
2024,다아627118,to_in_008,13
2024,다아627119,to_in_001,8
2024,다아627119,to_in_007,5
2024,다아627119,to_in_008,5
2024,다아627120,to_in_001,28
2024,다아627120,to_in_007,13
2024,다아627120,to_in_008,13
2024,다아627121,to_in_001,8
2024,다아627121,to_in_007,5
2024,다아627121,to_in_008,5
2024,다아627122,to_in_001,13
2024,다아627122,to_in_007,8
2024,다아627122,to_in_008,8
2024,다아627123,to_in_001,8
2024,다아627123,to_in_007,5
2024,다아627123,to_in_008,0
2024,다아632024,to_in_001,0
2024,다아632024,to_in_007,0
2024,다아632024,to_in_008,0
2024,다아632027,to_in_001,5
2024,다아632027,to_in_007,5
2024,다아632027,to_in_008,0
2024,다아632028,to_in_001,5
2024,다아632028,to_in_007,5
2024,다아632028,to_in_008,0
2024,다아632071,to_in_001,5
2024,다아632071,to_in_007,0
2024,다아632071,to_in_008,0
2024,다아632074,to_in_001,5
2024,다아632074,to_in_007,0
2024,다아632074,to_in_008,5
2024,다아632084,to_in_001,13
2024,다아632084,to_in_007,5
2024,다아632084,to_in_008,8
2024,다아632085,to_in_001,8
2024,다아632085,to_in_007,5
2024,다아632085,to_in_008,5
2024,다아632093,to_in_001,8
2024,다아632093,to_in_007,5
2024,다아632093,to_in_008,5
2024,다아632096,to_in_001,0
2024,다아632096,to_in_007,0
2024,다아632096,to_in_008,0
2024,다아632099,to_in_001,8
2024,다아632099,to_in_007,5
2024,다아632099,to_in_008,5
2024,다아632112,to_in_001,5
2024,다아632112,to_in_007,0
2024,다아632112,to_in_008,0
2024,다아632113,to_in_001,5
2024,다아632113,to_in_007,5
2024,다아632113,to_in_008,5
2024,다아632114,to_in_001,0
2024,다아632114,to_in_007,0
2024,다아632114,to_in_008,0
2024,다아632115,to_in_001,200
2024,다아632115,to_in_007,100
2024,다아632115,to_in_008,98
2024,다아632116,to_in_001,181
2024,다아632116,to_in_007,86
2024,다아632116,to_in_008,93
2024,다아632117,to_in_001,174
2024,다아632117,to_in_007,93
2024,다아632117,to_in_008,79
2024,다아632137,to_in_001,5
2024,다아632137,to_in_007,0
2024,다아632137,to_in_008,0
2024,다아632145,to_in_001,0
2024,다아632145,to_in_007,0
2024,다아632145,to_in_008,0
2024,다아632146,to_in_001,8
2024,다아632146,to_in_007,8
2024,다아632146,to_in_008,5
2024,다아632147,to_in_001,23
2024,다아632147,to_in_007,13
2024,다아632147,to_in_008,13
2024,다아632148,to_in_001,18
2024,다아632148,to_in_007,13
2024,다아632148,to_in_008,8
2024,다아632149,to_in_001,5
2024,다아632149,to_in_007,5
2024,다아632149,to_in_008,5
2024,다아632150,to_in_001,5
2024,다아632150,to_in_007,0
2024,다아632150,to_in_008,0
2024,다아632151,to_in_001,28
2024,다아632151,to_in_007,18
2024,다아632151,to_in_008,13
2024,다아632152,to_in_001,5
2024,다아632152,to_in_007,5
2024,다아632152,to_in_008,5
2024,다아632160,to_in_001,5
2024,다아632160,to_in_007,0
2024,다아632160,to_in_008,0
2024,다아633009,to_in_001,0
2024,다아633009,to_in_007,0
2024,다아633009,to_in_008,0
2024,다아633010,to_in_001,5
2024,다아633010,to_in_007,5
2024,다아633010,to_in_008,0
2024,다아633011,to_in_001,0
2024,다아633011,to_in_007,0
2024,다아633011,to_in_008,0
2024,다아633019,to_in_001,5
2024,다아633019,to_in_007,0
2024,다아633019,to_in_008,0
2024,다아633020,to_in_001,18
2024,다아633020,to_in_007,8
2024,다아633020,to_in_008,8
2024,다아633021,to_in_001,5
2024,다아633021,to_in_007,0
2024,다아633021,to_in_008,5
2024,다아633027,to_in_001,5
2024,다아633027,to_in_007,5
2024,다아633027,to_in_008,0
2024,다아633028,to_in_001,8
2024,다아633028,to_in_007,5
2024,다아633028,to_in_008,8
2024,다아633036,to_in_001,5
2024,다아633036,to_in_007,0
2024,다아633036,to_in_008,5
2024,다아633053,to_in_001,0
2024,다아633053,to_in_007,0
2024,다아633053,to_in_008,0
2024,다아633070,to_in_001,8
2024,다아633070,to_in_007,5
2024,다아633070,to_in_008,5
2024,다아633071,to_in_001,8
2024,다아633071,to_in_007,5
2024,다아633071,to_in_008,0
2024,다아633102,to_in_001,5
2024,다아633102,to_in_007,0
2024,다아633102,to_in_008,0
2024,다아633107,to_in_001,0
2024,다아633107,to_in_007,0
2024,다아633107,to_in_008,0
2024,다아633123,to_in_001,5
2024,다아633123,to_in_007,0
2024,다아633123,to_in_008,0
2024,다아633134,to_in_001,0
2024,다아633134,to_in_007,0
2024,다아633134,to_in_008,0
2024,다아633135,to_in_001,18
2024,다아633135,to_in_007,13
2024,다아633135,to_in_008,8
2024,다아633146,to_in_001,5
2024,다아633146,to_in_007,5
2024,다아633146,to_in_008,0
2024,다아633147,to_in_001,8
2024,다아633147,to_in_007,5
2024,다아633147,to_in_008,5
2024,다아633151,to_in_001,23
2024,다아633151,to_in_007,13
2024,다아633151,to_in_008,8
2024,다아633152,to_in_001,13
2024,다아633152,to_in_007,8
2024,다아633152,to_in_008,8
2024,다아637008,to_in_001,0
2024,다아637008,to_in_007,0
2024,다아637008,to_in_008,0
2024,다아637010,to_in_001,8
2024,다아637010,to_in_007,5
2024,다아637010,to_in_008,0
2024,다아637017,to_in_001,0
2024,다아637017,to_in_007,0
2024,다아637017,to_in_008,0
2024,다아637029,to_in_001,5
2024,다아637029,to_in_007,0
2024,다아637029,to_in_008,5
2024,다아637031,to_in_001,5
2024,다아637031,to_in_007,0
2024,다아637031,to_in_008,5
2024,다아637032,to_in_001,5
2024,다아637032,to_in_007,5
2024,다아637032,to_in_008,5
2024,다아637062,to_in_001,5
2024,다아637062,to_in_007,5
2024,다아637062,to_in_008,0
2024,다아637092,to_in_001,5
2024,다아637092,to_in_007,0
2024,다아637092,to_in_008,5
2024,다아637093,to_in_001,5
2024,다아637093,to_in_007,0
2024,다아637093,to_in_008,0
2024,다아637094,to_in_001,5
2024,다아637094,to_in_007,0
2024,다아637094,to_in_008,5
2024,다아637097,to_in_001,8
2024,다아637097,to_in_007,5
2024,다아637097,to_in_008,5
2024,다아637133,to_in_001,5
2024,다아637133,to_in_007,5
2024,다아637133,to_in_008,5
2024,다아637134,to_in_001,5
2024,다아637134,to_in_007,0
2024,다아637134,to_in_008,0
2024,다아637135,to_in_001,5
2024,다아637135,to_in_007,5
2024,다아637135,to_in_008,5
2024,다아637143,to_in_001,0
2024,다아637143,to_in_007,0
2024,다아637143,to_in_008,0
2024,다아637144,to_in_001,0
2024,다아637144,to_in_007,0
2024,다아637144,to_in_008,0
2024,다아637153,to_in_001,5
2024,다아637153,to_in_007,0
2024,다아637153,to_in_008,0
2024,다아637179,to_in_001,13
2024,다아637179,to_in_007,13
2024,다아637179,to_in_008,5
2024,다아638008,to_in_001,5
2024,다아638008,to_in_007,0
2024,다아638008,to_in_008,0
2024,다아638009,to_in_001,5
2024,다아638009,to_in_007,0
2024,다아638009,to_in_008,5
2024,다아638010,to_in_001,8
2024,다아638010,to_in_007,5
2024,다아638010,to_in_008,5
2024,다아638022,to_in_001,8
2024,다아638022,to_in_007,5
2024,다아638022,to_in_008,5
2024,다아638023,to_in_001,5
2024,다아638023,to_in_007,0
2024,다아638023,to_in_008,0
2024,다아638036,to_in_001,5
2024,다아638036,to_in_007,5
2024,다아638036,to_in_008,5
2024,다아638039,to_in_001,0
2024,다아638039,to_in_007,0
2024,다아638039,to_in_008,0
2024,다아638045,to_in_001,8
2024,다아638045,to_in_007,5
2024,다아638045,to_in_008,8
2024,다아638093,to_in_001,5
2024,다아638093,to_in_007,5
2024,다아638093,to_in_008,0
2024,다아641045,to_in_001,5
2024,다아641045,to_in_007,5
2024,다아641045,to_in_008,0
2024,다아641059,to_in_001,8
2024,다아641059,to_in_007,5
2024,다아641059,to_in_008,5
2024,다아560075,to_in_007,5
2024,다아560075,to_in_008,0
2024,다아560078,to_in_001,5
2024,다아560078,to_in_007,0
2024,다아560078,to_in_008,0
2024,다아561047,to_in_001,0
2024,다아561047,to_in_007,0
2024,다아561047,to_in_008,0
2024,다아561048,to_in_001,5
2024,다아561048,to_in_007,0
2024,다아561048,to_in_008,0
2024,다아561063,to_in_001,0
2024,다아561063,to_in_007,0
2024,다아561063,to_in_008,0
2024,다아561076,to_in_001,5
2024,다아561076,to_in_007,0
2024,다아561076,to_in_008,0
2024,다아562020,to_in_001,5
2024,다아562020,to_in_007,0
2024,다아562020,to_in_008,5
2024,다아562025,to_in_001,5
2024,다아562025,to_in_007,0
2024,다아562025,to_in_008,5
2024,다아562031,to_in_001,0
2024,다아562031,to_in_007,0
2024,다아562031,to_in_008,0
2024,다아562056,to_in_001,0
2024,다아562056,to_in_007,0
2024,다아562056,to_in_008,0
2024,다아562067,to_in_001,0
2024,다아562067,to_in_007,0
2024,다아562067,to_in_008,0
2024,다아562072,to_in_001,5
2024,다아562072,to_in_007,5
2024,다아562072,to_in_008,0
2024,다아571066,to_in_001,13
2024,다아571066,to_in_007,8
2024,다아571066,to_in_008,5
2024,다아571068,to_in_001,5
2024,다아571068,to_in_007,0
2024,다아571068,to_in_008,5
2024,다아571069,to_in_001,18
2024,다아571069,to_in_007,8
2024,다아571069,to_in_008,8
2024,다아571070,to_in_001,13
2024,다아571070,to_in_007,5
2024,다아571070,to_in_008,8
2024,다아571071,to_in_001,5
2024,다아571071,to_in_007,5
2024,다아571071,to_in_008,5
2024,다아572022,to_in_001,8
2024,다아572022,to_in_007,8
2024,다아572022,to_in_008,0
2024,다아572025,to_in_001,5
2024,다아572025,to_in_007,5
2024,다아572025,to_in_008,5
2024,다아572054,to_in_001,5
2024,다아572054,to_in_007,5
2024,다아572054,to_in_008,5
2024,다아572057,to_in_001,5
2024,다아572057,to_in_007,5
2024,다아572057,to_in_008,0
2024,다아572058,to_in_001,13
2024,다아572058,to_in_007,8
2024,다아572058,to_in_008,8
2024,다아572059,to_in_001,23
2024,다아572059,to_in_007,13
2024,다아572059,to_in_008,8
2024,다아572060,to_in_001,5
2024,다아572060,to_in_007,0
2024,다아572060,to_in_008,5
2024,다아572061,to_in_001,8
2024,다아572061,to_in_007,5
2024,다아572061,to_in_008,5
2024,다아572062,to_in_001,13
2024,다아572062,to_in_007,8
2024,다아572062,to_in_008,5
2024,다아572063,to_in_001,18
2024,다아572063,to_in_007,13
2024,다아572063,to_in_008,8
2024,다아572064,to_in_001,28
2024,다아572064,to_in_007,13
2024,다아572064,to_in_008,18
2024,다아572065,to_in_001,23
2024,다아572065,to_in_007,8
2024,다아572065,to_in_008,13
2024,다아572066,to_in_001,0
2024,다아572066,to_in_007,0
2024,다아572066,to_in_008,0
2024,다아572085,to_in_001,5
2024,다아572085,to_in_007,5
2024,다아572085,to_in_008,0
2024,다아573006,to_in_001,0
2024,다아573006,to_in_007,0
2024,다아573006,to_in_008,0
2024,다아573025,to_in_001,0
2024,다아573025,to_in_007,0
2024,다아573025,to_in_008,0
2024,다아573045,to_in_001,8
2024,다아573045,to_in_007,5
2024,다아573045,to_in_008,5
2024,다아573057,to_in_001,5
2024,다아573057,to_in_007,5
2024,다아573057,to_in_008,0
2024,다아573058,to_in_001,5
2024,다아573058,to_in_007,0
2024,다아573058,to_in_008,5
2024,다아573060,to_in_001,5
2024,다아573060,to_in_007,5
2024,다아573060,to_in_008,5
2024,다아573062,to_in_001,5
2024,다아573062,to_in_007,5
2024,다아573062,to_in_008,5
2024,다아573063,to_in_001,18
2024,다아573063,to_in_007,8
2024,다아573063,to_in_008,8
2024,다아573064,to_in_001,5
2024,다아573064,to_in_007,5
2024,다아573064,to_in_008,5
2024,다아573065,to_in_001,5
2024,다아573065,to_in_007,5
2024,다아573065,to_in_008,5
2024,다아573079,to_in_001,8
2024,다아573079,to_in_007,5
2024,다아573079,to_in_008,5
2024,다아573080,to_in_001,0
2024,다아573080,to_in_007,0
2024,다아573080,to_in_008,0
2024,다아574007,to_in_001,5
2024,다아574007,to_in_007,5
2024,다아574007,to_in_008,5
2024,다아574008,to_in_001,0
2024,다아574008,to_in_007,0
2024,다아574008,to_in_008,0
2024,다아574017,to_in_001,5
2024,다아574017,to_in_007,0
2024,다아574017,to_in_008,0
2024,다아574023,to_in_001,5
2024,다아574023,to_in_007,5
2024,다아574023,to_in_008,0
2024,다아583108,to_in_001,13
2024,다아583108,to_in_007,8
2024,다아583108,to_in_008,5
2024,다아583109,to_in_001,38
2024,다아583109,to_in_007,23
2024,다아583109,to_in_008,18
2024,다아583110,to_in_001,23
2024,다아583110,to_in_007,13
2024,다아583110,to_in_008,8
2024,다아583111,to_in_001,13
2024,다아583111,to_in_007,8
2024,다아583111,to_in_008,8
2024,다아583150,to_in_001,0
2024,다아583150,to_in_007,0
2024,다아583150,to_in_008,0
2024,다아584000,to_in_001,5
2024,다아584000,to_in_007,0
2024,다아584000,to_in_008,5
2024,다아584022,to_in_001,5
2024,다아584022,to_in_007,0
2024,다아584022,to_in_008,0
2024,다아584039,to_in_001,5
2024,다아584039,to_in_007,0
2024,다아584039,to_in_008,0
2024,다아584040,to_in_001,5
2024,다아584040,to_in_007,5
2024,다아584040,to_in_008,0
2024,다아584065,to_in_001,0
2024,다아584065,to_in_007,0
2024,다아584065,to_in_008,0
2024,다아584066,to_in_001,13
2024,다아584066,to_in_007,8
2024,다아584066,to_in_008,8
2024,다아584085,to_in_001,0
2024,다아584085,to_in_007,0
2024,다아584085,to_in_008,0
2024,다아584086,to_in_001,5
2024,다아584086,to_in_007,0
2024,다아584086,to_in_008,0
2024,다아584106,to_in_001,5
2024,다아584106,to_in_007,0
2024,다아584106,to_in_008,0
2024,다아584107,to_in_001,0
2024,다아584107,to_in_007,0
2024,다아584107,to_in_008,0
2024,다아584108,to_in_001,0
2024,다아584108,to_in_007,0
2024,다아584108,to_in_008,0
2024,다아584109,to_in_001,5
2024,다아584109,to_in_007,5
2024,다아584109,to_in_008,5
2024,다아584110,to_in_001,8
2024,다아584110,to_in_007,8
2024,다아584110,to_in_008,5
2024,다아584111,to_in_001,38
2024,다아584111,to_in_007,18
2024,다아584111,to_in_008,18
2024,다아584112,to_in_001,13
2024,다아584112,to_in_007,8
2024,다아584112,to_in_008,8
2024,다아584150,to_in_001,5
2024,다아584150,to_in_007,5
2024,다아584150,to_in_008,5
2024,다아584152,to_in_001,0
2024,다아584152,to_in_007,0
2024,다아584152,to_in_008,0
2024,다아585034,to_in_001,0
2024,다아585034,to_in_007,0
2024,다아585034,to_in_008,0
2024,다아585039,to_in_001,0
2024,다아585039,to_in_007,0
2024,다아585039,to_in_008,0
2024,다아585093,to_in_001,8
2024,다아585093,to_in_007,5
2024,다아585093,to_in_008,5
2024,다아585094,to_in_001,0
2024,다아585094,to_in_007,0
2024,다아585094,to_in_008,0
2024,다아585106,to_in_001,5
2024,다아585106,to_in_007,0
2024,다아585106,to_in_008,0
2024,다아585111,to_in_001,8
2024,다아585111,to_in_007,5
2024,다아585111,to_in_008,5
2024,다아585112,to_in_001,8
2024,다아585112,to_in_007,8
2024,다아585112,to_in_008,5
2024,다아585113,to_in_001,5
2024,다아585113,to_in_007,0
2024,다아585113,to_in_008,5
2024,다아585143,to_in_001,0
2024,다아585143,to_in_007,0
2024,다아585143,to_in_008,0
2024,다아586030,to_in_001,5
2024,다아586030,to_in_007,5
2024,다아586030,to_in_008,0
2024,다아586032,to_in_001,0
2024,다아586032,to_in_007,0
2024,다아586032,to_in_008,0
2024,다아586038,to_in_001,0
2024,다아586038,to_in_007,0
2024,다아586038,to_in_008,0
2024,다아586042,to_in_001,8
2024,다아586042,to_in_007,5
2024,다아586042,to_in_008,5
2024,다아586062,to_in_001,5
2024,다아586062,to_in_007,0
2024,다아586062,to_in_008,5
2024,다아586090,to_in_001,0
2024,다아586090,to_in_007,0
2024,다아586090,to_in_008,0
2024,다아586096,to_in_001,5
2024,다아586096,to_in_007,0
2024,다아586096,to_in_008,0
2024,다아593028,to_in_001,5
2024,다아593028,to_in_007,5
2024,다아593028,to_in_008,0
2024,다아593029,to_in_001,8
2024,다아593029,to_in_007,5
2024,다아593029,to_in_008,8
2024,다아593030,to_in_001,18
2024,다아593030,to_in_007,8
2024,다아593030,to_in_008,8
2024,다아593031,to_in_001,18
2024,다아593031,to_in_007,8
2024,다아593031,to_in_008,8
2024,다아593032,to_in_001,43
2024,다아593032,to_in_007,18
2024,다아593032,to_in_008,23
2024,다아593034,to_in_001,5
2024,다아593034,to_in_007,0
2024,다아593034,to_in_008,5
2024,다아593035,to_in_001,5
2024,다아593035,to_in_007,5
2024,다아593035,to_in_008,0
2024,다아593036,to_in_001,5
2024,다아593036,to_in_007,5
2024,다아593036,to_in_008,0
2024,다아593057,to_in_001,8
2024,다아593057,to_in_007,5
2024,다아593057,to_in_008,5
2024,다아593060,to_in_001,8
2024,다아593060,to_in_007,5
2024,다아593060,to_in_008,5
2024,다아593079,to_in_001,0
2024,다아593079,to_in_007,0
2024,다아593079,to_in_008,0
2024,다아594004,to_in_001,5
2024,다아594004,to_in_007,0
2024,다아594004,to_in_008,5
2024,다아594012,to_in_001,0
2024,다아594012,to_in_007,0
2024,다아594012,to_in_008,0
2024,다아594015,to_in_001,5
2024,다아594015,to_in_007,5
2024,다아594015,to_in_008,5
2024,다아594028,to_in_001,5
2024,다아594028,to_in_007,5
2024,다아594028,to_in_008,5
2024,다아594029,to_in_001,18
2024,다아594029,to_in_007,8
2024,다아594029,to_in_008,8
2024,다아594032,to_in_001,13
2024,다아594032,to_in_007,8
2024,다아594032,to_in_008,8
2024,다아594033,to_in_001,13
2024,다아594033,to_in_007,5
2024,다아594033,to_in_008,8
2024,다아594034,to_in_001,8
2024,다아594034,to_in_007,8
2024,다아594034,to_in_008,5
2024,다아594037,to_in_001,0
2024,다아594037,to_in_007,0
2024,다아594037,to_in_008,0
2024,다아594038,to_in_001,0
2024,다아594038,to_in_007,0
2024,다아594038,to_in_008,0
2024,다아594045,to_in_001,5
2024,다아594045,to_in_007,0
2024,다아594045,to_in_008,0
2024,다아594056,to_in_001,0
2024,다아594056,to_in_007,0
2024,다아594056,to_in_008,0
2024,다아594085,to_in_001,0
2024,다아594085,to_in_007,0
2024,다아594085,to_in_008,0
2024,다아594125,to_in_001,0
2024,다아594125,to_in_007,0
2024,다아594125,to_in_008,0
2024,다아594129,to_in_001,0
2024,다아594129,to_in_007,0
2024,다아594129,to_in_008,0
2024,다아595008,to_in_001,0
2024,다아595008,to_in_007,0
2024,다아595008,to_in_008,0
2024,다아595024,to_in_001,5
2024,다아595024,to_in_007,0
2024,다아595024,to_in_008,0
2024,다아595033,to_in_001,8
2024,다아595033,to_in_007,5
2024,다아595033,to_in_008,0
2024,다아595034,to_in_001,18
2024,다아595034,to_in_007,8
2024,다아595034,to_in_008,13
2024,다아595055,to_in_001,8
2024,다아595055,to_in_007,0
2024,다아595055,to_in_008,8
2024,다아601030,to_in_001,8
2024,다아601030,to_in_007,5
2024,다아601030,to_in_008,5
2024,다아601031,to_in_001,8
2024,다아601031,to_in_007,8
2024,다아601031,to_in_008,5
2024,다아601032,to_in_001,0
2024,다아601032,to_in_007,0
2024,다아601032,to_in_008,0
2024,다아601060,to_in_001,8
2024,다아601060,to_in_007,8
2024,다아601060,to_in_008,5
2024,다아601077,to_in_001,5
2024,다아601077,to_in_007,5
2024,다아601077,to_in_008,0
2024,다아601119,to_in_001,5
2024,다아601119,to_in_007,0
2024,다아601119,to_in_008,5
2024,다아601126,to_in_001,5
2024,다아601126,to_in_007,5
2024,다아601126,to_in_008,0
2024,다아601136,to_in_001,8
2024,다아601136,to_in_007,5
2024,다아601136,to_in_008,5
2024,다아601146,to_in_001,5
2024,다아601146,to_in_007,5
2024,다아601146,to_in_008,0
2024,다아602005,to_in_001,5
2024,다아602005,to_in_007,0
2024,다아602005,to_in_008,0
2024,다아602028,to_in_001,8
2024,다아602028,to_in_007,8
2024,다아602028,to_in_008,0
2024,다아602029,to_in_001,8
2024,다아602029,to_in_007,5
2024,다아602029,to_in_008,5
2024,다아602030,to_in_001,18
2024,다아602030,to_in_007,8
2024,다아602030,to_in_008,8
2024,다아602031,to_in_001,13
2024,다아602031,to_in_007,5
2024,다아602031,to_in_008,8
2024,다아602032,to_in_001,0
2024,다아602032,to_in_007,0
2024,다아602032,to_in_008,0
2024,다아602033,to_in_001,0
2024,다아602033,to_in_007,0
2024,다아602033,to_in_008,0
2024,다아602076,to_in_001,13
2024,다아602076,to_in_007,8
2024,다아602076,to_in_008,0
2024,다아602078,to_in_001,0
2024,다아602078,to_in_007,0
2024,다아602078,to_in_008,0
2024,다아602091,to_in_001,5
2024,다아602091,to_in_007,5
2024,다아602091,to_in_008,0
2024,다아602097,to_in_001,5
2024,다아602097,to_in_007,5
2024,다아602097,to_in_008,0
2024,다아602127,to_in_001,28
2024,다아602127,to_in_007,13
2024,다아602127,to_in_008,13
2024,다아602128,to_in_001,5
2024,다아602128,to_in_007,5
2024,다아602128,to_in_008,5
2024,다아602139,to_in_001,0
2024,다아602139,to_in_007,0
2024,다아602139,to_in_008,0
2024,다아602140,to_in_001,0
2024,다아602140,to_in_007,0
2024,다아602140,to_in_008,0
2024,다아603030,to_in_001,23
2024,다아603030,to_in_007,13
2024,다아603030,to_in_008,13
2024,다아603031,to_in_001,28
2024,다아603031,to_in_007,18
2024,다아603031,to_in_008,13
2024,다아603032,to_in_001,8
2024,다아603032,to_in_007,5
2024,다아603032,to_in_008,5
2024,다아603067,to_in_001,0
2024,다아603067,to_in_007,0
2024,다아603067,to_in_008,0
2024,다아603071,to_in_001,5
2024,다아603071,to_in_007,5
2024,다아603071,to_in_008,5
2024,다아603072,to_in_001,0
2024,다아603072,to_in_007,0
2024,다아603072,to_in_008,0
2024,다아603090,to_in_001,5
2024,다아603090,to_in_007,0
2024,다아603090,to_in_008,5
2024,다아603127,to_in_001,13
2024,다아603127,to_in_007,8
2024,다아603127,to_in_008,8
2024,다아611069,to_in_001,5
2024,다아611069,to_in_007,5
2024,다아611069,to_in_008,5
2024,다아611070,to_in_001,5
2024,다아611070,to_in_007,5
2024,다아611070,to_in_008,0
2024,다아611135,to_in_001,8
2024,다아611135,to_in_007,8
2024,다아611135,to_in_008,5
2024,다아611136,to_in_001,5
2024,다아611136,to_in_007,0
2024,다아611136,to_in_008,5
2024,다아611137,to_in_001,18
2024,다아611137,to_in_007,8
2024,다아611137,to_in_008,8
2024,다아611138,to_in_001,5
2024,다아611138,to_in_007,0
2024,다아611138,to_in_008,0
2024,다아611139,to_in_001,8
2024,다아611139,to_in_007,5
2024,다아611139,to_in_008,5
2024,다아611141,to_in_001,8
2024,다아611141,to_in_007,8
2024,다아611141,to_in_008,0
2024,다아611145,to_in_001,5
2024,다아611145,to_in_007,5
2024,다아611145,to_in_008,5
2024,다아611151,to_in_001,8
2024,다아611151,to_in_007,8
2024,다아611151,to_in_008,5
2024,다아611153,to_in_001,5
2024,다아611153,to_in_007,5
2024,다아611153,to_in_008,0
2024,다아611154,to_in_001,0
2024,다아611154,to_in_007,0
2024,다아611154,to_in_008,0
2024,다아612028,to_in_001,8
2024,다아612028,to_in_007,5
2024,다아612028,to_in_008,8
2024,다아612029,to_in_001,5
2024,다아612029,to_in_007,0
2024,다아612029,to_in_008,0
2024,다아612030,to_in_001,5
2024,다아612030,to_in_007,5
2024,다아612030,to_in_008,0
2024,다아612033,to_in_001,5
2024,다아612033,to_in_007,5
2024,다아612033,to_in_008,0
2024,다아612034,to_in_001,95
2024,다아612034,to_in_007,48
2024,다아612034,to_in_008,45
2024,다아612035,to_in_001,61
2024,다아612035,to_in_007,36
2024,다아612035,to_in_008,23
2024,다아612036,to_in_001,127
2024,다아612036,to_in_007,73
2024,다아612036,to_in_008,57
2024,다아612041,to_in_001,13
2024,다아612041,to_in_007,8
2024,다아612041,to_in_008,5
2024,다아612043,to_in_001,13
2024,다아612043,to_in_007,8
2024,다아612043,to_in_008,5
2024,다아612050,to_in_001,5
2024,다아612050,to_in_007,5
2024,다아612050,to_in_008,0
2024,다아612053,to_in_001,5
2024,다아612053,to_in_007,0
2024,다아612053,to_in_008,0
2024,다아612055,to_in_001,5
2024,다아612055,to_in_007,5
2024,다아612055,to_in_008,0
2024,다아612056,to_in_001,8
2024,다아612056,to_in_007,8
2024,다아612056,to_in_008,0
2024,다아612057,to_in_001,5
2024,다아612057,to_in_007,5
2024,다아612057,to_in_008,5
2024,다아612060,to_in_001,8
2024,다아612060,to_in_007,5
2024,다아612060,to_in_008,8
2024,다아612061,to_in_001,8
2024,다아612061,to_in_007,5
2024,다아612061,to_in_008,5
2024,다아613079,to_in_001,5
2024,다아613079,to_in_007,0
2024,다아613079,to_in_008,5
2024,다아613104,to_in_001,5
2024,다아613104,to_in_007,5
2024,다아613104,to_in_008,5
2024,다아613114,to_in_001,5
2024,다아613114,to_in_007,0
2024,다아613114,to_in_008,5
2024,다아613116,to_in_001,5
2024,다아613116,to_in_007,5
2024,다아613116,to_in_008,5
2024,다아613121,to_in_001,5
2024,다아613121,to_in_007,0
2024,다아613121,to_in_008,5
2024,다아614010,to_in_001,5
2024,다아614010,to_in_007,5
2024,다아614010,to_in_008,0
2024,다아614012,to_in_001,5
2024,다아614012,to_in_007,0
2024,다아614012,to_in_008,5
2024,다아614026,to_in_001,5
2024,다아614026,to_in_007,5
2024,다아614026,to_in_008,0
2024,다아614027,to_in_001,8
2024,다아614027,to_in_007,5
2024,다아614027,to_in_008,5
2024,다아614029,to_in_001,13
2024,다아614029,to_in_007,8
2024,다아614029,to_in_008,8
2024,다아614035,to_in_001,242
2024,다아614035,to_in_007,133
2024,다아614035,to_in_008,114
2024,다아614036,to_in_001,5
2024,다아614036,to_in_007,5
2024,다아614036,to_in_008,5
2024,다아614037,to_in_001,5
2024,다아614037,to_in_007,0
2024,다아614037,to_in_008,5
2024,다아614044,to_in_001,8
2024,다아614044,to_in_007,5
2024,다아614044,to_in_008,5
2024,다아614045,to_in_001,5
2024,다아614045,to_in_007,5
2024,다아614045,to_in_008,5
2024,다아614050,to_in_001,8
2024,다아614050,to_in_007,5
2024,다아614050,to_in_008,5
2024,다아614053,to_in_001,5
2024,다아614053,to_in_007,5
2024,다아614053,to_in_008,0
2024,다아614055,to_in_001,5
2024,다아614055,to_in_007,0
2024,다아614055,to_in_008,5
2024,다아614060,to_in_001,5
2024,다아614060,to_in_007,0
2024,다아614060,to_in_008,5
2024,다아614062,to_in_001,5
2024,다아614062,to_in_007,0
2024,다아614062,to_in_008,0
2024,다아614063,to_in_001,5
2024,다아614063,to_in_007,0
2024,다아614063,to_in_008,5
2024,다아614064,to_in_001,5
2024,다아614064,to_in_007,5
2024,다아614064,to_in_008,0
2024,다아614065,to_in_001,8
2024,다아614065,to_in_007,8
2024,다아614065,to_in_008,0
2024,다아614071,to_in_001,8
2024,다아614071,to_in_007,8
2024,다아614071,to_in_008,0
2024,다아614073,to_in_001,5
2024,다아614073,to_in_007,5
2024,다아614073,to_in_008,0
2024,다아614113,to_in_001,13
2024,다아614113,to_in_007,8
2024,다아614113,to_in_008,8
2024,다아614114,to_in_001,5
2024,다아614114,to_in_007,5
2024,다아614114,to_in_008,5
2024,다아614115,to_in_001,5
2024,다아614115,to_in_007,0
2024,다아614115,to_in_008,5
2024,다아614116,to_in_001,13
2024,다아614116,to_in_007,8
2024,다아614116,to_in_008,8
2024,다아615010,to_in_001,5
2024,다아615010,to_in_007,5
2024,다아615010,to_in_008,0
2024,다아617075,to_in_001,5
2024,다아617075,to_in_007,0
2024,다아617075,to_in_008,5
2024,다아617076,to_in_001,5
2024,다아617076,to_in_007,0
2024,다아617076,to_in_008,0
2024,다아617105,to_in_001,5
2024,다아617105,to_in_007,0
2024,다아617105,to_in_008,5
2024,다아617110,to_in_001,5
2024,다아617110,to_in_007,5
2024,다아617110,to_in_008,0
2024,다아617113,to_in_001,8
2024,다아617113,to_in_007,5
2024,다아617113,to_in_008,5
2024,다아617114,to_in_001,5
2024,다아617114,to_in_007,0
2024,다아617114,to_in_008,5
2024,다아617144,to_in_001,5
2024,다아617144,to_in_007,0
2024,다아617144,to_in_008,0
2024,다아617146,to_in_001,5
2024,다아617146,to_in_007,5
2024,다아617146,to_in_008,0
2024,다아617148,to_in_001,8
2024,다아617148,to_in_007,5
2024,다아617148,to_in_008,5
2024,다아618004,to_in_001,8
2024,다아618004,to_in_007,5
2024,다아618004,to_in_008,5
2024,다아618008,to_in_001,5
2024,다아618008,to_in_007,0
2024,다아618008,to_in_008,0
2024,다아618009,to_in_001,5
2024,다아618009,to_in_007,0
2024,다아618009,to_in_008,5
2024,다아618012,to_in_001,0
2024,다아618012,to_in_007,0
2024,다아618012,to_in_008,0
2024,다아618021,to_in_001,5
2024,다아618021,to_in_007,5
2024,다아618021,to_in_008,5
2024,다아618022,to_in_001,8
2024,다아618022,to_in_007,5
2024,다아618022,to_in_008,8
2024,다아618025,to_in_001,8
2024,다아618025,to_in_007,5
2024,다아618025,to_in_008,5
2024,다아618027,to_in_001,5
2024,다아618027,to_in_007,0
2024,다아618027,to_in_008,0
2024,다아618028,to_in_001,28
2024,다아618028,to_in_007,18
2024,다아618028,to_in_008,13
2024,다아618029,to_in_001,78
2024,다아618029,to_in_007,36
2024,다아618029,to_in_008,40
2024,다아618030,to_in_001,28
2024,다아618030,to_in_007,18
2024,다아618030,to_in_008,13
2024,다아618033,to_in_001,0
2024,다아618033,to_in_007,0
2024,다아618033,to_in_008,0
2024,다아618035,to_in_001,44
2024,다아618035,to_in_007,23
2024,다아618035,to_in_008,19
2024,다아618036,to_in_001,53
2024,다아618036,to_in_007,23
2024,다아618036,to_in_008,28
2024,다아618037,to_in_001,8
2024,다아618037,to_in_007,5
2024,다아618037,to_in_008,5
2024,다아618038,to_in_001,227
2024,다아618038,to_in_007,109
2024,다아618038,to_in_008,116
2024,다아618039,to_in_001,8
2024,다아618039,to_in_007,8
2024,다아618039,to_in_008,5
2024,다아618041,to_in_001,5
2024,다아618041,to_in_007,0
2024,다아618041,to_in_008,0
2024,다아618043,to_in_001,0
2024,다아618043,to_in_007,0
2024,다아618043,to_in_008,0
2024,다아618044,to_in_001,5
2024,다아618044,to_in_007,0
2024,다아618044,to_in_008,0
2024,다아618079,to_in_001,0
2024,다아618079,to_in_007,0
2024,다아618079,to_in_008,0
2024,다아621098,to_in_001,5
2024,다아621098,to_in_007,5
2024,다아621098,to_in_008,0
2024,다아621103,to_in_001,8
2024,다아621103,to_in_007,5
2024,다아621103,to_in_008,5
2024,다아621113,to_in_001,5
2024,다아621113,to_in_007,5
2024,다아621113,to_in_008,5
2024,다아621120,to_in_001,5
2024,다아621120,to_in_007,5
2024,다아621120,to_in_008,0
2024,다아621122,to_in_001,8
2024,다아621122,to_in_007,8
2024,다아621122,to_in_008,5
2024,다아621157,to_in_001,0
2024,다아621157,to_in_007,0
2024,다아621157,to_in_008,0
2024,다아622005,to_in_001,0
2024,다아622005,to_in_007,0
2024,다아622005,to_in_008,0
2024,다아622011,to_in_001,5
2024,다아622011,to_in_007,5
2024,다아622011,to_in_008,0
2024,다아622012,to_in_001,5
2024,다아622012,to_in_007,0
2024,다아622012,to_in_008,0
2024,다아622015,to_in_001,5
2024,다아622015,to_in_007,0
2024,다아622015,to_in_008,0
2024,다아622016,to_in_001,5
2024,다아622016,to_in_007,5
2024,다아622016,to_in_008,5
2024,다아622018,to_in_001,124
2024,다아622018,to_in_007,67
2024,다아622018,to_in_008,60
2024,다아622019,to_in_001,185
2024,다아622019,to_in_007,96
2024,다아622019,to_in_008,92
2024,다아622020,to_in_001,53
2024,다아622020,to_in_007,28
2024,다아622020,to_in_008,23
2024,다아622021,to_in_001,170
2024,다아622021,to_in_007,93
2024,다아622021,to_in_008,75
2024,다아622022,to_in_001,231
2024,다아622022,to_in_007,116
2024,다아622022,to_in_008,113
2024,다아622023,to_in_001,146
2024,다아622023,to_in_007,72
2024,다아622023,to_in_008,72
2024,다아622024,to_in_001,43
2024,다아622024,to_in_007,23
2024,다아622024,to_in_008,18
2024,다아622025,to_in_001,124
2024,다아622025,to_in_007,55
2024,다아622025,to_in_008,72
2024,다아622026,to_in_001,82
2024,다아622026,to_in_007,38
2024,다아622026,to_in_008,42
2024,다아622027,to_in_001,68
2024,다아622027,to_in_007,37
2024,다아622027,to_in_008,29
2024,다아622028,to_in_001,29
2024,다아622028,to_in_007,14
2024,다아622028,to_in_008,13
2024,다아622029,to_in_001,85
2024,다아622029,to_in_007,40
2024,다아622029,to_in_008,43
2024,다아622030,to_in_001,85
2024,다아622030,to_in_007,49
2024,다아622030,to_in_008,34
2024,다아622031,to_in_001,28
2024,다아622031,to_in_007,13
2024,다아622031,to_in_008,18
2024,다아622032,to_in_001,43
2024,다아622032,to_in_007,23
2024,다아622032,to_in_008,23
2024,다아622033,to_in_001,62
2024,다아622033,to_in_007,30
2024,다아622033,to_in_008,30
2024,다아624004,to_in_001,13
2024,다아624004,to_in_007,5
2024,다아624004,to_in_008,8
2024,다아624017,to_in_001,231
2024,다아624017,to_in_007,125
2024,다아624017,to_in_008,104
2024,다아624019,to_in_001,30
2024,다아624019,to_in_007,13
2024,다아624019,to_in_008,20
2024,다아624020,to_in_001,23
2024,다아624020,to_in_007,13
2024,다아624020,to_in_008,8
2024,다아624021,to_in_001,13
2024,다아624021,to_in_007,8
2024,다아624021,to_in_008,8
2024,다아624022,to_in_001,38
2024,다아624022,to_in_007,18
2024,다아624022,to_in_008,23
2024,다아624023,to_in_001,8
2024,다아624023,to_in_007,5
2024,다아624023,to_in_008,5
2024,다아624024,to_in_001,13
2024,다아624024,to_in_007,8
2024,다아624024,to_in_008,5
2024,다아624025,to_in_001,23
2024,다아624025,to_in_007,13
2024,다아624025,to_in_008,8
2024,다아624026,to_in_001,13
2024,다아624026,to_in_007,8
2024,다아624026,to_in_008,5
2024,다아624027,to_in_001,8
2024,다아624027,to_in_007,5
2024,다아624027,to_in_008,8
2024,다아624028,to_in_001,23
2024,다아624028,to_in_007,13
2024,다아624028,to_in_008,8
2024,다아624029,to_in_001,533
2024,다아624029,to_in_007,271
2024,다아624029,to_in_008,260
2024,다아624030,to_in_001,104
2024,다아624030,to_in_007,56
2024,다아624030,to_in_008,46
2024,다아624032,to_in_001,58
2024,다아624032,to_in_007,23
2024,다아624032,to_in_008,33
2024,다아624033,to_in_001,38
2024,다아624033,to_in_007,18
2024,다아624033,to_in_008,18
2024,다아624034,to_in_001,0
2024,다아624034,to_in_007,0
2024,다아624034,to_in_008,0
2024,다아624035,to_in_001,71
2024,다아624035,to_in_007,41
2024,다아624035,to_in_008,28
2024,다아624036,to_in_001,390
2024,다아624036,to_in_007,194
2024,다아624036,to_in_008,194
2024,다아624037,to_in_001,88
2024,다아624037,to_in_007,43
2024,다아624037,to_in_008,43
2024,다아624038,to_in_001,5
2024,다아624038,to_in_007,5
2024,다아624038,to_in_008,0
2024,다아624049,to_in_001,13
2024,다아624049,to_in_007,8
2024,다아624049,to_in_008,5
2024,다아624050,to_in_001,13
2024,다아624050,to_in_007,8
2024,다아624050,to_in_008,8
2024,다아624051,to_in_001,8
2024,다아624051,to_in_007,5
2024,다아624051,to_in_008,5
2024,다아624052,to_in_001,13
2024,다아624052,to_in_007,8
2024,다아624052,to_in_008,5
2024,다아624059,to_in_001,8
2024,다아624059,to_in_007,8
2024,다아624059,to_in_008,0
2024,다아624063,to_in_001,5
2024,다아624063,to_in_007,0
2024,다아624063,to_in_008,5
2024,다아625104,to_in_001,38
2024,다아625104,to_in_007,18
2024,다아625104,to_in_008,18
2024,다아625105,to_in_001,28
2024,다아625105,to_in_007,13
2024,다아625105,to_in_008,13
2024,다아625106,to_in_001,18
2024,다아625106,to_in_007,13
2024,다아625106,to_in_008,8
2024,다아625107,to_in_001,18
2024,다아625107,to_in_007,8
2024,다아625107,to_in_008,8
2024,다아625108,to_in_001,18
2024,다아625108,to_in_007,8
2024,다아625108,to_in_008,8
2024,다아625109,to_in_001,8
2024,다아625109,to_in_007,5
2024,다아625109,to_in_008,0
2024,다아625112,to_in_001,8
2024,다아625112,to_in_007,0
2024,다아625112,to_in_008,8
2024,다아625113,to_in_001,8
2024,다아625113,to_in_007,5
2024,다아625113,to_in_008,5
2024,다아625119,to_in_001,8
2024,다아625119,to_in_007,5
2024,다아625119,to_in_008,5
2024,다아625120,to_in_001,5
2024,다아625120,to_in_007,5
2024,다아625120,to_in_008,5
2024,다아625121,to_in_001,13
2024,다아625121,to_in_007,5
2024,다아625121,to_in_008,8
2024,다아625122,to_in_001,8
2024,다아625122,to_in_007,5
2024,다아625122,to_in_008,5
2024,다아625124,to_in_001,5
2024,다아625124,to_in_007,0
2024,다아625124,to_in_008,0
2024,다아625130,to_in_001,8
2024,다아625130,to_in_007,5
2024,다아625130,to_in_008,8
2024,다아625136,to_in_001,0
2024,다아625136,to_in_007,0
2024,다아625136,to_in_008,0
2024,다아625137,to_in_001,5
2024,다아625137,to_in_007,0
2024,다아625137,to_in_008,0
2024,다아625149,to_in_001,5
2024,다아625149,to_in_007,0
2024,다아625149,to_in_008,5
2024,다아625150,to_in_001,8
2024,다아625150,to_in_007,5
2024,다아625150,to_in_008,5
2024,다아625152,to_in_001,5
2024,다아625152,to_in_007,0
2024,다아625152,to_in_008,0
2024,다아626002,to_in_001,5
2024,다아626002,to_in_007,0
2024,다아626002,to_in_008,5
2024,다아626003,to_in_001,0
2024,다아626003,to_in_007,0
2024,다아626003,to_in_008,0
2024,다아626004,to_in_001,8
2024,다아626004,to_in_007,8
2024,다아626004,to_in_008,5
2024,다아626007,to_in_001,8
2024,다아626007,to_in_007,5
2024,다아626007,to_in_008,5
2024,다아626014,to_in_001,5
2024,다아626014,to_in_007,0
2024,다아626014,to_in_008,5
2024,다아626019,to_in_001,8
2024,다아626019,to_in_007,5
2024,다아626019,to_in_008,5
2024,다아626022,to_in_001,219
2024,다아626022,to_in_007,106
2024,다아626022,to_in_008,116
2024,다아626023,to_in_001,256
2024,다아626023,to_in_007,117
2024,다아626023,to_in_008,142
2024,다아627124,to_in_001,0
2024,다아627124,to_in_007,0
2024,다아627124,to_in_008,0
2024,다아627136,to_in_001,0
2024,다아627136,to_in_007,0
2024,다아627136,to_in_008,0
2024,다아627142,to_in_001,0
2024,다아627142,to_in_007,0
2024,다아627142,to_in_008,0
2024,다아627150,to_in_001,13
2024,다아627150,to_in_007,8
2024,다아627150,to_in_008,8
2024,다아627152,to_in_001,5
2024,다아627152,to_in_007,0
2024,다아627152,to_in_008,0
2024,다아627175,to_in_001,5
2024,다아627175,to_in_007,0
2024,다아627175,to_in_008,0
2024,다아627208,to_in_001,0
2024,다아627208,to_in_007,0
2024,다아627208,to_in_008,0
2024,다아627210,to_in_001,5
2024,다아627210,to_in_007,5
2024,다아627210,to_in_008,0
2024,다아628018,to_in_001,5
2024,다아628018,to_in_007,5
2024,다아628018,to_in_008,0
2024,다아628030,to_in_001,5
2024,다아628030,to_in_007,0
2024,다아628030,to_in_008,0
2024,다아628031,to_in_001,8
2024,다아628031,to_in_007,5
2024,다아628031,to_in_008,5
2024,다아628041,to_in_001,8
2024,다아628041,to_in_007,8
2024,다아628041,to_in_008,5
2024,다아628042,to_in_001,40
2024,다아628042,to_in_007,18
2024,다아628042,to_in_008,20
2024,다아628043,to_in_001,13
2024,다아628043,to_in_007,8
2024,다아628043,to_in_008,5
2024,다아628044,to_in_001,5
2024,다아628044,to_in_007,0
2024,다아628044,to_in_008,0
2024,다아628053,to_in_001,5
2024,다아628053,to_in_007,0
2024,다아628053,to_in_008,5
2024,다아628054,to_in_001,5
2024,다아628054,to_in_007,5
2024,다아628054,to_in_008,0
2024,다아628055,to_in_001,5
2024,다아628055,to_in_007,5
2024,다아628055,to_in_008,0
2024,다아628058,to_in_001,5
2024,다아628058,to_in_007,5
2024,다아628058,to_in_008,0
2024,다아628063,to_in_001,5
2024,다아628063,to_in_007,0
2024,다아628063,to_in_008,5
2024,다아628064,to_in_001,5
2024,다아628064,to_in_007,0
2024,다아628064,to_in_008,0
2024,다아628076,to_in_001,8
2024,다아628076,to_in_007,5
2024,다아628076,to_in_008,5
2024,다아628086,to_in_001,5
2024,다아628086,to_in_007,0
2024,다아628086,to_in_008,5
2024,다아628087,to_in_001,61
2024,다아628087,to_in_007,61
2024,다아628087,to_in_008,0
2024,다아628096,to_in_001,5
2024,다아628096,to_in_007,5
2024,다아628096,to_in_008,5
2024,다아628100,to_in_001,5
2024,다아628100,to_in_007,5
2024,다아628100,to_in_008,5
2024,다아628101,to_in_001,8
2024,다아628101,to_in_007,8
2024,다아628101,to_in_008,5
2024,다아628102,to_in_001,5
2024,다아628102,to_in_007,0
2024,다아628102,to_in_008,0
2024,다아628107,to_in_001,59
2024,다아628107,to_in_007,28
2024,다아628107,to_in_008,29
2024,다아628108,to_in_001,5
2024,다아628108,to_in_007,5
2024,다아628108,to_in_008,5
2024,다아628109,to_in_001,23
2024,다아628109,to_in_007,8
2024,다아628109,to_in_008,13
2024,다아630148,to_in_001,13
2024,다아630148,to_in_007,8
2024,다아630148,to_in_008,5
2024,다아630149,to_in_001,49
2024,다아630149,to_in_007,24
2024,다아630149,to_in_008,28
2024,다아630150,to_in_001,28
2024,다아630150,to_in_007,13
2024,다아630150,to_in_008,18
2024,다아630151,to_in_001,18
2024,다아630151,to_in_007,8
2024,다아630151,to_in_008,13
2024,다아630152,to_in_001,18
2024,다아630152,to_in_007,8
2024,다아630152,to_in_008,8
2024,다아630153,to_in_001,13
2024,다아630153,to_in_007,8
2024,다아630153,to_in_008,8
2024,다아630167,to_in_001,5
2024,다아630167,to_in_007,5
2024,다아630167,to_in_008,0
2024,다아630170,to_in_001,0
2024,다아630170,to_in_007,0
2024,다아630170,to_in_008,0
2024,다아630205,to_in_001,0
2024,다아630205,to_in_007,0
2024,다아630205,to_in_008,0
2024,다아631006,to_in_001,34
2024,다아631006,to_in_007,24
2024,다아631006,to_in_008,8
2024,다아631007,to_in_001,5
2024,다아631007,to_in_007,5
2024,다아631007,to_in_008,0
2024,다아631010,to_in_001,5
2024,다아631010,to_in_007,0
2024,다아631010,to_in_008,0
2024,다아631024,to_in_001,5
2024,다아631024,to_in_007,0
2024,다아631024,to_in_008,0
2024,다아631025,to_in_001,5
2024,다아631025,to_in_007,5
2024,다아631025,to_in_008,0
2024,다아631027,to_in_001,0
2024,다아631027,to_in_007,0
2024,다아631027,to_in_008,0
2024,다아631071,to_in_001,5
2024,다아631071,to_in_007,5
2024,다아631071,to_in_008,0
2024,다아631074,to_in_001,13
2024,다아631074,to_in_007,8
2024,다아631074,to_in_008,8
2024,다아631075,to_in_001,5
2024,다아631075,to_in_007,5
2024,다아631075,to_in_008,0
2024,다아631084,to_in_001,8
2024,다아631084,to_in_007,8
2024,다아631084,to_in_008,5
2024,다아631085,to_in_001,23
2024,다아631085,to_in_007,8
2024,다아631085,to_in_008,13
2024,다아631086,to_in_001,53
2024,다아631086,to_in_007,28
2024,다아631086,to_in_008,23
2024,다아631087,to_in_001,13
2024,다아631087,to_in_007,8
2024,다아631087,to_in_008,8
2024,다아631088,to_in_001,23
2024,다아631088,to_in_007,8
2024,다아631088,to_in_008,13
2024,다아631090,to_in_001,5
2024,다아631090,to_in_007,0
2024,다아631090,to_in_008,5
2024,다아631103,to_in_001,0
2024,다아631103,to_in_007,0
2024,다아631103,to_in_008,0
2024,다아631108,to_in_001,5
2024,다아631108,to_in_007,0
2024,다아631108,to_in_008,0
2024,다아631109,to_in_001,8
2024,다아631109,to_in_007,8
2024,다아631109,to_in_008,5
2024,다아631111,to_in_001,5
2024,다아631111,to_in_007,0
2024,다아631111,to_in_008,0
2024,다아631112,to_in_001,5
2024,다아631112,to_in_007,0
2024,다아631112,to_in_008,5
2024,다아631113,to_in_001,314
2024,다아631113,to_in_007,144
2024,다아631113,to_in_008,168
2024,다아631114,to_in_001,5
2024,다아631114,to_in_007,5
2024,다아631114,to_in_008,0
2024,다아631116,to_in_001,356
2024,다아631116,to_in_007,186
2024,다아631116,to_in_008,173
2024,다아631117,to_in_001,156
2024,다아631117,to_in_007,82
2024,다아631117,to_in_008,77
2024,다아631125,to_in_001,0
2024,다아631125,to_in_007,0
2024,다아631125,to_in_008,0
2024,다아631138,to_in_001,5
2024,다아631138,to_in_007,5
2024,다아631138,to_in_008,0
2024,다아631144,to_in_001,8
2024,다아631144,to_in_007,5
2024,다아631144,to_in_008,8
2024,다아631145,to_in_001,5
2024,다아631145,to_in_007,0
2024,다아631145,to_in_008,5
2024,다아631146,to_in_001,13
2024,다아631146,to_in_007,5
2024,다아631146,to_in_008,8
2024,다아631147,to_in_001,13
2024,다아631147,to_in_007,8
2024,다아631147,to_in_008,8
2024,다아631148,to_in_001,33
2024,다아631148,to_in_007,18
2024,다아631148,to_in_008,13
2024,다아631149,to_in_001,28
2024,다아631149,to_in_007,13
2024,다아631149,to_in_008,13
2024,다아631150,to_in_001,38
2024,다아631150,to_in_007,18
2024,다아631150,to_in_008,18
2024,다아631151,to_in_001,33
2024,다아631151,to_in_007,13
2024,다아631151,to_in_008,18
2024,다아631152,to_in_001,18
2024,다아631152,to_in_007,8
2024,다아631152,to_in_008,8
2024,다아631153,to_in_001,13
2024,다아631153,to_in_007,8
2024,다아631153,to_in_008,8
2024,다아631175,to_in_001,5
2024,다아631175,to_in_007,0
2024,다아631175,to_in_008,0
2024,다아631215,to_in_001,5
2024,다아631215,to_in_007,5
2024,다아631215,to_in_008,0
2024,다아632005,to_in_001,13
2024,다아632005,to_in_007,8
2024,다아632005,to_in_008,8
2024,다아632006,to_in_001,38
2024,다아632006,to_in_007,23
2024,다아632006,to_in_008,18
2024,다아632009,to_in_001,0
2024,다아632009,to_in_007,0
2024,다아632009,to_in_008,0
2024,다아632010,to_in_001,5
2024,다아632010,to_in_007,5
2024,다아632010,to_in_008,0
2024,다아656022,to_in_001,5
2024,다아656022,to_in_007,0
2024,다아656022,to_in_008,0
2024,다아656027,to_in_001,5
2024,다아656027,to_in_007,5
2024,다아656027,to_in_008,5
2024,다아656028,to_in_001,8
2024,다아656028,to_in_007,5
2024,다아656028,to_in_008,5
2024,다아656030,to_in_001,5
2024,다아656030,to_in_007,5
2024,다아656030,to_in_008,0
2024,다아656031,to_in_001,8
2024,다아656031,to_in_007,5
2024,다아656031,to_in_008,8
2024,다아656032,to_in_001,38
2024,다아656032,to_in_007,18
2024,다아656032,to_in_008,18
2024,다아656033,to_in_001,43
2024,다아656033,to_in_007,23
2024,다아656033,to_in_008,18
2024,다아656034,to_in_001,38
2024,다아656034,to_in_007,18
2024,다아656034,to_in_008,18
2024,다아656035,to_in_001,28
2024,다아656035,to_in_007,18
2024,다아656035,to_in_008,8
2024,다아656036,to_in_001,13
2024,다아656036,to_in_007,5
2024,다아656036,to_in_008,8
2024,다아656037,to_in_001,8
2024,다아656037,to_in_007,5
2024,다아656037,to_in_008,5
2024,다아656038,to_in_001,8
2024,다아656038,to_in_007,5
2024,다아656038,to_in_008,5
2024,다아656056,to_in_001,5
2024,다아656056,to_in_007,0
2024,다아656056,to_in_008,0
2024,다아656057,to_in_001,5
2024,다아656057,to_in_007,0
2024,다아656057,to_in_008,5
2024,다아656058,to_in_001,5
2024,다아656058,to_in_007,5
2024,다아656058,to_in_008,0
2024,다아656059,to_in_001,18
2024,다아656059,to_in_007,8
2024,다아656059,to_in_008,8
2024,다아656060,to_in_001,5
2024,다아656060,to_in_007,0
2024,다아656060,to_in_008,0
2024,다아656069,to_in_001,8
2024,다아656069,to_in_007,8
2024,다아656069,to_in_008,5
2024,다아656070,to_in_001,13
2024,다아656070,to_in_007,8
2024,다아656070,to_in_008,5
2024,다아656098,to_in_001,13
2024,다아656098,to_in_007,8
2024,다아656098,to_in_008,5
2024,다아656099,to_in_001,18
2024,다아656099,to_in_007,13
2024,다아656099,to_in_008,8
2024,다아656100,to_in_001,8
2024,다아656100,to_in_007,5
2024,다아656100,to_in_008,5
2024,다아656189,to_in_001,5
2024,다아656189,to_in_007,5
2024,다아656189,to_in_008,5
2024,다아656190,to_in_001,0
2024,다아656190,to_in_007,0
2024,다아656190,to_in_008,0
2024,다아656198,to_in_001,5
2024,다아656198,to_in_007,0
2024,다아656198,to_in_008,5
2024,다아656199,to_in_001,0
2024,다아656199,to_in_007,0
2024,다아656199,to_in_008,0
2024,다아656203,to_in_001,5
2024,다아656203,to_in_007,5
2024,다아656203,to_in_008,5
2024,다아658055,to_in_001,5
2024,다아658055,to_in_007,0
2024,다아658055,to_in_008,0
2024,다아658056,to_in_001,5
2024,다아658056,to_in_007,5
2024,다아658056,to_in_008,5
2024,다아658057,to_in_001,0
2024,다아658057,to_in_007,0
2024,다아658057,to_in_008,0
2024,다아658059,to_in_001,8
2024,다아658059,to_in_007,5
2024,다아658059,to_in_008,5
2024,다아658071,to_in_001,5
2024,다아658071,to_in_007,0
2024,다아658071,to_in_008,0
2024,다아658083,to_in_001,5
2024,다아658083,to_in_007,0
2024,다아658083,to_in_008,0
2024,다아658101,to_in_001,5
2024,다아658101,to_in_007,5
2024,다아658101,to_in_008,0
2024,다아658179,to_in_001,8
2024,다아658179,to_in_007,5
2024,다아658179,to_in_008,5
2024,다아658199,to_in_001,8
2024,다아658199,to_in_007,5
2024,다아658199,to_in_008,5
2024,다아658200,to_in_001,8
2024,다아658200,to_in_007,5
2024,다아658200,to_in_008,5
2024,다아658201,to_in_001,5
2024,다아658201,to_in_007,0
2024,다아658201,to_in_008,0
2024,다아658205,to_in_001,13
2024,다아658205,to_in_007,8
2024,다아658205,to_in_008,8
2024,다아658206,to_in_001,13
2024,다아658206,to_in_007,5
2024,다아658206,to_in_008,8
2024,다아658207,to_in_001,8
2024,다아658207,to_in_007,5
2024,다아658207,to_in_008,5
2024,다아658208,to_in_001,5
2024,다아658208,to_in_007,5
2024,다아658208,to_in_008,0
2024,다아658209,to_in_001,5
2024,다아658209,to_in_007,0
2024,다아658209,to_in_008,0
2024,다아658210,to_in_001,13
2024,다아658210,to_in_007,5
2024,다아658210,to_in_008,8
2024,다아658211,to_in_001,18
2024,다아658211,to_in_007,8
2024,다아658211,to_in_008,8
2024,다아658212,to_in_001,8
2024,다아658212,to_in_007,0
2024,다아658212,to_in_008,5
2024,다아658213,to_in_001,8
2024,다아658213,to_in_007,5
2024,다아658213,to_in_008,5
2024,다아659039,to_in_001,18
2024,다아659039,to_in_007,13
2024,다아659039,to_in_008,8
2024,다아659040,to_in_001,13
2024,다아659040,to_in_007,8
2024,다아659040,to_in_008,8
2024,다아659041,to_in_001,8
2024,다아659041,to_in_007,5
2024,다아659041,to_in_008,5
2024,다아659053,to_in_001,5
2024,다아659053,to_in_007,0
2024,다아659053,to_in_008,5
2024,다아659055,to_in_001,5
2024,다아659055,to_in_007,0
2024,다아659055,to_in_008,0
2024,다아659071,to_in_001,8
2024,다아659071,to_in_007,5
2024,다아659071,to_in_008,5
2024,다아660199,to_in_001,0
2024,다아660199,to_in_007,0
2024,다아660199,to_in_008,0
2024,다아660200,to_in_001,5
2024,다아660200,to_in_007,0
2024,다아660200,to_in_008,5
2024,다아660204,to_in_001,0
2024,다아660204,to_in_007,0
2024,다아660204,to_in_008,0
2024,다아660213,to_in_001,0
2024,다아660213,to_in_007,0
2024,다아660213,to_in_008,0
2024,다아660215,to_in_001,13
2024,다아660215,to_in_007,8
2024,다아660215,to_in_008,8
2024,다아661026,to_in_001,5
2024,다아661026,to_in_007,5
2024,다아661026,to_in_008,5
2024,다아661032,to_in_001,5
2024,다아661032,to_in_007,5
2024,다아661032,to_in_008,5
2024,다아661034,to_in_001,0
2024,다아661034,to_in_007,0
2024,다아661034,to_in_008,0
2024,다아661041,to_in_001,5
2024,다아661041,to_in_007,5
2024,다아661041,to_in_008,5
2024,다아661042,to_in_001,5
2024,다아661042,to_in_007,0
2024,다아661042,to_in_008,5
2024,다아661051,to_in_001,5
2024,다아661051,to_in_007,0
2024,다아661051,to_in_008,5
2024,다아661066,to_in_001,5
2024,다아661066,to_in_007,5
2024,다아661066,to_in_008,5
2024,다아661067,to_in_001,5
2024,다아661067,to_in_007,0
2024,다아661067,to_in_008,0
2024,다아661180,to_in_001,0
2024,다아661180,to_in_007,0
2024,다아661180,to_in_008,0
2024,다아661196,to_in_001,5
2024,다아661196,to_in_007,0
2024,다아661196,to_in_008,0
2024,다아661197,to_in_001,8
2024,다아661197,to_in_007,5
2024,다아661197,to_in_008,5
2024,다아661199,to_in_001,8
2024,다아661199,to_in_007,5
2024,다아661199,to_in_008,5
2024,다아661216,to_in_001,0
2024,다아661216,to_in_007,0
2024,다아661216,to_in_008,0
2024,다아662025,to_in_001,5
2024,다아662025,to_in_007,0
2024,다아662025,to_in_008,0
2024,다아662034,to_in_001,8
2024,다아662034,to_in_007,5
2024,다아662034,to_in_008,5
2024,다아662035,to_in_001,5
2024,다아662035,to_in_007,5
2024,다아662035,to_in_008,0
2024,다아662040,to_in_001,5
2024,다아662040,to_in_007,0
2024,다아662040,to_in_008,0
2024,다아662072,to_in_001,8
2024,다아662072,to_in_007,5
2024,다아662072,to_in_008,8
2024,다아662117,to_in_001,5
2024,다아662117,to_in_007,5
2024,다아662117,to_in_008,0
2024,다아662118,to_in_001,5
2024,다아662118,to_in_007,0
2024,다아662118,to_in_008,5
2024,다아662198,to_in_001,5
2024,다아662198,to_in_007,0
2024,다아662198,to_in_008,0
2024,다아668028,to_in_001,5
2024,다아668028,to_in_007,0
2024,다아668028,to_in_008,0
2024,다아668029,to_in_001,5
2024,다아668029,to_in_007,5
2024,다아668029,to_in_008,5
2024,다아668037,to_in_001,38
2024,다아668037,to_in_007,33
2024,다아668037,to_in_008,5
2024,다아668070,to_in_001,5
2024,다아668070,to_in_007,5
2024,다아668070,to_in_008,0
2024,다아668072,to_in_001,5
2024,다아668072,to_in_007,0
2024,다아668072,to_in_008,0
2024,다아668073,to_in_001,8
2024,다아668073,to_in_007,5
2024,다아668073,to_in_008,5
2024,다아668074,to_in_001,5
2024,다아668074,to_in_007,0
2024,다아668074,to_in_008,5
2024,다아668075,to_in_001,5
2024,다아668075,to_in_007,0
2024,다아668075,to_in_008,5
2024,다아668177,to_in_001,0
2024,다아668177,to_in_007,0
2024,다아668177,to_in_008,0
2024,다아668216,to_in_001,5
2024,다아668216,to_in_007,0
2024,다아603129,to_in_001,5
2024,다아603129,to_in_007,0
2024,다아603129,to_in_008,5
2024,다아603133,to_in_001,5
2024,다아603133,to_in_007,0
2024,다아603133,to_in_008,5
2024,다아603135,to_in_001,8
2024,다아603135,to_in_007,8
2024,다아603135,to_in_008,5
2024,다아603136,to_in_001,8
2024,다아603136,to_in_007,5
2024,다아603136,to_in_008,5
2024,다아603137,to_in_001,0
2024,다아603137,to_in_007,0
2024,다아603137,to_in_008,0
2024,다아603138,to_in_001,5
2024,다아603138,to_in_007,5
2024,다아603138,to_in_008,0
2024,다아603145,to_in_001,0
2024,다아603145,to_in_007,0
2024,다아603145,to_in_008,0
2024,다아604032,to_in_001,5
2024,다아604032,to_in_007,0
2024,다아604032,to_in_008,5
2024,다아604035,to_in_001,5
2024,다아604035,to_in_007,0
2024,다아604035,to_in_008,0
2024,다아604070,to_in_001,0
2024,다아604070,to_in_007,0
2024,다아604070,to_in_008,0
2024,다아604071,to_in_001,8
2024,다아604071,to_in_007,5
2024,다아604071,to_in_008,5
2024,다아604072,to_in_001,5
2024,다아604072,to_in_007,0
2024,다아604072,to_in_008,0
2024,다아604073,to_in_001,5
2024,다아604073,to_in_007,5
2024,다아604073,to_in_008,5
2024,다아604074,to_in_001,5
2024,다아604074,to_in_007,5
2024,다아604074,to_in_008,0
2024,다아604076,to_in_001,0
2024,다아604076,to_in_007,0
2024,다아604076,to_in_008,0
2024,다아604079,to_in_001,5
2024,다아604079,to_in_007,0
2024,다아604079,to_in_008,5
2024,다아604083,to_in_001,5
2024,다아604083,to_in_007,0
2024,다아604083,to_in_008,0
2024,다아604088,to_in_001,0
2024,다아604088,to_in_007,0
2024,다아604088,to_in_008,0
2024,다아604089,to_in_001,5
2024,다아604089,to_in_007,0
2024,다아604089,to_in_008,0
2024,다아604090,to_in_001,5
2024,다아604090,to_in_007,5
2024,다아604090,to_in_008,5
2024,다아604091,to_in_001,0
2024,다아604091,to_in_007,0
2024,다아604091,to_in_008,0
2024,다아604126,to_in_001,5
2024,다아604126,to_in_007,0
2024,다아604126,to_in_008,0
2024,다아604127,to_in_001,5
2024,다아604127,to_in_007,0
2024,다아604127,to_in_008,5
2024,다아604129,to_in_001,5
2024,다아604129,to_in_007,0
2024,다아604129,to_in_008,5
2024,다아604135,to_in_001,13
2024,다아604135,to_in_007,8
2024,다아604135,to_in_008,8
2024,다아604136,to_in_001,18
2024,다아604136,to_in_007,13
2024,다아604136,to_in_008,8
2024,다아604137,to_in_001,8
2024,다아604137,to_in_007,5
2024,다아604137,to_in_008,5
2024,다아604144,to_in_001,0
2024,다아604144,to_in_007,0
2024,다아604144,to_in_008,0
2024,다아609020,to_in_001,5
2024,다아609020,to_in_007,5
2024,다아609020,to_in_008,5
2024,다아609058,to_in_001,0
2024,다아609058,to_in_007,0
2024,다아609058,to_in_008,0
2024,다아609066,to_in_001,5
2024,다아609066,to_in_007,5
2024,다아609066,to_in_008,5
2024,다아609120,to_in_001,0
2024,다아609120,to_in_007,0
2024,다아609120,to_in_008,0
2024,다아609132,to_in_001,8
2024,다아609132,to_in_007,8
2024,다아609132,to_in_008,5
2024,다아609136,to_in_001,13
2024,다아609136,to_in_007,8
2024,다아609136,to_in_008,8
2024,다아609137,to_in_001,23
2024,다아609137,to_in_007,13
2024,다아609137,to_in_008,13
2024,다아609138,to_in_001,33
2024,다아609138,to_in_007,18
2024,다아609138,to_in_008,18
2024,다아610020,to_in_001,5
2024,다아610020,to_in_007,0
2024,다아610020,to_in_008,5
2024,다아610032,to_in_001,5
2024,다아610032,to_in_007,5
2024,다아610032,to_in_008,5
2024,다아610033,to_in_001,8
2024,다아610033,to_in_007,8
2024,다아610033,to_in_008,5
2024,다아610051,to_in_001,5
2024,다아610051,to_in_007,5
2024,다아610051,to_in_008,0
2024,다아610054,to_in_001,47
2024,다아610054,to_in_007,27
2024,다아610054,to_in_008,18
2024,다아610069,to_in_001,8
2024,다아610069,to_in_007,8
2024,다아610069,to_in_008,5
2024,다아610093,to_in_001,5
2024,다아610093,to_in_007,0
2024,다아610093,to_in_008,5
2024,다아610126,to_in_001,5
2024,다아610126,to_in_007,5
2024,다아610126,to_in_008,0
2024,다아610132,to_in_001,0
2024,다아610132,to_in_007,0
2024,다아610132,to_in_008,0
2024,다아610137,to_in_001,8
2024,다아610137,to_in_007,5
2024,다아610137,to_in_008,8
2024,다아610138,to_in_001,18
2024,다아610138,to_in_007,13
2024,다아610138,to_in_008,8
2024,다아610139,to_in_001,5
2024,다아610139,to_in_007,5
2024,다아610139,to_in_008,0
2024,다아610155,to_in_001,8
2024,다아610155,to_in_007,5
2024,다아610155,to_in_008,5
2024,다아611012,to_in_001,0
2024,다아611012,to_in_007,0
2024,다아611012,to_in_008,0
2024,다아611017,to_in_001,5
2024,다아611017,to_in_007,0
2024,다아611017,to_in_008,5
2024,다아611030,to_in_001,5
2024,다아611030,to_in_007,0
2024,다아611030,to_in_008,0
2024,다아611031,to_in_001,8
2024,다아611031,to_in_007,5
2024,다아611031,to_in_008,5
2024,다아611040,to_in_001,5
2024,다아611040,to_in_007,0
2024,다아611040,to_in_008,5
2024,다아611041,to_in_001,13
2024,다아611041,to_in_007,8
2024,다아611041,to_in_008,8
2024,다아611049,to_in_001,5
2024,다아611049,to_in_007,0
2024,다아611049,to_in_008,0
2024,다아611065,to_in_001,0
2024,다아611065,to_in_007,0
2024,다아611065,to_in_008,0
2024,다아616034,to_in_001,5
2024,다아616034,to_in_007,5
2024,다아616034,to_in_008,5
2024,다아616035,to_in_001,5
2024,다아616035,to_in_007,0
2024,다아616035,to_in_008,0
2024,다아616036,to_in_001,13
2024,다아616036,to_in_007,5
2024,다아616036,to_in_008,8
2024,다아616037,to_in_001,52
2024,다아616037,to_in_007,26
2024,다아616037,to_in_008,24
2024,다아616065,to_in_001,5
2024,다아616065,to_in_007,5
2024,다아616065,to_in_008,5
2024,다아616066,to_in_001,0
2024,다아616066,to_in_007,0
2024,다아616066,to_in_008,0
2024,다아616067,to_in_001,13
2024,다아616067,to_in_007,8
2024,다아616067,to_in_008,8
2024,다아616075,to_in_001,5
2024,다아616075,to_in_007,0
2024,다아616075,to_in_008,0
2024,다아616111,to_in_001,8
2024,다아616111,to_in_007,5
2024,다아616111,to_in_008,5
2024,다아616112,to_in_001,5
2024,다아616112,to_in_007,0
2024,다아616112,to_in_008,5
2024,다아616114,to_in_001,13
2024,다아616114,to_in_007,8
2024,다아616114,to_in_008,5
2024,다아616115,to_in_001,8
2024,다아616115,to_in_007,5
2024,다아616115,to_in_008,5
2024,다아616116,to_in_001,5
2024,다아616116,to_in_007,5
2024,다아616116,to_in_008,0
2024,다아616117,to_in_001,5
2024,다아616117,to_in_007,0
2024,다아616117,to_in_008,5
2024,다아616145,to_in_001,0
2024,다아616145,to_in_007,0
2024,다아616145,to_in_008,0
2024,다아616150,to_in_001,5
2024,다아616150,to_in_007,5
2024,다아616150,to_in_008,0
2024,다아617010,to_in_001,8
2024,다아617010,to_in_007,5
2024,다아617010,to_in_008,8
2024,다아617012,to_in_001,5
2024,다아617012,to_in_007,5
2024,다아617012,to_in_008,0
2024,다아617021,to_in_001,5
2024,다아617021,to_in_007,0
2024,다아617021,to_in_008,0
2024,다아617022,to_in_001,5
2024,다아617022,to_in_007,0
2024,다아617022,to_in_008,0
2024,다아617028,to_in_001,5
2024,다아617028,to_in_007,5
2024,다아617028,to_in_008,5
2024,다아617029,to_in_001,8
2024,다아617029,to_in_007,8
2024,다아617029,to_in_008,5
2024,다아617033,to_in_001,5
2024,다아617033,to_in_007,5
2024,다아617033,to_in_008,0
2024,다아617034,to_in_001,13
2024,다아617034,to_in_007,8
2024,다아617034,to_in_008,8
2024,다아617035,to_in_001,8
2024,다아617035,to_in_007,8
2024,다아617035,to_in_008,5
2024,다아617036,to_in_001,18
2024,다아617036,to_in_007,8
2024,다아617036,to_in_008,8
2024,다아617038,to_in_001,8
2024,다아617038,to_in_007,5
2024,다아617038,to_in_008,8
2024,다아617039,to_in_001,5
2024,다아617039,to_in_007,0
2024,다아617039,to_in_008,0
2024,다아617040,to_in_001,8
2024,다아617040,to_in_007,5
2024,다아617040,to_in_008,5
2024,다아617042,to_in_001,5
2024,다아617042,to_in_007,5
2024,다아617042,to_in_008,0
2024,다아620033,to_in_001,85
2024,다아620033,to_in_007,46
2024,다아620033,to_in_008,37
2024,다아620034,to_in_001,59
2024,다아620034,to_in_007,28
2024,다아620034,to_in_008,34
2024,다아620035,to_in_001,166
2024,다아620035,to_in_007,85
2024,다아620035,to_in_008,79
2024,다아620036,to_in_001,137
2024,다아620036,to_in_007,68
2024,다아620036,to_in_008,67
2024,다아620037,to_in_001,5
2024,다아620037,to_in_007,0
2024,다아620037,to_in_008,0
2024,다아620039,to_in_001,5
2024,다아620039,to_in_007,0
2024,다아620039,to_in_008,5
2024,다아620050,to_in_001,5
2024,다아620050,to_in_007,0
2024,다아620050,to_in_008,5
2024,다아620051,to_in_001,8
2024,다아620051,to_in_007,8
2024,다아620051,to_in_008,5
2024,다아620056,to_in_001,8
2024,다아620056,to_in_007,8
2024,다아620056,to_in_008,5
2024,다아620057,to_in_001,13
2024,다아620057,to_in_007,8
2024,다아620057,to_in_008,8
2024,다아620071,to_in_001,5
2024,다아620071,to_in_007,0
2024,다아620071,to_in_008,5
2024,다아620081,to_in_001,5
2024,다아620081,to_in_007,0
2024,다아620081,to_in_008,0
2024,다아620083,to_in_001,5
2024,다아620083,to_in_007,5
2024,다아620083,to_in_008,5
2024,다아620087,to_in_001,5
2024,다아620087,to_in_007,0
2024,다아620087,to_in_008,0
2024,다아620112,to_in_001,5
2024,다아620112,to_in_007,5
2024,다아620112,to_in_008,0
2024,다아620113,to_in_001,5
2024,다아620113,to_in_007,5
2024,다아620113,to_in_008,0
2024,다아620151,to_in_001,5
2024,다아620151,to_in_007,5
2024,다아620151,to_in_008,0
2024,다아620154,to_in_001,5
2024,다아620154,to_in_007,0
2024,다아620154,to_in_008,5
2024,다아620158,to_in_001,5
2024,다아620158,to_in_007,0
2024,다아620158,to_in_008,5
2024,다아621002,to_in_001,8
2024,다아621002,to_in_007,5
2024,다아621002,to_in_008,5
2024,다아621003,to_in_001,5
2024,다아621003,to_in_007,0
2024,다아621003,to_in_008,0
2024,다아621011,to_in_001,8
2024,다아621011,to_in_007,5
2024,다아621011,to_in_008,5
2024,다아621015,to_in_001,8
2024,다아621015,to_in_007,5
2024,다아621015,to_in_008,8
2024,다아621016,to_in_001,8
2024,다아621016,to_in_007,8
2024,다아621016,to_in_008,5
2024,다아621017,to_in_001,8
2024,다아621017,to_in_007,5
2024,다아621017,to_in_008,5
2024,다아621020,to_in_001,38
2024,다아621020,to_in_007,13
2024,다아621020,to_in_008,25
2024,다아622158,to_in_001,5
2024,다아622158,to_in_007,0
2024,다아622158,to_in_008,0
2024,다아623003,to_in_001,5
2024,다아623003,to_in_007,5
2024,다아623003,to_in_008,5
2024,다아623004,to_in_001,8
2024,다아623004,to_in_007,5
2024,다아623004,to_in_008,8
2024,다아623011,to_in_001,5
2024,다아623011,to_in_007,5
2024,다아623011,to_in_008,0
2024,다아623012,to_in_001,5
2024,다아623012,to_in_007,0
2024,다아623012,to_in_008,0
2024,다아623016,to_in_001,5
2024,다아623016,to_in_007,5
2024,다아623016,to_in_008,5
2024,다아623018,to_in_001,161
2024,다아623018,to_in_007,96
2024,다아623018,to_in_008,68
2024,다아623019,to_in_001,119
2024,다아623019,to_in_007,55
2024,다아623019,to_in_008,67
2024,다아623020,to_in_001,242
2024,다아623020,to_in_007,116
2024,다아623020,to_in_008,129
2024,다아623021,to_in_001,33
2024,다아623021,to_in_007,13
2024,다아623021,to_in_008,23
2024,다아623022,to_in_001,117
2024,다아623022,to_in_007,59
2024,다아623022,to_in_008,61
2024,다아623023,to_in_001,161
2024,다아623023,to_in_007,78
2024,다아623023,to_in_008,81
2024,다아623024,to_in_001,28
2024,다아623024,to_in_007,13
2024,다아623024,to_in_008,13
2024,다아623025,to_in_001,56
2024,다아623025,to_in_007,31
2024,다아623025,to_in_008,23
2024,다아623026,to_in_001,94
2024,다아623026,to_in_007,54
2024,다아623026,to_in_008,43
2024,다아623027,to_in_001,18
2024,다아623027,to_in_007,8
2024,다아623027,to_in_008,13
2024,다아623028,to_in_001,13
2024,다아623028,to_in_007,8
2024,다아623028,to_in_008,8
2024,다아623029,to_in_001,18
2024,다아623029,to_in_007,8
2024,다아623029,to_in_008,13
2024,다아623030,to_in_001,43
2024,다아623030,to_in_007,23
2024,다아623030,to_in_008,23
2024,다아623031,to_in_001,62
2024,다아623031,to_in_007,28
2024,다아623031,to_in_008,32
2024,다아623032,to_in_001,72
2024,다아623032,to_in_007,28
2024,다아623032,to_in_008,42
2024,다아623033,to_in_001,90
2024,다아623033,to_in_007,47
2024,다아623033,to_in_008,46
2024,다아623034,to_in_001,28
2024,다아623034,to_in_007,18
2024,다아623034,to_in_008,13
2024,다아623035,to_in_001,177
2024,다아623035,to_in_007,89
2024,다아623035,to_in_008,91
2024,다아623036,to_in_001,18
2024,다아623036,to_in_007,13
2024,다아623036,to_in_008,5
2024,다아623038,to_in_001,29
2024,다아623038,to_in_007,14
2024,다아623038,to_in_008,13
2024,다아623039,to_in_001,38
2024,다아623039,to_in_007,18
2024,다아623039,to_in_008,18
2024,다아623040,to_in_001,64
2024,다아623040,to_in_007,32
2024,다아623040,to_in_008,35
2024,다아624101,to_in_001,5
2024,다아624101,to_in_007,0
2024,다아624101,to_in_008,0
2024,다아624102,to_in_001,0
2024,다아624102,to_in_007,0
2024,다아624102,to_in_008,0
2024,다아624104,to_in_001,13
2024,다아624104,to_in_007,8
2024,다아624104,to_in_008,8
2024,다아624105,to_in_001,13
2024,다아624105,to_in_007,8
2024,다아624105,to_in_008,5
2024,다아624108,to_in_001,5
2024,다아624108,to_in_007,5
2024,다아624108,to_in_008,0
2024,다아624112,to_in_001,5
2024,다아624112,to_in_007,5
2024,다아624112,to_in_008,5
2024,다아624115,to_in_001,0
2024,다아624115,to_in_007,0
2024,다아624115,to_in_008,0
2024,다아624118,to_in_001,0
2024,다아624118,to_in_007,0
2024,다아624118,to_in_008,0
2024,다아624119,to_in_001,0
2024,다아624119,to_in_007,0
2024,다아624119,to_in_008,0
2024,다아624120,to_in_001,5
2024,다아624120,to_in_007,5
2024,다아624120,to_in_008,0
2024,다아624124,to_in_001,5
2024,다아624124,to_in_007,5
2024,다아624124,to_in_008,5
2024,다아624127,to_in_001,5
2024,다아624127,to_in_007,0
2024,다아624127,to_in_008,0
2024,다아624128,to_in_001,13
2024,다아624128,to_in_007,8
2024,다아624128,to_in_008,8
2024,다아625000,to_in_001,13
2024,다아625000,to_in_007,8
2024,다아625000,to_in_008,5
2024,다아625001,to_in_001,55
2024,다아625001,to_in_007,30
2024,다아625001,to_in_008,23
2024,다아625002,to_in_001,13
2024,다아625002,to_in_007,8
2024,다아625002,to_in_008,5
2024,다아625003,to_in_001,8
2024,다아625003,to_in_007,8
2024,다아625003,to_in_008,5
2024,다아625004,to_in_001,8
2024,다아625004,to_in_007,5
2024,다아625004,to_in_008,5
2024,다아625006,to_in_001,5
2024,다아625006,to_in_007,5
2024,다아625006,to_in_008,0
2024,다아625007,to_in_001,8
2024,다아625007,to_in_007,5
2024,다아625007,to_in_008,5
2024,다아625012,to_in_001,13
2024,다아625012,to_in_007,8
2024,다아625012,to_in_008,8
2024,다아625013,to_in_001,5
2024,다아625013,to_in_007,5
2024,다아625013,to_in_008,5
2024,다아625017,to_in_001,751
2024,다아625017,to_in_007,385
2024,다아625017,to_in_008,366
2024,다아625018,to_in_001,39
2024,다아625018,to_in_007,23
2024,다아625018,to_in_008,19
2024,다아625019,to_in_001,84
2024,다아625019,to_in_007,38
2024,다아625019,to_in_008,44
2024,다아625021,to_in_001,0
2024,다아625021,to_in_007,0
2024,다아625021,to_in_008,0
2024,다아625022,to_in_001,8
2024,다아625022,to_in_007,5
2024,다아625022,to_in_008,5
2024,다아626024,to_in_001,183
2024,다아626024,to_in_007,101
2024,다아626024,to_in_008,80
2024,다아626025,to_in_001,224
2024,다아626025,to_in_007,107
2024,다아626025,to_in_008,115
2024,다아626026,to_in_001,234
2024,다아626026,to_in_007,117
2024,다아626026,to_in_008,115
2024,다아626027,to_in_001,109
2024,다아626027,to_in_007,49
2024,다아626027,to_in_008,63
2024,다아626028,to_in_001,51
2024,다아626028,to_in_007,18
2024,다아626028,to_in_008,31
2024,다아626029,to_in_001,13
2024,다아626029,to_in_007,8
2024,다아626029,to_in_008,8
2024,다아626030,to_in_001,5
2024,다아626030,to_in_007,0
2024,다아626030,to_in_008,5
2024,다아626036,to_in_001,68
2024,다아626036,to_in_007,38
2024,다아626036,to_in_008,33
2024,다아626037,to_in_001,120
2024,다아626037,to_in_007,65
2024,다아626037,to_in_008,53
2024,다아626038,to_in_001,60
2024,다아626038,to_in_007,40
2024,다아626038,to_in_008,23
2024,다아626039,to_in_001,39
2024,다아626039,to_in_007,29
2024,다아626039,to_in_008,13
2024,다아626041,to_in_001,233
2024,다아626041,to_in_007,107
2024,다아626041,to_in_008,124
2024,다아626044,to_in_001,8
2024,다아626044,to_in_007,5
2024,다아626044,to_in_008,5
2024,다아626051,to_in_001,5
2024,다아626051,to_in_007,5
2024,다아626051,to_in_008,0
2024,다아626052,to_in_001,5
2024,다아626052,to_in_007,5
2024,다아626052,to_in_008,5
2024,다아626053,to_in_001,5
2024,다아626053,to_in_007,5
2024,다아626053,to_in_008,0
2024,다아626056,to_in_001,8
2024,다아626056,to_in_007,5
2024,다아626056,to_in_008,5
2024,다아626063,to_in_001,0
2024,다아626063,to_in_007,0
2024,다아626063,to_in_008,0
2024,다아626064,to_in_001,5
2024,다아626064,to_in_007,5
2024,다아626064,to_in_008,5
2024,다아626079,to_in_001,8
2024,다아626079,to_in_007,8
2024,다아626079,to_in_008,0
2024,다아626087,to_in_001,0
2024,다아626087,to_in_007,0
2024,다아626087,to_in_008,0
2024,다아626089,to_in_001,430
2024,다아626089,to_in_007,227
2024,다아626089,to_in_008,206
2024,다아626095,to_in_001,5
2024,다아626095,to_in_007,5
2024,다아626095,to_in_008,0
2024,다아626102,to_in_001,5
2024,다아626102,to_in_007,5
2024,다아626102,to_in_008,5
2024,다아626104,to_in_001,38
2024,다아626104,to_in_007,23
2024,다아626104,to_in_008,13
2024,다아626105,to_in_001,53
2024,다아626105,to_in_007,28
2024,다아626105,to_in_008,23
2024,다아626106,to_in_001,38
2024,다아626106,to_in_007,13
2024,다아626106,to_in_008,23
2024,다아628110,to_in_001,43
2024,다아628110,to_in_007,18
2024,다아628110,to_in_008,23
2024,다아628111,to_in_001,43
2024,다아628111,to_in_007,23
2024,다아628111,to_in_008,18
2024,다아628112,to_in_001,38
2024,다아628112,to_in_007,23
2024,다아628112,to_in_008,18
2024,다아628113,to_in_001,13
2024,다아628113,to_in_007,8
2024,다아628113,to_in_008,8
2024,다아628114,to_in_001,63
2024,다아628114,to_in_007,31
2024,다아628114,to_in_008,30
2024,다아628115,to_in_001,33
2024,다아628115,to_in_007,18
2024,다아628115,to_in_008,18
2024,다아628116,to_in_001,8
2024,다아628116,to_in_007,5
2024,다아628116,to_in_008,5
2024,다아628117,to_in_001,28
2024,다아628117,to_in_007,13
2024,다아628117,to_in_008,13
2024,다아628118,to_in_001,91
2024,다아628118,to_in_007,45
2024,다아628118,to_in_008,49
2024,다아628119,to_in_001,8
2024,다아628119,to_in_007,5
2024,다아628119,to_in_008,5
2024,다아628120,to_in_001,33
2024,다아628120,to_in_007,23
2024,다아628120,to_in_008,13
2024,다아628121,to_in_001,5
2024,다아628121,to_in_007,0
2024,다아628121,to_in_008,5
2024,다아628124,to_in_001,5
2024,다아628124,to_in_007,5
2024,다아628124,to_in_008,0
2024,다아628150,to_in_001,18
2024,다아628150,to_in_007,13
2024,다아628150,to_in_008,8
2024,다아628151,to_in_001,5
2024,다아628151,to_in_007,0
2024,다아628151,to_in_008,5
2024,다아628152,to_in_001,5
2024,다아628152,to_in_007,0
2024,다아628152,to_in_008,0
2024,다아628173,to_in_001,8
2024,다아628173,to_in_007,5
2024,다아628173,to_in_008,5
2024,다아628176,to_in_001,0
2024,다아628176,to_in_007,0
2024,다아628176,to_in_008,0
2024,다아628177,to_in_001,5
2024,다아628177,to_in_007,5
2024,다아628177,to_in_008,0
2024,다아629002,to_in_001,0
2024,다아629002,to_in_007,0
2024,다아629002,to_in_008,0
2024,다아629005,to_in_001,8
2024,다아629005,to_in_007,8
2024,다아629005,to_in_008,0
2024,다아629013,to_in_001,8
2024,다아629013,to_in_007,5
2024,다아629013,to_in_008,5
2024,다아629026,to_in_001,5
2024,다아629026,to_in_007,0
2024,다아629026,to_in_008,0
2024,다아629027,to_in_001,5
2024,다아629027,to_in_007,5
2024,다아629027,to_in_008,0
2024,다아629033,to_in_001,0
2024,다아629033,to_in_007,0
2024,다아629033,to_in_008,0
2024,다아629041,to_in_001,0
2024,다아629041,to_in_007,0
2024,다아629041,to_in_008,0
2024,다아629123,to_in_001,5
2024,다아629123,to_in_007,5
2024,다아629123,to_in_008,0
2024,다아629145,to_in_001,8
2024,다아629145,to_in_007,8
2024,다아629145,to_in_008,5
2024,다아629146,to_in_001,8
2024,다아629146,to_in_007,5
2024,다아629146,to_in_008,5
2024,다아629149,to_in_001,5
2024,다아629149,to_in_007,5
2024,다아629149,to_in_008,0
2024,다아629150,to_in_001,18
2024,다아629150,to_in_007,8
2024,다아629150,to_in_008,8
2024,다아629151,to_in_001,13
2024,다아629151,to_in_007,8
2024,다아629151,to_in_008,8
2024,다아629152,to_in_001,18
2024,다아629152,to_in_007,8
2024,다아629152,to_in_008,13
2024,다아629153,to_in_001,8
2024,다아629153,to_in_007,5
2024,다아629153,to_in_008,5
2024,다아629180,to_in_001,5
2024,다아629180,to_in_007,0
2024,다아629180,to_in_008,0
2024,다아630005,to_in_001,8
2024,다아630005,to_in_007,5
2024,다아630005,to_in_008,0
2024,다아630006,to_in_001,5
2024,다아630006,to_in_007,0
2024,다아630006,to_in_008,0
2024,다아630008,to_in_001,8
2024,다아630008,to_in_007,8
2024,다아630008,to_in_008,0
2024,다아630011,to_in_001,0
2024,다아630011,to_in_007,0
2024,다아630011,to_in_008,0
2024,다아630023,to_in_001,5
2024,다아630023,to_in_007,0
2024,다아630023,to_in_008,5
2024,다아630024,to_in_001,8
2024,다아630024,to_in_007,5
2024,다아630024,to_in_008,5
2024,다아630025,to_in_001,0
2024,다아630025,to_in_007,0
2024,다아630025,to_in_008,0
2024,다아630026,to_in_001,8
2024,다아630026,to_in_007,5
2024,다아630026,to_in_008,5
2024,다아630027,to_in_001,8
2024,다아630027,to_in_007,5
2024,다아630027,to_in_008,8
2024,다아630043,to_in_001,5
2024,다아630043,to_in_007,5
2024,다아630043,to_in_008,5
2024,다아630044,to_in_001,5
2024,다아630044,to_in_007,0
2024,다아630044,to_in_008,5
2024,다아630045,to_in_001,13
2024,다아630045,to_in_007,5
2024,다아630045,to_in_008,8
2024,다아630050,to_in_001,83
2024,다아630050,to_in_007,18
2024,다아630050,to_in_008,68
2024,다아630051,to_in_001,13
2024,다아630051,to_in_007,8
2024,다아630051,to_in_008,8
2024,다아630056,to_in_001,5
2024,다아630056,to_in_007,0
2024,다아630056,to_in_008,0
2024,다아630058,to_in_001,5
2024,다아630058,to_in_007,5
2024,다아630058,to_in_008,5
2024,다아630059,to_in_001,5
2024,다아630059,to_in_007,0
2024,다아630059,to_in_008,5
2024,다아630060,to_in_001,5
2024,다아630060,to_in_007,5
2024,다아630060,to_in_008,0
2024,다아630061,to_in_001,5
2024,다아630061,to_in_007,0
2024,다아630061,to_in_008,0
2024,다아630084,to_in_001,8
2024,다아630084,to_in_007,8
2024,다아630084,to_in_008,8
2024,다아630085,to_in_001,18
2024,다아630085,to_in_007,8
2024,다아630085,to_in_008,13
2024,다아630086,to_in_001,23
2024,다아630086,to_in_007,13
2024,다아630086,to_in_008,13
2024,다아630087,to_in_001,8
2024,다아630087,to_in_007,5
2024,다아630087,to_in_008,5
2024,다아630088,to_in_001,5
2024,다아630088,to_in_007,5
2024,다아630088,to_in_008,5
2024,다아630093,to_in_001,0
2024,다아630093,to_in_007,0
2024,다아630093,to_in_008,0
2024,다아630102,to_in_001,5
2024,다아630102,to_in_007,0
2024,다아630102,to_in_008,5
2024,다아630103,to_in_001,5
2024,다아630103,to_in_007,5
2024,다아630103,to_in_008,0
2024,다아630109,to_in_001,5
2024,다아630109,to_in_007,5
2024,다아630109,to_in_008,5
2024,다아630110,to_in_001,5
2024,다아630110,to_in_007,5
2024,다아630110,to_in_008,0
2024,다아630111,to_in_001,8
2024,다아630111,to_in_007,0
2024,다아630111,to_in_008,8
2024,다아630112,to_in_001,13
2024,다아630112,to_in_007,8
2024,다아630112,to_in_008,8
2024,다아630114,to_in_001,5
2024,다아630114,to_in_007,5
2024,다아630114,to_in_008,0
2024,다아630115,to_in_001,48
2024,다아630115,to_in_007,38
2024,다아630115,to_in_008,13
2024,다아630117,to_in_001,196
2024,다아630117,to_in_007,101
2024,다아630117,to_in_008,93
2024,다아630118,to_in_001,5
2024,다아630118,to_in_007,5
2024,다아630118,to_in_008,0
2024,다아630119,to_in_001,8
2024,다아630119,to_in_007,5
2024,다아630119,to_in_008,5
2024,다아630133,to_in_001,5
2024,다아630133,to_in_007,5
2024,다아630133,to_in_008,0
2024,다아630134,to_in_001,5
2024,다아630134,to_in_007,0
2024,다아630134,to_in_008,0
2024,다아630135,to_in_001,0
2024,다아630135,to_in_007,0
2024,다아630135,to_in_008,0
2024,다아630145,to_in_001,13
2024,다아630145,to_in_007,8
2024,다아630145,to_in_008,5
2024,다아630146,to_in_001,18
2024,다아630146,to_in_007,8
2024,다아630146,to_in_008,8
2024,다아630147,to_in_001,13
2024,다아630147,to_in_007,8
2024,다아630147,to_in_008,8
2024,다아635152,to_in_001,8
2024,다아635152,to_in_007,5
2024,다아635152,to_in_008,5
2024,다아635174,to_in_001,5
2024,다아635174,to_in_007,0
2024,다아635174,to_in_008,5
2024,다아636009,to_in_001,0
2024,다아636009,to_in_007,0
2024,다아636009,to_in_008,0
2024,다아636011,to_in_001,76
2024,다아636011,to_in_007,55
2024,다아636011,to_in_008,24
2024,다아636012,to_in_001,13
2024,다아636012,to_in_007,13
2024,다아636012,to_in_008,8
2024,다아636025,to_in_001,0
2024,다아636025,to_in_007,0
2024,다아636025,to_in_008,0
2024,다아636026,to_in_001,5
2024,다아636026,to_in_007,5
2024,다아636026,to_in_008,5
2024,다아636030,to_in_001,5
2024,다아636030,to_in_007,0
2024,다아636030,to_in_008,5
2024,다아636031,to_in_001,0
2024,다아636031,to_in_007,0
2024,다아636031,to_in_008,0
2024,다아636032,to_in_001,5
2024,다아636032,to_in_007,0
2024,다아636032,to_in_008,0
2024,다아636033,to_in_001,8
2024,다아636033,to_in_007,5
2024,다아636033,to_in_008,5
2024,다아636045,to_in_001,5
2024,다아636045,to_in_007,5
2024,다아636045,to_in_008,0
2024,다아636070,to_in_001,5
2024,다아636070,to_in_007,0
2024,다아636070,to_in_008,0
2024,다아636071,to_in_001,5
2024,다아636071,to_in_007,5
2024,다아636071,to_in_008,0
2024,다아636083,to_in_001,5
2024,다아636083,to_in_007,5
2024,다아636083,to_in_008,0
2024,다아636093,to_in_001,5
2024,다아636093,to_in_007,5
2024,다아636093,to_in_008,5
2024,다아636094,to_in_001,5
2024,다아636094,to_in_007,0
2024,다아636094,to_in_008,5
2024,다아636095,to_in_001,5
2024,다아636095,to_in_007,0
2024,다아636095,to_in_008,5
2024,다아636096,to_in_001,0
2024,다아636096,to_in_007,0
2024,다아636096,to_in_008,0
2024,다아636097,to_in_001,0
2024,다아636097,to_in_007,0
2024,다아636097,to_in_008,0
2024,다아636125,to_in_001,0
2024,다아636125,to_in_007,0
2024,다아636125,to_in_008,0
2024,다아636135,to_in_001,5
2024,다아636135,to_in_007,0
2024,다아636135,to_in_008,0
2024,다아636142,to_in_001,5
2024,다아636142,to_in_007,5
2024,다아636142,to_in_008,0
2024,다아636143,to_in_001,5
2024,다아636143,to_in_007,0
2024,다아636143,to_in_008,5
2024,다아636153,to_in_001,0
2024,다아636153,to_in_007,0
2024,다아636153,to_in_008,0
2024,다아636158,to_in_001,8
2024,다아636158,to_in_007,8
2024,다아636158,to_in_008,0
2024,다아636174,to_in_001,5
2024,다아636174,to_in_007,0
2024,다아636174,to_in_008,5
2024,다아639155,to_in_001,5
2024,다아639155,to_in_007,5
2024,다아639155,to_in_008,0
2024,다아639171,to_in_001,5
2024,다아639171,to_in_007,5
2024,다아639171,to_in_008,0
2024,다아640037,to_in_001,5
2024,다아640037,to_in_007,5
2024,다아640037,to_in_008,5
2024,다아640043,to_in_001,8
2024,다아640043,to_in_007,5
2024,다아640043,to_in_008,0
2024,다아640044,to_in_001,5
2024,다아640044,to_in_007,5
2024,다아640044,to_in_008,0
2024,다아640046,to_in_001,5
2024,다아640046,to_in_007,5
2024,다아640046,to_in_008,0
2024,다아640081,to_in_001,5
2024,다아640081,to_in_007,0
2024,다아640081,to_in_008,0
2024,다아640088,to_in_001,8
2024,다아640088,to_in_007,8
2024,다아640088,to_in_008,5
2024,다아640097,to_in_001,8
2024,다아640097,to_in_007,5
2024,다아640097,to_in_008,5
2024,다아640139,to_in_001,5
2024,다아640139,to_in_007,0
2024,다아640139,to_in_008,5
2024,다아640143,to_in_001,5
2024,다아640143,to_in_007,0
2024,다아640143,to_in_008,5
2024,다아640144,to_in_001,5
2024,다아640144,to_in_007,0
2024,다아640144,to_in_008,5
2024,다아640145,to_in_001,5
2024,다아640145,to_in_007,0
2024,다아640145,to_in_008,0
2024,다아640149,to_in_001,5
2024,다아640149,to_in_007,5
2024,다아640149,to_in_008,0
2024,다아640154,to_in_001,8
2024,다아640154,to_in_007,5
2024,다아640154,to_in_008,5
2024,다아640155,to_in_001,8
2024,다아640155,to_in_007,5
2024,다아640155,to_in_008,5
2024,다아640156,to_in_001,5
2024,다아640156,to_in_007,5
2024,다아640156,to_in_008,0
2024,다아640157,to_in_001,5
2024,다아640157,to_in_007,5
2024,다아640157,to_in_008,0
2024,다아640162,to_in_001,5
2024,다아640162,to_in_007,0
2024,다아640162,to_in_008,5
2024,다아640163,to_in_001,5
2024,다아640163,to_in_007,5
2024,다아640163,to_in_008,0
2024,다아640167,to_in_001,5
2024,다아640167,to_in_007,0
2024,다아640167,to_in_008,5
2024,다아640172,to_in_001,5
2024,다아640172,to_in_007,5
2024,다아640172,to_in_008,5
2024,다아640178,to_in_001,5
2024,다아640178,to_in_007,0
2024,다아640178,to_in_008,5
2024,다아640179,to_in_001,5
2024,다아640179,to_in_007,5
2024,다아640179,to_in_008,0
2024,다아640203,to_in_001,5
2024,다아640203,to_in_007,0
2024,다아640203,to_in_008,5
2024,다아641002,to_in_001,5
2024,다아641002,to_in_007,5
2024,다아641002,to_in_008,0
2024,다아641010,to_in_001,5
2024,다아641010,to_in_007,0
2024,다아641010,to_in_008,0
2024,다아641011,to_in_001,12
2024,다아641011,to_in_007,12
2024,다아641011,to_in_008,5
2024,다아641031,to_in_001,5
2024,다아641031,to_in_007,0
2024,다아641031,to_in_008,5
2024,다아641041,to_in_001,5
2024,다아641041,to_in_007,0
2024,다아641041,to_in_008,0
2024,다아644161,to_in_001,33
2024,다아644161,to_in_007,18
2024,다아644161,to_in_008,13
2024,다아644162,to_in_001,5
2024,다아644162,to_in_007,5
2024,다아644162,to_in_008,0
2024,다아644165,to_in_001,5
2024,다아644165,to_in_007,5
2024,다아644165,to_in_008,0
2024,다아644178,to_in_001,5
2024,다아644178,to_in_007,5
2024,다아644178,to_in_008,0
2024,다아644180,to_in_001,13
2024,다아644180,to_in_007,5
2024,다아644180,to_in_008,8
2024,다아644181,to_in_001,5
2024,다아644181,to_in_007,0
2024,다아644181,to_in_008,5
2024,다아644193,to_in_001,0
2024,다아644193,to_in_007,0
2024,다아644193,to_in_008,0
2024,다아644198,to_in_001,8
2024,다아644198,to_in_007,8
2024,다아644198,to_in_008,5
2024,다아644199,to_in_001,5
2024,다아644199,to_in_007,0
2024,다아644199,to_in_008,5
2024,다아644209,to_in_001,5
2024,다아644209,to_in_007,0
2024,다아644209,to_in_008,0
2024,다아644229,to_in_001,5
2024,다아644229,to_in_007,0
2024,다아644229,to_in_008,5
2024,다아645001,to_in_001,8
2024,다아645001,to_in_007,8
2024,다아645001,to_in_008,0
2024,다아645002,to_in_001,5
2024,다아645002,to_in_007,0
2024,다아645002,to_in_008,0
2024,다아645004,to_in_001,5
2024,다아645004,to_in_007,0
2024,다아645004,to_in_008,0
2024,다아645006,to_in_001,28
2024,다아645006,to_in_007,28
2024,다아645006,to_in_008,0
2024,다아645007,to_in_001,5
2024,다아645007,to_in_007,0
2024,다아645007,to_in_008,0
2024,다아645018,to_in_001,0
2024,다아645018,to_in_007,0
2024,다아645018,to_in_008,0
2024,다아645043,to_in_001,0
2024,다아645043,to_in_007,0
2024,다아645043,to_in_008,0
2024,다아645044,to_in_001,5
2024,다아645044,to_in_007,5
2024,다아645044,to_in_008,0
2024,다아645048,to_in_001,0
2024,다아645048,to_in_007,0
2024,다아645048,to_in_008,0
2024,다아645049,to_in_001,5
2024,다아645049,to_in_007,5
2024,다아645049,to_in_008,0
2024,다아645101,to_in_001,5
2024,다아645101,to_in_007,5
2024,다아645101,to_in_008,0
2024,다아645102,to_in_001,23
2024,다아645102,to_in_007,13
2024,다아645102,to_in_008,8
2024,다아645152,to_in_001,0
2024,다아645152,to_in_007,0
2024,다아645152,to_in_008,0
2024,다아645161,to_in_001,5
2024,다아645161,to_in_007,0
2024,다아645161,to_in_008,5
2024,다아645162,to_in_001,13
2024,다아645162,to_in_007,8
2024,다아645162,to_in_008,8
2024,다아645165,to_in_001,5
2024,다아645165,to_in_007,0
2024,다아645165,to_in_008,0
2024,다아645181,to_in_001,8
2024,다아645181,to_in_007,5
2024,다아645181,to_in_008,5
2024,다아645192,to_in_001,5
2024,다아645192,to_in_007,0
2024,다아645192,to_in_008,0
2024,다아645194,to_in_001,5
2024,다아645194,to_in_007,5
2024,다아645194,to_in_008,0
2024,다아645196,to_in_001,8
2024,다아645196,to_in_007,8
2024,다아645196,to_in_008,0
2024,다아645197,to_in_001,5
2024,다아645197,to_in_007,5
2024,다아645197,to_in_008,0
2024,다아645198,to_in_001,5
2024,다아645198,to_in_007,5
2024,다아645198,to_in_008,5
2024,다아646006,to_in_001,0
2024,다아646006,to_in_007,0
2024,다아646006,to_in_008,0
2024,다아646014,to_in_001,5
2024,다아646014,to_in_007,0
2024,다아646014,to_in_008,5
2024,다아646015,to_in_001,18
2024,다아646015,to_in_007,13
2024,다아646015,to_in_008,8
2024,다아646035,to_in_001,5
2024,다아646035,to_in_007,0
2024,다아646035,to_in_008,0
2024,다아646037,to_in_001,5
2024,다아646037,to_in_007,0
2024,다아646037,to_in_008,0
2024,다아646038,to_in_001,5
2024,다아646038,to_in_007,5
2024,다아646038,to_in_008,0
2024,다아646041,to_in_001,0
2024,다아646041,to_in_007,0
2024,다아646041,to_in_008,0
2024,다아646044,to_in_001,5
2024,다아646044,to_in_007,5
2024,다아646044,to_in_008,0
2024,다아646045,to_in_001,5
2024,다아646045,to_in_007,5
2024,다아646045,to_in_008,5
2024,다아646067,to_in_001,5
2024,다아646067,to_in_007,5
2024,다아646067,to_in_008,0
2024,다아646068,to_in_001,5
2024,다아646068,to_in_007,0
2024,다아646068,to_in_008,0
2024,다아646069,to_in_001,5
2024,다아646069,to_in_007,0
2024,다아646069,to_in_008,0
2024,다아646077,to_in_001,0
2024,다아646077,to_in_007,0
2024,다아646077,to_in_008,0
2024,다아646153,to_in_001,5
2024,다아646153,to_in_007,5
2024,다아646153,to_in_008,0
2024,다아646181,to_in_001,5
2024,다아646181,to_in_007,0
2024,다아646181,to_in_008,5
2024,다아646182,to_in_001,8
2024,다아646182,to_in_007,5
2024,다아646182,to_in_008,5
2024,다아646192,to_in_001,0
2024,다아646192,to_in_007,0
2024,다아646192,to_in_008,0
2024,다아646193,to_in_001,5
2024,다아646193,to_in_007,5
2024,다아646193,to_in_008,0
2024,다아651183,to_in_001,5
2024,다아651183,to_in_007,5
2024,다아651183,to_in_008,0
2024,다아651192,to_in_001,8
2024,다아651192,to_in_007,8
2024,다아651192,to_in_008,0
2024,다아651193,to_in_001,5
2024,다아651193,to_in_007,0
2024,다아651193,to_in_008,5
2024,다아651194,to_in_001,5
2024,다아651194,to_in_007,5
2024,다아651194,to_in_008,5
2024,다아651220,to_in_001,5
2024,다아651220,to_in_007,0
2024,다아651220,to_in_008,0
2024,다아652009,to_in_001,0
2024,다아652009,to_in_007,0
2024,다아652009,to_in_008,0
2024,다아652021,to_in_001,8
2024,다아652021,to_in_007,8
2024,다아652021,to_in_008,5
2024,다아652029,to_in_001,13
2024,다아652029,to_in_007,5
2024,다아652029,to_in_008,8
2024,다아652030,to_in_001,8
2024,다아652030,to_in_007,5
2024,다아652030,to_in_008,0
2024,다아652031,to_in_001,13
2024,다아652031,to_in_007,5
2024,다아652031,to_in_008,8
2024,다아652034,to_in_001,5
2024,다아652034,to_in_007,0
2024,다아652034,to_in_008,5
2024,다아652039,to_in_001,8
2024,다아652039,to_in_007,5
2024,다아652039,to_in_008,5
2024,다아652042,to_in_001,5
2024,다아652042,to_in_007,0
2024,다아652042,to_in_008,5
2024,다아652043,to_in_001,8
2024,다아652043,to_in_007,8
2024,다아652043,to_in_008,8
2024,다아652044,to_in_001,8
2024,다아652044,to_in_007,8
2024,다아652044,to_in_008,0
2024,다아652068,to_in_001,5
2024,다아652068,to_in_007,5
2024,다아652068,to_in_008,0
2024,다아652098,to_in_001,5
2024,다아652098,to_in_007,5
2024,다아652098,to_in_008,5
2024,다아652177,to_in_001,5
2024,다아652177,to_in_007,0
2024,다아652177,to_in_008,0
2024,다아652178,to_in_001,8
2024,다아652178,to_in_007,5
2024,다아652178,to_in_008,5
2024,다아652181,to_in_001,5
2024,다아652181,to_in_007,0
2024,다아652181,to_in_008,0
2024,다아652183,to_in_001,5
2024,다아652183,to_in_007,5
2024,다아652183,to_in_008,5
2024,다아652185,to_in_001,0
2024,다아652185,to_in_007,0
2024,다아652185,to_in_008,0
2024,다아652186,to_in_001,33
2024,다아652186,to_in_007,18
2024,다아652186,to_in_008,18
2024,다아652187,to_in_001,13
2024,다아652187,to_in_007,8
2024,다아652187,to_in_008,8
2024,다아652194,to_in_001,5
2024,다아652194,to_in_007,5
2024,다아652194,to_in_008,0
2024,다아652199,to_in_001,68
2024,다아652199,to_in_007,43
2024,다아652199,to_in_008,28
2024,다아652200,to_in_001,5
2024,다아652200,to_in_007,5
2024,다아652200,to_in_008,5
2024,다아652201,to_in_001,5
2024,다아652201,to_in_007,5
2024,다아652201,to_in_008,0
2024,다아652202,to_in_001,8
2024,다아652202,to_in_007,5
2024,다아652202,to_in_008,5
2024,다아652203,to_in_001,0
2024,다아652203,to_in_007,0
2024,다아652203,to_in_008,0
2024,다아653015,to_in_001,5
2024,다아653015,to_in_007,0
2024,다아653015,to_in_008,0
2024,다아653019,to_in_001,5
2024,다아653019,to_in_007,0
2024,다아653019,to_in_008,0
2024,다아653020,to_in_001,5
2024,다아653020,to_in_007,0
2024,다아653020,to_in_008,0
2024,다아653021,to_in_001,5
2024,다아653021,to_in_007,0
2024,다아653021,to_in_008,5
2024,다아653029,to_in_001,5
2024,다아653029,to_in_007,5
2024,다아653029,to_in_008,0
2024,다아653030,to_in_001,13
2024,다아653030,to_in_007,13
2024,다아653030,to_in_008,5
2024,다아653035,to_in_001,18
2024,다아653035,to_in_007,5
2024,다아653035,to_in_008,13
2024,다아653044,to_in_001,5
2024,다아653044,to_in_007,5
2024,다아653044,to_in_008,0
2024,다아653057,to_in_001,5
2024,다아653057,to_in_007,0
2024,다아653057,to_in_008,0
2024,다아653064,to_in_001,5
2024,다아653064,to_in_007,5
2024,다아653064,to_in_008,0
2024,다아653097,to_in_001,5
2024,다아653097,to_in_007,0
2024,다아653097,to_in_008,5
2024,다아653181,to_in_001,8
2024,다아653181,to_in_007,5
2024,다아653181,to_in_008,5
2024,다아653182,to_in_001,0
2024,다아653182,to_in_007,0
2024,다아653182,to_in_008,0
2024,다아653186,to_in_001,5
2024,다아653186,to_in_007,5
2024,다아653186,to_in_008,5
2024,다아653187,to_in_001,8
2024,다아653187,to_in_007,8
2024,다아653187,to_in_008,5
2024,다아653189,to_in_001,5
2024,다아653189,to_in_007,0
2024,다아653189,to_in_008,0
2024,다아653194,to_in_001,0
2024,다아653194,to_in_007,0
2024,다아653194,to_in_008,0
2024,다아653195,to_in_001,5
2024,다아653195,to_in_007,5
2024,다아653195,to_in_008,0
2024,다아653200,to_in_001,8
2024,다아653200,to_in_007,5
2024,다아653200,to_in_008,5
2024,다아705291,to_in_001,0
2024,다아705291,to_in_007,0
2024,다아705291,to_in_008,0
2024,다아705292,to_in_001,8
2024,다아705292,to_in_007,5
2024,다아705292,to_in_008,5
2024,다아705293,to_in_001,5
2024,다아705293,to_in_007,0
2024,다아705293,to_in_008,5
2024,다아705294,to_in_001,5
2024,다아705294,to_in_007,5
2024,다아705294,to_in_008,0
2024,다아706010,to_in_001,5
2024,다아706010,to_in_007,5
2024,다아706010,to_in_008,0
2024,다아706023,to_in_001,0
2024,다아706023,to_in_007,0
2024,다아706023,to_in_008,0
2024,다아706026,to_in_001,8
2024,다아706026,to_in_007,5
2024,다아706026,to_in_008,5
2024,다아706272,to_in_001,5
2024,다아706272,to_in_007,0
2024,다아706272,to_in_008,0
2024,다아706273,to_in_001,5
2024,다아706273,to_in_007,5
2024,다아706273,to_in_008,0
2024,다아706290,to_in_001,18
2024,다아706290,to_in_007,8
2024,다아706290,to_in_008,8
2024,다아706291,to_in_001,13
2024,다아706291,to_in_007,8
2024,다아706291,to_in_008,8
2024,다아706292,to_in_001,5
2024,다아706292,to_in_007,0
2024,다아706292,to_in_008,5
2024,다아706293,to_in_001,13
2024,다아706293,to_in_007,8
2024,다아706293,to_in_008,5
2024,다아706294,to_in_001,5
2024,다아706294,to_in_007,5
2024,다아706294,to_in_008,5
2024,다아706295,to_in_001,23
2024,다아706295,to_in_007,13
2024,다아706295,to_in_008,8
2024,다아706296,to_in_001,5
2024,다아706296,to_in_007,0
2024,다아706296,to_in_008,5
2024,다아707006,to_in_001,5
2024,다아707006,to_in_007,5
2024,다아707006,to_in_008,0
2024,다아707023,to_in_001,5
2024,다아707023,to_in_007,0
2024,다아707023,to_in_008,0
2024,다아707291,to_in_001,38
2024,다아707291,to_in_007,18
2024,다아707291,to_in_008,18
2024,다아707292,to_in_001,33
2024,다아707292,to_in_007,18
2024,다아707292,to_in_008,13
2024,다아707293,to_in_001,8
2024,다아707293,to_in_007,8
2024,다아707293,to_in_008,8
2024,다아707294,to_in_001,8
2024,다아707294,to_in_007,5
2024,다아707294,to_in_008,5
2024,다아708002,to_in_001,0
2024,다아708002,to_in_007,0
2024,다아708002,to_in_008,0
2024,다아708023,to_in_001,5
2024,다아708023,to_in_007,5
2024,다아708023,to_in_008,0
2024,다아708270,to_in_001,5
2024,다아708270,to_in_007,0
2024,다아708270,to_in_008,5
2024,다아708287,to_in_001,0
2024,다아708287,to_in_007,0
2024,다아708287,to_in_008,0
2024,다아722011,to_in_001,8
2024,다아722011,to_in_007,5
2024,다아722011,to_in_008,8
2024,다아722012,to_in_001,8
2024,다아722012,to_in_007,8
2024,다아722012,to_in_008,0
2024,다아722014,to_in_001,14
2024,다아722014,to_in_007,14
2024,다아722014,to_in_008,0
2024,다아722015,to_in_001,5
2024,다아722015,to_in_007,5
2024,다아722015,to_in_008,0
2024,다아722018,to_in_001,8
2024,다아722018,to_in_007,5
2024,다아722018,to_in_008,5
2024,다아722019,to_in_001,8
2024,다아722019,to_in_007,8
2024,다아722019,to_in_008,5
2024,다아722020,to_in_001,13
2024,다아722020,to_in_007,8
2024,다아722020,to_in_008,5
2024,다아722021,to_in_001,13
2024,다아722021,to_in_007,8
2024,다아722021,to_in_008,8
2024,다아722022,to_in_001,13
2024,다아722022,to_in_007,8
2024,다아722022,to_in_008,8
2024,다아722029,to_in_001,8
2024,다아722029,to_in_007,5
2024,다아722029,to_in_008,5
2024,다아722030,to_in_001,5
2024,다아722030,to_in_007,5
2024,다아722030,to_in_008,5
2024,다아723001,to_in_001,5
2024,다아723001,to_in_007,0
2024,다아723001,to_in_008,5
2024,다아723010,to_in_001,5
2024,다아723010,to_in_007,0
2024,다아723010,to_in_008,5
2024,다아723012,to_in_001,8
2024,다아723012,to_in_007,8
2024,다아723012,to_in_008,5
2024,다아723014,to_in_001,8
2024,다아723014,to_in_007,8
2024,다아723014,to_in_008,5
2024,다아723019,to_in_001,8
2024,다아723019,to_in_007,5
2024,다아723019,to_in_008,5
2024,다아723022,to_in_001,8
2024,다아723022,to_in_007,5
2024,다아723022,to_in_008,5
2024,다아723028,to_in_001,5
2024,다아723028,to_in_007,0
2024,다아723028,to_in_008,0
2024,다아723029,to_in_001,5
2024,다아723029,to_in_007,0
2024,다아723029,to_in_008,5
2024,다아723030,to_in_001,13
2024,다아723030,to_in_007,8
2024,다아723030,to_in_008,8
2024,다아723031,to_in_001,13
2024,다아723031,to_in_007,8
2024,다아723031,to_in_008,8
2024,다아724000,to_in_001,5
2024,다아724000,to_in_007,0
2024,다아724000,to_in_008,0
2024,다아724004,to_in_001,5
2024,다아724004,to_in_007,5
2024,다아724004,to_in_008,0
2024,다아724013,to_in_001,0
2024,다아724013,to_in_007,0
2024,다아724013,to_in_008,0
2024,다아724019,to_in_001,5
2024,다아724019,to_in_007,5
2024,다아724019,to_in_008,0
2024,다아724024,to_in_001,5
2024,다아724024,to_in_007,5
2024,다아724024,to_in_008,5
2024,다아724026,to_in_001,5
2024,다아724026,to_in_007,0
2024,다아724026,to_in_008,0
2024,다아724027,to_in_001,8
2024,다아724027,to_in_007,5
2024,다아724027,to_in_008,8
2024,다아724029,to_in_001,5
2024,다아724029,to_in_007,0
2024,다아724029,to_in_008,0
2024,다아724030,to_in_001,5
2024,다아724030,to_in_007,0
2024,다아724030,to_in_008,5
2024,다아724031,to_in_001,8
2024,다아724031,to_in_007,5
2024,다아724031,to_in_008,5
2024,다아724033,to_in_001,5
2024,다아724033,to_in_007,0
2024,다아724033,to_in_008,0
2024,다아725001,to_in_001,8
2024,다아613054,to_in_008,5
2024,다아613055,to_in_001,13
2024,다아613055,to_in_007,8
2024,다아613055,to_in_008,8
2024,다아613056,to_in_001,8
2024,다아613056,to_in_007,5
2024,다아613056,to_in_008,5
2024,다아613057,to_in_001,13
2024,다아613057,to_in_007,8
2024,다아613057,to_in_008,8
2024,다아613058,to_in_001,5
2024,다아613058,to_in_007,5
2024,다아613058,to_in_008,0
2024,다아613059,to_in_001,8
2024,다아613059,to_in_007,8
2024,다아613059,to_in_008,0
2024,다아613060,to_in_001,8
2024,다아613060,to_in_007,8
2024,다아613060,to_in_008,8
2024,다아613061,to_in_001,13
2024,다아613061,to_in_007,8
2024,다아613061,to_in_008,5
2024,다아613062,to_in_001,8
2024,다아613062,to_in_007,5
2024,다아613062,to_in_008,5
2024,다아613064,to_in_001,8
2024,다아613064,to_in_007,8
2024,다아613064,to_in_008,5
2024,다아613065,to_in_001,5
2024,다아613065,to_in_007,5
2024,다아613065,to_in_008,0
2024,다아613077,to_in_001,5
2024,다아613077,to_in_007,0
2024,다아613077,to_in_008,5
2024,다아618081,to_in_001,8
2024,다아618081,to_in_007,8
2024,다아618081,to_in_008,0
2024,다아618082,to_in_001,5
2024,다아618082,to_in_007,5
2024,다아618082,to_in_008,0
2024,다아618111,to_in_001,5
2024,다아618111,to_in_007,0
2024,다아618111,to_in_008,5
2024,다아618113,to_in_001,0
2024,다아618113,to_in_007,0
2024,다아618113,to_in_008,0
2024,다아618147,to_in_001,8
2024,다아618147,to_in_007,8
2024,다아618147,to_in_008,5
2024,다아618149,to_in_001,5
2024,다아618149,to_in_007,5
2024,다아618149,to_in_008,0
2024,다아618153,to_in_001,5
2024,다아618153,to_in_007,0
2024,다아618153,to_in_008,5
2024,다아619002,to_in_001,0
2024,다아619002,to_in_007,0
2024,다아619002,to_in_008,0
2024,다아619008,to_in_001,0
2024,다아619008,to_in_007,0
2024,다아619008,to_in_008,0
2024,다아619009,to_in_001,8
2024,다아619009,to_in_007,5
2024,다아619009,to_in_008,5
2024,다아619010,to_in_001,0
2024,다아619010,to_in_007,0
2024,다아619010,to_in_008,0
2024,다아619011,to_in_001,5
2024,다아619011,to_in_007,0
2024,다아619011,to_in_008,5
2024,다아619019,to_in_001,5
2024,다아619019,to_in_007,5
2024,다아619019,to_in_008,0
2024,다아619020,to_in_001,8
2024,다아619020,to_in_007,5
2024,다아619020,to_in_008,5
2024,다아619023,to_in_001,5
2024,다아619023,to_in_007,0
2024,다아619023,to_in_008,0
2024,다아619027,to_in_001,8
2024,다아619027,to_in_007,5
2024,다아619027,to_in_008,8
2024,다아619028,to_in_001,61
2024,다아619028,to_in_007,24
2024,다아619028,to_in_008,35
2024,다아619029,to_in_001,38
2024,다아619029,to_in_007,23
2024,다아619029,to_in_008,13
2024,다아619030,to_in_001,8
2024,다아619030,to_in_007,8
2024,다아619030,to_in_008,5
2024,다아619031,to_in_001,8
2024,다아619031,to_in_007,5
2024,다아619031,to_in_008,5
2024,다아619032,to_in_001,8
2024,다아619032,to_in_007,5
2024,다아619032,to_in_008,5
2024,다아619033,to_in_001,23
2024,다아619033,to_in_007,13
2024,다아619033,to_in_008,8
2024,다아619034,to_in_001,53
2024,다아619034,to_in_007,33
2024,다아619034,to_in_008,18
2024,다아619035,to_in_001,107
2024,다아619035,to_in_007,55
2024,다아619035,to_in_008,55
2024,다아619036,to_in_001,165
2024,다아619036,to_in_007,87
2024,다아619036,to_in_008,76
2024,다아619037,to_in_001,142
2024,다아619037,to_in_007,74
2024,다아619037,to_in_008,66
2024,다아619038,to_in_001,88
2024,다아619038,to_in_007,48
2024,다아619038,to_in_008,43
2024,다아619039,to_in_001,8
2024,다아619039,to_in_007,5
2024,다아619039,to_in_008,5
2024,다아621022,to_in_001,8
2024,다아621022,to_in_007,8
2024,다아621022,to_in_008,0
2024,다아621024,to_in_001,33
2024,다아621024,to_in_007,23
2024,다아621024,to_in_008,8
2024,다아621025,to_in_001,38
2024,다아621025,to_in_007,23
2024,다아621025,to_in_008,18
2024,다아621026,to_in_001,61
2024,다아621026,to_in_007,30
2024,다아621026,to_in_008,29
2024,다아621027,to_in_001,18
2024,다아621027,to_in_007,13
2024,다아621027,to_in_008,5
2024,다아621028,to_in_001,69
2024,다아621028,to_in_007,39
2024,다아621028,to_in_008,28
2024,다아621029,to_in_001,90
2024,다아621029,to_in_007,50
2024,다아621029,to_in_008,38
2024,다아621030,to_in_001,80
2024,다아621030,to_in_007,40
2024,다아621030,to_in_008,43
2024,다아621031,to_in_001,97
2024,다아621031,to_in_007,45
2024,다아621031,to_in_008,55
2024,다아621032,to_in_001,96
2024,다아621032,to_in_007,54
2024,다아621032,to_in_008,45
2024,다아621033,to_in_001,69
2024,다아621033,to_in_007,43
2024,다아621033,to_in_008,29
2024,다아621034,to_in_001,5
2024,다아621034,to_in_007,5
2024,다아621034,to_in_008,5
2024,다아621035,to_in_001,49
2024,다아621035,to_in_007,29
2024,다아621035,to_in_008,23
2024,다아621036,to_in_001,73
2024,다아621036,to_in_007,43
2024,다아621036,to_in_008,28
2024,다아621037,to_in_001,170
2024,다아621037,to_in_007,90
2024,다아621037,to_in_008,78
2024,다아621038,to_in_001,43
2024,다아621038,to_in_007,19
2024,다아621038,to_in_008,22
2024,다아621039,to_in_001,36
2024,다아621039,to_in_007,22
2024,다아621039,to_in_008,19
2024,다아621046,to_in_001,5
2024,다아621046,to_in_007,0
2024,다아621046,to_in_008,5
2024,다아621052,to_in_001,5
2024,다아621052,to_in_007,5
2024,다아621052,to_in_008,0
2024,다아621055,to_in_001,13
2024,다아621055,to_in_007,8
2024,다아621055,to_in_008,8
2024,다아621056,to_in_001,18
2024,다아621056,to_in_007,8
2024,다아621056,to_in_008,8
2024,다아621057,to_in_001,13
2024,다아621057,to_in_007,5
2024,다아621057,to_in_008,8
2024,다아621058,to_in_001,13
2024,다아621058,to_in_007,8
2024,다아621058,to_in_008,8
2024,다아621059,to_in_001,5
2024,다아621059,to_in_007,0
2024,다아621059,to_in_008,0
2024,다아621061,to_in_001,0
2024,다아621061,to_in_007,0
2024,다아621061,to_in_008,0
2024,다아621063,to_in_001,5
2024,다아621063,to_in_007,0
2024,다아621063,to_in_008,0
2024,다아621071,to_in_001,8
2024,다아621071,to_in_007,8
2024,다아621071,to_in_008,5
2024,다아623049,to_in_001,5
2024,다아623049,to_in_007,0
2024,다아623049,to_in_008,0
2024,다아623050,to_in_001,8
2024,다아623050,to_in_007,8
2024,다아623050,to_in_008,0
2024,다아623052,to_in_001,5
2024,다아623052,to_in_007,0
2024,다아623052,to_in_008,0
2024,다아623053,to_in_001,5
2024,다아623053,to_in_007,5
2024,다아623053,to_in_008,0
2024,다아623054,to_in_001,5
2024,다아623054,to_in_007,5
2024,다아623054,to_in_008,0
2024,다아623056,to_in_001,5
2024,다아623056,to_in_007,5
2024,다아623056,to_in_008,0
2024,다아623062,to_in_001,0
2024,다아623062,to_in_007,0
2024,다아623062,to_in_008,0
2024,다아623080,to_in_001,5
2024,다아623080,to_in_007,0
2024,다아623080,to_in_008,0
2024,다아623097,to_in_001,5
2024,다아623097,to_in_007,0
2024,다아623097,to_in_008,5
2024,다아623101,to_in_001,8
2024,다아623101,to_in_007,8
2024,다아623101,to_in_008,5
2024,다아623102,to_in_001,5
2024,다아623102,to_in_007,0
2024,다아623102,to_in_008,0
2024,다아623103,to_in_001,13
2024,다아623103,to_in_007,8
2024,다아623103,to_in_008,8
2024,다아623104,to_in_001,8
2024,다아623104,to_in_007,5
2024,다아623104,to_in_008,5
2024,다아623105,to_in_001,5
2024,다아623105,to_in_007,0
2024,다아623105,to_in_008,5
2024,다아623107,to_in_001,8
2024,다아623107,to_in_007,5
2024,다아623107,to_in_008,5
2024,다아623108,to_in_001,5
2024,다아623108,to_in_007,5
2024,다아623108,to_in_008,5
2024,다아623109,to_in_001,0
2024,다아623109,to_in_007,0
2024,다아623109,to_in_008,0
2024,다아623118,to_in_001,8
2024,다아623118,to_in_007,5
2024,다아623118,to_in_008,0
2024,다아623119,to_in_001,5
2024,다아623119,to_in_007,5
2024,다아623119,to_in_008,0
2024,다아623120,to_in_001,5
2024,다아623120,to_in_007,5
2024,다아623120,to_in_008,0
2024,다아623126,to_in_001,8
2024,다아623126,to_in_007,5
2024,다아623126,to_in_008,5
2024,다아623127,to_in_001,5
2024,다아623127,to_in_007,0
2024,다아623127,to_in_008,5
2024,다아623128,to_in_001,5
2024,다아623128,to_in_007,0
2024,다아623128,to_in_008,5
2024,다아623157,to_in_001,0
2024,다아623157,to_in_007,0
2024,다아623157,to_in_008,0
2024,다아624000,to_in_001,0
2024,다아624000,to_in_007,0
2024,다아624000,to_in_008,0
2024,다아624001,to_in_001,5
2024,다아624001,to_in_007,0
2024,다아624001,to_in_008,0
2024,다아624002,to_in_001,8
2024,다아624002,to_in_007,5
2024,다아624002,to_in_008,8
2024,다아624003,to_in_001,13
2024,다아624003,to_in_007,8
2024,다아624003,to_in_008,5
2024,다아626107,to_in_001,33
2024,다아626107,to_in_007,13
2024,다아626107,to_in_008,23
2024,다아626108,to_in_001,18
2024,다아626108,to_in_007,8
2024,다아626108,to_in_008,13
2024,다아626109,to_in_001,38
2024,다아626109,to_in_007,18
2024,다아626109,to_in_008,18
2024,다아626110,to_in_001,8
2024,다아626110,to_in_007,5
2024,다아626110,to_in_008,5
2024,다아626111,to_in_001,23
2024,다아626111,to_in_007,18
2024,다아626111,to_in_008,8
2024,다아626112,to_in_001,13
2024,다아626112,to_in_007,8
2024,다아626112,to_in_008,8
2024,다아626120,to_in_001,5
2024,다아626120,to_in_007,5
2024,다아626120,to_in_008,5
2024,다아626122,to_in_001,33
2024,다아626122,to_in_007,18
2024,다아626122,to_in_008,13
2024,다아626123,to_in_001,8
2024,다아626123,to_in_007,5
2024,다아626123,to_in_008,0
2024,다아626127,to_in_001,5
2024,다아626127,to_in_007,0
2024,다아626127,to_in_008,5
2024,다아626136,to_in_001,5
2024,다아626136,to_in_007,0
2024,다아626136,to_in_008,0
2024,다아626137,to_in_001,8
2024,다아626137,to_in_007,5
2024,다아626137,to_in_008,5
2024,다아626138,to_in_001,8
2024,다아626138,to_in_007,5
2024,다아626138,to_in_008,5
2024,다아626152,to_in_001,8
2024,다아626152,to_in_007,5
2024,다아626152,to_in_008,8
2024,다아626162,to_in_001,5
2024,다아626162,to_in_007,0
2024,다아626162,to_in_008,5
2024,다아626211,to_in_001,5
2024,다아626211,to_in_007,5
2024,다아626211,to_in_008,0
2024,다아627003,to_in_001,0
2024,다아627003,to_in_007,0
2024,다아627003,to_in_008,0
2024,다아627008,to_in_001,27
2024,다아627008,to_in_007,27
2024,다아627008,to_in_008,0
2024,다아627015,to_in_001,23
2024,다아627015,to_in_007,13
2024,다아627015,to_in_008,13
2024,다아627016,to_in_001,18
2024,다아627016,to_in_007,8
2024,다아627016,to_in_008,8
2024,다아627017,to_in_001,18
2024,다아627017,to_in_007,8
2024,다아627017,to_in_008,8
2024,다아627019,to_in_001,5
2024,다아627019,to_in_007,0
2024,다아627019,to_in_008,0
2024,다아627020,to_in_001,8
2024,다아627020,to_in_007,8
2024,다아627020,to_in_008,5
2024,다아627021,to_in_001,0
2024,다아627021,to_in_007,0
2024,다아627021,to_in_008,0
2024,다아627022,to_in_001,112
2024,다아627022,to_in_007,57
2024,다아627022,to_in_008,58
2024,다아627024,to_in_001,77
2024,다아627024,to_in_007,35
2024,다아627024,to_in_008,45
2024,다아627025,to_in_001,13
2024,다아627025,to_in_007,8
2024,다아627025,to_in_008,8
2024,다아627036,to_in_001,5
2024,다아627036,to_in_007,0
2024,다아627036,to_in_008,0
2024,다아627037,to_in_001,5
2024,다아627037,to_in_007,0
2024,다아627037,to_in_008,5
2024,다아629043,to_in_001,13
2024,다아629043,to_in_007,8
2024,다아629043,to_in_008,8
2024,다아629044,to_in_001,8
2024,다아629044,to_in_007,8
2024,다아629044,to_in_008,0
2024,다아629045,to_in_001,13
2024,다아629045,to_in_007,5
2024,다아629045,to_in_008,8
2024,다아629049,to_in_001,0
2024,다아629049,to_in_007,0
2024,다아629049,to_in_008,0
2024,다아629050,to_in_001,0
2024,다아629050,to_in_007,0
2024,다아629050,to_in_008,0
2024,다아629054,to_in_001,8
2024,다아629054,to_in_007,5
2024,다아629054,to_in_008,8
2024,다아629058,to_in_001,5
2024,다아629058,to_in_007,5
2024,다아629058,to_in_008,0
2024,다아629059,to_in_001,13
2024,다아629059,to_in_007,8
2024,다아629059,to_in_008,5
2024,다아629060,to_in_001,18
2024,다아629060,to_in_007,8
2024,다아629060,to_in_008,13
2024,다아629061,to_in_001,0
2024,다아629061,to_in_007,0
2024,다아629061,to_in_008,0
2024,다아629063,to_in_001,5
2024,다아629063,to_in_007,0
2024,다아629063,to_in_008,0
2024,다아629084,to_in_001,0
2024,다아629084,to_in_007,0
2024,다아629084,to_in_008,0
2024,다아629085,to_in_001,13
2024,다아629085,to_in_007,5
2024,다아629085,to_in_008,8
2024,다아629086,to_in_001,8
2024,다아629086,to_in_007,5
2024,다아629086,to_in_008,8
2024,다아629094,to_in_001,8
2024,다아629094,to_in_007,5
2024,다아629094,to_in_008,5
2024,다아629101,to_in_001,8
2024,다아629101,to_in_007,5
2024,다아629101,to_in_008,5
2024,다아629102,to_in_001,5
2024,다아629102,to_in_007,0
2024,다아629102,to_in_008,0
2024,다아629108,to_in_001,8
2024,다아629108,to_in_007,5
2024,다아629108,to_in_008,5
2024,다아629109,to_in_001,8
2024,다아629109,to_in_007,5
2024,다아629109,to_in_008,8
2024,다아629110,to_in_001,23
2024,다아629110,to_in_007,13
2024,다아629110,to_in_008,13
2024,다아629112,to_in_001,89
2024,다아629112,to_in_007,43
2024,다아629112,to_in_008,49
2024,다아629113,to_in_001,13
2024,다아629113,to_in_007,5
2024,다아629113,to_in_008,8
2024,다아629114,to_in_001,18
2024,다아629114,to_in_007,8
2024,다아629114,to_in_008,8
2024,다아629115,to_in_001,19
2024,다아629115,to_in_007,14
2024,다아629115,to_in_008,5
2024,다아629116,to_in_001,5
2024,다아629116,to_in_007,5
2024,다아629116,to_in_008,0
2024,다아629118,to_in_001,180
2024,다아629118,to_in_007,87
2024,다아629118,to_in_008,96
2024,다아629119,to_in_001,24
2024,다아629119,to_in_007,8
2024,다아629119,to_in_008,14
2024,다아633153,to_in_001,23
2024,다아633153,to_in_007,13
2024,다아633153,to_in_008,8
2024,다아633154,to_in_001,8
2024,다아633154,to_in_007,5
2024,다아633154,to_in_008,5
2024,다아633155,to_in_001,5
2024,다아633155,to_in_007,5
2024,다아633155,to_in_008,0
2024,다아633156,to_in_001,5
2024,다아633156,to_in_007,5
2024,다아633156,to_in_008,5
2024,다아633157,to_in_001,5
2024,다아633157,to_in_007,0
2024,다아633157,to_in_008,0
2024,다아633171,to_in_001,5
2024,다아633171,to_in_007,0
2024,다아633171,to_in_008,5
2024,다아633178,to_in_001,5
2024,다아633178,to_in_007,5
2024,다아633178,to_in_008,0
2024,다아634006,to_in_001,13
2024,다아634006,to_in_007,8
2024,다아634006,to_in_008,0
2024,다아634009,to_in_001,8
2024,다아634009,to_in_007,5
2024,다아634009,to_in_008,5
2024,다아634010,to_in_001,40
2024,다아634010,to_in_007,35
2024,다아634010,to_in_008,5
2024,다아634011,to_in_001,5
2024,다아634011,to_in_007,5
2024,다아634011,to_in_008,0
2024,다아634012,to_in_001,5
2024,다아634012,to_in_007,5
2024,다아634012,to_in_008,0
2024,다아634020,to_in_001,5
2024,다아634020,to_in_007,0
2024,다아634020,to_in_008,5
2024,다아634027,to_in_001,5
2024,다아634027,to_in_007,0
2024,다아634027,to_in_008,0
2024,다아634028,to_in_001,5
2024,다아634028,to_in_007,5
2024,다아634028,to_in_008,5
2024,다아634029,to_in_001,8
2024,다아634029,to_in_007,8
2024,다아634029,to_in_008,5
2024,다아634036,to_in_001,0
2024,다아634036,to_in_007,0
2024,다아634036,to_in_008,0
2024,다아634038,to_in_001,0
2024,다아634038,to_in_007,0
2024,다아634038,to_in_008,0
2024,다아634069,to_in_001,8
2024,다아634069,to_in_007,5
2024,다아634069,to_in_008,5
2024,다아634070,to_in_001,8
2024,다아634070,to_in_007,8
2024,다아634070,to_in_008,5
2024,다아634084,to_in_001,5
2024,다아634084,to_in_007,5
2024,다아634084,to_in_008,0
2024,다아634094,to_in_001,8
2024,다아634094,to_in_007,5
2024,다아634094,to_in_008,5
2024,다아634098,to_in_001,5
2024,다아634098,to_in_007,0
2024,다아634098,to_in_008,0
2024,다아634102,to_in_001,5
2024,다아634102,to_in_007,0
2024,다아634102,to_in_008,5
2024,다아634113,to_in_001,8
2024,다아634113,to_in_007,5
2024,다아634113,to_in_008,5
2024,다아634121,to_in_001,5
2024,다아634121,to_in_007,0
2024,다아634121,to_in_008,0
2024,다아634122,to_in_001,5
2024,다아634122,to_in_007,0
2024,다아634122,to_in_008,5
2024,다아634124,to_in_001,5
2024,다아634124,to_in_007,0
2024,다아634124,to_in_008,5
2024,다아634135,to_in_001,8
2024,다아634135,to_in_007,5
2024,다아634135,to_in_008,5
2024,다아634149,to_in_001,0
2024,다아634149,to_in_007,0
2024,다아634149,to_in_008,0
2024,다아634151,to_in_001,0
2024,다아634151,to_in_007,0
2024,다아634151,to_in_008,0
2024,다아634152,to_in_001,23
2024,다아634152,to_in_007,8
2024,다아634152,to_in_008,13
2024,다아634153,to_in_001,5
2024,다아634153,to_in_007,0
2024,다아634153,to_in_008,0
2024,다아634154,to_in_001,8
2024,다아634154,to_in_007,5
2024,다아634154,to_in_008,5
2024,다아634155,to_in_001,5
2024,다아634155,to_in_007,5
2024,다아634155,to_in_008,5
2024,다아634165,to_in_001,0
2024,다아634165,to_in_007,0
2024,다아634165,to_in_008,0
2024,다아634173,to_in_001,5
2024,다아634173,to_in_007,5
2024,다아634173,to_in_008,0
2024,다아635009,to_in_001,23
2024,다아635009,to_in_007,18
2024,다아635009,to_in_008,5
2024,다아635010,to_in_001,24
2024,다아635010,to_in_007,19
2024,다아635010,to_in_008,8
2024,다아635011,to_in_001,85
2024,다아635011,to_in_007,70
2024,다아635011,to_in_008,13
2024,다아635022,to_in_001,8
2024,다아635022,to_in_007,5
2024,다아635022,to_in_008,5
2024,다아635026,to_in_001,5
2024,다아635026,to_in_007,0
2024,다아635026,to_in_008,5
2024,다아635027,to_in_001,0
2024,다아635027,to_in_007,0
2024,다아635027,to_in_008,0
2024,다아635029,to_in_001,8
2024,다아635029,to_in_007,5
2024,다아635029,to_in_008,5
2024,다아635047,to_in_001,5
2024,다아635047,to_in_007,0
2024,다아635047,to_in_008,0
2024,다아635069,to_in_001,5
2024,다아635069,to_in_007,0
2024,다아635069,to_in_008,5
2024,다아635070,to_in_001,8
2024,다아635070,to_in_007,5
2024,다아635070,to_in_008,8
2024,다아635081,to_in_001,0
2024,다아635081,to_in_007,0
2024,다아635081,to_in_008,0
2024,다아635082,to_in_001,0
2024,다아635082,to_in_007,0
2024,다아635082,to_in_008,0
2024,다아635085,to_in_001,5
2024,다아635085,to_in_007,5
2024,다아635085,to_in_008,5
2024,다아635093,to_in_001,5
2024,다아635093,to_in_007,0
2024,다아635093,to_in_008,0
2024,다아635103,to_in_001,5
2024,다아635103,to_in_007,0
2024,다아635103,to_in_008,0
2024,다아635134,to_in_001,5
2024,다아635134,to_in_007,0
2024,다아635134,to_in_008,5
2024,다아635135,to_in_001,5
2024,다아635135,to_in_007,5
2024,다아635135,to_in_008,5
2024,다아638094,to_in_001,5
2024,다아638094,to_in_007,0
2024,다아638094,to_in_008,5
2024,다아638095,to_in_001,13
2024,다아638095,to_in_007,8
2024,다아638095,to_in_008,8
2024,다아638099,to_in_001,5
2024,다아638099,to_in_007,5
2024,다아638099,to_in_008,0
2024,다아638133,to_in_001,0
2024,다아638133,to_in_007,0
2024,다아638133,to_in_008,0
2024,다아638144,to_in_001,5
2024,다아638144,to_in_007,0
2024,다아638144,to_in_008,0
2024,다아638157,to_in_001,5
2024,다아638157,to_in_007,0
2024,다아638157,to_in_008,0
2024,다아638158,to_in_001,5
2024,다아638158,to_in_007,0
2024,다아638158,to_in_008,5
2024,다아638159,to_in_001,5
2024,다아638159,to_in_007,0
2024,다아638159,to_in_008,5
2024,다아638179,to_in_001,5
2024,다아638179,to_in_007,5
2024,다아638179,to_in_008,0
2024,다아639013,to_in_001,5
2024,다아639013,to_in_007,5
2024,다아639013,to_in_008,0
2024,다아639027,to_in_001,5
2024,다아639027,to_in_007,0
2024,다아639027,to_in_008,0
2024,다아639028,to_in_001,8
2024,다아639028,to_in_007,5
2024,다아639028,to_in_008,5
2024,다아639030,to_in_001,5
2024,다아639030,to_in_007,0
2024,다아639030,to_in_008,0
2024,다아639031,to_in_001,5
2024,다아639031,to_in_007,0
2024,다아639031,to_in_008,5
2024,다아639044,to_in_001,8
2024,다아639044,to_in_007,8
2024,다아639044,to_in_008,0
2024,다아639045,to_in_001,0
2024,다아639045,to_in_007,0
2024,다아639045,to_in_008,0
2024,다아639046,to_in_001,8
2024,다아639046,to_in_007,8
2024,다아639046,to_in_008,5
2024,다아639071,to_in_001,5
2024,다아639071,to_in_007,5
2024,다아639071,to_in_008,0
2024,다아639077,to_in_001,8
2024,다아639077,to_in_007,5
2024,다아639077,to_in_008,5
2024,다아639080,to_in_001,0
2024,다아639080,to_in_007,0
2024,다아639080,to_in_008,0
2024,다아639084,to_in_001,5
2024,다아639084,to_in_007,5
2024,다아639084,to_in_008,5
2024,다아639095,to_in_001,8
2024,다아639095,to_in_007,5
2024,다아639095,to_in_008,5
2024,다아639098,to_in_001,5
2024,다아639098,to_in_007,5
2024,다아639098,to_in_008,0
2024,다아639133,to_in_001,0
2024,다아639133,to_in_007,0
2024,다아639133,to_in_008,0
2024,다아639137,to_in_001,5
2024,다아639137,to_in_007,5
2024,다아639137,to_in_008,0
2024,다아639144,to_in_001,5
2024,다아639144,to_in_007,5
2024,다아639144,to_in_008,0
2024,다아639145,to_in_001,5
2024,다아639145,to_in_007,0
2024,다아639145,to_in_008,5
2024,다아639154,to_in_001,8
2024,다아639154,to_in_007,5
2024,다아639154,to_in_008,5
2024,다아642200,to_in_001,13
2024,다아642200,to_in_007,8
2024,다아642200,to_in_008,8
2024,다아643009,to_in_001,0
2024,다아643009,to_in_007,0
2024,다아643009,to_in_008,0
2024,다아643014,to_in_001,5
2024,다아643014,to_in_007,0
2024,다아643014,to_in_008,0
2024,다아643015,to_in_001,5
2024,다아643015,to_in_007,5
2024,다아643015,to_in_008,5
2024,다아643046,to_in_001,8
2024,다아643046,to_in_007,8
2024,다아643046,to_in_008,5
2024,다아643047,to_in_001,5
2024,다아643047,to_in_007,0
2024,다아643047,to_in_008,0
2024,다아643049,to_in_001,5
2024,다아643049,to_in_007,5
2024,다아643049,to_in_008,0
2024,다아643099,to_in_001,5
2024,다아643099,to_in_007,0
2024,다아643099,to_in_008,0
2024,다아643100,to_in_001,5
2024,다아643100,to_in_007,5
2024,다아643100,to_in_008,0
2024,다아643156,to_in_001,0
2024,다아643156,to_in_007,0
2024,다아643156,to_in_008,0
2024,다아643157,to_in_001,5
2024,다아643157,to_in_007,5
2024,다아643157,to_in_008,0
2024,다아643158,to_in_001,8
2024,다아643158,to_in_007,5
2024,다아643158,to_in_008,5
2024,다아643159,to_in_001,8
2024,다아643159,to_in_007,5
2024,다아643159,to_in_008,5
2024,다아643160,to_in_001,8
2024,다아643160,to_in_007,5
2024,다아643160,to_in_008,8
2024,다아643166,to_in_001,5
2024,다아643166,to_in_007,0
2024,다아643166,to_in_008,0
2024,다아643197,to_in_001,5
2024,다아643197,to_in_007,0
2024,다아643197,to_in_008,5
2024,다아643199,to_in_001,13
2024,다아643199,to_in_007,13
2024,다아643199,to_in_008,5
2024,다아643200,to_in_001,0
2024,다아643200,to_in_007,0
2024,다아643200,to_in_008,0
2024,다아644006,to_in_001,5
2024,다아644006,to_in_007,5
2024,다아644006,to_in_008,0
2024,다아644009,to_in_001,5
2024,다아644009,to_in_007,5
2024,다아644009,to_in_008,0
2024,다아644047,to_in_001,8
2024,다아644047,to_in_007,5
2024,다아644047,to_in_008,5
2024,다아644048,to_in_001,5
2024,다아644048,to_in_007,5
2024,다아644048,to_in_008,5
2024,다아644049,to_in_001,8
2024,다아644049,to_in_007,5
2024,다아644049,to_in_008,8
2024,다아644050,to_in_001,0
2024,다아644050,to_in_007,0
2024,다아644050,to_in_008,0
2024,다아644073,to_in_001,8
2024,다아644073,to_in_007,5
2024,다아644073,to_in_008,0
2024,다아644074,to_in_001,5
2024,다아644074,to_in_007,5
2024,다아644074,to_in_008,0
2024,다아644075,to_in_001,0
2024,다아644075,to_in_007,0
2024,다아644075,to_in_008,0
2024,다아644157,to_in_001,5
2024,다아644157,to_in_007,0
2024,다아644157,to_in_008,5
2024,다아644160,to_in_001,18
2024,다아644160,to_in_007,8
2024,다아644160,to_in_008,8
2024,다아649173,to_in_001,0
2024,다아649173,to_in_007,0
2024,다아649173,to_in_008,0
2024,다아649177,to_in_001,5
2024,다아649177,to_in_007,5
2024,다아649177,to_in_008,0
2024,다아649180,to_in_001,5
2024,다아649180,to_in_007,5
2024,다아649180,to_in_008,0
2024,다아649184,to_in_001,8
2024,다아649184,to_in_007,5
2024,다아649184,to_in_008,5
2024,다아649193,to_in_001,8
2024,다아649193,to_in_007,5
2024,다아649193,to_in_008,5
2024,다아649194,to_in_001,5
2024,다아649194,to_in_007,5
2024,다아649194,to_in_008,0
2024,다아649195,to_in_001,8
2024,다아649195,to_in_007,5
2024,다아649195,to_in_008,5
2024,다아649196,to_in_001,8
2024,다아649196,to_in_007,5
2024,다아649196,to_in_008,5
2024,다아650005,to_in_001,5
2024,다아650005,to_in_007,0
2024,다아650005,to_in_008,0
2024,다아650009,to_in_001,5
2024,다아650009,to_in_007,5
2024,다아650009,to_in_008,0
2024,다아650015,to_in_001,8
2024,다아650015,to_in_007,5
2024,다아650015,to_in_008,5
2024,다아650021,to_in_001,8
2024,다아650021,to_in_007,8
2024,다아650021,to_in_008,5
2024,다아650029,to_in_001,0
2024,다아650029,to_in_007,0
2024,다아650029,to_in_008,0
2024,다아650032,to_in_001,5
2024,다아650032,to_in_007,5
2024,다아650032,to_in_008,0
2024,다아650035,to_in_001,23
2024,다아650035,to_in_007,8
2024,다아650035,to_in_008,13
2024,다아650036,to_in_001,28
2024,다아650036,to_in_007,13
2024,다아650036,to_in_008,13
2024,다아650040,to_in_001,8
2024,다아650040,to_in_007,8
2024,다아650040,to_in_008,0
2024,다아650066,to_in_001,5
2024,다아650066,to_in_007,0
2024,다아650066,to_in_008,5
2024,다아650071,to_in_001,5
2024,다아650071,to_in_007,0
2024,다아650071,to_in_008,5
2024,다아650079,to_in_001,5
2024,다아650079,to_in_007,5
2024,다아650079,to_in_008,0
2024,다아650178,to_in_001,5
2024,다아650178,to_in_007,0
2024,다아650178,to_in_008,0
2024,다아650179,to_in_001,5
2024,다아650179,to_in_007,0
2024,다아650179,to_in_008,5
2024,다아650181,to_in_001,8
2024,다아650181,to_in_007,5
2024,다아650181,to_in_008,5
2024,다아650185,to_in_001,8
2024,다아650185,to_in_007,5
2024,다아650185,to_in_008,5
2024,다아650188,to_in_001,5
2024,다아650188,to_in_007,0
2024,다아650188,to_in_008,0
2024,다아650193,to_in_001,5
2024,다아650193,to_in_007,0
2024,다아650193,to_in_008,0
2024,다아650194,to_in_001,0
2024,다아650194,to_in_007,0
2024,다아650194,to_in_008,0
2024,다아650196,to_in_001,5
2024,다아650196,to_in_007,0
2024,다아650196,to_in_008,0
2024,다아650197,to_in_001,8
2024,다아650197,to_in_007,8
2024,다아650197,to_in_008,5
2024,다아650211,to_in_001,0
2024,다아650211,to_in_007,0
2024,다아650211,to_in_008,0
2024,다아651015,to_in_001,5
2024,다아651015,to_in_007,5
2024,다아651015,to_in_008,5
2024,다아651021,to_in_001,5
2024,다아651021,to_in_007,0
2024,다아651021,to_in_008,5
2024,다아651025,to_in_001,19
2024,다아651025,to_in_007,19
2024,다아651025,to_in_008,0
2024,다아651030,to_in_001,5
2024,다아651030,to_in_007,5
2024,다아651030,to_in_008,0
2024,다아651031,to_in_001,5
2024,다아651031,to_in_007,5
2024,다아651031,to_in_008,0
2024,다아651035,to_in_001,5
2024,다아651035,to_in_007,5
2024,다아651035,to_in_008,5
2024,다아651036,to_in_001,8
2024,다아651036,to_in_007,8
2024,다아651036,to_in_008,5
2024,다아651037,to_in_001,8
2024,다아651037,to_in_007,5
2024,다아651037,to_in_008,5
2024,다아651038,to_in_001,8
2024,다아651038,to_in_007,8
2024,다아651038,to_in_008,0
2024,다아651039,to_in_001,5
2024,다아651039,to_in_007,5
2024,다아651039,to_in_008,5
2024,다아651043,to_in_001,5
2024,다아651043,to_in_007,0
2024,다아651043,to_in_008,5
2024,다아651070,to_in_001,0
2024,다아651070,to_in_007,0
2024,다아651070,to_in_008,0
2024,다아651152,to_in_001,5
2024,다아651152,to_in_007,0
2024,다아651152,to_in_008,0
2024,다아651177,to_in_001,5
2024,다아651177,to_in_007,5
2024,다아651177,to_in_008,0
2024,다아651178,to_in_001,5
2024,다아651178,to_in_007,5
2024,다아651178,to_in_008,0
2024,다아651180,to_in_001,8
2024,다아651180,to_in_007,5
2024,다아651180,to_in_008,5
2024,다아651181,to_in_001,5
2024,다아651181,to_in_007,0
2024,다아651181,to_in_008,5
2024,다아654195,to_in_001,5
2024,다아654195,to_in_007,5
2024,다아654195,to_in_008,0
2024,다아654196,to_in_001,5
2024,다아654196,to_in_007,5
2024,다아654196,to_in_008,0
2024,다아654198,to_in_001,8
2024,다아654198,to_in_007,8
2024,다아654198,to_in_008,0
2024,다아654199,to_in_001,5
2024,다아654199,to_in_007,0
2024,다아654199,to_in_008,0
2024,다아654200,to_in_001,8
2024,다아654200,to_in_007,5
2024,다아654200,to_in_008,8
2024,다아654201,to_in_001,8
2024,다아654201,to_in_007,5
2024,다아654201,to_in_008,8
2024,다아654202,to_in_001,69
2024,다아654202,to_in_007,30
2024,다아654202,to_in_008,37
2024,다아654204,to_in_001,63
2024,다아654204,to_in_007,33
2024,다아654204,to_in_008,28
2024,다아654205,to_in_001,48
2024,다아654205,to_in_007,23
2024,다아654205,to_in_008,28
2024,다아654206,to_in_001,18
2024,다아654206,to_in_007,8
2024,다아654206,to_in_008,8
2024,다아654207,to_in_001,13
2024,다아654207,to_in_007,8
2024,다아654207,to_in_008,5
2024,다아654211,to_in_001,8
2024,다아654211,to_in_007,5
2024,다아654211,to_in_008,5
2024,다아654214,to_in_001,18
2024,다아654214,to_in_007,8
2024,다아654214,to_in_008,8
2024,다아654215,to_in_001,5
2024,다아654215,to_in_007,0
2024,다아654215,to_in_008,0
2024,다아655022,to_in_001,5
2024,다아655022,to_in_007,0
2024,다아655022,to_in_008,0
2024,다아655026,to_in_001,5
2024,다아655026,to_in_007,0
2024,다아655026,to_in_008,0
2024,다아655031,to_in_001,23
2024,다아655031,to_in_007,13
2024,다아655031,to_in_008,8
2024,다아655032,to_in_001,23
2024,다아655032,to_in_007,13
2024,다아655032,to_in_008,13
2024,다아655033,to_in_001,18
2024,다아655033,to_in_007,8
2024,다아655033,to_in_008,13
2024,다아655034,to_in_001,13
2024,다아655034,to_in_007,8
2024,다아655034,to_in_008,5
2024,다아655035,to_in_001,13
2024,다아655035,to_in_007,8
2024,다아655035,to_in_008,5
2024,다아655036,to_in_001,5
2024,다아655036,to_in_007,0
2024,다아655036,to_in_008,5
2024,다아655037,to_in_001,5
2024,다아655037,to_in_007,0
2024,다아655037,to_in_008,0
2024,다아655057,to_in_001,5
2024,다아655057,to_in_007,5
2024,다아655057,to_in_008,0
2024,다아655058,to_in_001,13
2024,다아655058,to_in_007,5
2024,다아655058,to_in_008,8
2024,다아655059,to_in_001,13
2024,다아655059,to_in_007,8
2024,다아655059,to_in_008,8
2024,다아656204,to_in_001,8
2024,다아656204,to_in_007,5
2024,다아656204,to_in_008,5
2024,다아656205,to_in_001,18
2024,다아656205,to_in_007,8
2024,다아656205,to_in_008,8
2024,다아656206,to_in_001,39
2024,다아656206,to_in_007,19
2024,다아656206,to_in_008,23
2024,다아656207,to_in_001,59
2024,다아656207,to_in_007,34
2024,다아656207,to_in_008,23
2024,다아656208,to_in_001,38
2024,다아656208,to_in_007,18
2024,다아656208,to_in_008,23
2024,다아656209,to_in_001,28
2024,다아656209,to_in_007,13
2024,다아656209,to_in_008,18
2024,다아656210,to_in_001,8
2024,다아656210,to_in_007,8
2024,다아656210,to_in_008,5
2024,다아656211,to_in_001,18
2024,다아656211,to_in_007,8
2024,다아656211,to_in_008,8
2024,다아656212,to_in_001,5
2024,다아656212,to_in_007,0
2024,다아656212,to_in_008,0
2024,다아656214,to_in_001,5
2024,다아656214,to_in_007,0
2024,다아656214,to_in_008,0
2024,다아657013,to_in_001,5
2024,다아657013,to_in_007,5
2024,다아657013,to_in_008,5
2024,다아657026,to_in_001,17
2024,다아657026,to_in_007,17
2024,다아657026,to_in_008,0
2024,다아657027,to_in_001,8
2024,다아657027,to_in_007,5
2024,다아657027,to_in_008,8
2024,다아657032,to_in_001,0
2024,다아657032,to_in_007,0
2024,다아657032,to_in_008,0
2024,다아657033,to_in_001,18
2024,다아657033,to_in_007,8
2024,다아657033,to_in_008,8
2024,다아657034,to_in_001,23
2024,다아657034,to_in_007,13
2024,다아657034,to_in_008,13
2024,다아657035,to_in_001,13
2024,다아657035,to_in_007,5
2024,다아657035,to_in_008,8
2024,다아657036,to_in_001,8
2024,다아657036,to_in_007,8
2024,다아657036,to_in_008,5
2024,다아657037,to_in_001,18
2024,다아657037,to_in_007,8
2024,다아657037,to_in_008,8
2024,다아657038,to_in_001,5
2024,다아657038,to_in_007,0
2024,다아657038,to_in_008,5
2024,다아657039,to_in_001,13
2024,다아657039,to_in_007,8
2024,다아657039,to_in_008,8
2024,다아657040,to_in_001,8
2024,다아657040,to_in_007,5
2024,다아657040,to_in_008,5
2024,다아657041,to_in_001,8
2024,다아657041,to_in_007,5
2024,다아657041,to_in_008,5
2024,다아657055,to_in_001,5
2024,다아657055,to_in_007,0
2024,다아657055,to_in_008,5
2024,다아657056,to_in_001,0
2024,다아657056,to_in_007,0
2024,다아657056,to_in_008,0
2024,다아657057,to_in_001,8
2024,다아657057,to_in_007,8
2024,다아657057,to_in_008,5
2024,다아657058,to_in_001,8
2024,다아657058,to_in_007,5
2024,다아657058,to_in_008,5
2024,다아659072,to_in_001,8
2024,다아659072,to_in_007,5
2024,다아659072,to_in_008,5
2024,다아659098,to_in_001,5
2024,다아659098,to_in_007,0
2024,다아659098,to_in_008,5
2024,다아659099,to_in_001,8
2024,다아659099,to_in_007,8
2024,다아659099,to_in_008,5
2024,다아659100,to_in_001,8
2024,다아659100,to_in_007,5
2024,다아659100,to_in_008,8
2024,다아659113,to_in_001,8
2024,다아659113,to_in_007,5
2024,다아659113,to_in_008,0
2024,다아659198,to_in_001,5
2024,다아659198,to_in_007,0
2024,다아659198,to_in_008,0
2024,다아659199,to_in_001,8
2024,다아659199,to_in_007,5
2024,다아659199,to_in_008,8
2024,다아659200,to_in_001,8
2024,다아659200,to_in_007,8
2024,다아659200,to_in_008,5
2024,다아659205,to_in_001,8
2024,다아659205,to_in_007,5
2024,다아659205,to_in_008,5
2024,다아659208,to_in_001,5
2024,다아659208,to_in_007,0
2024,다아659208,to_in_008,5
2024,다아659210,to_in_001,0
2024,다아659210,to_in_007,0
2024,다아659210,to_in_008,0
2024,다아659211,to_in_001,5
2024,다아659211,to_in_007,5
2024,다아659211,to_in_008,0
2024,다아659212,to_in_001,8
2024,다아659212,to_in_007,5
2024,다아659212,to_in_008,5
2024,다아659213,to_in_001,18
2024,다아659213,to_in_007,8
2024,다아659213,to_in_008,8
2024,다아659215,to_in_001,8
2024,다아659215,to_in_007,5
2024,다아659215,to_in_008,5
2024,다아660026,to_in_001,5
2024,다아660026,to_in_007,0
2024,다아660026,to_in_008,0
2024,다아660039,to_in_001,5
2024,다아660039,to_in_007,0
2024,다아660039,to_in_008,0
2024,다아660040,to_in_001,5
2024,다아660040,to_in_007,5
2024,다아660040,to_in_008,0
2024,다아660041,to_in_001,5
2024,다아660041,to_in_007,5
2024,다아660041,to_in_008,0
2024,다아660042,to_in_001,13
2024,다아660042,to_in_007,8
2024,다아660042,to_in_008,8
2024,다아660048,to_in_001,8
2024,다아660048,to_in_007,8
2024,다아660048,to_in_008,5
2024,다아660049,to_in_001,5
2024,다아660049,to_in_007,0
2024,다아660049,to_in_008,0
2024,다아660050,to_in_001,0
2024,다아660050,to_in_007,0
2024,다아660050,to_in_008,0
2024,다아660084,to_in_001,5
2024,다아660084,to_in_007,0
2024,다아660084,to_in_008,5
2024,다아660180,to_in_001,5
2024,다아660180,to_in_007,5
2024,다아660180,to_in_008,0
2024,다아660196,to_in_001,0
2024,다아660196,to_in_007,0
2024,다아660196,to_in_008,0
2024,다아666025,to_in_001,5
2024,다아666025,to_in_007,0
2024,다아666025,to_in_008,5
2024,다아666026,to_in_001,8
2024,다아666026,to_in_007,5
2024,다아666026,to_in_008,5
2024,다아666027,to_in_001,13
2024,다아666027,to_in_007,8
2024,다아666027,to_in_008,5
2024,다아666028,to_in_001,8
2024,다아666028,to_in_007,5
2024,다아666028,to_in_008,5
2024,다아666029,to_in_001,5
2024,다아666029,to_in_007,0
2024,다아666029,to_in_008,5
2024,다아666031,to_in_001,5
2024,다아666031,to_in_007,5
2024,다아666031,to_in_008,5
2024,다아666032,to_in_001,5
2024,다아666032,to_in_007,0
2024,다아666032,to_in_008,5
2024,다아666033,to_in_001,0
2024,다아666033,to_in_007,0
2024,다아666033,to_in_008,0
2024,다아666038,to_in_001,0
2024,다아666038,to_in_007,0
2024,다아666038,to_in_008,0
2024,다아666042,to_in_001,5
2024,다아666042,to_in_007,0
2024,다아666042,to_in_008,0
2024,다아666073,to_in_001,5
2024,다아666073,to_in_007,0
2024,다아666073,to_in_008,0
2024,다아666178,to_in_001,5
2024,다아666178,to_in_007,0
2024,다아666178,to_in_008,0
2024,다아666217,to_in_001,5
2024,다아666217,to_in_007,0
2024,다아666217,to_in_008,5
2024,다아666218,to_in_001,13
2024,다아666218,to_in_007,8
2024,다아666218,to_in_008,5
2024,다아666224,to_in_001,0
2024,다아666224,to_in_007,0
2024,다아666224,to_in_008,0
2024,다아667020,to_in_001,5
2024,다아667020,to_in_007,5
2024,다아667020,to_in_008,0
2024,다아667022,to_in_001,5
2024,다아667022,to_in_007,5
2024,다아667022,to_in_008,5
2024,다아667027,to_in_001,8
2024,다아667027,to_in_007,5
2024,다아667027,to_in_008,5
2024,다아667029,to_in_001,13
2024,다아667029,to_in_007,8
2024,다아667029,to_in_008,5
2024,다아667030,to_in_001,5
2024,다아667030,to_in_007,5
2024,다아667030,to_in_008,0
2024,다아667042,to_in_001,5
2024,다아667042,to_in_007,0
2024,다아667042,to_in_008,5
2024,다아667070,to_in_001,5
2024,다아667070,to_in_007,5
2024,다아667070,to_in_008,0
2024,다아667073,to_in_001,5
2024,다아667073,to_in_007,0
2024,다아667073,to_in_008,0
2024,다아667176,to_in_001,5
2024,다아667176,to_in_007,0
2024,다아667176,to_in_008,0
2024,다아667177,to_in_001,5
2024,다아667177,to_in_007,5
2024,다아667177,to_in_008,0
2024,다아667219,to_in_001,5
2024,다아667219,to_in_007,0
2024,다아667219,to_in_008,0
2024,다아667236,to_in_001,5
2024,다아667236,to_in_007,5
2024,다아667236,to_in_008,0
2024,다아667242,to_in_001,0
2024,다아667242,to_in_007,0
2024,다아667242,to_in_008,0
2024,다아746228,to_in_001,48
2024,다아746228,to_in_007,23
2024,다아746228,to_in_008,23
2024,다아746229,to_in_001,208
2024,다아746229,to_in_007,112
2024,다아746229,to_in_008,94
2024,다아746230,to_in_001,38
2024,다아746230,to_in_007,18
2024,다아746230,to_in_008,23
2024,다아746231,to_in_001,28
2024,다아746231,to_in_007,13
2024,다아746231,to_in_008,13
2024,다아746232,to_in_001,34
2024,다아746232,to_in_007,19
2024,다아746232,to_in_008,13
2024,다아746233,to_in_001,13
2024,다아746233,to_in_007,8
2024,다아746233,to_in_008,8
2024,다아746234,to_in_001,15
2024,다아746234,to_in_007,15
2024,다아746234,to_in_008,0
2024,다아746235,to_in_001,63
2024,다아746235,to_in_007,38
2024,다아746235,to_in_008,23
2024,다아746236,to_in_001,33
2024,다아746236,to_in_007,18
2024,다아746236,to_in_008,13
2024,다아746237,to_in_001,389
2024,다아746237,to_in_007,202
2024,다아746237,to_in_008,190
2024,다아746238,to_in_001,137
2024,다아746238,to_in_007,73
2024,다아746238,to_in_008,62
2024,다아746239,to_in_001,23
2024,다아746239,to_in_007,13
2024,다아746239,to_in_008,13
2024,다아746240,to_in_001,13
2024,다아746240,to_in_007,8
2024,다아746240,to_in_008,8
2024,다아746241,to_in_001,33
2024,다아746241,to_in_007,18
2024,다아746241,to_in_008,13
2024,다아746242,to_in_001,18
2024,다아746242,to_in_007,13
2024,다아746242,to_in_008,8
2024,다아746243,to_in_001,23
2024,다아746243,to_in_007,8
2024,다아746243,to_in_008,13
2024,다아746244,to_in_001,18
2024,다아746244,to_in_007,8
2024,다아746244,to_in_008,8
2024,다아746245,to_in_001,18
2024,다아746245,to_in_007,8
2024,다아746245,to_in_008,13
2024,다아746246,to_in_001,28
2024,다아746246,to_in_007,13
2024,다아746246,to_in_008,13
2024,다아746247,to_in_001,13
2024,다아746247,to_in_007,5
2024,다아746247,to_in_008,8
2024,다아746248,to_in_001,28
2024,다아746248,to_in_007,13
2024,다아746248,to_in_008,13
2024,다아746249,to_in_001,13
2024,다아746249,to_in_007,8
2024,다아746249,to_in_008,8
2024,다아746250,to_in_001,13
2024,다아746250,to_in_007,5
2024,다아746250,to_in_008,8
2024,다아746251,to_in_001,28
2024,다아746251,to_in_007,13
2024,다아746251,to_in_008,13
2024,다아746252,to_in_001,33
2024,다아746252,to_in_007,18
2024,다아746252,to_in_008,13
2024,다아746254,to_in_001,8
2024,다아746254,to_in_007,8
2024,다아746254,to_in_008,5
2024,다아746271,to_in_001,8
2024,다아746271,to_in_007,0
2024,다아746271,to_in_008,8
2024,다아746272,to_in_001,13
2024,다아746272,to_in_007,8
2024,다아746272,to_in_008,5
2024,다아746273,to_in_001,5
2024,다아746273,to_in_007,0
2024,다아746273,to_in_008,0
2024,다아746274,to_in_001,18
2024,다아746274,to_in_007,8
2024,다아746274,to_in_008,8
2024,다아746275,to_in_001,8
2024,다아746275,to_in_007,5
2024,다아746275,to_in_008,5
2024,다아746331,to_in_001,8
2024,다아746331,to_in_007,8
2024,다아746331,to_in_008,0
2024,다아747017,to_in_001,28
2024,다아747017,to_in_007,18
2024,다아747017,to_in_008,13
2024,다아747018,to_in_001,18
2024,다아747018,to_in_007,8
2024,다아747018,to_in_008,13
2024,다아747019,to_in_001,13
2024,다아747019,to_in_007,8
2024,다아747019,to_in_008,5
2024,다아747020,to_in_001,5
2024,다아747020,to_in_007,5
2024,다아747020,to_in_008,0
2024,다아747021,to_in_001,0
2024,다아747021,to_in_007,0
2024,다아747021,to_in_008,0
2024,다아747069,to_in_001,5
2024,다아747069,to_in_007,0
2024,다아747069,to_in_008,5
2024,다아747119,to_in_001,5
2024,다아747119,to_in_007,0
2024,다아747119,to_in_008,0
2024,다아748274,to_in_001,5
2024,다아748274,to_in_007,5
2024,다아748274,to_in_008,0
2024,다아748275,to_in_001,8
2024,다아748275,to_in_007,5
2024,다아748275,to_in_008,0
2024,다아749017,to_in_001,8
2024,다아749017,to_in_007,8
2024,다아749017,to_in_008,5
2024,다아749018,to_in_001,28
2024,다아749018,to_in_007,13
2024,다아749018,to_in_008,13
2024,다아749019,to_in_001,13
2024,다아749019,to_in_007,8
2024,다아749019,to_in_008,8
2024,다아749020,to_in_001,5
2024,다아749020,to_in_007,5
2024,다아749020,to_in_008,0
2024,다아749050,to_in_001,0
2024,다아749050,to_in_007,0
2024,다아749050,to_in_008,0
2024,다아749085,to_in_001,8
2024,다아749085,to_in_007,5
2024,다아749085,to_in_008,5
2024,다아749087,to_in_001,5
2024,다아749087,to_in_007,0
2024,다아749087,to_in_008,5
2024,다아749111,to_in_001,5
2024,다아749111,to_in_007,5
2024,다아749111,to_in_008,0
2024,다아749123,to_in_001,8
2024,다아749123,to_in_007,5
2024,다아749123,to_in_008,8
2024,다아749128,to_in_001,5
2024,다아749128,to_in_007,5
2024,다아749128,to_in_008,0
2024,다아749138,to_in_001,5
2024,다아749138,to_in_007,0
2024,다아749138,to_in_008,5
2024,다아749143,to_in_001,8
2024,다아749143,to_in_007,8
2024,다아749143,to_in_008,5
2024,다아749144,to_in_001,5
2024,다아749144,to_in_007,0
2024,다아749144,to_in_008,0
2024,다아749221,to_in_001,8
2024,다아749221,to_in_007,8
2024,다아749221,to_in_008,5
2024,다아749222,to_in_001,5
2024,다아749222,to_in_007,0
2024,다아749222,to_in_008,5
2024,다아749223,to_in_001,5
2024,다아749223,to_in_007,0
2024,다아749223,to_in_008,0
2024,다아749224,to_in_001,8
2024,다아749224,to_in_007,5
2024,다아749224,to_in_008,5
2024,다아749225,to_in_001,8
2024,다아749225,to_in_007,5
2024,다아749225,to_in_008,5
2024,다아749226,to_in_001,73
2024,다아749226,to_in_007,38
2024,다아749226,to_in_008,38
2024,다아749227,to_in_001,18
2024,다아749227,to_in_007,8
2024,다아749227,to_in_008,8
2024,다아749228,to_in_001,71
2024,다아749228,to_in_007,38
2024,다아749228,to_in_008,36
2024,다아749229,to_in_001,43
2024,다아749229,to_in_007,18
2024,다아749229,to_in_008,23
2024,다아749230,to_in_001,38
2024,다아749230,to_in_007,18
2024,다아749230,to_in_008,18
2024,다아749231,to_in_001,55
2024,다아749231,to_in_007,30
2024,다아749231,to_in_008,23
2024,다아749232,to_in_001,94
2024,다아749232,to_in_007,45
2024,다아749232,to_in_008,52
2024,다아749233,to_in_001,48
2024,다아749233,to_in_007,23
2024,다아749233,to_in_008,23
2024,다아749234,to_in_001,33
2024,다아749234,to_in_007,18
2024,다아749234,to_in_008,18
2024,다아749235,to_in_001,33
2024,다아749235,to_in_007,13
2024,다아749235,to_in_008,18
2024,다아749236,to_in_001,48
2024,다아749236,to_in_007,23
2024,다아749236,to_in_008,23
2024,다아749237,to_in_001,48
2024,다아749237,to_in_007,28
2024,다아749237,to_in_008,18
2024,다아749238,to_in_001,91
2024,다아749238,to_in_007,42
2024,다아749238,to_in_008,47
2024,다아641069,to_in_001,5
2024,다아641069,to_in_007,0
2024,다아641069,to_in_008,5
2024,다아641070,to_in_001,8
2024,다아641070,to_in_007,8
2024,다아641070,to_in_008,5
2024,다아641079,to_in_001,0
2024,다아641079,to_in_007,0
2024,다아641079,to_in_008,0
2024,다아641097,to_in_001,5
2024,다아641097,to_in_007,5
2024,다아641097,to_in_008,0
2024,다아641137,to_in_001,5
2024,다아641137,to_in_007,5
2024,다아641137,to_in_008,5
2024,다아641149,to_in_001,5
2024,다아641149,to_in_007,5
2024,다아641149,to_in_008,0
2024,다아641150,to_in_001,5
2024,다아641150,to_in_007,0
2024,다아641150,to_in_008,5
2024,다아641156,to_in_001,5
2024,다아641156,to_in_007,0
2024,다아641156,to_in_008,5
2024,다아641157,to_in_001,8
2024,다아641157,to_in_007,0
2024,다아641157,to_in_008,5
2024,다아641167,to_in_001,5
2024,다아641167,to_in_007,5
2024,다아641167,to_in_008,5
2024,다아641168,to_in_001,5
2024,다아641168,to_in_007,5
2024,다아641168,to_in_008,0
2024,다아641169,to_in_001,5
2024,다아641169,to_in_007,5
2024,다아641169,to_in_008,5
2024,다아641170,to_in_001,5
2024,다아641170,to_in_007,5
2024,다아641170,to_in_008,0
2024,다아641179,to_in_001,5
2024,다아641179,to_in_007,0
2024,다아641179,to_in_008,0
2024,다아642011,to_in_001,8
2024,다아642011,to_in_007,8
2024,다아642011,to_in_008,5
2024,다아642023,to_in_001,0
2024,다아642023,to_in_007,0
2024,다아642023,to_in_008,0
2024,다아642035,to_in_001,5
2024,다아642035,to_in_007,5
2024,다아642035,to_in_008,0
2024,다아642037,to_in_001,5
2024,다아642037,to_in_007,0
2024,다아642037,to_in_008,0
2024,다아642045,to_in_001,5
2024,다아642045,to_in_007,0
2024,다아642045,to_in_008,5
2024,다아642079,to_in_001,0
2024,다아642079,to_in_007,0
2024,다아642079,to_in_008,0
2024,다아642098,to_in_001,8
2024,다아642098,to_in_007,8
2024,다아642098,to_in_008,5
2024,다아642099,to_in_001,5
2024,다아642099,to_in_007,5
2024,다아642099,to_in_008,0
2024,다아642158,to_in_001,5
2024,다아642158,to_in_007,0
2024,다아642158,to_in_008,5
2024,다아642167,to_in_001,0
2024,다아642167,to_in_007,0
2024,다아642167,to_in_008,0
2024,다아642177,to_in_001,5
2024,다아642177,to_in_007,5
2024,다아642177,to_in_008,0
2024,다아642179,to_in_001,5
2024,다아642179,to_in_007,5
2024,다아642179,to_in_008,5
2024,다아646194,to_in_001,5
2024,다아646194,to_in_007,5
2024,다아646194,to_in_008,5
2024,다아646195,to_in_001,5
2024,다아646195,to_in_007,5
2024,다아646195,to_in_008,0
2024,다아646196,to_in_001,8
2024,다아646196,to_in_007,5
2024,다아646196,to_in_008,5
2024,다아647001,to_in_001,8
2024,다아647001,to_in_007,5
2024,다아647001,to_in_008,5
2024,다아647030,to_in_001,5
2024,다아647030,to_in_007,0
2024,다아647030,to_in_008,5
2024,다아647040,to_in_001,24
2024,다아647040,to_in_007,14
2024,다아647040,to_in_008,8
2024,다아647043,to_in_001,5
2024,다아647043,to_in_007,0
2024,다아647043,to_in_008,5
2024,다아647045,to_in_001,5
2024,다아647045,to_in_007,5
2024,다아647045,to_in_008,5
2024,다아647046,to_in_001,0
2024,다아647046,to_in_007,0
2024,다아647046,to_in_008,0
2024,다아647069,to_in_001,13
2024,다아647069,to_in_007,8
2024,다아647069,to_in_008,8
2024,다아647077,to_in_001,0
2024,다아647077,to_in_007,0
2024,다아647077,to_in_008,0
2024,다아647078,to_in_001,0
2024,다아647078,to_in_007,0
2024,다아647078,to_in_008,0
2024,다아647098,to_in_001,8
2024,다아647098,to_in_007,5
2024,다아647098,to_in_008,5
2024,다아647099,to_in_001,5
2024,다아647099,to_in_007,0
2024,다아647099,to_in_008,0
2024,다아647152,to_in_001,5
2024,다아647152,to_in_007,5
2024,다아647152,to_in_008,0
2024,다아647166,to_in_001,5
2024,다아647166,to_in_007,0
2024,다아647166,to_in_008,5
2024,다아647167,to_in_001,5
2024,다아647167,to_in_007,0
2024,다아647167,to_in_008,0
2024,다아647168,to_in_001,0
2024,다아647168,to_in_007,0
2024,다아647168,to_in_008,0
2024,다아647169,to_in_001,5
2024,다아647169,to_in_007,0
2024,다아647169,to_in_008,5
2024,다아647172,to_in_001,0
2024,다아647172,to_in_007,0
2024,다아647172,to_in_008,0
2024,다아647181,to_in_001,5
2024,다아647181,to_in_007,5
2024,다아647181,to_in_008,0
2024,다아648016,to_in_001,0
2024,다아648016,to_in_007,0
2024,다아648016,to_in_008,0
2024,다아648043,to_in_001,5
2024,다아648043,to_in_007,5
2024,다아648043,to_in_008,0
2024,다아648044,to_in_001,8
2024,다아648044,to_in_007,8
2024,다아648044,to_in_008,5
2024,다아648046,to_in_001,13
2024,다아648046,to_in_007,8
2024,다아648046,to_in_008,8
2024,다아648058,to_in_001,5
2024,다아648058,to_in_007,0
2024,다아648058,to_in_008,5
2024,다아648068,to_in_001,43
2024,다아648068,to_in_007,13
2024,다아648068,to_in_008,33
2024,다아648069,to_in_001,5
2024,다아648069,to_in_007,5
2024,다아648069,to_in_008,5
2024,다아648070,to_in_001,5
2024,다아648070,to_in_007,5
2024,다아648070,to_in_008,0
2024,다아648079,to_in_001,13
2024,다아648079,to_in_007,13
2024,다아648079,to_in_008,0
2024,다아648100,to_in_001,5
2024,다아648100,to_in_007,5
2024,다아648100,to_in_008,0
2024,다아648169,to_in_001,8
2024,다아648169,to_in_007,5
2024,다아648169,to_in_008,5
2024,다아648177,to_in_001,8
2024,다아648177,to_in_007,0
2024,다아648177,to_in_008,8
2024,다아648192,to_in_001,5
2024,다아648192,to_in_007,5
2024,다아648192,to_in_008,0
2024,다아648193,to_in_001,8
2024,다아648193,to_in_007,5
2024,다아648193,to_in_008,5
2024,다아648194,to_in_001,13
2024,다아648194,to_in_007,8
2024,다아648194,to_in_008,8
2024,다아649006,to_in_001,8
2024,다아649006,to_in_007,5
2024,다아649006,to_in_008,5
2024,다아649015,to_in_001,5
2024,다아649015,to_in_007,0
2024,다아649015,to_in_008,5
2024,다아649020,to_in_001,0
2024,다아649020,to_in_007,0
2024,다아649020,to_in_008,0
2024,다아649021,to_in_001,5
2024,다아649021,to_in_007,5
2024,다아649021,to_in_008,0
2024,다아649035,to_in_001,8
2024,다아649035,to_in_007,5
2024,다아649035,to_in_008,5
2024,다아649047,to_in_001,0
2024,다아649047,to_in_007,0
2024,다아649047,to_in_008,0
2024,다아649058,to_in_001,5
2024,다아649058,to_in_007,5
2024,다아649058,to_in_008,5
2024,다아649070,to_in_001,0
2024,다아649070,to_in_007,0
2024,다아649070,to_in_008,0
2024,다아649079,to_in_001,5
2024,다아649079,to_in_007,5
2024,다아649079,to_in_008,5
2024,다아649098,to_in_001,5
2024,다아649098,to_in_007,5
2024,다아649098,to_in_008,0
2024,다아653201,to_in_001,18
2024,다아653201,to_in_007,8
2024,다아653201,to_in_008,8
2024,다아653202,to_in_001,8
2024,다아653202,to_in_007,5
2024,다아653202,to_in_008,5
2024,다아653203,to_in_001,23
2024,다아653203,to_in_007,13
2024,다아653203,to_in_008,8
2024,다아653204,to_in_001,23
2024,다아653204,to_in_007,13
2024,다아653204,to_in_008,13
2024,다아653205,to_in_001,13
2024,다아653205,to_in_007,8
2024,다아653205,to_in_008,8
2024,다아654015,to_in_001,5
2024,다아654015,to_in_007,5
2024,다아654015,to_in_008,5
2024,다아654021,to_in_001,8
2024,다아654021,to_in_007,5
2024,다아654021,to_in_008,5
2024,다아654022,to_in_001,5
2024,다아654022,to_in_007,5
2024,다아654022,to_in_008,0
2024,다아654025,to_in_001,5
2024,다아654025,to_in_007,5
2024,다아654025,to_in_008,5
2024,다아654027,to_in_001,0
2024,다아654027,to_in_007,0
2024,다아654027,to_in_008,0
2024,다아654030,to_in_001,8
2024,다아654030,to_in_007,5
2024,다아654030,to_in_008,5
2024,다아654033,to_in_001,8
2024,다아654033,to_in_007,5
2024,다아654033,to_in_008,8
2024,다아654034,to_in_001,5
2024,다아654034,to_in_007,5
2024,다아654034,to_in_008,5
2024,다아654035,to_in_001,33
2024,다아654035,to_in_007,18
2024,다아654035,to_in_008,13
2024,다아654036,to_in_001,5
2024,다아654036,to_in_007,5
2024,다아654036,to_in_008,5
2024,다아654037,to_in_001,5
2024,다아654037,to_in_007,5
2024,다아654037,to_in_008,5
2024,다아654039,to_in_001,8
2024,다아654039,to_in_007,5
2024,다아654039,to_in_008,0
2024,다아654060,to_in_001,5
2024,다아654060,to_in_007,0
2024,다아654060,to_in_008,0
2024,다아654064,to_in_001,8
2024,다아654064,to_in_007,8
2024,다아654064,to_in_008,8
2024,다아654070,to_in_001,8
2024,다아654070,to_in_007,5
2024,다아654070,to_in_008,5
2024,다아654071,to_in_001,8
2024,다아654071,to_in_007,5
2024,다아654071,to_in_008,5
2024,다아654095,to_in_001,5
2024,다아654095,to_in_007,5
2024,다아654095,to_in_008,5
2024,다아654099,to_in_001,5
2024,다아654099,to_in_007,0
2024,다아654099,to_in_008,5
2024,다아654187,to_in_001,8
2024,다아654187,to_in_007,5
2024,다아654187,to_in_008,5
2024,다아654189,to_in_001,23
2024,다아654189,to_in_007,13
2024,다아654189,to_in_008,8
2024,다아654194,to_in_001,5
2024,다아654194,to_in_007,5
2024,다아654194,to_in_008,5
2024,다아655060,to_in_001,5
2024,다아655060,to_in_007,0
2024,다아655060,to_in_008,0
2024,다아655061,to_in_001,5
2024,다아655061,to_in_007,5
2024,다아655061,to_in_008,5
2024,다아655069,to_in_001,0
2024,다아655069,to_in_007,0
2024,다아655069,to_in_008,0
2024,다아655070,to_in_001,8
2024,다아655070,to_in_007,8
2024,다아655070,to_in_008,5
2024,다아655099,to_in_001,5
2024,다아655099,to_in_007,5
2024,다아655099,to_in_008,5
2024,다아655178,to_in_001,5
2024,다아655178,to_in_007,5
2024,다아655178,to_in_008,0
2024,다아655179,to_in_001,5
2024,다아655179,to_in_007,0
2024,다아655179,to_in_008,5
2024,다아655187,to_in_001,0
2024,다아655187,to_in_007,0
2024,다아655187,to_in_008,0
2024,다아655189,to_in_001,13
2024,다아655189,to_in_007,5
2024,다아655189,to_in_008,8
2024,다아655190,to_in_001,13
2024,다아655190,to_in_007,8
2024,다아655190,to_in_008,8
2024,다아655195,to_in_001,8
2024,다아655195,to_in_007,8
2024,다아655195,to_in_008,5
2024,다아655198,to_in_001,5
2024,다아655198,to_in_007,5
2024,다아655198,to_in_008,0
2024,다아655201,to_in_001,59
2024,다아655201,to_in_007,39
2024,다아655201,to_in_008,23
2024,다아655202,to_in_001,18
2024,다아655202,to_in_007,13
2024,다아655202,to_in_008,8
2024,다아655203,to_in_001,8
2024,다아655203,to_in_007,5
2024,다아655203,to_in_008,5
2024,다아655204,to_in_001,54
2024,다아655204,to_in_007,29
2024,다아655204,to_in_008,28
2024,다아655205,to_in_001,48
2024,다아655205,to_in_007,33
2024,다아655205,to_in_008,18
2024,다아655206,to_in_001,43
2024,다아655206,to_in_007,23
2024,다아655206,to_in_008,23
2024,다아655207,to_in_001,63
2024,다아655207,to_in_007,28
2024,다아655207,to_in_008,33
2024,다아655208,to_in_001,33
2024,다아655208,to_in_007,13
2024,다아655208,to_in_008,18
2024,다아655209,to_in_001,5
2024,다아655209,to_in_007,5
2024,다아655209,to_in_008,5
2024,다아655210,to_in_001,5
2024,다아655210,to_in_007,5
2024,다아655210,to_in_008,5
2024,다아655213,to_in_001,0
2024,다아655213,to_in_007,0
2024,다아655213,to_in_008,0
2024,다아655214,to_in_001,43
2024,다아655214,to_in_007,23
2024,다아655214,to_in_008,18
2024,다아655215,to_in_001,5
2024,다아655215,to_in_007,5
2024,다아655215,to_in_008,0
2024,다아656014,to_in_001,5
2024,다아656014,to_in_007,0
2024,다아656014,to_in_008,0
2024,다아656015,to_in_001,5
2024,다아656015,to_in_007,0
2024,다아656015,to_in_008,0
2024,다아656021,to_in_001,5
2024,다아656021,to_in_007,5
2024,다아656021,to_in_008,0
2024,다아657059,to_in_001,18
2024,다아657059,to_in_007,8
2024,다아657059,to_in_008,8
2024,다아657060,to_in_001,5
2024,다아657060,to_in_007,5
2024,다아657060,to_in_008,5
2024,다아657069,to_in_001,5
2024,다아657069,to_in_007,0
2024,다아657069,to_in_008,5
2024,다아657070,to_in_001,5
2024,다아657070,to_in_007,0
2024,다아657070,to_in_008,0
2024,다아657096,to_in_001,5
2024,다아657096,to_in_007,5
2024,다아657096,to_in_008,5
2024,다아657098,to_in_001,5
2024,다아657098,to_in_007,5
2024,다아657098,to_in_008,0
2024,다아657099,to_in_001,8
2024,다아657099,to_in_007,5
2024,다아657099,to_in_008,5
2024,다아657102,to_in_001,5
2024,다아657102,to_in_007,5
2024,다아657102,to_in_008,0
2024,다아657179,to_in_001,5
2024,다아657179,to_in_007,0
2024,다아657179,to_in_008,5
2024,다아657197,to_in_001,8
2024,다아657197,to_in_007,5
2024,다아657197,to_in_008,5
2024,다아657198,to_in_001,5
2024,다아657198,to_in_007,0
2024,다아657198,to_in_008,0
2024,다아657200,to_in_001,5
2024,다아657200,to_in_007,0
2024,다아657200,to_in_008,5
2024,다아657203,to_in_001,5
2024,다아657203,to_in_007,0
2024,다아657203,to_in_008,0
2024,다아657204,to_in_001,5
2024,다아657204,to_in_007,0
2024,다아657204,to_in_008,5
2024,다아657205,to_in_001,8
2024,다아657205,to_in_007,5
2024,다아657205,to_in_008,5
2024,다아657207,to_in_001,13
2024,다아657207,to_in_007,8
2024,다아657207,to_in_008,8
2024,다아657208,to_in_001,13
2024,다아657208,to_in_007,5
2024,다아657208,to_in_008,8
2024,다아657209,to_in_001,43
2024,다아657209,to_in_007,23
2024,다아657209,to_in_008,23
2024,다아657210,to_in_001,28
2024,다아657210,to_in_007,13
2024,다아657210,to_in_008,13
2024,다아657211,to_in_001,23
2024,다아657211,to_in_007,13
2024,다아657211,to_in_008,13
2024,다아657212,to_in_001,5
2024,다아657212,to_in_007,0
2024,다아657212,to_in_008,0
2024,다아658035,to_in_001,18
2024,다아658035,to_in_007,13
2024,다아658035,to_in_008,8
2024,다아658036,to_in_001,5
2024,다아658036,to_in_007,0
2024,다아658036,to_in_008,5
2024,다아658038,to_in_001,5
2024,다아658038,to_in_007,5
2024,다아658038,to_in_008,5
2024,다아658039,to_in_001,18
2024,다아658039,to_in_007,8
2024,다아658039,to_in_008,8
2024,다아658040,to_in_001,23
2024,다아658040,to_in_007,8
2024,다아658040,to_in_008,13
2024,다아658041,to_in_001,8
2024,다아658041,to_in_007,5
2024,다아658041,to_in_008,5
2024,다아658053,to_in_001,5
2024,다아658053,to_in_007,5
2024,다아658053,to_in_008,0
2024,다아662212,to_in_001,8
2024,다아662212,to_in_007,5
2024,다아662212,to_in_008,5
2024,다아662215,to_in_001,0
2024,다아662215,to_in_007,0
2024,다아662215,to_in_008,0
2024,다아663026,to_in_001,5
2024,다아663026,to_in_007,5
2024,다아663026,to_in_008,5
2024,다아663039,to_in_001,5
2024,다아663039,to_in_007,5
2024,다아663039,to_in_008,5
2024,다아663040,to_in_001,5
2024,다아663040,to_in_007,0
2024,다아663040,to_in_008,0
2024,다아663071,to_in_001,5
2024,다아663071,to_in_007,5
2024,다아663071,to_in_008,5
2024,다아663072,to_in_001,5
2024,다아663072,to_in_007,0
2024,다아663072,to_in_008,0
2024,다아663204,to_in_001,0
2024,다아663204,to_in_007,0
2024,다아663204,to_in_008,0
2024,다아663214,to_in_001,5
2024,다아663214,to_in_007,5
2024,다아663214,to_in_008,0
2024,다아663215,to_in_001,5
2024,다아663215,to_in_007,0
2024,다아663215,to_in_008,5
2024,다아663217,to_in_001,8
2024,다아663217,to_in_007,5
2024,다아663217,to_in_008,5
2024,다아664039,to_in_001,8
2024,다아664039,to_in_007,5
2024,다아664039,to_in_008,8
2024,다아664072,to_in_001,5
2024,다아664072,to_in_007,5
2024,다아664072,to_in_008,0
2024,다아664073,to_in_001,5
2024,다아664073,to_in_007,5
2024,다아664073,to_in_008,0
2024,다아664210,to_in_001,5
2024,다아664210,to_in_007,0
2024,다아664210,to_in_008,5
2024,다아664211,to_in_001,5
2024,다아664211,to_in_007,5
2024,다아664211,to_in_008,0
2024,다아664216,to_in_001,0
2024,다아664216,to_in_007,0
2024,다아664216,to_in_008,0
2024,다아664220,to_in_001,0
2024,다아664220,to_in_007,0
2024,다아664220,to_in_008,0
2024,다아665022,to_in_001,5
2024,다아665022,to_in_007,5
2024,다아665022,to_in_008,0
2024,다아665023,to_in_001,5
2024,다아665023,to_in_007,5
2024,다아665023,to_in_008,5
2024,다아665024,to_in_001,0
2024,다아665024,to_in_007,0
2024,다아665024,to_in_008,0
2024,다아665026,to_in_001,5
2024,다아665026,to_in_007,5
2024,다아665026,to_in_008,5
2024,다아665032,to_in_001,8
2024,다아665032,to_in_007,5
2024,다아665032,to_in_008,8
2024,다아665039,to_in_001,0
2024,다아665039,to_in_007,0
2024,다아665039,to_in_008,0
2024,다아665073,to_in_001,8
2024,다아665073,to_in_007,5
2024,다아665073,to_in_008,5
2024,다아665216,to_in_001,5
2024,다아665216,to_in_007,5
2024,다아665216,to_in_008,5
2024,다아672039,to_in_001,5
2024,다아672039,to_in_007,5
2024,다아672039,to_in_008,0
2024,다아672068,to_in_001,8
2024,다아672068,to_in_007,5
2024,다아672068,to_in_008,5
2024,다아672146,to_in_001,5
2024,다아672146,to_in_007,0
2024,다아672146,to_in_008,0
2024,다아672219,to_in_001,5
2024,다아672219,to_in_007,0
2024,다아672219,to_in_008,5
2024,다아672220,to_in_001,0
2024,다아672220,to_in_007,0
2024,다아672220,to_in_008,0
2024,다아673068,to_in_001,13
2024,다아673068,to_in_007,8
2024,다아673068,to_in_008,8
2024,다아673069,to_in_001,5
2024,다아673069,to_in_007,5
2024,다아673069,to_in_008,0
2024,다아673073,to_in_001,0
2024,다아673073,to_in_007,0
2024,다아673073,to_in_008,0
2024,다아673074,to_in_001,8
2024,다아673074,to_in_007,5
2024,다아673074,to_in_008,0
2024,다아673146,to_in_001,5
2024,다아673146,to_in_007,0
2024,다아673146,to_in_008,5
2024,다아673209,to_in_001,5
2024,다아673209,to_in_007,0
2024,다아673209,to_in_008,0
2024,다아674145,to_in_001,5
2024,다아674145,to_in_007,0
2024,다아674145,to_in_008,0
2024,다아674256,to_in_001,5
2024,다아674256,to_in_007,5
2024,다아674256,to_in_008,0
2024,다아675026,to_in_001,43
2024,다아675026,to_in_007,23
2024,다아675026,to_in_008,18
2024,다아675033,to_in_001,5
2024,다아675033,to_in_007,5
2024,다아675033,to_in_008,5
2024,다아675078,to_in_001,5
2024,다아675078,to_in_007,0
2024,다아675078,to_in_008,0
2024,다아675144,to_in_001,0
2024,다아675144,to_in_007,0
2024,다아675144,to_in_008,0
2024,다아675208,to_in_001,0
2024,다아675208,to_in_007,0
2024,다아675208,to_in_008,0
2024,다아675223,to_in_001,5
2024,다아675223,to_in_007,0
2024,다아675223,to_in_008,0
2024,다아676024,to_in_001,0
2024,다아676024,to_in_007,0
2024,다아676024,to_in_008,0
2024,다아676025,to_in_001,5
2024,다아676025,to_in_007,0
2024,다아676025,to_in_008,5
2024,다아676026,to_in_001,265
2024,다아676026,to_in_007,147
2024,다아676026,to_in_008,116
2024,다아676234,to_in_001,5
2024,다아676234,to_in_007,5
2024,다아676234,to_in_008,0
2024,다아677024,to_in_001,8
2024,다아677024,to_in_007,0
2024,다아677024,to_in_008,5
2024,다아677025,to_in_001,13
2024,다아677025,to_in_007,8
2024,다아677025,to_in_008,5
2024,다아677078,to_in_001,5
2024,다아677078,to_in_007,0
2024,다아677078,to_in_008,0
2024,다아677149,to_in_001,5
2024,다아677149,to_in_007,0
2024,다아677149,to_in_008,5
2024,다아679029,to_in_001,51
2024,다아679029,to_in_007,33
2024,다아679029,to_in_008,21
2024,다아679040,to_in_001,5
2024,다아679040,to_in_007,5
2024,다아679040,to_in_008,0
2024,다아679042,to_in_001,5
2024,다아679042,to_in_007,5
2024,다아679042,to_in_008,0
2024,다아679149,to_in_001,5
2024,다아679149,to_in_007,0
2024,다아679149,to_in_008,0
2024,다아679150,to_in_001,5
2024,다아679150,to_in_007,0
2024,다아679150,to_in_008,5
2024,다아679151,to_in_001,5
2024,다아679151,to_in_007,5
2024,다아679151,to_in_008,5
2024,다아679174,to_in_001,5
2024,다아679174,to_in_007,0
2024,다아679174,to_in_008,5
2024,다아679175,to_in_001,5
2024,다아679175,to_in_007,0
2024,다아679175,to_in_008,5
2024,다아679217,to_in_001,0
2024,다아679217,to_in_007,0
2024,다아679217,to_in_008,0
2024,다아680023,to_in_001,5
2024,다아680023,to_in_007,5
2024,다아680023,to_in_008,5
2024,다아680024,to_in_001,43
2024,다아680024,to_in_007,18
2024,다아680024,to_in_008,23
2024,다아680025,to_in_001,23
2024,다아680025,to_in_007,13
2024,다아680025,to_in_008,13
2024,다아680026,to_in_001,38
2024,다아680026,to_in_007,23
2024,다아680026,to_in_008,13
2024,다아680027,to_in_001,5
2024,다아680027,to_in_007,0
2024,다아680027,to_in_008,0
2024,다아680028,to_in_001,63
2024,다아680028,to_in_007,48
2024,다아680028,to_in_008,13
2024,다아680142,to_in_001,8
2024,다아680142,to_in_007,5
2024,다아680142,to_in_008,5
2024,다아680144,to_in_001,5
2024,다아680144,to_in_007,0
2024,다아680144,to_in_008,0
2024,다아680151,to_in_001,5
2024,다아680151,to_in_007,5
2024,다아680151,to_in_008,0
2024,다아681023,to_in_001,5
2024,다아681023,to_in_007,5
2024,다아681023,to_in_008,5
2024,다아681024,to_in_001,49
2024,다아681024,to_in_007,29
2024,다아681024,to_in_008,23
2024,다아681025,to_in_001,23
2024,다아681025,to_in_007,13
2024,다아681025,to_in_008,8
2024,다아681026,to_in_001,13
2024,다아681026,to_in_007,8
2024,다아681026,to_in_008,8
2024,다아681029,to_in_001,5
2024,다아681029,to_in_007,5
2024,다아681029,to_in_008,5
2024,다아681143,to_in_001,8
2024,다아681143,to_in_007,8
2024,다아681143,to_in_008,5
2024,다아681164,to_in_001,5
2024,다아681164,to_in_007,5
2024,다아681164,to_in_008,0
2024,다아681216,to_in_001,5
2024,다아681216,to_in_007,0
2024,다아681216,to_in_008,5
2024,다아681217,to_in_001,5
2024,다아681217,to_in_007,0
2024,다아681217,to_in_008,5
2024,다아681237,to_in_001,5
2024,다아681237,to_in_007,5
2024,다아681237,to_in_008,0
2024,다아681242,to_in_001,0
2024,다아681242,to_in_007,0
2024,다아681242,to_in_008,0
2024,다아682024,to_in_001,5
2024,다아682024,to_in_007,5
2024,다아682024,to_in_008,5
2024,다아682025,to_in_001,5
2024,다아682025,to_in_007,0
2024,다아682025,to_in_008,0
2024,다아682143,to_in_001,5
2024,다아682143,to_in_007,0
2024,다아682143,to_in_008,5
2024,다아682166,to_in_001,5
2024,다아682166,to_in_007,5
2024,다아682166,to_in_008,0
2024,다아682216,to_in_001,0
2024,다아682216,to_in_007,0
2024,다아682216,to_in_008,0
2024,다아682232,to_in_001,0
2024,다아682232,to_in_007,0
2024,다아682232,to_in_008,0
2024,다아682234,to_in_001,0
2024,다아682234,to_in_007,0
2024,다아682234,to_in_008,0
2024,다아682236,to_in_001,8
2024,다아682236,to_in_007,5
2024,다아682236,to_in_008,8
2024,다아682237,to_in_001,18
2024,다아682237,to_in_007,13
2024,다아682237,to_in_008,8
2024,다아682238,to_in_001,13
2024,다아682238,to_in_007,5
2024,다아682238,to_in_008,8
2024,다아683024,to_in_001,5
2024,다아683024,to_in_007,5
2024,다아683024,to_in_008,0
2024,다아683144,to_in_001,0
2024,다아683144,to_in_007,0
2024,다아683144,to_in_008,0
2024,다아683158,to_in_001,8
2024,다아683158,to_in_007,5
2024,다아683158,to_in_008,5
2024,다아683159,to_in_001,5
2024,다아683159,to_in_007,0
2024,다아683159,to_in_008,0
2024,다아683229,to_in_001,0
2024,다아683229,to_in_007,0
2024,다아683229,to_in_008,0
2024,다아683234,to_in_001,0
2024,다아683234,to_in_007,0
2024,다아683234,to_in_008,0
2024,다아683235,to_in_001,5
2024,다아683235,to_in_007,5
2024,다아683235,to_in_008,0
2024,다아683236,to_in_001,13
2024,다아683236,to_in_007,8
2024,다아683236,to_in_008,8
2024,다아683237,to_in_001,23
2024,다아683237,to_in_007,13
2024,다아683237,to_in_008,13
2024,다아683238,to_in_001,18
2024,다아683238,to_in_007,8
2024,다아683238,to_in_008,8
2024,다아684023,to_in_001,0
2024,다아684023,to_in_007,0
2024,다아684023,to_in_008,0
2024,다아687239,to_in_001,5
2024,다아687239,to_in_007,0
2024,다아687239,to_in_008,0
2024,다아687240,to_in_001,5
2024,다아687240,to_in_007,5
2024,다아687240,to_in_008,5
2024,다아688020,to_in_001,5
2024,다아688020,to_in_007,0
2024,다아688020,to_in_008,5
2024,다아688162,to_in_001,8
2024,다아688162,to_in_007,5
2024,다아688162,to_in_008,5
2024,다아688166,to_in_001,5
2024,다아688166,to_in_007,5
2024,다아688166,to_in_008,0
2024,다아688169,to_in_001,5
2024,다아688169,to_in_007,5
2024,다아688169,to_in_008,5
2024,다아688172,to_in_001,0
2024,다아688172,to_in_007,0
2024,다아688172,to_in_008,0
2024,다아688173,to_in_001,5
2024,다아688173,to_in_007,0
2024,다아688173,to_in_008,5
2024,다아688174,to_in_001,8
2024,다아688174,to_in_007,5
2024,다아688174,to_in_008,8
2024,다아688236,to_in_001,0
2024,다아688236,to_in_007,0
2024,다아688236,to_in_008,0
2024,다아688237,to_in_001,5
2024,다아688237,to_in_007,5
2024,다아688237,to_in_008,0
2024,다아689018,to_in_001,5
2024,다아689018,to_in_007,0
2024,다아689018,to_in_008,0
2024,다아689019,to_in_001,0
2024,다아689019,to_in_007,0
2024,다아689019,to_in_008,0
2024,다아689020,to_in_001,8
2024,다아689020,to_in_007,8
2024,다아689020,to_in_008,5
2024,다아689166,to_in_001,5
2024,다아689166,to_in_007,5
2024,다아689166,to_in_008,0
2024,다아689174,to_in_001,0
2024,다아689174,to_in_007,0
2024,다아689174,to_in_008,0
2024,다아689177,to_in_001,0
2024,다아689177,to_in_007,0
2024,다아689177,to_in_008,0
2024,다아689237,to_in_001,5
2024,다아689237,to_in_007,0
2024,다아689237,to_in_008,0
2024,다아690010,to_in_001,5
2024,다아690010,to_in_007,0
2024,다아690010,to_in_008,0
2024,다아690174,to_in_001,8
2024,다아690174,to_in_007,5
2024,다아690174,to_in_008,5
2024,다아690175,to_in_001,0
2024,다아690175,to_in_007,0
2024,다아690175,to_in_008,0
2024,다아690176,to_in_001,0
2024,다아690176,to_in_007,0
2024,다아690176,to_in_008,0
2024,다아690237,to_in_001,8
2024,다아690237,to_in_007,5
2024,다아690237,to_in_008,8
2024,다아690241,to_in_001,0
2024,다아690241,to_in_007,0
2024,다아690241,to_in_008,0
2024,다아690242,to_in_001,0
2024,다아690242,to_in_007,0
2024,다아690242,to_in_008,0
2024,다아690259,to_in_001,5
2024,다아690259,to_in_007,0
2024,다아690259,to_in_008,0
2024,다아691019,to_in_001,5
2024,다아691019,to_in_007,0
2024,다아691019,to_in_008,5
2024,다아691237,to_in_001,0
2024,다아691237,to_in_007,0
2024,다아691237,to_in_008,0
2024,다아697013,to_in_001,8
2024,다아697013,to_in_007,5
2024,다아697013,to_in_008,5
2024,다아697014,to_in_001,8
2024,다아697014,to_in_007,5
2024,다아697014,to_in_008,8
2024,다아697015,to_in_001,13
2024,다아697015,to_in_007,8
2024,다아697015,to_in_008,8
2024,다아697016,to_in_001,8
2024,다아697016,to_in_007,5
2024,다아697016,to_in_008,5
2024,다아697017,to_in_001,5
2024,다아697017,to_in_007,5
2024,다아697017,to_in_008,5
2024,다아697174,to_in_001,0
2024,다아697174,to_in_007,0
2024,다아697174,to_in_008,0
2024,다아697175,to_in_001,5
2024,다아697175,to_in_007,0
2024,다아697175,to_in_008,0
2024,다아697177,to_in_001,5
2024,다아697177,to_in_007,0
2024,다아697177,to_in_008,5
2024,다아697179,to_in_001,0
2024,다아697179,to_in_007,0
2024,다아697179,to_in_008,0
2024,다아698012,to_in_001,5
2024,다아698012,to_in_007,0
2024,다아698012,to_in_008,5
2024,다아698013,to_in_001,8
2024,다아698013,to_in_007,5
2024,다아698013,to_in_008,8
2024,다아698014,to_in_001,5
2024,다아698014,to_in_007,5
2024,다아698014,to_in_008,5
2024,다아698015,to_in_001,13
2024,다아698015,to_in_007,8
2024,다아698015,to_in_008,5
2024,다아698016,to_in_001,8
2024,다아698016,to_in_007,5
2024,다아698016,to_in_008,5
2024,다아698017,to_in_001,5
2024,다아698017,to_in_007,0
2024,다아698017,to_in_008,0
2024,다아698172,to_in_001,5
2024,다아698172,to_in_007,0
2024,다아698172,to_in_008,0
2024,다아698179,to_in_001,5
2024,다아698179,to_in_007,0
2024,다아698179,to_in_008,5
2024,다아698180,to_in_001,0
2024,다아698180,to_in_007,0
2024,다아698180,to_in_008,0
2024,다아698289,to_in_001,5
2024,다아698289,to_in_007,0
2024,다아698289,to_in_008,0
2024,다아699015,to_in_001,5
2024,다아699015,to_in_007,0
2024,다아699015,to_in_008,5
2024,다아699020,to_in_001,0
2024,다아699020,to_in_007,0
2024,다아699020,to_in_008,0
2024,다아699170,to_in_001,5
2024,다아699170,to_in_007,5
2024,다아699170,to_in_008,0
2024,다아699171,to_in_001,0
2024,다아699171,to_in_007,0
2024,다아699171,to_in_008,0
2024,다아699187,to_in_001,0
2024,다아699187,to_in_007,0
2024,다아699187,to_in_008,0
2024,다아700080,to_in_001,5
2024,다아700080,to_in_007,0
2024,다아700080,to_in_008,0
2024,다아700266,to_in_001,8
2024,다아700266,to_in_007,8
2024,다아700266,to_in_008,0
2024,다아700267,to_in_001,8
2024,다아700267,to_in_007,8
2024,다아700267,to_in_008,5
2024,다아701019,to_in_001,5
2024,다아701019,to_in_007,0
2024,다아701019,to_in_008,0
2024,다아701287,to_in_001,5
2024,다아701287,to_in_007,0
2024,다아701287,to_in_008,5
2024,다아708291,to_in_001,8
2024,다아708291,to_in_007,8
2024,다아708291,to_in_008,5
2024,다아708292,to_in_001,23
2024,다아708292,to_in_007,8
2024,다아708292,to_in_008,13
2024,다아708293,to_in_001,18
2024,다아708293,to_in_007,8
2024,다아708293,to_in_008,8
2024,다아708294,to_in_001,8
2024,다아708294,to_in_007,5
2024,다아708294,to_in_008,5
2024,다아708295,to_in_001,5
2024,다아708295,to_in_007,0
2024,다아708295,to_in_008,0
2024,다아709017,to_in_001,5
2024,다아709017,to_in_007,5
2024,다아709017,to_in_008,5
2024,다아709023,to_in_001,5
2024,다아709023,to_in_007,5
2024,다아709023,to_in_008,0
2024,다아709286,to_in_001,5
2024,다아709286,to_in_007,0
2024,다아709286,to_in_008,5
2024,다아709294,to_in_001,5
2024,다아709294,to_in_007,0
2024,다아709294,to_in_008,5
2024,다아710018,to_in_001,8
2024,다아710018,to_in_007,0
2024,다아710018,to_in_008,8
2024,다아710019,to_in_001,5
2024,다아710019,to_in_007,0
2024,다아710019,to_in_008,0
2024,다아710023,to_in_001,5
2024,다아710023,to_in_007,5
2024,다아710023,to_in_008,0
2024,다아710274,to_in_001,8
2024,다아710274,to_in_007,5
2024,다아710274,to_in_008,5
2024,다아710275,to_in_001,5
2024,다아710275,to_in_007,0
2024,다아710275,to_in_008,5
2024,다아710281,to_in_001,5
2024,다아710281,to_in_007,0
2024,다아710281,to_in_008,5
2024,다아710286,to_in_001,5
2024,다아710286,to_in_007,5
2024,다아710286,to_in_008,0
2024,다아710294,to_in_001,5
2024,다아710294,to_in_007,5
2024,다아710294,to_in_008,5
2024,다아710297,to_in_001,5
2024,다아710297,to_in_007,0
2024,다아710297,to_in_008,5
2024,다아711018,to_in_001,5
2024,다아711018,to_in_007,5
2024,다아711018,to_in_008,0
2024,다아711019,to_in_001,5
2024,다아711019,to_in_007,0
2024,다아711019,to_in_008,0
2024,다아711020,to_in_001,5
2024,다아711020,to_in_007,0
2024,다아711020,to_in_008,0
2024,다아711021,to_in_001,5
2024,다아711021,to_in_007,0
2024,다아711021,to_in_008,5
2024,다아711025,to_in_001,5
2024,다아711025,to_in_007,5
2024,다아711025,to_in_008,0
2024,다아711279,to_in_001,8
2024,다아711279,to_in_007,8
2024,다아711279,to_in_008,5
2024,다아711280,to_in_001,8
2024,다아711280,to_in_007,5
2024,다아711280,to_in_008,5
2024,다아711281,to_in_001,13
2024,다아711281,to_in_007,5
2024,다아711281,to_in_008,8
2024,다아711282,to_in_001,5
2024,다아711282,to_in_007,0
2024,다아711282,to_in_008,0
2024,다아712018,to_in_001,5
2024,다아712018,to_in_007,5
2024,다아712018,to_in_008,0
2024,다아712019,to_in_001,8
2024,다아712019,to_in_007,5
2024,다아712019,to_in_008,5
2024,다아712025,to_in_001,0
2024,다아712025,to_in_007,0
2024,다아712025,to_in_008,0
2024,다아712275,to_in_001,5
2024,다아712275,to_in_007,0
2024,다아712275,to_in_008,0
2024,다아712280,to_in_001,8
2024,다아712280,to_in_007,5
2024,다아712280,to_in_008,5
2024,다아712281,to_in_001,13
2024,다아712281,to_in_007,5
2024,다아712281,to_in_008,8
2024,다아712282,to_in_001,5
2024,다아712282,to_in_007,0
2024,다아712282,to_in_008,0
2024,다아713012,to_in_001,8
2024,다아713012,to_in_007,5
2024,다아713012,to_in_008,5
2024,다아713017,to_in_001,5
2024,다아713017,to_in_007,5
2024,다아713017,to_in_008,0
2024,다아714266,to_in_001,5
2024,다아714266,to_in_007,0
2024,다아714266,to_in_008,5
2024,다아714267,to_in_001,0
2024,다아714267,to_in_007,0
2024,다아714267,to_in_008,0
2024,다아714279,to_in_001,5
2024,다아714279,to_in_007,0
2024,다아714279,to_in_008,5
2024,다아715001,to_in_001,5
2024,다아715001,to_in_007,0
2024,다아715001,to_in_008,0
2024,다아716002,to_in_001,0
2024,다아716002,to_in_007,0
2024,다아716002,to_in_008,0
2024,다아716003,to_in_001,8
2024,다아716003,to_in_007,5
2024,다아716003,to_in_008,5
2024,다아716011,to_in_001,5
2024,다아716011,to_in_007,5
2024,다아716011,to_in_008,0
2024,다아716012,to_in_001,0
2024,다아716012,to_in_007,0
2024,다아716012,to_in_008,0
2024,다아716021,to_in_001,5
2024,다아716021,to_in_007,5
2024,다아716021,to_in_008,0
2024,다아716286,to_in_001,5
2024,다아716286,to_in_007,5
2024,다아716286,to_in_008,5
2024,다아717003,to_in_001,5
2024,다아717003,to_in_007,5
2024,다아717003,to_in_008,0
2024,다아717004,to_in_001,5
2024,다아717004,to_in_007,5
2024,다아717004,to_in_008,0
2024,다아717005,to_in_001,8
2024,다아717005,to_in_007,5
2024,다아717005,to_in_008,5
2024,다아729036,to_in_001,5
2024,다아729036,to_in_007,0
2024,다아729036,to_in_008,0
2024,다아729037,to_in_001,5
2024,다아729037,to_in_007,0
2024,다아729037,to_in_008,5
2024,다아730007,to_in_001,5
2024,다아730007,to_in_007,5
2024,다아730007,to_in_008,5
2024,다아730013,to_in_001,5
2024,다아730013,to_in_007,0
2024,다아730013,to_in_008,0
2024,다아730014,to_in_001,8
2024,다아730014,to_in_007,8
2024,다아730014,to_in_008,0
2024,다아730021,to_in_001,5
2024,다아730021,to_in_007,0
2024,다아730021,to_in_008,5
2024,다아730025,to_in_001,5
2024,다아730025,to_in_007,5
2024,다아730025,to_in_008,0
2024,다아730034,to_in_001,5
2024,다아730034,to_in_007,0
2024,다아730034,to_in_008,0
2024,다아730038,to_in_001,5
2024,다아730038,to_in_007,0
2024,다아730038,to_in_008,5
2024,다아730040,to_in_001,8
2024,다아730040,to_in_007,5
2024,다아730040,to_in_008,5
2024,다아730076,to_in_001,8
2024,다아730076,to_in_007,5
2024,다아730076,to_in_008,5
2024,다아730114,to_in_001,8
2024,다아730114,to_in_007,8
2024,다아730114,to_in_008,5
2024,다아730116,to_in_001,0
2024,다아730116,to_in_007,0
2024,다아730116,to_in_008,0
2024,다아730277,to_in_001,5
2024,다아730277,to_in_007,0
2024,다아730277,to_in_008,0
2024,다아731004,to_in_001,5
2024,다아731004,to_in_007,0
2024,다아731004,to_in_008,5
2024,다아731006,to_in_001,5
2024,다아731006,to_in_007,0
2024,다아731006,to_in_008,0
2024,다아731008,to_in_001,5
2024,다아731008,to_in_007,0
2024,다아731008,to_in_008,0
2024,다아731014,to_in_001,5
2024,다아731014,to_in_007,0
2024,다아731014,to_in_008,5
2024,다아731016,to_in_001,5
2024,다아731016,to_in_007,5
2024,다아731016,to_in_008,0
2024,다아731033,to_in_001,13
2024,다아731033,to_in_007,13
2024,다아731033,to_in_008,5
2024,다아731036,to_in_001,5
2024,다아731036,to_in_007,5
2024,다아731036,to_in_008,0
2024,다아731038,to_in_001,0
2024,다아731038,to_in_007,0
2024,다아731038,to_in_008,0
2024,다아731039,to_in_001,5
2024,다아731039,to_in_007,5
2024,다아731039,to_in_008,0
2024,다아731115,to_in_001,5
2024,다아731115,to_in_007,0
2024,다아731115,to_in_008,5
2024,다아731116,to_in_001,8
2024,다아731116,to_in_007,5
2024,다아731116,to_in_008,5
2024,다아731120,to_in_001,0
2024,다아731120,to_in_007,0
2024,다아731120,to_in_008,0
2024,다아731175,to_in_001,0
2024,다아731175,to_in_007,0
2024,다아731175,to_in_008,0
2024,다아732007,to_in_001,5
2024,다아732007,to_in_007,0
2024,다아732007,to_in_008,5
2024,다아732008,to_in_001,5
2024,다아732008,to_in_007,5
2024,다아732008,to_in_008,5
2024,다아732013,to_in_001,0
2024,다아732013,to_in_007,0
2024,다아732013,to_in_008,0
2024,다아732016,to_in_001,0
2024,다아732016,to_in_007,0
2024,다아732016,to_in_008,0
2024,다아732020,to_in_001,23
2024,다아732020,to_in_007,23
2024,다아732020,to_in_008,5
2024,다아732035,to_in_001,8
2024,다아732035,to_in_007,5
2024,다아732035,to_in_008,5
2024,다아732037,to_in_001,8
2024,다아732037,to_in_007,5
2024,다아732037,to_in_008,8
2024,다아732051,to_in_001,5
2024,다아732051,to_in_007,0
2024,다아732051,to_in_008,0
2024,다아732181,to_in_001,5
2024,다아732181,to_in_007,5
2024,다아732181,to_in_008,0
2024,다아733001,to_in_001,0
2024,다아733001,to_in_007,0
2024,다아733001,to_in_008,0
2024,다아733002,to_in_001,5
2024,다아733002,to_in_007,5
2024,다아733002,to_in_008,0
2024,다아733010,to_in_001,5
2024,다아733010,to_in_007,0
2024,다아733010,to_in_008,5
2024,다아733036,to_in_001,5
2024,다아733036,to_in_007,5
2024,다아733036,to_in_008,0
2024,다아733038,to_in_001,5
2024,다아733038,to_in_007,0
2024,다아733038,to_in_008,0
2024,다아733039,to_in_001,5
2024,다아733039,to_in_007,0
2024,다아733039,to_in_008,5
2024,다아733040,to_in_001,5
2024,다아733040,to_in_007,0
2024,다아733040,to_in_008,0
2024,다아733050,to_in_001,8
2024,다아733050,to_in_007,0
2024,다아733050,to_in_008,8
2024,다아758086,to_in_001,8
2024,다아758086,to_in_007,5
2024,다아758086,to_in_008,5
2024,다아758154,to_in_001,8
2024,다아758154,to_in_007,8
2024,다아758154,to_in_008,5
2024,다아758165,to_in_001,5
2024,다아758165,to_in_007,5
2024,다아758165,to_in_008,0
2024,다아758166,to_in_001,5
2024,다아758166,to_in_007,5
2024,다아758166,to_in_008,0
2024,다아758172,to_in_001,8
2024,다아758172,to_in_007,5
2024,다아758172,to_in_008,5
2024,다아758173,to_in_001,5
2024,다아758173,to_in_007,0
2024,다아758173,to_in_008,5
2024,다아758174,to_in_001,8
2024,다아758174,to_in_007,5
2024,다아758174,to_in_008,8
2024,다아758184,to_in_001,5
2024,다아758184,to_in_007,5
2024,다아758184,to_in_008,0
2024,다아758186,to_in_001,5
2024,다아758186,to_in_007,5
2024,다아758186,to_in_008,0
2024,다아758199,to_in_001,5
2024,다아758199,to_in_007,5
2024,다아758199,to_in_008,0
2024,다아758200,to_in_001,0
2024,다아758200,to_in_007,0
2024,다아758200,to_in_008,0
2024,다아758201,to_in_001,5
2024,다아758201,to_in_007,5
2024,다아758201,to_in_008,5
2024,다아758202,to_in_001,5
2024,다아758202,to_in_007,0
2024,다아758202,to_in_008,5
2024,다아758212,to_in_001,5
2024,다아758212,to_in_007,5
2024,다아758212,to_in_008,0
2024,다아758214,to_in_001,18
2024,다아758214,to_in_007,8
2024,다아758214,to_in_008,8
2024,다아758215,to_in_001,33
2024,다아758215,to_in_007,18
2024,다아758215,to_in_008,13
2024,다아758216,to_in_001,5
2024,다아758216,to_in_007,5
2024,다아758216,to_in_008,5
2024,다아758217,to_in_001,5
2024,다아758217,to_in_007,5
2024,다아758217,to_in_008,5
2024,다아758218,to_in_001,0
2024,다아758218,to_in_007,0
2024,다아758218,to_in_008,0
2024,다아758219,to_in_001,18
2024,다아758219,to_in_007,8
2024,다아758219,to_in_008,13
2024,다아758220,to_in_001,18
2024,다아758220,to_in_007,8
2024,다아758220,to_in_008,8
2024,다아758221,to_in_001,38
2024,다아758221,to_in_007,18
2024,다아758221,to_in_008,18
2024,다아758222,to_in_001,38
2024,다아758222,to_in_007,18
2024,다아758222,to_in_008,18
2024,다아758223,to_in_001,185
2024,다아758223,to_in_007,117
2024,다아758223,to_in_008,66
2024,다아758224,to_in_001,428
2024,다아758224,to_in_007,197
2024,다아758224,to_in_008,231
2024,다아758225,to_in_001,5
2024,다아758225,to_in_007,5
2024,다아758225,to_in_008,0
2024,다아761002,to_in_001,5
2024,다아761002,to_in_007,0
2024,다아761002,to_in_008,0
2024,다아761003,to_in_001,5
2024,다아761003,to_in_007,0
2024,다아761003,to_in_008,5
2024,다아761077,to_in_001,8
2024,다아761077,to_in_007,5
2024,다아761077,to_in_008,5
2024,다아761078,to_in_001,8
2024,다아761078,to_in_007,5
2024,다아761078,to_in_008,5
2024,다아761079,to_in_001,5
2024,다아761079,to_in_007,5
2024,다아761079,to_in_008,0
2024,다아761081,to_in_001,5
2024,다아761081,to_in_007,5
2024,다아761081,to_in_008,0
2024,다아761157,to_in_001,5
2024,다아761157,to_in_007,0
2024,다아761157,to_in_008,0
2024,다아761166,to_in_001,0
2024,다아761166,to_in_007,0
2024,다아761166,to_in_008,0
2024,다아761167,to_in_001,5
2024,다아761167,to_in_007,0
2024,다아761167,to_in_008,0
2024,다아761171,to_in_001,5
2024,다아761171,to_in_007,0
2024,다아761171,to_in_008,5
2024,다아761172,to_in_001,5
2024,다아761172,to_in_007,5
2024,다아761172,to_in_008,0
2024,다아761176,to_in_001,0
2024,다아761176,to_in_007,0
2024,다아761176,to_in_008,0
2024,다아761178,to_in_001,0
2024,다아761178,to_in_007,0
2024,다아761178,to_in_008,0
2024,다아761198,to_in_001,5
2024,다아761198,to_in_007,5
2024,다아761198,to_in_008,5
2024,다아761199,to_in_001,8
2024,다아761199,to_in_007,5
2024,다아761199,to_in_008,5
2024,다아761200,to_in_001,0
2024,다아761200,to_in_007,0
2024,다아761200,to_in_008,0
2024,다아761202,to_in_001,5
2024,다아761202,to_in_007,5
2024,다아761202,to_in_008,5
2024,다아761214,to_in_001,5
2024,다아761214,to_in_007,5
2024,다아761214,to_in_008,5
2024,다아761215,to_in_001,8
2024,다아761215,to_in_007,8
2024,다아761215,to_in_008,5
2024,다아761217,to_in_001,23
2024,다아761217,to_in_007,13
2024,다아761217,to_in_008,13
2024,다아761218,to_in_001,13
2024,다아761218,to_in_007,8
2024,다아761218,to_in_008,5
2024,다아761219,to_in_001,8
2024,다아761219,to_in_007,5
2024,다아761219,to_in_008,5
2024,다아761220,to_in_001,5
2024,다아761220,to_in_007,0
2024,다아761220,to_in_008,5
2024,다아761221,to_in_001,8
2024,다아761221,to_in_007,5
2024,다아761221,to_in_008,8
2024,다아761229,to_in_001,5
2024,다아761229,to_in_007,0
2024,다아761229,to_in_008,0
2024,다아761230,to_in_001,8
2024,다아761230,to_in_007,5
2024,다아761230,to_in_008,8
2024,다아761233,to_in_001,8
2024,다아761233,to_in_007,5
2024,다아761233,to_in_008,5
2024,다아761234,to_in_001,28
2024,다아761234,to_in_007,18
2024,다아761234,to_in_008,13
2024,다아761235,to_in_001,28
2024,다아761235,to_in_007,13
2024,다아761235,to_in_008,18
2024,다아761236,to_in_001,89
2024,다아761236,to_in_007,44
2024,다아761236,to_in_008,48
2024,다아761245,to_in_001,5
2024,다아761245,to_in_007,5
2024,다아761245,to_in_008,0
2024,다아761246,to_in_001,8
2024,다아761246,to_in_007,8
2024,다아761246,to_in_008,5
2024,다아762001,to_in_001,5
2024,다아762001,to_in_007,0
2024,다아762001,to_in_008,0
2024,다아762002,to_in_001,8
2024,다아762002,to_in_007,5
2024,다아762002,to_in_008,5
2024,다아762003,to_in_001,8
2024,다아762003,to_in_007,5
2024,다아762003,to_in_008,5
2024,다아762006,to_in_001,18
2024,다아762006,to_in_007,13
2024,다아762006,to_in_008,8
2024,다아762011,to_in_001,5
2024,다아762011,to_in_007,0
2024,다아762011,to_in_008,5
2024,다아762079,to_in_001,8
2024,다아762079,to_in_007,5
2024,다아762079,to_in_008,5
2024,다아762080,to_in_001,5
2024,다아762080,to_in_007,0
2024,다아762080,to_in_008,5
2024,다아762081,to_in_001,0
2024,다아762081,to_in_007,0
2024,다아762081,to_in_008,0
2024,다아762156,to_in_001,0
2024,다아762156,to_in_007,0
2024,다아762156,to_in_008,0
2024,다아762158,to_in_001,5
2024,다아762158,to_in_007,5
2024,다아762158,to_in_008,5
2024,다아762159,to_in_001,5
2024,다아762159,to_in_007,0
2024,다아762159,to_in_008,0
2024,다아762161,to_in_001,5
2024,다아762161,to_in_007,5
2024,다아762161,to_in_008,5
2024,다아762167,to_in_001,5
2024,다아762167,to_in_007,0
2024,다아762167,to_in_008,0
2024,다아762171,to_in_001,5
2024,다아762171,to_in_007,0
2024,다아762171,to_in_008,5
2024,다아762172,to_in_001,8
2024,다아762172,to_in_007,5
2024,다아762172,to_in_008,5
2024,다아767012,to_in_001,5
2024,다아767012,to_in_007,5
2024,다아767012,to_in_008,5
2024,다아767013,to_in_001,5
2024,다아767013,to_in_007,5
2024,다아767013,to_in_008,0
2024,다아767070,to_in_001,5
2024,다아767070,to_in_007,5
2024,다아767070,to_in_008,0
2024,다아767073,to_in_001,0
2024,다아767073,to_in_007,0
2024,다아767073,to_in_008,0
2024,다아767074,to_in_001,5
2024,다아767074,to_in_007,0
2024,다아767074,to_in_008,5
2024,다아767075,to_in_001,5
2024,다아767075,to_in_007,5
2024,다아767075,to_in_008,0
2024,다아767104,to_in_001,8
2024,다아767104,to_in_007,8
2024,다아767104,to_in_008,5
2024,다아767108,to_in_001,5
2024,다아668216,to_in_008,5
2024,다아668220,to_in_001,0
2024,다아668220,to_in_007,0
2024,다아668220,to_in_008,0
2024,다아668247,to_in_001,0
2024,다아668247,to_in_007,0
2024,다아668247,to_in_008,0
2024,다아669020,to_in_001,5
2024,다아669020,to_in_007,0
2024,다아669020,to_in_008,5
2024,다아669028,to_in_001,8
2024,다아669028,to_in_007,5
2024,다아669028,to_in_008,5
2024,다아669074,to_in_001,13
2024,다아669074,to_in_007,8
2024,다아669074,to_in_008,8
2024,다아670023,to_in_001,8
2024,다아670023,to_in_007,5
2024,다아670023,to_in_008,0
2024,다아670024,to_in_001,0
2024,다아670024,to_in_007,0
2024,다아670024,to_in_008,0
2024,다아670072,to_in_001,5
2024,다아670072,to_in_007,5
2024,다아670072,to_in_008,5
2024,다아670073,to_in_001,5
2024,다아670073,to_in_007,5
2024,다아670073,to_in_008,5
2024,다아670074,to_in_001,5
2024,다아670074,to_in_007,5
2024,다아670074,to_in_008,0
2024,다아670146,to_in_001,0
2024,다아670146,to_in_007,0
2024,다아670146,to_in_008,0
2024,다아670233,to_in_001,0
2024,다아670233,to_in_007,0
2024,다아670233,to_in_008,0
2024,다아670238,to_in_001,5
2024,다아670238,to_in_007,0
2024,다아670238,to_in_008,0
2024,다아671024,to_in_001,13
2024,다아671024,to_in_007,8
2024,다아671024,to_in_008,8
2024,다아671040,to_in_001,0
2024,다아671040,to_in_007,0
2024,다아671040,to_in_008,0
2024,다아671070,to_in_001,5
2024,다아671070,to_in_007,5
2024,다아671070,to_in_008,0
2024,다아671072,to_in_001,0
2024,다아671072,to_in_007,0
2024,다아671072,to_in_008,0
2024,다아671073,to_in_001,5
2024,다아671073,to_in_007,5
2024,다아671073,to_in_008,0
2024,다아672025,to_in_001,8
2024,다아672025,to_in_007,8
2024,다아672025,to_in_008,5
2024,다아677150,to_in_001,0
2024,다아677150,to_in_007,0
2024,다아677150,to_in_008,0
2024,다아677151,to_in_001,5
2024,다아677151,to_in_007,0
2024,다아677151,to_in_008,0
2024,다아677152,to_in_001,5
2024,다아677152,to_in_007,5
2024,다아677152,to_in_008,0
2024,다아677176,to_in_001,0
2024,다아677176,to_in_007,0
2024,다아677176,to_in_008,0
2024,다아677177,to_in_001,5
2024,다아677177,to_in_007,0
2024,다아677177,to_in_008,5
2024,다아677208,to_in_001,0
2024,다아677208,to_in_007,0
2024,다아677208,to_in_008,0
2024,다아677217,to_in_001,0
2024,다아677217,to_in_007,0
2024,다아677217,to_in_008,0
2024,다아677256,to_in_001,5
2024,다아677256,to_in_007,0
2024,다아677256,to_in_008,0
2024,다아678023,to_in_001,5
2024,다아678023,to_in_007,5
2024,다아678023,to_in_008,0
2024,다아678025,to_in_001,8
2024,다아678025,to_in_007,5
2024,다아678025,to_in_008,5
2024,다아678026,to_in_001,0
2024,다아678026,to_in_007,0
2024,다아678026,to_in_008,0
2024,다아678028,to_in_001,51
2024,다아678028,to_in_007,46
2024,다아678028,to_in_008,8
2024,다아678151,to_in_001,5
2024,다아678151,to_in_007,5
2024,다아678151,to_in_008,0
2024,다아678152,to_in_001,0
2024,다아678152,to_in_007,0
2024,다아678152,to_in_008,0
2024,다아678176,to_in_001,8
2024,다아678176,to_in_007,5
2024,다아678176,to_in_008,5
2024,다아678177,to_in_001,5
2024,다아678177,to_in_007,0
2024,다아678177,to_in_008,5
2024,다아678178,to_in_001,5
2024,다아678178,to_in_007,0
2024,다아678178,to_in_008,5
2024,다아678179,to_in_001,8
2024,다아678179,to_in_007,5
2024,다아678179,to_in_008,5
2024,다아678180,to_in_001,5
2024,다아678180,to_in_007,5
2024,다아678180,to_in_008,0
2024,다아678182,to_in_001,0
2024,다아678182,to_in_007,0
2024,다아678182,to_in_008,0
2024,다아678256,to_in_001,5
2024,다아678256,to_in_007,5
2024,다아678256,to_in_008,0
2024,다아678257,to_in_001,5
2024,다아678257,to_in_007,5
2024,다아678257,to_in_008,0
2024,다아679023,to_in_001,0
2024,다아679023,to_in_007,0
2024,다아679023,to_in_008,0
2024,다아679024,to_in_001,8
2024,다아679024,to_in_007,5
2024,다아679024,to_in_008,5
2024,다아679025,to_in_001,8
2024,다아679025,to_in_007,5
2024,다아679025,to_in_008,5
2024,다아679026,to_in_001,13
2024,다아679026,to_in_007,8
2024,다아679026,to_in_008,8
2024,다아679027,to_in_001,32
2024,다아679027,to_in_007,8
2024,다아679027,to_in_008,27
2024,다아684158,to_in_001,13
2024,다아684158,to_in_007,5
2024,다아684158,to_in_008,8
2024,다아684232,to_in_001,0
2024,다아684232,to_in_007,0
2024,다아684232,to_in_008,0
2024,다아684234,to_in_001,5
2024,다아684234,to_in_007,0
2024,다아684234,to_in_008,5
2024,다아684235,to_in_001,0
2024,다아684235,to_in_007,0
2024,다아684235,to_in_008,0
2024,다아684236,to_in_001,0
2024,다아684236,to_in_007,0
2024,다아684236,to_in_008,0
2024,다아684237,to_in_001,18
2024,다아684237,to_in_007,8
2024,다아684237,to_in_008,8
2024,다아684238,to_in_001,8
2024,다아684238,to_in_007,8
2024,다아684238,to_in_008,0
2024,다아684239,to_in_001,0
2024,다아684239,to_in_007,0
2024,다아684239,to_in_008,0
2024,다아685235,to_in_001,5
2024,다아685235,to_in_007,0
2024,다아685235,to_in_008,5
2024,다아685236,to_in_001,0
2024,다아685236,to_in_007,0
2024,다아685236,to_in_008,0
2024,다아685237,to_in_001,8
2024,다아685237,to_in_007,5
2024,다아685237,to_in_008,5
2024,다아685238,to_in_001,8
2024,다아685238,to_in_007,5
2024,다아685238,to_in_008,5
2024,다아686021,to_in_001,5
2024,다아686021,to_in_007,5
2024,다아686021,to_in_008,0
2024,다아686236,to_in_001,5
2024,다아686236,to_in_007,0
2024,다아686236,to_in_008,5
2024,다아686237,to_in_001,13
2024,다아686237,to_in_007,8
2024,다아686237,to_in_008,8
2024,다아686238,to_in_001,5
2024,다아686238,to_in_007,5
2024,다아686238,to_in_008,5
2024,다아686239,to_in_001,5
2024,다아686239,to_in_007,5
2024,다아686239,to_in_008,5
2024,다아686242,to_in_001,0
2024,다아686242,to_in_007,0
2024,다아686242,to_in_008,0
2024,다아687021,to_in_001,8
2024,다아687021,to_in_007,5
2024,다아687021,to_in_008,5
2024,다아687022,to_in_001,18
2024,다아687022,to_in_007,13
2024,다아687022,to_in_008,8
2024,다아687023,to_in_001,15
2024,다아687023,to_in_007,12
2024,다아687023,to_in_008,5
2024,다아687041,to_in_001,5
2024,다아687041,to_in_007,5
2024,다아687041,to_in_008,0
2024,다아687168,to_in_001,0
2024,다아687168,to_in_007,0
2024,다아687168,to_in_008,0
2024,다아687171,to_in_001,0
2024,다아687171,to_in_007,0
2024,다아687171,to_in_008,0
2024,다아687172,to_in_001,0
2024,다아687172,to_in_007,0
2024,다아687172,to_in_008,0
2024,다아687236,to_in_001,0
2024,다아687236,to_in_007,0
2024,다아687236,to_in_008,0
2024,다아687237,to_in_001,0
2024,다아687237,to_in_007,0
2024,다아687237,to_in_008,0
2024,다아691248,to_in_001,0
2024,다아691248,to_in_007,0
2024,다아691248,to_in_008,0
2024,다아692019,to_in_001,5
2024,다아692019,to_in_007,0
2024,다아692019,to_in_008,0
2024,다아692020,to_in_001,8
2024,다아692020,to_in_007,5
2024,다아692020,to_in_008,5
2024,다아692021,to_in_001,8
2024,다아692021,to_in_007,5
2024,다아692021,to_in_008,8
2024,다아692247,to_in_001,5
2024,다아692247,to_in_007,5
2024,다아692247,to_in_008,0
2024,다아692248,to_in_001,8
2024,다아692248,to_in_007,5
2024,다아692248,to_in_008,5
2024,다아693019,to_in_001,0
2024,다아693019,to_in_007,0
2024,다아693019,to_in_008,0
2024,다아693020,to_in_001,8
2024,다아693020,to_in_007,5
2024,다아693020,to_in_008,5
2024,다아693021,to_in_001,8
2024,다아693021,to_in_007,5
2024,다아693021,to_in_008,5
2024,다아693022,to_in_001,0
2024,다아693022,to_in_007,0
2024,다아693022,to_in_008,0
2024,다아693242,to_in_001,5
2024,다아693242,to_in_007,0
2024,다아693242,to_in_008,0
2024,다아693254,to_in_001,5
2024,다아693254,to_in_007,5
2024,다아693254,to_in_008,5
2024,다아693255,to_in_001,5
2024,다아693255,to_in_007,5
2024,다아693255,to_in_008,0
2024,다아694020,to_in_001,8
2024,다아694020,to_in_007,5
2024,다아694020,to_in_008,5
2024,다아694021,to_in_001,5
2024,다아694021,to_in_007,0
2024,다아694021,to_in_008,5
2024,다아694174,to_in_001,5
2024,다아694174,to_in_007,0
2024,다아694174,to_in_008,0
2024,다아695014,to_in_001,5
2024,다아695014,to_in_007,0
2024,다아695014,to_in_008,0
2024,다아695021,to_in_001,5
2024,다아695021,to_in_007,5
2024,다아695021,to_in_008,0
2024,다아695022,to_in_001,5
2024,다아695022,to_in_007,5
2024,다아695022,to_in_008,0
2024,다아695143,to_in_001,8
2024,다아695143,to_in_007,5
2024,다아695143,to_in_008,5
2024,다아695175,to_in_001,5
2024,다아695175,to_in_007,0
2024,다아695175,to_in_008,5
2024,다아695255,to_in_001,8
2024,다아695255,to_in_007,5
2024,다아695255,to_in_008,5
2024,다아695276,to_in_001,8
2024,다아695276,to_in_007,5
2024,다아695276,to_in_008,5
2024,다아696013,to_in_001,5
2024,다아696013,to_in_007,5
2024,다아696013,to_in_008,0
2024,다아696017,to_in_001,5
2024,다아696017,to_in_007,0
2024,다아696017,to_in_008,0
2024,다아696175,to_in_001,5
2024,다아696175,to_in_007,0
2024,다아696175,to_in_008,5
2024,다아696176,to_in_001,5
2024,다아696176,to_in_007,5
2024,다아696176,to_in_008,0
2024,다아696256,to_in_001,5
2024,다아696256,to_in_007,0
2024,다아696256,to_in_008,5
2024,다아697011,to_in_001,8
2024,다아697011,to_in_007,5
2024,다아697011,to_in_008,5
2024,다아697012,to_in_001,8
2024,다아697012,to_in_007,5
2024,다아697012,to_in_008,5
2024,다아702001,to_in_001,5
2024,다아702001,to_in_007,0
2024,다아702001,to_in_008,0
2024,다아702002,to_in_001,8
2024,다아702002,to_in_007,5
2024,다아702002,to_in_008,5
2024,다아702024,to_in_001,5
2024,다아702024,to_in_007,5
2024,다아702024,to_in_008,0
2024,다아702025,to_in_001,8
2024,다아702025,to_in_007,5
2024,다아702025,to_in_008,5
2024,다아702026,to_in_001,5
2024,다아702026,to_in_007,0
2024,다아702026,to_in_008,0
2024,다아702285,to_in_001,5
2024,다아702285,to_in_007,0
2024,다아702285,to_in_008,0
2024,다아702292,to_in_001,5
2024,다아702292,to_in_007,0
2024,다아702292,to_in_008,5
2024,다아703000,to_in_001,5
2024,다아703000,to_in_007,0
2024,다아703000,to_in_008,0
2024,다아703001,to_in_001,8
2024,다아703001,to_in_007,5
2024,다아703001,to_in_008,5
2024,다아703200,to_in_001,5
2024,다아703200,to_in_007,5
2024,다아703200,to_in_008,0
2024,다아703286,to_in_001,5
2024,다아703286,to_in_007,5
2024,다아703286,to_in_008,5
2024,다아703287,to_in_001,28
2024,다아703287,to_in_007,18
2024,다아703287,to_in_008,8
2024,다아703288,to_in_001,13
2024,다아703288,to_in_007,5
2024,다아703288,to_in_008,8
2024,다아703301,to_in_001,5
2024,다아703301,to_in_007,0
2024,다아703301,to_in_008,5
2024,다아704286,to_in_001,8
2024,다아704286,to_in_007,8
2024,다아704286,to_in_008,8
2024,다아704287,to_in_001,18
2024,다아704287,to_in_007,13
2024,다아704287,to_in_008,8
2024,다아704288,to_in_001,5
2024,다아704288,to_in_007,5
2024,다아704288,to_in_008,5
2024,다아704289,to_in_001,5
2024,다아704289,to_in_007,5
2024,다아704289,to_in_008,5
2024,다아704290,to_in_001,5
2024,다아704290,to_in_007,0
2024,다아704290,to_in_008,0
2024,다아704293,to_in_001,8
2024,다아704293,to_in_007,8
2024,다아704293,to_in_008,5
2024,다아705000,to_in_001,8
2024,다아705000,to_in_007,8
2024,다아705000,to_in_008,0
2024,다아705026,to_in_001,0
2024,다아705026,to_in_007,0
2024,다아705026,to_in_008,0
2024,다아705273,to_in_001,5
2024,다아705273,to_in_007,5
2024,다아705273,to_in_008,5
2024,다아705287,to_in_001,8
2024,다아705287,to_in_007,8
2024,다아705287,to_in_008,8
2024,다아705289,to_in_001,5
2024,다아705289,to_in_007,0
2024,다아705289,to_in_008,0
2024,다아705290,to_in_001,8
2024,다아705290,to_in_007,5
2024,다아705290,to_in_008,8
2024,다아717012,to_in_001,21
2024,다아717012,to_in_007,21
2024,다아717012,to_in_008,0
2024,다아717023,to_in_001,8
2024,다아717023,to_in_007,8
2024,다아717023,to_in_008,0
2024,다아717252,to_in_001,5
2024,다아717252,to_in_007,5
2024,다아717252,to_in_008,0
2024,다아717265,to_in_001,5
2024,다아717265,to_in_007,5
2024,다아717265,to_in_008,5
2024,다아717266,to_in_001,5
2024,다아717266,to_in_007,5
2024,다아717266,to_in_008,0
2024,다아718002,to_in_001,8
2024,다아718002,to_in_007,5
2024,다아718002,to_in_008,5
2024,다아718011,to_in_001,8
2024,다아718011,to_in_007,5
2024,다아718011,to_in_008,8
2024,다아718021,to_in_001,8
2024,다아718021,to_in_007,8
2024,다아718021,to_in_008,5
2024,다아718263,to_in_001,8
2024,다아718263,to_in_007,5
2024,다아718263,to_in_008,5
2024,다아718264,to_in_001,8
2024,다아718264,to_in_007,5
2024,다아718264,to_in_008,5
2024,다아718265,to_in_001,5
2024,다아718265,to_in_007,5
2024,다아718265,to_in_008,0
2024,다아718267,to_in_001,5
2024,다아718267,to_in_007,0
2024,다아718267,to_in_008,0
2024,다아719002,to_in_001,5
2024,다아719002,to_in_007,0
2024,다아719002,to_in_008,0
2024,다아719005,to_in_001,5
2024,다아719005,to_in_007,0
2024,다아719005,to_in_008,5
2024,다아719015,to_in_001,0
2024,다아719015,to_in_007,0
2024,다아719015,to_in_008,0
2024,다아719020,to_in_001,5
2024,다아719020,to_in_007,5
2024,다아719020,to_in_008,0
2024,다아719021,to_in_001,5
2024,다아719021,to_in_007,5
2024,다아719021,to_in_008,0
2024,다아719022,to_in_001,5
2024,다아719022,to_in_007,0
2024,다아719022,to_in_008,5
2024,다아719023,to_in_001,0
2024,다아719023,to_in_007,0
2024,다아719023,to_in_008,0
2024,다아719024,to_in_001,8
2024,다아719024,to_in_007,5
2024,다아719024,to_in_008,5
2024,다아719266,to_in_001,0
2024,다아719266,to_in_007,0
2024,다아719266,to_in_008,0
2024,다아719268,to_in_001,5
2024,다아719268,to_in_007,5
2024,다아719268,to_in_008,0
2024,다아719271,to_in_001,5
2024,다아719271,to_in_007,0
2024,다아719271,to_in_008,0
2024,다아719283,to_in_001,5
2024,다아719283,to_in_007,5
2024,다아719283,to_in_008,0
2024,다아720016,to_in_001,5
2024,다아720016,to_in_007,5
2024,다아720016,to_in_008,0
2024,다아720018,to_in_001,5
2024,다아720018,to_in_007,5
2024,다아720018,to_in_008,0
2024,다아720020,to_in_001,18
2024,다아720020,to_in_007,8
2024,다아720020,to_in_008,8
2024,다아720021,to_in_001,13
2024,다아720021,to_in_007,8
2024,다아720021,to_in_008,8
2024,다아720022,to_in_001,23
2024,다아720022,to_in_007,13
2024,다아720022,to_in_008,8
2024,다아720023,to_in_001,5
2024,다아720023,to_in_007,5
2024,다아720023,to_in_008,5
2024,다아720025,to_in_001,0
2024,다아720025,to_in_007,0
2024,다아720025,to_in_008,0
2024,다아720026,to_in_001,5
2024,다아720026,to_in_007,5
2024,다아720026,to_in_008,0
2024,다아720244,to_in_001,5
2024,다아720244,to_in_007,0
2024,다아720244,to_in_008,5
2024,다아720267,to_in_001,5
2024,다아720267,to_in_007,5
2024,다아720267,to_in_008,0
2024,다아720272,to_in_001,8
2024,다아720272,to_in_007,5
2024,다아720272,to_in_008,5
2024,다아721009,to_in_001,8
2024,다아721009,to_in_007,5
2024,다아721009,to_in_008,5
2024,다아721010,to_in_001,8
2024,다아721010,to_in_007,5
2024,다아721010,to_in_008,5
2024,다아721018,to_in_001,5
2024,다아721018,to_in_007,0
2024,다아721018,to_in_008,0
2024,다아721019,to_in_001,18
2024,다아721019,to_in_007,8
2024,다아721019,to_in_008,8
2024,다아721020,to_in_001,23
2024,다아721020,to_in_007,8
2024,다아721020,to_in_008,13
2024,다아721021,to_in_001,5
2024,다아721021,to_in_007,0
2024,다아721021,to_in_008,0
2024,다아721023,to_in_001,5
2024,다아721023,to_in_007,5
2024,다아721023,to_in_008,0
2024,다아721026,to_in_001,8
2024,다아721026,to_in_007,5
2024,다아721026,to_in_008,5
2024,다아722004,to_in_001,5
2024,다아722004,to_in_007,5
2024,다아722004,to_in_008,0
2024,다아722009,to_in_001,5
2024,다아722009,to_in_007,5
2024,다아722009,to_in_008,5
2024,다아722010,to_in_001,8
2024,다아722010,to_in_007,5
2024,다아722010,to_in_008,5
2024,다아726003,to_in_001,13
2024,다아726003,to_in_007,8
2024,다아726003,to_in_008,8
2024,다아726010,to_in_001,8
2024,다아726010,to_in_007,5
2024,다아726010,to_in_008,5
2024,다아726012,to_in_001,5
2024,다아726012,to_in_007,0
2024,다아726012,to_in_008,0
2024,다아726013,to_in_001,5
2024,다아726013,to_in_007,0
2024,다아726013,to_in_008,0
2024,다아726024,to_in_001,5
2024,다아726024,to_in_007,5
2024,다아726024,to_in_008,5
2024,다아726025,to_in_001,0
2024,다아726025,to_in_007,0
2024,다아726025,to_in_008,0
2024,다아726026,to_in_001,8
2024,다아726026,to_in_007,5
2024,다아726026,to_in_008,5
2024,다아726027,to_in_001,5
2024,다아726027,to_in_007,0
2024,다아726027,to_in_008,0
2024,다아726028,to_in_001,0
2024,다아726028,to_in_007,0
2024,다아726028,to_in_008,0
2024,다아726033,to_in_001,5
2024,다아726033,to_in_007,0
2024,다아726033,to_in_008,0
2024,다아726185,to_in_001,0
2024,다아726185,to_in_007,0
2024,다아726185,to_in_008,0
2024,다아726267,to_in_001,5
2024,다아726267,to_in_007,5
2024,다아726267,to_in_008,0
2024,다아726270,to_in_001,8
2024,다아726270,to_in_007,8
2024,다아726270,to_in_008,0
2024,다아727003,to_in_001,5
2024,다아727003,to_in_007,0
2024,다아727003,to_in_008,0
2024,다아727004,to_in_001,8
2024,다아727004,to_in_007,5
2024,다아727004,to_in_008,5
2024,다아727007,to_in_001,5
2024,다아727007,to_in_007,5
2024,다아727007,to_in_008,0
2024,다아727008,to_in_001,8
2024,다아727008,to_in_007,5
2024,다아727008,to_in_008,5
2024,다아727012,to_in_001,0
2024,다아727012,to_in_007,0
2024,다아727012,to_in_008,0
2024,다아727013,to_in_001,0
2024,다아727013,to_in_007,0
2024,다아727013,to_in_008,0
2024,다아727023,to_in_001,8
2024,다아727023,to_in_007,8
2024,다아727023,to_in_008,5
2024,다아727026,to_in_001,5
2024,다아727026,to_in_007,0
2024,다아727026,to_in_008,0
2024,다아727027,to_in_001,5
2024,다아727027,to_in_007,0
2024,다아727027,to_in_008,5
2024,다아727029,to_in_001,8
2024,다아727029,to_in_007,5
2024,다아727029,to_in_008,5
2024,다아727032,to_in_001,5
2024,다아727032,to_in_007,0
2024,다아727032,to_in_008,0
2024,다아727042,to_in_001,5
2024,다아727042,to_in_007,0
2024,다아727042,to_in_008,0
2024,다아727267,to_in_001,5
2024,다아727267,to_in_007,0
2024,다아727267,to_in_008,0
2024,다아728004,to_in_001,0
2024,다아728004,to_in_007,0
2024,다아728004,to_in_008,0
2024,다아728007,to_in_001,5
2024,다아728007,to_in_007,5
2024,다아728007,to_in_008,0
2024,다아728011,to_in_001,5
2024,다아728011,to_in_007,0
2024,다아728011,to_in_008,0
2024,다아728016,to_in_001,8
2024,다아728016,to_in_007,8
2024,다아728016,to_in_008,0
2024,다아728025,to_in_001,8
2024,다아728025,to_in_007,5
2024,다아728025,to_in_008,5
2024,다아728026,to_in_001,5
2024,다아728026,to_in_007,0
2024,다아728026,to_in_008,5
2024,다아728027,to_in_001,8
2024,다아728027,to_in_007,5
2024,다아728027,to_in_008,5
2024,다아728028,to_in_001,8
2024,다아728028,to_in_007,5
2024,다아728028,to_in_008,5
2024,다아728031,to_in_001,5
2024,다아728031,to_in_007,5
2024,다아728031,to_in_008,0
2024,다아729006,to_in_001,0
2024,다아729006,to_in_007,0
2024,다아729006,to_in_008,0
2024,다아729010,to_in_001,5
2024,다아729010,to_in_007,5
2024,다아729010,to_in_008,5
2024,다아729012,to_in_001,8
2024,다아729012,to_in_007,5
2024,다아729012,to_in_008,5
2024,다아729013,to_in_001,8
2024,다아729013,to_in_007,8
2024,다아729013,to_in_008,0
2024,다아729014,to_in_001,5
2024,다아729014,to_in_007,5
2024,다아729014,to_in_008,0
2024,다아729020,to_in_001,5
2024,다아729020,to_in_007,0
2024,다아729020,to_in_008,0
2024,다아729029,to_in_001,8
2024,다아729029,to_in_007,5
2024,다아729029,to_in_008,5
2024,다아729030,to_in_001,8
2024,다아729030,to_in_007,8
2024,다아729030,to_in_008,5
2024,다아729032,to_in_001,8
2024,다아729032,to_in_007,5
2024,다아729032,to_in_008,5
2024,다아729033,to_in_001,8
2024,다아729033,to_in_007,5
2024,다아729033,to_in_008,0
2024,다아738062,to_in_001,8
2024,다아738062,to_in_007,5
2024,다아738062,to_in_008,8
2024,다아738063,to_in_001,5
2024,다아738063,to_in_007,5
2024,다아738063,to_in_008,0
2024,다아738078,to_in_001,5
2024,다아738078,to_in_007,5
2024,다아738078,to_in_008,0
2024,다아738079,to_in_001,5
2024,다아738079,to_in_007,5
2024,다아738079,to_in_008,5
2024,다아738080,to_in_001,5
2024,다아738080,to_in_007,0
2024,다아738080,to_in_008,5
2024,다아738081,to_in_001,5
2024,다아738081,to_in_007,0
2024,다아738081,to_in_008,0
2024,다아738112,to_in_001,5
2024,다아738112,to_in_007,0
2024,다아738112,to_in_008,0
2024,다아738117,to_in_001,5
2024,다아738117,to_in_007,5
2024,다아738117,to_in_008,5
2024,다아738264,to_in_001,5
2024,다아738264,to_in_007,5
2024,다아738264,to_in_008,0
2024,다아738278,to_in_001,8
2024,다아738278,to_in_007,5
2024,다아738278,to_in_008,5
2024,다아739025,to_in_001,0
2024,다아739025,to_in_007,0
2024,다아739025,to_in_008,0
2024,다아739039,to_in_001,5
2024,다아739039,to_in_007,0
2024,다아739039,to_in_008,0
2024,다아739040,to_in_001,8
2024,다아739040,to_in_007,5
2024,다아739040,to_in_008,5
2024,다아739041,to_in_001,8
2024,다아739041,to_in_007,8
2024,다아739041,to_in_008,5
2024,다아739044,to_in_001,5
2024,다아739044,to_in_007,0
2024,다아739044,to_in_008,5
2024,다아739045,to_in_001,0
2024,다아739045,to_in_007,0
2024,다아739045,to_in_008,0
2024,다아739054,to_in_001,8
2024,다아739054,to_in_007,5
2024,다아739054,to_in_008,8
2024,다아739055,to_in_001,5
2024,다아739055,to_in_007,5
2024,다아739055,to_in_008,0
2024,다아739081,to_in_001,0
2024,다아739081,to_in_007,0
2024,다아739081,to_in_008,0
2024,다아739082,to_in_001,5
2024,다아739082,to_in_007,0
2024,다아739082,to_in_008,5
2024,다아739113,to_in_001,5
2024,다아739113,to_in_007,5
2024,다아739113,to_in_008,0
2024,다아739229,to_in_001,0
2024,다아739229,to_in_007,0
2024,다아739229,to_in_008,0
2024,다아739275,to_in_001,8
2024,다아739275,to_in_007,5
2024,다아739275,to_in_008,5
2024,다아739283,to_in_001,0
2024,다아739283,to_in_007,0
2024,다아739283,to_in_008,0
2024,다아740014,to_in_001,0
2024,다아740014,to_in_007,0
2024,다아740014,to_in_008,0
2024,다아740018,to_in_001,5
2024,다아740018,to_in_007,5
2024,다아740018,to_in_008,5
2024,다아740019,to_in_001,0
2024,다아740019,to_in_007,0
2024,다아740019,to_in_008,0
2024,다아740040,to_in_001,5
2024,다아740040,to_in_007,0
2024,다아740040,to_in_008,0
2024,다아740041,to_in_001,5
2024,다아740041,to_in_007,0
2024,다아740041,to_in_008,5
2024,다아740044,to_in_001,5
2024,다아740044,to_in_007,0
2024,다아740044,to_in_008,0
2024,다아740046,to_in_001,0
2024,다아740046,to_in_007,0
2024,다아740046,to_in_008,0
2024,다아740056,to_in_001,8
2024,다아740056,to_in_007,8
2024,다아740056,to_in_008,5
2024,다아740083,to_in_001,5
2024,다아740083,to_in_007,0
2024,다아740083,to_in_008,0
2024,다아740090,to_in_001,0
2024,다아740090,to_in_007,0
2024,다아740090,to_in_008,0
2024,다아740092,to_in_001,5
2024,다아740092,to_in_007,5
2024,다아740092,to_in_008,0
2024,다아740096,to_in_001,8
2024,다아740096,to_in_007,8
2024,다아740096,to_in_008,0
2024,다아740097,to_in_001,5
2024,다아740097,to_in_007,5
2024,다아740097,to_in_008,0
2024,다아740102,to_in_001,5
2024,다아740102,to_in_007,0
2024,다아740102,to_in_008,0
2024,다아740103,to_in_001,5
2024,다아740103,to_in_007,0
2024,다아740103,to_in_008,0
2024,다아740116,to_in_001,5
2024,다아740116,to_in_007,5
2024,다아740116,to_in_008,5
2024,다아740169,to_in_001,5
2024,다아740169,to_in_007,5
2024,다아740169,to_in_008,5
2024,다아740275,to_in_001,5
2024,다아740275,to_in_007,5
2024,다아740275,to_in_008,0
2024,다아740276,to_in_001,8
2024,다아740276,to_in_007,5
2024,다아740276,to_in_008,8
2024,다아740278,to_in_001,5
2024,다아740278,to_in_007,0
2024,다아740278,to_in_008,0
2024,다아741014,to_in_001,5
2024,다아741014,to_in_007,0
2024,다아741014,to_in_008,5
2024,다아741047,to_in_001,5
2024,다아741047,to_in_007,5
2024,다아741047,to_in_008,0
2024,다아741055,to_in_001,5
2024,다아741055,to_in_007,0
2024,다아741055,to_in_008,5
2024,다아743248,to_in_001,13
2024,다아743248,to_in_007,5
2024,다아743248,to_in_008,8
2024,다아743249,to_in_001,8
2024,다아743249,to_in_007,5
2024,다아743249,to_in_008,8
2024,다아743261,to_in_001,5
2024,다아743261,to_in_007,5
2024,다아743261,to_in_008,5
2024,다아743262,to_in_001,5
2024,다아743262,to_in_007,0
2024,다아743262,to_in_008,5
2024,다아743275,to_in_001,8
2024,다아743275,to_in_007,5
2024,다아743275,to_in_008,5
2024,다아743276,to_in_001,18
2024,다아743276,to_in_007,8
2024,다아743276,to_in_008,8
2024,다아744002,to_in_001,0
2024,다아744002,to_in_007,0
2024,다아744002,to_in_008,0
2024,다아744003,to_in_001,8
2024,다아744003,to_in_007,8
2024,다아744003,to_in_008,0
2024,다아744004,to_in_001,5
2024,다아744004,to_in_007,0
2024,다아744004,to_in_008,5
2024,다아744006,to_in_001,5
2024,다아744006,to_in_007,5
2024,다아744006,to_in_008,0
2024,다아744018,to_in_001,0
2024,다아744018,to_in_007,0
2024,다아744018,to_in_008,0
2024,다아744019,to_in_001,8
2024,다아744019,to_in_007,5
2024,다아744019,to_in_008,5
2024,다아744020,to_in_001,8
2024,다아744020,to_in_007,5
2024,다아744020,to_in_008,5
2024,다아744021,to_in_001,5
2024,다아744021,to_in_007,5
2024,다아744021,to_in_008,0
2024,다아744067,to_in_001,5
2024,다아744067,to_in_007,0
2024,다아744067,to_in_008,5
2024,다아744068,to_in_001,5
2024,다아744068,to_in_007,5
2024,다아744068,to_in_008,0
2024,다아744123,to_in_001,8
2024,다아744123,to_in_007,8
2024,다아744123,to_in_008,0
2024,다아744126,to_in_001,5
2024,다아744126,to_in_007,5
2024,다아744126,to_in_008,5
2024,다아744127,to_in_001,5
2024,다아744127,to_in_007,0
2024,다아744127,to_in_008,0
2024,다아744129,to_in_001,5
2024,다아744129,to_in_007,0
2024,다아744129,to_in_008,5
2024,다아744135,to_in_001,5
2024,다아744135,to_in_007,5
2024,다아744135,to_in_008,0
2024,다아744140,to_in_001,0
2024,다아744140,to_in_007,0
2024,다아744140,to_in_008,0
2024,다아744142,to_in_001,5
2024,다아744142,to_in_007,0
2024,다아744142,to_in_008,5
2024,다아744164,to_in_001,5
2024,다아744164,to_in_007,0
2024,다아744164,to_in_008,0
2024,다아744229,to_in_001,8
2024,다아744229,to_in_007,5
2024,다아744229,to_in_008,8
2024,다아744230,to_in_001,5
2024,다아744230,to_in_007,5
2024,다아744230,to_in_008,5
2024,다아744238,to_in_001,8
2024,다아744238,to_in_007,8
2024,다아744238,to_in_008,0
2024,다아745232,to_in_001,13
2024,다아745232,to_in_007,8
2024,다아745232,to_in_008,5
2024,다아745233,to_in_001,18
2024,다아745233,to_in_007,8
2024,다아745233,to_in_008,8
2024,다아745235,to_in_001,5
2024,다아745235,to_in_007,0
2024,다아745235,to_in_008,0
2024,다아745236,to_in_001,5
2024,다아745236,to_in_007,0
2024,다아745236,to_in_008,0
2024,다아745238,to_in_001,194
2024,다아745238,to_in_007,106
2024,다아745238,to_in_008,91
2024,다아745239,to_in_001,13
2024,다아745239,to_in_007,13
2024,다아745239,to_in_008,5
2024,다아745240,to_in_001,33
2024,다아745240,to_in_007,18
2024,다아745240,to_in_008,13
2024,다아745241,to_in_001,33
2024,다아745241,to_in_007,18
2024,다아745241,to_in_008,13
2024,다아745242,to_in_001,13
2024,다아745242,to_in_007,8
2024,다아745242,to_in_008,8
2024,다아745243,to_in_001,18
2024,다아745243,to_in_007,13
2024,다아745243,to_in_008,8
2024,다아745244,to_in_001,5
2024,다아745244,to_in_007,5
2024,다아745244,to_in_008,5
2024,다아745245,to_in_001,13
2024,다아745245,to_in_007,8
2024,다아745245,to_in_008,8
2024,다아745247,to_in_001,23
2024,다아745247,to_in_007,13
2024,다아745247,to_in_008,13
2024,다아745248,to_in_001,13
2024,다아745248,to_in_007,8
2024,다아745248,to_in_008,8
2024,다아745249,to_in_001,23
2024,다아745249,to_in_007,8
2024,다아745249,to_in_008,13
2024,다아745250,to_in_001,38
2024,다아745250,to_in_007,18
2024,다아745250,to_in_008,18
2024,다아745251,to_in_001,23
2024,다아745251,to_in_007,13
2024,다아745251,to_in_008,13
2024,다아745252,to_in_001,5
2024,다아745252,to_in_007,5
2024,다아745252,to_in_008,5
2024,다아745270,to_in_001,8
2024,다아745270,to_in_007,5
2024,다아745270,to_in_008,5
2024,다아745271,to_in_001,5
2024,다아745271,to_in_007,5
2024,다아745271,to_in_008,0
2024,다아745272,to_in_001,0
2024,다아745272,to_in_007,0
2024,다아745272,to_in_008,0
2024,다아745274,to_in_001,0
2024,다아745274,to_in_007,0
2024,다아745274,to_in_008,0
2024,다아745275,to_in_001,5
2024,다아745275,to_in_007,0
2024,다아745275,to_in_008,0
2024,다아746000,to_in_001,18
2024,다아746000,to_in_007,18
2024,다아746000,to_in_008,5
2024,다아746002,to_in_001,0
2024,다아746002,to_in_007,0
2024,다아746002,to_in_008,0
2024,다아746016,to_in_001,18
2024,다아746016,to_in_007,8
2024,다아746016,to_in_008,13
2024,다아746017,to_in_001,8
2024,다아746017,to_in_007,0
2024,다아746017,to_in_008,8
2024,다아746018,to_in_001,5
2024,다아746018,to_in_007,5
2024,다아746018,to_in_008,0
2024,다아746019,to_in_001,8
2024,다아746019,to_in_007,5
2024,다아746019,to_in_008,5
2024,다아746020,to_in_001,8
2024,다아746020,to_in_007,5
2024,다아746020,to_in_008,5
2024,다아746021,to_in_001,5
2024,다아746021,to_in_007,5
2024,다아746021,to_in_008,5
2024,다아746067,to_in_001,5
2024,다아746067,to_in_007,0
2024,다아746067,to_in_008,0
2024,다아746122,to_in_001,8
2024,다아746122,to_in_007,5
2024,다아746122,to_in_008,8
2024,다아746123,to_in_001,5
2024,다아746123,to_in_007,5
2024,다아746123,to_in_008,0
2024,다아746124,to_in_001,5
2024,다아746124,to_in_007,0
2024,다아746124,to_in_008,0
2024,다아746130,to_in_001,5
2024,다아746130,to_in_007,5
2024,다아746130,to_in_008,0
2024,다아746131,to_in_001,8
2024,다아746131,to_in_007,8
2024,다아746131,to_in_008,5
2024,다아746142,to_in_001,0
2024,다아746142,to_in_007,0
2024,다아746142,to_in_008,0
2024,다아746161,to_in_001,5
2024,다아746161,to_in_007,5
2024,다아746161,to_in_008,5
2024,다아748011,to_in_001,8
2024,다아748011,to_in_007,5
2024,다아748011,to_in_008,0
2024,다아748018,to_in_001,28
2024,다아748018,to_in_007,13
2024,다아748018,to_in_008,13
2024,다아748019,to_in_001,23
2024,다아748019,to_in_007,13
2024,다아748019,to_in_008,8
2024,다아748020,to_in_001,5
2024,다아748020,to_in_007,5
2024,다아748020,to_in_008,5
2024,다아748068,to_in_001,5
2024,다아748068,to_in_007,5
2024,다아748068,to_in_008,0
2024,다아748110,to_in_001,0
2024,다아748110,to_in_007,0
2024,다아748110,to_in_008,0
2024,다아748113,to_in_001,8
2024,다아748113,to_in_007,5
2024,다아748113,to_in_008,5
2024,다아748117,to_in_001,5
2024,다아748117,to_in_007,5
2024,다아748117,to_in_008,5
2024,다아748121,to_in_001,8
2024,다아748121,to_in_007,8
2024,다아748121,to_in_008,8
2024,다아748122,to_in_001,5
2024,다아748122,to_in_007,5
2024,다아748122,to_in_008,5
2024,다아748123,to_in_001,5
2024,다아748123,to_in_007,0
2024,다아748123,to_in_008,0
2024,다아748134,to_in_001,0
2024,다아748134,to_in_007,0
2024,다아748134,to_in_008,0
2024,다아748135,to_in_001,0
2024,다아748135,to_in_007,0
2024,다아748135,to_in_008,0
2024,다아748144,to_in_001,5
2024,다아748144,to_in_007,0
2024,다아748144,to_in_008,0
2024,다아748159,to_in_001,5
2024,다아748159,to_in_007,0
2024,다아748159,to_in_008,5
2024,다아748160,to_in_001,5
2024,다아748160,to_in_007,0
2024,다아748160,to_in_008,5
2024,다아748161,to_in_001,5
2024,다아748161,to_in_007,0
2024,다아748161,to_in_008,0
2024,다아748221,to_in_001,5
2024,다아748221,to_in_007,5
2024,다아748221,to_in_008,5
2024,다아748223,to_in_001,5
2024,다아748223,to_in_007,0
2024,다아748223,to_in_008,5
2024,다아748224,to_in_001,8
2024,다아748224,to_in_007,8
2024,다아748224,to_in_008,8
2024,다아748225,to_in_001,23
2024,다아748225,to_in_007,13
2024,다아748225,to_in_008,8
2024,다아748226,to_in_001,5
2024,다아748226,to_in_007,5
2024,다아748226,to_in_008,0
2024,다아748227,to_in_001,43
2024,다아748227,to_in_007,23
2024,다아748227,to_in_008,23
2024,다아748228,to_in_001,48
2024,다아748228,to_in_007,23
2024,다아748228,to_in_008,23
2024,다아748229,to_in_001,96
2024,다아748229,to_in_007,46
2024,다아748229,to_in_008,48
2024,다아748230,to_in_001,233
2024,다아748230,to_in_007,109
2024,다아748230,to_in_008,127
2024,다아748231,to_in_001,43
2024,다아748231,to_in_007,23
2024,다아748231,to_in_008,23
2024,다아748232,to_in_001,8
2024,다아748232,to_in_007,8
2024,다아748232,to_in_008,5
2024,다아748233,to_in_001,28
2024,다아748233,to_in_007,18
2024,다아748233,to_in_008,13
2024,다아748234,to_in_001,13
2024,다아748234,to_in_007,8
2024,다아748234,to_in_008,8
2024,다아748235,to_in_001,23
2024,다아748235,to_in_007,13
2024,다아748235,to_in_008,13
2024,다아748236,to_in_001,18
2024,다아748236,to_in_007,8
2024,다아748236,to_in_008,13
2024,다아748237,to_in_001,13
2024,다아748237,to_in_007,5
2024,다아748237,to_in_008,8
2024,다아748238,to_in_001,13
2024,다아748238,to_in_007,8
2024,다아748238,to_in_008,8
2024,다아748239,to_in_001,23
2024,다아748239,to_in_007,13
2024,다아748239,to_in_008,8
2024,다아748240,to_in_001,23
2024,다아748240,to_in_007,13
2024,다아748240,to_in_008,8
2024,다아748241,to_in_001,28
2024,다아748241,to_in_007,13
2024,다아748241,to_in_008,18
2024,다아748242,to_in_001,8
2024,다아748242,to_in_007,5
2024,다아748242,to_in_008,5
2024,다아748253,to_in_001,5
2024,다아748253,to_in_007,0
2024,다아748253,to_in_008,0
2024,다아748254,to_in_001,5
2024,다아748254,to_in_007,0
2024,다아748254,to_in_008,0
2024,다아748255,to_in_001,5
2024,다아748255,to_in_007,5
2024,다아748255,to_in_008,0
2024,다아751016,to_in_001,18
2024,다아751016,to_in_007,8
2024,다아751016,to_in_008,8
2024,다아751017,to_in_001,18
2024,다아751017,to_in_007,8
2024,다아751017,to_in_008,8
2024,다아751018,to_in_001,8
2024,다아751018,to_in_007,5
2024,다아751018,to_in_008,5
2024,다아751056,to_in_001,8
2024,다아751056,to_in_007,5
2024,다아751056,to_in_008,5
2024,다아751060,to_in_001,5
2024,다아751060,to_in_007,5
2024,다아751060,to_in_008,0
2024,다아751079,to_in_001,5
2024,다아751079,to_in_007,0
2024,다아751079,to_in_008,0
2024,다아751080,to_in_001,5
2024,다아751080,to_in_007,5
2024,다아751080,to_in_008,0
2024,다아751115,to_in_001,5
2024,다아751115,to_in_007,0
2024,다아751115,to_in_008,0
2024,다아751116,to_in_001,5
2024,다아751116,to_in_007,5
2024,다아751116,to_in_008,0
2024,다아751137,to_in_001,0
2024,다아751137,to_in_007,0
2024,다아751137,to_in_008,0
2024,다아751141,to_in_001,5
2024,다아751141,to_in_007,5
2024,다아751141,to_in_008,0
2024,다아751149,to_in_001,5
2024,다아751149,to_in_007,0
2024,다아751149,to_in_008,5
2024,다아751150,to_in_001,5
2024,다아751150,to_in_007,5
2024,다아751150,to_in_008,5
2024,다아751161,to_in_001,5
2024,다아751161,to_in_007,0
2024,다아751161,to_in_008,5
2024,다아751162,to_in_001,8
2024,다아751162,to_in_007,5
2024,다아751162,to_in_008,8
2024,다아751223,to_in_001,8
2024,다아751223,to_in_007,5
2024,다아751223,to_in_008,5
2024,다아751224,to_in_001,8
2024,다아751224,to_in_007,5
2024,다아751224,to_in_008,5
2024,다아751226,to_in_001,18
2024,다아751226,to_in_007,8
2024,다아751226,to_in_008,13
2024,다아751227,to_in_001,172
2024,다아751227,to_in_007,92
2024,다아751227,to_in_008,83
2024,다아751228,to_in_001,74
2024,다아751228,to_in_007,39
2024,다아751228,to_in_008,33
2024,다아751229,to_in_001,59
2024,다아751229,to_in_007,29
2024,다아751229,to_in_008,33
2024,다아751230,to_in_001,112
2024,다아751230,to_in_007,62
2024,다아751230,to_in_008,53
2024,다아751231,to_in_001,75
2024,다아751231,to_in_007,30
2024,다아751231,to_in_008,48
2024,다아751232,to_in_001,28
2024,다아751232,to_in_007,13
2024,다아751232,to_in_008,13
2024,다아751233,to_in_001,8
2024,다아751233,to_in_007,5
2024,다아751233,to_in_008,5
2024,다아751234,to_in_001,33
2024,다아751234,to_in_007,13
2024,다아751234,to_in_008,18
2024,다아751235,to_in_001,94
2024,다아751235,to_in_007,49
2024,다아751235,to_in_008,43
2024,다아751236,to_in_001,53
2024,다아751236,to_in_007,18
2024,다아751236,to_in_008,33
2024,다아751237,to_in_001,43
2024,다아751237,to_in_007,18
2024,다아751237,to_in_008,23
2024,다아751238,to_in_001,13
2024,다아751238,to_in_007,5
2024,다아751238,to_in_008,8
2024,다아751239,to_in_001,5
2024,다아751239,to_in_007,0
2024,다아751239,to_in_008,0
2024,다아751252,to_in_001,5
2024,다아751252,to_in_007,0
2024,다아751252,to_in_008,5
2024,다아752001,to_in_001,5
2024,다아752001,to_in_007,0
2024,다아752001,to_in_008,0
2024,다아752015,to_in_001,8
2024,다아752015,to_in_007,5
2024,다아752015,to_in_008,5
2024,다아752016,to_in_001,33
2024,다아752016,to_in_007,18
2024,다아752016,to_in_008,18
2024,다아752017,to_in_001,18
2024,다아752017,to_in_007,8
2024,다아752017,to_in_008,8
2024,다아752018,to_in_001,0
2024,다아752018,to_in_007,0
2024,다아752018,to_in_008,0
2024,다아775238,to_in_001,8
2024,다아775238,to_in_007,8
2024,다아775238,to_in_008,5
2024,다아775262,to_in_001,13
2024,다아775262,to_in_007,8
2024,다아775262,to_in_008,8
2024,다아775263,to_in_001,0
2024,다아775263,to_in_007,0
2024,다아775263,to_in_008,0
2024,다아775275,to_in_001,5
2024,다아775275,to_in_007,5
2024,다아775275,to_in_008,0
2024,다아776001,to_in_001,52
2024,다아776001,to_in_007,23
2024,다아776001,to_in_008,32
2024,다아776003,to_in_001,125
2024,다아776003,to_in_007,76
2024,다아776003,to_in_008,47
2024,다아776004,to_in_001,43
2024,다아776004,to_in_007,23
2024,다아776004,to_in_008,23
2024,다아776012,to_in_001,5
2024,다아776012,to_in_007,5
2024,다아776012,to_in_008,5
2024,다아776013,to_in_001,0
2024,다아776013,to_in_007,0
2024,다아776013,to_in_008,0
2024,다아776014,to_in_001,8
2024,다아776014,to_in_007,5
2024,다아776014,to_in_008,5
2024,다아776015,to_in_001,18
2024,다아776015,to_in_007,8
2024,다아776015,to_in_008,8
2024,다아776016,to_in_001,8
2024,다아776016,to_in_007,5
2024,다아776016,to_in_008,5
2024,다아776086,to_in_001,5
2024,다아776086,to_in_007,5
2024,다아776086,to_in_008,5
2024,다아776088,to_in_001,5
2024,다아776088,to_in_007,0
2024,다아776088,to_in_008,0
2024,다아776089,to_in_001,5
2024,다아776089,to_in_007,0
2024,다아776089,to_in_008,5
2024,다아776090,to_in_001,0
2024,다아776090,to_in_007,0
2024,다아776090,to_in_008,0
2024,다아776096,to_in_001,5
2024,다아776096,to_in_007,5
2024,다아776096,to_in_008,0
2024,다아776138,to_in_001,5
2024,다아776138,to_in_007,0
2024,다아776138,to_in_008,0
2024,다아776140,to_in_001,5
2024,다아776140,to_in_007,0
2024,다아776140,to_in_008,5
2024,다아776155,to_in_001,5
2024,다아776155,to_in_007,5
2024,다아776155,to_in_008,0
2024,다아776165,to_in_001,13
2024,다아776165,to_in_007,8
2024,다아776165,to_in_008,8
2024,다아776166,to_in_001,18
2024,다아776166,to_in_007,8
2024,다아776166,to_in_008,8
2024,다아776167,to_in_001,18
2024,다아776167,to_in_007,8
2024,다아776167,to_in_008,8
2024,다아776168,to_in_001,8
2024,다아776168,to_in_007,5
2024,다아776168,to_in_008,5
2024,다아776169,to_in_001,8
2024,다아776169,to_in_007,5
2024,다아776169,to_in_008,5
2024,다아776170,to_in_001,5
2024,다아776170,to_in_007,5
2024,다아776170,to_in_008,5
2024,다아776171,to_in_001,8
2024,다아776171,to_in_007,5
2024,다아776171,to_in_008,5
2024,다아776173,to_in_001,5
2024,다아776173,to_in_007,5
2024,다아776173,to_in_008,5
2024,다아776180,to_in_001,8
2024,다아776180,to_in_007,5
2024,다아776180,to_in_008,5
2024,다아777264,to_in_001,8
2024,다아777264,to_in_007,5
2024,다아777264,to_in_008,5
2024,다아778001,to_in_001,5
2024,다아778001,to_in_007,5
2024,다아778001,to_in_008,5
2024,다아778002,to_in_001,0
2024,다아778002,to_in_007,0
2024,다아778002,to_in_008,0
2024,다아778003,to_in_001,8
2024,다아778003,to_in_007,5
2024,다아778003,to_in_008,5
2024,다아778004,to_in_001,8
2024,다아778004,to_in_007,8
2024,다아778004,to_in_008,5
2024,다아778005,to_in_001,5
2024,다아778005,to_in_007,5
2024,다아778005,to_in_008,0
2024,다아778010,to_in_001,13
2024,다아778010,to_in_007,8
2024,다아778010,to_in_008,8
2024,다아778012,to_in_001,5
2024,다아778012,to_in_007,0
2024,다아778012,to_in_008,5
2024,다아778013,to_in_001,5
2024,다아778013,to_in_007,5
2024,다아778013,to_in_008,0
2024,다아778015,to_in_001,5
2024,다아778015,to_in_007,5
2024,다아778015,to_in_008,0
2024,다아778016,to_in_001,0
2024,다아778016,to_in_007,0
2024,다아778016,to_in_008,0
2024,다아778017,to_in_001,18
2024,다아778017,to_in_007,8
2024,다아778017,to_in_008,8
2024,다아778024,to_in_001,8
2024,다아778024,to_in_007,5
2024,다아778024,to_in_008,8
2024,다아778086,to_in_001,0
2024,다아778086,to_in_007,0
2024,다아778086,to_in_008,0
2024,다아778089,to_in_001,5
2024,다아778089,to_in_007,5
2024,다아778089,to_in_008,0
2024,다아778133,to_in_001,0
2024,다아778133,to_in_007,0
2024,다아778133,to_in_008,0
2024,다아778155,to_in_001,5
2024,다아778155,to_in_007,0
2024,다아778155,to_in_008,0
2024,다아778160,to_in_001,0
2024,다아778160,to_in_007,0
2024,다아778160,to_in_008,0
2024,다아778161,to_in_001,5
2024,다아778161,to_in_007,5
2024,다아778161,to_in_008,0
2024,다아778162,to_in_001,0
2024,다아778162,to_in_007,0
2024,다아778162,to_in_008,0
2024,다아778163,to_in_001,8
2024,다아778163,to_in_007,5
2024,다아778163,to_in_008,5
2024,다아778164,to_in_001,8
2024,다아778164,to_in_007,5
2024,다아778164,to_in_008,5
2024,다아778165,to_in_001,5
2024,다아778165,to_in_007,5
2024,다아778165,to_in_008,0
2024,다아778168,to_in_001,5
2024,다아778168,to_in_007,5
2024,다아778168,to_in_008,5
2024,다아778169,to_in_001,5
2024,다아778169,to_in_007,0
2024,다아778169,to_in_008,5
2024,다아778170,to_in_001,0
2024,다아778170,to_in_007,0
2024,다아778170,to_in_008,0
2024,다아778171,to_in_001,5
2024,다아778171,to_in_007,5
2024,다아778171,to_in_008,0
2024,다아778173,to_in_001,8
2024,다아778173,to_in_007,5
2024,다아778173,to_in_008,5
2024,다아780180,to_in_001,5
2024,다아780180,to_in_007,0
2024,다아780180,to_in_008,5
2024,다아780181,to_in_001,5
2024,다아780181,to_in_007,5
2024,다아780181,to_in_008,0
2024,다아780182,to_in_001,5
2024,다아780182,to_in_007,5
2024,다아780182,to_in_008,0
2024,다아780183,to_in_001,5
2024,다아780183,to_in_007,5
2024,다아780183,to_in_008,5
2024,다아780190,to_in_001,5
2024,다아780190,to_in_007,0
2024,다아780190,to_in_008,5
2024,다아780191,to_in_001,8
2024,다아780191,to_in_007,5
2024,다아780191,to_in_008,5
2024,다아780192,to_in_001,8
2024,다아780192,to_in_007,8
2024,다아780192,to_in_008,0
2024,다아780196,to_in_001,5
2024,다아780196,to_in_007,0
2024,다아780196,to_in_008,0
2024,다아780208,to_in_001,5
2024,다아780208,to_in_007,0
2024,다아780208,to_in_008,0
2024,다아780244,to_in_001,8
2024,다아780244,to_in_007,5
2024,다아780244,to_in_008,5
2024,다아780245,to_in_001,8
2024,다아780245,to_in_007,5
2024,다아780245,to_in_008,5
2024,다아780259,to_in_001,5
2024,다아780259,to_in_007,5
2024,다아780259,to_in_008,0
2024,다아780260,to_in_001,8
2024,다아780260,to_in_007,5
2024,다아780260,to_in_008,8
2024,다아780274,to_in_001,0
2024,다아780274,to_in_007,0
2024,다아780274,to_in_008,0
2024,다아781000,to_in_001,8
2024,다아781000,to_in_007,5
2024,다아781000,to_in_008,5
2024,다아781012,to_in_001,8
2024,다아781012,to_in_007,8
2024,다아781012,to_in_008,5
2024,다아781014,to_in_001,5
2024,다아781014,to_in_007,5
2024,다아781014,to_in_008,0
2024,다아781015,to_in_001,5
2024,다아781015,to_in_007,5
2024,다아781015,to_in_008,0
2024,다아781016,to_in_001,5
2024,다아781016,to_in_007,0
2024,다아781016,to_in_008,0
2024,다아725001,to_in_007,5
2024,다아725001,to_in_008,5
2024,다아725002,to_in_001,0
2024,다아725002,to_in_007,0
2024,다아725002,to_in_008,0
2024,다아725003,to_in_001,8
2024,다아725003,to_in_007,5
2024,다아725003,to_in_008,5
2024,다아725010,to_in_001,5
2024,다아725010,to_in_007,0
2024,다아725010,to_in_008,5
2024,다아725018,to_in_001,5
2024,다아725018,to_in_007,5
2024,다아725018,to_in_008,0
2024,다아725024,to_in_001,5
2024,다아725024,to_in_007,0
2024,다아725024,to_in_008,5
2024,다아725025,to_in_001,5
2024,다아725025,to_in_007,0
2024,다아725025,to_in_008,0
2024,다아725026,to_in_001,5
2024,다아725026,to_in_007,5
2024,다아725026,to_in_008,0
2024,다아725029,to_in_001,0
2024,다아725029,to_in_007,0
2024,다아725029,to_in_008,0
2024,다아726000,to_in_001,5
2024,다아726000,to_in_007,5
2024,다아726000,to_in_008,5
2024,다아726001,to_in_001,5
2024,다아726001,to_in_007,5
2024,다아726001,to_in_008,5
2024,다아726002,to_in_001,8
2024,다아726002,to_in_007,5
2024,다아726002,to_in_008,8
2024,다아733051,to_in_001,5
2024,다아733051,to_in_007,0
2024,다아733051,to_in_008,5
2024,다아733276,to_in_001,8
2024,다아733276,to_in_007,5
2024,다아733276,to_in_008,5
2024,다아733277,to_in_001,0
2024,다아733277,to_in_007,0
2024,다아733277,to_in_008,0
2024,다아734021,to_in_001,5
2024,다아734021,to_in_007,5
2024,다아734021,to_in_008,5
2024,다아734036,to_in_001,5
2024,다아734036,to_in_007,5
2024,다아734036,to_in_008,0
2024,다아734040,to_in_001,5
2024,다아734040,to_in_007,0
2024,다아734040,to_in_008,5
2024,다아734051,to_in_001,5
2024,다아734051,to_in_007,0
2024,다아734051,to_in_008,5
2024,다아734105,to_in_001,5
2024,다아734105,to_in_007,0
2024,다아734105,to_in_008,0
2024,다아735000,to_in_001,5
2024,다아735000,to_in_007,0
2024,다아735000,to_in_008,5
2024,다아735019,to_in_001,5
2024,다아735019,to_in_007,5
2024,다아735019,to_in_008,0
2024,다아735036,to_in_001,0
2024,다아735036,to_in_007,0
2024,다아735036,to_in_008,0
2024,다아735039,to_in_001,5
2024,다아735039,to_in_007,0
2024,다아735039,to_in_008,5
2024,다아735040,to_in_001,5
2024,다아735040,to_in_007,5
2024,다아735040,to_in_008,5
2024,다아735043,to_in_001,5
2024,다아735043,to_in_007,5
2024,다아735043,to_in_008,0
2024,다아735055,to_in_001,5
2024,다아735055,to_in_007,0
2024,다아735055,to_in_008,0
2024,다아735112,to_in_001,18
2024,다아735112,to_in_007,8
2024,다아735112,to_in_008,8
2024,다아735173,to_in_001,5
2024,다아735173,to_in_007,0
2024,다아735173,to_in_008,0
2024,다아736000,to_in_001,5
2024,다아736000,to_in_007,0
2024,다아736000,to_in_008,0
2024,다아736040,to_in_001,5
2024,다아736040,to_in_007,0
2024,다아736040,to_in_008,5
2024,다아736045,to_in_001,5
2024,다아736045,to_in_007,0
2024,다아736045,to_in_008,5
2024,다아736052,to_in_001,5
2024,다아736052,to_in_007,0
2024,다아736052,to_in_008,5
2024,다아736055,to_in_001,5
2024,다아736055,to_in_007,5
2024,다아736055,to_in_008,0
2024,다아736113,to_in_001,0
2024,다아736113,to_in_007,0
2024,다아736113,to_in_008,0
2024,다아736115,to_in_001,0
2024,다아736115,to_in_007,0
2024,다아736115,to_in_008,0
2024,다아737015,to_in_001,8
2024,다아737015,to_in_007,5
2024,다아737015,to_in_008,0
2024,다아737021,to_in_001,5
2024,다아737021,to_in_007,5
2024,다아737021,to_in_008,0
2024,다아737039,to_in_001,5
2024,다아737039,to_in_007,0
2024,다아737039,to_in_008,0
2024,다아737040,to_in_001,8
2024,다아737040,to_in_007,8
2024,다아737040,to_in_008,0
2024,다아737041,to_in_001,8
2024,다아737041,to_in_007,8
2024,다아737041,to_in_008,5
2024,다아737044,to_in_001,8
2024,다아737044,to_in_007,8
2024,다아737044,to_in_008,0
2024,다아737055,to_in_001,5
2024,다아737055,to_in_007,5
2024,다아737055,to_in_008,0
2024,다아737056,to_in_001,5
2024,다아737056,to_in_007,5
2024,다아737056,to_in_008,0
2024,다아737059,to_in_001,8
2024,다아737059,to_in_007,5
2024,다아737059,to_in_008,5
2024,다아737078,to_in_001,5
2024,다아737078,to_in_007,5
2024,다아737078,to_in_008,5
2024,다아737079,to_in_001,5
2024,다아737079,to_in_007,0
2024,다아737079,to_in_008,0
2024,다아737112,to_in_001,5
2024,다아737112,to_in_007,0
2024,다아737112,to_in_008,0
2024,다아737113,to_in_001,5
2024,다아737113,to_in_007,0
2024,다아737113,to_in_008,0
2024,다아737278,to_in_001,5
2024,다아737278,to_in_007,5
2024,다아737278,to_in_008,5
2024,다아738015,to_in_001,5
2024,다아738015,to_in_007,5
2024,다아738015,to_in_008,0
2024,다아738042,to_in_001,5
2024,다아738042,to_in_007,5
2024,다아738042,to_in_008,0
2024,다아738043,to_in_001,8
2024,다아738043,to_in_007,5
2024,다아738043,to_in_008,5
2024,다아738052,to_in_001,0
2024,다아738052,to_in_007,0
2024,다아738052,to_in_008,0
2024,다아738053,to_in_001,5
2024,다아738053,to_in_007,5
2024,다아738053,to_in_008,5
2024,다아738054,to_in_001,5
2024,다아738054,to_in_007,0
2024,다아738054,to_in_008,5
2024,다아738056,to_in_001,5
2024,다아738056,to_in_007,5
2024,다아738056,to_in_008,5
2024,다아738057,to_in_001,5
2024,다아738057,to_in_007,5
2024,다아738057,to_in_008,5
2024,다아738058,to_in_001,8
2024,다아738058,to_in_007,5
2024,다아738058,to_in_008,5
2024,다아738060,to_in_001,5
2024,다아738060,to_in_007,5
2024,다아738060,to_in_008,0
2024,다아741059,to_in_001,5
2024,다아741059,to_in_007,0
2024,다아741059,to_in_008,5
2024,다아741087,to_in_001,5
2024,다아741087,to_in_007,5
2024,다아741087,to_in_008,0
2024,다아741091,to_in_001,8
2024,다아741091,to_in_007,5
2024,다아741091,to_in_008,8
2024,다아741092,to_in_001,0
2024,다아741092,to_in_007,0
2024,다아741092,to_in_008,0
2024,다아741096,to_in_001,5
2024,다아741096,to_in_007,5
2024,다아741096,to_in_008,5
2024,다아741099,to_in_001,8
2024,다아741099,to_in_007,5
2024,다아741099,to_in_008,5
2024,다아741102,to_in_001,5
2024,다아741102,to_in_007,0
2024,다아741102,to_in_008,0
2024,다아741103,to_in_001,5
2024,다아741103,to_in_007,5
2024,다아741103,to_in_008,5
2024,다아741104,to_in_001,8
2024,다아741104,to_in_007,5
2024,다아741104,to_in_008,8
2024,다아741114,to_in_001,5
2024,다아741114,to_in_007,0
2024,다아741114,to_in_008,0
2024,다아741115,to_in_001,5
2024,다아741115,to_in_007,5
2024,다아741115,to_in_008,0
2024,다아741121,to_in_001,5
2024,다아741121,to_in_007,5
2024,다아741121,to_in_008,5
2024,다아741168,to_in_001,0
2024,다아741168,to_in_007,0
2024,다아741168,to_in_008,0
2024,다아741169,to_in_001,8
2024,다아741169,to_in_007,8
2024,다아741169,to_in_008,8
2024,다아741276,to_in_001,23
2024,다아741276,to_in_007,8
2024,다아741276,to_in_008,13
2024,다아742046,to_in_001,8
2024,다아742046,to_in_007,8
2024,다아742046,to_in_008,0
2024,다아742051,to_in_001,5
2024,다아742051,to_in_007,5
2024,다아742051,to_in_008,0
2024,다아742052,to_in_001,5
2024,다아742052,to_in_007,0
2024,다아742052,to_in_008,0
2024,다아742056,to_in_001,0
2024,다아742056,to_in_007,0
2024,다아742056,to_in_008,0
2024,다아742089,to_in_001,0
2024,다아742089,to_in_007,0
2024,다아742089,to_in_008,0
2024,다아742090,to_in_001,5
2024,다아742090,to_in_007,0
2024,다아742090,to_in_008,0
2024,다아742091,to_in_001,8
2024,다아742091,to_in_007,5
2024,다아742091,to_in_008,8
2024,다아742093,to_in_001,5
2024,다아742093,to_in_007,0
2024,다아742093,to_in_008,0
2024,다아742094,to_in_001,5
2024,다아742094,to_in_007,0
2024,다아742094,to_in_008,0
2024,다아742096,to_in_001,5
2024,다아742096,to_in_007,0
2024,다아742096,to_in_008,5
2024,다아742097,to_in_001,8
2024,다아742097,to_in_007,5
2024,다아742097,to_in_008,5
2024,다아742098,to_in_001,13
2024,다아742098,to_in_007,8
2024,다아742098,to_in_008,8
2024,다아742099,to_in_001,5
2024,다아742099,to_in_007,0
2024,다아742099,to_in_008,5
2024,다아742100,to_in_001,8
2024,다아742100,to_in_007,8
2024,다아742100,to_in_008,0
2024,다아742101,to_in_001,5
2024,다아742101,to_in_007,0
2024,다아742101,to_in_008,0
2024,다아742102,to_in_001,0
2024,다아742102,to_in_007,0
2024,다아742102,to_in_008,0
2024,다아742103,to_in_001,5
2024,다아742103,to_in_007,5
2024,다아742103,to_in_008,5
2024,다아742125,to_in_001,20
2024,다아742125,to_in_007,15
2024,다아742125,to_in_008,5
2024,다아742128,to_in_001,0
2024,다아742128,to_in_007,0
2024,다아742128,to_in_008,0
2024,다아742274,to_in_001,5
2024,다아742274,to_in_007,0
2024,다아742274,to_in_008,0
2024,다아742276,to_in_001,28
2024,다아742276,to_in_007,18
2024,다아742276,to_in_008,13
2024,다아742277,to_in_001,13
2024,다아742277,to_in_007,8
2024,다아742277,to_in_008,8
2024,다아743019,to_in_001,8
2024,다아743019,to_in_007,5
2024,다아743019,to_in_008,5
2024,다아743052,to_in_001,8
2024,다아743052,to_in_007,5
2024,다아743052,to_in_008,5
2024,다아743067,to_in_001,5
2024,다아743067,to_in_007,0
2024,다아743067,to_in_008,5
2024,다아743091,to_in_001,8
2024,다아743091,to_in_007,5
2024,다아743091,to_in_008,5
2024,다아743098,to_in_001,8
2024,다아743098,to_in_007,5
2024,다아743098,to_in_008,8
2024,다아743099,to_in_001,5
2024,다아743099,to_in_007,0
2024,다아743099,to_in_008,5
2024,다아743100,to_in_001,5
2024,다아743100,to_in_007,0
2024,다아743100,to_in_008,5
2024,다아743102,to_in_001,0
2024,다아743102,to_in_007,0
2024,다아743102,to_in_008,0
2024,다아743122,to_in_001,5
2024,다아743122,to_in_007,5
2024,다아743122,to_in_008,0
2024,다아743124,to_in_001,0
2024,다아743124,to_in_007,0
2024,다아743124,to_in_008,0
2024,다아743129,to_in_001,0
2024,다아743129,to_in_007,0
2024,다아743129,to_in_008,0
2024,다아743132,to_in_001,5
2024,다아743132,to_in_007,0
2024,다아743132,to_in_008,5
2024,다아743134,to_in_001,5
2024,다아743134,to_in_007,5
2024,다아743134,to_in_008,0
2024,다아743138,to_in_001,5
2024,다아743138,to_in_007,0
2024,다아743138,to_in_008,0
2024,다아743230,to_in_001,0
2024,다아743230,to_in_007,0
2024,다아743230,to_in_008,0
2024,다아744239,to_in_001,5
2024,다아744239,to_in_007,0
2024,다아744239,to_in_008,0
2024,다아744240,to_in_001,5
2024,다아744240,to_in_007,5
2024,다아744240,to_in_008,5
2024,다아744241,to_in_001,8
2024,다아744241,to_in_007,0
2024,다아744241,to_in_008,5
2024,다아744247,to_in_001,8
2024,다아744247,to_in_007,5
2024,다아744247,to_in_008,5
2024,다아744248,to_in_001,8
2024,다아744248,to_in_007,5
2024,다아744248,to_in_008,5
2024,다아744249,to_in_001,8
2024,다아744249,to_in_007,5
2024,다아744249,to_in_008,8
2024,다아744250,to_in_001,13
2024,다아744250,to_in_007,5
2024,다아744250,to_in_008,8
2024,다아744270,to_in_001,13
2024,다아744270,to_in_007,5
2024,다아744270,to_in_008,8
2024,다아744274,to_in_001,5
2024,다아744274,to_in_007,5
2024,다아744274,to_in_008,0
2024,다아745000,to_in_001,0
2024,다아745000,to_in_007,0
2024,다아745000,to_in_008,0
2024,다아745017,to_in_001,0
2024,다아745017,to_in_007,0
2024,다아745017,to_in_008,0
2024,다아745019,to_in_001,8
2024,다아745019,to_in_007,5
2024,다아745019,to_in_008,8
2024,다아745021,to_in_001,8
2024,다아745021,to_in_007,5
2024,다아745021,to_in_008,5
2024,다아745061,to_in_001,0
2024,다아745061,to_in_007,0
2024,다아745061,to_in_008,0
2024,다아745067,to_in_001,5
2024,다아745067,to_in_007,0
2024,다아745067,to_in_008,5
2024,다아745125,to_in_001,5
2024,다아745125,to_in_007,0
2024,다아745125,to_in_008,0
2024,다아745126,to_in_001,8
2024,다아745126,to_in_007,5
2024,다아745126,to_in_008,0
2024,다아745127,to_in_001,0
2024,다아745127,to_in_007,0
2024,다아745127,to_in_008,0
2024,다아745130,to_in_001,5
2024,다아745130,to_in_007,5
2024,다아745130,to_in_008,0
2024,다아745135,to_in_001,5
2024,다아745135,to_in_007,0
2024,다아745135,to_in_008,5
2024,다아745138,to_in_001,0
2024,다아745138,to_in_007,0
2024,다아745138,to_in_008,0
2024,다아745140,to_in_001,0
2024,다아745140,to_in_007,0
2024,다아745140,to_in_008,0
2024,다아745224,to_in_001,5
2024,다아745224,to_in_007,0
2024,다아745224,to_in_008,5
2024,다아745228,to_in_001,60
2024,다아745228,to_in_007,28
2024,다아745228,to_in_008,35
2024,다아745229,to_in_001,18
2024,다아745229,to_in_007,13
2024,다아745229,to_in_008,8
2024,다아745230,to_in_001,13
2024,다아745230,to_in_007,8
2024,다아745230,to_in_008,8
2024,다아745231,to_in_001,18
2024,다아745231,to_in_007,8
2024,다아745231,to_in_008,8
2024,다아747121,to_in_001,18
2024,다아747121,to_in_007,13
2024,다아747121,to_in_008,8
2024,다아747122,to_in_001,8
2024,다아747122,to_in_007,8
2024,다아747122,to_in_008,5
2024,다아747125,to_in_001,5
2024,다아747125,to_in_007,0
2024,다아747125,to_in_008,5
2024,다아747131,to_in_001,13
2024,다아747131,to_in_007,8
2024,다아747131,to_in_008,8
2024,다아747137,to_in_001,0
2024,다아747137,to_in_007,0
2024,다아747137,to_in_008,0
2024,다아747144,to_in_001,5
2024,다아747144,to_in_007,0
2024,다아747144,to_in_008,0
2024,다아747160,to_in_001,13
2024,다아747160,to_in_007,8
2024,다아747160,to_in_008,8
2024,다아747161,to_in_001,13
2024,다아747161,to_in_007,8
2024,다아747161,to_in_008,8
2024,다아747162,to_in_001,5
2024,다아747162,to_in_007,5
2024,다아747162,to_in_008,5
2024,다아747226,to_in_001,8
2024,다아747226,to_in_007,5
2024,다아747226,to_in_008,5
2024,다아747227,to_in_001,8
2024,다아747227,to_in_007,5
2024,다아747227,to_in_008,8
2024,다아747228,to_in_001,146
2024,다아747228,to_in_007,65
2024,다아747228,to_in_008,84
2024,다아747229,to_in_001,48
2024,다아747229,to_in_007,23
2024,다아747229,to_in_008,28
2024,다아747230,to_in_001,70
2024,다아747230,to_in_007,33
2024,다아747230,to_in_008,35
2024,다아747231,to_in_001,45
2024,다아747231,to_in_007,30
2024,다아747231,to_in_008,18
2024,다아747232,to_in_001,38
2024,다아747232,to_in_007,13
2024,다아747232,to_in_008,23
2024,다아747234,to_in_001,8
2024,다아747234,to_in_007,5
2024,다아747234,to_in_008,5
2024,다아747235,to_in_001,43
2024,다아747235,to_in_007,18
2024,다아747235,to_in_008,23
2024,다아747236,to_in_001,5
2024,다아747236,to_in_007,0
2024,다아747236,to_in_008,5
2024,다아747238,to_in_001,5
2024,다아747238,to_in_007,5
2024,다아747238,to_in_008,0
2024,다아747239,to_in_001,18
2024,다아747239,to_in_007,8
2024,다아747239,to_in_008,13
2024,다아747240,to_in_001,33
2024,다아747240,to_in_007,18
2024,다아747240,to_in_008,13
2024,다아747241,to_in_001,23
2024,다아747241,to_in_007,13
2024,다아747241,to_in_008,8
2024,다아747242,to_in_001,23
2024,다아747242,to_in_007,13
2024,다아747242,to_in_008,13
2024,다아747243,to_in_001,5
2024,다아747243,to_in_007,5
2024,다아747243,to_in_008,0
2024,다아747244,to_in_001,13
2024,다아747244,to_in_007,5
2024,다아747244,to_in_008,8
2024,다아747245,to_in_001,38
2024,다아747245,to_in_007,18
2024,다아747245,to_in_008,18
2024,다아747246,to_in_001,38
2024,다아747246,to_in_007,18
2024,다아747246,to_in_008,18
2024,다아747247,to_in_001,18
2024,다아747247,to_in_007,8
2024,다아747247,to_in_008,8
2024,다아747248,to_in_001,8
2024,다아747248,to_in_007,5
2024,다아747248,to_in_008,8
2024,다아747252,to_in_001,5
2024,다아747252,to_in_007,0
2024,다아747252,to_in_008,0
2024,다아747253,to_in_001,8
2024,다아747253,to_in_007,5
2024,다아747253,to_in_008,5
2024,다아747254,to_in_001,8
2024,다아747254,to_in_007,8
2024,다아747254,to_in_008,5
2024,다아747255,to_in_001,5
2024,다아747255,to_in_007,5
2024,다아747255,to_in_008,0
2024,다아747271,to_in_001,5
2024,다아747271,to_in_007,5
2024,다아747271,to_in_008,0
2024,다아747272,to_in_001,13
2024,다아747272,to_in_007,8
2024,다아747272,to_in_008,8
2024,다아747273,to_in_001,13
2024,다아747273,to_in_007,8
2024,다아747273,to_in_008,8
2024,다아747274,to_in_001,13
2024,다아747274,to_in_007,8
2024,다아747274,to_in_008,8
2024,다아747275,to_in_001,13
2024,다아747275,to_in_007,8
2024,다아747275,to_in_008,8
2024,다아747276,to_in_001,5
2024,다아747276,to_in_007,5
2024,다아747276,to_in_008,0
2024,다아749252,to_in_001,5
2024,다아749252,to_in_007,0
2024,다아749252,to_in_008,5
2024,다아750007,to_in_001,5
2024,다아750007,to_in_007,0
2024,다아750007,to_in_008,5
2024,다아750008,to_in_001,5
2024,다아750008,to_in_007,0
2024,다아750008,to_in_008,0
2024,다아750016,to_in_001,5
2024,다아750016,to_in_007,0
2024,다아750016,to_in_008,0
2024,다아750017,to_in_001,8
2024,다아750017,to_in_007,5
2024,다아750017,to_in_008,8
2024,다아750018,to_in_001,23
2024,다아750018,to_in_007,13
2024,다아750018,to_in_008,8
2024,다아750019,to_in_001,0
2024,다아750019,to_in_007,0
2024,다아750019,to_in_008,0
2024,다아750055,to_in_001,8
2024,다아750055,to_in_007,8
2024,다아750055,to_in_008,0
2024,다아750059,to_in_001,0
2024,다아750059,to_in_007,0
2024,다아750059,to_in_008,0
2024,다아750079,to_in_001,8
2024,다아750079,to_in_007,8
2024,다아750079,to_in_008,5
2024,다아750080,to_in_001,0
2024,다아750080,to_in_007,0
2024,다아750080,to_in_008,0
2024,다아750137,to_in_001,5
2024,다아750137,to_in_007,0
2024,다아750137,to_in_008,5
2024,다아750138,to_in_001,0
2024,다아750138,to_in_007,0
2024,다아750138,to_in_008,0
2024,다아750140,to_in_001,5
2024,다아750140,to_in_007,5
2024,다아750140,to_in_008,0
2024,다아750146,to_in_001,5
2024,다아750146,to_in_007,0
2024,다아750146,to_in_008,5
2024,다아750160,to_in_001,0
2024,다아750160,to_in_007,0
2024,다아750160,to_in_008,0
2024,다아750221,to_in_001,5
2024,다아750221,to_in_007,5
2024,다아750221,to_in_008,5
2024,다아750222,to_in_001,5
2024,다아750222,to_in_007,5
2024,다아750222,to_in_008,0
2024,다아750223,to_in_001,8
2024,다아750223,to_in_007,5
2024,다아750223,to_in_008,5
2024,다아750224,to_in_001,5
2024,다아750224,to_in_007,5
2024,다아750224,to_in_008,0
2024,다아750225,to_in_001,13
2024,다아750225,to_in_007,8
2024,다아750225,to_in_008,5
2024,다아750226,to_in_001,38
2024,다아750226,to_in_007,18
2024,다아750226,to_in_008,23
2024,다아750227,to_in_001,176
2024,다아750227,to_in_007,82
2024,다아750227,to_in_008,92
2024,다아750228,to_in_001,53
2024,다아750228,to_in_007,33
2024,다아750228,to_in_008,23
2024,다아750229,to_in_001,28
2024,다아750229,to_in_007,13
2024,다아750229,to_in_008,13
2024,다아750230,to_in_001,33
2024,다아750230,to_in_007,13
2024,다아750230,to_in_008,18
2024,다아750231,to_in_001,48
2024,다아750231,to_in_007,28
2024,다아750231,to_in_008,23
2024,다아750232,to_in_001,8
2024,다아750232,to_in_007,8
2024,다아750232,to_in_008,8
2024,다아750233,to_in_001,8
2024,다아750233,to_in_007,5
2024,다아750233,to_in_008,5
2024,다아750234,to_in_001,38
2024,다아750234,to_in_007,23
2024,다아750234,to_in_008,18
2024,다아750235,to_in_001,28
2024,다아750235,to_in_007,13
2024,다아750235,to_in_008,13
2024,다아750236,to_in_001,43
2024,다아750236,to_in_007,23
2024,다아750236,to_in_008,18
2024,다아750237,to_in_001,18
2024,다아750237,to_in_007,8
2024,다아750237,to_in_008,8
2024,다아750238,to_in_001,13
2024,다아750238,to_in_007,8
2024,다아750238,to_in_008,5
2024,다아750254,to_in_001,5
2024,다아750254,to_in_007,0
2024,다아750254,to_in_008,0
2024,다아751008,to_in_001,0
2024,다아751008,to_in_007,0
2024,다아751008,to_in_008,0
2024,다아753015,to_in_001,23
2024,다아753015,to_in_007,8
2024,다아753015,to_in_008,13
2024,다아753016,to_in_001,23
2024,다아753016,to_in_007,8
2024,다아753016,to_in_008,13
2024,다아753017,to_in_001,23
2024,다아753017,to_in_007,13
2024,다아753017,to_in_008,8
2024,다아753018,to_in_001,5
2024,다아753018,to_in_007,5
2024,다아753018,to_in_008,0
2024,다아753101,to_in_001,5
2024,다아753101,to_in_007,0
2024,다아753101,to_in_008,0
2024,다아753103,to_in_001,5
2024,다아753103,to_in_007,0
2024,다아753103,to_in_008,5
2024,다아753105,to_in_001,5
2024,다아753105,to_in_007,0
2024,다아753105,to_in_008,0
2024,다아753106,to_in_001,5
2024,다아753106,to_in_007,5
2024,다아753106,to_in_008,0
2024,다아753113,to_in_001,13
2024,다아753113,to_in_007,8
2024,다아753113,to_in_008,8
2024,다아753114,to_in_001,13
2024,다아753114,to_in_007,8
2024,다아753114,to_in_008,8
2024,다아753115,to_in_001,8
2024,다아753115,to_in_007,5
2024,다아753115,to_in_008,5
2024,다아753116,to_in_001,5
2024,다아753116,to_in_007,5
2024,다아753116,to_in_008,5
2024,다아753117,to_in_001,8
2024,다아753117,to_in_007,5
2024,다아753117,to_in_008,8
2024,다아753148,to_in_001,0
2024,다아753148,to_in_007,0
2024,다아753148,to_in_008,0
2024,다아753150,to_in_001,8
2024,다아753150,to_in_007,5
2024,다아753150,to_in_008,5
2024,다아753157,to_in_001,5
2024,다아753157,to_in_007,0
2024,다아753157,to_in_008,0
2024,다아753161,to_in_001,8
2024,다아753161,to_in_007,5
2024,다아753161,to_in_008,5
2024,다아753162,to_in_001,0
2024,다아753162,to_in_007,0
2024,다아753162,to_in_008,0
2024,다아753164,to_in_001,5
2024,다아753164,to_in_007,0
2024,다아753164,to_in_008,0
2024,다아753168,to_in_001,0
2024,다아753168,to_in_007,0
2024,다아753168,to_in_008,0
2024,다아753169,to_in_001,5
2024,다아753169,to_in_007,5
2024,다아753169,to_in_008,0
2024,다아753222,to_in_001,147
2024,다아753222,to_in_007,71
2024,다아753222,to_in_008,74
2024,다아753223,to_in_001,58
2024,다아753223,to_in_007,43
2024,다아753223,to_in_008,20
2024,다아753225,to_in_001,8
2024,다아753225,to_in_007,8
2024,다아753225,to_in_008,5
2024,다아753226,to_in_001,79
2024,다아753226,to_in_007,38
2024,다아753226,to_in_008,44
2024,다아753227,to_in_001,23
2024,다아753227,to_in_007,13
2024,다아753227,to_in_008,8
2024,다아753228,to_in_001,153
2024,다아753228,to_in_007,74
2024,다아753228,to_in_008,77
2024,다아753229,to_in_001,128
2024,다아753229,to_in_007,67
2024,다아753229,to_in_008,59
2024,다아753230,to_in_001,43
2024,다아753230,to_in_007,18
2024,다아753230,to_in_008,23
2024,다아753231,to_in_001,53
2024,다아753231,to_in_007,28
2024,다아753231,to_in_008,28
2024,다아753232,to_in_001,68
2024,다아753232,to_in_007,35
2024,다아753232,to_in_008,36
2024,다아753233,to_in_001,58
2024,다아753233,to_in_007,23
2024,다아753233,to_in_008,33
2024,다아753234,to_in_001,43
2024,다아753234,to_in_007,18
2024,다아753234,to_in_008,23
2024,다아753235,to_in_001,53
2024,다아753235,to_in_007,28
2024,다아753235,to_in_008,23
2024,다아753236,to_in_001,43
2024,다아753236,to_in_007,23
2024,다아753236,to_in_008,18
2024,다아753237,to_in_001,8
2024,다아753237,to_in_007,5
2024,다아753237,to_in_008,8
2024,다아753238,to_in_001,273
2024,다아753238,to_in_007,132
2024,다아753238,to_in_008,139
2024,다아754230,to_in_001,55
2024,다아754230,to_in_007,30
2024,다아754230,to_in_008,23
2024,다아754231,to_in_001,43
2024,다아754231,to_in_007,18
2024,다아754231,to_in_008,23
2024,다아754232,to_in_001,33
2024,다아754232,to_in_007,18
2024,다아754232,to_in_008,18
2024,다아754233,to_in_001,43
2024,다아754233,to_in_007,23
2024,다아754233,to_in_008,18
2024,다아754234,to_in_001,18
2024,다아754234,to_in_007,8
2024,다아754234,to_in_008,8
2024,다아754235,to_in_001,48
2024,다아754235,to_in_007,23
2024,다아754235,to_in_008,23
2024,다아754236,to_in_001,28
2024,다아754236,to_in_007,13
2024,다아754236,to_in_008,13
2024,다아754251,to_in_001,8
2024,다아754251,to_in_007,5
2024,다아754251,to_in_008,8
2024,다아754252,to_in_001,0
2024,다아754252,to_in_007,0
2024,다아754252,to_in_008,0
2024,다아754263,to_in_001,0
2024,다아754263,to_in_007,0
2024,다아754263,to_in_008,0
2024,다아754264,to_in_001,0
2024,다아754264,to_in_007,0
2024,다아754264,to_in_008,0
2024,다아755000,to_in_001,5
2024,다아755000,to_in_007,5
2024,다아755000,to_in_008,0
2024,다아755001,to_in_001,8
2024,다아755001,to_in_007,5
2024,다아755001,to_in_008,5
2024,다아755008,to_in_001,8
2024,다아755008,to_in_007,8
2024,다아755008,to_in_008,0
2024,다아755015,to_in_001,0
2024,다아755015,to_in_007,0
2024,다아755015,to_in_008,0
2024,다아755016,to_in_001,8
2024,다아755016,to_in_007,5
2024,다아755016,to_in_008,5
2024,다아755018,to_in_001,0
2024,다아755018,to_in_007,0
2024,다아755018,to_in_008,0
2024,다아755068,to_in_001,5
2024,다아755068,to_in_007,5
2024,다아755068,to_in_008,0
2024,다아755085,to_in_001,0
2024,다아755085,to_in_007,0
2024,다아755085,to_in_008,0
2024,다아755087,to_in_001,5
2024,다아755087,to_in_007,5
2024,다아755087,to_in_008,0
2024,다아755116,to_in_001,8
2024,다아755116,to_in_007,5
2024,다아755116,to_in_008,8
2024,다아755117,to_in_001,5
2024,다아755117,to_in_007,5
2024,다아755117,to_in_008,5
2024,다아755157,to_in_001,8
2024,다아755157,to_in_007,8
2024,다아755157,to_in_008,8
2024,다아755201,to_in_001,5
2024,다아755201,to_in_007,0
2024,다아755201,to_in_008,0
2024,다아755204,to_in_001,0
2024,다아755204,to_in_007,0
2024,다아755204,to_in_008,0
2024,다아755212,to_in_001,5
2024,다아755212,to_in_007,0
2024,다아755212,to_in_008,0
2024,다아755213,to_in_001,8
2024,다아755213,to_in_007,8
2024,다아755213,to_in_008,5
2024,다아755217,to_in_001,5
2024,다아755217,to_in_007,5
2024,다아755217,to_in_008,0
2024,다아755219,to_in_001,0
2024,다아755219,to_in_007,0
2024,다아755219,to_in_008,0
2024,다아755220,to_in_001,93
2024,다아755220,to_in_007,45
2024,다아755220,to_in_008,51
2024,다아755223,to_in_001,84
2024,다아755223,to_in_007,28
2024,다아755223,to_in_008,59
2024,다아755224,to_in_001,8
2024,다아755224,to_in_007,5
2024,다아755224,to_in_008,0
2024,다아755225,to_in_001,23
2024,다아755225,to_in_007,8
2024,다아755225,to_in_008,13
2024,다아755226,to_in_001,8
2024,다아755226,to_in_007,5
2024,다아755226,to_in_008,8
2024,다아755227,to_in_001,8
2024,다아755227,to_in_007,0
2024,다아755227,to_in_008,8
2024,다아755228,to_in_001,23
2024,다아755228,to_in_007,13
2024,다아755228,to_in_008,13
2024,다아755229,to_in_001,13
2024,다아755229,to_in_007,8
2024,다아755229,to_in_008,8
2024,다아756228,to_in_001,167
2024,다아756228,to_in_007,77
2024,다아756228,to_in_008,88
2024,다아756229,to_in_001,48
2024,다아756229,to_in_007,18
2024,다아756229,to_in_008,28
2024,다아756230,to_in_001,48
2024,다아756230,to_in_007,23
2024,다아756230,to_in_008,23
2024,다아756231,to_in_001,35
2024,다아756231,to_in_007,18
2024,다아756231,to_in_008,15
2024,다아756232,to_in_001,8
2024,다아756232,to_in_007,5
2024,다아756232,to_in_008,5
2024,다아756233,to_in_001,18
2024,다아756233,to_in_007,8
2024,다아756233,to_in_008,8
2024,다아756234,to_in_001,38
2024,다아756234,to_in_007,18
2024,다아756234,to_in_008,23
2024,다아756235,to_in_001,43
2024,다아756235,to_in_007,23
2024,다아756235,to_in_008,23
2024,다아756236,to_in_001,0
2024,다아756236,to_in_007,0
2024,다아756236,to_in_008,0
2024,다아756255,to_in_001,5
2024,다아756255,to_in_007,0
2024,다아756255,to_in_008,0
2024,다아756262,to_in_001,0
2024,다아756262,to_in_007,0
2024,다아756262,to_in_008,0
2024,다아757000,to_in_001,5
2024,다아757000,to_in_007,5
2024,다아757000,to_in_008,5
2024,다아757003,to_in_001,5
2024,다아757003,to_in_007,0
2024,다아757003,to_in_008,0
2024,다아757004,to_in_001,5
2024,다아757004,to_in_007,0
2024,다아757004,to_in_008,0
2024,다아757082,to_in_001,0
2024,다아757082,to_in_007,0
2024,다아757082,to_in_008,0
2024,다아757086,to_in_001,5
2024,다아757086,to_in_007,0
2024,다아757086,to_in_008,0
2024,다아757154,to_in_001,5
2024,다아757154,to_in_007,5
2024,다아757154,to_in_008,0
2024,다아757167,to_in_001,5
2024,다아757167,to_in_007,0
2024,다아757167,to_in_008,0
2024,다아757173,to_in_001,5
2024,다아757173,to_in_007,5
2024,다아757173,to_in_008,5
2024,다아757174,to_in_001,8
2024,다아757174,to_in_007,5
2024,다아757174,to_in_008,5
2024,다아757184,to_in_001,5
2024,다아757184,to_in_007,5
2024,다아757184,to_in_008,0
2024,다아757193,to_in_001,0
2024,다아757193,to_in_007,0
2024,다아757193,to_in_008,0
2024,다아757195,to_in_001,8
2024,다아757195,to_in_007,8
2024,다아757195,to_in_008,5
2024,다아757196,to_in_001,5
2024,다아757196,to_in_007,5
2024,다아757196,to_in_008,0
2024,다아757197,to_in_001,8
2024,다아757197,to_in_007,8
2024,다아757197,to_in_008,5
2024,다아757200,to_in_001,0
2024,다아757200,to_in_007,0
2024,다아757200,to_in_008,0
2024,다아758226,to_in_001,5
2024,다아758226,to_in_007,0
2024,다아758226,to_in_008,5
2024,다아758229,to_in_001,8
2024,다아758229,to_in_007,5
2024,다아758229,to_in_008,5
2024,다아758230,to_in_001,5
2024,다아758230,to_in_007,5
2024,다아758230,to_in_008,5
2024,다아758233,to_in_001,8
2024,다아758233,to_in_007,8
2024,다아758233,to_in_008,5
2024,다아758234,to_in_001,5
2024,다아758234,to_in_007,5
2024,다아758234,to_in_008,5
2024,다아758235,to_in_001,8
2024,다아758235,to_in_007,8
2024,다아758235,to_in_008,8
2024,다아758236,to_in_001,18
2024,다아758236,to_in_007,8
2024,다아758236,to_in_008,8
2024,다아758237,to_in_001,0
2024,다아758237,to_in_007,0
2024,다아758237,to_in_008,0
2024,다아759000,to_in_001,5
2024,다아759000,to_in_007,0
2024,다아759000,to_in_008,5
2024,다아759003,to_in_001,0
2024,다아759003,to_in_007,0
2024,다아759003,to_in_008,0
2024,다아759080,to_in_001,5
2024,다아759080,to_in_007,5
2024,다아759080,to_in_008,5
2024,다아759081,to_in_001,5
2024,다아759081,to_in_007,5
2024,다아759081,to_in_008,0
2024,다아759082,to_in_001,5
2024,다아759082,to_in_007,0
2024,다아759082,to_in_008,5
2024,다아759083,to_in_001,0
2024,다아759083,to_in_007,0
2024,다아759083,to_in_008,0
2024,다아759086,to_in_001,5
2024,다아759086,to_in_007,5
2024,다아759086,to_in_008,0
2024,다아759154,to_in_001,8
2024,다아759154,to_in_007,8
2024,다아759154,to_in_008,5
2024,다아759166,to_in_001,8
2024,다아759166,to_in_007,5
2024,다아759166,to_in_008,5
2024,다아759167,to_in_001,8
2024,다아759167,to_in_007,5
2024,다아759167,to_in_008,5
2024,다아759173,to_in_001,8
2024,다아759173,to_in_007,5
2024,다아759173,to_in_008,8
2024,다아759176,to_in_001,5
2024,다아759176,to_in_007,5
2024,다아759176,to_in_008,0
2024,다아759178,to_in_001,8
2024,다아759178,to_in_007,5
2024,다아759178,to_in_008,5
2024,다아759185,to_in_001,5
2024,다아759185,to_in_007,0
2024,다아759185,to_in_008,5
2024,다아759186,to_in_001,8
2024,다아759186,to_in_007,5
2024,다아759186,to_in_008,5
2024,다아759197,to_in_001,5
2024,다아759197,to_in_007,5
2024,다아759197,to_in_008,0
2024,다아759199,to_in_001,5
2024,다아759199,to_in_007,5
2024,다아759199,to_in_008,0
2024,다아759213,to_in_001,31
2024,다아759213,to_in_007,26
2024,다아759213,to_in_008,5
2024,다아762178,to_in_001,5
2024,다아762178,to_in_007,5
2024,다아762178,to_in_008,5
2024,다아762199,to_in_001,5
2024,다아762199,to_in_007,5
2024,다아762199,to_in_008,0
2024,다아762201,to_in_001,5
2024,다아762201,to_in_007,5
2024,다아762201,to_in_008,0
2024,다아762203,to_in_001,5
2024,다아762203,to_in_007,5
2024,다아762203,to_in_008,5
2024,다아762204,to_in_001,0
2024,다아762204,to_in_007,0
2024,다아762204,to_in_008,0
2024,다아762211,to_in_001,8
2024,다아762211,to_in_007,5
2024,다아762211,to_in_008,5
2024,다아762212,to_in_001,5
2024,다아762212,to_in_007,5
2024,다아762212,to_in_008,0
2024,다아762213,to_in_001,8
2024,다아762213,to_in_007,8
2024,다아762213,to_in_008,5
2024,다아762216,to_in_001,5
2024,다아762216,to_in_007,0
2024,다아762216,to_in_008,5
2024,다아762220,to_in_001,5
2024,다아762220,to_in_007,5
2024,다아762220,to_in_008,0
2024,다아762221,to_in_001,0
2024,다아762221,to_in_007,0
2024,다아762221,to_in_008,0
2024,다아762222,to_in_001,5
2024,다아762222,to_in_007,5
2024,다아762222,to_in_008,0
2024,다아762223,to_in_001,0
2024,다아762223,to_in_007,0
2024,다아762223,to_in_008,0
2024,다아762232,to_in_001,8
2024,다아762232,to_in_007,5
2024,다아762232,to_in_008,5
2024,다아762233,to_in_001,18
2024,다아762233,to_in_007,13
2024,다아762233,to_in_008,8
2024,다아762234,to_in_001,33
2024,다아762234,to_in_007,18
2024,다아762234,to_in_008,18
2024,다아762235,to_in_001,28
2024,다아762235,to_in_007,13
2024,다아762235,to_in_008,13
2024,다아762236,to_in_001,189
2024,다아762236,to_in_007,91
2024,다아762236,to_in_008,96
2024,다아762246,to_in_001,23
2024,다아762246,to_in_007,13
2024,다아762246,to_in_008,8
2024,다아762247,to_in_001,13
2024,다아762247,to_in_007,8
2024,다아762247,to_in_008,5
2024,다아762252,to_in_001,0
2024,다아762252,to_in_007,0
2024,다아762252,to_in_008,0
2024,다아763000,to_in_001,5
2024,다아763000,to_in_007,0
2024,다아763000,to_in_008,0
2024,다아763003,to_in_001,8
2024,다아763003,to_in_007,5
2024,다아763003,to_in_008,8
2024,다아763006,to_in_001,8
2024,다아763006,to_in_007,5
2024,다아763006,to_in_008,5
2024,다아763009,to_in_001,8
2024,다아763009,to_in_007,5
2024,다아763009,to_in_008,5
2024,다아763010,to_in_001,5
2024,다아763010,to_in_007,5
2024,다아763010,to_in_008,0
2024,다아763075,to_in_001,5
2024,다아763075,to_in_007,0
2024,다아763075,to_in_008,5
2024,다아763080,to_in_001,8
2024,다아763080,to_in_007,5
2024,다아763080,to_in_008,5
2024,다아763156,to_in_001,5
2024,다아763156,to_in_007,5
2024,다아763156,to_in_008,0
2024,다아763157,to_in_001,5
2024,다아763157,to_in_007,5
2024,다아763157,to_in_008,0
2024,다아763160,to_in_001,5
2024,다아763160,to_in_007,0
2024,다아763160,to_in_008,5
2024,다아763171,to_in_001,8
2024,다아763171,to_in_007,5
2024,다아763171,to_in_008,5
2024,다아763172,to_in_001,13
2024,다아763172,to_in_007,8
2024,다아763172,to_in_008,8
2024,다아763199,to_in_001,5
2024,다아763199,to_in_007,5
2024,다아763199,to_in_008,0
2024,다아763202,to_in_001,5
2024,다아763202,to_in_007,0
2024,다아763202,to_in_008,0
2024,다아763203,to_in_001,8
2024,다아763203,to_in_007,8
2024,다아763203,to_in_008,5
2024,다아763204,to_in_001,5
2024,다아763204,to_in_007,0
2024,다아763204,to_in_008,0
2024,다아763210,to_in_001,5
2024,다아763210,to_in_007,5
2024,다아763210,to_in_008,5
2024,다아763211,to_in_001,5
2024,다아763211,to_in_007,0
2024,다아763211,to_in_008,5
2024,다아763228,to_in_001,5
2024,다아763228,to_in_007,0
2024,다아763228,to_in_008,0
2024,다아763232,to_in_001,8
2024,다아763232,to_in_007,8
2024,다아763232,to_in_008,5
2024,다아763233,to_in_001,8
2024,다아763233,to_in_007,5
2024,다아763233,to_in_008,5
2024,다아763234,to_in_001,0
2024,다아763234,to_in_007,0
2024,다아763234,to_in_008,0
2024,다아763242,to_in_001,0
2024,다아763242,to_in_007,0
2024,다아763242,to_in_008,0
2024,다아763244,to_in_001,5
2024,다아763244,to_in_007,5
2024,다아763244,to_in_008,0
2024,다아763246,to_in_001,13
2024,다아763246,to_in_007,8
2024,다아763246,to_in_008,8
2024,다아763247,to_in_001,8
2024,다아763247,to_in_007,5
2024,다아763247,to_in_008,5
2024,다아764002,to_in_001,5
2024,다아764002,to_in_007,5
2024,다아764002,to_in_008,0
2024,다아764003,to_in_001,0
2024,다아764003,to_in_007,0
2024,다아764003,to_in_008,0
2024,다아768205,to_in_001,5
2024,다아768205,to_in_007,0
2024,다아768205,to_in_008,0
2024,다아768206,to_in_001,8
2024,다아768206,to_in_007,5
2024,다아768206,to_in_008,5
2024,다아768240,to_in_001,5
2024,다아768240,to_in_007,0
2024,다아768240,to_in_008,0
2024,다아768246,to_in_001,8
2024,다아768246,to_in_007,5
2024,다아768246,to_in_008,5
2024,다아768250,to_in_001,13
2024,다아768250,to_in_007,8
2024,다아768250,to_in_008,5
2024,다아768251,to_in_001,18
2024,다아768251,to_in_007,8
2024,다아768251,to_in_008,13
2024,다아768252,to_in_001,18
2024,다아768252,to_in_007,8
2024,다아768252,to_in_008,8
2024,다아768253,to_in_001,8
2024,다아768253,to_in_007,5
2024,다아768253,to_in_008,8
2024,다아768258,to_in_001,0
2024,다아768258,to_in_007,0
2024,다아768258,to_in_008,0
2024,다아769002,to_in_001,5
2024,다아769002,to_in_007,5
2024,다아769002,to_in_008,5
2024,다아769009,to_in_001,5
2024,다아769009,to_in_007,5
2024,다아769009,to_in_008,0
2024,다아769011,to_in_001,5
2024,다아769011,to_in_007,5
2024,다아769011,to_in_008,0
2024,다아769012,to_in_001,8
2024,다아769012,to_in_007,5
2024,다아769012,to_in_008,5
2024,다아769071,to_in_001,0
2024,다아769071,to_in_007,0
2024,다아769071,to_in_008,0
2024,다아769073,to_in_001,5
2024,다아769073,to_in_007,0
2024,다아769073,to_in_008,0
2024,다아769074,to_in_001,8
2024,다아769074,to_in_007,5
2024,다아769074,to_in_008,0
2024,다아769183,to_in_001,5
2024,다아769183,to_in_007,5
2024,다아769183,to_in_008,5
2024,다아769196,to_in_001,5
2024,다아769196,to_in_007,5
2024,다아769196,to_in_008,0
2024,다아769204,to_in_001,8
2024,다아769204,to_in_007,8
2024,다아769204,to_in_008,5
2024,다아769205,to_in_001,13
2024,다아769205,to_in_007,5
2024,다아769205,to_in_008,8
2024,다아769207,to_in_001,5
2024,다아769207,to_in_007,0
2024,다아769207,to_in_008,0
2024,다아769208,to_in_001,5
2024,다아769208,to_in_007,5
2024,다아769208,to_in_008,5
2024,다아769234,to_in_001,5
2024,다아769234,to_in_007,0
2024,다아769234,to_in_008,5
2024,다아769244,to_in_001,5
2024,다아769244,to_in_007,0
2024,다아769244,to_in_008,0
2024,다아769251,to_in_001,13
2024,다아769251,to_in_007,5
2024,다아769251,to_in_008,8
2024,다아769252,to_in_001,28
2024,다아769252,to_in_007,13
2024,다아769252,to_in_008,13
2024,다아769253,to_in_001,33
2024,다아769253,to_in_007,13
2024,다아769253,to_in_008,18
2024,다아789143,to_in_001,5
2024,다아789143,to_in_007,0
2024,다아789143,to_in_008,5
2024,다아789151,to_in_001,5
2024,다아789151,to_in_007,5
2024,다아789151,to_in_008,0
2024,다아789167,to_in_001,5
2024,다아789167,to_in_007,0
2024,다아789167,to_in_008,0
2024,다아789175,to_in_001,8
2024,다아789175,to_in_007,5
2024,다아789175,to_in_008,8
2024,다아789179,to_in_001,5
2024,다아789179,to_in_007,0
2024,다아789179,to_in_008,5
2024,다아789190,to_in_001,5
2024,다아789190,to_in_007,0
2024,다아789190,to_in_008,5
2024,다아789194,to_in_001,8
2024,다아789194,to_in_007,8
2024,다아789194,to_in_008,0
2024,다아789199,to_in_001,0
2024,다아789199,to_in_007,0
2024,다아789199,to_in_008,0
2024,다아789214,to_in_001,8
2024,다아789214,to_in_007,8
2024,다아789214,to_in_008,5
2024,다아789215,to_in_001,5
2024,다아789215,to_in_007,0
2024,다아789215,to_in_008,0
2024,다아789224,to_in_001,8
2024,다아789224,to_in_007,5
2024,다아789224,to_in_008,5
2024,다아789225,to_in_001,8
2024,다아789225,to_in_007,5
2024,다아789225,to_in_008,5
2024,다아789246,to_in_001,8
2024,다아789246,to_in_007,5
2024,다아789246,to_in_008,5
2024,다아789247,to_in_001,5
2024,다아789247,to_in_007,5
2024,다아789247,to_in_008,5
2024,다아790005,to_in_001,5
2024,다아790005,to_in_007,5
2024,다아790005,to_in_008,0
2024,다아790006,to_in_001,13
2024,다아790006,to_in_007,13
2024,다아790006,to_in_008,0
2024,다아790008,to_in_001,8
2024,다아790008,to_in_007,8
2024,다아790008,to_in_008,0
2024,다아790010,to_in_001,0
2024,다아790010,to_in_007,0
2024,다아790010,to_in_008,0
2024,다아790028,to_in_001,5
2024,다아790028,to_in_007,5
2024,다아790028,to_in_008,5
2024,다아790033,to_in_001,5
2024,다아790033,to_in_007,5
2024,다아790033,to_in_008,5
2024,다아790035,to_in_001,5
2024,다아790035,to_in_007,5
2024,다아790035,to_in_008,5
2024,다아790037,to_in_001,0
2024,다아790037,to_in_007,0
2024,다아790037,to_in_008,0
2024,다아790038,to_in_001,5
2024,다아790038,to_in_007,0
2024,다아790038,to_in_008,5
2024,다아790041,to_in_001,8
2024,다아790041,to_in_007,8
2024,다아790041,to_in_008,0
2024,다아790043,to_in_001,5
2024,다아790043,to_in_007,5
2024,다아790043,to_in_008,0
2024,다아790045,to_in_001,8
2024,다아790045,to_in_007,5
2024,다아790045,to_in_008,5
2024,다아790051,to_in_001,8
2024,다아790051,to_in_007,5
2024,다아790051,to_in_008,5
2024,다아790056,to_in_001,8
2024,다아790056,to_in_007,5
2024,다아790056,to_in_008,5
2024,다아790057,to_in_001,0
2024,다아790057,to_in_007,0
2024,다아790057,to_in_008,0
2024,다아790088,to_in_001,5
2024,다아790088,to_in_007,0
2024,다아790088,to_in_008,0
2024,다아790141,to_in_001,5
2024,다아790141,to_in_007,0
2024,다아790141,to_in_008,5
2024,다아792056,to_in_001,0
2024,다아792056,to_in_007,0
2024,다아792056,to_in_008,0
2024,다아792079,to_in_001,5
2024,다아792079,to_in_007,0
2024,다아792079,to_in_008,0
2024,다아792086,to_in_001,0
2024,다아792086,to_in_007,0
2024,다아792086,to_in_008,0
2024,다아792087,to_in_001,5
2024,다아792087,to_in_007,5
2024,다아792087,to_in_008,5
2024,다아792088,to_in_001,0
2024,다아792088,to_in_007,0
2024,다아792088,to_in_008,0
2024,다아792089,to_in_001,5
2024,다아792089,to_in_007,5
2024,다아792089,to_in_008,0
2024,다아792100,to_in_001,0
2024,다아792100,to_in_007,0
2024,다아792100,to_in_008,0
2024,다아792113,to_in_001,5
2024,다아792113,to_in_007,5
2024,다아792113,to_in_008,5
2024,다아792139,to_in_001,5
2024,다아792139,to_in_007,5
2024,다아792139,to_in_008,0
2024,다아792141,to_in_001,5
2024,다아792141,to_in_007,5
2024,다아792141,to_in_008,0
2024,다아792162,to_in_001,0
2024,다아792162,to_in_007,0
2024,다아792162,to_in_008,0
2024,다아792176,to_in_001,0
2024,다아792176,to_in_007,0
2024,다아792176,to_in_008,0
2024,다아792193,to_in_001,5
2024,다아792193,to_in_007,0
2024,다아792193,to_in_008,0
2024,다아792218,to_in_001,13
2024,다아792218,to_in_007,8
2024,다아792218,to_in_008,8
2024,다아792219,to_in_001,13
2024,다아792219,to_in_007,5
2024,다아792219,to_in_008,8
2024,다아792220,to_in_001,5
2024,다아792220,to_in_007,0
2024,다아792220,to_in_008,0
2024,다아792229,to_in_001,5
2024,다아792229,to_in_007,5
2024,다아792229,to_in_008,0
2024,다아793004,to_in_001,5
2024,다아793004,to_in_007,5
2024,다아793004,to_in_008,0
2024,다아793021,to_in_001,0
2024,다아793021,to_in_007,0
2024,다아793021,to_in_008,0
2024,다아793023,to_in_001,8
2024,다아793023,to_in_007,8
2024,다아793023,to_in_008,5
2024,다아793034,to_in_001,8
2024,다아793034,to_in_007,8
2024,다아793034,to_in_008,5
2024,다아793035,to_in_001,0
2024,다아793035,to_in_007,0
2024,다아793035,to_in_008,0
2024,다아793044,to_in_001,13
2024,다아793044,to_in_007,8
2024,다아793044,to_in_008,8
2024,다아793045,to_in_001,23
2024,다아793045,to_in_007,8
2024,다아793045,to_in_008,13
2024,다아793049,to_in_001,0
2024,다아793049,to_in_007,0
2024,다아793049,to_in_008,0
2024,다아793052,to_in_001,5
2024,다아793052,to_in_007,5
2024,다아793052,to_in_008,0
2024,다아793056,to_in_001,8
2024,다아793056,to_in_007,5
2024,다아793056,to_in_008,5
2024,다아793057,to_in_001,5
2024,다아793057,to_in_007,0
2024,다아793057,to_in_008,5
2024,다아793065,to_in_001,5
2024,다아793065,to_in_007,5
2024,다아793065,to_in_008,0
2024,다아793068,to_in_001,5
2024,다아793068,to_in_007,5
2024,다아793068,to_in_008,0
2024,다아793079,to_in_001,5
2024,다아793079,to_in_007,0
2024,다아793079,to_in_008,0
2024,다아794287,to_in_001,5
2024,다아794287,to_in_007,5
2024,다아794287,to_in_008,0
2024,다아795018,to_in_001,5
2024,다아795018,to_in_007,0
2024,다아795018,to_in_008,0
2024,다아795020,to_in_001,8
2024,다아795020,to_in_007,5
2024,다아795020,to_in_008,5
2024,다아795021,to_in_001,8
2024,다아795021,to_in_007,5
2024,다아795021,to_in_008,5
2024,다아795022,to_in_001,13
2024,다아795022,to_in_007,5
2024,다아795022,to_in_008,8
2024,다아795023,to_in_001,8
2024,다아795023,to_in_007,5
2024,다아795023,to_in_008,5
2024,다아795024,to_in_001,8
2024,다아795024,to_in_007,5
2024,다아795024,to_in_008,5
2024,다아795025,to_in_001,5
2024,다아795025,to_in_007,0
2024,다아795025,to_in_008,0
2024,다아795031,to_in_001,5
2024,다아795031,to_in_007,0
2024,다아749239,to_in_001,23
2024,다아749239,to_in_007,13
2024,다아749239,to_in_008,13
2024,다아749241,to_in_001,5
2024,다아749241,to_in_007,0
2024,다아749241,to_in_008,0
2024,다아752103,to_in_001,5
2024,다아752103,to_in_007,5
2024,다아752103,to_in_008,0
2024,다아752106,to_in_001,5
2024,다아752106,to_in_007,0
2024,다아752106,to_in_008,5
2024,다아752109,to_in_001,0
2024,다아752109,to_in_007,0
2024,다아752109,to_in_008,0
2024,다아752113,to_in_001,8
2024,다아752113,to_in_007,5
2024,다아752113,to_in_008,8
2024,다아752114,to_in_001,8
2024,다아752114,to_in_007,5
2024,다아752114,to_in_008,5
2024,다아752116,to_in_001,0
2024,다아752116,to_in_007,0
2024,다아752116,to_in_008,0
2024,다아752118,to_in_001,0
2024,다아752118,to_in_007,0
2024,다아752118,to_in_008,0
2024,다아752147,to_in_001,0
2024,다아752147,to_in_007,0
2024,다아752147,to_in_008,0
2024,다아752148,to_in_001,5
2024,다아752148,to_in_007,0
2024,다아752148,to_in_008,0
2024,다아752149,to_in_001,8
2024,다아752149,to_in_007,5
2024,다아752149,to_in_008,8
2024,다아752157,to_in_001,5
2024,다아752157,to_in_007,0
2024,다아752157,to_in_008,5
2024,다아752161,to_in_001,5
2024,다아752161,to_in_007,5
2024,다아752161,to_in_008,0
2024,다아752163,to_in_001,5
2024,다아752163,to_in_007,0
2024,다아752163,to_in_008,0
2024,다아752164,to_in_001,5
2024,다아752164,to_in_007,0
2024,다아752164,to_in_008,5
2024,다아752171,to_in_001,5
2024,다아752171,to_in_007,0
2024,다아752171,to_in_008,5
2024,다아752222,to_in_001,0
2024,다아752222,to_in_007,0
2024,다아752222,to_in_008,0
2024,다아752225,to_in_001,5
2024,다아752225,to_in_007,5
2024,다아752225,to_in_008,5
2024,다아752226,to_in_001,0
2024,다아752226,to_in_007,0
2024,다아752226,to_in_008,0
2024,다아752227,to_in_001,220
2024,다아752227,to_in_007,113
2024,다아752227,to_in_008,105
2024,다아752228,to_in_001,628
2024,다아752228,to_in_007,314
2024,다아752228,to_in_008,312
2024,다아752229,to_in_001,84
2024,다아752229,to_in_007,39
2024,다아752229,to_in_008,43
2024,다아752230,to_in_001,43
2024,다아752230,to_in_007,23
2024,다아752230,to_in_008,18
2024,다아752231,to_in_001,23
2024,다아752231,to_in_007,13
2024,다아752231,to_in_008,8
2024,다아752232,to_in_001,53
2024,다아752232,to_in_007,23
2024,다아752232,to_in_008,28
2024,다아752233,to_in_001,75
2024,다아752233,to_in_007,38
2024,다아752233,to_in_008,35
2024,다아752234,to_in_001,48
2024,다아752234,to_in_007,28
2024,다아752234,to_in_008,18
2024,다아752235,to_in_001,104
2024,다아752235,to_in_007,50
2024,다아752235,to_in_008,52
2024,다아752236,to_in_001,43
2024,다아752236,to_in_007,23
2024,다아752236,to_in_008,18
2024,다아752237,to_in_001,38
2024,다아752237,to_in_007,18
2024,다아752237,to_in_008,18
2024,다아752238,to_in_001,13
2024,다아752238,to_in_007,8
2024,다아752238,to_in_008,5
2024,다아752239,to_in_001,8
2024,다아752239,to_in_007,5
2024,다아752239,to_in_008,5
2024,다아752250,to_in_001,5
2024,다아752250,to_in_007,0
2024,다아752250,to_in_008,5
2024,다아752251,to_in_001,23
2024,다아752251,to_in_007,13
2024,다아752251,to_in_008,8
2024,다아752252,to_in_001,13
2024,다아752252,to_in_007,5
2024,다아752252,to_in_008,8
2024,다아752253,to_in_001,5
2024,다아752253,to_in_007,0
2024,다아752253,to_in_008,0
2024,다아753014,to_in_001,5
2024,다아753014,to_in_007,5
2024,다아753014,to_in_008,5
2024,다아753239,to_in_001,250
2024,다아753239,to_in_007,134
2024,다아753239,to_in_008,119
2024,다아753244,to_in_001,13
2024,다아753244,to_in_007,8
2024,다아753244,to_in_008,5
2024,다아753251,to_in_001,5
2024,다아753251,to_in_007,0
2024,다아753251,to_in_008,0
2024,다아753252,to_in_001,0
2024,다아753252,to_in_007,0
2024,다아753252,to_in_008,0
2024,다아753254,to_in_001,5
2024,다아753254,to_in_007,0
2024,다아753254,to_in_008,5
2024,다아753264,to_in_001,8
2024,다아753264,to_in_007,5
2024,다아753264,to_in_008,8
2024,다아753267,to_in_001,0
2024,다아753267,to_in_007,0
2024,다아753267,to_in_008,0
2024,다아753275,to_in_001,5
2024,다아753275,to_in_007,0
2024,다아753275,to_in_008,0
2024,다아754000,to_in_001,5
2024,다아754000,to_in_007,5
2024,다아754000,to_in_008,0
2024,다아754001,to_in_001,0
2024,다아754001,to_in_007,0
2024,다아754001,to_in_008,0
2024,다아754004,to_in_001,5
2024,다아754004,to_in_007,5
2024,다아754004,to_in_008,0
2024,다아754005,to_in_001,0
2024,다아754005,to_in_007,0
2024,다아754005,to_in_008,0
2024,다아754006,to_in_001,0
2024,다아754006,to_in_007,0
2024,다아754006,to_in_008,0
2024,다아754016,to_in_001,8
2024,다아754016,to_in_007,5
2024,다아754016,to_in_008,5
2024,다아754017,to_in_001,5
2024,다아754017,to_in_007,0
2024,다아754017,to_in_008,0
2024,다아754064,to_in_001,5
2024,다아754064,to_in_007,0
2024,다아754064,to_in_008,5
2024,다아754114,to_in_001,8
2024,다아754114,to_in_007,8
2024,다아754114,to_in_008,5
2024,다아754115,to_in_001,8
2024,다아754115,to_in_007,8
2024,다아754115,to_in_008,5
2024,다아754116,to_in_001,18
2024,다아754116,to_in_007,13
2024,다아754116,to_in_008,8
2024,다아754117,to_in_001,8
2024,다아754117,to_in_007,5
2024,다아754117,to_in_008,5
2024,다아754150,to_in_001,5
2024,다아754150,to_in_007,5
2024,다아754150,to_in_008,5
2024,다아754157,to_in_001,0
2024,다아754157,to_in_007,0
2024,다아754157,to_in_008,0
2024,다아754158,to_in_001,5
2024,다아754158,to_in_007,0
2024,다아754158,to_in_008,5
2024,다아754159,to_in_001,5
2024,다아754159,to_in_007,5
2024,다아754159,to_in_008,0
2024,다아754160,to_in_001,13
2024,다아754160,to_in_007,8
2024,다아754160,to_in_008,8
2024,다아754161,to_in_001,5
2024,다아754161,to_in_007,0
2024,다아754161,to_in_008,5
2024,다아754169,to_in_001,0
2024,다아754169,to_in_007,0
2024,다아754169,to_in_008,0
2024,다아754170,to_in_001,0
2024,다아754170,to_in_007,0
2024,다아754170,to_in_008,0
2024,다아754171,to_in_001,5
2024,다아754171,to_in_007,0
2024,다아754171,to_in_008,5
2024,다아754212,to_in_001,13
2024,다아754212,to_in_007,8
2024,다아754212,to_in_008,8
2024,다아754221,to_in_001,386
2024,다아754221,to_in_007,197
2024,다아754221,to_in_008,192
2024,다아754222,to_in_001,329
2024,다아754222,to_in_007,169
2024,다아754222,to_in_008,165
2024,다아754223,to_in_001,13
2024,다아754223,to_in_007,8
2024,다아754223,to_in_008,8
2024,다아754224,to_in_001,18
2024,다아754224,to_in_007,8
2024,다아754224,to_in_008,13
2024,다아754225,to_in_001,83
2024,다아754225,to_in_007,42
2024,다아754225,to_in_008,39
2024,다아754226,to_in_001,5
2024,다아754226,to_in_007,5
2024,다아754226,to_in_008,5
2024,다아754227,to_in_001,8
2024,다아754227,to_in_007,8
2024,다아754227,to_in_008,5
2024,다아754228,to_in_001,60
2024,다아754228,to_in_007,28
2024,다아754228,to_in_008,30
2024,다아754229,to_in_001,23
2024,다아754229,to_in_007,8
2024,다아754229,to_in_008,13
2024,다아755230,to_in_001,43
2024,다아755230,to_in_007,18
2024,다아755230,to_in_008,23
2024,다아755231,to_in_001,33
2024,다아755231,to_in_007,18
2024,다아755231,to_in_008,18
2024,다아755232,to_in_001,23
2024,다아755232,to_in_007,13
2024,다아755232,to_in_008,8
2024,다아755233,to_in_001,33
2024,다아755233,to_in_007,18
2024,다아755233,to_in_008,13
2024,다아755234,to_in_001,33
2024,다아755234,to_in_007,18
2024,다아755234,to_in_008,18
2024,다아755235,to_in_001,38
2024,다아755235,to_in_007,18
2024,다아755235,to_in_008,18
2024,다아755236,to_in_001,13
2024,다아755236,to_in_007,8
2024,다아755236,to_in_008,5
2024,다아755250,to_in_001,8
2024,다아755250,to_in_007,8
2024,다아755250,to_in_008,5
2024,다아755251,to_in_001,5
2024,다아755251,to_in_007,5
2024,다아755251,to_in_008,0
2024,다아755262,to_in_001,5
2024,다아755262,to_in_007,5
2024,다아755262,to_in_008,0
2024,다아755263,to_in_001,5
2024,다아755263,to_in_007,5
2024,다아755263,to_in_008,5
2024,다아755266,to_in_001,5
2024,다아755266,to_in_007,5
2024,다아755266,to_in_008,0
2024,다아756000,to_in_001,5
2024,다아756000,to_in_007,0
2024,다아756000,to_in_008,5
2024,다아756002,to_in_001,5
2024,다아756002,to_in_007,5
2024,다아756002,to_in_008,0
2024,다아756014,to_in_001,0
2024,다아756014,to_in_007,0
2024,다아756014,to_in_008,0
2024,다아756015,to_in_001,0
2024,다아756015,to_in_007,0
2024,다아756015,to_in_008,0
2024,다아756084,to_in_001,8
2024,다아756084,to_in_007,5
2024,다아756084,to_in_008,5
2024,다아756092,to_in_001,5
2024,다아756092,to_in_007,0
2024,다아756092,to_in_008,0
2024,다아756167,to_in_001,5
2024,다아756167,to_in_007,5
2024,다아756167,to_in_008,0
2024,다아756168,to_in_001,0
2024,다아756168,to_in_007,0
2024,다아756168,to_in_008,0
2024,다아756169,to_in_001,5
2024,다아756169,to_in_007,0
2024,다아756169,to_in_008,0
2024,다아756170,to_in_001,5
2024,다아756170,to_in_007,0
2024,다아756170,to_in_008,0
2024,다아756194,to_in_001,8
2024,다아756194,to_in_007,8
2024,다아756194,to_in_008,5
2024,다아756197,to_in_001,5
2024,다아756197,to_in_007,0
2024,다아756197,to_in_008,0
2024,다아756201,to_in_001,13
2024,다아756201,to_in_007,8
2024,다아756201,to_in_008,8
2024,다아756204,to_in_001,5
2024,다아756204,to_in_007,0
2024,다아756204,to_in_008,5
2024,다아756210,to_in_001,8
2024,다아756210,to_in_007,5
2024,다아756210,to_in_008,5
2024,다아756212,to_in_001,8
2024,다아756212,to_in_007,5
2024,다아756212,to_in_008,5
2024,다아756213,to_in_001,5
2024,다아756213,to_in_007,0
2024,다아756213,to_in_008,5
2024,다아756215,to_in_001,8
2024,다아756215,to_in_007,5
2024,다아756215,to_in_008,5
2024,다아756216,to_in_001,8
2024,다아756216,to_in_007,5
2024,다아756216,to_in_008,5
2024,다아756217,to_in_001,5
2024,다아756217,to_in_007,5
2024,다아756217,to_in_008,5
2024,다아756221,to_in_001,5
2024,다아756221,to_in_007,5
2024,다아756221,to_in_008,0
2024,다아756223,to_in_001,5
2024,다아756223,to_in_007,5
2024,다아756223,to_in_008,5
2024,다아756224,to_in_001,8
2024,다아756224,to_in_007,5
2024,다아756224,to_in_008,5
2024,다아756225,to_in_001,115
2024,다아756225,to_in_007,54
2024,다아756225,to_in_008,64
2024,다아756226,to_in_001,82
2024,다아756226,to_in_007,43
2024,다아756226,to_in_008,37
2024,다아756227,to_in_001,231
2024,다아756227,to_in_007,118
2024,다아756227,to_in_008,116
2024,다아757201,to_in_001,8
2024,다아757201,to_in_007,5
2024,다아757201,to_in_008,5
2024,다아757202,to_in_001,5
2024,다아757202,to_in_007,5
2024,다아757202,to_in_008,5
2024,다아757211,to_in_001,0
2024,다아757211,to_in_007,0
2024,다아757211,to_in_008,0
2024,다아757214,to_in_001,8
2024,다아757214,to_in_007,5
2024,다아757214,to_in_008,8
2024,다아757215,to_in_001,23
2024,다아757215,to_in_007,8
2024,다아757215,to_in_008,13
2024,다아757216,to_in_001,23
2024,다아757216,to_in_007,13
2024,다아757216,to_in_008,8
2024,다아757217,to_in_001,13
2024,다아757217,to_in_007,8
2024,다아757217,to_in_008,8
2024,다아757221,to_in_001,8
2024,다아757221,to_in_007,5
2024,다아757221,to_in_008,5
2024,다아757222,to_in_001,44
2024,다아757222,to_in_007,24
2024,다아757222,to_in_008,23
2024,다아757223,to_in_001,18
2024,다아757223,to_in_007,8
2024,다아757223,to_in_008,8
2024,다아757224,to_in_001,96
2024,다아757224,to_in_007,43
2024,다아757224,to_in_008,51
2024,다아757225,to_in_001,326
2024,다아757225,to_in_007,141
2024,다아757225,to_in_008,183
2024,다아757227,to_in_001,119
2024,다아757227,to_in_007,61
2024,다아757227,to_in_008,56
2024,다아757228,to_in_001,126
2024,다아757228,to_in_007,64
2024,다아757228,to_in_008,65
2024,다아757229,to_in_001,13
2024,다아757229,to_in_007,8
2024,다아757229,to_in_008,8
2024,다아757230,to_in_001,5
2024,다아757230,to_in_007,5
2024,다아757230,to_in_008,5
2024,다아757232,to_in_001,5
2024,다아757232,to_in_007,5
2024,다아757232,to_in_008,5
2024,다아757233,to_in_001,8
2024,다아757233,to_in_007,8
2024,다아757233,to_in_008,8
2024,다아757234,to_in_001,18
2024,다아757234,to_in_007,13
2024,다아757234,to_in_008,8
2024,다아757235,to_in_001,5
2024,다아757235,to_in_007,0
2024,다아757235,to_in_008,5
2024,다아757236,to_in_001,5
2024,다아757236,to_in_007,5
2024,다아757236,to_in_008,5
2024,다아757262,to_in_001,0
2024,다아757262,to_in_007,0
2024,다아757262,to_in_008,0
2024,다아757269,to_in_001,0
2024,다아757269,to_in_007,0
2024,다아757269,to_in_008,0
2024,다아757270,to_in_001,5
2024,다아757270,to_in_007,5
2024,다아757270,to_in_008,0
2024,다아758005,to_in_001,8
2024,다아758005,to_in_007,0
2024,다아758005,to_in_008,8
2024,다아758014,to_in_001,48
2024,다아758014,to_in_007,43
2024,다아758014,to_in_008,0
2024,다아758080,to_in_001,0
2024,다아758080,to_in_007,0
2024,다아758080,to_in_008,0
2024,다아759214,to_in_001,8
2024,다아759214,to_in_007,8
2024,다아759214,to_in_008,5
2024,다아759215,to_in_001,23
2024,다아759215,to_in_007,8
2024,다아759215,to_in_008,13
2024,다아759216,to_in_001,13
2024,다아759216,to_in_007,8
2024,다아759216,to_in_008,8
2024,다아759217,to_in_001,23
2024,다아759217,to_in_007,13
2024,다아759217,to_in_008,8
2024,다아759218,to_in_001,13
2024,다아759218,to_in_007,8
2024,다아759218,to_in_008,8
2024,다아759219,to_in_001,33
2024,다아759219,to_in_007,18
2024,다아759219,to_in_008,18
2024,다아759220,to_in_001,48
2024,다아759220,to_in_007,23
2024,다아759220,to_in_008,23
2024,다아759221,to_in_001,38
2024,다아759221,to_in_007,18
2024,다아759221,to_in_008,18
2024,다아759222,to_in_001,13
2024,다아759222,to_in_007,8
2024,다아759222,to_in_008,8
2024,다아759223,to_in_001,8
2024,다아759223,to_in_007,5
2024,다아759223,to_in_008,5
2024,다아759229,to_in_001,5
2024,다아759229,to_in_007,0
2024,다아759229,to_in_008,5
2024,다아759230,to_in_001,8
2024,다아759230,to_in_007,8
2024,다아759230,to_in_008,8
2024,다아759231,to_in_001,5
2024,다아759231,to_in_007,0
2024,다아759231,to_in_008,5
2024,다아759234,to_in_001,8
2024,다아759234,to_in_007,8
2024,다아759234,to_in_008,5
2024,다아759235,to_in_001,38
2024,다아759235,to_in_007,23
2024,다아759235,to_in_008,18
2024,다아759236,to_in_001,18
2024,다아759236,to_in_007,8
2024,다아759236,to_in_008,8
2024,다아759237,to_in_001,5
2024,다아759237,to_in_007,5
2024,다아759237,to_in_008,5
2024,다아759267,to_in_001,0
2024,다아759267,to_in_007,0
2024,다아759267,to_in_008,0
2024,다아760007,to_in_001,11
2024,다아760007,to_in_007,11
2024,다아760007,to_in_008,0
2024,다아760009,to_in_001,0
2024,다아760009,to_in_007,0
2024,다아760009,to_in_008,0
2024,다아760014,to_in_001,5
2024,다아760014,to_in_007,5
2024,다아760014,to_in_008,5
2024,다아760074,to_in_001,5
2024,다아760074,to_in_007,5
2024,다아760074,to_in_008,0
2024,다아760077,to_in_001,5
2024,다아760077,to_in_007,0
2024,다아760077,to_in_008,0
2024,다아760082,to_in_001,0
2024,다아760082,to_in_007,0
2024,다아760082,to_in_008,0
2024,다아760156,to_in_001,5
2024,다아760156,to_in_007,5
2024,다아760156,to_in_008,0
2024,다아760167,to_in_001,0
2024,다아760167,to_in_007,0
2024,다아760167,to_in_008,0
2024,다아760176,to_in_001,5
2024,다아760176,to_in_007,5
2024,다아760176,to_in_008,0
2024,다아760179,to_in_001,8
2024,다아760179,to_in_007,8
2024,다아760179,to_in_008,5
2024,다아760201,to_in_001,5
2024,다아760201,to_in_007,0
2024,다아760201,to_in_008,0
2024,다아760202,to_in_001,5
2024,다아760202,to_in_007,0
2024,다아760202,to_in_008,0
2024,다아760214,to_in_001,5
2024,다아760214,to_in_007,0
2024,다아760214,to_in_008,5
2024,다아760215,to_in_001,8
2024,다아760215,to_in_007,5
2024,다아760215,to_in_008,5
2024,다아760216,to_in_001,23
2024,다아760216,to_in_007,18
2024,다아760216,to_in_008,8
2024,다아760217,to_in_001,48
2024,다아760217,to_in_007,18
2024,다아760217,to_in_008,28
2024,다아760218,to_in_001,38
2024,다아760218,to_in_007,13
2024,다아760218,to_in_008,23
2024,다아760219,to_in_001,18
2024,다아760219,to_in_007,13
2024,다아760219,to_in_008,8
2024,다아760221,to_in_001,13
2024,다아760221,to_in_007,8
2024,다아760221,to_in_008,8
2024,다아760231,to_in_001,13
2024,다아760231,to_in_007,8
2024,다아760231,to_in_008,5
2024,다아760234,to_in_001,18
2024,다아760234,to_in_007,8
2024,다아760234,to_in_008,8
2024,다아760235,to_in_001,58
2024,다아760235,to_in_007,23
2024,다아760235,to_in_008,33
2024,다아760236,to_in_001,38
2024,다아760236,to_in_007,18
2024,다아760236,to_in_008,18
2024,다아760237,to_in_001,5
2024,다아760237,to_in_007,5
2024,다아760237,to_in_008,0
2024,다아760252,to_in_001,8
2024,다아760252,to_in_007,5
2024,다아760252,to_in_008,5
2024,다아760253,to_in_001,5
2024,다아760253,to_in_007,5
2024,다아760253,to_in_008,0
2024,다아760266,to_in_001,5
2024,다아760266,to_in_007,0
2024,다아760266,to_in_008,0
2024,다아761001,to_in_001,13
2024,다아761001,to_in_007,8
2024,다아761001,to_in_008,8
2024,다아764007,to_in_001,5
2024,다아764007,to_in_007,0
2024,다아764007,to_in_008,0
2024,다아764079,to_in_001,5
2024,다아764079,to_in_007,0
2024,다아764079,to_in_008,0
2024,다아764171,to_in_001,5
2024,다아764171,to_in_007,5
2024,다아764171,to_in_008,0
2024,다아764203,to_in_001,8
2024,다아764203,to_in_007,8
2024,다아764203,to_in_008,5
2024,다아764204,to_in_001,5
2024,다아764204,to_in_007,0
2024,다아764204,to_in_008,5
2024,다아764212,to_in_001,0
2024,다아764212,to_in_007,0
2024,다아764212,to_in_008,0
2024,다아764220,to_in_001,5
2024,다아764220,to_in_007,5
2024,다아764220,to_in_008,0
2024,다아764232,to_in_001,8
2024,다아764232,to_in_007,8
2024,다아764232,to_in_008,5
2024,다아764233,to_in_001,0
2024,다아764233,to_in_007,0
2024,다아764233,to_in_008,0
2024,다아764243,to_in_001,5
2024,다아764243,to_in_007,0
2024,다아764243,to_in_008,0
2024,다아764245,to_in_001,13
2024,다아764245,to_in_007,8
2024,다아764245,to_in_008,8
2024,다아764246,to_in_001,28
2024,다아764246,to_in_007,13
2024,다아764246,to_in_008,13
2024,다아764247,to_in_001,8
2024,다아764247,to_in_007,5
2024,다아764247,to_in_008,8
2024,다아765079,to_in_001,5
2024,다아765079,to_in_007,5
2024,다아765079,to_in_008,5
2024,다아765174,to_in_001,5
2024,다아765174,to_in_007,5
2024,다아765174,to_in_008,0
2024,다아765202,to_in_001,5
2024,다아765202,to_in_007,0
2024,다아765202,to_in_008,0
2024,다아765203,to_in_001,5
2024,다아765203,to_in_007,5
2024,다아765203,to_in_008,5
2024,다아765204,to_in_001,5
2024,다아765204,to_in_007,0
2024,다아765204,to_in_008,0
2024,다아765205,to_in_001,8
2024,다아765205,to_in_007,5
2024,다아765205,to_in_008,5
2024,다아765206,to_in_001,13
2024,다아765206,to_in_007,8
2024,다아765206,to_in_008,8
2024,다아765207,to_in_001,5
2024,다아765207,to_in_007,0
2024,다아765207,to_in_008,5
2024,다아765208,to_in_001,5
2024,다아765208,to_in_007,0
2024,다아765208,to_in_008,0
2024,다아765209,to_in_001,5
2024,다아765209,to_in_007,0
2024,다아765209,to_in_008,5
2024,다아765210,to_in_001,0
2024,다아765210,to_in_007,0
2024,다아765210,to_in_008,0
2024,다아765243,to_in_001,5
2024,다아765243,to_in_007,0
2024,다아765243,to_in_008,5
2024,다아765246,to_in_001,34
2024,다아765246,to_in_007,14
2024,다아765246,to_in_008,23
2024,다아765247,to_in_001,18
2024,다아765247,to_in_007,8
2024,다아765247,to_in_008,8
2024,다아765248,to_in_001,5
2024,다아765248,to_in_007,5
2024,다아765248,to_in_008,0
2024,다아765257,to_in_001,0
2024,다아765257,to_in_007,0
2024,다아765257,to_in_008,0
2024,다아766002,to_in_001,5
2024,다아766002,to_in_007,5
2024,다아766002,to_in_008,0
2024,다아766007,to_in_001,8
2024,다아766007,to_in_007,8
2024,다아766007,to_in_008,0
2024,다아766010,to_in_001,5
2024,다아766010,to_in_007,5
2024,다아766010,to_in_008,0
2024,다아766012,to_in_001,5
2024,다아766012,to_in_007,0
2024,다아766012,to_in_008,5
2024,다아766165,to_in_001,5
2024,다아766165,to_in_007,5
2024,다아766165,to_in_008,5
2024,다아766184,to_in_001,0
2024,다아766184,to_in_007,0
2024,다아766184,to_in_008,0
2024,다아766202,to_in_001,5
2024,다아766202,to_in_007,0
2024,다아766202,to_in_008,5
2024,다아766203,to_in_001,5
2024,다아766203,to_in_007,5
2024,다아766203,to_in_008,0
2024,다아766204,to_in_001,13
2024,다아766204,to_in_007,8
2024,다아766204,to_in_008,8
2024,다아766205,to_in_001,13
2024,다아766205,to_in_007,8
2024,다아766205,to_in_008,8
2024,다아766206,to_in_001,8
2024,다아766206,to_in_007,8
2024,다아766206,to_in_008,5
2024,다아766209,to_in_001,8
2024,다아766209,to_in_007,5
2024,다아766209,to_in_008,5
2024,다아766210,to_in_001,8
2024,다아766210,to_in_007,8
2024,다아766210,to_in_008,8
2024,다아766246,to_in_001,8
2024,다아766246,to_in_007,5
2024,다아766246,to_in_008,5
2024,다아766247,to_in_001,5
2024,다아766247,to_in_007,0
2024,다아766247,to_in_008,0
2024,다아766249,to_in_001,8
2024,다아766249,to_in_007,8
2024,다아766249,to_in_008,5
2024,다아767011,to_in_001,8
2024,다아767011,to_in_007,5
2024,다아767011,to_in_008,5
2024,다아771097,to_in_001,0
2024,다아771097,to_in_007,0
2024,다아771097,to_in_008,0
2024,다아771103,to_in_001,5
2024,다아771103,to_in_007,5
2024,다아771103,to_in_008,0
2024,다아771115,to_in_001,5
2024,다아771115,to_in_007,0
2024,다아771115,to_in_008,0
2024,다아771157,to_in_001,28
2024,다아771157,to_in_007,13
2024,다아771157,to_in_008,13
2024,다아771158,to_in_001,0
2024,다아771158,to_in_007,0
2024,다아771158,to_in_008,0
2024,다아771160,to_in_001,0
2024,다아771160,to_in_007,0
2024,다아771160,to_in_008,0
2024,다아771161,to_in_001,5
2024,다아771161,to_in_007,0
2024,다아771161,to_in_008,5
2024,다아771167,to_in_001,5
2024,다아771167,to_in_007,5
2024,다아771167,to_in_008,5
2024,다아771168,to_in_001,5
2024,다아771168,to_in_007,5
2024,다아771168,to_in_008,0
2024,다아771169,to_in_001,13
2024,다아771169,to_in_007,8
2024,다아771169,to_in_008,8
2024,다아771170,to_in_001,5
2024,다아771170,to_in_007,0
2024,다아771170,to_in_008,5
2024,다아771174,to_in_001,8
2024,다아771174,to_in_007,5
2024,다아771174,to_in_008,5
2024,다아771175,to_in_001,5
2024,다아771175,to_in_007,5
2024,다아771175,to_in_008,0
2024,다아771183,to_in_001,8
2024,다아771183,to_in_007,5
2024,다아771183,to_in_008,5
2024,다아771184,to_in_001,23
2024,다아771184,to_in_007,5
2024,다아771184,to_in_008,13
2024,다아771191,to_in_001,0
2024,다아771191,to_in_007,0
2024,다아771191,to_in_008,0
2024,다아771192,to_in_001,5
2024,다아771192,to_in_007,5
2024,다아771192,to_in_008,0
2024,다아771193,to_in_001,5
2024,다아771193,to_in_007,5
2024,다아771193,to_in_008,5
2024,다아771195,to_in_001,0
2024,다아771195,to_in_007,0
2024,다아771195,to_in_008,0
2024,다아771205,to_in_001,5
2024,다아771205,to_in_007,0
2024,다아771205,to_in_008,0
2024,다아771215,to_in_001,0
2024,다아771215,to_in_007,0
2024,다아771215,to_in_008,0
2024,다아771223,to_in_001,13
2024,다아771223,to_in_007,8
2024,다아771223,to_in_008,8
2024,다아771224,to_in_001,28
2024,다아771224,to_in_007,13
2024,다아771224,to_in_008,13
2024,다아771225,to_in_001,13
2024,다아771225,to_in_007,8
2024,다아771225,to_in_008,8
2024,다아771226,to_in_001,18
2024,다아771226,to_in_007,8
2024,다아771226,to_in_008,8
2024,다아771227,to_in_001,8
2024,다아771227,to_in_007,5
2024,다아771227,to_in_008,8
2024,다아771228,to_in_001,8
2024,다아771228,to_in_007,5
2024,다아771228,to_in_008,5
2024,다아771255,to_in_001,13
2024,다아771255,to_in_007,8
2024,다아771255,to_in_008,8
2024,다아771256,to_in_001,18
2024,다아771256,to_in_007,8
2024,다아771256,to_in_008,8
2024,다아771257,to_in_001,13
2024,다아771257,to_in_007,8
2024,다아771257,to_in_008,5
2024,다아771258,to_in_001,23
2024,다아771258,to_in_007,13
2024,다아771258,to_in_008,13
2024,다아771259,to_in_001,5
2024,다아771259,to_in_007,0
2024,다아771259,to_in_008,0
2024,다아772000,to_in_001,18
2024,다아772000,to_in_007,8
2024,다아772000,to_in_008,8
2024,다아772001,to_in_001,68
2024,다아772001,to_in_007,43
2024,다아772001,to_in_008,28
2024,다아772002,to_in_001,56
2024,다아772002,to_in_007,30
2024,다아772002,to_in_008,24
2024,다아772003,to_in_001,33
2024,다아772003,to_in_007,18
2024,다아772003,to_in_008,13
2024,다아772004,to_in_001,8
2024,다아772004,to_in_007,8
2024,다아772004,to_in_008,5
2024,다아772005,to_in_001,5
2024,다아772005,to_in_007,5
2024,다아772005,to_in_008,0
2024,다아772006,to_in_001,5
2024,다아772006,to_in_007,0
2024,다아772006,to_in_008,5
2024,다아772007,to_in_001,0
2024,다아772007,to_in_007,0
2024,다아772007,to_in_008,0
2024,다아772020,to_in_001,0
2024,다아772020,to_in_007,0
2024,다아772020,to_in_008,0
2024,다아772091,to_in_001,8
2024,다아772091,to_in_007,5
2024,다아772091,to_in_008,5
2024,다아772158,to_in_001,0
2024,다아772158,to_in_007,0
2024,다아772158,to_in_008,0
2024,다아772161,to_in_001,0
2024,다아772161,to_in_007,0
2024,다아772161,to_in_008,0
2024,다아772162,to_in_001,5
2024,다아772162,to_in_007,5
2024,다아772162,to_in_008,0
2024,다아772163,to_in_001,13
2024,다아772163,to_in_007,5
2024,다아772163,to_in_008,8
2024,다아772165,to_in_001,5
2024,다아772165,to_in_007,5
2024,다아772165,to_in_008,5
2024,다아772169,to_in_001,5
2024,다아772169,to_in_007,0
2024,다아772169,to_in_008,0
2024,다아772171,to_in_001,5
2024,다아772171,to_in_007,5
2024,다아772171,to_in_008,0
2024,다아772175,to_in_001,5
2024,다아772175,to_in_007,0
2024,다아772175,to_in_008,0
2024,다아772180,to_in_001,5
2024,다아772180,to_in_007,5
2024,다아772180,to_in_008,0
2024,다아774012,to_in_001,8
2024,다아774012,to_in_007,5
2024,다아774012,to_in_008,5
2024,다아774014,to_in_001,5
2024,다아774014,to_in_007,5
2024,다아774014,to_in_008,0
2024,다아774015,to_in_001,38
2024,다아774015,to_in_007,23
2024,다아774015,to_in_008,13
2024,다아774016,to_in_001,149
2024,다아774016,to_in_007,86
2024,다아774016,to_in_008,66
2024,다아774017,to_in_001,5
2024,다아774017,to_in_007,0
2024,다아774017,to_in_008,0
2024,다아774088,to_in_001,5
2024,다아774088,to_in_007,5
2024,다아774088,to_in_008,0
2024,다아774093,to_in_001,5
2024,다아774093,to_in_007,0
2024,다아774093,to_in_008,0
2024,다아774114,to_in_001,8
2024,다아774114,to_in_007,5
2024,다아774114,to_in_008,5
2024,다아774115,to_in_001,5
2024,다아774115,to_in_007,5
2024,다아774115,to_in_008,0
2024,다아774178,to_in_001,5
2024,다아774178,to_in_007,5
2024,다아774178,to_in_008,0
2024,다아774180,to_in_001,5
2024,다아774180,to_in_007,0
2024,다아774180,to_in_008,0
2024,다아774181,to_in_001,8
2024,다아774181,to_in_007,8
2024,다아774181,to_in_008,5
2024,다아774182,to_in_001,8
2024,다아774182,to_in_007,8
2024,다아774182,to_in_008,5
2024,다아774183,to_in_001,13
2024,다아774183,to_in_007,8
2024,다아774183,to_in_008,5
2024,다아774193,to_in_001,8
2024,다아774193,to_in_007,5
2024,다아774193,to_in_008,5
2024,다아774194,to_in_001,8
2024,다아774194,to_in_007,5
2024,다아774194,to_in_008,5
2024,다아774195,to_in_001,0
2024,다아774195,to_in_007,0
2024,다아774195,to_in_008,0
2024,다아774199,to_in_001,5
2024,다아774199,to_in_007,0
2024,다아774199,to_in_008,0
2024,다아774222,to_in_001,5
2024,다아774222,to_in_007,0
2024,다아774222,to_in_008,0
2024,다아774227,to_in_001,18
2024,다아774227,to_in_007,8
2024,다아774227,to_in_008,8
2024,다아774228,to_in_001,5
2024,다아774228,to_in_007,5
2024,다아774228,to_in_008,5
2024,다아774261,to_in_001,33
2024,다아774261,to_in_007,18
2024,다아774261,to_in_008,13
2024,다아774268,to_in_001,5
2024,다아774268,to_in_007,5
2024,다아774268,to_in_008,0
2024,다아775000,to_in_001,48
2024,다아775000,to_in_007,23
2024,다아775000,to_in_008,23
2024,다아775001,to_in_001,84
2024,다아775001,to_in_007,35
2024,다아775001,to_in_008,47
2024,다아775002,to_in_001,8
2024,다아775002,to_in_007,5
2024,다아775002,to_in_008,8
2024,다아775003,to_in_001,33
2024,다아775003,to_in_007,18
2024,다아775003,to_in_008,18
2024,다아775004,to_in_001,8
2024,다아775004,to_in_007,5
2024,다아775004,to_in_008,5
2024,다아775012,to_in_001,8
2024,다아775012,to_in_007,5
2024,다아775012,to_in_008,8
2024,다아775017,to_in_001,8
2024,다아775017,to_in_007,5
2024,다아775017,to_in_008,5
2024,다아775024,to_in_001,5
2024,다아775024,to_in_007,0
2024,다아775024,to_in_008,0
2024,다아775082,to_in_001,5
2024,다아775082,to_in_007,0
2024,다아775082,to_in_008,5
2024,다아775086,to_in_001,8
2024,다아775086,to_in_007,5
2024,다아775086,to_in_008,5
2024,다아775088,to_in_001,5
2024,다아775088,to_in_007,5
2024,다아775088,to_in_008,5
2024,다아775089,to_in_001,0
2024,다아775089,to_in_007,0
2024,다아775089,to_in_008,0
2024,다아775095,to_in_001,0
2024,다아775095,to_in_007,0
2024,다아775095,to_in_008,0
2024,다아775114,to_in_001,0
2024,다아775114,to_in_007,0
2024,다아775114,to_in_008,0
2024,다아775154,to_in_001,5
2024,다아775154,to_in_007,5
2024,다아775154,to_in_008,0
2024,다아775164,to_in_001,8
2024,다아775164,to_in_007,5
2024,다아775164,to_in_008,8
2024,다아775165,to_in_001,8
2024,다아775165,to_in_007,8
2024,다아775165,to_in_008,5
2024,다아775166,to_in_001,5
2024,다아775166,to_in_007,5
2024,다아775166,to_in_008,0
2024,다아775180,to_in_001,5
2024,다아775180,to_in_007,5
2024,다아775180,to_in_008,5
2024,다아775181,to_in_001,13
2024,다아775181,to_in_007,8
2024,다아775181,to_in_008,5
2024,다아775182,to_in_001,18
2024,다아775182,to_in_007,13
2024,다아775182,to_in_008,8
2024,다아775183,to_in_001,5
2024,다아775183,to_in_007,0
2024,다아775183,to_in_008,0
2024,다아775192,to_in_001,0
2024,다아775192,to_in_007,0
2024,다아775192,to_in_008,0
2024,다아775193,to_in_001,13
2024,다아775193,to_in_007,8
2024,다아775193,to_in_008,8
2024,다아775222,to_in_001,5
2024,다아775222,to_in_007,5
2024,다아775222,to_in_008,0
2024,다아775226,to_in_001,0
2024,다아775226,to_in_007,0
2024,다아775226,to_in_008,0
2024,다아775227,to_in_001,18
2024,다아775227,to_in_007,8
2024,다아775227,to_in_008,8
2024,다아775236,to_in_001,18
2024,다아775236,to_in_007,8
2024,다아775236,to_in_008,8
2024,다아775237,to_in_001,18
2024,다아775237,to_in_007,8
2024,다아775237,to_in_008,8
2024,다아777096,to_in_001,5
2024,다아777096,to_in_007,0
2024,다아777096,to_in_008,0
2024,다아777117,to_in_001,5
2024,다아777117,to_in_007,5
2024,다아777117,to_in_008,5
2024,다아777118,to_in_001,5
2024,다아777118,to_in_007,0
2024,다아777118,to_in_008,0
2024,다아777121,to_in_001,5
2024,다아777121,to_in_007,0
2024,다아777121,to_in_008,0
2024,다아777138,to_in_001,5
2024,다아777138,to_in_007,0
2024,다아777138,to_in_008,5
2024,다아777139,to_in_001,5
2024,다아777139,to_in_007,0
2024,다아777139,to_in_008,5
2024,다아777140,to_in_001,0
2024,다아777140,to_in_007,0
2024,다아777140,to_in_008,0
2024,다아777156,to_in_001,5
2024,다아777156,to_in_007,0
2024,다아777156,to_in_008,5
2024,다아777157,to_in_001,8
2024,다아777157,to_in_007,5
2024,다아777157,to_in_008,5
2024,다아777158,to_in_001,8
2024,다아777158,to_in_007,5
2024,다아777158,to_in_008,5
2024,다아777160,to_in_001,13
2024,다아777160,to_in_007,8
2024,다아777160,to_in_008,8
2024,다아777161,to_in_001,18
2024,다아777161,to_in_007,8
2024,다아777161,to_in_008,8
2024,다아777162,to_in_001,5
2024,다아777162,to_in_007,5
2024,다아777162,to_in_008,0
2024,다아777169,to_in_001,5
2024,다아777169,to_in_007,0
2024,다아777169,to_in_008,5
2024,다아777170,to_in_001,5
2024,다아777170,to_in_007,5
2024,다아777170,to_in_008,5
2024,다아777171,to_in_001,5
2024,다아777171,to_in_007,5
2024,다아777171,to_in_008,5
2024,다아777172,to_in_001,23
2024,다아777172,to_in_007,13
2024,다아777172,to_in_008,8
2024,다아777173,to_in_001,28
2024,다아777173,to_in_007,18
2024,다아777173,to_in_008,13
2024,다아777174,to_in_001,8
2024,다아777174,to_in_007,8
2024,다아777174,to_in_008,5
2024,다아777180,to_in_001,13
2024,다아777180,to_in_007,8
2024,다아777180,to_in_008,8
2024,다아777182,to_in_001,8
2024,다아777182,to_in_007,8
2024,다아777182,to_in_008,5
2024,다아777183,to_in_001,5
2024,다아777183,to_in_007,5
2024,다아777183,to_in_008,5
2024,다아777192,to_in_001,0
2024,다아777192,to_in_007,0
2024,다아777192,to_in_008,0
2024,다아777193,to_in_001,5
2024,다아777193,to_in_007,5
2024,다아777193,to_in_008,5
2024,다아777232,to_in_001,5
2024,다아777232,to_in_007,5
2024,다아777232,to_in_008,0
2024,다아777261,to_in_001,8
2024,다아777261,to_in_007,8
2024,다아777261,to_in_008,5
2024,다아777262,to_in_001,18
2024,다아777262,to_in_007,8
2024,다아777262,to_in_008,8
2024,다아777263,to_in_001,8
2024,다아777263,to_in_007,5
2024,다아777263,to_in_008,5
2024,다아779174,to_in_001,5
2024,다아779174,to_in_007,5
2024,다아779174,to_in_008,5
2024,다아779175,to_in_001,13
2024,다아779175,to_in_007,5
2024,다아779175,to_in_008,8
2024,다아779176,to_in_001,39
2024,다아779176,to_in_007,19
2024,다아779176,to_in_008,23
2024,다아779177,to_in_001,44
2024,다아779177,to_in_007,24
2024,다아779177,to_in_008,18
2024,다아779180,to_in_001,0
2024,다아779180,to_in_007,0
2024,다아779180,to_in_008,0
2024,다아779181,to_in_001,5
2024,다아779181,to_in_007,5
2024,다아779181,to_in_008,5
2024,다아779182,to_in_001,13
2024,다아779182,to_in_007,8
2024,다아779182,to_in_008,8
2024,다아779183,to_in_001,13
2024,다아779183,to_in_007,8
2024,다아779183,to_in_008,5
2024,다아779191,to_in_001,5
2024,다아779191,to_in_007,5
2024,다아779191,to_in_008,5
2024,다아779244,to_in_001,5
2024,다아779244,to_in_007,0
2024,다아779244,to_in_008,0
2024,다아780001,to_in_001,5
2024,다아780001,to_in_007,5
2024,다아780001,to_in_008,5
2024,다아780002,to_in_001,0
2024,다아780002,to_in_007,0
2024,다아780002,to_in_008,0
2024,다아780007,to_in_001,5
2024,다아780007,to_in_007,5
2024,다아780007,to_in_008,0
2024,다아780012,to_in_001,8
2024,다아780012,to_in_007,5
2024,다아780012,to_in_008,5
2024,다아780013,to_in_001,5
2024,다아780013,to_in_007,5
2024,다아780013,to_in_008,5
2024,다아780015,to_in_001,5
2024,다아780015,to_in_007,5
2024,다아780015,to_in_008,0
2024,다아780016,to_in_001,5
2024,다아780016,to_in_007,0
2024,다아780016,to_in_008,5
2024,다아780019,to_in_001,5
2024,다아780019,to_in_007,5
2024,다아780019,to_in_008,0
2024,다아780020,to_in_001,5
2024,다아780020,to_in_007,5
2024,다아780020,to_in_008,0
2024,다아780130,to_in_001,5
2024,다아780130,to_in_007,5
2024,다아780130,to_in_008,0
2024,다아780145,to_in_001,0
2024,다아780145,to_in_007,0
2024,다아780145,to_in_008,0
2024,다아780171,to_in_001,5
2024,다아780171,to_in_007,0
2024,다아780171,to_in_008,0
2024,다아780172,to_in_001,8
2024,다아780172,to_in_007,5
2024,다아780172,to_in_008,5
2024,다아780173,to_in_001,8
2024,다아780173,to_in_007,5
2024,다아780173,to_in_008,5
2024,다아780174,to_in_001,23
2024,다아780174,to_in_007,8
2024,다아780174,to_in_008,13
2024,다아780175,to_in_001,23
2024,다아780175,to_in_007,13
2024,다아780175,to_in_008,13
2024,다아780176,to_in_001,59
2024,다아780176,to_in_007,24
2024,다아780176,to_in_008,33
2024,다아780177,to_in_001,75
2024,다아780177,to_in_007,29
2024,다아780177,to_in_008,44
2024,다아780178,to_in_001,28
2024,다아780178,to_in_007,13
2024,다아780178,to_in_008,13
2024,다아800048,to_in_001,5
2024,다아800048,to_in_007,0
2024,다아800048,to_in_008,0
2024,다아800052,to_in_001,5
2024,다아800052,to_in_007,0
2024,다아800052,to_in_008,0
2024,다아800059,to_in_001,8
2024,다아800059,to_in_007,8
2024,다아800059,to_in_008,5
2024,다아800060,to_in_001,5
2024,다아800060,to_in_007,5
2024,다아800060,to_in_008,0
2024,다아800065,to_in_001,0
2024,다아800065,to_in_007,0
2024,다아800065,to_in_008,0
2024,다아800066,to_in_001,16
2024,다아800066,to_in_007,16
2024,다아800066,to_in_008,0
2024,다아800072,to_in_001,5
2024,다아800072,to_in_007,5
2024,다아800072,to_in_008,0
2024,다아800073,to_in_001,8
2024,다아800073,to_in_007,5
2024,다아800073,to_in_008,5
2024,다아800075,to_in_001,13
2024,다아800075,to_in_007,8
2024,다아800075,to_in_008,5
2024,다아800077,to_in_001,0
2024,다아800077,to_in_007,0
2024,다아800077,to_in_008,0
2024,다아800087,to_in_001,5
2024,다아800087,to_in_007,5
2024,다아800087,to_in_008,0
2024,다아800089,to_in_001,5
2024,다아800089,to_in_007,0
2024,다아800089,to_in_008,5
2024,다아800090,to_in_001,5
2024,다아800090,to_in_007,5
2024,다아800090,to_in_008,0
2024,다아800092,to_in_001,5
2024,다아800092,to_in_007,5
2024,다아800092,to_in_008,0
2024,다아800093,to_in_001,5
2024,다아800093,to_in_007,0
2024,다아800093,to_in_008,5
2024,다아800096,to_in_001,8
2024,다아800096,to_in_007,5
2024,다아800096,to_in_008,5
2024,다아800097,to_in_001,38
2024,다아800097,to_in_007,23
2024,다아800097,to_in_008,13
2024,다아800099,to_in_001,56
2024,다아800099,to_in_007,30
2024,다아800099,to_in_008,29
2024,다아800100,to_in_001,119
2024,다아800100,to_in_007,61
2024,다아800100,to_in_008,56
2024,다아800101,to_in_001,63
2024,다아800101,to_in_007,33
2024,다아800101,to_in_008,33
2024,다아800102,to_in_001,49
2024,다아800102,to_in_007,29
2024,다아800102,to_in_008,18
2024,다아800103,to_in_001,153
2024,다아800103,to_in_007,85
2024,다아800103,to_in_008,66
2024,다아800104,to_in_001,43
2024,다아800104,to_in_007,23
2024,다아800104,to_in_008,18
2024,다아800105,to_in_001,8
2024,다아800105,to_in_007,5
2024,다아800105,to_in_008,5
2024,다아800135,to_in_001,5
2024,다아800135,to_in_007,0
2024,다아800135,to_in_008,0
2024,다아800143,to_in_001,5
2024,다아800143,to_in_007,0
2024,다아800143,to_in_008,0
2024,다아800177,to_in_001,5
2024,다아800177,to_in_007,5
2024,다아800177,to_in_008,0
2024,다아800182,to_in_001,5
2024,다아800182,to_in_007,5
2024,다아800182,to_in_008,0
2024,다아800183,to_in_001,0
2024,다아800183,to_in_007,0
2024,다아800183,to_in_008,0
2024,다아800184,to_in_001,8
2024,다아800184,to_in_007,8
2024,다아800184,to_in_008,5
2024,다아800197,to_in_001,5
2024,다아800197,to_in_007,0
2024,다아800197,to_in_008,0
2024,다아801221,to_in_001,5
2024,다아801221,to_in_007,5
2024,다아801221,to_in_008,0
2024,다아801222,to_in_001,5
2024,다아801222,to_in_007,0
2024,다아801222,to_in_008,5
2024,다아801231,to_in_001,0
2024,다아801231,to_in_007,0
2024,다아801231,to_in_008,0
2024,다아802029,to_in_001,5
2024,다아802029,to_in_007,5
2024,다아802029,to_in_008,5
2024,다아802059,to_in_001,8
2024,다아802059,to_in_007,8
2024,다아802059,to_in_008,5
2024,다아802064,to_in_001,5
2024,다아802064,to_in_007,5
2024,다아802064,to_in_008,0
2024,다아802066,to_in_001,5
2024,다아802066,to_in_007,0
2024,다아802066,to_in_008,0
2024,다아802067,to_in_001,5
2024,다아802067,to_in_007,5
2024,다아802067,to_in_008,0
2024,다아802074,to_in_001,5
2024,다아802074,to_in_007,5
2024,다아802074,to_in_008,0
2024,다아802076,to_in_001,8
2024,다아802076,to_in_007,5
2024,다아802076,to_in_008,5
2024,다아802077,to_in_001,8
2024,다아802077,to_in_007,5
2024,다아802077,to_in_008,5
2024,다아802084,to_in_001,5
2024,다아802084,to_in_007,0
2024,다아802084,to_in_008,0
2024,다아802085,to_in_001,5
2024,다아802085,to_in_007,5
2024,다아802085,to_in_008,5
2024,다아802087,to_in_001,13
2024,다아802087,to_in_007,8
2024,다아802087,to_in_008,5
2024,다아802088,to_in_001,8
2024,다아802088,to_in_007,5
2024,다아802088,to_in_008,0
2024,다아802090,to_in_001,0
2024,다아802090,to_in_007,0
2024,다아802090,to_in_008,0
2024,다아802092,to_in_001,8
2024,다아802092,to_in_007,8
2024,다아802092,to_in_008,5
2024,다아802093,to_in_001,13
2024,다아802093,to_in_007,8
2024,다아802093,to_in_008,8
2024,다아802094,to_in_001,18
2024,다아802094,to_in_007,8
2024,다아802094,to_in_008,8
2024,다아802095,to_in_001,0
2024,다아802095,to_in_007,0
2024,다아802095,to_in_008,0
2024,다아802096,to_in_001,8
2024,다아802096,to_in_007,5
2024,다아802096,to_in_008,5
2024,다아802097,to_in_001,8
2024,다아802097,to_in_007,5
2024,다아802097,to_in_008,5
2024,다아802098,to_in_001,23
2024,다아802098,to_in_007,13
2024,다아802098,to_in_008,8
2024,다아802099,to_in_001,23
2024,다아802099,to_in_007,13
2024,다아802099,to_in_008,13
2024,다아802100,to_in_001,13
2024,다아802100,to_in_007,8
2024,다아802100,to_in_008,5
2024,다아802101,to_in_001,5
2024,다아802101,to_in_007,0
2024,다아802101,to_in_008,5
2024,다아802102,to_in_001,180
2024,다아802102,to_in_007,89
2024,다아802102,to_in_008,94
2024,다아802103,to_in_001,140
2024,다아802103,to_in_007,68
2024,다아802103,to_in_008,70
2024,다아802104,to_in_001,8
2024,다아802104,to_in_007,5
2024,다아802104,to_in_008,5
2024,다아802105,to_in_001,0
2024,다아802105,to_in_007,0
2024,다아802105,to_in_008,0
2024,다아802118,to_in_001,5
2024,다아802118,to_in_007,5
2024,다아802118,to_in_008,5
2024,다아802135,to_in_001,0
2024,다아802135,to_in_007,0
2024,다아802135,to_in_008,0
2024,다아802144,to_in_001,5
2024,다아802144,to_in_007,0
2024,다아802144,to_in_008,0
2024,다아804060,to_in_001,0
2024,다아804060,to_in_007,0
2024,다아804060,to_in_008,0
2024,다아804061,to_in_001,0
2024,다아804061,to_in_007,0
2024,다아804061,to_in_008,0
2024,다아804067,to_in_001,8
2024,다아804067,to_in_007,8
2024,다아804067,to_in_008,0
2024,다아804075,to_in_001,5
2024,다아804075,to_in_007,5
2024,다아804075,to_in_008,0
2024,다아804076,to_in_001,5
2024,다아804076,to_in_007,5
2024,다아804076,to_in_008,0
2024,다아804077,to_in_001,0
2024,다아804077,to_in_007,0
2024,다아804077,to_in_008,0
2024,다아804087,to_in_001,8
2024,다아804087,to_in_007,5
2024,다아804087,to_in_008,8
2024,다아804088,to_in_001,13
2024,다아804088,to_in_007,8
2024,다아804088,to_in_008,5
2024,다아804089,to_in_001,5
2024,다아804089,to_in_007,0
2024,다아804089,to_in_008,5
2024,다아804093,to_in_001,18
2024,다아804093,to_in_007,8
2024,다아804093,to_in_008,8
2024,다아804094,to_in_001,13
2024,다아804094,to_in_007,8
2024,다아804094,to_in_008,8
2024,다아804095,to_in_001,8
2024,다아804095,to_in_007,5
2024,다아804095,to_in_008,8
2024,다아804099,to_in_001,23
2024,다아804099,to_in_007,13
2024,다아804099,to_in_008,13
2024,다아804100,to_in_001,0
2024,다아804100,to_in_007,0
2024,다아804100,to_in_008,0
2024,다아804101,to_in_001,186
2024,다아804101,to_in_007,92
2024,다아804101,to_in_008,92
2024,다아804102,to_in_001,160
2024,다아804102,to_in_007,88
2024,다아804102,to_in_008,75
2024,다아804103,to_in_001,125
2024,다아804103,to_in_007,79
2024,다아804103,to_in_008,44
2024,다아804105,to_in_001,23
2024,다아804105,to_in_007,8
2024,다아804105,to_in_008,13
2024,다아804106,to_in_001,5
2024,다아804106,to_in_007,5
2024,다아804106,to_in_008,5
2024,다아804113,to_in_001,5
2024,다아804113,to_in_007,0
2024,다아804113,to_in_008,5
2024,다아804114,to_in_001,5
2024,다아804114,to_in_007,5
2024,다아804114,to_in_008,5
2024,다아804117,to_in_001,5
2024,다아804117,to_in_007,5
2024,다아804117,to_in_008,5
2024,다아804118,to_in_001,13
2024,다아804118,to_in_007,5
2024,다아804118,to_in_008,8
2024,다아804119,to_in_001,23
2024,다아804119,to_in_007,8
2024,다아804119,to_in_008,13
2024,다아804120,to_in_001,18
2024,다아804120,to_in_007,13
2024,다아804120,to_in_008,8
2024,다아804121,to_in_001,5
2024,다아804121,to_in_007,5
2024,다아804121,to_in_008,0
2024,다아804129,to_in_001,5
2024,다아804129,to_in_007,0
2024,다아804129,to_in_008,5
2024,다아804133,to_in_001,5
2024,다아804133,to_in_007,5
2024,다아804133,to_in_008,5
2024,다아804134,to_in_001,5
2024,다아804134,to_in_007,5
2024,다아804134,to_in_008,0
2024,다아804135,to_in_001,5
2024,다아767108,to_in_007,0
2024,다아767108,to_in_008,5
2024,다아767183,to_in_001,0
2024,다아767183,to_in_007,0
2024,다아767183,to_in_008,0
2024,다아767185,to_in_001,5
2024,다아767185,to_in_007,0
2024,다아767185,to_in_008,0
2024,다아767186,to_in_001,5
2024,다아767186,to_in_007,5
2024,다아767186,to_in_008,0
2024,다아767201,to_in_001,5
2024,다아767201,to_in_007,0
2024,다아767201,to_in_008,5
2024,다아767203,to_in_001,5
2024,다아767203,to_in_007,5
2024,다아767203,to_in_008,0
2024,다아767204,to_in_001,13
2024,다아767204,to_in_007,8
2024,다아767204,to_in_008,5
2024,다아767205,to_in_001,5
2024,다아767205,to_in_007,0
2024,다아767205,to_in_008,0
2024,다아767206,to_in_001,8
2024,다아767206,to_in_007,5
2024,다아767206,to_in_008,8
2024,다아767209,to_in_001,5
2024,다아767209,to_in_007,5
2024,다아767209,to_in_008,5
2024,다아767210,to_in_001,5
2024,다아767210,to_in_007,0
2024,다아767210,to_in_008,5
2024,다아767211,to_in_001,5
2024,다아767211,to_in_007,0
2024,다아767211,to_in_008,5
2024,다아767246,to_in_001,5
2024,다아767246,to_in_007,5
2024,다아767246,to_in_008,0
2024,다아767248,to_in_001,0
2024,다아767248,to_in_007,0
2024,다아767248,to_in_008,0
2024,다아767249,to_in_001,23
2024,다아767249,to_in_007,13
2024,다아767249,to_in_008,13
2024,다아767250,to_in_001,8
2024,다아767250,to_in_007,5
2024,다아767250,to_in_008,5
2024,다아767251,to_in_001,5
2024,다아767251,to_in_007,0
2024,다아767251,to_in_008,0
2024,다아767252,to_in_001,5
2024,다아767252,to_in_007,0
2024,다아767252,to_in_008,0
2024,다아767253,to_in_001,0
2024,다아767253,to_in_007,0
2024,다아767253,to_in_008,0
2024,다아767255,to_in_001,5
2024,다아767255,to_in_007,5
2024,다아767255,to_in_008,5
2024,다아768001,to_in_001,5
2024,다아768001,to_in_007,5
2024,다아768001,to_in_008,0
2024,다아768002,to_in_001,5
2024,다아768002,to_in_007,0
2024,다아768002,to_in_008,0
2024,다아768071,to_in_001,0
2024,다아768071,to_in_007,0
2024,다아768071,to_in_008,0
2024,다아768072,to_in_001,5
2024,다아768072,to_in_007,0
2024,다아768072,to_in_008,0
2024,다아768073,to_in_001,8
2024,다아768073,to_in_007,5
2024,다아768073,to_in_008,0
2024,다아768074,to_in_001,5
2024,다아768074,to_in_007,0
2024,다아768074,to_in_008,0
2024,다아768169,to_in_001,5
2024,다아768169,to_in_007,5
2024,다아768169,to_in_008,0
2024,다아768171,to_in_001,5
2024,다아768171,to_in_007,5
2024,다아768171,to_in_008,0
2024,다아768172,to_in_001,0
2024,다아768172,to_in_007,0
2024,다아768172,to_in_008,0
2024,다아768176,to_in_001,8
2024,다아768176,to_in_007,5
2024,다아768176,to_in_008,5
2024,다아768177,to_in_001,5
2024,다아768177,to_in_007,5
2024,다아768177,to_in_008,0
2024,다아768183,to_in_001,5
2024,다아768183,to_in_007,5
2024,다아768183,to_in_008,0
2024,다아768186,to_in_001,5
2024,다아768186,to_in_007,0
2024,다아768186,to_in_008,0
2024,다아768187,to_in_001,5
2024,다아768187,to_in_007,5
2024,다아768187,to_in_008,0
2024,다아768188,to_in_001,5
2024,다아768188,to_in_007,5
2024,다아768188,to_in_008,0
2024,다아768194,to_in_001,5
2024,다아768194,to_in_007,0
2024,다아768194,to_in_008,5
2024,다아768195,to_in_001,8
2024,다아768195,to_in_007,5
2024,다아768195,to_in_008,5
2024,다아768197,to_in_001,5
2024,다아768197,to_in_007,0
2024,다아768197,to_in_008,0
2024,다아768202,to_in_001,5
2024,다아768202,to_in_007,0
2024,다아768202,to_in_008,5
2024,다아768204,to_in_001,8
2024,다아768204,to_in_007,5
2024,다아768204,to_in_008,5
2024,다아769254,to_in_001,8
2024,다아769254,to_in_007,5
2024,다아769254,to_in_008,5
2024,다아770007,to_in_001,8
2024,다아770007,to_in_007,5
2024,다아770007,to_in_008,5
2024,다아770008,to_in_001,5
2024,다아770008,to_in_007,0
2024,다아770008,to_in_008,0
2024,다아770011,to_in_001,5
2024,다아770011,to_in_007,0
2024,다아770011,to_in_008,0
2024,다아770081,to_in_001,0
2024,다아770081,to_in_007,0
2024,다아770081,to_in_008,0
2024,다아770082,to_in_001,8
2024,다아770082,to_in_007,0
2024,다아770082,to_in_008,8
2024,다아770170,to_in_001,5
2024,다아770170,to_in_007,0
2024,다아770170,to_in_008,0
2024,다아770175,to_in_001,5
2024,다아770175,to_in_007,0
2024,다아770175,to_in_008,5
2024,다아770182,to_in_001,5
2024,다아770182,to_in_007,5
2024,다아770182,to_in_008,0
2024,다아770183,to_in_001,8
2024,다아770183,to_in_007,5
2024,다아770183,to_in_008,5
2024,다아770191,to_in_001,8
2024,다아770191,to_in_007,5
2024,다아770191,to_in_008,5
2024,다아770192,to_in_001,13
2024,다아770192,to_in_007,8
2024,다아770192,to_in_008,5
2024,다아770195,to_in_001,5
2024,다아770195,to_in_007,5
2024,다아770195,to_in_008,0
2024,다아770205,to_in_001,8
2024,다아770205,to_in_007,5
2024,다아770205,to_in_008,5
2024,다아770206,to_in_001,5
2024,다아770206,to_in_007,0
2024,다아770206,to_in_008,5
2024,다아770224,to_in_001,5
2024,다아770224,to_in_007,5
2024,다아770224,to_in_008,0
2024,다아770225,to_in_001,8
2024,다아770225,to_in_007,5
2024,다아770225,to_in_008,5
2024,다아770240,to_in_001,5
2024,다아770240,to_in_007,0
2024,다아770240,to_in_008,0
2024,다아770253,to_in_001,13
2024,다아770253,to_in_007,8
2024,다아770253,to_in_008,8
2024,다아770254,to_in_001,8
2024,다아770254,to_in_007,8
2024,다아770254,to_in_008,5
2024,다아770255,to_in_001,5
2024,다아770255,to_in_007,5
2024,다아770255,to_in_008,5
2024,다아770256,to_in_001,5
2024,다아770256,to_in_007,0
2024,다아770256,to_in_008,5
2024,다아770257,to_in_001,8
2024,다아770257,to_in_007,5
2024,다아770257,to_in_008,8
2024,다아770258,to_in_001,8
2024,다아770258,to_in_007,5
2024,다아770258,to_in_008,8
2024,다아771003,to_in_001,8
2024,다아771003,to_in_007,5
2024,다아771003,to_in_008,8
2024,다아771008,to_in_001,5
2024,다아771008,to_in_007,5
2024,다아771008,to_in_008,5
2024,다아771075,to_in_001,5
2024,다아771075,to_in_007,0
2024,다아771075,to_in_008,0
2024,다아772183,to_in_001,5
2024,다아772183,to_in_007,0
2024,다아772183,to_in_008,5
2024,다아772195,to_in_001,0
2024,다아772195,to_in_007,0
2024,다아772195,to_in_008,0
2024,다아772205,to_in_001,8
2024,다아772205,to_in_007,5
2024,다아772205,to_in_008,5
2024,다아772206,to_in_001,5
2024,다아772206,to_in_007,5
2024,다아772206,to_in_008,5
2024,다아772221,to_in_001,5
2024,다아772221,to_in_007,5
2024,다아772221,to_in_008,5
2024,다아772222,to_in_001,5
2024,다아772222,to_in_007,0
2024,다아772222,to_in_008,0
2024,다아772223,to_in_001,13
2024,다아772223,to_in_007,8
2024,다아772223,to_in_008,8
2024,다아772224,to_in_001,8
2024,다아772224,to_in_007,5
2024,다아772224,to_in_008,5
2024,다아772225,to_in_001,8
2024,다아772225,to_in_007,8
2024,다아772225,to_in_008,5
2024,다아772226,to_in_001,8
2024,다아772226,to_in_007,5
2024,다아772226,to_in_008,5
2024,다아772227,to_in_001,8
2024,다아772227,to_in_007,8
2024,다아772227,to_in_008,5
2024,다아772228,to_in_001,8
2024,다아772228,to_in_007,5
2024,다아772228,to_in_008,5
2024,다아772256,to_in_001,5
2024,다아772256,to_in_007,5
2024,다아772256,to_in_008,0
2024,다아772257,to_in_001,8
2024,다아772257,to_in_007,0
2024,다아772257,to_in_008,8
2024,다아772258,to_in_001,18
2024,다아772258,to_in_007,8
2024,다아772258,to_in_008,8
2024,다아772259,to_in_001,8
2024,다아772259,to_in_007,5
2024,다아772259,to_in_008,8
2024,다아772260,to_in_001,18
2024,다아772260,to_in_007,13
2024,다아772260,to_in_008,8
2024,다아772261,to_in_001,23
2024,다아772261,to_in_007,13
2024,다아772261,to_in_008,8
2024,다아772262,to_in_001,5
2024,다아772262,to_in_007,0
2024,다아772262,to_in_008,5
2024,다아773000,to_in_001,49
2024,다아773000,to_in_007,23
2024,다아773000,to_in_008,29
2024,다아773001,to_in_001,53
2024,다아773001,to_in_007,28
2024,다아773001,to_in_008,28
2024,다아773002,to_in_001,66
2024,다아773002,to_in_007,39
2024,다아773002,to_in_008,30
2024,다아773003,to_in_001,33
2024,다아773003,to_in_007,13
2024,다아773003,to_in_008,23
2024,다아773004,to_in_001,13
2024,다아773004,to_in_007,8
2024,다아773004,to_in_008,5
2024,다아773005,to_in_001,8
2024,다아773005,to_in_007,5
2024,다아773005,to_in_008,8
2024,다아773007,to_in_001,5
2024,다아773007,to_in_007,5
2024,다아773007,to_in_008,0
2024,다아773010,to_in_001,0
2024,다아773010,to_in_007,0
2024,다아773010,to_in_008,0
2024,다아773014,to_in_001,8
2024,다아773014,to_in_007,8
2024,다아773014,to_in_008,5
2024,다아773092,to_in_001,5
2024,다아773092,to_in_007,5
2024,다아773092,to_in_008,5
2024,다아773095,to_in_001,8
2024,다아773095,to_in_007,5
2024,다아773095,to_in_008,5
2024,다아773115,to_in_001,8
2024,다아773115,to_in_007,5
2024,다아773115,to_in_008,5
2024,다아773169,to_in_001,5
2024,다아773169,to_in_007,0
2024,다아773169,to_in_008,5
2024,다아773175,to_in_001,5
2024,다아773175,to_in_007,0
2024,다아773175,to_in_008,5
2024,다아773177,to_in_001,5
2024,다아773177,to_in_007,5
2024,다아773177,to_in_008,5
2024,다아773179,to_in_001,5
2024,다아773179,to_in_007,5
2024,다아773179,to_in_008,5
2024,다아773180,to_in_001,13
2024,다아773180,to_in_007,5
2024,다아773180,to_in_008,8
2024,다아773181,to_in_001,28
2024,다아773181,to_in_007,13
2024,다아773181,to_in_008,13
2024,다아773185,to_in_001,5
2024,다아773185,to_in_007,0
2024,다아773185,to_in_008,0
2024,다아773193,to_in_001,5
2024,다아773193,to_in_007,0
2024,다아773193,to_in_008,0
2024,다아773195,to_in_001,5
2024,다아773195,to_in_007,5
2024,다아773195,to_in_008,5
2024,다아773226,to_in_001,5
2024,다아773226,to_in_007,0
2024,다아773226,to_in_008,5
2024,다아773227,to_in_001,8
2024,다아773227,to_in_007,5
2024,다아773227,to_in_008,8
2024,다아773228,to_in_001,8
2024,다아773228,to_in_007,8
2024,다아773228,to_in_008,8
2024,다아773258,to_in_001,0
2024,다아773258,to_in_007,0
2024,다아773258,to_in_008,0
2024,다아773259,to_in_001,18
2024,다아773259,to_in_007,8
2024,다아773259,to_in_008,8
2024,다아773260,to_in_001,5
2024,다아773260,to_in_007,5
2024,다아773260,to_in_008,5
2024,다아773261,to_in_001,18
2024,다아773261,to_in_007,8
2024,다아773261,to_in_008,8
2024,다아773262,to_in_001,8
2024,다아773262,to_in_007,5
2024,다아773262,to_in_008,5
2024,다아774000,to_in_001,28
2024,다아774000,to_in_007,13
2024,다아774000,to_in_008,13
2024,다아774001,to_in_001,96
2024,다아774001,to_in_007,55
2024,다아774001,to_in_008,39
2024,다아774002,to_in_001,13
2024,다아774002,to_in_007,8
2024,다아774002,to_in_008,8
2024,다아774003,to_in_001,13
2024,다아774003,to_in_007,8
2024,다아774003,to_in_008,8
2024,다아774004,to_in_001,5
2024,다아774004,to_in_007,5
2024,다아774004,to_in_008,0
2024,다아776181,to_in_001,18
2024,다아776181,to_in_007,8
2024,다아776181,to_in_008,8
2024,다아776182,to_in_001,23
2024,다아776182,to_in_007,8
2024,다아776182,to_in_008,13
2024,다아776183,to_in_001,5
2024,다아776183,to_in_007,5
2024,다아776183,to_in_008,5
2024,다아776188,to_in_001,0
2024,다아776188,to_in_007,0
2024,다아776188,to_in_008,0
2024,다아776192,to_in_001,13
2024,다아776192,to_in_007,8
2024,다아776192,to_in_008,8
2024,다아776193,to_in_001,8
2024,다아776193,to_in_007,8
2024,다아776193,to_in_008,5
2024,다아776194,to_in_001,5
2024,다아776194,to_in_007,5
2024,다아776194,to_in_008,0
2024,다아776219,to_in_001,0
2024,다아776219,to_in_007,0
2024,다아776219,to_in_008,0
2024,다아776226,to_in_001,8
2024,다아776226,to_in_007,5
2024,다아776226,to_in_008,5
2024,다아776227,to_in_001,5
2024,다아776227,to_in_007,5
2024,다아776227,to_in_008,0
2024,다아776235,to_in_001,5
2024,다아776235,to_in_007,5
2024,다아776235,to_in_008,5
2024,다아776237,to_in_001,18
2024,다아776237,to_in_007,13
2024,다아776237,to_in_008,8
2024,다아776238,to_in_001,13
2024,다아776238,to_in_007,8
2024,다아776238,to_in_008,8
2024,다아776261,to_in_001,5
2024,다아776261,to_in_007,5
2024,다아776261,to_in_008,0
2024,다아776262,to_in_001,13
2024,다아776262,to_in_007,5
2024,다아776262,to_in_008,8
2024,다아777000,to_in_001,5
2024,다아777000,to_in_007,5
2024,다아777000,to_in_008,0
2024,다아777001,to_in_001,5
2024,다아777001,to_in_007,5
2024,다아777001,to_in_008,5
2024,다아777002,to_in_001,5
2024,다아777002,to_in_007,5
2024,다아777002,to_in_008,5
2024,다아777003,to_in_001,5
2024,다아777003,to_in_007,0
2024,다아777003,to_in_008,5
2024,다아777006,to_in_001,8
2024,다아777006,to_in_007,5
2024,다아777006,to_in_008,0
2024,다아777007,to_in_001,5
2024,다아777007,to_in_007,5
2024,다아777007,to_in_008,0
2024,다아777015,to_in_001,28
2024,다아777015,to_in_007,13
2024,다아777015,to_in_008,18
2024,다아777016,to_in_001,18
2024,다아777016,to_in_007,13
2024,다아777016,to_in_008,8
2024,다아777017,to_in_001,18
2024,다아777017,to_in_007,13
2024,다아777017,to_in_008,8
2024,다아777024,to_in_001,5
2024,다아777024,to_in_007,0
2024,다아777024,to_in_008,0
2024,다아777089,to_in_001,5
2024,다아777089,to_in_007,0
2024,다아777089,to_in_008,5
2024,다아777090,to_in_001,8
2024,다아777090,to_in_007,8
2024,다아777090,to_in_008,5
2024,다아777095,to_in_001,5
2024,다아777095,to_in_007,0
2024,다아777095,to_in_008,0
2024,다아778174,to_in_001,36
2024,다아778174,to_in_007,18
2024,다아778174,to_in_008,16
2024,다아778175,to_in_001,38
2024,다아778175,to_in_007,18
2024,다아778175,to_in_008,18
2024,다아778176,to_in_001,49
2024,다아778176,to_in_007,23
2024,다아778176,to_in_008,24
2024,다아778177,to_in_001,5
2024,다아778177,to_in_007,0
2024,다아778177,to_in_008,0
2024,다아778179,to_in_001,8
2024,다아778179,to_in_007,0
2024,다아778179,to_in_008,8
2024,다아778180,to_in_001,5
2024,다아778180,to_in_007,5
2024,다아778180,to_in_008,0
2024,다아778182,to_in_001,8
2024,다아778182,to_in_007,8
2024,다아778182,to_in_008,5
2024,다아778183,to_in_001,8
2024,다아778183,to_in_007,5
2024,다아778183,to_in_008,5
2024,다아778193,to_in_001,0
2024,다아778193,to_in_007,0
2024,다아778193,to_in_008,0
2024,다아778194,to_in_001,5
2024,다아778194,to_in_007,0
2024,다아778194,to_in_008,0
2024,다아778195,to_in_001,5
2024,다아778195,to_in_007,5
2024,다아778195,to_in_008,0
2024,다아778212,to_in_001,0
2024,다아778212,to_in_007,0
2024,다아778212,to_in_008,0
2024,다아778213,to_in_001,0
2024,다아778213,to_in_007,0
2024,다아778213,to_in_008,0
2024,다아778263,to_in_001,8
2024,다아778263,to_in_007,5
2024,다아778263,to_in_008,8
2024,다아778264,to_in_001,8
2024,다아778264,to_in_007,5
2024,다아778264,to_in_008,5
2024,다아779000,to_in_001,0
2024,다아779000,to_in_007,0
2024,다아779000,to_in_008,0
2024,다아779001,to_in_001,0
2024,다아779001,to_in_007,0
2024,다아779001,to_in_008,0
2024,다아779004,to_in_001,0
2024,다아779004,to_in_007,0
2024,다아779004,to_in_008,0
2024,다아779011,to_in_001,5
2024,다아779011,to_in_007,0
2024,다아779011,to_in_008,0
2024,다아779017,to_in_001,8
2024,다아779017,to_in_007,0
2024,다아779017,to_in_008,8
2024,다아779018,to_in_001,5
2024,다아779018,to_in_007,5
2024,다아779018,to_in_008,0
2024,다아779022,to_in_001,5
2024,다아779022,to_in_007,5
2024,다아779022,to_in_008,0
2024,다아779024,to_in_001,5
2024,다아779024,to_in_007,0
2024,다아779024,to_in_008,0
2024,다아779088,to_in_001,5
2024,다아779088,to_in_007,0
2024,다아779088,to_in_008,0
2024,다아779115,to_in_001,5
2024,다아779115,to_in_007,5
2024,다아779115,to_in_008,5
2024,다아779134,to_in_001,5
2024,다아779134,to_in_007,0
2024,다아779134,to_in_008,5
2024,다아779152,to_in_001,28
2024,다아779152,to_in_007,5
2024,다아779152,to_in_008,28
2024,다아779162,to_in_001,5
2024,다아779162,to_in_007,0
2024,다아779162,to_in_008,0
2024,다아779163,to_in_001,13
2024,다아779163,to_in_007,8
2024,다아779163,to_in_008,5
2024,다아779164,to_in_001,8
2024,다아779164,to_in_007,5
2024,다아779164,to_in_008,5
2024,다아779170,to_in_001,5
2024,다아779170,to_in_007,0
2024,다아779170,to_in_008,5
2024,다아781126,to_in_001,5
2024,다아781126,to_in_007,0
2024,다아781126,to_in_008,5
2024,다아781132,to_in_001,5
2024,다아781132,to_in_007,0
2024,다아781132,to_in_008,5
2024,다아781133,to_in_001,5
2024,다아781133,to_in_007,0
2024,다아781133,to_in_008,0
2024,다아781136,to_in_001,8
2024,다아781136,to_in_007,5
2024,다아781136,to_in_008,5
2024,다아781137,to_in_001,5
2024,다아781137,to_in_007,0
2024,다아781137,to_in_008,0
2024,다아781145,to_in_001,8
2024,다아781145,to_in_007,5
2024,다아781145,to_in_008,8
2024,다아781172,to_in_001,0
2024,다아781172,to_in_007,0
2024,다아781172,to_in_008,0
2024,다아781173,to_in_001,5
2024,다아781173,to_in_007,0
2024,다아781173,to_in_008,5
2024,다아781174,to_in_001,5
2024,다아781174,to_in_007,5
2024,다아781174,to_in_008,0
2024,다아781175,to_in_001,8
2024,다아781175,to_in_007,5
2024,다아781175,to_in_008,5
2024,다아781176,to_in_001,8
2024,다아781176,to_in_007,5
2024,다아781176,to_in_008,5
2024,다아781177,to_in_001,8
2024,다아781177,to_in_007,5
2024,다아781177,to_in_008,5
2024,다아781186,to_in_001,0
2024,다아781186,to_in_007,0
2024,다아781186,to_in_008,0
2024,다아781191,to_in_001,13
2024,다아781191,to_in_007,8
2024,다아781191,to_in_008,5
2024,다아781192,to_in_001,13
2024,다아781192,to_in_007,8
2024,다아781192,to_in_008,5
2024,다아781197,to_in_001,5
2024,다아781197,to_in_007,5
2024,다아781197,to_in_008,0
2024,다아781244,to_in_001,0
2024,다아781244,to_in_007,0
2024,다아781244,to_in_008,0
2024,다아781245,to_in_001,8
2024,다아781245,to_in_007,5
2024,다아781245,to_in_008,5
2024,다아781258,to_in_001,5
2024,다아781258,to_in_007,5
2024,다아781258,to_in_008,5
2024,다아781259,to_in_001,13
2024,다아781259,to_in_007,5
2024,다아781259,to_in_008,8
2024,다아781260,to_in_001,18
2024,다아781260,to_in_007,13
2024,다아781260,to_in_008,8
2024,다아781274,to_in_001,5
2024,다아781274,to_in_007,0
2024,다아781274,to_in_008,0
2024,다아782000,to_in_001,5
2024,다아782000,to_in_007,5
2024,다아782000,to_in_008,0
2024,다아782012,to_in_001,5
2024,다아782012,to_in_007,0
2024,다아782012,to_in_008,5
2024,다아782013,to_in_001,13
2024,다아782013,to_in_007,5
2024,다아782013,to_in_008,8
2024,다아782016,to_in_001,8
2024,다아782016,to_in_007,5
2024,다아782016,to_in_008,5
2024,다아782019,to_in_001,5
2024,다아782019,to_in_007,0
2024,다아782019,to_in_008,0
2024,다아782020,to_in_001,5
2024,다아782020,to_in_007,0
2024,다아782020,to_in_008,5
2024,다아782022,to_in_001,5
2024,다아782022,to_in_007,5
2024,다아782022,to_in_008,0
2024,다아782023,to_in_001,5
2024,다아782023,to_in_007,5
2024,다아782023,to_in_008,0
2024,다아783001,to_in_001,8
2024,다아783001,to_in_007,8
2024,다아783001,to_in_008,5
2024,다아783002,to_in_001,5
2024,다아783002,to_in_007,0
2024,다아783002,to_in_008,0
2024,다아783009,to_in_001,5
2024,다아783009,to_in_007,0
2024,다아783009,to_in_008,0
2024,다아783010,to_in_001,5
2024,다아783010,to_in_007,0
2024,다아783010,to_in_008,0
2024,다아783012,to_in_001,5
2024,다아783012,to_in_007,5
2024,다아783012,to_in_008,0
2024,다아783015,to_in_001,5
2024,다아783015,to_in_007,5
2024,다아783015,to_in_008,0
2024,다아783022,to_in_001,8
2024,다아783022,to_in_007,5
2024,다아783022,to_in_008,5
2024,다아783027,to_in_001,8
2024,다아783027,to_in_007,5
2024,다아783027,to_in_008,8
2024,다아783030,to_in_001,0
2024,다아783030,to_in_007,0
2024,다아783030,to_in_008,0
2024,다아783122,to_in_001,5
2024,다아783122,to_in_007,5
2024,다아783122,to_in_008,0
2024,다아783134,to_in_001,0
2024,다아783134,to_in_007,0
2024,다아783134,to_in_008,0
2024,다아783135,to_in_001,0
2024,다아783135,to_in_007,0
2024,다아783135,to_in_008,0
2024,다아783136,to_in_001,8
2024,다아783136,to_in_007,5
2024,다아783136,to_in_008,5
2024,다아783144,to_in_001,5
2024,다아783144,to_in_007,0
2024,다아783144,to_in_008,5
2024,다아783145,to_in_001,5
2024,다아783145,to_in_007,5
2024,다아783145,to_in_008,0
2024,다아783163,to_in_001,0
2024,다아783163,to_in_007,0
2024,다아783163,to_in_008,0
2024,다아783165,to_in_001,5
2024,다아783165,to_in_007,0
2024,다아783165,to_in_008,5
2024,다아783167,to_in_001,5
2024,다아783167,to_in_007,0
2024,다아783167,to_in_008,5
2024,다아783168,to_in_001,5
2024,다아783168,to_in_007,5
2024,다아783168,to_in_008,0
2024,다아783170,to_in_001,13
2024,다아783170,to_in_007,8
2024,다아783170,to_in_008,5
2024,다아783171,to_in_001,18
2024,다아783171,to_in_007,8
2024,다아783171,to_in_008,8
2024,다아783172,to_in_001,23
2024,다아783172,to_in_007,8
2024,다아783172,to_in_008,13
2024,다아783173,to_in_001,13
2024,다아783173,to_in_007,8
2024,다아783173,to_in_008,8
2024,다아783174,to_in_001,44
2024,다아783174,to_in_007,18
2024,다아783174,to_in_008,24
2024,다아783175,to_in_001,28
2024,다아783175,to_in_007,13
2024,다아783175,to_in_008,13
2024,다아783183,to_in_001,5
2024,다아783183,to_in_007,0
2024,다아783183,to_in_008,0
2024,다아783207,to_in_001,5
2024,다아783207,to_in_007,5
2024,다아783207,to_in_008,0
2024,다아783229,to_in_001,8
2024,다아783229,to_in_007,5
2024,다아783229,to_in_008,5
2024,다아784251,to_in_001,5
2024,다아784251,to_in_007,0
2024,다아784251,to_in_008,5
2024,다아785000,to_in_001,0
2024,다아785000,to_in_007,0
2024,다아785000,to_in_008,0
2024,다아785005,to_in_001,8
2024,다아785005,to_in_007,5
2024,다아785005,to_in_008,5
2024,다아785010,to_in_001,5
2024,다아785010,to_in_007,0
2024,다아785010,to_in_008,0
2024,다아785013,to_in_001,8
2024,다아785013,to_in_007,8
2024,다아785013,to_in_008,5
2024,다아785014,to_in_001,5
2024,다아785014,to_in_007,0
2024,다아785014,to_in_008,5
2024,다아785015,to_in_001,0
2024,다아785015,to_in_007,0
2024,다아785015,to_in_008,0
2024,다아785017,to_in_001,0
2024,다아785017,to_in_007,0
2024,다아785017,to_in_008,0
2024,다아785018,to_in_001,5
2024,다아785018,to_in_007,5
2024,다아785018,to_in_008,0
2024,다아785022,to_in_001,5
2024,다아785022,to_in_007,0
2024,다아785022,to_in_008,0
2024,다아785027,to_in_001,8
2024,다아785027,to_in_007,5
2024,다아785027,to_in_008,5
2024,다아785028,to_in_001,8
2024,다아785028,to_in_007,8
2024,다아785028,to_in_008,0
2024,다아785034,to_in_001,5
2024,다아785034,to_in_007,0
2024,다아785034,to_in_008,0
2024,다아785035,to_in_001,5
2024,다아785035,to_in_007,5
2024,다아785035,to_in_008,0
2024,다아785036,to_in_001,5
2024,다아785036,to_in_007,0
2024,다아785036,to_in_008,5
2024,다아785136,to_in_001,5
2024,다아785136,to_in_007,5
2024,다아785136,to_in_008,0
2024,다아785142,to_in_001,0
2024,다아785142,to_in_007,0
2024,다아785142,to_in_008,0
2024,다아785146,to_in_001,5
2024,다아785146,to_in_007,0
2024,다아785146,to_in_008,0
2024,다아785147,to_in_001,5
2024,다아785147,to_in_007,0
2024,다아785147,to_in_008,0
2024,다아785151,to_in_001,5
2024,다아785151,to_in_007,5
2024,다아785151,to_in_008,0
2024,다아785156,to_in_001,5
2024,다아785156,to_in_007,0
2024,다아785156,to_in_008,0
2024,다아785161,to_in_001,5
2024,다아785161,to_in_007,0
2024,다아785161,to_in_008,0
2024,다아785173,to_in_001,8
2024,다아785173,to_in_007,5
2024,다아785173,to_in_008,5
2024,다아785198,to_in_001,5
2024,다아785198,to_in_007,5
2024,다아785198,to_in_008,0
2024,다아785203,to_in_001,5
2024,다아785203,to_in_007,5
2024,다아785203,to_in_008,0
2024,다아785206,to_in_001,0
2024,다아785206,to_in_007,0
2024,다아785206,to_in_008,0
2024,다아785210,to_in_001,5
2024,다아785210,to_in_007,5
2024,다아785210,to_in_008,5
2024,다아785211,to_in_001,8
2024,다아785211,to_in_007,0
2024,다아785211,to_in_008,5
2024,다아785212,to_in_001,5
2024,다아785212,to_in_007,5
2024,다아785212,to_in_008,5
2024,다아785229,to_in_001,8
2024,다아785229,to_in_007,5
2024,다아785229,to_in_008,8
2024,다아785230,to_in_001,33
2024,다아785230,to_in_007,13
2024,다아785230,to_in_008,18
2024,다아785250,to_in_001,8
2024,다아785250,to_in_007,5
2024,다아785250,to_in_008,5
2024,다아785251,to_in_001,23
2024,다아785251,to_in_007,8
2024,다아785251,to_in_008,13
2024,다아785252,to_in_001,28
2024,다아785252,to_in_007,13
2024,다아785252,to_in_008,13
2024,다아787003,to_in_001,5
2024,다아787003,to_in_007,0
2024,다아787003,to_in_008,0
2024,다아787004,to_in_001,8
2024,다아787004,to_in_007,8
2024,다아787004,to_in_008,0
2024,다아787006,to_in_001,8
2024,다아787006,to_in_007,8
2024,다아787006,to_in_008,0
2024,다아787007,to_in_001,8
2024,다아787007,to_in_007,8
2024,다아787007,to_in_008,0
2024,다아787008,to_in_001,8
2024,다아787008,to_in_007,8
2024,다아787008,to_in_008,5
2024,다아787010,to_in_001,0
2024,다아787010,to_in_007,0
2024,다아787010,to_in_008,0
2024,다아787013,to_in_001,5
2024,다아787013,to_in_007,5
2024,다아787013,to_in_008,0
2024,다아787015,to_in_001,5
2024,다아787015,to_in_007,5
2024,다아787015,to_in_008,5
2024,다아787016,to_in_001,5
2024,다아787016,to_in_007,0
2024,다아787016,to_in_008,0
2024,다아787017,to_in_001,5
2024,다아787017,to_in_007,0
2024,다아787017,to_in_008,0
2024,다아787021,to_in_001,5
2024,다아787021,to_in_007,5
2024,다아787021,to_in_008,0
2024,다아787025,to_in_001,5
2024,다아787025,to_in_007,5
2024,다아787025,to_in_008,5
2024,다아787034,to_in_001,8
2024,다아787034,to_in_007,5
2024,다아787034,to_in_008,5
2024,다아787036,to_in_001,5
2024,다아787036,to_in_007,0
2024,다아787036,to_in_008,0
2024,다아787052,to_in_001,5
2024,다아787052,to_in_007,0
2024,다아787052,to_in_008,5
2024,다아787125,to_in_001,5
2024,다아787125,to_in_007,5
2024,다아787125,to_in_008,0
2024,다아787146,to_in_001,8
2024,다아787146,to_in_007,5
2024,다아787146,to_in_008,5
2024,다아787164,to_in_001,5
2024,다아787164,to_in_007,0
2024,다아787164,to_in_008,0
2024,다아787166,to_in_001,5
2024,다아787166,to_in_007,0
2024,다아787166,to_in_008,0
2024,다아787167,to_in_001,5
2024,다아787167,to_in_007,5
2024,다아787167,to_in_008,0
2024,다아787168,to_in_001,5
2024,다아787168,to_in_007,5
2024,다아787168,to_in_008,0
2024,다아787169,to_in_001,5
2024,다아787169,to_in_007,5
2024,다아787169,to_in_008,5
2024,다아787172,to_in_001,5
2024,다아787172,to_in_007,5
2024,다아787172,to_in_008,5
2024,다아787173,to_in_001,5
2024,다아787173,to_in_007,0
2024,다아787173,to_in_008,5
2024,다아787197,to_in_001,5
2024,다아787197,to_in_007,0
2024,다아787197,to_in_008,0
2024,다아787202,to_in_001,5
2024,다아787202,to_in_007,5
2024,다아787202,to_in_008,0
2024,다아787203,to_in_001,5
2024,다아787203,to_in_007,5
2024,다아787203,to_in_008,5
2024,다아787212,to_in_001,13
2024,다아787212,to_in_007,8
2024,다아787212,to_in_008,8
2024,다아787213,to_in_001,23
2024,다아787213,to_in_007,8
2024,다아787213,to_in_008,13
2024,다아787225,to_in_001,5
2024,다아787225,to_in_007,0
2024,다아787225,to_in_008,5
2024,다아787227,to_in_001,8
2024,다아787227,to_in_007,5
2024,다아787227,to_in_008,5
2024,다아787228,to_in_001,13
2024,다아787228,to_in_007,5
2024,다아787228,to_in_008,8
2024,다아787231,to_in_001,8
2024,다아787231,to_in_007,5
2024,다아787231,to_in_008,5
2024,다아787232,to_in_001,5
2024,다아787232,to_in_007,0
2024,다아787232,to_in_008,0
2024,다아788005,to_in_001,8
2024,다아788005,to_in_007,5
2024,다아788005,to_in_008,0
2024,다아788006,to_in_001,0
2024,다아788006,to_in_007,0
2024,다아788006,to_in_008,0
2024,다아788007,to_in_001,5
2024,다아788007,to_in_007,5
2024,다아788007,to_in_008,0
2024,다아788008,to_in_001,8
2024,다아788008,to_in_007,8
2024,다아788008,to_in_008,0
2024,다아788010,to_in_001,5
2024,다아788010,to_in_007,5
2024,다아788010,to_in_008,0
2024,다아788015,to_in_001,5
2024,다아788015,to_in_007,5
2024,다아788015,to_in_008,5
2024,다아788016,to_in_001,8
2024,다아788016,to_in_007,5
2024,다아788016,to_in_008,8
2024,다아788026,to_in_001,5
2024,다아788026,to_in_007,0
2024,다아788026,to_in_008,5
2024,다아788030,to_in_001,5
2024,다아788030,to_in_007,5
2024,다아788030,to_in_008,0
2024,다아788032,to_in_001,5
2024,다아788032,to_in_007,0
2024,다아788032,to_in_008,5
2024,다아788033,to_in_001,5
2024,다아788033,to_in_007,0
2024,다아788033,to_in_008,0
2024,다아788036,to_in_001,5
2024,다아788036,to_in_007,5
2024,다아788036,to_in_008,0
2024,다아788038,to_in_001,5
2024,다아788038,to_in_007,0
2024,다아788038,to_in_008,0
2024,다아788039,to_in_001,5
2024,다아788039,to_in_007,5
2024,다아788039,to_in_008,5
2024,다아788052,to_in_001,5
2024,다아788052,to_in_007,0
2024,다아788052,to_in_008,0
2024,다아788054,to_in_001,8
2024,다아788054,to_in_007,8
2024,다아788054,to_in_008,0
2024,다아788056,to_in_001,5
2024,다아788056,to_in_007,5
2024,다아788056,to_in_008,0
2024,다아788141,to_in_001,5
2024,다아788141,to_in_007,5
2024,다아788141,to_in_008,0
2024,다아788142,to_in_001,0
2024,다아788142,to_in_007,0
2024,다아788142,to_in_008,0
2024,다아788158,to_in_001,5
2024,다아788158,to_in_007,0
2024,다아788158,to_in_008,0
2024,다아788163,to_in_001,5
2024,다아788163,to_in_007,0
2024,다아788163,to_in_008,0
2024,다아788167,to_in_001,5
2024,다아788167,to_in_007,0
2024,다아788167,to_in_008,0
2024,다아788174,to_in_001,5
2024,다아788174,to_in_007,0
2024,다아788174,to_in_008,5
2024,다아788176,to_in_001,5
2024,다아788176,to_in_007,5
2024,다아788176,to_in_008,0
2024,다아788177,to_in_001,0
2024,다아788177,to_in_007,0
2024,다아788177,to_in_008,0
2024,다아788189,to_in_001,5
2024,다아788189,to_in_007,0
2024,다아788189,to_in_008,0
2024,다아788212,to_in_001,8
2024,다아788212,to_in_007,5
2024,다아788212,to_in_008,5
2024,다아788213,to_in_001,8
2024,다아788213,to_in_007,5
2024,다아788213,to_in_008,8
2024,다아788214,to_in_001,13
2024,다아788214,to_in_007,8
2024,다아788214,to_in_008,8
2024,다아788215,to_in_001,5
2024,다아788215,to_in_007,0
2024,다아788215,to_in_008,0
2024,다아788225,to_in_001,5
2024,다아788225,to_in_007,0
2024,다아788225,to_in_008,0
2024,다아791061,to_in_001,5
2024,다아791061,to_in_007,0
2024,다아791061,to_in_008,0
2024,다아791087,to_in_001,5
2024,다아791087,to_in_007,5
2024,다아791087,to_in_008,5
2024,다아791123,to_in_001,5
2024,다아791123,to_in_007,0
2024,다아791123,to_in_008,5
2024,다아791162,to_in_001,5
2024,다아791162,to_in_007,0
2024,다아791162,to_in_008,0
2024,다아791180,to_in_001,5
2024,다아791180,to_in_007,5
2024,다아791180,to_in_008,0
2024,다아791191,to_in_001,5
2024,다아791191,to_in_007,5
2024,다아791191,to_in_008,0
2024,다아791192,to_in_001,5
2024,다아791192,to_in_007,0
2024,다아791192,to_in_008,0
2024,다아791193,to_in_001,5
2024,다아791193,to_in_007,0
2024,다아791193,to_in_008,0
2024,다아791201,to_in_001,0
2024,다아791201,to_in_007,0
2024,다아791201,to_in_008,0
2024,다아791223,to_in_001,8
2024,다아791223,to_in_007,5
2024,다아791223,to_in_008,5
2024,다아791224,to_in_001,8
2024,다아791224,to_in_007,5
2024,다아791224,to_in_008,5
2024,다아792004,to_in_001,5
2024,다아792004,to_in_007,0
2024,다아792004,to_in_008,0
2024,다아792006,to_in_001,5
2024,다아792006,to_in_007,5
2024,다아792006,to_in_008,0
2024,다아792012,to_in_001,5
2024,다아792012,to_in_007,5
2024,다아792012,to_in_008,0
2024,다아792013,to_in_001,8
2024,다아792013,to_in_007,8
2024,다아792013,to_in_008,5
2024,다아792014,to_in_001,5
2024,다아792014,to_in_007,5
2024,다아792014,to_in_008,0
2024,다아792021,to_in_001,5
2024,다아792021,to_in_007,5
2024,다아792021,to_in_008,0
2024,다아792022,to_in_001,8
2024,다아792022,to_in_007,5
2024,다아792022,to_in_008,5
2024,다아792029,to_in_001,5
2024,다아792029,to_in_007,0
2024,다아792029,to_in_008,0
2024,다아792033,to_in_001,5
2024,다아792033,to_in_007,0
2024,다아792033,to_in_008,0
2024,다아792034,to_in_001,13
2024,다아792034,to_in_007,8
2024,다아792034,to_in_008,8
2024,다아792035,to_in_001,8
2024,다아792035,to_in_007,5
2024,다아792035,to_in_008,5
2024,다아792038,to_in_001,0
2024,다아792038,to_in_007,0
2024,다아792038,to_in_008,0
2024,다아792039,to_in_001,5
2024,다아792039,to_in_007,0
2024,다아792039,to_in_008,5
2024,다아792040,to_in_001,0
2024,다아792040,to_in_007,0
2024,다아792040,to_in_008,0
2024,다아792043,to_in_001,5
2024,다아792043,to_in_007,0
2024,다아792043,to_in_008,0
2024,다아792044,to_in_001,8
2024,다아792044,to_in_007,5
2024,다아792044,to_in_008,5
2024,다아792049,to_in_001,8
2024,다아792049,to_in_007,5
2024,다아792049,to_in_008,5
2024,다아792050,to_in_001,5
2024,다아792050,to_in_007,0
2024,다아792050,to_in_008,0
2024,다아794056,to_in_001,13
2024,다아794056,to_in_007,8
2024,다아794056,to_in_008,8
2024,다아794057,to_in_001,5
2024,다아794057,to_in_007,0
2024,다아794057,to_in_008,5
2024,다아794059,to_in_001,5
2024,다아794059,to_in_007,0
2024,다아794059,to_in_008,0
2024,다아794078,to_in_001,0
2024,다아794078,to_in_007,0
2024,다아794078,to_in_008,0
2024,다아794079,to_in_001,0
2024,다아794079,to_in_007,0
2024,다아794079,to_in_008,0
2024,다아794080,to_in_001,5
2024,다아794080,to_in_007,0
2024,다아794080,to_in_008,0
2024,다아794082,to_in_001,13
2024,다아794082,to_in_007,13
2024,다아794082,to_in_008,0
2024,다아794092,to_in_001,5
2024,다아794092,to_in_007,0
2024,다아794092,to_in_008,0
2024,다아794094,to_in_001,8
2024,다아794094,to_in_007,5
2024,다아794094,to_in_008,5
2024,다아794098,to_in_001,8
2024,다아794098,to_in_007,5
2024,다아794098,to_in_008,5
2024,다아794099,to_in_001,8
2024,다아794099,to_in_007,8
2024,다아794099,to_in_008,5
2024,다아794100,to_in_001,18
2024,다아794100,to_in_007,8
2024,다아794100,to_in_008,8
2024,다아794102,to_in_001,43
2024,다아794102,to_in_007,43
2024,다아794102,to_in_008,0
2024,다아794104,to_in_001,29
2024,다아794104,to_in_007,29
2024,다아794104,to_in_008,5
2024,다아794113,to_in_001,8
2024,다아794113,to_in_007,5
2024,다아794113,to_in_008,8
2024,다아794152,to_in_001,8
2024,다아794152,to_in_007,5
2024,다아794152,to_in_008,5
2024,다아794162,to_in_001,5
2024,다아794162,to_in_007,0
2024,다아794162,to_in_008,5
2024,다아794163,to_in_001,5
2024,다아794163,to_in_007,0
2024,다아794163,to_in_008,0
2024,다아794186,to_in_001,5
2024,다아794186,to_in_007,5
2024,다아794186,to_in_008,5
2024,다아794187,to_in_001,0
2024,다아794187,to_in_007,0
2024,다아794187,to_in_008,0
2024,다아794189,to_in_001,5
2024,다아794189,to_in_007,5
2024,다아794189,to_in_008,0
2024,다아794217,to_in_001,18
2024,다아794217,to_in_007,8
2024,다아794217,to_in_008,8
2024,다아794218,to_in_001,18
2024,다아794218,to_in_007,8
2024,다아794218,to_in_008,8
2024,다아794219,to_in_001,5
2024,다아794219,to_in_007,5
2024,다아794219,to_in_008,0
2024,다아794232,to_in_001,5
2024,다아794232,to_in_007,5
2024,다아794232,to_in_008,5
2024,다아794233,to_in_001,5
2024,다아794233,to_in_007,0
2024,다아794233,to_in_008,0
2024,다아794248,to_in_001,8
2024,다아794248,to_in_007,0
2024,다아794248,to_in_008,8
2024,다아815166,to_in_001,5
2024,다아815166,to_in_007,0
2024,다아815166,to_in_008,5
2024,다아815171,to_in_001,5
2024,다아815171,to_in_007,5
2024,다아815171,to_in_008,5
2024,다아815206,to_in_001,8
2024,다아815206,to_in_007,8
2024,다아815206,to_in_008,5
2024,다아815230,to_in_001,5
2024,다아815230,to_in_007,5
2024,다아815230,to_in_008,0
2024,다아815231,to_in_001,5
2024,다아815231,to_in_007,5
2024,다아815231,to_in_008,5
2024,다아815300,to_in_001,5
2024,다아815300,to_in_007,0
2024,다아815300,to_in_008,0
2024,다아816079,to_in_001,8
2024,다아816079,to_in_007,5
2024,다아816079,to_in_008,5
2024,다아816080,to_in_001,13
2024,다아816080,to_in_007,8
2024,다아816080,to_in_008,5
2024,다아816123,to_in_001,8
2024,다아816123,to_in_007,5
2024,다아816123,to_in_008,5
2024,다아816124,to_in_001,5
2024,다아816124,to_in_007,5
2024,다아816124,to_in_008,0
2024,다아816125,to_in_001,13
2024,다아816125,to_in_007,8
2024,다아816125,to_in_008,8
2024,다아816129,to_in_001,5
2024,다아816129,to_in_007,5
2024,다아816129,to_in_008,5
2024,다아816133,to_in_001,8
2024,다아816133,to_in_007,5
2024,다아816133,to_in_008,0
2024,다아816134,to_in_001,8
2024,다아816134,to_in_007,5
2024,다아816134,to_in_008,5
2024,다아816136,to_in_001,8
2024,다아816136,to_in_007,5
2024,다아816136,to_in_008,8
2024,다아816138,to_in_001,0
2024,다아816138,to_in_007,0
2024,다아816138,to_in_008,0
2024,다아816150,to_in_001,0
2024,다아816150,to_in_007,0
2024,다아816150,to_in_008,0
2024,다아816161,to_in_001,8
2024,다아816161,to_in_007,5
2024,다아816161,to_in_008,8
2024,다아816162,to_in_001,13
2024,다아816162,to_in_007,8
2024,다아816162,to_in_008,8
2024,다아816163,to_in_001,0
2024,다아816163,to_in_007,0
2024,다아816163,to_in_008,0
2024,다아816166,to_in_001,5
2024,다아816166,to_in_007,5
2024,다아816166,to_in_008,0
2024,다아816167,to_in_001,5
2024,다아816167,to_in_007,0
2024,다아816167,to_in_008,5
2024,다아816191,to_in_001,5
2024,다아816191,to_in_007,5
2024,다아816191,to_in_008,0
2024,다아816192,to_in_001,5
2024,다아816192,to_in_007,5
2024,다아816192,to_in_008,5
2024,다아816193,to_in_001,0
2024,다아816193,to_in_007,0
2024,다아816193,to_in_008,0
2024,다아816209,to_in_001,0
2024,다아816209,to_in_007,0
2024,다아816209,to_in_008,0
2024,다아816211,to_in_001,5
2024,다아816211,to_in_007,5
2024,다아816211,to_in_008,5
2024,다아816217,to_in_001,5
2024,다아816217,to_in_007,0
2024,다아816217,to_in_008,0
2024,다아816231,to_in_001,8
2024,다아816231,to_in_007,5
2024,다아816231,to_in_008,5
2024,다아819168,to_in_001,5
2024,다아819168,to_in_007,0
2024,다아819168,to_in_008,5
2024,다아819170,to_in_001,5
2024,다아819170,to_in_007,0
2024,다아819170,to_in_008,5
2024,다아819171,to_in_001,0
2024,다아819171,to_in_007,0
2024,다아819171,to_in_008,0
2024,다아819172,to_in_001,5
2024,다아819172,to_in_007,5
2024,다아819172,to_in_008,5
2024,다아819223,to_in_001,0
2024,다아819223,to_in_007,0
2024,다아819223,to_in_008,0
2024,다아819228,to_in_001,5
2024,다아819228,to_in_007,5
2024,다아819228,to_in_008,5
2024,다아819229,to_in_001,13
2024,다아819229,to_in_007,8
2024,다아819229,to_in_008,8
2024,다아819264,to_in_001,0
2024,다아819264,to_in_007,0
2024,다아819264,to_in_008,0
2024,다아820006,to_in_001,8
2024,다아820006,to_in_007,5
2024,다아820006,to_in_008,5
2024,다아820009,to_in_001,5
2024,다아820009,to_in_007,0
2024,다아820009,to_in_008,5
2024,다아820017,to_in_001,28
2024,다아820017,to_in_007,13
2024,다아820017,to_in_008,13
2024,다아820018,to_in_001,91
2024,다아820018,to_in_007,32
2024,다아820018,to_in_008,62
2024,다아820129,to_in_001,5
2024,다아820129,to_in_007,5
2024,다아820129,to_in_008,5
2024,다아820131,to_in_001,13
2024,다아820131,to_in_007,5
2024,다아820131,to_in_008,8
2024,다아820132,to_in_001,5
2024,다아820132,to_in_007,0
2024,다아820132,to_in_008,0
2024,다아820134,to_in_001,0
2024,다아820134,to_in_007,0
2024,다아820134,to_in_008,0
2024,다아820141,to_in_001,5
2024,다아820141,to_in_007,0
2024,다아820141,to_in_008,5
2024,다아820142,to_in_001,0
2024,다아820142,to_in_007,0
2024,다아820142,to_in_008,0
2024,다아820143,to_in_001,0
2024,다아820143,to_in_007,0
2024,다아820143,to_in_008,0
2024,다아820151,to_in_001,5
2024,다아820151,to_in_007,0
2024,다아820151,to_in_008,0
2024,다아820170,to_in_001,8
2024,다아820170,to_in_007,5
2024,다아820170,to_in_008,8
2024,다아820199,to_in_001,13
2024,다아820199,to_in_007,5
2024,다아820199,to_in_008,8
2024,다아820222,to_in_001,5
2024,다아820222,to_in_007,0
2024,다아820222,to_in_008,5
2024,다아820224,to_in_001,5
2024,다아820224,to_in_007,5
2024,다아820224,to_in_008,0
2024,다아820230,to_in_001,8
2024,다아820230,to_in_007,5
2024,다아820230,to_in_008,8
2024,다아820231,to_in_001,5
2024,다아820231,to_in_007,0
2024,다아820231,to_in_008,0
2024,다아823225,to_in_001,8
2024,다아823225,to_in_007,8
2024,다아823225,to_in_008,5
2024,다아823226,to_in_001,23
2024,다아823226,to_in_007,8
2024,다아823226,to_in_008,13
2024,다아823227,to_in_001,18
2024,다아823227,to_in_007,8
2024,다아823227,to_in_008,8
2024,다아823228,to_in_001,0
2024,다아823228,to_in_007,0
2024,다아823228,to_in_008,0
2024,다아823231,to_in_001,0
2024,다아823231,to_in_007,0
2024,다아823231,to_in_008,0
2024,다아823272,to_in_001,5
2024,다아823272,to_in_007,5
2024,다아823272,to_in_008,0
2024,다아824004,to_in_001,8
2024,다아824004,to_in_007,8
2024,다아824004,to_in_008,0
2024,다아824005,to_in_001,8
2024,다아824005,to_in_007,5
2024,다아824005,to_in_008,5
2024,다아824006,to_in_001,8
2024,다아824006,to_in_007,5
2024,다아824006,to_in_008,5
2024,다아824007,to_in_001,8
2024,다아824007,to_in_007,5
2024,다아824007,to_in_008,5
2024,다아824008,to_in_001,5
2024,다아824008,to_in_007,0
2024,다아824008,to_in_008,0
2024,다아824010,to_in_001,5
2024,다아824010,to_in_007,5
2024,다아824010,to_in_008,0
2024,다아824078,to_in_001,8
2024,다아824078,to_in_007,5
2024,다아824078,to_in_008,5
2024,다아824079,to_in_001,5
2024,다아824079,to_in_007,0
2024,다아824079,to_in_008,0
2024,다아824124,to_in_001,0
2024,다아824124,to_in_007,0
2024,다아824124,to_in_008,0
2024,다아824142,to_in_001,8
2024,다아824142,to_in_007,5
2024,다아824142,to_in_008,5
2024,다아824147,to_in_001,8
2024,다아824147,to_in_007,8
2024,다아824147,to_in_008,8
2024,다아824148,to_in_001,13
2024,다아824148,to_in_007,8
2024,다아824148,to_in_008,8
2024,다아824166,to_in_001,8
2024,다아824166,to_in_007,5
2024,다아824166,to_in_008,5
2024,다아824170,to_in_001,8
2024,다아824170,to_in_007,5
2024,다아824170,to_in_008,5
2024,다아824204,to_in_001,5
2024,다아824204,to_in_007,5
2024,다아824204,to_in_008,0
2024,다아824220,to_in_001,5
2024,다아824220,to_in_007,5
2024,다아824220,to_in_008,0
2024,다아824221,to_in_001,13
2024,다아824221,to_in_007,8
2024,다아824221,to_in_008,8
2024,다아824224,to_in_001,0
2024,다아824224,to_in_007,0
2024,다아824224,to_in_008,0
2024,다아824225,to_in_001,5
2024,다아824225,to_in_007,5
2024,다아824225,to_in_008,5
2024,다아824226,to_in_001,8
2024,다아824226,to_in_007,8
2024,다아824226,to_in_008,5
2024,다아824227,to_in_001,8
2024,다아824227,to_in_007,8
2024,다아824227,to_in_008,5
2024,다아824228,to_in_001,8
2024,다아824228,to_in_007,5
2024,다아824228,to_in_008,5
2024,다아824270,to_in_001,5
2024,다아824270,to_in_007,0
2024,다아824270,to_in_008,0
2024,다아824271,to_in_001,5
2024,다아824271,to_in_007,0
2024,다아824271,to_in_008,5
2024,다아824272,to_in_001,8
2024,다아824272,to_in_007,5
2024,다아824272,to_in_008,8
2024,다아825057,to_in_001,5
2024,다아825057,to_in_007,5
2024,다아825057,to_in_008,0
2024,다아825083,to_in_001,5
2024,다아825083,to_in_007,0
2024,다아825083,to_in_008,0
2024,다아825122,to_in_001,0
2024,다아825122,to_in_007,0
2024,다아825122,to_in_008,0
2024,다아825144,to_in_001,5
2024,다아825144,to_in_007,5
2024,다아825144,to_in_008,0
2024,다아825145,to_in_001,0
2024,다아825145,to_in_007,0
2024,다아825145,to_in_008,0
2024,다아825161,to_in_001,8
2024,다아825161,to_in_007,5
2024,다아825161,to_in_008,5
2024,다아825164,to_in_001,5
2024,다아825164,to_in_007,5
2024,다아825164,to_in_008,5
2024,다아825166,to_in_001,5
2024,다아825166,to_in_007,5
2024,다아825166,to_in_008,0
2024,다아825189,to_in_001,5
2024,다아825189,to_in_007,5
2024,다아825189,to_in_008,0
2024,다아825206,to_in_001,5
2024,다아825206,to_in_007,0
2024,다아781020,to_in_001,8
2024,다아781020,to_in_007,8
2024,다아781020,to_in_008,5
2024,다아781021,to_in_001,13
2024,다아781021,to_in_007,8
2024,다아781021,to_in_008,8
2024,다아781022,to_in_001,8
2024,다아781022,to_in_007,5
2024,다아781022,to_in_008,5
2024,다아781023,to_in_001,13
2024,다아781023,to_in_007,8
2024,다아781023,to_in_008,5
2024,다아781024,to_in_001,18
2024,다아781024,to_in_007,13
2024,다아781024,to_in_008,8
2024,다아781025,to_in_001,8
2024,다아781025,to_in_007,8
2024,다아781025,to_in_008,8
2024,다아781026,to_in_001,5
2024,다아781026,to_in_007,5
2024,다아781026,to_in_008,0
2024,다아781029,to_in_001,5
2024,다아781029,to_in_007,5
2024,다아781029,to_in_008,0
2024,다아781122,to_in_001,5
2024,다아781122,to_in_007,5
2024,다아781122,to_in_008,0
2024,다아782024,to_in_001,5
2024,다아782024,to_in_007,0
2024,다아782024,to_in_008,5
2024,다아782025,to_in_001,0
2024,다아782025,to_in_007,0
2024,다아782025,to_in_008,0
2024,다아782027,to_in_001,0
2024,다아782027,to_in_007,0
2024,다아782027,to_in_008,0
2024,다아782028,to_in_001,5
2024,다아782028,to_in_007,5
2024,다아782028,to_in_008,0
2024,다아782053,to_in_001,5
2024,다아782053,to_in_007,0
2024,다아782053,to_in_008,0
2024,다아782125,to_in_001,0
2024,다아782125,to_in_007,0
2024,다아782125,to_in_008,0
2024,다아782126,to_in_001,5
2024,다아782126,to_in_007,0
2024,다아782126,to_in_008,5
2024,다아782135,to_in_001,5
2024,다아782135,to_in_007,0
2024,다아782135,to_in_008,0
2024,다아782136,to_in_001,5
2024,다아782136,to_in_007,5
2024,다아782136,to_in_008,0
2024,다아782141,to_in_001,5
2024,다아782141,to_in_007,0
2024,다아782141,to_in_008,5
2024,다아782144,to_in_001,5
2024,다아782144,to_in_007,0
2024,다아782144,to_in_008,0
2024,다아782145,to_in_001,5
2024,다아782145,to_in_007,0
2024,다아782145,to_in_008,5
2024,다아782169,to_in_001,5
2024,다아782169,to_in_007,0
2024,다아782169,to_in_008,5
2024,다아782170,to_in_001,5
2024,다아782170,to_in_007,5
2024,다아782170,to_in_008,0
2024,다아782171,to_in_001,8
2024,다아782171,to_in_007,5
2024,다아782171,to_in_008,5
2024,다아782172,to_in_001,13
2024,다아782172,to_in_007,8
2024,다아782172,to_in_008,8
2024,다아782173,to_in_001,28
2024,다아782173,to_in_007,13
2024,다아782173,to_in_008,18
2024,다아782174,to_in_001,8
2024,다아782174,to_in_007,8
2024,다아782174,to_in_008,5
2024,다아782175,to_in_001,41
2024,다아782175,to_in_007,36
2024,다아782175,to_in_008,8
2024,다아782176,to_in_001,5
2024,다아782176,to_in_007,5
2024,다아782176,to_in_008,0
2024,다아782191,to_in_001,0
2024,다아782191,to_in_007,0
2024,다아782191,to_in_008,0
2024,다아782194,to_in_001,5
2024,다아782194,to_in_007,0
2024,다아782194,to_in_008,0
2024,다아782198,to_in_001,5
2024,다아782198,to_in_007,5
2024,다아782198,to_in_008,5
2024,다아782230,to_in_001,8
2024,다아782230,to_in_007,5
2024,다아782230,to_in_008,8
2024,다아782231,to_in_001,8
2024,다아782231,to_in_007,8
2024,다아782231,to_in_008,5
2024,다아782232,to_in_001,5
2024,다아782232,to_in_007,0
2024,다아782232,to_in_008,5
2024,다아782239,to_in_001,8
2024,다아782239,to_in_007,8
2024,다아782239,to_in_008,0
2024,다아782260,to_in_001,5
2024,다아782260,to_in_007,0
2024,다아782260,to_in_008,0
2024,다아783000,to_in_001,5
2024,다아783000,to_in_007,5
2024,다아783000,to_in_008,5
2024,다아783230,to_in_001,5
2024,다아783230,to_in_007,5
2024,다아783230,to_in_008,5
2024,다아783277,to_in_001,5
2024,다아783277,to_in_007,5
2024,다아783277,to_in_008,0
2024,다아784001,to_in_001,8
2024,다아784001,to_in_007,8
2024,다아784001,to_in_008,0
2024,다아784002,to_in_001,5
2024,다아784002,to_in_007,0
2024,다아784002,to_in_008,5
2024,다아784004,to_in_001,5
2024,다아784004,to_in_007,0
2024,다아784004,to_in_008,5
2024,다아784010,to_in_001,8
2024,다아784010,to_in_007,5
2024,다아784010,to_in_008,5
2024,다아784011,to_in_001,0
2024,다아784011,to_in_007,0
2024,다아784011,to_in_008,0
2024,다아784012,to_in_001,8
2024,다아784012,to_in_007,0
2024,다아784012,to_in_008,8
2024,다아784014,to_in_001,5
2024,다아784014,to_in_007,0
2024,다아784014,to_in_008,0
2024,다아784015,to_in_001,8
2024,다아784015,to_in_007,5
2024,다아784015,to_in_008,8
2024,다아784016,to_in_001,8
2024,다아784016,to_in_007,5
2024,다아784016,to_in_008,8
2024,다아784017,to_in_001,5
2024,다아784017,to_in_007,0
2024,다아784017,to_in_008,0
2024,다아784019,to_in_001,0
2024,다아784019,to_in_007,0
2024,다아784019,to_in_008,0
2024,다아784024,to_in_001,8
2024,다아784024,to_in_007,5
2024,다아784024,to_in_008,5
2024,다아784027,to_in_001,5
2024,다아784027,to_in_007,5
2024,다아784027,to_in_008,5
2024,다아784034,to_in_001,5
2024,다아784034,to_in_007,0
2024,다아784034,to_in_008,5
2024,다아784037,to_in_001,5
2024,다아784037,to_in_007,0
2024,다아784037,to_in_008,0
2024,다아784038,to_in_001,5
2024,다아784038,to_in_007,0
2024,다아784038,to_in_008,0
2024,다아784135,to_in_001,5
2024,다아784135,to_in_007,5
2024,다아784135,to_in_008,0
2024,다아784145,to_in_001,5
2024,다아784145,to_in_007,5
2024,다아784145,to_in_008,5
2024,다아784146,to_in_001,5
2024,다아784146,to_in_007,5
2024,다아784146,to_in_008,5
2024,다아784168,to_in_001,5
2024,다아784168,to_in_007,0
2024,다아784168,to_in_008,5
2024,다아784170,to_in_001,5
2024,다아784170,to_in_007,5
2024,다아784170,to_in_008,5
2024,다아784171,to_in_001,5
2024,다아784171,to_in_007,5
2024,다아784171,to_in_008,5
2024,다아784175,to_in_001,13
2024,다아784175,to_in_007,8
2024,다아784175,to_in_008,5
2024,다아784183,to_in_001,0
2024,다아784183,to_in_007,0
2024,다아784183,to_in_008,0
2024,다아784191,to_in_001,8
2024,다아784191,to_in_007,5
2024,다아784191,to_in_008,5
2024,다아784199,to_in_001,5
2024,다아784199,to_in_007,0
2024,다아784199,to_in_008,5
2024,다아784207,to_in_001,5
2024,다아784207,to_in_007,5
2024,다아784207,to_in_008,0
2024,다아784210,to_in_001,5
2024,다아784210,to_in_007,5
2024,다아784210,to_in_008,0
2024,다아784229,to_in_001,13
2024,다아784229,to_in_007,8
2024,다아784229,to_in_008,8
2024,다아784230,to_in_001,8
2024,다아784230,to_in_007,5
2024,다아784230,to_in_008,8
2024,다아784231,to_in_001,5
2024,다아784231,to_in_007,5
2024,다아784231,to_in_008,5
2024,다아784250,to_in_001,0
2024,다아784250,to_in_007,0
2024,다아784250,to_in_008,0
2024,다아786000,to_in_001,13
2024,다아786000,to_in_007,8
2024,다아786000,to_in_008,8
2024,다아786003,to_in_001,0
2024,다아786003,to_in_007,0
2024,다아786003,to_in_008,0
2024,다아786009,to_in_001,5
2024,다아786009,to_in_007,0
2024,다아786009,to_in_008,0
2024,다아786010,to_in_001,8
2024,다아786010,to_in_007,5
2024,다아786010,to_in_008,5
2024,다아786011,to_in_001,0
2024,다아786011,to_in_007,0
2024,다아786011,to_in_008,0
2024,다아786017,to_in_001,5
2024,다아786017,to_in_007,5
2024,다아786017,to_in_008,5
2024,다아786035,to_in_001,5
2024,다아786035,to_in_007,0
2024,다아786035,to_in_008,0
2024,다아786036,to_in_001,8
2024,다아786036,to_in_007,5
2024,다아786036,to_in_008,8
2024,다아786107,to_in_001,0
2024,다아786107,to_in_007,0
2024,다아786107,to_in_008,0
2024,다아786134,to_in_001,0
2024,다아786134,to_in_007,0
2024,다아786134,to_in_008,0
2024,다아786140,to_in_001,5
2024,다아786140,to_in_007,0
2024,다아786140,to_in_008,5
2024,다아786141,to_in_001,5
2024,다아786141,to_in_007,0
2024,다아786141,to_in_008,5
2024,다아786145,to_in_001,0
2024,다아786145,to_in_007,0
2024,다아786145,to_in_008,0
2024,다아786147,to_in_001,5
2024,다아786147,to_in_007,0
2024,다아786147,to_in_008,5
2024,다아786159,to_in_001,5
2024,다아786159,to_in_007,5
2024,다아786159,to_in_008,0
2024,다아786163,to_in_001,5
2024,다아786163,to_in_007,0
2024,다아786163,to_in_008,0
2024,다아786169,to_in_001,5
2024,다아786169,to_in_007,5
2024,다아786169,to_in_008,0
2024,다아786189,to_in_001,5
2024,다아786189,to_in_007,5
2024,다아786189,to_in_008,5
2024,다아786191,to_in_001,5
2024,다아786191,to_in_007,0
2024,다아786191,to_in_008,0
2024,다아786200,to_in_001,5
2024,다아786200,to_in_007,0
2024,다아786200,to_in_008,0
2024,다아786202,to_in_001,5
2024,다아786202,to_in_007,5
2024,다아786202,to_in_008,0
2024,다아786203,to_in_001,8
2024,다아786203,to_in_007,5
2024,다아786203,to_in_008,5
2024,다아786211,to_in_001,13
2024,다아786211,to_in_007,8
2024,다아786211,to_in_008,8
2024,다아786212,to_in_001,8
2024,다아786212,to_in_007,5
2024,다아786212,to_in_008,5
2024,다아786213,to_in_001,8
2024,다아786213,to_in_007,8
2024,다아786213,to_in_008,5
2024,다아786227,to_in_001,5
2024,다아786227,to_in_007,5
2024,다아786227,to_in_008,0
2024,다아786228,to_in_001,5
2024,다아786228,to_in_007,5
2024,다아786228,to_in_008,0
2024,다아786230,to_in_001,18
2024,다아786230,to_in_007,8
2024,다아786230,to_in_008,8
2024,다아786231,to_in_001,8
2024,다아786231,to_in_007,5
2024,다아786231,to_in_008,5
2024,다아786232,to_in_001,8
2024,다아786232,to_in_007,5
2024,다아786232,to_in_008,5
2024,다아786251,to_in_001,5
2024,다아786251,to_in_007,0
2024,다아786251,to_in_008,5
2024,다아786290,to_in_001,0
2024,다아786290,to_in_007,0
2024,다아786290,to_in_008,0
2024,다아787000,to_in_001,5
2024,다아787000,to_in_007,5
2024,다아787000,to_in_008,0
2024,다아788226,to_in_001,8
2024,다아788226,to_in_007,5
2024,다아788226,to_in_008,5
2024,다아788227,to_in_001,8
2024,다아788227,to_in_007,5
2024,다아788227,to_in_008,8
2024,다아788231,to_in_001,5
2024,다아788231,to_in_007,0
2024,다아788231,to_in_008,0
2024,다아789005,to_in_001,13
2024,다아789005,to_in_007,13
2024,다아789005,to_in_008,0
2024,다아789006,to_in_001,19
2024,다아789006,to_in_007,14
2024,다아789006,to_in_008,5
2024,다아789007,to_in_001,19
2024,다아789007,to_in_007,14
2024,다아789007,to_in_008,5
2024,다아789009,to_in_001,5
2024,다아789009,to_in_007,0
2024,다아789009,to_in_008,0
2024,다아789010,to_in_001,5
2024,다아789010,to_in_007,5
2024,다아789010,to_in_008,0
2024,다아789014,to_in_001,5
2024,다아789014,to_in_007,5
2024,다아789014,to_in_008,0
2024,다아789015,to_in_001,5
2024,다아789015,to_in_007,5
2024,다아789015,to_in_008,0
2024,다아789017,to_in_001,5
2024,다아789017,to_in_007,5
2024,다아789017,to_in_008,0
2024,다아789028,to_in_001,5
2024,다아789028,to_in_007,5
2024,다아789028,to_in_008,0
2024,다아789030,to_in_001,5
2024,다아789030,to_in_007,5
2024,다아789030,to_in_008,0
2024,다아789032,to_in_001,0
2024,다아789032,to_in_007,0
2024,다아789032,to_in_008,0
2024,다아789033,to_in_001,0
2024,다아789033,to_in_007,0
2024,다아789033,to_in_008,0
2024,다아789034,to_in_001,8
2024,다아789034,to_in_007,5
2024,다아789034,to_in_008,5
2024,다아789035,to_in_001,0
2024,다아789035,to_in_007,0
2024,다아789035,to_in_008,0
2024,다아789036,to_in_001,5
2024,다아789036,to_in_007,5
2024,다아789036,to_in_008,5
2024,다아789037,to_in_001,8
2024,다아789037,to_in_007,5
2024,다아789037,to_in_008,8
2024,다아789038,to_in_001,8
2024,다아789038,to_in_007,5
2024,다아789038,to_in_008,8
2024,다아789039,to_in_001,8
2024,다아789039,to_in_007,5
2024,다아789039,to_in_008,5
2024,다아789040,to_in_001,0
2024,다아789040,to_in_007,0
2024,다아789040,to_in_008,0
2024,다아789051,to_in_001,5
2024,다아789051,to_in_007,5
2024,다아789051,to_in_008,0
2024,다아789052,to_in_001,5
2024,다아789052,to_in_007,0
2024,다아789052,to_in_008,5
2024,다아789053,to_in_001,5
2024,다아789053,to_in_007,5
2024,다아789053,to_in_008,5
2024,다아789054,to_in_001,0
2024,다아789054,to_in_007,0
2024,다아789054,to_in_008,0
2024,다아789057,to_in_001,5
2024,다아789057,to_in_007,0
2024,다아789057,to_in_008,0
2024,다아789058,to_in_001,5
2024,다아789058,to_in_007,5
2024,다아789058,to_in_008,0
2024,다아789086,to_in_001,0
2024,다아789086,to_in_007,0
2024,다아789086,to_in_008,0
2024,다아789138,to_in_001,5
2024,다아789138,to_in_007,5
2024,다아789138,to_in_008,5
2024,다아789142,to_in_001,5
2024,다아789142,to_in_007,5
2024,다아789142,to_in_008,0
2024,다아790142,to_in_001,0
2024,다아790142,to_in_007,0
2024,다아790142,to_in_008,0
2024,다아790175,to_in_001,5
2024,다아790175,to_in_007,5
2024,다아790175,to_in_008,0
2024,다아790193,to_in_001,8
2024,다아790193,to_in_007,5
2024,다아790193,to_in_008,5
2024,다아790194,to_in_001,8
2024,다아790194,to_in_007,8
2024,다아790194,to_in_008,0
2024,다아790198,to_in_001,5
2024,다아790198,to_in_007,5
2024,다아790198,to_in_008,0
2024,다아790204,to_in_001,0
2024,다아790204,to_in_007,0
2024,다아790204,to_in_008,0
2024,다아790205,to_in_001,5
2024,다아790205,to_in_007,0
2024,다아790205,to_in_008,5
2024,다아790224,to_in_001,13
2024,다아790224,to_in_007,8
2024,다아790224,to_in_008,8
2024,다아790225,to_in_001,8
2024,다아790225,to_in_007,5
2024,다아790225,to_in_008,8
2024,다아790240,to_in_001,5
2024,다아790240,to_in_007,5
2024,다아790240,to_in_008,0
2024,다아790247,to_in_001,8
2024,다아790247,to_in_007,5
2024,다아790247,to_in_008,5
2024,다아790285,to_in_001,5
2024,다아790285,to_in_007,0
2024,다아790285,to_in_008,5
2024,다아791000,to_in_001,8
2024,다아791000,to_in_007,8
2024,다아791000,to_in_008,5
2024,다아791004,to_in_001,0
2024,다아791004,to_in_007,0
2024,다아791004,to_in_008,0
2024,다아791005,to_in_001,13
2024,다아791005,to_in_007,13
2024,다아791005,to_in_008,0
2024,다아791006,to_in_001,24
2024,다아791006,to_in_007,24
2024,다아791006,to_in_008,5
2024,다아791007,to_in_001,5
2024,다아791007,to_in_007,5
2024,다아791007,to_in_008,0
2024,다아791013,to_in_001,0
2024,다아791013,to_in_007,0
2024,다아791013,to_in_008,0
2024,다아791025,to_in_001,5
2024,다아791025,to_in_007,5
2024,다아791025,to_in_008,5
2024,다아791026,to_in_001,5
2024,다아791026,to_in_007,0
2024,다아791026,to_in_008,5
2024,다아791034,to_in_001,5
2024,다아791034,to_in_007,5
2024,다아791034,to_in_008,5
2024,다아791035,to_in_001,8
2024,다아791035,to_in_007,5
2024,다아791035,to_in_008,5
2024,다아791037,to_in_001,5
2024,다아791037,to_in_007,5
2024,다아791037,to_in_008,5
2024,다아791038,to_in_001,5
2024,다아791038,to_in_007,0
2024,다아791038,to_in_008,5
2024,다아791041,to_in_001,8
2024,다아791041,to_in_007,5
2024,다아791041,to_in_008,5
2024,다아791054,to_in_001,0
2024,다아791054,to_in_007,0
2024,다아791054,to_in_008,0
2024,다아791056,to_in_001,8
2024,다아791056,to_in_007,5
2024,다아791056,to_in_008,8
2024,다아791057,to_in_001,8
2024,다아791057,to_in_007,5
2024,다아791057,to_in_008,5
2024,다아793086,to_in_001,8
2024,다아793086,to_in_007,5
2024,다아793086,to_in_008,5
2024,다아793103,to_in_001,8
2024,다아793103,to_in_007,5
2024,다아793103,to_in_008,5
2024,다아793104,to_in_001,0
2024,다아793104,to_in_007,0
2024,다아793104,to_in_008,0
2024,다아793112,to_in_001,13
2024,다아793112,to_in_007,5
2024,다아793112,to_in_008,8
2024,다아793113,to_in_001,13
2024,다아793113,to_in_007,5
2024,다아793113,to_in_008,8
2024,다아793140,to_in_001,0
2024,다아793140,to_in_007,0
2024,다아793140,to_in_008,0
2024,다아793162,to_in_001,8
2024,다아793162,to_in_007,5
2024,다아793162,to_in_008,5
2024,다아793180,to_in_001,0
2024,다아793180,to_in_007,0
2024,다아793180,to_in_008,0
2024,다아793188,to_in_001,0
2024,다아793188,to_in_007,0
2024,다아793188,to_in_008,0
2024,다아793215,to_in_001,0
2024,다아793215,to_in_007,0
2024,다아793215,to_in_008,0
2024,다아793217,to_in_001,8
2024,다아793217,to_in_007,5
2024,다아793217,to_in_008,5
2024,다아793218,to_in_001,23
2024,다아793218,to_in_007,8
2024,다아793218,to_in_008,13
2024,다아793219,to_in_001,13
2024,다아793219,to_in_007,8
2024,다아793219,to_in_008,8
2024,다아793220,to_in_001,13
2024,다아793220,to_in_007,5
2024,다아793220,to_in_008,8
2024,다아793221,to_in_001,5
2024,다아793221,to_in_007,5
2024,다아793221,to_in_008,0
2024,다아793230,to_in_001,5
2024,다아793230,to_in_007,0
2024,다아793230,to_in_008,5
2024,다아793231,to_in_001,5
2024,다아793231,to_in_007,5
2024,다아793231,to_in_008,0
2024,다아794019,to_in_001,0
2024,다아794019,to_in_007,0
2024,다아794019,to_in_008,0
2024,다아794020,to_in_001,5
2024,다아794020,to_in_007,0
2024,다아794020,to_in_008,5
2024,다아794021,to_in_001,5
2024,다아794021,to_in_007,5
2024,다아794021,to_in_008,0
2024,다아794022,to_in_001,18
2024,다아794022,to_in_007,8
2024,다아794022,to_in_008,13
2024,다아794023,to_in_001,5
2024,다아794023,to_in_007,5
2024,다아794023,to_in_008,5
2024,다아794028,to_in_001,5
2024,다아794028,to_in_007,0
2024,다아794028,to_in_008,0
2024,다아794031,to_in_001,5
2024,다아794031,to_in_007,0
2024,다아794031,to_in_008,0
2024,다아794043,to_in_001,8
2024,다아794043,to_in_007,5
2024,다아794043,to_in_008,8
2024,다아794047,to_in_001,5
2024,다아794047,to_in_007,5
2024,다아794047,to_in_008,5
2024,다아794053,to_in_001,8
2024,다아794053,to_in_007,5
2024,다아794053,to_in_008,5
2024,다아794054,to_in_001,5
2024,다아794054,to_in_007,0
2024,다아794054,to_in_008,0
2024,다아794055,to_in_001,5
2024,다아794055,to_in_007,5
2024,다아794055,to_in_008,5
2024,다아795183,to_in_001,5
2024,다아795183,to_in_007,0
2024,다아795183,to_in_008,5
2024,다아795184,to_in_001,5
2024,다아795184,to_in_007,5
2024,다아795184,to_in_008,0
2024,다아795185,to_in_001,5
2024,다아795185,to_in_007,0
2024,다아795185,to_in_008,5
2024,다아795188,to_in_001,8
2024,다아795188,to_in_007,5
2024,다아795188,to_in_008,5
2024,다아795201,to_in_001,5
2024,다아795201,to_in_007,5
2024,다아795201,to_in_008,0
2024,다아795202,to_in_001,8
2024,다아795202,to_in_007,5
2024,다아795202,to_in_008,5
2024,다아795216,to_in_001,13
2024,다아795216,to_in_007,8
2024,다아795216,to_in_008,8
2024,다아795217,to_in_001,13
2024,다아795217,to_in_007,8
2024,다아795217,to_in_008,5
2024,다아795221,to_in_001,5
2024,다아795221,to_in_007,0
2024,다아795221,to_in_008,0
2024,다아795225,to_in_001,8
2024,다아795225,to_in_007,5
2024,다아795225,to_in_008,5
2024,다아795226,to_in_001,5
2024,다아795226,to_in_007,0
2024,다아795226,to_in_008,0
2024,다아795227,to_in_001,8
2024,다아795227,to_in_007,8
2024,다아795227,to_in_008,5
2024,다아795229,to_in_001,5
2024,다아795229,to_in_007,5
2024,다아795229,to_in_008,0
2024,다아795241,to_in_001,5
2024,다아795241,to_in_007,5
2024,다아795241,to_in_008,0
2024,다아795243,to_in_001,5
2024,다아795243,to_in_007,0
2024,다아795243,to_in_008,0
2024,다아795248,to_in_001,5
2024,다아795248,to_in_007,5
2024,다아795248,to_in_008,0
2024,다아795295,to_in_001,5
2024,다아795295,to_in_007,5
2024,다아795295,to_in_008,0
2024,다아796017,to_in_001,8
2024,다아796017,to_in_007,8
2024,다아796017,to_in_008,8
2024,다아796018,to_in_001,0
2024,다아796018,to_in_007,0
2024,다아796018,to_in_008,0
2024,다아796032,to_in_001,18
2024,다아796032,to_in_007,8
2024,다아796032,to_in_008,13
2024,다아796046,to_in_001,8
2024,다아796046,to_in_007,5
2024,다아796046,to_in_008,5
2024,다아796049,to_in_001,5
2024,다아796049,to_in_007,0
2024,다아796049,to_in_008,0
2024,다아796050,to_in_001,0
2024,다아796050,to_in_007,0
2024,다아796050,to_in_008,0
2024,다아796056,to_in_001,8
2024,다아796056,to_in_007,8
2024,다아796056,to_in_008,5
2024,다아796057,to_in_001,13
2024,다아796057,to_in_007,8
2024,다아796057,to_in_008,8
2024,다아796058,to_in_001,33
2024,다아796058,to_in_007,18
2024,다아796058,to_in_008,18
2024,다아796059,to_in_001,0
2024,다아796059,to_in_007,0
2024,다아796059,to_in_008,0
2024,다아796070,to_in_001,0
2024,다아796070,to_in_007,0
2024,다아796070,to_in_008,0
2024,다아796071,to_in_001,8
2024,다아796071,to_in_007,5
2024,다아796071,to_in_008,0
2024,다아796078,to_in_001,5
2024,다아796078,to_in_007,5
2024,다아796078,to_in_008,0
2024,다아796079,to_in_001,28
2024,다아796079,to_in_007,8
2024,다아796079,to_in_008,23
2024,다아796081,to_in_001,5
2024,다아796081,to_in_007,0
2024,다아796081,to_in_008,0
2024,다아796236,to_in_001,5
2024,다아796236,to_in_007,0
2024,다아796236,to_in_008,0
2024,다아796240,to_in_001,0
2024,다아796240,to_in_007,0
2024,다아796240,to_in_008,0
2024,다아796241,to_in_001,8
2024,다아796241,to_in_007,8
2024,다아796241,to_in_008,5
2024,다아796291,to_in_001,8
2024,다아796291,to_in_007,8
2024,다아796291,to_in_008,0
2024,다아797018,to_in_001,0
2024,다아797018,to_in_007,0
2024,다아797018,to_in_008,0
2024,다아797031,to_in_001,0
2024,다아797031,to_in_007,0
2024,다아797031,to_in_008,0
2024,다아797032,to_in_001,5
2024,다아797032,to_in_007,5
2024,다아797032,to_in_008,5
2024,다아797047,to_in_001,5
2024,다아797047,to_in_007,0
2024,다아797047,to_in_008,0
2024,다아797050,to_in_001,0
2024,다아797050,to_in_007,0
2024,다아797050,to_in_008,0
2024,다아797051,to_in_001,0
2024,다아797051,to_in_007,0
2024,다아797051,to_in_008,0
2024,다아797053,to_in_001,0
2024,다아797053,to_in_007,0
2024,다아797053,to_in_008,0
2024,다아797054,to_in_001,8
2024,다아797054,to_in_007,5
2024,다아797054,to_in_008,5
2024,다아797055,to_in_001,5
2024,다아797055,to_in_007,5
2024,다아797055,to_in_008,0
2024,다아797056,to_in_001,8
2024,다아797056,to_in_007,5
2024,다아797056,to_in_008,8
2024,다아797057,to_in_001,8
2024,다아797057,to_in_007,5
2024,다아797057,to_in_008,5
2024,다아797058,to_in_001,28
2024,다아797058,to_in_007,13
2024,다아797058,to_in_008,13
2024,다아797059,to_in_001,5
2024,다아797059,to_in_007,5
2024,다아797059,to_in_008,0
2024,다아797066,to_in_001,5
2024,다아797066,to_in_007,5
2024,다아797066,to_in_008,0
2024,다아797076,to_in_001,5
2024,다아797076,to_in_007,5
2024,다아797076,to_in_008,0
2024,다아797077,to_in_001,5
2024,다아797077,to_in_007,5
2024,다아797077,to_in_008,0
2024,다아797079,to_in_001,8
2024,다아797079,to_in_007,5
2024,다아797079,to_in_008,5
2024,다아797080,to_in_001,5
2024,다아797080,to_in_007,0
2024,다아797080,to_in_008,5
2024,다아797081,to_in_001,5
2024,다아797081,to_in_007,5
2024,다아797081,to_in_008,0
2024,다아797089,to_in_001,5
2024,다아797089,to_in_007,0
2024,다아797089,to_in_008,0
2024,다아797096,to_in_001,5
2024,다아797096,to_in_007,0
2024,다아797096,to_in_008,0
2024,다아797097,to_in_001,156
2024,다아797097,to_in_007,78
2024,다아797097,to_in_008,76
2024,다아797098,to_in_001,74
2024,다아797098,to_in_007,36
2024,다아797098,to_in_008,36
2024,다아797099,to_in_001,51
2024,다아797099,to_in_007,26
2024,다아797099,to_in_008,28
2024,다아797100,to_in_001,33
2024,다아797100,to_in_007,13
2024,다아797100,to_in_008,18
2024,다아797101,to_in_001,38
2024,다아797101,to_in_007,23
2024,다아797101,to_in_008,18
2024,다아797102,to_in_001,55
2024,다아797102,to_in_007,25
2024,다아797102,to_in_008,28
2024,다아797103,to_in_001,23
2024,다아797103,to_in_007,13
2024,다아797103,to_in_008,8
2024,다아797146,to_in_001,5
2024,다아797146,to_in_007,0
2024,다아797146,to_in_008,0
2024,다아797150,to_in_001,0
2024,다아797150,to_in_007,0
2024,다아797150,to_in_008,0
2024,다아797151,to_in_001,5
2024,다아797151,to_in_007,0
2024,다아797151,to_in_008,0
2024,다아797156,to_in_001,5
2024,다아797156,to_in_007,5
2024,다아797156,to_in_008,0
2024,다아798100,to_in_001,65
2024,다아798100,to_in_007,35
2024,다아798100,to_in_008,28
2024,다아798101,to_in_001,43
2024,다아798101,to_in_007,23
2024,다아798101,to_in_008,23
2024,다아798102,to_in_001,75
2024,다아798102,to_in_007,45
2024,다아798102,to_in_008,33
2024,다아798103,to_in_001,28
2024,다아798103,to_in_007,13
2024,다아798103,to_in_008,13
2024,다아798104,to_in_001,5
2024,다아798104,to_in_007,0
2024,다아798104,to_in_008,5
2024,다아798132,to_in_001,5
2024,다아798132,to_in_007,5
2024,다아798132,to_in_008,0
2024,다아798133,to_in_001,8
2024,다아798133,to_in_007,5
2024,다아798133,to_in_008,5
2024,다아798134,to_in_001,18
2024,다아798134,to_in_007,8
2024,다아798134,to_in_008,8
2024,다아798136,to_in_001,0
2024,다아798136,to_in_007,0
2024,다아798136,to_in_008,0
2024,다아798143,to_in_001,5
2024,다아798143,to_in_007,0
2024,다아798143,to_in_008,0
2024,다아798151,to_in_001,5
2024,다아798151,to_in_007,0
2024,다아798151,to_in_008,5
2024,다아798168,to_in_001,5
2024,다아798168,to_in_007,5
2024,다아798168,to_in_008,0
2024,다아798195,to_in_001,5
2024,다아798195,to_in_007,5
2024,다아798195,to_in_008,0
2024,다아798196,to_in_001,0
2024,다아798196,to_in_007,0
2024,다아798196,to_in_008,0
2024,다아798197,to_in_001,8
2024,다아798197,to_in_007,8
2024,다아798197,to_in_008,5
2024,다아798202,to_in_001,13
2024,다아798202,to_in_007,5
2024,다아798202,to_in_008,8
2024,다아798203,to_in_001,8
2024,다아798203,to_in_007,8
2024,다아798203,to_in_008,8
2024,다아798204,to_in_001,5
2024,다아798204,to_in_007,0
2024,다아798204,to_in_008,0
2024,다아798239,to_in_001,8
2024,다아798239,to_in_007,5
2024,다아798239,to_in_008,8
2024,다아798240,to_in_001,5
2024,다아798240,to_in_007,0
2024,다아798240,to_in_008,5
2024,다아799056,to_in_001,5
2024,다아799056,to_in_007,5
2024,다아799056,to_in_008,0
2024,다아799059,to_in_001,0
2024,다아799059,to_in_007,0
2024,다아799059,to_in_008,0
2024,다아799060,to_in_001,5
2024,다아799060,to_in_007,5
2024,다아799060,to_in_008,5
2024,다아799061,to_in_001,5
2024,다아799061,to_in_007,5
2024,다아799061,to_in_008,5
2024,다아799062,to_in_001,5
2024,다아799062,to_in_007,5
2024,다아799062,to_in_008,5
2024,다아799063,to_in_001,5
2024,다아799063,to_in_007,0
2024,다아799063,to_in_008,0
2024,다아799064,to_in_001,5
2024,다아799064,to_in_007,5
2024,다아799064,to_in_008,0
2024,다아799065,to_in_001,5
2024,다아799065,to_in_007,0
2024,다아799065,to_in_008,0
2024,다아799066,to_in_001,8
2024,다아799066,to_in_007,8
2024,다아799066,to_in_008,0
2024,다아799069,to_in_001,5
2024,다아799069,to_in_007,5
2024,다아799069,to_in_008,0
2024,다아799071,to_in_001,8
2024,다아799071,to_in_007,5
2024,다아799071,to_in_008,5
2024,다아799076,to_in_001,5
2024,다아799076,to_in_007,0
2024,다아799076,to_in_008,0
2024,다아799077,to_in_001,5
2024,다아799077,to_in_007,0
2024,다아799077,to_in_008,0
2024,다아800198,to_in_001,8
2024,다아800198,to_in_007,5
2024,다아800198,to_in_008,5
2024,다아800200,to_in_001,5
2024,다아800200,to_in_007,0
2024,다아800200,to_in_008,5
2024,다아800201,to_in_001,0
2024,다아800201,to_in_007,0
2024,다아800201,to_in_008,0
2024,다아800223,to_in_001,5
2024,다아800223,to_in_007,0
2024,다아800223,to_in_008,0
2024,다아800274,to_in_001,8
2024,다아800274,to_in_007,8
2024,다아800274,to_in_008,0
2024,다아801053,to_in_001,5
2024,다아801053,to_in_007,5
2024,다아801053,to_in_008,5
2024,다아801057,to_in_001,5
2024,다아801057,to_in_007,0
2024,다아801057,to_in_008,5
2024,다아801058,to_in_001,0
2024,다아801058,to_in_007,0
2024,다아801058,to_in_008,0
2024,다아801061,to_in_001,5
2024,다아801061,to_in_007,0
2024,다아801061,to_in_008,0
2024,다아801065,to_in_001,5
2024,다아801065,to_in_007,5
2024,다아801065,to_in_008,0
2024,다아801066,to_in_001,5
2024,다아801066,to_in_007,5
2024,다아801066,to_in_008,0
2024,다아801074,to_in_001,5
2024,다아801074,to_in_007,0
2024,다아801074,to_in_008,0
2024,다아801077,to_in_001,5
2024,다아801077,to_in_007,5
2024,다아801077,to_in_008,0
2024,다아801078,to_in_001,0
2024,다아801078,to_in_007,0
2024,다아801078,to_in_008,0
2024,다아801079,to_in_001,5
2024,다아801079,to_in_007,0
2024,다아801079,to_in_008,0
2024,다아801080,to_in_001,5
2024,다아801080,to_in_007,0
2024,다아801080,to_in_008,0
2024,다아801081,to_in_001,5
2024,다아801081,to_in_007,5
2024,다아801081,to_in_008,0
2024,다아801082,to_in_001,5
2024,다아801082,to_in_007,5
2024,다아801082,to_in_008,5
2024,다아801083,to_in_001,8
2024,다아801083,to_in_007,5
2024,다아801083,to_in_008,5
2024,다아801085,to_in_001,8
2024,다아801085,to_in_007,5
2024,다아801085,to_in_008,5
2024,다아801086,to_in_001,5
2024,다아801086,to_in_007,0
2024,다아801086,to_in_008,0
2024,다아801087,to_in_001,5
2024,다아801087,to_in_007,0
2024,다아801087,to_in_008,5
2024,다아801088,to_in_001,13
2024,다아801088,to_in_007,8
2024,다아801088,to_in_008,8
2024,다아801089,to_in_001,8
2024,다아801089,to_in_007,5
2024,다아801089,to_in_008,5
2024,다아801091,to_in_001,5
2024,다아801091,to_in_007,0
2024,다아801091,to_in_008,0
2024,다아801092,to_in_001,8
2024,다아801092,to_in_007,5
2024,다아801092,to_in_008,5
2024,다아801093,to_in_001,8
2024,다아801093,to_in_007,8
2024,다아801093,to_in_008,0
2024,다아801096,to_in_001,33
2024,다아801096,to_in_007,13
2024,다아801096,to_in_008,18
2024,다아801097,to_in_001,8
2024,다아801097,to_in_007,5
2024,다아801097,to_in_008,5
2024,다아801098,to_in_001,69
2024,다아801098,to_in_007,38
2024,다아801098,to_in_008,34
2024,다아801099,to_in_001,95
2024,다아801099,to_in_007,49
2024,다아801099,to_in_008,44
2024,다아802170,to_in_001,8
2024,다아802170,to_in_007,5
2024,다아802170,to_in_008,5
2024,다아802171,to_in_001,13
2024,다아802171,to_in_007,8
2024,다아802171,to_in_008,8
2024,다아802176,to_in_001,5
2024,다아802176,to_in_007,0
2024,다아802176,to_in_008,0
2024,다아802177,to_in_001,5
2024,다아802177,to_in_007,0
2024,다아802177,to_in_008,5
2024,다아802178,to_in_001,5
2024,다아802178,to_in_007,0
2024,다아802178,to_in_008,0
2024,다아802179,to_in_001,5
2024,다아802179,to_in_007,0
2024,다아802179,to_in_008,0
2024,다아802180,to_in_001,0
2024,다아802180,to_in_007,0
2024,다아802180,to_in_008,0
2024,다아802185,to_in_001,18
2024,다아802185,to_in_007,8
2024,다아802185,to_in_008,13
2024,다아802186,to_in_001,13
2024,다아802186,to_in_007,8
2024,다아802186,to_in_008,8
2024,다아802187,to_in_001,23
2024,다아802187,to_in_007,13
2024,다아802187,to_in_008,8
2024,다아802188,to_in_001,8
2024,다아802188,to_in_007,5
2024,다아802188,to_in_008,5
2024,다아802189,to_in_001,5
2024,다아802189,to_in_007,5
2024,다아802189,to_in_008,5
2024,다아802190,to_in_001,5
2024,다아802190,to_in_007,5
2024,다아802190,to_in_008,5
2024,다아802199,to_in_001,5
2024,다아802199,to_in_007,5
2024,다아802199,to_in_008,0
2024,다아802200,to_in_001,5
2024,다아802200,to_in_007,5
2024,다아802200,to_in_008,0
2024,다아802205,to_in_001,5
2024,다아802205,to_in_007,5
2024,다아802205,to_in_008,0
2024,다아802210,to_in_001,8
2024,다아802210,to_in_007,5
2024,다아802210,to_in_008,5
2024,다아802211,to_in_001,13
2024,다아802211,to_in_007,5
2024,다아802211,to_in_008,8
2024,다아802212,to_in_001,13
2024,다아802212,to_in_007,8
2024,다아802212,to_in_008,5
2024,다아802213,to_in_001,5
2024,다아802213,to_in_007,0
2024,다아802213,to_in_008,5
2024,다아802230,to_in_001,8
2024,다아802230,to_in_007,8
2024,다아802230,to_in_008,5
2024,다아802231,to_in_001,5
2024,다아802231,to_in_007,5
2024,다아802231,to_in_008,5
2024,다아802232,to_in_001,5
2024,다아802232,to_in_007,5
2024,다아802232,to_in_008,0
2024,다아803028,to_in_001,8
2024,다아803028,to_in_007,5
2024,다아803028,to_in_008,5
2024,다아803030,to_in_001,5
2024,다아803030,to_in_007,5
2024,다아803030,to_in_008,5
2024,다아803064,to_in_001,0
2024,다아803064,to_in_007,0
2024,다아803064,to_in_008,0
2024,다아803071,to_in_001,0
2024,다아803071,to_in_007,0
2024,다아803071,to_in_008,0
2024,다아803075,to_in_001,5
2024,다아803075,to_in_007,5
2024,다아803075,to_in_008,0
2024,다아803076,to_in_001,18
2024,다아803076,to_in_007,13
2024,다아803076,to_in_008,8
2024,다아803077,to_in_001,13
2024,다아803077,to_in_007,5
2024,다아803077,to_in_008,8
2024,다아803078,to_in_001,0
2024,다아803078,to_in_007,0
2024,다아803078,to_in_008,0
2024,다아803085,to_in_001,5
2024,다아803085,to_in_007,5
2024,다아803085,to_in_008,0
2024,다아803086,to_in_001,8
2024,다아803086,to_in_007,5
2024,다아803086,to_in_008,5
2024,다아805053,to_in_001,5
2024,다아805053,to_in_007,5
2024,다아805053,to_in_008,5
2024,다아805059,to_in_001,5
2024,다아805059,to_in_007,0
2024,다아805059,to_in_008,0
2024,다아805079,to_in_001,5
2024,다아805079,to_in_007,5
2024,다아805079,to_in_008,0
2024,다아805080,to_in_001,0
2024,다아805080,to_in_007,0
2024,다아805080,to_in_008,0
2024,다아805082,to_in_001,8
2024,다아805082,to_in_007,8
2024,다아805082,to_in_008,5
2024,다아805084,to_in_001,0
2024,다아805084,to_in_007,0
2024,다아805084,to_in_008,0
2024,다아805086,to_in_001,5
2024,다아805086,to_in_007,0
2024,다아805086,to_in_008,5
2024,다아805087,to_in_001,5
2024,다아805087,to_in_007,5
2024,다아805087,to_in_008,5
2024,다아805088,to_in_001,5
2024,다아805088,to_in_007,5
2024,다아805088,to_in_008,5
2024,다아805093,to_in_001,28
2024,다아805093,to_in_007,13
2024,다아805093,to_in_008,13
2024,다아805094,to_in_001,8
2024,다아805094,to_in_007,5
2024,다아805094,to_in_008,5
2024,다아805099,to_in_001,8
2024,다아805099,to_in_007,8
2024,다아805099,to_in_008,0
2024,다아805100,to_in_001,13
2024,다아805100,to_in_007,8
2024,다아805100,to_in_008,8
2024,다아805101,to_in_001,0
2024,다아805101,to_in_007,0
2024,다아805101,to_in_008,0
2024,다아805102,to_in_001,8
2024,다아805102,to_in_007,5
2024,다아805102,to_in_008,5
2024,다아805106,to_in_001,8
2024,다아805106,to_in_007,5
2024,다아805106,to_in_008,5
2024,다아805107,to_in_001,5
2024,다아805107,to_in_007,5
2024,다아805107,to_in_008,0
2024,다아805109,to_in_001,5
2024,다아805109,to_in_007,0
2024,다아805109,to_in_008,0
2024,다아805110,to_in_001,18
2024,다아805110,to_in_007,8
2024,다아805110,to_in_008,8
2024,다아805111,to_in_001,5
2024,다아805111,to_in_007,5
2024,다아805111,to_in_008,5
2024,다아805120,to_in_001,5
2024,다아805120,to_in_007,5
2024,다아805120,to_in_008,0
2024,다아805121,to_in_001,0
2024,다아805121,to_in_007,0
2024,다아805121,to_in_008,0
2024,다아805123,to_in_001,0
2024,다아805123,to_in_007,0
2024,다아805123,to_in_008,0
2024,다아805124,to_in_001,0
2024,다아805124,to_in_007,0
2024,다아805124,to_in_008,0
2024,다아805128,to_in_001,5
2024,다아805128,to_in_007,5
2024,다아805128,to_in_008,0
2024,다아805130,to_in_001,5
2024,다아805130,to_in_007,5
2024,다아805130,to_in_008,0
2024,다아805131,to_in_001,0
2024,다아805131,to_in_007,0
2024,다아805131,to_in_008,0
2024,다아805132,to_in_001,8
2024,다아805132,to_in_007,8
2024,다아805132,to_in_008,5
2024,다아805135,to_in_001,0
2024,다아805135,to_in_007,0
2024,다아805135,to_in_008,0
2024,다아805136,to_in_001,5
2024,다아805136,to_in_007,5
2024,다아805136,to_in_008,0
2024,다아805137,to_in_001,5
2024,다아805137,to_in_007,5
2024,다아805137,to_in_008,0
2024,다아805143,to_in_001,5
2024,다아805143,to_in_007,0
2024,다아805143,to_in_008,5
2024,다아805144,to_in_001,5
2024,다아805144,to_in_007,0
2024,다아805144,to_in_008,5
2024,다아805149,to_in_001,5
2024,다아805149,to_in_007,5
2024,다아805149,to_in_008,5
2024,다아805163,to_in_001,5
2024,다아805163,to_in_007,5
2024,다아805163,to_in_008,5
2024,다아805164,to_in_001,5
2024,다아805164,to_in_007,5
2024,다아805164,to_in_008,0
2024,다아805203,to_in_001,5
2024,다아805203,to_in_007,5
2024,다아805203,to_in_008,5
2024,다아805208,to_in_001,5
2024,다아805208,to_in_007,0
2024,다아805208,to_in_008,5
2024,다아805212,to_in_001,5
2024,다아805212,to_in_007,5
2024,다아805212,to_in_008,5
2024,다아805221,to_in_001,5
2024,다아805221,to_in_007,0
2024,다아805221,to_in_008,5
2024,다아805226,to_in_001,0
2024,다아805226,to_in_007,0
2024,다아805226,to_in_008,0
2024,다아835214,to_in_001,5
2024,다아835214,to_in_007,0
2024,다아835214,to_in_008,0
2024,다아836055,to_in_001,8
2024,다아836055,to_in_007,8
2024,다아836055,to_in_008,5
2024,다아836056,to_in_001,5
2024,다아836056,to_in_007,0
2024,다아836056,to_in_008,5
2024,다아836074,to_in_001,29
2024,다아836074,to_in_007,19
2024,다아836074,to_in_008,8
2024,다아836155,to_in_001,5
2024,다아836155,to_in_007,0
2024,다아836155,to_in_008,0
2024,다아836156,to_in_001,5
2024,다아836156,to_in_007,0
2024,다아836156,to_in_008,5
2024,다아836159,to_in_001,8
2024,다아836159,to_in_007,5
2024,다아836159,to_in_008,5
2024,다아836160,to_in_001,23
2024,다아836160,to_in_007,13
2024,다아836160,to_in_008,13
2024,다아836161,to_in_001,5
2024,다아836161,to_in_007,0
2024,다아836161,to_in_008,5
2024,다아836162,to_in_001,5
2024,다아836162,to_in_007,5
2024,다아836162,to_in_008,5
2024,다아836163,to_in_001,23
2024,다아836163,to_in_007,13
2024,다아836163,to_in_008,8
2024,다아836164,to_in_001,197
2024,다아836164,to_in_007,97
2024,다아836164,to_in_008,98
2024,다아836165,to_in_001,18
2024,다아836165,to_in_007,13
2024,다아836165,to_in_008,8
2024,다아836166,to_in_001,8
2024,다아836166,to_in_007,0
2024,다아836166,to_in_008,8
2024,다아836174,to_in_001,5
2024,다아836174,to_in_007,0
2024,다아836174,to_in_008,5
2024,다아836175,to_in_001,8
2024,다아836175,to_in_007,5
2024,다아836175,to_in_008,5
2024,다아836176,to_in_001,8
2024,다아836176,to_in_007,5
2024,다아836176,to_in_008,5
2024,다아836182,to_in_001,5
2024,다아836182,to_in_007,5
2024,다아836182,to_in_008,0
2024,다아836205,to_in_001,5
2024,다아836205,to_in_007,5
2024,다아836205,to_in_008,0
2024,다아836206,to_in_001,5
2024,다아836206,to_in_007,5
2024,다아836206,to_in_008,5
2024,다아836207,to_in_001,5
2024,다아836207,to_in_007,0
2024,다아836207,to_in_008,0
2024,다아836209,to_in_001,0
2024,다아836209,to_in_007,0
2024,다아836209,to_in_008,0
2024,다아836212,to_in_001,8
2024,다아836212,to_in_007,5
2024,다아836212,to_in_008,5
2024,다아837019,to_in_001,5
2024,다아837019,to_in_007,5
2024,다아837019,to_in_008,0
2024,다아837068,to_in_001,13
2024,다아837068,to_in_007,8
2024,다아837068,to_in_008,8
2024,다아837156,to_in_001,5
2024,다아837156,to_in_007,5
2024,다아837156,to_in_008,5
2024,다아837160,to_in_001,5
2024,다아837160,to_in_007,5
2024,다아837160,to_in_008,0
2024,다아837162,to_in_001,8
2024,다아837162,to_in_007,5
2024,다아837162,to_in_008,5
2024,다아837163,to_in_001,84
2024,다아837163,to_in_007,53
2024,다아837163,to_in_008,29
2024,다아837164,to_in_001,103
2024,다아837164,to_in_007,48
2024,다아837164,to_in_008,53
2024,다아837178,to_in_001,5
2024,다아837178,to_in_007,0
2024,다아837178,to_in_008,5
2024,다아837180,to_in_001,5
2024,다아837180,to_in_007,5
2024,다아837180,to_in_008,5
2024,다아837181,to_in_001,0
2024,다아837181,to_in_007,0
2024,다아837181,to_in_008,0
2024,다아837183,to_in_001,5
2024,다아837183,to_in_007,5
2024,다아837183,to_in_008,0
2024,다아837197,to_in_001,5
2024,다아837197,to_in_007,5
2024,다아837197,to_in_008,0
2024,다아837205,to_in_001,18
2024,다아837205,to_in_007,8
2024,다아837205,to_in_008,8
2024,다아837206,to_in_001,18
2024,다아837206,to_in_007,8
2024,다아837206,to_in_008,8
2024,다아837211,to_in_001,5
2024,다아837211,to_in_007,0
2024,다아837211,to_in_008,0
2024,다아837212,to_in_001,0
2024,다아837212,to_in_007,0
2024,다아837212,to_in_008,0
2024,다아838003,to_in_001,0
2024,다아838003,to_in_007,0
2024,다아838003,to_in_008,0
2024,다아838004,to_in_001,5
2024,다아838004,to_in_007,0
2024,다아838004,to_in_008,5
2024,다아838005,to_in_001,0
2024,다아838005,to_in_007,0
2024,다아838005,to_in_008,0
2024,다아841090,to_in_001,18
2024,다아841090,to_in_007,13
2024,다아841090,to_in_008,8
2024,다아841091,to_in_001,5
2024,다아841091,to_in_007,5
2024,다아841091,to_in_008,0
2024,다아841093,to_in_001,0
2024,다아841093,to_in_007,0
2024,다아841093,to_in_008,0
2024,다아841095,to_in_001,5
2024,다아841095,to_in_007,5
2024,다아841095,to_in_008,0
2024,다아841098,to_in_001,0
2024,다아841098,to_in_007,0
2024,다아841098,to_in_008,0
2024,다아841099,to_in_001,5
2024,다아841099,to_in_007,0
2024,다아841099,to_in_008,0
2024,다아841100,to_in_001,5
2024,다아841100,to_in_007,5
2024,다아841100,to_in_008,0
2024,다아841101,to_in_001,0
2024,다아841101,to_in_007,0
2024,다아841101,to_in_008,0
2024,다아841102,to_in_001,8
2024,다아841102,to_in_007,5
2024,다아841102,to_in_008,8
2024,다아841160,to_in_001,5
2024,다아841160,to_in_007,5
2024,다아841160,to_in_008,0
2024,다아841165,to_in_001,5
2024,다아841165,to_in_007,5
2024,다아841165,to_in_008,0
2024,다아841167,to_in_001,0
2024,다아841167,to_in_007,0
2024,다아841167,to_in_008,0
2024,다아841179,to_in_001,5
2024,다아841179,to_in_007,0
2024,다아841179,to_in_008,0
2024,다아841181,to_in_001,5
2024,다아841181,to_in_007,5
2024,다아841181,to_in_008,0
2024,다아841182,to_in_001,28
2024,다아841182,to_in_007,18
2024,다아841182,to_in_008,8
2024,다아841188,to_in_001,18
2024,다아841188,to_in_007,8
2024,다아841188,to_in_008,13
2024,다아841189,to_in_001,5
2024,다아841189,to_in_007,5
2024,다아841189,to_in_008,0
2024,다아841190,to_in_001,5
2024,다아841190,to_in_007,5
2024,다아841190,to_in_008,0
2024,다아841191,to_in_001,13
2024,다아841191,to_in_007,8
2024,다아841191,to_in_008,8
2024,다아841203,to_in_001,5
2024,다아841203,to_in_007,0
2024,다아841203,to_in_008,0
2024,다아841204,to_in_001,8
2024,다아841204,to_in_007,8
2024,다아841204,to_in_008,5
2024,다아841205,to_in_001,28
2024,다아841205,to_in_007,13
2024,다아841205,to_in_008,13
2024,다아841206,to_in_001,38
2024,다아841206,to_in_007,23
2024,다아841206,to_in_008,18
2024,다아841207,to_in_001,23
2024,다아841207,to_in_007,8
2024,다아841207,to_in_008,13
2024,다아842063,to_in_001,5
2024,다아842063,to_in_007,0
2024,다아842063,to_in_008,0
2024,다아842064,to_in_001,0
2024,다아842064,to_in_007,0
2024,다아842064,to_in_008,0
2024,다아842076,to_in_001,5
2024,다아842076,to_in_007,0
2024,다아842076,to_in_008,5
2024,다아842084,to_in_001,8
2024,다아842084,to_in_007,5
2024,다아842084,to_in_008,5
2024,다아842085,to_in_001,5
2024,다아842085,to_in_007,0
2024,다아842085,to_in_008,0
2024,다아842086,to_in_001,8
2024,다아842086,to_in_007,5
2024,다아842086,to_in_008,5
2024,다아842087,to_in_001,5
2024,다아842087,to_in_007,0
2024,다아842087,to_in_008,0
2024,다아842088,to_in_001,5
2024,다아842088,to_in_007,5
2024,다아842088,to_in_008,5
2024,다아842089,to_in_001,8
2024,다아842089,to_in_007,5
2024,다아842089,to_in_008,8
2024,다아842090,to_in_001,5
2024,다아842090,to_in_007,0
2024,다아842090,to_in_008,5
2024,다아842091,to_in_001,5
2024,다아842091,to_in_007,0
2024,다아842091,to_in_008,0
2024,다아844313,to_in_001,5
2024,다아844313,to_in_007,5
2024,다아844313,to_in_008,0
2024,다아844314,to_in_001,8
2024,다아844314,to_in_007,5
2024,다아844314,to_in_008,5
2024,다아845006,to_in_001,5
2024,다아845006,to_in_007,5
2024,다아845006,to_in_008,0
2024,다아845007,to_in_001,0
2024,다아845007,to_in_007,0
2024,다아845007,to_in_008,0
2024,다아845028,to_in_001,5
2024,다아845028,to_in_007,0
2024,다아845028,to_in_008,0
2024,다아845031,to_in_001,8
2024,다아845031,to_in_007,5
2024,다아845031,to_in_008,5
2024,다아845061,to_in_001,5
2024,다아845061,to_in_007,0
2024,다아845061,to_in_008,5
2024,다아845074,to_in_001,0
2024,다아845074,to_in_007,0
2024,다아845074,to_in_008,0
2024,다아845075,to_in_001,5
2024,다아845075,to_in_007,5
2024,다아845075,to_in_008,5
2024,다아845076,to_in_001,8
2024,다아845076,to_in_007,5
2024,다아845076,to_in_008,8
2024,다아845078,to_in_001,5
2024,다아845078,to_in_007,0
2024,다아845078,to_in_008,5
2024,다아845081,to_in_001,5
2024,다아795031,to_in_008,5
2024,다아795047,to_in_001,8
2024,다아795047,to_in_007,5
2024,다아795047,to_in_008,5
2024,다아795058,to_in_001,5
2024,다아795058,to_in_007,0
2024,다아795058,to_in_008,0
2024,다아795059,to_in_001,5
2024,다아795059,to_in_007,0
2024,다아795059,to_in_008,5
2024,다아795060,to_in_001,5
2024,다아795060,to_in_007,5
2024,다아795060,to_in_008,0
2024,다아795067,to_in_001,5
2024,다아795067,to_in_007,5
2024,다아795067,to_in_008,5
2024,다아795068,to_in_001,0
2024,다아795068,to_in_007,0
2024,다아795068,to_in_008,0
2024,다아795076,to_in_001,0
2024,다아795076,to_in_007,0
2024,다아795076,to_in_008,0
2024,다아795080,to_in_001,8
2024,다아795080,to_in_007,5
2024,다아795080,to_in_008,5
2024,다아795081,to_in_001,8
2024,다아795081,to_in_007,8
2024,다아795081,to_in_008,0
2024,다아795090,to_in_001,0
2024,다아795090,to_in_007,0
2024,다아795090,to_in_008,0
2024,다아795096,to_in_001,8
2024,다아795096,to_in_007,5
2024,다아795096,to_in_008,5
2024,다아795098,to_in_001,43
2024,다아795098,to_in_007,28
2024,다아795098,to_in_008,18
2024,다아795099,to_in_001,38
2024,다아795099,to_in_007,23
2024,다아795099,to_in_008,13
2024,다아795100,to_in_001,33
2024,다아795100,to_in_007,18
2024,다아795100,to_in_008,18
2024,다아795101,to_in_001,54
2024,다아795101,to_in_007,29
2024,다아795101,to_in_008,23
2024,다아795102,to_in_001,5
2024,다아795102,to_in_007,5
2024,다아795102,to_in_008,0
2024,다아795112,to_in_001,8
2024,다아795112,to_in_007,8
2024,다아795112,to_in_008,5
2024,다아795134,to_in_001,5
2024,다아795134,to_in_007,0
2024,다아795134,to_in_008,5
2024,다아795162,to_in_001,5
2024,다아795162,to_in_007,5
2024,다아795162,to_in_008,0
2024,다아795164,to_in_001,5
2024,다아795164,to_in_007,0
2024,다아795164,to_in_008,5
2024,다아795166,to_in_001,5
2024,다아795166,to_in_007,5
2024,다아795166,to_in_008,0
2024,다아795170,to_in_001,5
2024,다아795170,to_in_007,5
2024,다아795170,to_in_008,0
2024,다아795182,to_in_001,5
2024,다아795182,to_in_007,5
2024,다아795182,to_in_008,5
2024,다아796086,to_in_001,5
2024,다아796086,to_in_007,0
2024,다아796086,to_in_008,0
2024,다아796091,to_in_001,5
2024,다아796091,to_in_007,5
2024,다아796091,to_in_008,0
2024,다아796097,to_in_001,13
2024,다아796097,to_in_007,5
2024,다아796097,to_in_008,8
2024,다아796098,to_in_001,33
2024,다아796098,to_in_007,23
2024,다아796098,to_in_008,13
2024,다아796099,to_in_001,33
2024,다아796099,to_in_007,18
2024,다아796099,to_in_008,13
2024,다아796100,to_in_001,58
2024,다아796100,to_in_007,28
2024,다아796100,to_in_008,28
2024,다아796101,to_in_001,48
2024,다아796101,to_in_007,18
2024,다아796101,to_in_008,28
2024,다아796102,to_in_001,38
2024,다아796102,to_in_007,23
2024,다아796102,to_in_008,18
2024,다아796103,to_in_001,8
2024,다아796103,to_in_007,5
2024,다아796103,to_in_008,5
2024,다아796114,to_in_001,5
2024,다아796114,to_in_007,0
2024,다아796114,to_in_008,5
2024,다아796125,to_in_001,0
2024,다아796125,to_in_007,0
2024,다아796125,to_in_008,0
2024,다아796137,to_in_001,5
2024,다아796137,to_in_007,5
2024,다아796137,to_in_008,0
2024,다아796146,to_in_001,5
2024,다아796146,to_in_007,0
2024,다아796146,to_in_008,0
2024,다아796154,to_in_001,0
2024,다아796154,to_in_007,0
2024,다아796154,to_in_008,0
2024,다아796155,to_in_001,5
2024,다아796155,to_in_007,0
2024,다아796155,to_in_008,5
2024,다아796157,to_in_001,0
2024,다아796157,to_in_007,0
2024,다아796157,to_in_008,0
2024,다아796163,to_in_001,5
2024,다아796163,to_in_007,5
2024,다아796163,to_in_008,0
2024,다아796165,to_in_001,8
2024,다아796165,to_in_007,5
2024,다아796165,to_in_008,5
2024,다아796167,to_in_001,5
2024,다아796167,to_in_007,5
2024,다아796167,to_in_008,0
2024,다아796168,to_in_001,8
2024,다아796168,to_in_007,5
2024,다아796168,to_in_008,8
2024,다아796169,to_in_001,8
2024,다아796169,to_in_007,5
2024,다아796169,to_in_008,5
2024,다아796170,to_in_001,5
2024,다아796170,to_in_007,0
2024,다아796170,to_in_008,5
2024,다아796171,to_in_001,0
2024,다아796171,to_in_007,0
2024,다아796171,to_in_008,0
2024,다아796176,to_in_001,5
2024,다아796176,to_in_007,5
2024,다아796176,to_in_008,0
2024,다아796177,to_in_001,5
2024,다아796177,to_in_007,5
2024,다아796177,to_in_008,5
2024,다아796182,to_in_001,8
2024,다아796182,to_in_007,5
2024,다아796182,to_in_008,5
2024,다아796184,to_in_001,5
2024,다아796184,to_in_007,5
2024,다아796184,to_in_008,0
2024,다아796200,to_in_001,8
2024,다아796200,to_in_007,5
2024,다아796200,to_in_008,8
2024,다아796201,to_in_001,28
2024,다아796201,to_in_007,13
2024,다아796201,to_in_008,13
2024,다아796202,to_in_001,23
2024,다아796202,to_in_007,13
2024,다아796202,to_in_008,8
2024,다아796217,to_in_001,5
2024,다아796217,to_in_007,0
2024,다아796217,to_in_008,0
2024,다아796227,to_in_001,5
2024,다아796227,to_in_007,0
2024,다아796227,to_in_008,0
2024,다아796228,to_in_001,5
2024,다아796228,to_in_007,5
2024,다아796228,to_in_008,5
2024,다아796235,to_in_001,5
2024,다아796235,to_in_007,0
2024,다아796235,to_in_008,5
2024,다아797163,to_in_001,0
2024,다아797163,to_in_007,0
2024,다아797163,to_in_008,0
2024,다아797166,to_in_001,0
2024,다아797166,to_in_007,0
2024,다아797166,to_in_008,0
2024,다아797177,to_in_001,5
2024,다아797177,to_in_007,5
2024,다아797177,to_in_008,5
2024,다아797178,to_in_001,5
2024,다아797178,to_in_007,5
2024,다아797178,to_in_008,0
2024,다아797180,to_in_001,8
2024,다아797180,to_in_007,0
2024,다아797180,to_in_008,5
2024,다아797191,to_in_001,13
2024,다아797191,to_in_007,8
2024,다아797191,to_in_008,8
2024,다아797192,to_in_001,8
2024,다아797192,to_in_007,8
2024,다아797192,to_in_008,0
2024,다아797201,to_in_001,18
2024,다아797201,to_in_007,8
2024,다아797201,to_in_008,8
2024,다아797202,to_in_001,43
2024,다아797202,to_in_007,23
2024,다아797202,to_in_008,18
2024,다아797203,to_in_001,8
2024,다아797203,to_in_007,5
2024,다아797203,to_in_008,5
2024,다아797225,to_in_001,8
2024,다아797225,to_in_007,5
2024,다아797225,to_in_008,5
2024,다아797229,to_in_001,5
2024,다아797229,to_in_007,5
2024,다아797229,to_in_008,0
2024,다아797239,to_in_001,5
2024,다아797239,to_in_007,5
2024,다아797239,to_in_008,0
2024,다아797240,to_in_001,5
2024,다아797240,to_in_007,0
2024,다아797240,to_in_008,5
2024,다아797241,to_in_001,8
2024,다아797241,to_in_007,5
2024,다아797241,to_in_008,8
2024,다아797242,to_in_001,8
2024,다아797242,to_in_007,5
2024,다아797242,to_in_008,5
2024,다아797243,to_in_001,5
2024,다아797243,to_in_007,5
2024,다아797243,to_in_008,5
2024,다아797292,to_in_001,5
2024,다아797292,to_in_007,0
2024,다아797292,to_in_008,5
2024,다아798051,to_in_001,5
2024,다아798051,to_in_007,5
2024,다아798051,to_in_008,5
2024,다아798054,to_in_001,5
2024,다아798054,to_in_007,0
2024,다아798054,to_in_008,0
2024,다아798055,to_in_001,5
2024,다아798055,to_in_007,0
2024,다아798055,to_in_008,0
2024,다아798057,to_in_001,5
2024,다아798057,to_in_007,5
2024,다아798057,to_in_008,5
2024,다아798059,to_in_001,8
2024,다아798059,to_in_007,8
2024,다아798059,to_in_008,5
2024,다아798060,to_in_001,8
2024,다아798060,to_in_007,8
2024,다아798060,to_in_008,5
2024,다아798062,to_in_001,5
2024,다아798062,to_in_007,5
2024,다아798062,to_in_008,0
2024,다아798069,to_in_001,0
2024,다아798069,to_in_007,0
2024,다아798069,to_in_008,0
2024,다아798070,to_in_001,5
2024,다아798070,to_in_007,0
2024,다아798070,to_in_008,0
2024,다아798071,to_in_001,8
2024,다아798071,to_in_007,8
2024,다아798071,to_in_008,0
2024,다아798095,to_in_001,5
2024,다아798095,to_in_007,5
2024,다아798095,to_in_008,0
2024,다아798096,to_in_001,5
2024,다아798096,to_in_007,0
2024,다아798096,to_in_008,0
2024,다아798097,to_in_001,70
2024,다아798097,to_in_007,38
2024,다아798097,to_in_008,30
2024,다아798098,to_in_001,73
2024,다아798098,to_in_007,38
2024,다아798098,to_in_008,33
2024,다아798099,to_in_001,60
2024,다아798099,to_in_007,29
2024,다아798099,to_in_008,34
2024,다아799080,to_in_001,14
2024,다아799080,to_in_007,14
2024,다아799080,to_in_008,0
2024,다아799082,to_in_001,5
2024,다아799082,to_in_007,5
2024,다아799082,to_in_008,0
2024,다아799083,to_in_001,5
2024,다아799083,to_in_007,0
2024,다아799083,to_in_008,0
2024,다아799084,to_in_001,0
2024,다아799084,to_in_007,0
2024,다아799084,to_in_008,0
2024,다아799091,to_in_001,5
2024,다아799091,to_in_007,0
2024,다아799091,to_in_008,5
2024,다아799095,to_in_001,5
2024,다아799095,to_in_007,0
2024,다아799095,to_in_008,5
2024,다아799098,to_in_001,108
2024,다아799098,to_in_007,51
2024,다아799098,to_in_008,55
2024,다아799099,to_in_001,55
2024,다아799099,to_in_007,29
2024,다아799099,to_in_008,29
2024,다아799100,to_in_001,93
2024,다아799100,to_in_007,45
2024,다아799100,to_in_008,51
2024,다아799101,to_in_001,66
2024,다아799101,to_in_007,36
2024,다아799101,to_in_008,28
2024,다아799102,to_in_001,43
2024,다아799102,to_in_007,23
2024,다아799102,to_in_008,18
2024,다아799103,to_in_001,106
2024,다아799103,to_in_007,57
2024,다아799103,to_in_008,52
2024,다아799104,to_in_001,5
2024,다아799104,to_in_007,0
2024,다아799104,to_in_008,0
2024,다아799105,to_in_001,5
2024,다아799105,to_in_007,0
2024,다아799105,to_in_008,5
2024,다아799116,to_in_001,0
2024,다아799116,to_in_007,0
2024,다아799116,to_in_008,0
2024,다아799134,to_in_001,5
2024,다아799134,to_in_007,0
2024,다아799134,to_in_008,5
2024,다아799135,to_in_001,8
2024,다아799135,to_in_007,8
2024,다아799135,to_in_008,5
2024,다아799137,to_in_001,8
2024,다아799137,to_in_007,8
2024,다아799137,to_in_008,0
2024,다아799143,to_in_001,0
2024,다아799143,to_in_007,0
2024,다아799143,to_in_008,0
2024,다아799148,to_in_001,5
2024,다아799148,to_in_007,5
2024,다아799148,to_in_008,0
2024,다아799168,to_in_001,5
2024,다아799168,to_in_007,5
2024,다아799168,to_in_008,0
2024,다아799169,to_in_001,8
2024,다아799169,to_in_007,5
2024,다아799169,to_in_008,5
2024,다아799170,to_in_001,8
2024,다아799170,to_in_007,5
2024,다아799170,to_in_008,5
2024,다아799196,to_in_001,8
2024,다아799196,to_in_007,5
2024,다아799196,to_in_008,5
2024,다아799197,to_in_001,5
2024,다아799197,to_in_007,0
2024,다아799197,to_in_008,5
2024,다아799202,to_in_001,5
2024,다아799202,to_in_007,5
2024,다아799202,to_in_008,0
2024,다아799203,to_in_001,5
2024,다아799203,to_in_007,0
2024,다아799203,to_in_008,0
2024,다아799224,to_in_001,8
2024,다아799224,to_in_007,5
2024,다아799224,to_in_008,5
2024,다아799230,to_in_001,5
2024,다아799230,to_in_007,5
2024,다아799230,to_in_008,0
2024,다아799237,to_in_001,8
2024,다아799237,to_in_007,5
2024,다아799237,to_in_008,5
2024,다아799238,to_in_001,0
2024,다아799238,to_in_007,0
2024,다아799238,to_in_008,0
2024,다아801100,to_in_001,43
2024,다아801100,to_in_007,23
2024,다아801100,to_in_008,18
2024,다아801101,to_in_001,29
2024,다아801101,to_in_007,19
2024,다아801101,to_in_008,13
2024,다아801102,to_in_001,18
2024,다아801102,to_in_007,8
2024,다아801102,to_in_008,8
2024,다아801103,to_in_001,28
2024,다아801103,to_in_007,13
2024,다아801103,to_in_008,13
2024,다아801104,to_in_001,39
2024,다아801104,to_in_007,19
2024,다아801104,to_in_008,18
2024,다아801105,to_in_001,18
2024,다아801105,to_in_007,8
2024,다아801105,to_in_008,8
2024,다아801107,to_in_001,5
2024,다아801107,to_in_007,5
2024,다아801107,to_in_008,0
2024,다아801125,to_in_001,5
2024,다아801125,to_in_007,5
2024,다아801125,to_in_008,0
2024,다아801129,to_in_001,5
2024,다아801129,to_in_007,0
2024,다아801129,to_in_008,0
2024,다아801142,to_in_001,5
2024,다아801142,to_in_007,0
2024,다아801142,to_in_008,0
2024,다아801143,to_in_001,5
2024,다아801143,to_in_007,0
2024,다아801143,to_in_008,5
2024,다아801144,to_in_001,8
2024,다아801144,to_in_007,5
2024,다아801144,to_in_008,5
2024,다아801147,to_in_001,5
2024,다아801147,to_in_007,0
2024,다아801147,to_in_008,5
2024,다아801168,to_in_001,5
2024,다아801168,to_in_007,5
2024,다아801168,to_in_008,0
2024,다아801171,to_in_001,13
2024,다아801171,to_in_007,8
2024,다아801171,to_in_008,5
2024,다아801172,to_in_001,13
2024,다아801172,to_in_007,8
2024,다아801172,to_in_008,8
2024,다아801173,to_in_001,5
2024,다아801173,to_in_007,0
2024,다아801173,to_in_008,0
2024,다아801175,to_in_001,5
2024,다아801175,to_in_007,5
2024,다아801175,to_in_008,0
2024,다아801176,to_in_001,8
2024,다아801176,to_in_007,5
2024,다아801176,to_in_008,5
2024,다아801177,to_in_001,8
2024,다아801177,to_in_007,5
2024,다아801177,to_in_008,5
2024,다아801178,to_in_001,5
2024,다아801178,to_in_007,0
2024,다아801178,to_in_008,5
2024,다아801179,to_in_001,5
2024,다아801179,to_in_007,0
2024,다아801179,to_in_008,0
2024,다아801182,to_in_001,5
2024,다아801182,to_in_007,0
2024,다아801182,to_in_008,5
2024,다아801183,to_in_001,13
2024,다아801183,to_in_007,5
2024,다아801183,to_in_008,8
2024,다아801184,to_in_001,18
2024,다아801184,to_in_007,8
2024,다아801184,to_in_008,8
2024,다아801185,to_in_001,5
2024,다아801185,to_in_007,5
2024,다아801185,to_in_008,5
2024,다아801186,to_in_001,0
2024,다아801186,to_in_007,0
2024,다아801186,to_in_008,0
2024,다아801190,to_in_001,0
2024,다아801190,to_in_007,0
2024,다아801190,to_in_008,0
2024,다아801200,to_in_001,8
2024,다아801200,to_in_007,5
2024,다아801200,to_in_008,5
2024,다아801211,to_in_001,0
2024,다아801211,to_in_007,0
2024,다아801211,to_in_008,0
2024,다아801220,to_in_001,5
2024,다아801220,to_in_007,5
2024,다아801220,to_in_008,0
2024,다아803088,to_in_001,8
2024,다아803088,to_in_007,5
2024,다아803088,to_in_008,5
2024,다아803089,to_in_001,5
2024,다아803089,to_in_007,0
2024,다아803089,to_in_008,0
2024,다아803090,to_in_001,5
2024,다아803090,to_in_007,0
2024,다아803090,to_in_008,5
2024,다아803092,to_in_001,5
2024,다아803092,to_in_007,5
2024,다아803092,to_in_008,0
2024,다아803093,to_in_001,23
2024,다아803093,to_in_007,13
2024,다아803093,to_in_008,8
2024,다아803094,to_in_001,28
2024,다아803094,to_in_007,18
2024,다아803094,to_in_008,13
2024,다아803095,to_in_001,48
2024,다아803095,to_in_007,40
2024,다아803095,to_in_008,8
2024,다아803096,to_in_001,18
2024,다아803096,to_in_007,13
2024,다아803096,to_in_008,8
2024,다아803097,to_in_001,8
2024,다아803097,to_in_007,5
2024,다아803097,to_in_008,5
2024,다아803098,to_in_001,5
2024,다아803098,to_in_007,5
2024,다아803098,to_in_008,0
2024,다아803099,to_in_001,28
2024,다아803099,to_in_007,13
2024,다아803099,to_in_008,13
2024,다아803101,to_in_001,184
2024,다아803101,to_in_007,108
2024,다아803101,to_in_008,79
2024,다아803102,to_in_001,166
2024,다아803102,to_in_007,87
2024,다아803102,to_in_008,82
2024,다아803103,to_in_001,58
2024,다아803103,to_in_007,33
2024,다아803103,to_in_008,28
2024,다아803104,to_in_001,5
2024,다아803104,to_in_007,5
2024,다아803104,to_in_008,5
2024,다아803105,to_in_001,5
2024,다아803105,to_in_007,5
2024,다아803105,to_in_008,0
2024,다아803107,to_in_001,5
2024,다아803107,to_in_007,5
2024,다아803107,to_in_008,5
2024,다아803117,to_in_001,8
2024,다아803117,to_in_007,5
2024,다아803117,to_in_008,8
2024,다아803118,to_in_001,23
2024,다아803118,to_in_007,13
2024,다아803118,to_in_008,13
2024,다아803119,to_in_001,18
2024,다아803119,to_in_007,8
2024,다아803119,to_in_008,8
2024,다아803122,to_in_001,8
2024,다아803122,to_in_007,8
2024,다아803122,to_in_008,5
2024,다아803136,to_in_001,5
2024,다아803136,to_in_007,5
2024,다아803136,to_in_008,0
2024,다아803185,to_in_001,5
2024,다아803185,to_in_007,5
2024,다아803185,to_in_008,5
2024,다아803186,to_in_001,8
2024,다아803186,to_in_007,5
2024,다아803186,to_in_008,5
2024,다아803187,to_in_001,8
2024,다아803187,to_in_007,8
2024,다아803187,to_in_008,5
2024,다아803188,to_in_001,5
2024,다아803188,to_in_007,0
2024,다아803188,to_in_008,5
2024,다아803189,to_in_001,5
2024,다아803189,to_in_007,0
2024,다아803189,to_in_008,0
2024,다아803190,to_in_001,5
2024,다아803190,to_in_007,5
2024,다아803190,to_in_008,0
2024,다아803211,to_in_001,28
2024,다아803211,to_in_007,13
2024,다아803211,to_in_008,13
2024,다아803212,to_in_001,8
2024,다아803212,to_in_007,5
2024,다아803212,to_in_008,5
2024,다아803213,to_in_001,18
2024,다아803213,to_in_007,8
2024,다아803213,to_in_008,8
2024,다아803214,to_in_001,5
2024,다아803214,to_in_007,5
2024,다아803214,to_in_008,5
2024,다아803230,to_in_001,5
2024,다아803230,to_in_007,0
2024,다아803230,to_in_008,5
2024,다아803231,to_in_001,23
2024,다아803231,to_in_007,13
2024,다아803231,to_in_008,13
2024,다아803232,to_in_001,5
2024,다아803232,to_in_007,0
2024,다아803232,to_in_008,0
2024,다아803235,to_in_001,5
2024,다아803235,to_in_007,0
2024,다아803235,to_in_008,0
2024,다아804028,to_in_001,5
2024,다아804028,to_in_007,5
2024,다아804028,to_in_008,0
2024,다아804029,to_in_001,0
2024,다아804029,to_in_007,0
2024,다아804029,to_in_008,0
2024,다아804030,to_in_001,5
2024,다아804030,to_in_007,5
2024,다아804030,to_in_008,0
2024,다아804053,to_in_001,5
2024,다아804053,to_in_007,5
2024,다아804053,to_in_008,0
2024,다아805231,to_in_001,8
2024,다아805231,to_in_007,5
2024,다아805231,to_in_008,5
2024,다아805232,to_in_001,5
2024,다아805232,to_in_007,5
2024,다아805232,to_in_008,5
2024,다아805233,to_in_001,5
2024,다아805233,to_in_007,0
2024,다아805233,to_in_008,5
2024,다아805244,to_in_001,0
2024,다아805244,to_in_007,0
2024,다아805244,to_in_008,0
2024,다아805295,to_in_001,5
2024,다아805295,to_in_007,0
2024,다아805295,to_in_008,5
2024,다아806028,to_in_001,5
2024,다아806028,to_in_007,0
2024,다아806028,to_in_008,5
2024,다아806030,to_in_001,8
2024,다아806030,to_in_007,5
2024,다아806030,to_in_008,8
2024,다아806075,to_in_001,0
2024,다아806075,to_in_007,0
2024,다아806075,to_in_008,0
2024,다아806085,to_in_001,0
2024,다아806085,to_in_007,0
2024,다아806085,to_in_008,0
2024,다아806087,to_in_001,8
2024,다아806087,to_in_007,5
2024,다아806087,to_in_008,5
2024,다아806103,to_in_001,33
2024,다아806103,to_in_007,13
2024,다아806103,to_in_008,23
2024,다아806105,to_in_001,5
2024,다아806105,to_in_007,0
2024,다아806105,to_in_008,5
2024,다아806106,to_in_001,13
2024,다아806106,to_in_007,8
2024,다아806106,to_in_008,5
2024,다아806107,to_in_001,5
2024,다아806107,to_in_007,0
2024,다아806107,to_in_008,0
2024,다아806109,to_in_001,8
2024,다아806109,to_in_007,5
2024,다아806109,to_in_008,5
2024,다아806110,to_in_001,8
2024,다아806110,to_in_007,5
2024,다아806110,to_in_008,8
2024,다아806111,to_in_001,18
2024,다아806111,to_in_007,8
2024,다아806111,to_in_008,8
2024,다아806112,to_in_001,8
2024,다아806112,to_in_007,5
2024,다아806112,to_in_008,5
2024,다아806119,to_in_001,5
2024,다아806119,to_in_007,0
2024,다아806119,to_in_008,0
2024,다아806128,to_in_001,0
2024,다아806128,to_in_007,0
2024,다아806128,to_in_008,0
2024,다아806129,to_in_001,8
2024,다아806129,to_in_007,5
2024,다아806129,to_in_008,5
2024,다아806135,to_in_001,5
2024,다아806135,to_in_007,5
2024,다아806135,to_in_008,0
2024,다아806136,to_in_001,5
2024,다아806136,to_in_007,0
2024,다아806136,to_in_008,5
2024,다아806158,to_in_001,5
2024,다아806158,to_in_007,0
2024,다아806158,to_in_008,0
2024,다아806163,to_in_001,5
2024,다아806163,to_in_007,0
2024,다아806163,to_in_008,0
2024,다아806212,to_in_001,8
2024,다아806212,to_in_007,5
2024,다아806212,to_in_008,8
2024,다아806213,to_in_001,5
2024,다아806213,to_in_007,5
2024,다아806213,to_in_008,0
2024,다아806215,to_in_001,0
2024,다아806215,to_in_007,0
2024,다아806215,to_in_008,0
2024,다아806226,to_in_001,5
2024,다아806226,to_in_007,0
2024,다아806226,to_in_008,5
2024,다아806228,to_in_001,5
2024,다아806228,to_in_007,0
2024,다아806228,to_in_008,0
2024,다아806233,to_in_001,5
2024,다아806233,to_in_007,0
2024,다아806233,to_in_008,5
2024,다아806294,to_in_001,5
2024,다아806294,to_in_007,5
2024,다아806294,to_in_008,0
2024,다아807024,to_in_001,8
2024,다아807024,to_in_007,5
2024,다아807024,to_in_008,5
2024,다아807028,to_in_001,0
2024,다아807028,to_in_007,0
2024,다아807028,to_in_008,0
2024,다아807030,to_in_001,8
2024,다아807030,to_in_007,5
2024,다아807030,to_in_008,5
2024,다아807031,to_in_001,13
2024,다아807031,to_in_007,5
2024,다아807031,to_in_008,8
2024,다아807053,to_in_001,5
2024,다아807053,to_in_007,0
2024,다아807053,to_in_008,5
2024,다아807087,to_in_001,18
2024,다아807087,to_in_007,13
2024,다아807087,to_in_008,8
2024,다아807090,to_in_001,5
2024,다아807090,to_in_007,0
2024,다아807090,to_in_008,0
2024,다아807100,to_in_001,0
2024,다아807100,to_in_007,0
2024,다아807100,to_in_008,0
2024,다아807103,to_in_001,48
2024,다아807103,to_in_007,30
2024,다아807103,to_in_008,16
2024,다아808215,to_in_001,5
2024,다아808215,to_in_007,0
2024,다아808215,to_in_008,0
2024,다아808270,to_in_001,5
2024,다아808270,to_in_007,5
2024,다아808270,to_in_008,0
2024,다아808275,to_in_001,5
2024,다아808275,to_in_007,5
2024,다아808275,to_in_008,0
2024,다아808295,to_in_001,5
2024,다아808295,to_in_007,0
2024,다아808295,to_in_008,5
2024,다아808296,to_in_001,0
2024,다아808296,to_in_007,0
2024,다아808296,to_in_008,0
2024,다아809022,to_in_001,0
2024,다아809022,to_in_007,0
2024,다아809022,to_in_008,0
2024,다아809024,to_in_001,8
2024,다아809024,to_in_007,5
2024,다아809024,to_in_008,5
2024,다아809025,to_in_001,0
2024,다아809025,to_in_007,0
2024,다아809025,to_in_008,0
2024,다아809027,to_in_001,5
2024,다아809027,to_in_007,5
2024,다아809027,to_in_008,5
2024,다아809031,to_in_001,13
2024,다아809031,to_in_007,8
2024,다아809031,to_in_008,5
2024,다아809052,to_in_001,5
2024,다아809052,to_in_007,5
2024,다아809052,to_in_008,5
2024,다아809053,to_in_001,5
2024,다아809053,to_in_007,5
2024,다아809053,to_in_008,0
2024,다아809054,to_in_001,5
2024,다아809054,to_in_007,0
2024,다아809054,to_in_008,0
2024,다아809082,to_in_001,5
2024,다아809082,to_in_007,0
2024,다아809082,to_in_008,0
2024,다아809084,to_in_001,5
2024,다아809084,to_in_007,5
2024,다아809084,to_in_008,5
2024,다아809085,to_in_001,5
2024,다아809085,to_in_007,0
2024,다아809085,to_in_008,5
2024,다아809086,to_in_001,5
2024,다아809086,to_in_007,0
2024,다아809086,to_in_008,5
2024,다아809112,to_in_001,5
2024,다아809112,to_in_007,5
2024,다아809112,to_in_008,0
2024,다아809116,to_in_001,5
2024,다아809116,to_in_007,5
2024,다아809116,to_in_008,5
2024,다아809119,to_in_001,0
2024,다아809119,to_in_007,0
2024,다아809119,to_in_008,0
2024,다아809156,to_in_001,5
2024,다아809156,to_in_007,0
2024,다아809156,to_in_008,5
2024,다아809158,to_in_001,8
2024,다아809158,to_in_007,5
2024,다아809158,to_in_008,5
2024,다아809208,to_in_001,5
2024,다아809208,to_in_007,5
2024,다아809208,to_in_008,0
2024,다아809221,to_in_001,5
2024,다아809221,to_in_007,0
2024,다아809221,to_in_008,0
2024,다아809230,to_in_001,0
2024,다아809230,to_in_007,0
2024,다아809230,to_in_008,0
2024,다아809232,to_in_001,5
2024,다아809232,to_in_007,0
2024,다아809232,to_in_008,5
2024,다아809295,to_in_001,0
2024,다아809295,to_in_007,0
2024,다아809295,to_in_008,0
2024,다아809298,to_in_001,13
2024,다아809298,to_in_007,8
2024,다아809298,to_in_008,5
2024,다아809299,to_in_001,8
2024,다아809299,to_in_007,5
2024,다아809299,to_in_008,5
2024,다아810022,to_in_001,5
2024,다아810022,to_in_007,5
2024,다아810022,to_in_008,5
2024,다아810023,to_in_001,5
2024,다아810023,to_in_007,5
2024,다아810023,to_in_008,5
2024,다아810024,to_in_001,0
2024,다아810024,to_in_007,0
2024,다아810024,to_in_008,0
2024,다아810031,to_in_001,5
2024,다아810031,to_in_007,0
2024,다아810031,to_in_008,0
2024,다아810032,to_in_001,5
2024,다아810032,to_in_007,0
2024,다아810032,to_in_008,0
2024,다아810083,to_in_001,8
2024,다아810083,to_in_007,5
2024,다아810083,to_in_008,5
2024,다아810084,to_in_001,8
2024,다아810084,to_in_007,5
2024,다아810084,to_in_008,5
2024,다아810111,to_in_001,8
2024,다아810111,to_in_007,5
2024,다아810111,to_in_008,5
2024,다아810112,to_in_001,5
2024,다아810112,to_in_007,5
2024,다아810112,to_in_008,0
2024,다아810113,to_in_001,5
2024,다아810113,to_in_007,0
2024,다아810113,to_in_008,0
2024,다아810116,to_in_001,5
2024,다아810116,to_in_007,5
2024,다아810116,to_in_008,5
2024,다아810117,to_in_001,5
2024,다아810117,to_in_007,0
2024,다아810117,to_in_008,0
2024,다아812152,to_in_001,5
2024,다아812152,to_in_007,0
2024,다아812152,to_in_008,0
2024,다아812153,to_in_001,8
2024,다아812153,to_in_007,8
2024,다아812153,to_in_008,5
2024,다아812154,to_in_001,8
2024,다아812154,to_in_007,8
2024,다아812154,to_in_008,0
2024,다아812157,to_in_001,5
2024,다아812157,to_in_007,0
2024,다아812157,to_in_008,5
2024,다아812174,to_in_001,5
2024,다아812174,to_in_007,0
2024,다아812174,to_in_008,5
2024,다아812207,to_in_001,8
2024,다아812207,to_in_007,5
2024,다아812207,to_in_008,5
2024,다아812208,to_in_001,8
2024,다아812208,to_in_007,5
2024,다아812208,to_in_008,8
2024,다아812209,to_in_001,0
2024,다아812209,to_in_007,0
2024,다아812209,to_in_008,0
2024,다아812210,to_in_001,5
2024,다아812210,to_in_007,5
2024,다아812210,to_in_008,0
2024,다아812228,to_in_001,5
2024,다아812228,to_in_007,5
2024,다아812228,to_in_008,0
2024,다아812231,to_in_001,13
2024,다아812231,to_in_007,8
2024,다아812231,to_in_008,5
2024,다아812232,to_in_001,8
2024,다아812232,to_in_007,0
2024,다아812232,to_in_008,8
2024,다아812269,to_in_001,13
2024,다아812269,to_in_007,8
2024,다아812269,to_in_008,8
2024,다아812270,to_in_001,28
2024,다아812270,to_in_007,13
2024,다아812270,to_in_008,13
2024,다아812271,to_in_001,5
2024,다아812271,to_in_007,5
2024,다아812271,to_in_008,0
2024,다아812298,to_in_001,8
2024,다아812298,to_in_007,5
2024,다아812298,to_in_008,5
2024,다아813081,to_in_001,5
2024,다아813081,to_in_007,0
2024,다아813081,to_in_008,0
2024,다아813082,to_in_001,5
2024,다아813082,to_in_007,5
2024,다아813082,to_in_008,0
2024,다아813114,to_in_001,8
2024,다아813114,to_in_007,5
2024,다아813114,to_in_008,5
2024,다아813115,to_in_001,5
2024,다아813115,to_in_007,0
2024,다아813115,to_in_008,0
2024,다아813117,to_in_001,0
2024,다아813117,to_in_007,0
2024,다아813117,to_in_008,0
2024,다아813121,to_in_001,8
2024,다아813121,to_in_007,8
2024,다아813121,to_in_008,5
2024,다아813123,to_in_001,5
2024,다아813123,to_in_007,0
2024,다아813123,to_in_008,0
2024,다아813155,to_in_001,23
2024,다아813155,to_in_007,13
2024,다아813155,to_in_008,8
2024,다아813162,to_in_001,5
2024,다아813162,to_in_007,5
2024,다아813162,to_in_008,0
2024,다아813205,to_in_001,18
2024,다아813205,to_in_007,8
2024,다아813205,to_in_008,8
2024,다아813207,to_in_001,0
2024,다아813207,to_in_007,0
2024,다아813207,to_in_008,0
2024,다아813208,to_in_001,8
2024,다아813208,to_in_007,8
2024,다아813208,to_in_008,5
2024,다아813209,to_in_001,13
2024,다아813209,to_in_007,8
2024,다아813209,to_in_008,8
2024,다아813210,to_in_001,5
2024,다아813210,to_in_007,0
2024,다아813210,to_in_008,5
2024,다아813229,to_in_001,5
2024,다아813229,to_in_007,0
2024,다아813229,to_in_008,0
2024,다아813230,to_in_001,8
2024,다아813230,to_in_007,5
2024,다아813230,to_in_008,5
2024,다아813231,to_in_001,5
2024,다아813231,to_in_007,0
2024,다아813231,to_in_008,0
2024,다아813232,to_in_001,0
2024,다아813232,to_in_007,0
2024,다아813232,to_in_008,0
2024,다아814052,to_in_001,0
2024,다아814052,to_in_007,0
2024,다아814052,to_in_008,0
2024,다아814081,to_in_001,0
2024,다아814081,to_in_007,0
2024,다아814081,to_in_008,0
2024,다아814113,to_in_001,8
2024,다아814113,to_in_007,5
2024,다아814113,to_in_008,5
2024,다아814114,to_in_001,5
2024,다아814114,to_in_007,5
2024,다아814114,to_in_008,5
2024,다아814124,to_in_001,13
2024,다아814124,to_in_007,8
2024,다아814124,to_in_008,8
2024,다아814125,to_in_001,8
2024,다아814125,to_in_007,5
2024,다아814125,to_in_008,8
2024,다아818167,to_in_001,13
2024,다아818167,to_in_007,8
2024,다아818167,to_in_008,5
2024,다아818171,to_in_001,5
2024,다아818171,to_in_007,0
2024,다아818171,to_in_008,5
2024,다아818172,to_in_001,8
2024,다아818172,to_in_007,5
2024,다아818172,to_in_008,5
2024,다아818205,to_in_001,5
2024,다아818205,to_in_007,5
2024,다아818205,to_in_008,0
2024,다아818226,to_in_001,8
2024,다아818226,to_in_007,8
2024,다아818226,to_in_008,5
2024,다아818228,to_in_001,5
2024,다아818228,to_in_007,5
2024,다아818228,to_in_008,5
2024,다아818229,to_in_001,8
2024,다아818229,to_in_007,8
2024,다아818229,to_in_008,8
2024,다아818230,to_in_001,8
2024,다아818230,to_in_007,5
2024,다아818230,to_in_008,5
2024,다아819010,to_in_001,5
2024,다아819010,to_in_007,5
2024,다아819010,to_in_008,0
2024,다아819013,to_in_001,5
2024,다아819013,to_in_007,5
2024,다아819013,to_in_008,5
2024,다아819014,to_in_001,5
2024,다아819014,to_in_007,5
2024,다아819014,to_in_008,0
2024,다아819015,to_in_001,0
2024,다아819015,to_in_007,0
2024,다아819015,to_in_008,0
2024,다아819018,to_in_001,99
2024,다아819018,to_in_007,24
2024,다아819018,to_in_008,73
2024,다아819019,to_in_001,87
2024,다아819019,to_in_007,32
2024,다아819019,to_in_008,58
2024,다아819085,to_in_001,17
2024,다아819085,to_in_007,17
2024,다아819085,to_in_008,0
2024,다아819124,to_in_001,5
2024,다아819124,to_in_007,0
2024,다아819124,to_in_008,5
2024,다아819125,to_in_001,5
2024,다아819125,to_in_007,5
2024,다아819125,to_in_008,5
2024,다아819126,to_in_001,13
2024,다아819126,to_in_007,8
2024,다아819126,to_in_008,5
2024,다아819127,to_in_001,8
2024,다아819127,to_in_007,8
2024,다아819127,to_in_008,0
2024,다아819128,to_in_001,8
2024,다아819128,to_in_007,5
2024,다아819128,to_in_008,5
2024,다아819129,to_in_001,5
2024,다아819129,to_in_007,0
2024,다아819129,to_in_008,0
2024,다아819130,to_in_001,5
2024,다아819130,to_in_007,0
2024,다아819130,to_in_008,0
2024,다아819132,to_in_001,8
2024,다아819132,to_in_007,8
2024,다아819132,to_in_008,8
2024,다아819133,to_in_001,5
2024,다아819133,to_in_007,0
2024,다아819133,to_in_008,0
2024,다아819141,to_in_001,5
2024,다아819141,to_in_007,0
2024,다아819141,to_in_008,0
2024,다아819162,to_in_001,5
2024,다아819162,to_in_007,5
2024,다아819162,to_in_008,5
2024,다아819167,to_in_001,8
2024,다아819167,to_in_007,8
2024,다아819167,to_in_008,5
2024,다아822008,to_in_001,5
2024,다아822008,to_in_007,0
2024,다아822008,to_in_008,5
2024,다아822009,to_in_001,0
2024,다아822009,to_in_007,0
2024,다아822009,to_in_008,0
2024,다아822011,to_in_001,0
2024,다아822011,to_in_007,0
2024,다아822011,to_in_008,0
2024,다아822078,to_in_001,8
2024,다아822078,to_in_007,5
2024,다아822078,to_in_008,5
2024,다아822110,to_in_001,0
2024,다아822110,to_in_007,0
2024,다아822110,to_in_008,0
2024,다아822112,to_in_001,5
2024,다아822112,to_in_007,0
2024,다아822112,to_in_008,5
2024,다아822121,to_in_001,5
2024,다아822121,to_in_007,0
2024,다아822121,to_in_008,0
2024,다아822133,to_in_001,5
2024,다아822133,to_in_007,0
2024,다아822133,to_in_008,0
2024,다아822140,to_in_001,0
2024,다아822140,to_in_007,0
2024,다아822140,to_in_008,0
2024,다아822142,to_in_001,0
2024,다아822142,to_in_007,0
2024,다아822142,to_in_008,0
2024,다아822146,to_in_001,5
2024,다아822146,to_in_007,5
2024,다아822146,to_in_008,0
2024,다아822173,to_in_001,5
2024,다아822173,to_in_007,5
2024,다아822173,to_in_008,0
2024,다아822174,to_in_001,8
2024,다아822174,to_in_007,8
2024,다아822174,to_in_008,5
2024,다아822196,to_in_001,8
2024,다아822196,to_in_007,5
2024,다아822196,to_in_008,5
2024,다아822198,to_in_001,5
2024,다아822198,to_in_007,0
2024,다아822198,to_in_008,5
2024,다아822199,to_in_001,0
2024,다아822199,to_in_007,0
2024,다아822199,to_in_008,0
2024,다아822223,to_in_001,5
2024,다아822223,to_in_007,0
2024,다아822223,to_in_008,5
2024,다아822224,to_in_001,13
2024,다아822224,to_in_007,5
2024,다아822224,to_in_008,8
2024,다아822225,to_in_001,23
2024,다아822225,to_in_007,13
2024,다아822225,to_in_008,13
2024,다아822226,to_in_001,28
2024,다아822226,to_in_007,13
2024,다아822226,to_in_008,18
2024,다아822227,to_in_001,8
2024,다아822227,to_in_007,8
2024,다아822227,to_in_008,5
2024,다아822229,to_in_001,8
2024,다아822229,to_in_007,5
2024,다아822229,to_in_008,5
2024,다아822230,to_in_001,5
2024,다아822230,to_in_007,0
2024,다아822230,to_in_008,5
2024,다아822231,to_in_001,5
2024,다아822231,to_in_007,5
2024,다아822231,to_in_008,0
2024,다아822236,to_in_001,5
2024,다아822236,to_in_007,0
2024,다아822236,to_in_008,0
2024,다아823005,to_in_001,5
2024,다아823005,to_in_007,0
2024,다아823005,to_in_008,5
2024,다아823006,to_in_001,13
2024,다아823006,to_in_007,8
2024,다아823006,to_in_008,8
2024,다아823007,to_in_001,18
2024,다아823007,to_in_007,8
2024,다아823007,to_in_008,8
2024,다아823008,to_in_001,8
2024,다아823008,to_in_007,5
2024,다아823008,to_in_008,8
2024,다아823009,to_in_001,5
2024,다아823009,to_in_007,5
2024,다아823009,to_in_008,5
2024,다아823010,to_in_001,5
2024,다아823010,to_in_007,5
2024,다아823010,to_in_008,0
2024,다아823011,to_in_001,5
2024,다아823011,to_in_007,5
2024,다아823011,to_in_008,5
2024,다아823012,to_in_001,8
2024,다아823012,to_in_007,8
2024,다아823012,to_in_008,0
2024,다아823013,to_in_001,5
2024,다아823013,to_in_007,0
2024,다아823013,to_in_008,0
2024,다아823058,to_in_001,8
2024,다아823058,to_in_007,5
2024,다아823058,to_in_008,5
2024,다아823078,to_in_001,5
2024,다아823078,to_in_007,5
2024,다아823078,to_in_008,5
2024,다아823082,to_in_001,5
2024,다아823082,to_in_007,0
2024,다아823082,to_in_008,0
2024,다아823113,to_in_001,5
2024,다아823113,to_in_007,0
2024,다아823113,to_in_008,5
2024,다아823121,to_in_001,5
2024,다아823121,to_in_007,0
2024,다아823121,to_in_008,0
2024,다아823122,to_in_001,5
2024,다아823122,to_in_007,5
2024,다아823122,to_in_008,0
2024,다아823123,to_in_001,8
2024,다아823123,to_in_007,5
2024,다아823123,to_in_008,5
2024,다아823138,to_in_001,5
2024,다아823138,to_in_007,5
2024,다아823138,to_in_008,0
2024,다아823152,to_in_001,0
2024,다아823152,to_in_007,0
2024,다아823152,to_in_008,0
2024,다아823153,to_in_001,5
2024,다아823153,to_in_007,0
2024,다아823153,to_in_008,5
2024,다아823165,to_in_001,5
2024,다아823165,to_in_007,0
2024,다아823165,to_in_008,0
2024,다아823167,to_in_001,5
2024,다아823167,to_in_007,5
2024,다아823167,to_in_008,5
2024,다아823197,to_in_001,8
2024,다아823197,to_in_007,5
2024,다아823197,to_in_008,5
2024,다아823205,to_in_001,5
2024,다아823205,to_in_007,0
2024,다아823205,to_in_008,5
2024,다아823220,to_in_001,13
2024,다아823220,to_in_007,8
2024,다아823220,to_in_008,8
2024,다아823223,to_in_001,8
2024,다아823223,to_in_007,5
2024,다아823223,to_in_008,5
2024,다아823224,to_in_001,18
2024,다아823224,to_in_007,8
2024,다아823224,to_in_008,8
2024,다아859321,to_in_001,5
2024,다아859321,to_in_007,5
2024,다아859321,to_in_008,5
2024,다아860004,to_in_001,5
2024,다아860004,to_in_007,5
2024,다아860004,to_in_008,0
2024,다아860009,to_in_001,8
2024,다아860009,to_in_007,5
2024,다아860009,to_in_008,5
2024,다아860010,to_in_001,13
2024,다아860010,to_in_007,8
2024,다아860010,to_in_008,5
2024,다아860011,to_in_001,5
2024,다아860011,to_in_007,0
2024,다아860011,to_in_008,0
2024,다아860015,to_in_001,5
2024,다아860015,to_in_007,5
2024,다아860015,to_in_008,5
2024,다아860150,to_in_001,0
2024,다아860150,to_in_007,0
2024,다아860150,to_in_008,0
2024,다아860205,to_in_001,0
2024,다아860205,to_in_007,0
2024,다아860205,to_in_008,0
2024,다아860225,to_in_001,5
2024,다아860225,to_in_007,5
2024,다아860225,to_in_008,5
2024,다아860231,to_in_001,5
2024,다아860231,to_in_007,0
2024,다아860231,to_in_008,0
2024,다아860237,to_in_001,5
2024,다아860237,to_in_007,5
2024,다아860237,to_in_008,0
2024,다아860239,to_in_001,5
2024,다아860239,to_in_007,5
2024,다아860239,to_in_008,0
2024,다아860242,to_in_001,8
2024,다아860242,to_in_007,5
2024,다아860242,to_in_008,5
2024,다아861010,to_in_001,8
2024,다아861010,to_in_007,5
2024,다아861010,to_in_008,5
2024,다아861011,to_in_001,8
2024,다아861011,to_in_007,8
2024,다아861011,to_in_008,5
2024,다아861014,to_in_001,5
2024,다아861014,to_in_007,5
2024,다아861014,to_in_008,0
2024,다아861240,to_in_001,0
2024,다아861240,to_in_007,0
2024,다아861240,to_in_008,0
2024,다아861241,to_in_001,5
2024,다아861241,to_in_007,5
2024,다아861241,to_in_008,0
2024,다아861268,to_in_001,5
2024,다아861268,to_in_007,5
2024,다아861268,to_in_008,0
2024,다아861269,to_in_001,8
2024,다아861269,to_in_007,5
2024,다아861269,to_in_008,5
2024,다아861270,to_in_001,28
2024,다아861270,to_in_007,13
2024,다아861270,to_in_008,13
2024,다아861271,to_in_001,13
2024,다아861271,to_in_007,8
2024,다아861271,to_in_008,8
2024,다아861272,to_in_001,13
2024,다아861272,to_in_007,8
2024,다아861272,to_in_008,8
2024,다아861273,to_in_001,8
2024,다아861273,to_in_007,8
2024,다아861273,to_in_008,5
2024,다아861274,to_in_001,13
2024,다아861274,to_in_007,5
2024,다아861274,to_in_008,8
2024,다아861275,to_in_001,5
2024,다아861275,to_in_007,5
2024,다아861275,to_in_008,0
2024,다아862000,to_in_001,5
2024,다아862000,to_in_007,5
2024,다아862000,to_in_008,5
2024,다아862007,to_in_001,5
2024,다아862007,to_in_007,0
2024,다아862007,to_in_008,0
2024,다아862010,to_in_001,0
2024,다아862010,to_in_007,0
2024,다아862010,to_in_008,0
2024,다아862011,to_in_001,8
2024,다아862011,to_in_007,5
2024,다아862011,to_in_008,5
2024,다아862013,to_in_001,41
2024,다아862013,to_in_007,24
2024,다아862013,to_in_008,15
2024,다아862014,to_in_001,23
2024,다아862014,to_in_007,13
2024,다아862014,to_in_008,8
2024,다아862015,to_in_001,27
2024,다아862015,to_in_007,24
2024,다아862015,to_in_008,5
2024,다아862147,to_in_001,5
2024,다아862147,to_in_007,5
2024,다아862147,to_in_008,0
2024,다아862249,to_in_001,0
2024,다아862249,to_in_007,0
2024,다아862249,to_in_008,0
2024,다아862268,to_in_001,5
2024,다아862268,to_in_007,0
2024,다아862268,to_in_008,5
2024,다아862269,to_in_001,8
2024,다아862269,to_in_007,5
2024,다아862269,to_in_008,5
2024,다아862270,to_in_001,13
2024,다아862270,to_in_007,8
2024,다아862270,to_in_008,5
2024,다아862271,to_in_001,13
2024,다아862271,to_in_007,8
2024,다아862271,to_in_008,8
2024,다아862272,to_in_001,28
2024,다아862272,to_in_007,13
2024,다아862272,to_in_008,13
2024,다아862273,to_in_001,23
2024,다아862273,to_in_007,13
2024,다아862273,to_in_008,13
2024,다아862274,to_in_001,5
2024,다아862274,to_in_007,5
2024,다아862274,to_in_008,0
2024,다아862275,to_in_001,5
2024,다아862275,to_in_007,5
2024,다아862275,to_in_008,0
2024,다아862276,to_in_001,0
2024,다아862276,to_in_007,0
2024,다아862276,to_in_008,0
2024,다아862278,to_in_001,5
2024,다아862278,to_in_007,0
2024,다아862278,to_in_008,0
2024,다아863007,to_in_001,0
2024,다아863007,to_in_007,0
2024,다아863007,to_in_008,0
2024,다아863009,to_in_001,5
2024,다아863009,to_in_007,5
2024,다아863009,to_in_008,5
2024,다아867150,to_in_001,5
2024,다아867150,to_in_007,5
2024,다아867150,to_in_008,0
2024,다아867151,to_in_001,8
2024,다아867151,to_in_007,5
2024,다아867151,to_in_008,8
2024,다아867153,to_in_001,8
2024,다아867153,to_in_007,5
2024,다아867153,to_in_008,5
2024,다아867203,to_in_001,5
2024,다아867203,to_in_007,0
2024,다아867203,to_in_008,0
2024,다아867257,to_in_001,5
2024,다아867257,to_in_007,5
2024,다아867257,to_in_008,5
2024,다아867258,to_in_001,8
2024,다아867258,to_in_007,8
2024,다아867258,to_in_008,0
2024,다아867259,to_in_001,23
2024,다아867259,to_in_007,13
2024,다아867259,to_in_008,13
2024,다아867260,to_in_001,28
2024,다아867260,to_in_007,18
2024,다아867260,to_in_008,13
2024,다아867261,to_in_001,18
2024,다아867261,to_in_007,8
2024,다아867261,to_in_008,8
2024,다아867262,to_in_001,28
2024,다아867262,to_in_007,13
2024,다아867262,to_in_008,13
2024,다아867263,to_in_001,23
2024,다아867263,to_in_007,13
2024,다아867263,to_in_008,13
2024,다아867264,to_in_001,5
2024,다아867264,to_in_007,5
2024,다아867264,to_in_008,5
2024,다아867265,to_in_001,5
2024,다아867265,to_in_007,5
2024,다아867265,to_in_008,0
2024,다아867267,to_in_001,5
2024,다아867267,to_in_007,5
2024,다아867267,to_in_008,0
2024,다아868011,to_in_001,5
2024,다아868011,to_in_007,0
2024,다아868011,to_in_008,5
2024,다아868014,to_in_001,13
2024,다아868014,to_in_007,8
2024,다아868014,to_in_008,8
2024,다아868015,to_in_001,8
2024,다아868015,to_in_007,5
2024,다아868015,to_in_008,5
2024,다아868062,to_in_001,5
2024,다아868062,to_in_007,0
2024,다아868062,to_in_008,5
2024,다아868138,to_in_001,0
2024,다아868138,to_in_007,0
2024,다아868138,to_in_008,0
2024,다아868143,to_in_001,5
2024,다아868143,to_in_007,0
2024,다아868143,to_in_008,5
2024,다아868147,to_in_001,8
2024,다아868147,to_in_007,8
2024,다아868147,to_in_008,5
2024,다아868148,to_in_001,8
2024,다아868148,to_in_007,5
2024,다아868148,to_in_008,5
2024,다아868149,to_in_001,5
2024,다아868149,to_in_007,5
2024,다아868149,to_in_008,5
2024,다아868152,to_in_001,5
2024,다아868152,to_in_007,5
2024,다아868152,to_in_008,5
2024,다아868153,to_in_001,5
2024,다아868153,to_in_007,0
2024,다아868153,to_in_008,0
2024,다아868154,to_in_001,5
2024,다아868154,to_in_007,5
2024,다아868154,to_in_008,0
2024,다아868252,to_in_001,5
2024,다아868252,to_in_007,0
2024,다아868252,to_in_008,0
2024,다아868257,to_in_001,0
2024,다아868257,to_in_007,0
2024,다아868257,to_in_008,0
2024,다아868258,to_in_001,13
2024,다아868258,to_in_007,8
2024,다아868258,to_in_008,5
2024,다아868259,to_in_001,8
2024,다아868259,to_in_007,8
2024,다아868259,to_in_008,5
2024,다아868260,to_in_001,18
2024,다아868260,to_in_007,8
2024,다아868260,to_in_008,8
2024,다아868261,to_in_001,13
2024,다아868261,to_in_007,8
2024,다아868261,to_in_008,8
2024,다아868262,to_in_001,13
2024,다아868262,to_in_007,8
2024,다아868262,to_in_008,5
2024,다아868265,to_in_001,5
2024,다아868265,to_in_007,5
2024,다아868265,to_in_008,0
2024,다아869012,to_in_001,5
2024,다아869012,to_in_007,0
2024,다아869012,to_in_008,5
2024,다아869014,to_in_001,33
2024,다아869014,to_in_007,28
2024,다아869014,to_in_008,8
2024,다아869015,to_in_001,28
2024,다아869015,to_in_007,13
2024,다아869015,to_in_008,13
2024,다아869016,to_in_001,5
2024,다아869016,to_in_007,5
2024,다아869016,to_in_008,5
2024,다아874016,to_in_001,8
2024,다아874016,to_in_007,5
2024,다아874016,to_in_008,5
2024,다아874017,to_in_001,5
2024,다아874017,to_in_007,5
2024,다아874017,to_in_008,0
2024,다아874159,to_in_001,0
2024,다아874159,to_in_007,0
2024,다아874159,to_in_008,0
2024,다아874203,to_in_001,5
2024,다아874203,to_in_007,0
2024,다아874203,to_in_008,5
2024,다아874204,to_in_001,5
2024,다아874204,to_in_007,0
2024,다아874204,to_in_008,0
2024,다아874206,to_in_001,8
2024,다아874206,to_in_007,5
2024,다아874206,to_in_008,5
2024,다아874296,to_in_001,5
2024,다아874296,to_in_007,5
2024,다아874296,to_in_008,0
2024,다아874297,to_in_001,23
2024,다아874297,to_in_007,8
2024,다아874297,to_in_008,13
2024,다아874298,to_in_001,5
2024,다아874298,to_in_007,5
2024,다아874298,to_in_008,0
2024,다아874299,to_in_001,13
2024,다아874299,to_in_007,8
2024,다아874299,to_in_008,8
2024,다아804135,to_in_007,0
2024,다아804135,to_in_008,0
2024,다아804136,to_in_001,8
2024,다아804136,to_in_007,0
2024,다아804136,to_in_008,8
2024,다아804164,to_in_001,0
2024,다아804164,to_in_007,0
2024,다아804164,to_in_008,0
2024,다아804203,to_in_001,5
2024,다아804203,to_in_007,0
2024,다아804203,to_in_008,0
2024,다아804212,to_in_001,8
2024,다아804212,to_in_007,8
2024,다아804212,to_in_008,5
2024,다아804213,to_in_001,18
2024,다아804213,to_in_007,8
2024,다아804213,to_in_008,8
2024,다아804214,to_in_001,0
2024,다아804214,to_in_007,0
2024,다아804214,to_in_008,0
2024,다아804220,to_in_001,5
2024,다아804220,to_in_007,5
2024,다아804220,to_in_008,5
2024,다아804221,to_in_001,5
2024,다아804221,to_in_007,0
2024,다아804221,to_in_008,0
2024,다아804231,to_in_001,13
2024,다아804231,to_in_007,8
2024,다아804231,to_in_008,5
2024,다아805028,to_in_001,5
2024,다아805028,to_in_007,5
2024,다아805028,to_in_008,0
2024,다아805029,to_in_001,5
2024,다아805029,to_in_007,0
2024,다아805029,to_in_008,0
2024,다아805030,to_in_001,0
2024,다아805030,to_in_007,0
2024,다아805030,to_in_008,0
2024,다아807104,to_in_001,5
2024,다아807104,to_in_007,0
2024,다아807104,to_in_008,0
2024,다아807105,to_in_001,5
2024,다아807105,to_in_007,0
2024,다아807105,to_in_008,0
2024,다아807106,to_in_001,5
2024,다아807106,to_in_007,0
2024,다아807106,to_in_008,5
2024,다아807107,to_in_001,5
2024,다아807107,to_in_007,0
2024,다아807107,to_in_008,5
2024,다아807109,to_in_001,8
2024,다아807109,to_in_007,5
2024,다아807109,to_in_008,5
2024,다아807110,to_in_001,8
2024,다아807110,to_in_007,5
2024,다아807110,to_in_008,8
2024,다아807111,to_in_001,5
2024,다아807111,to_in_007,5
2024,다아807111,to_in_008,5
2024,다아807112,to_in_001,5
2024,다아807112,to_in_007,5
2024,다아807112,to_in_008,0
2024,다아807129,to_in_001,0
2024,다아807129,to_in_007,0
2024,다아807129,to_in_008,0
2024,다아807136,to_in_001,0
2024,다아807136,to_in_007,0
2024,다아807136,to_in_008,0
2024,다아807137,to_in_001,0
2024,다아807137,to_in_007,0
2024,다아807137,to_in_008,0
2024,다아807138,to_in_001,5
2024,다아807138,to_in_007,5
2024,다아807138,to_in_008,0
2024,다아807156,to_in_001,5
2024,다아807156,to_in_007,5
2024,다아807156,to_in_008,0
2024,다아807204,to_in_001,5
2024,다아807204,to_in_007,0
2024,다아807204,to_in_008,0
2024,다아807216,to_in_001,5
2024,다아807216,to_in_007,5
2024,다아807216,to_in_008,0
2024,다아807294,to_in_001,5
2024,다아807294,to_in_007,0
2024,다아807294,to_in_008,5
2024,다아807295,to_in_001,33
2024,다아807295,to_in_007,18
2024,다아807295,to_in_008,13
2024,다아807296,to_in_001,5
2024,다아807296,to_in_007,0
2024,다아807296,to_in_008,5
2024,다아808027,to_in_001,8
2024,다아808027,to_in_007,0
2024,다아808027,to_in_008,8
2024,다아808030,to_in_001,5
2024,다아808030,to_in_007,5
2024,다아808030,to_in_008,0
2024,다아808031,to_in_001,5
2024,다아808031,to_in_007,0
2024,다아808031,to_in_008,0
2024,다아808053,to_in_001,5
2024,다아808053,to_in_007,0
2024,다아808053,to_in_008,5
2024,다아808085,to_in_001,8
2024,다아808085,to_in_007,5
2024,다아808085,to_in_008,5
2024,다아808086,to_in_001,13
2024,다아808086,to_in_007,5
2024,다아808086,to_in_008,8
2024,다아808087,to_in_001,18
2024,다아808087,to_in_007,8
2024,다아808087,to_in_008,8
2024,다아808088,to_in_001,8
2024,다아808088,to_in_007,5
2024,다아808088,to_in_008,5
2024,다아808104,to_in_001,5
2024,다아808104,to_in_007,0
2024,다아808104,to_in_008,5
2024,다아808108,to_in_001,8
2024,다아808108,to_in_007,5
2024,다아808108,to_in_008,8
2024,다아808109,to_in_001,8
2024,다아808109,to_in_007,5
2024,다아808109,to_in_008,5
2024,다아808110,to_in_001,5
2024,다아808110,to_in_007,0
2024,다아808110,to_in_008,5
2024,다아808111,to_in_001,5
2024,다아808111,to_in_007,5
2024,다아808111,to_in_008,0
2024,다아808126,to_in_001,0
2024,다아808126,to_in_007,0
2024,다아808126,to_in_008,0
2024,다아808138,to_in_001,5
2024,다아808138,to_in_007,5
2024,다아808138,to_in_008,0
2024,다아808139,to_in_001,5
2024,다아808139,to_in_007,5
2024,다아808139,to_in_008,0
2024,다아808145,to_in_001,5
2024,다아808145,to_in_007,0
2024,다아808145,to_in_008,0
2024,다아808155,to_in_001,5
2024,다아808155,to_in_007,5
2024,다아808155,to_in_008,0
2024,다아808157,to_in_001,5
2024,다아808157,to_in_007,5
2024,다아808157,to_in_008,0
2024,다아808210,to_in_001,5
2024,다아808210,to_in_007,0
2024,다아808210,to_in_008,5
2024,다아808212,to_in_001,5
2024,다아808212,to_in_007,5
2024,다아808212,to_in_008,0
2024,다아810201,to_in_001,5
2024,다아810201,to_in_007,5
2024,다아810201,to_in_008,5
2024,다아810209,to_in_001,8
2024,다아810209,to_in_007,5
2024,다아810209,to_in_008,5
2024,다아810229,to_in_001,8
2024,다아810229,to_in_007,5
2024,다아810229,to_in_008,5
2024,다아810230,to_in_001,13
2024,다아810230,to_in_007,5
2024,다아810230,to_in_008,8
2024,다아810296,to_in_001,8
2024,다아810296,to_in_007,8
2024,다아810296,to_in_008,0
2024,다아810297,to_in_001,13
2024,다아810297,to_in_007,8
2024,다아810297,to_in_008,8
2024,다아810298,to_in_001,18
2024,다아810298,to_in_007,8
2024,다아810298,to_in_008,13
2024,다아810299,to_in_001,13
2024,다아810299,to_in_007,8
2024,다아810299,to_in_008,8
2024,다아811023,to_in_001,5
2024,다아811023,to_in_007,5
2024,다아811023,to_in_008,5
2024,다아811024,to_in_001,5
2024,다아811024,to_in_007,5
2024,다아811024,to_in_008,5
2024,다아811052,to_in_001,5
2024,다아811052,to_in_007,5
2024,다아811052,to_in_008,0
2024,다아811082,to_in_001,5
2024,다아811082,to_in_007,5
2024,다아811082,to_in_008,0
2024,다아811083,to_in_001,8
2024,다아811083,to_in_007,5
2024,다아811083,to_in_008,5
2024,다아811084,to_in_001,8
2024,다아811084,to_in_007,5
2024,다아811084,to_in_008,5
2024,다아811110,to_in_001,5
2024,다아811110,to_in_007,5
2024,다아811110,to_in_008,0
2024,다아811113,to_in_001,5
2024,다아811113,to_in_007,5
2024,다아811113,to_in_008,0
2024,다아811115,to_in_001,8
2024,다아811115,to_in_007,5
2024,다아811115,to_in_008,8
2024,다아811116,to_in_001,0
2024,다아811116,to_in_007,0
2024,다아811116,to_in_008,0
2024,다아811151,to_in_001,5
2024,다아811151,to_in_007,0
2024,다아811151,to_in_008,0
2024,다아811152,to_in_001,8
2024,다아811152,to_in_007,5
2024,다아811152,to_in_008,5
2024,다아811153,to_in_001,8
2024,다아811153,to_in_007,5
2024,다아811153,to_in_008,5
2024,다아811154,to_in_001,8
2024,다아811154,to_in_007,5
2024,다아811154,to_in_008,5
2024,다아811207,to_in_001,8
2024,다아811207,to_in_007,5
2024,다아811207,to_in_008,5
2024,다아811269,to_in_001,5
2024,다아811269,to_in_007,0
2024,다아811269,to_in_008,5
2024,다아811270,to_in_001,23
2024,다아811270,to_in_007,13
2024,다아811270,to_in_008,13
2024,다아811271,to_in_001,0
2024,다아811271,to_in_007,0
2024,다아811271,to_in_008,0
2024,다아811272,to_in_001,5
2024,다아811272,to_in_007,0
2024,다아811272,to_in_008,0
2024,다아811273,to_in_001,5
2024,다아811273,to_in_007,0
2024,다아811273,to_in_008,0
2024,다아811296,to_in_001,5
2024,다아811296,to_in_007,5
2024,다아811296,to_in_008,5
2024,다아811297,to_in_001,28
2024,다아811297,to_in_007,13
2024,다아811297,to_in_008,13
2024,다아811298,to_in_001,18
2024,다아811298,to_in_007,8
2024,다아811298,to_in_008,8
2024,다아812082,to_in_001,23
2024,다아812082,to_in_007,13
2024,다아812082,to_in_008,8
2024,다아812083,to_in_001,0
2024,다아812083,to_in_007,0
2024,다아812083,to_in_008,0
2024,다아812085,to_in_001,5
2024,다아812085,to_in_007,0
2024,다아812085,to_in_008,5
2024,다아812109,to_in_001,0
2024,다아812109,to_in_007,0
2024,다아812109,to_in_008,0
2024,다아812112,to_in_001,5
2024,다아812112,to_in_007,5
2024,다아812112,to_in_008,5
2024,다아812113,to_in_001,0
2024,다아812113,to_in_007,0
2024,다아812113,to_in_008,0
2024,다아812116,to_in_001,5
2024,다아812116,to_in_007,5
2024,다아812116,to_in_008,0
2024,다아812117,to_in_001,5
2024,다아812117,to_in_007,5
2024,다아812117,to_in_008,5
2024,다아812120,to_in_001,8
2024,다아812120,to_in_007,8
2024,다아812120,to_in_008,5
2024,다아814126,to_in_001,5
2024,다아814126,to_in_007,0
2024,다아814126,to_in_008,5
2024,다아814155,to_in_001,65
2024,다아814155,to_in_007,13
2024,다아814155,to_in_008,50
2024,다아814158,to_in_001,5
2024,다아814158,to_in_007,5
2024,다아814158,to_in_008,0
2024,다아814162,to_in_001,5
2024,다아814162,to_in_007,0
2024,다아814162,to_in_008,5
2024,다아814173,to_in_001,5
2024,다아814173,to_in_007,0
2024,다아814173,to_in_008,5
2024,다아814207,to_in_001,5
2024,다아814207,to_in_007,5
2024,다아814207,to_in_008,5
2024,다아814208,to_in_001,8
2024,다아814208,to_in_007,5
2024,다아814208,to_in_008,5
2024,다아814209,to_in_001,8
2024,다아814209,to_in_007,8
2024,다아814209,to_in_008,5
2024,다아814227,to_in_001,0
2024,다아814227,to_in_007,0
2024,다아814227,to_in_008,0
2024,다아814230,to_in_001,0
2024,다아814230,to_in_007,0
2024,다아814230,to_in_008,0
2024,다아814231,to_in_001,5
2024,다아814231,to_in_007,5
2024,다아814231,to_in_008,0
2024,다아814232,to_in_001,8
2024,다아814232,to_in_007,8
2024,다아814232,to_in_008,5
2024,다아814300,to_in_001,0
2024,다아814300,to_in_007,0
2024,다아814300,to_in_008,0
2024,다아815111,to_in_001,0
2024,다아815111,to_in_007,0
2024,다아815111,to_in_008,0
2024,다아815112,to_in_001,0
2024,다아815112,to_in_007,0
2024,다아815112,to_in_008,0
2024,다아815123,to_in_001,8
2024,다아815123,to_in_007,8
2024,다아815123,to_in_008,0
2024,다아815124,to_in_001,23
2024,다아815124,to_in_007,8
2024,다아815124,to_in_008,13
2024,다아815125,to_in_001,13
2024,다아815125,to_in_007,8
2024,다아815125,to_in_008,8
2024,다아815132,to_in_001,5
2024,다아815132,to_in_007,5
2024,다아815132,to_in_008,0
2024,다아815133,to_in_001,5
2024,다아815133,to_in_007,5
2024,다아815133,to_in_008,0
2024,다아815134,to_in_001,8
2024,다아815134,to_in_007,5
2024,다아815134,to_in_008,5
2024,다아815135,to_in_001,5
2024,다아815135,to_in_007,0
2024,다아815135,to_in_008,0
2024,다아815143,to_in_001,8
2024,다아815143,to_in_007,8
2024,다아815143,to_in_008,0
2024,다아815160,to_in_001,8
2024,다아815160,to_in_007,5
2024,다아815160,to_in_008,5
2024,다아815161,to_in_001,8
2024,다아815161,to_in_007,8
2024,다아815161,to_in_008,8
2024,다아815164,to_in_001,0
2024,다아815164,to_in_007,0
2024,다아815164,to_in_008,0
2024,다아815165,to_in_001,13
2024,다아815165,to_in_007,8
2024,다아815165,to_in_008,5
2024,다아817003,to_in_001,5
2024,다아817003,to_in_007,0
2024,다아817003,to_in_008,0
2024,다아817079,to_in_001,5
2024,다아817079,to_in_007,0
2024,다아817079,to_in_008,0
2024,다아817124,to_in_001,5
2024,다아817124,to_in_007,0
2024,다아817124,to_in_008,5
2024,다아817125,to_in_001,8
2024,다아817125,to_in_007,5
2024,다아817125,to_in_008,5
2024,다아817126,to_in_001,5
2024,다아817126,to_in_007,5
2024,다아817126,to_in_008,5
2024,다아817127,to_in_001,13
2024,다아817127,to_in_007,8
2024,다아817127,to_in_008,8
2024,다아817128,to_in_001,13
2024,다아817128,to_in_007,8
2024,다아817128,to_in_008,8
2024,다아817129,to_in_001,18
2024,다아817129,to_in_007,8
2024,다아817129,to_in_008,8
2024,다아817130,to_in_001,18
2024,다아817130,to_in_007,13
2024,다아817130,to_in_008,8
2024,다아817131,to_in_001,5
2024,다아817131,to_in_007,5
2024,다아817131,to_in_008,0
2024,다아817166,to_in_001,8
2024,다아817166,to_in_007,5
2024,다아817166,to_in_008,5
2024,다아817167,to_in_001,5
2024,다아817167,to_in_007,5
2024,다아817167,to_in_008,0
2024,다아817193,to_in_001,0
2024,다아817193,to_in_007,0
2024,다아817193,to_in_008,0
2024,다아817206,to_in_001,0
2024,다아817206,to_in_007,0
2024,다아817206,to_in_008,0
2024,다아817251,to_in_001,5
2024,다아817251,to_in_007,0
2024,다아817251,to_in_008,5
2024,다아817259,to_in_001,5
2024,다아817259,to_in_007,5
2024,다아817259,to_in_008,0
2024,다아817272,to_in_001,5
2024,다아817272,to_in_007,5
2024,다아817272,to_in_008,0
2024,다아818076,to_in_001,5
2024,다아818076,to_in_007,5
2024,다아818076,to_in_008,0
2024,다아818078,to_in_001,0
2024,다아818078,to_in_007,0
2024,다아818078,to_in_008,0
2024,다아818124,to_in_001,5
2024,다아818124,to_in_007,0
2024,다아818124,to_in_008,5
2024,다아818125,to_in_001,38
2024,다아818125,to_in_007,23
2024,다아818125,to_in_008,18
2024,다아818126,to_in_001,8
2024,다아818126,to_in_007,5
2024,다아818126,to_in_008,5
2024,다아818127,to_in_001,8
2024,다아818127,to_in_007,8
2024,다아818127,to_in_008,5
2024,다아818128,to_in_001,13
2024,다아818128,to_in_007,8
2024,다아818128,to_in_008,8
2024,다아818129,to_in_001,18
2024,다아818129,to_in_007,13
2024,다아818129,to_in_008,8
2024,다아818130,to_in_001,5
2024,다아818130,to_in_007,5
2024,다아818130,to_in_008,5
2024,다아818131,to_in_001,5
2024,다아818131,to_in_007,0
2024,다아818131,to_in_008,5
2024,다아818133,to_in_001,8
2024,다아818133,to_in_007,5
2024,다아818133,to_in_008,5
2024,다아818134,to_in_001,5
2024,다아818134,to_in_007,5
2024,다아818134,to_in_008,0
2024,다아820258,to_in_001,5
2024,다아820258,to_in_007,5
2024,다아820258,to_in_008,5
2024,다아821006,to_in_001,5
2024,다아821006,to_in_007,0
2024,다아821006,to_in_008,5
2024,다아821007,to_in_001,8
2024,다아821007,to_in_007,5
2024,다아821007,to_in_008,5
2024,다아821009,to_in_001,8
2024,다아821009,to_in_007,5
2024,다아821009,to_in_008,5
2024,다아821011,to_in_001,0
2024,다아821011,to_in_007,0
2024,다아821011,to_in_008,0
2024,다아821017,to_in_001,5
2024,다아821017,to_in_007,0
2024,다아821017,to_in_008,0
2024,다아821078,to_in_001,5
2024,다아821078,to_in_007,0
2024,다아821078,to_in_008,0
2024,다아821079,to_in_001,8
2024,다아821079,to_in_007,8
2024,다아821079,to_in_008,0
2024,다아821080,to_in_001,5
2024,다아821080,to_in_007,5
2024,다아821080,to_in_008,0
2024,다아821137,to_in_001,8
2024,다아821137,to_in_007,8
2024,다아821137,to_in_008,0
2024,다아821146,to_in_001,5
2024,다아821146,to_in_007,5
2024,다아821146,to_in_008,0
2024,다아821150,to_in_001,0
2024,다아821150,to_in_007,0
2024,다아821150,to_in_008,0
2024,다아821151,to_in_001,5
2024,다아821151,to_in_007,0
2024,다아821151,to_in_008,0
2024,다아821163,to_in_001,5
2024,다아821163,to_in_007,5
2024,다아821163,to_in_008,0
2024,다아821171,to_in_001,5
2024,다아821171,to_in_007,5
2024,다아821171,to_in_008,0
2024,다아821174,to_in_001,8
2024,다아821174,to_in_007,5
2024,다아821174,to_in_008,8
2024,다아821224,to_in_001,13
2024,다아821224,to_in_007,8
2024,다아821224,to_in_008,8
2024,다아821225,to_in_001,18
2024,다아821225,to_in_007,8
2024,다아821225,to_in_008,8
2024,다아821227,to_in_001,8
2024,다아821227,to_in_007,5
2024,다아821227,to_in_008,5
2024,다아821228,to_in_001,0
2024,다아821228,to_in_007,0
2024,다아821228,to_in_008,0
2024,다아821229,to_in_001,8
2024,다아821229,to_in_007,5
2024,다아821229,to_in_008,5
2024,다아821230,to_in_001,5
2024,다아821230,to_in_007,0
2024,다아821230,to_in_008,5
2024,다아821231,to_in_001,5
2024,다아821231,to_in_007,5
2024,다아821231,to_in_008,0
2024,다아822005,to_in_001,5
2024,다아822005,to_in_007,5
2024,다아822005,to_in_008,0
2024,다아822006,to_in_001,5
2024,다아822006,to_in_007,5
2024,다아822006,to_in_008,0
2024,다아822007,to_in_001,5
2024,다아822007,to_in_007,0
2024,다아822007,to_in_008,0
2024,다아825227,to_in_001,8
2024,다아825227,to_in_007,5
2024,다아825227,to_in_008,5
2024,다아825228,to_in_001,5
2024,다아825228,to_in_007,5
2024,다아825228,to_in_008,0
2024,다아825272,to_in_001,5
2024,다아825272,to_in_007,0
2024,다아825272,to_in_008,5
2024,다아826007,to_in_001,5
2024,다아826007,to_in_007,0
2024,다아826007,to_in_008,5
2024,다아826009,to_in_001,5
2024,다아826009,to_in_007,5
2024,다아826009,to_in_008,5
2024,다아826057,to_in_001,0
2024,다아826057,to_in_007,0
2024,다아826057,to_in_008,0
2024,다아826075,to_in_001,5
2024,다아826075,to_in_007,0
2024,다아826075,to_in_008,0
2024,다아826076,to_in_001,0
2024,다아826076,to_in_007,0
2024,다아826076,to_in_008,0
2024,다아826112,to_in_001,8
2024,다아826112,to_in_007,5
2024,다아826112,to_in_008,5
2024,다아826115,to_in_001,0
2024,다아826115,to_in_007,0
2024,다아826115,to_in_008,0
2024,다아826117,to_in_001,5
2024,다아826117,to_in_007,5
2024,다아826117,to_in_008,0
2024,다아826143,to_in_001,5
2024,다아826143,to_in_007,5
2024,다아826143,to_in_008,0
2024,다아826146,to_in_001,5
2024,다아826146,to_in_007,5
2024,다아826146,to_in_008,0
2024,다아826157,to_in_001,53
2024,다아826157,to_in_007,28
2024,다아826157,to_in_008,23
2024,다아826158,to_in_001,55
2024,다아826158,to_in_007,30
2024,다아826158,to_in_008,23
2024,다아826160,to_in_001,324
2024,다아826160,to_in_007,165
2024,다아826160,to_in_008,162
2024,다아826162,to_in_001,252
2024,다아826162,to_in_007,135
2024,다아826162,to_in_008,115
2024,다아826163,to_in_001,415
2024,다아826163,to_in_007,227
2024,다아826163,to_in_008,186
2024,다아826165,to_in_001,8
2024,다아826165,to_in_007,5
2024,다아826165,to_in_008,5
2024,다아826186,to_in_001,0
2024,다아826186,to_in_007,0
2024,다아826186,to_in_008,0
2024,다아826187,to_in_001,0
2024,다아826187,to_in_007,0
2024,다아826187,to_in_008,0
2024,다아826205,to_in_001,5
2024,다아826205,to_in_007,0
2024,다아826205,to_in_008,0
2024,다아826222,to_in_001,5
2024,다아826222,to_in_007,5
2024,다아826222,to_in_008,0
2024,다아826223,to_in_001,5
2024,다아826223,to_in_007,5
2024,다아826223,to_in_008,0
2024,다아826225,to_in_001,0
2024,다아826225,to_in_007,0
2024,다아826225,to_in_008,0
2024,다아827010,to_in_001,0
2024,다아827010,to_in_007,0
2024,다아827010,to_in_008,0
2024,다아827057,to_in_001,0
2024,다아827057,to_in_007,0
2024,다아827057,to_in_008,0
2024,다아827059,to_in_001,0
2024,다아827059,to_in_007,0
2024,다아827059,to_in_008,0
2024,다아827078,to_in_001,5
2024,다아827078,to_in_007,5
2024,다아827078,to_in_008,0
2024,다아827079,to_in_001,8
2024,다아827079,to_in_007,8
2024,다아827079,to_in_008,5
2024,다아827120,to_in_001,8
2024,다아827120,to_in_007,8
2024,다아827120,to_in_008,5
2024,다아827121,to_in_001,0
2024,다아827121,to_in_007,0
2024,다아827121,to_in_008,0
2024,다아827122,to_in_001,5
2024,다아827122,to_in_007,5
2024,다아827122,to_in_008,0
2024,다아827125,to_in_001,5
2024,다아827125,to_in_007,0
2024,다아827125,to_in_008,0
2024,다아827128,to_in_001,0
2024,다아827128,to_in_007,0
2024,다아827128,to_in_008,0
2024,다아827149,to_in_001,0
2024,다아827149,to_in_007,0
2024,다아827149,to_in_008,0
2024,다아827152,to_in_001,8
2024,다아827152,to_in_007,5
2024,다아827152,to_in_008,5
2024,다아827158,to_in_001,475
2024,다아827158,to_in_007,245
2024,다아827158,to_in_008,233
2024,다아827160,to_in_001,181
2024,다아827160,to_in_007,95
2024,다아827160,to_in_008,84
2024,다아827161,to_in_001,146
2024,다아827161,to_in_007,84
2024,다아827161,to_in_008,60
2024,다아827162,to_in_001,8
2024,다아827162,to_in_007,5
2024,다아827162,to_in_008,5
2024,다아827169,to_in_001,5
2024,다아827169,to_in_007,5
2024,다아827169,to_in_008,5
2024,다아827178,to_in_001,0
2024,다아827178,to_in_007,0
2024,다아827178,to_in_008,0
2024,다아827181,to_in_001,5
2024,다아827181,to_in_007,0
2024,다아827181,to_in_008,5
2024,다아827182,to_in_001,5
2024,다아827182,to_in_007,0
2024,다아827182,to_in_008,0
2024,다아827204,to_in_001,8
2024,다아827204,to_in_007,5
2024,다아827204,to_in_008,8
2024,다아829162,to_in_001,23
2024,다아829162,to_in_007,13
2024,다아829162,to_in_008,8
2024,다아829164,to_in_001,28
2024,다아829164,to_in_007,23
2024,다아829164,to_in_008,8
2024,다아829165,to_in_001,8
2024,다아829165,to_in_007,5
2024,다아829165,to_in_008,5
2024,다아829166,to_in_001,8
2024,다아829166,to_in_007,5
2024,다아829166,to_in_008,5
2024,다아829169,to_in_001,8
2024,다아829169,to_in_007,5
2024,다아829169,to_in_008,8
2024,다아829170,to_in_001,39
2024,다아829170,to_in_007,24
2024,다아829170,to_in_008,18
2024,다아829171,to_in_001,8
2024,다아829171,to_in_007,5
2024,다아829171,to_in_008,5
2024,다아829175,to_in_001,0
2024,다아829175,to_in_007,0
2024,다아829175,to_in_008,0
2024,다아829176,to_in_001,8
2024,다아829176,to_in_007,5
2024,다아829176,to_in_008,5
2024,다아829177,to_in_001,8
2024,다아829177,to_in_007,8
2024,다아829177,to_in_008,0
2024,다아829180,to_in_001,5
2024,다아829180,to_in_007,5
2024,다아829180,to_in_008,0
2024,다아829181,to_in_001,5
2024,다아829181,to_in_007,0
2024,다아829181,to_in_008,5
2024,다아829182,to_in_001,5
2024,다아829182,to_in_007,0
2024,다아829182,to_in_008,0
2024,다아829221,to_in_001,5
2024,다아829221,to_in_007,0
2024,다아829221,to_in_008,0
2024,다아829222,to_in_001,5
2024,다아829222,to_in_007,5
2024,다아829222,to_in_008,5
2024,다아829268,to_in_001,5
2024,다아829268,to_in_007,5
2024,다아829268,to_in_008,0
2024,다아829307,to_in_001,5
2024,다아829307,to_in_007,5
2024,다아829307,to_in_008,0
2024,다아829308,to_in_001,23
2024,다아829308,to_in_007,13
2024,다아829308,to_in_008,13
2024,다아829309,to_in_001,13
2024,다아829309,to_in_007,5
2024,다아829309,to_in_008,8
2024,다아829310,to_in_001,5
2024,다아829310,to_in_007,5
2024,다아829310,to_in_008,0
2024,다아830054,to_in_001,13
2024,다아830054,to_in_007,8
2024,다아830054,to_in_008,8
2024,다아830055,to_in_001,8
2024,다아830055,to_in_007,5
2024,다아830055,to_in_008,8
2024,다아830056,to_in_001,8
2024,다아830056,to_in_007,5
2024,다아830056,to_in_008,5
2024,다아830057,to_in_001,13
2024,다아830057,to_in_007,8
2024,다아830057,to_in_008,5
2024,다아830076,to_in_001,13
2024,다아830076,to_in_007,8
2024,다아830076,to_in_008,8
2024,다아830122,to_in_001,5
2024,다아830122,to_in_007,5
2024,다아830122,to_in_008,0
2024,다아830126,to_in_001,5
2024,다아830126,to_in_007,0
2024,다아830126,to_in_008,0
2024,다아830154,to_in_001,5
2024,다아830154,to_in_007,0
2024,다아830154,to_in_008,0
2024,다아830155,to_in_001,8
2024,다아830155,to_in_007,5
2024,다아830155,to_in_008,5
2024,다아830157,to_in_001,8
2024,다아830157,to_in_007,5
2024,다아830157,to_in_008,5
2024,다아830158,to_in_001,63
2024,다아830158,to_in_007,33
2024,다아830158,to_in_008,28
2024,다아830159,to_in_001,53
2024,다아830159,to_in_007,28
2024,다아830159,to_in_008,23
2024,다아830160,to_in_001,71
2024,다아830160,to_in_007,29
2024,다아830160,to_in_008,40
2024,다아830161,to_in_001,121
2024,다아830161,to_in_007,56
2024,다아830161,to_in_008,63
2024,다아830162,to_in_001,142
2024,다아830162,to_in_007,69
2024,다아830162,to_in_008,71
2024,다아830163,to_in_001,28
2024,다아830163,to_in_007,18
2024,다아830163,to_in_008,13
2024,다아830164,to_in_001,85
2024,다아830164,to_in_007,44
2024,다아830164,to_in_008,39
2024,다아830168,to_in_001,18
2024,다아830168,to_in_007,8
2024,다아830168,to_in_008,8
2024,다아830169,to_in_001,13
2024,다아830169,to_in_007,5
2024,다아830169,to_in_008,8
2024,다아830170,to_in_001,38
2024,다아830170,to_in_007,23
2024,다아830170,to_in_008,18
2024,다아830171,to_in_001,48
2024,다아830171,to_in_007,23
2024,다아830171,to_in_008,23
2024,다아830179,to_in_001,5
2024,다아830179,to_in_007,5
2024,다아830179,to_in_008,0
2024,다아830180,to_in_001,5
2024,다아830180,to_in_007,5
2024,다아830180,to_in_008,0
2024,다아830182,to_in_001,5
2024,다아830182,to_in_007,0
2024,다아830182,to_in_008,0
2024,다아830188,to_in_001,5
2024,다아830188,to_in_007,5
2024,다아830188,to_in_008,5
2024,다아830191,to_in_001,0
2024,다아830191,to_in_007,0
2024,다아830191,to_in_008,0
2024,다아832002,to_in_001,8
2024,다아832002,to_in_007,0
2024,다아832002,to_in_008,8
2024,다아832004,to_in_001,5
2024,다아832004,to_in_007,5
2024,다아832004,to_in_008,5
2024,다아832057,to_in_001,5
2024,다아832057,to_in_007,5
2024,다아832057,to_in_008,5
2024,다아832076,to_in_001,117
2024,다아832076,to_in_007,30
2024,다아832076,to_in_008,90
2024,다아832077,to_in_001,23
2024,다아832077,to_in_007,13
2024,다아832077,to_in_008,8
2024,다아832155,to_in_001,8
2024,다아832155,to_in_007,5
2024,다아832155,to_in_008,5
2024,다아832156,to_in_001,8
2024,다아832156,to_in_007,8
2024,다아832156,to_in_008,5
2024,다아832157,to_in_001,8
2024,다아832157,to_in_007,5
2024,다아832157,to_in_008,5
2024,다아832158,to_in_001,8
2024,다아832158,to_in_007,5
2024,다아832158,to_in_008,5
2024,다아832159,to_in_001,8
2024,다아832159,to_in_007,0
2024,다아832159,to_in_008,5
2024,다아832160,to_in_001,43
2024,다아832160,to_in_007,18
2024,다아832160,to_in_008,23
2024,다아832161,to_in_001,65
2024,다아832161,to_in_007,40
2024,다아832161,to_in_008,28
2024,다아832162,to_in_001,104
2024,다아832162,to_in_007,58
2024,다아832162,to_in_008,44
2024,다아832163,to_in_001,43
2024,다아832163,to_in_007,23
2024,다아832163,to_in_008,23
2024,다아832165,to_in_001,69
2024,다아832165,to_in_007,38
2024,다아832165,to_in_008,29
2024,다아832166,to_in_001,43
2024,다아832166,to_in_007,23
2024,다아832166,to_in_008,18
2024,다아832171,to_in_001,8
2024,다아832171,to_in_007,5
2024,다아832171,to_in_008,5
2024,다아832172,to_in_001,8
2024,다아832172,to_in_007,5
2024,다아832172,to_in_008,5
2024,다아832173,to_in_001,8
2024,다아832173,to_in_007,5
2024,다아832173,to_in_008,8
2024,다아832175,to_in_001,5
2024,다아832175,to_in_007,5
2024,다아832175,to_in_008,0
2024,다아832195,to_in_001,8
2024,다아832195,to_in_007,5
2024,다아832195,to_in_008,5
2024,다아832197,to_in_001,5
2024,다아832197,to_in_007,0
2024,다아832197,to_in_008,0
2024,다아832201,to_in_001,0
2024,다아832201,to_in_007,0
2024,다아832201,to_in_008,0
2024,다아832215,to_in_001,8
2024,다아832215,to_in_007,8
2024,다아832215,to_in_008,5
2024,다아832220,to_in_001,5
2024,다아832220,to_in_007,5
2024,다아832220,to_in_008,0
2024,다아833075,to_in_001,0
2024,다아833075,to_in_007,0
2024,다아833075,to_in_008,0
2024,다아833117,to_in_001,8
2024,다아833117,to_in_007,8
2024,다아833117,to_in_008,0
2024,다아833156,to_in_001,8
2024,다아833156,to_in_007,8
2024,다아833156,to_in_008,5
2024,다아833157,to_in_001,18
2024,다아833157,to_in_007,8
2024,다아833157,to_in_008,8
2024,다아833159,to_in_001,23
2024,다아833159,to_in_007,13
2024,다아833159,to_in_008,13
2024,다아833160,to_in_001,38
2024,다아833160,to_in_007,23
2024,다아833160,to_in_008,18
2024,다아833161,to_in_001,48
2024,다아833161,to_in_007,23
2024,다아833161,to_in_008,23
2024,다아833162,to_in_001,23
2024,다아833162,to_in_007,13
2024,다아833162,to_in_008,8
2024,다아833163,to_in_001,86
2024,다아833163,to_in_007,51
2024,다아833163,to_in_008,38
2024,다아833164,to_in_001,48
2024,다아833164,to_in_007,28
2024,다아833164,to_in_008,18
2024,다아833165,to_in_001,8
2024,다아833165,to_in_007,8
2024,다아833165,to_in_008,5
2024,다아833166,to_in_001,5
2024,다아833166,to_in_007,5
2024,다아833166,to_in_008,5
2024,다아833167,to_in_001,5
2024,다아833167,to_in_007,0
2024,다아833167,to_in_008,5
2024,다아833170,to_in_001,8
2024,다아833170,to_in_007,8
2024,다아833170,to_in_008,5
2024,다아833171,to_in_001,8
2024,다아833171,to_in_007,8
2024,다아833171,to_in_008,5
2024,다아833173,to_in_001,23
2024,다아833173,to_in_007,13
2024,다아833173,to_in_008,13
2024,다아833174,to_in_001,13
2024,다아833174,to_in_007,8
2024,다아833174,to_in_008,8
2024,다아833179,to_in_001,0
2024,다아833179,to_in_007,0
2024,다아833179,to_in_008,0
2024,다아834057,to_in_001,5
2024,다아834057,to_in_007,0
2024,다아834057,to_in_008,0
2024,다아834074,to_in_001,8
2024,다아834074,to_in_007,5
2024,다아834074,to_in_008,5
2024,다아834075,to_in_001,5
2024,다아834075,to_in_007,5
2024,다아834075,to_in_008,0
2024,다아838019,to_in_001,5
2024,다아838019,to_in_007,5
2024,다아838019,to_in_008,5
2024,다아838020,to_in_001,8
2024,다아838020,to_in_007,8
2024,다아838020,to_in_008,8
2024,다아838021,to_in_001,5
2024,다아838021,to_in_007,5
2024,다아838021,to_in_008,0
2024,다아838072,to_in_001,5
2024,다아838072,to_in_007,0
2024,다아838072,to_in_008,5
2024,다아838073,to_in_001,5
2024,다아838073,to_in_007,0
2024,다아838073,to_in_008,0
2024,다아838160,to_in_001,5
2024,다아838160,to_in_007,0
2024,다아838160,to_in_008,0
2024,다아838162,to_in_001,38
2024,다아838162,to_in_007,18
2024,다아838162,to_in_008,18
2024,다아838163,to_in_001,93
2024,다아838163,to_in_007,44
2024,다아838163,to_in_008,47
2024,다아838164,to_in_001,18
2024,다아838164,to_in_007,13
2024,다아838164,to_in_008,8
2024,다아838181,to_in_001,8
2024,다아838181,to_in_007,5
2024,다아838181,to_in_008,5
2024,다아838185,to_in_001,8
2024,다아838185,to_in_007,5
2024,다아838185,to_in_008,5
2024,다아838204,to_in_001,0
2024,다아838204,to_in_007,0
2024,다아838204,to_in_008,0
2024,다아838205,to_in_001,8
2024,다아838205,to_in_007,5
2024,다아838205,to_in_008,5
2024,다아838206,to_in_001,5
2024,다아838206,to_in_007,5
2024,다아838206,to_in_008,5
2024,다아838208,to_in_001,8
2024,다아838208,to_in_007,5
2024,다아838208,to_in_008,5
2024,다아839002,to_in_001,8
2024,다아839002,to_in_007,8
2024,다아839002,to_in_008,0
2024,다아839004,to_in_001,5
2024,다아839004,to_in_007,5
2024,다아839004,to_in_008,0
2024,다아839006,to_in_001,0
2024,다아839006,to_in_007,0
2024,다아839006,to_in_008,0
2024,다아839072,to_in_001,0
2024,다아839072,to_in_007,0
2024,다아839072,to_in_008,0
2024,다아839073,to_in_001,13
2024,다아839073,to_in_007,5
2024,다아839073,to_in_008,8
2024,다아839074,to_in_001,5
2024,다아839074,to_in_007,5
2024,다아839074,to_in_008,0
2024,다아839162,to_in_001,18
2024,다아839162,to_in_007,8
2024,다아839162,to_in_008,8
2024,다아839163,to_in_001,0
2024,다아839163,to_in_007,0
2024,다아839163,to_in_008,0
2024,다아839169,to_in_001,5
2024,다아839169,to_in_007,0
2024,다아839169,to_in_008,0
2024,다아839171,to_in_001,8
2024,다아839171,to_in_007,8
2024,다아839171,to_in_008,5
2024,다아839179,to_in_001,0
2024,다아839179,to_in_007,0
2024,다아839179,to_in_008,0
2024,다아839180,to_in_001,8
2024,다아839180,to_in_007,8
2024,다아839180,to_in_008,5
2024,다아839181,to_in_001,0
2024,다아839181,to_in_007,0
2024,다아839181,to_in_008,0
2024,다아839182,to_in_001,5
2024,다아839182,to_in_007,5
2024,다아839182,to_in_008,5
2024,다아839183,to_in_001,8
2024,다아839183,to_in_007,5
2024,다아839183,to_in_008,5
2024,다아839187,to_in_001,5
2024,다아839187,to_in_007,0
2024,다아839187,to_in_008,0
2024,다아839190,to_in_001,8
2024,다아839190,to_in_007,5
2024,다아839190,to_in_008,5
2024,다아839193,to_in_001,0
2024,다아839193,to_in_007,0
2024,다아839193,to_in_008,0
2024,다아839194,to_in_001,5
2024,다아839194,to_in_007,0
2024,다아839194,to_in_008,5
2024,다아839195,to_in_001,8
2024,다아839195,to_in_007,5
2024,다아839195,to_in_008,5
2024,다아839197,to_in_001,0
2024,다아839197,to_in_007,0
2024,다아839197,to_in_008,0
2024,다아839198,to_in_001,8
2024,다아839198,to_in_007,8
2024,다아839198,to_in_008,5
2024,다아842161,to_in_001,8
2024,다아842161,to_in_007,5
2024,다아842161,to_in_008,5
2024,다아842165,to_in_001,5
2024,다아842165,to_in_007,0
2024,다아842165,to_in_008,5
2024,다아842170,to_in_001,8
2024,다아842170,to_in_007,5
2024,다아842170,to_in_008,5
2024,다아842174,to_in_001,5
2024,다아842174,to_in_007,0
2024,다아842174,to_in_008,0
2024,다아842182,to_in_001,5
2024,다아842182,to_in_007,5
2024,다아842182,to_in_008,0
2024,다아842186,to_in_001,5
2024,다아842186,to_in_007,5
2024,다아842186,to_in_008,0
2024,다아842189,to_in_001,5
2024,다아842189,to_in_007,5
2024,다아842189,to_in_008,0
2024,다아842199,to_in_001,5
2024,다아842199,to_in_007,0
2024,다아842199,to_in_008,5
2024,다아842204,to_in_001,43
2024,다아842204,to_in_007,23
2024,다아842204,to_in_008,18
2024,다아842205,to_in_001,33
2024,다아842205,to_in_007,18
2024,다아842205,to_in_008,13
2024,다아842206,to_in_001,18
2024,다아842206,to_in_007,8
2024,다아842206,to_in_008,8
2024,다아842207,to_in_001,8
2024,다아842207,to_in_007,5
2024,다아842207,to_in_008,5
2024,다아842208,to_in_001,5
2024,다아842208,to_in_007,0
2024,다아842208,to_in_008,5
2024,다아843005,to_in_001,0
2024,다아843005,to_in_007,0
2024,다아843005,to_in_008,0
2024,다아843006,to_in_001,5
2024,다아843006,to_in_007,0
2024,다아843006,to_in_008,0
2024,다아843007,to_in_001,5
2024,다아843007,to_in_007,0
2024,다아843007,to_in_008,0
2024,다아843063,to_in_001,5
2024,다아843063,to_in_007,0
2024,다아843063,to_in_008,0
2024,다아843076,to_in_001,8
2024,다아843076,to_in_007,5
2024,다아843076,to_in_008,5
2024,다아843084,to_in_001,13
2024,다아843084,to_in_007,8
2024,다아843084,to_in_008,8
2024,다아843086,to_in_001,0
2024,다아843086,to_in_007,0
2024,다아843086,to_in_008,0
2024,다아843087,to_in_001,0
2024,다아843087,to_in_007,0
2024,다아843087,to_in_008,0
2024,다아843089,to_in_001,5
2024,다아843089,to_in_007,0
2024,다아843089,to_in_008,0
2024,다아843099,to_in_001,0
2024,다아843099,to_in_007,0
2024,다아843099,to_in_008,0
2024,다아843158,to_in_001,0
2024,다아843158,to_in_007,0
2024,다아843158,to_in_008,0
2024,다아843159,to_in_001,8
2024,다아843159,to_in_007,5
2024,다아843159,to_in_008,5
2024,다아843160,to_in_001,5
2024,다아843160,to_in_007,0
2024,다아843160,to_in_008,0
2024,다아843162,to_in_001,5
2024,다아843162,to_in_007,5
2024,다아843162,to_in_008,0
2024,다아843172,to_in_001,8
2024,다아843172,to_in_007,5
2024,다아843172,to_in_008,5
2024,다아843175,to_in_001,0
2024,다아843175,to_in_007,0
2024,다아843175,to_in_008,0
2024,다아843180,to_in_001,5
2024,다아843180,to_in_007,0
2024,다아843180,to_in_008,0
2024,다아843184,to_in_001,13
2024,다아843184,to_in_007,13
2024,다아843184,to_in_008,5
2024,다아843201,to_in_001,5
2024,다아843201,to_in_007,5
2024,다아843201,to_in_008,5
2024,다아843204,to_in_001,38
2024,다아843204,to_in_007,23
2024,다아843204,to_in_008,13
2024,다아843205,to_in_001,33
2024,다아843205,to_in_007,18
2024,다아843205,to_in_008,13
2024,다아843206,to_in_001,13
2024,다아843206,to_in_007,8
2024,다아843206,to_in_008,8
2024,다아843207,to_in_001,18
2024,다아843207,to_in_007,13
2024,다아843207,to_in_008,8
2024,다아846027,to_in_001,5
2024,다아846027,to_in_007,5
2024,다아846027,to_in_008,0
2024,다아846028,to_in_001,0
2024,다아846028,to_in_007,0
2024,다아846028,to_in_008,0
2024,다아846031,to_in_001,0
2024,다아846031,to_in_007,0
2024,다아846031,to_in_008,0
2024,다아846032,to_in_001,5
2024,다아846032,to_in_007,0
2024,다아846032,to_in_008,0
2024,다아846061,to_in_001,0
2024,다아846061,to_in_007,0
2024,다아846061,to_in_008,0
2024,다아846062,to_in_001,0
2024,다아846062,to_in_007,0
2024,다아846062,to_in_008,0
2024,다아846063,to_in_001,8
2024,다아846063,to_in_007,5
2024,다아846063,to_in_008,5
2024,다아846064,to_in_001,5
2024,다아846064,to_in_007,0
2024,다아846064,to_in_008,0
2024,다아846073,to_in_001,18
2024,다아846073,to_in_007,13
2024,다아846073,to_in_008,8
2024,다아846075,to_in_001,8
2024,다아846075,to_in_007,5
2024,다아846075,to_in_008,8
2024,다아846077,to_in_001,8
2024,다아846077,to_in_007,5
2024,다아846077,to_in_008,5
2024,다아846079,to_in_001,0
2024,다아846079,to_in_007,0
2024,다아846079,to_in_008,0
2024,다아846080,to_in_001,5
2024,다아846080,to_in_007,0
2024,다아846080,to_in_008,5
2024,다아846085,to_in_001,0
2024,다아846085,to_in_007,0
2024,다아846085,to_in_008,0
2024,다아846086,to_in_001,0
2024,다아846086,to_in_007,0
2024,다아846086,to_in_008,0
2024,다아846159,to_in_001,5
2024,다아846159,to_in_007,5
2024,다아846159,to_in_008,0
2024,다아846172,to_in_001,5
2024,다아846172,to_in_007,5
2024,다아846172,to_in_008,0
2024,다아846173,to_in_001,5
2024,다아846173,to_in_007,0
2024,다아846173,to_in_008,0
2024,다아846195,to_in_001,8
2024,다아846195,to_in_007,5
2024,다아846195,to_in_008,5
2024,다아846200,to_in_001,8
2024,다아846200,to_in_007,5
2024,다아846200,to_in_008,5
2024,다아846201,to_in_001,5
2024,다아846201,to_in_007,0
2024,다아846201,to_in_008,5
2024,다아846202,to_in_001,8
2024,다아846202,to_in_007,5
2024,다아846202,to_in_008,5
2024,다아847006,to_in_001,0
2024,다아847006,to_in_007,0
2024,다아847006,to_in_008,0
2024,다아847007,to_in_001,5
2024,다아847007,to_in_007,5
2024,다아847007,to_in_008,0
2024,다아847017,to_in_001,5
2024,다아847017,to_in_007,5
2024,다아847017,to_in_008,0
2024,다아847025,to_in_001,5
2024,다아847025,to_in_007,0
2024,다아847025,to_in_008,5
2024,다아889012,to_in_001,5
2024,다아889012,to_in_007,5
2024,다아889012,to_in_008,5
2024,다아889013,to_in_001,5
2024,다아889013,to_in_007,5
2024,다아889013,to_in_008,0
2024,다아889015,to_in_001,5
2024,다아889015,to_in_007,5
2024,다아889015,to_in_008,0
2024,다아889016,to_in_001,0
2024,다아889016,to_in_007,0
2024,다아889016,to_in_008,0
2024,다아889018,to_in_001,8
2024,다아889018,to_in_007,5
2024,다아889018,to_in_008,5
2024,다아889036,to_in_001,5
2024,다아889036,to_in_007,5
2024,다아889036,to_in_008,5
2024,다아889037,to_in_001,8
2024,다아889037,to_in_007,5
2024,다아889037,to_in_008,5
2024,다아889047,to_in_001,0
2024,다아889047,to_in_007,0
2024,다아889047,to_in_008,0
2024,다아889048,to_in_001,8
2024,다아889048,to_in_007,0
2024,다아889048,to_in_008,8
2024,다아889049,to_in_001,5
2024,다아889049,to_in_007,0
2024,다아889049,to_in_008,0
2024,다아889062,to_in_001,5
2024,다아889062,to_in_007,0
2024,다아889062,to_in_008,0
2024,다아889096,to_in_001,8
2024,다아889096,to_in_007,8
2024,다아889096,to_in_008,5
2024,다아889098,to_in_001,8
2024,다아889098,to_in_007,5
2024,다아889098,to_in_008,5
2024,다아889213,to_in_001,5
2024,다아889213,to_in_007,0
2024,다아889213,to_in_008,0
2024,다아889270,to_in_001,28
2024,다아889270,to_in_007,18
2024,다아889270,to_in_008,13
2024,다아889271,to_in_001,23
2024,다아889271,to_in_007,13
2024,다아889271,to_in_008,13
2024,다아889272,to_in_001,13
2024,다아889272,to_in_007,8
2024,다아889272,to_in_008,8
2024,다아890003,to_in_001,0
2024,다아890003,to_in_007,0
2024,다아890003,to_in_008,0
2024,다아890013,to_in_001,5
2024,다아890013,to_in_007,0
2024,다아890013,to_in_008,5
2024,다아890014,to_in_001,8
2024,다아890014,to_in_007,5
2024,다아890014,to_in_008,5
2024,다아890016,to_in_001,8
2024,다아890016,to_in_007,0
2024,다아890016,to_in_008,8
2024,다아890018,to_in_001,0
2024,다아890018,to_in_007,0
2024,다아890018,to_in_008,0
2024,다아890019,to_in_001,5
2024,다아890019,to_in_007,5
2024,다아890019,to_in_008,0
2024,다아890037,to_in_001,5
2024,다아890037,to_in_007,5
2024,다아890037,to_in_008,5
2024,다아890049,to_in_001,5
2024,다아890049,to_in_007,5
2024,다아890049,to_in_008,0
2024,다아890054,to_in_001,0
2024,다아890054,to_in_007,0
2024,다아890054,to_in_008,0
2024,다아890060,to_in_001,5
2024,다아890060,to_in_007,5
2024,다아890060,to_in_008,0
2024,다아890095,to_in_001,0
2024,다아890095,to_in_007,0
2024,다아890095,to_in_008,0
2024,다아890097,to_in_001,5
2024,다아890097,to_in_007,0
2024,다아890097,to_in_008,0
2024,다아890098,to_in_001,5
2024,다아890098,to_in_007,5
2024,다아890098,to_in_008,5
2024,다아890099,to_in_001,13
2024,다아890099,to_in_007,8
2024,다아890099,to_in_008,8
2024,다아890213,to_in_001,13
2024,다아890213,to_in_007,8
2024,다아890213,to_in_008,5
2024,다아890277,to_in_001,5
2024,다아890277,to_in_007,0
2024,다아890277,to_in_008,0
2024,다아890278,to_in_001,23
2024,다아890278,to_in_007,13
2024,다아890278,to_in_008,13
2024,다아890279,to_in_001,8
2024,다아890279,to_in_007,5
2024,다아890279,to_in_008,5
2024,다아891001,to_in_001,5
2024,다아891001,to_in_007,5
2024,다아891001,to_in_008,5
2024,다아891013,to_in_001,5
2024,다아891013,to_in_007,0
2024,다아891013,to_in_008,0
2024,다아891014,to_in_001,13
2024,다아891014,to_in_007,5
2024,다아891014,to_in_008,8
2024,다아891015,to_in_001,8
2024,다아891015,to_in_007,5
2024,다아891015,to_in_008,8
2024,다아891017,to_in_001,5
2024,다아891017,to_in_007,5
2024,다아891017,to_in_008,0
2024,다아891020,to_in_001,8
2024,다아891020,to_in_007,5
2024,다아891020,to_in_008,5
2024,다아891021,to_in_001,8
2024,다아891021,to_in_007,5
2024,다아891021,to_in_008,5
2024,다아891035,to_in_001,0
2024,다아891035,to_in_007,0
2024,다아891035,to_in_008,0
2024,다아891036,to_in_001,5
2024,다아891036,to_in_007,0
2024,다아891036,to_in_008,5
2024,다아896060,to_in_001,13
2024,다아896060,to_in_007,5
2024,다아896060,to_in_008,8
2024,다아896061,to_in_001,5
2024,다아896061,to_in_007,0
2024,다아896061,to_in_008,0
2024,다아896063,to_in_001,5
2024,다아896063,to_in_007,0
2024,다아896063,to_in_008,5
2024,다아896064,to_in_001,5
2024,다아896064,to_in_007,5
2024,다아896064,to_in_008,5
2024,다아896065,to_in_001,18
2024,다아896065,to_in_007,13
2024,다아896065,to_in_008,8
2024,다아896066,to_in_001,8
2024,다아896066,to_in_007,8
2024,다아896066,to_in_008,5
2024,다아896067,to_in_001,5
2024,다아896067,to_in_007,0
2024,다아896067,to_in_008,0
2024,다아896069,to_in_001,5
2024,다아896069,to_in_007,5
2024,다아896069,to_in_008,0
2024,다아896075,to_in_001,0
2024,다아896075,to_in_007,0
2024,다아896075,to_in_008,0
2024,다아896076,to_in_001,0
2024,다아896076,to_in_007,0
2024,다아896076,to_in_008,0
2024,다아896213,to_in_001,0
2024,다아896213,to_in_007,0
2024,다아896213,to_in_008,0
2024,다아896214,to_in_001,0
2024,다아896214,to_in_007,0
2024,다아896214,to_in_008,0
2024,다아896269,to_in_001,5
2024,다아896269,to_in_007,0
2024,다아896269,to_in_008,5
2024,다아896270,to_in_001,5
2024,다아896270,to_in_007,5
2024,다아896270,to_in_008,5
2024,다아897008,to_in_001,5
2024,다아897008,to_in_007,0
2024,다아897008,to_in_008,5
2024,다아897009,to_in_001,5
2024,다아897009,to_in_007,0
2024,다아897009,to_in_008,0
2024,다아897011,to_in_001,8
2024,다아897011,to_in_007,5
2024,다아897011,to_in_008,8
2024,다아897035,to_in_001,5
2024,다아897035,to_in_007,0
2024,다아897035,to_in_008,0
2024,다아897047,to_in_001,5
2024,다아897047,to_in_007,5
2024,다아897047,to_in_008,5
2024,다아897048,to_in_001,0
2024,다아897048,to_in_007,0
2024,다아897048,to_in_008,0
2024,다아897056,to_in_001,5
2024,다아897056,to_in_007,5
2024,다아897056,to_in_008,5
2024,다아897058,to_in_001,8
2024,다아897058,to_in_007,5
2024,다아897058,to_in_008,5
2024,다아897059,to_in_001,5
2024,다아897059,to_in_007,5
2024,다아897059,to_in_008,0
2024,다아897063,to_in_001,13
2024,다아897063,to_in_007,8
2024,다아897063,to_in_008,5
2024,다아897065,to_in_001,5
2024,다아897065,to_in_007,0
2024,다아897065,to_in_008,5
2024,다아897066,to_in_001,13
2024,다아897066,to_in_007,5
2024,다아897066,to_in_008,8
2024,다아897067,to_in_001,5
2024,다아897067,to_in_007,0
2024,다아897067,to_in_008,0
2024,다아897068,to_in_001,5
2024,다아897068,to_in_007,5
2024,다아897068,to_in_008,5
2024,다아897108,to_in_001,8
2024,다아897108,to_in_007,8
2024,다아897108,to_in_008,5
2024,다아902025,to_in_001,0
2024,다아902025,to_in_007,0
2024,다아902025,to_in_008,0
2024,다아902029,to_in_001,8
2024,다아902029,to_in_007,5
2024,다아902029,to_in_008,5
2024,다아902033,to_in_001,5
2024,다아902033,to_in_007,0
2024,다아902033,to_in_008,5
2024,다아902069,to_in_001,8
2024,다아902069,to_in_007,5
2024,다아825206,to_in_008,0
2024,다아825221,to_in_001,5
2024,다아825221,to_in_007,5
2024,다아825221,to_in_008,5
2024,다아825224,to_in_001,0
2024,다아825224,to_in_007,0
2024,다아825224,to_in_008,0
2024,다아825225,to_in_001,5
2024,다아825225,to_in_007,0
2024,다아825225,to_in_008,0
2024,다아825226,to_in_001,5
2024,다아825226,to_in_007,5
2024,다아825226,to_in_008,0
2024,다아827206,to_in_001,8
2024,다아827206,to_in_007,5
2024,다아827206,to_in_008,8
2024,다아827221,to_in_001,5
2024,다아827221,to_in_007,5
2024,다아827221,to_in_008,0
2024,다아827222,to_in_001,5
2024,다아827222,to_in_007,0
2024,다아827222,to_in_008,0
2024,다아827309,to_in_001,5
2024,다아827309,to_in_007,0
2024,다아827309,to_in_008,0
2024,다아828075,to_in_001,13
2024,다아828075,to_in_007,8
2024,다아828075,to_in_008,8
2024,다아828076,to_in_001,5
2024,다아828076,to_in_007,0
2024,다아828076,to_in_008,5
2024,다아828078,to_in_001,8
2024,다아828078,to_in_007,5
2024,다아828078,to_in_008,5
2024,다아828123,to_in_001,0
2024,다아828123,to_in_007,0
2024,다아828123,to_in_008,0
2024,다아828126,to_in_001,8
2024,다아828126,to_in_007,5
2024,다아828126,to_in_008,5
2024,다아828127,to_in_001,0
2024,다아828127,to_in_007,0
2024,다아828127,to_in_008,0
2024,다아828128,to_in_001,0
2024,다아828128,to_in_007,0
2024,다아828128,to_in_008,0
2024,다아828158,to_in_001,92
2024,다아828158,to_in_007,48
2024,다아828158,to_in_008,42
2024,다아828159,to_in_001,453
2024,다아828159,to_in_007,226
2024,다아828159,to_in_008,225
2024,다아828160,to_in_001,114
2024,다아828160,to_in_007,49
2024,다아828160,to_in_008,63
2024,다아828161,to_in_001,18
2024,다아828161,to_in_007,13
2024,다아828161,to_in_008,8
2024,다아828164,to_in_001,8
2024,다아828164,to_in_007,5
2024,다아828164,to_in_008,5
2024,다아828165,to_in_001,5
2024,다아828165,to_in_007,0
2024,다아828165,to_in_008,0
2024,다아828168,to_in_001,5
2024,다아828168,to_in_007,5
2024,다아828168,to_in_008,0
2024,다아828169,to_in_001,5
2024,다아828169,to_in_007,0
2024,다아828169,to_in_008,0
2024,다아828177,to_in_001,0
2024,다아828177,to_in_007,0
2024,다아828177,to_in_008,0
2024,다아828178,to_in_001,8
2024,다아828178,to_in_007,5
2024,다아828178,to_in_008,5
2024,다아828180,to_in_001,5
2024,다아828180,to_in_007,5
2024,다아828180,to_in_008,0
2024,다아828181,to_in_001,8
2024,다아828181,to_in_007,8
2024,다아828181,to_in_008,5
2024,다아828182,to_in_001,5
2024,다아828182,to_in_007,0
2024,다아828182,to_in_008,5
2024,다아828186,to_in_001,5
2024,다아828186,to_in_007,0
2024,다아828186,to_in_008,0
2024,다아828204,to_in_001,0
2024,다아828204,to_in_007,0
2024,다아828204,to_in_008,0
2024,다아828206,to_in_001,5
2024,다아828206,to_in_007,5
2024,다아828206,to_in_008,5
2024,다아828213,to_in_001,5
2024,다아828213,to_in_007,5
2024,다아828213,to_in_008,0
2024,다아828214,to_in_001,5
2024,다아828214,to_in_007,5
2024,다아828214,to_in_008,0
2024,다아828216,to_in_001,5
2024,다아828216,to_in_007,0
2024,다아828216,to_in_008,5
2024,다아828231,to_in_001,5
2024,다아828231,to_in_007,0
2024,다아828231,to_in_008,5
2024,다아828273,to_in_001,0
2024,다아828273,to_in_007,0
2024,다아828273,to_in_008,0
2024,다아828307,to_in_001,8
2024,다아828307,to_in_007,0
2024,다아828307,to_in_008,8
2024,다아828308,to_in_001,13
2024,다아828308,to_in_007,5
2024,다아828308,to_in_008,8
2024,다아828309,to_in_001,5
2024,다아828309,to_in_007,0
2024,다아828309,to_in_008,5
2024,다아829056,to_in_001,5
2024,다아829056,to_in_007,0
2024,다아829056,to_in_008,5
2024,다아829074,to_in_001,5
2024,다아829074,to_in_007,5
2024,다아829074,to_in_008,5
2024,다아829075,to_in_001,0
2024,다아829075,to_in_007,0
2024,다아829075,to_in_008,0
2024,다아829076,to_in_001,5
2024,다아829076,to_in_007,0
2024,다아829076,to_in_008,0
2024,다아829078,to_in_001,8
2024,다아829078,to_in_007,5
2024,다아829078,to_in_008,5
2024,다아829153,to_in_001,5
2024,다아829153,to_in_007,5
2024,다아829153,to_in_008,0
2024,다아829156,to_in_001,0
2024,다아829156,to_in_007,0
2024,다아829156,to_in_008,0
2024,다아829158,to_in_001,241
2024,다아829158,to_in_007,125
2024,다아829158,to_in_008,114
2024,다아829159,to_in_001,529
2024,다아829159,to_in_007,290
2024,다아829159,to_in_008,237
2024,다아829160,to_in_001,28
2024,다아829160,to_in_007,13
2024,다아829160,to_in_008,18
2024,다아829161,to_in_001,63
2024,다아829161,to_in_007,38
2024,다아829161,to_in_008,28
2024,다아830206,to_in_001,0
2024,다아830206,to_in_007,0
2024,다아830206,to_in_008,0
2024,다아830215,to_in_001,5
2024,다아830215,to_in_007,0
2024,다아830215,to_in_008,5
2024,다아830221,to_in_001,5
2024,다아830221,to_in_007,5
2024,다아830221,to_in_008,5
2024,다아830308,to_in_001,0
2024,다아830308,to_in_007,0
2024,다아830308,to_in_008,0
2024,다아830309,to_in_001,8
2024,다아830309,to_in_007,5
2024,다아830309,to_in_008,8
2024,다아830310,to_in_001,5
2024,다아830310,to_in_007,0
2024,다아830310,to_in_008,0
2024,다아831053,to_in_001,5
2024,다아831053,to_in_007,0
2024,다아831053,to_in_008,0
2024,다아831054,to_in_001,13
2024,다아831054,to_in_007,8
2024,다아831054,to_in_008,5
2024,다아831055,to_in_001,5
2024,다아831055,to_in_007,5
2024,다아831055,to_in_008,0
2024,다아831056,to_in_001,8
2024,다아831056,to_in_007,8
2024,다아831056,to_in_008,5
2024,다아831057,to_in_001,8
2024,다아831057,to_in_007,5
2024,다아831057,to_in_008,5
2024,다아831058,to_in_001,8
2024,다아831058,to_in_007,5
2024,다아831058,to_in_008,5
2024,다아831059,to_in_001,0
2024,다아831059,to_in_007,0
2024,다아831059,to_in_008,0
2024,다아831076,to_in_001,5
2024,다아831076,to_in_007,0
2024,다아831076,to_in_008,5
2024,다아831077,to_in_001,5
2024,다아831077,to_in_007,0
2024,다아831077,to_in_008,5
2024,다아831108,to_in_001,0
2024,다아831108,to_in_007,0
2024,다아831108,to_in_008,0
2024,다아831152,to_in_001,5
2024,다아831152,to_in_007,5
2024,다아831152,to_in_008,5
2024,다아831155,to_in_001,0
2024,다아831155,to_in_007,0
2024,다아831155,to_in_008,0
2024,다아831156,to_in_001,13
2024,다아831156,to_in_007,8
2024,다아831156,to_in_008,8
2024,다아831157,to_in_001,5
2024,다아831157,to_in_007,5
2024,다아831157,to_in_008,5
2024,다아831158,to_in_001,23
2024,다아831158,to_in_007,18
2024,다아831158,to_in_008,8
2024,다아831159,to_in_001,8
2024,다아831159,to_in_007,8
2024,다아831159,to_in_008,8
2024,다아831160,to_in_001,18
2024,다아831160,to_in_007,13
2024,다아831160,to_in_008,8
2024,다아831161,to_in_001,43
2024,다아831161,to_in_007,18
2024,다아831161,to_in_008,23
2024,다아831162,to_in_001,33
2024,다아831162,to_in_007,18
2024,다아831162,to_in_008,18
2024,다아831163,to_in_001,18
2024,다아831163,to_in_007,8
2024,다아831163,to_in_008,8
2024,다아831164,to_in_001,13
2024,다아831164,to_in_007,8
2024,다아831164,to_in_008,8
2024,다아831166,to_in_001,8
2024,다아831166,to_in_007,8
2024,다아831166,to_in_008,5
2024,다아831167,to_in_001,8
2024,다아831167,to_in_007,5
2024,다아831167,to_in_008,5
2024,다아831168,to_in_001,13
2024,다아831168,to_in_007,5
2024,다아831168,to_in_008,8
2024,다아831169,to_in_001,13
2024,다아831169,to_in_007,8
2024,다아831169,to_in_008,5
2024,다아831170,to_in_001,18
2024,다아831170,to_in_007,13
2024,다아831170,to_in_008,8
2024,다아831171,to_in_001,8
2024,다아831171,to_in_007,8
2024,다아831171,to_in_008,0
2024,다아831172,to_in_001,5
2024,다아831172,to_in_007,5
2024,다아831172,to_in_008,5
2024,다아831179,to_in_001,5
2024,다아831179,to_in_007,5
2024,다아831179,to_in_008,0
2024,다아831184,to_in_001,5
2024,다아831184,to_in_007,5
2024,다아831184,to_in_008,0
2024,다아831185,to_in_001,8
2024,다아831185,to_in_007,5
2024,다아831185,to_in_008,5
2024,다아831215,to_in_001,5
2024,다아831215,to_in_007,0
2024,다아831215,to_in_008,5
2024,다아831216,to_in_001,5
2024,다아831216,to_in_007,5
2024,다아831216,to_in_008,0
2024,다아831217,to_in_001,5
2024,다아831217,to_in_007,5
2024,다아831217,to_in_008,5
2024,다아834156,to_in_001,8
2024,다아834156,to_in_007,5
2024,다아834156,to_in_008,5
2024,다아834157,to_in_001,8
2024,다아834157,to_in_007,5
2024,다아834157,to_in_008,5
2024,다아834159,to_in_001,18
2024,다아834159,to_in_007,13
2024,다아834159,to_in_008,8
2024,다아834160,to_in_001,74
2024,다아834160,to_in_007,43
2024,다아834160,to_in_008,34
2024,다아834161,to_in_001,40
2024,다아834161,to_in_007,25
2024,다아834161,to_in_008,18
2024,다아834162,to_in_001,13
2024,다아834162,to_in_007,8
2024,다아834162,to_in_008,8
2024,다아834163,to_in_001,48
2024,다아834163,to_in_007,23
2024,다아834163,to_in_008,23
2024,다아834164,to_in_001,28
2024,다아834164,to_in_007,18
2024,다아834164,to_in_008,13
2024,다아834165,to_in_001,98
2024,다아834165,to_in_007,52
2024,다아834165,to_in_008,44
2024,다아834166,to_in_001,5
2024,다아834166,to_in_007,5
2024,다아834166,to_in_008,0
2024,다아834167,to_in_001,5
2024,다아834167,to_in_007,5
2024,다아834167,to_in_008,0
2024,다아834168,to_in_001,8
2024,다아834168,to_in_007,5
2024,다아834168,to_in_008,5
2024,다아834173,to_in_001,8
2024,다아834173,to_in_007,8
2024,다아834173,to_in_008,5
2024,다아834174,to_in_001,23
2024,다아834174,to_in_007,13
2024,다아834174,to_in_008,13
2024,다아834175,to_in_001,8
2024,다아834175,to_in_007,5
2024,다아834175,to_in_008,8
2024,다아834176,to_in_001,8
2024,다아834176,to_in_007,8
2024,다아834176,to_in_008,0
2024,다아834203,to_in_001,5
2024,다아834203,to_in_007,5
2024,다아834203,to_in_008,0
2024,다아834210,to_in_001,5
2024,다아834210,to_in_007,0
2024,다아834210,to_in_008,5
2024,다아834212,to_in_001,5
2024,다아834212,to_in_007,0
2024,다아834212,to_in_008,0
2024,다아834213,to_in_001,23
2024,다아834213,to_in_007,13
2024,다아834213,to_in_008,8
2024,다아834214,to_in_001,5
2024,다아834214,to_in_007,5
2024,다아834214,to_in_008,0
2024,다아834217,to_in_001,5
2024,다아834217,to_in_007,5
2024,다아834217,to_in_008,0
2024,다아834220,to_in_001,5
2024,다아834220,to_in_007,0
2024,다아834220,to_in_008,5
2024,다아834222,to_in_001,5
2024,다아834222,to_in_007,5
2024,다아834222,to_in_008,0
2024,다아835053,to_in_001,5
2024,다아835053,to_in_007,0
2024,다아835053,to_in_008,0
2024,다아835074,to_in_001,8
2024,다아835074,to_in_007,8
2024,다아835074,to_in_008,5
2024,다아835075,to_in_001,8
2024,다아835075,to_in_007,8
2024,다아835075,to_in_008,5
2024,다아835156,to_in_001,8
2024,다아835156,to_in_007,8
2024,다아835156,to_in_008,8
2024,다아835157,to_in_001,5
2024,다아835157,to_in_007,5
2024,다아835157,to_in_008,5
2024,다아835160,to_in_001,5
2024,다아835160,to_in_007,0
2024,다아835160,to_in_008,0
2024,다아835161,to_in_001,13
2024,다아835161,to_in_007,8
2024,다아835161,to_in_008,8
2024,다아835162,to_in_001,5
2024,다아835162,to_in_007,5
2024,다아835162,to_in_008,0
2024,다아835163,to_in_001,101
2024,다아835163,to_in_007,52
2024,다아835163,to_in_008,47
2024,다아835164,to_in_001,83
2024,다아835164,to_in_007,43
2024,다아835164,to_in_008,38
2024,다아835165,to_in_001,5
2024,다아835165,to_in_007,5
2024,다아835165,to_in_008,5
2024,다아835166,to_in_001,8
2024,다아835166,to_in_007,8
2024,다아835166,to_in_008,5
2024,다아835175,to_in_001,13
2024,다아835175,to_in_007,8
2024,다아835175,to_in_008,8
2024,다아835176,to_in_001,5
2024,다아835176,to_in_007,0
2024,다아835176,to_in_008,5
2024,다아835178,to_in_001,5
2024,다아835178,to_in_007,5
2024,다아835178,to_in_008,0
2024,다아835179,to_in_001,5
2024,다아835179,to_in_007,0
2024,다아835179,to_in_008,0
2024,다아835180,to_in_001,0
2024,다아835180,to_in_007,0
2024,다아835180,to_in_008,0
2024,다아835213,to_in_001,5
2024,다아835213,to_in_007,0
2024,다아835213,to_in_008,5
2024,다아839202,to_in_001,13
2024,다아839202,to_in_007,8
2024,다아839202,to_in_008,5
2024,다아839203,to_in_001,13
2024,다아839203,to_in_007,5
2024,다아839203,to_in_008,8
2024,다아839205,to_in_001,8
2024,다아839205,to_in_007,8
2024,다아839205,to_in_008,0
2024,다아839206,to_in_001,38
2024,다아839206,to_in_007,23
2024,다아839206,to_in_008,13
2024,다아839207,to_in_001,13
2024,다아839207,to_in_007,5
2024,다아839207,to_in_008,8
2024,다아839208,to_in_001,23
2024,다아839208,to_in_007,8
2024,다아839208,to_in_008,13
2024,다아839209,to_in_001,5
2024,다아839209,to_in_007,0
2024,다아839209,to_in_008,0
2024,다아840002,to_in_001,0
2024,다아840002,to_in_007,0
2024,다아840002,to_in_008,0
2024,다아840005,to_in_001,5
2024,다아840005,to_in_007,0
2024,다아840005,to_in_008,0
2024,다아840006,to_in_001,5
2024,다아840006,to_in_007,0
2024,다아840006,to_in_008,0
2024,다아840009,to_in_001,52
2024,다아840009,to_in_007,29
2024,다아840009,to_in_008,26
2024,다아840010,to_in_001,148
2024,다아840010,to_in_007,76
2024,다아840010,to_in_008,70
2024,다아840011,to_in_001,110
2024,다아840011,to_in_007,55
2024,다아840011,to_in_008,58
2024,다아840018,to_in_001,5
2024,다아840018,to_in_007,0
2024,다아840018,to_in_008,5
2024,다아840067,to_in_001,5
2024,다아840067,to_in_007,5
2024,다아840067,to_in_008,0
2024,다아840106,to_in_001,5
2024,다아840106,to_in_007,0
2024,다아840106,to_in_008,5
2024,다아840168,to_in_001,5
2024,다아840168,to_in_007,0
2024,다아840168,to_in_008,0
2024,다아840179,to_in_001,8
2024,다아840179,to_in_007,5
2024,다아840179,to_in_008,5
2024,다아840180,to_in_001,5
2024,다아840180,to_in_007,5
2024,다아840180,to_in_008,0
2024,다아840181,to_in_001,5
2024,다아840181,to_in_007,0
2024,다아840181,to_in_008,5
2024,다아840182,to_in_001,8
2024,다아840182,to_in_007,5
2024,다아840182,to_in_008,0
2024,다아840186,to_in_001,5
2024,다아840186,to_in_007,0
2024,다아840186,to_in_008,0
2024,다아840189,to_in_001,8
2024,다아840189,to_in_007,5
2024,다아840189,to_in_008,5
2024,다아840190,to_in_001,5
2024,다아840190,to_in_007,0
2024,다아840190,to_in_008,5
2024,다아840191,to_in_001,5
2024,다아840191,to_in_007,5
2024,다아840191,to_in_008,0
2024,다아840198,to_in_001,5
2024,다아840198,to_in_007,0
2024,다아840198,to_in_008,0
2024,다아840200,to_in_001,5
2024,다아840200,to_in_007,0
2024,다아840200,to_in_008,0
2024,다아840203,to_in_001,18
2024,다아840203,to_in_007,8
2024,다아840203,to_in_008,8
2024,다아840205,to_in_001,5
2024,다아840205,to_in_007,5
2024,다아840205,to_in_008,0
2024,다아840207,to_in_001,13
2024,다아840207,to_in_007,5
2024,다아840207,to_in_008,8
2024,다아840208,to_in_001,13
2024,다아840208,to_in_007,5
2024,다아840208,to_in_008,8
2024,다아841005,to_in_001,5
2024,다아841005,to_in_007,0
2024,다아841005,to_in_008,5
2024,다아841007,to_in_001,8
2024,다아841007,to_in_007,8
2024,다아841007,to_in_008,8
2024,다아841009,to_in_001,34
2024,다아841009,to_in_007,19
2024,다아841009,to_in_008,13
2024,다아841010,to_in_001,31
2024,다아841010,to_in_007,19
2024,다아841010,to_in_008,15
2024,다아841016,to_in_001,0
2024,다아841016,to_in_007,0
2024,다아841016,to_in_008,0
2024,다아841018,to_in_001,5
2024,다아841018,to_in_007,0
2024,다아841018,to_in_008,5
2024,다아841088,to_in_001,5
2024,다아841088,to_in_007,0
2024,다아841088,to_in_008,0
2024,다아841089,to_in_001,5
2024,다아841089,to_in_007,5
2024,다아841089,to_in_008,0
2024,다아843208,to_in_001,5
2024,다아843208,to_in_007,0
2024,다아843208,to_in_008,5
2024,다아843312,to_in_001,5
2024,다아843312,to_in_007,0
2024,다아843312,to_in_008,5
2024,다아843313,to_in_001,8
2024,다아843313,to_in_007,8
2024,다아843313,to_in_008,5
2024,다아843314,to_in_001,5
2024,다아843314,to_in_007,0
2024,다아843314,to_in_008,5
2024,다아844001,to_in_001,5
2024,다아844001,to_in_007,0
2024,다아844001,to_in_008,5
2024,다아844006,to_in_001,5
2024,다아844006,to_in_007,5
2024,다아844006,to_in_008,0
2024,다아844007,to_in_001,8
2024,다아844007,to_in_007,5
2024,다아844007,to_in_008,5
2024,다아844008,to_in_001,13
2024,다아844008,to_in_007,8
2024,다아844008,to_in_008,8
2024,다아844031,to_in_001,0
2024,다아844031,to_in_007,0
2024,다아844031,to_in_008,0
2024,다아844060,to_in_001,0
2024,다아844060,to_in_007,0
2024,다아844060,to_in_008,0
2024,다아844075,to_in_001,5
2024,다아844075,to_in_007,5
2024,다아844075,to_in_008,0
2024,다아844076,to_in_001,13
2024,다아844076,to_in_007,8
2024,다아844076,to_in_008,8
2024,다아844083,to_in_001,5
2024,다아844083,to_in_007,0
2024,다아844083,to_in_008,0
2024,다아844084,to_in_001,0
2024,다아844084,to_in_007,0
2024,다아844084,to_in_008,0
2024,다아844162,to_in_001,8
2024,다아844162,to_in_007,5
2024,다아844162,to_in_008,5
2024,다아844163,to_in_001,5
2024,다아844163,to_in_007,5
2024,다아844163,to_in_008,0
2024,다아844171,to_in_001,0
2024,다아844171,to_in_007,0
2024,다아844171,to_in_008,0
2024,다아844181,to_in_001,5
2024,다아844181,to_in_007,5
2024,다아844181,to_in_008,0
2024,다아844191,to_in_001,5
2024,다아844191,to_in_007,5
2024,다아844191,to_in_008,0
2024,다아844203,to_in_001,5
2024,다아844203,to_in_007,0
2024,다아844203,to_in_008,0
2024,다아844204,to_in_001,5
2024,다아844204,to_in_007,0
2024,다아844204,to_in_008,0
2024,다아844205,to_in_001,5
2024,다아844205,to_in_007,0
2024,다아844205,to_in_008,0
2024,다아844206,to_in_001,5
2024,다아844206,to_in_007,5
2024,다아844206,to_in_008,0
2024,다아844207,to_in_001,13
2024,다아844207,to_in_007,8
2024,다아844207,to_in_008,8
2024,다아844208,to_in_001,26
2024,다아844208,to_in_007,15
2024,다아844208,to_in_008,11
2024,다아844312,to_in_001,0
2024,다아844312,to_in_007,0
2024,다아844312,to_in_008,0
2024,다아847027,to_in_001,5
2024,다아847027,to_in_007,5
2024,다아847027,to_in_008,0
2024,다아847033,to_in_001,5
2024,다아847033,to_in_007,5
2024,다아847033,to_in_008,0
2024,다아847035,to_in_001,5
2024,다아847035,to_in_007,0
2024,다아847035,to_in_008,5
2024,다아847058,to_in_001,5
2024,다아847058,to_in_007,0
2024,다아847058,to_in_008,0
2024,다아847064,to_in_001,5
2024,다아847064,to_in_007,0
2024,다아847064,to_in_008,0
2024,다아847075,to_in_001,18
2024,다아847075,to_in_007,8
2024,다아847075,to_in_008,8
2024,다아847076,to_in_001,5
2024,다아847076,to_in_007,5
2024,다아847076,to_in_008,5
2024,다아847155,to_in_001,0
2024,다아847155,to_in_007,0
2024,다아847155,to_in_008,0
2024,다아847172,to_in_001,5
2024,다아847172,to_in_007,0
2024,다아847172,to_in_008,0
2024,다아847187,to_in_001,5
2024,다아847187,to_in_007,5
2024,다아847187,to_in_008,0
2024,다아847195,to_in_001,8
2024,다아847195,to_in_007,5
2024,다아847195,to_in_008,5
2024,다아847196,to_in_001,13
2024,다아847196,to_in_007,8
2024,다아847196,to_in_008,8
2024,다아847197,to_in_001,5
2024,다아847197,to_in_007,5
2024,다아847197,to_in_008,0
2024,다아847198,to_in_001,5
2024,다아847198,to_in_007,5
2024,다아847198,to_in_008,5
2024,다아847199,to_in_001,5
2024,다아847199,to_in_007,0
2024,다아847199,to_in_008,0
2024,다아847200,to_in_001,13
2024,다아847200,to_in_007,5
2024,다아847200,to_in_008,8
2024,다아847201,to_in_001,8
2024,다아847201,to_in_007,8
2024,다아847201,to_in_008,5
2024,다아847202,to_in_001,187
2024,다아847202,to_in_007,100
2024,다아847202,to_in_008,85
2024,다아848007,to_in_001,5
2024,다아848007,to_in_007,5
2024,다아848007,to_in_008,0
2024,다아848008,to_in_001,8
2024,다아848008,to_in_007,5
2024,다아848008,to_in_008,5
2024,다아848019,to_in_001,8
2024,다아848019,to_in_007,8
2024,다아848019,to_in_008,5
2024,다아848021,to_in_001,5
2024,다아848021,to_in_007,5
2024,다아848021,to_in_008,0
2024,다아848023,to_in_001,5
2024,다아848023,to_in_007,0
2024,다아848023,to_in_008,0
2024,다아848028,to_in_001,5
2024,다아848028,to_in_007,0
2024,다아848028,to_in_008,0
2024,다아848062,to_in_001,0
2024,다아848062,to_in_007,0
2024,다아848062,to_in_008,0
2024,다아848063,to_in_001,5
2024,다아848063,to_in_007,5
2024,다아848063,to_in_008,5
2024,다아849196,to_in_001,8
2024,다아849196,to_in_007,5
2024,다아849196,to_in_008,5
2024,다아849197,to_in_001,13
2024,다아849197,to_in_007,5
2024,다아849197,to_in_008,8
2024,다아849198,to_in_001,13
2024,다아849198,to_in_007,5
2024,다아849198,to_in_008,8
2024,다아849203,to_in_001,8
2024,다아849203,to_in_007,5
2024,다아849203,to_in_008,5
2024,다아849204,to_in_001,5
2024,다아849204,to_in_007,5
2024,다아849204,to_in_008,0
2024,다아850002,to_in_001,0
2024,다아850002,to_in_007,0
2024,다아850002,to_in_008,0
2024,다아850003,to_in_001,5
2024,다아850003,to_in_007,5
2024,다아850003,to_in_008,0
2024,다아850006,to_in_001,8
2024,다아850006,to_in_007,5
2024,다아850006,to_in_008,8
2024,다아850007,to_in_001,8
2024,다아850007,to_in_007,5
2024,다아850007,to_in_008,8
2024,다아850008,to_in_001,33
2024,다아850008,to_in_007,23
2024,다아850008,to_in_008,13
2024,다아850009,to_in_001,42
2024,다아850009,to_in_007,19
2024,다아850009,to_in_008,26
2024,다아850010,to_in_001,45
2024,다아850010,to_in_007,23
2024,다아850010,to_in_008,20
2024,다아850011,to_in_001,13
2024,다아850011,to_in_007,8
2024,다아850011,to_in_008,5
2024,다아850012,to_in_001,5
2024,다아850012,to_in_007,5
2024,다아850012,to_in_008,0
2024,다아850021,to_in_001,5
2024,다아850021,to_in_007,5
2024,다아850021,to_in_008,0
2024,다아850022,to_in_001,5
2024,다아850022,to_in_007,0
2024,다아850022,to_in_008,5
2024,다아850023,to_in_001,23
2024,다아850023,to_in_007,8
2024,다아850023,to_in_008,13
2024,다아850025,to_in_001,5
2024,다아850025,to_in_007,0
2024,다아850025,to_in_008,5
2024,다아850196,to_in_001,5
2024,다아850196,to_in_007,0
2024,다아850196,to_in_008,5
2024,다아850197,to_in_001,13
2024,다아850197,to_in_007,8
2024,다아850197,to_in_008,8
2024,다아850198,to_in_001,18
2024,다아850198,to_in_007,8
2024,다아850198,to_in_008,8
2024,다아850199,to_in_001,8
2024,다아850199,to_in_007,0
2024,다아850199,to_in_008,8
2024,다아850200,to_in_001,8
2024,다아850200,to_in_007,8
2024,다아850200,to_in_008,0
2024,다아850203,to_in_001,5
2024,다아850203,to_in_007,0
2024,다아850203,to_in_008,5
2024,다아851000,to_in_001,8
2024,다아851000,to_in_007,5
2024,다아851000,to_in_008,8
2024,다아851004,to_in_001,5
2024,다아851004,to_in_007,0
2024,다아851004,to_in_008,0
2024,다아853011,to_in_001,5
2024,다아853011,to_in_007,5
2024,다아853011,to_in_008,0
2024,다아853012,to_in_001,8
2024,다아853012,to_in_007,5
2024,다아853012,to_in_008,5
2024,다아853013,to_in_001,8
2024,다아853013,to_in_007,5
2024,다아853013,to_in_008,5
2024,다아853205,to_in_001,5
2024,다아853205,to_in_007,0
2024,다아853205,to_in_008,5
2024,다아853206,to_in_001,0
2024,다아853206,to_in_007,0
2024,다아853206,to_in_008,0
2024,다아853328,to_in_001,13
2024,다아853328,to_in_007,5
2024,다아853328,to_in_008,8
2024,다아853329,to_in_001,18
2024,다아853329,to_in_007,13
2024,다아853329,to_in_008,8
2024,다아853330,to_in_001,23
2024,다아853330,to_in_007,13
2024,다아853330,to_in_008,8
2024,다아854005,to_in_001,13
2024,다아854005,to_in_007,5
2024,다아854005,to_in_008,8
2024,다아854006,to_in_001,5
2024,다아854006,to_in_007,5
2024,다아854006,to_in_008,0
2024,다아854007,to_in_001,13
2024,다아854007,to_in_007,8
2024,다아854007,to_in_008,8
2024,다아854008,to_in_001,8
2024,다아854008,to_in_007,5
2024,다아854008,to_in_008,5
2024,다아854009,to_in_001,23
2024,다아854009,to_in_007,8
2024,다아854009,to_in_008,13
2024,다아854010,to_in_001,8
2024,다아854010,to_in_007,5
2024,다아854010,to_in_008,5
2024,다아854011,to_in_001,8
2024,다아854011,to_in_007,5
2024,다아854011,to_in_008,5
2024,다아854012,to_in_001,8
2024,다아854012,to_in_007,5
2024,다아854012,to_in_008,5
2024,다아854202,to_in_001,5
2024,다아854202,to_in_007,0
2024,다아854202,to_in_008,5
2024,다아854204,to_in_001,5
2024,다아854204,to_in_007,0
2024,다아854204,to_in_008,5
2024,다아854205,to_in_001,13
2024,다아854205,to_in_007,8
2024,다아854205,to_in_008,5
2024,다아854329,to_in_001,18
2024,다아854329,to_in_007,8
2024,다아854329,to_in_008,13
2024,다아854330,to_in_001,5
2024,다아854330,to_in_007,5
2024,다아854330,to_in_008,5
2024,다아855000,to_in_001,8
2024,다아855000,to_in_007,5
2024,다아855000,to_in_008,8
2024,다아855006,to_in_001,8
2024,다아855006,to_in_007,5
2024,다아855006,to_in_008,5
2024,다아855007,to_in_001,5
2024,다아855007,to_in_007,5
2024,다아855007,to_in_008,0
2024,다아855008,to_in_001,5
2024,다아855008,to_in_007,5
2024,다아855008,to_in_008,5
2024,다아855009,to_in_001,5
2024,다아855009,to_in_007,0
2024,다아855009,to_in_008,5
2024,다아857204,to_in_001,5
2024,다아857204,to_in_007,0
2024,다아857204,to_in_008,5
2024,다아857320,to_in_001,13
2024,다아857320,to_in_007,8
2024,다아857320,to_in_008,8
2024,다아857321,to_in_001,13
2024,다아857321,to_in_007,5
2024,다아857321,to_in_008,8
2024,다아858009,to_in_001,0
2024,다아858009,to_in_007,0
2024,다아858009,to_in_008,0
2024,다아858011,to_in_001,0
2024,다아858011,to_in_007,0
2024,다아858011,to_in_008,0
2024,다아858012,to_in_001,5
2024,다아858012,to_in_007,0
2024,다아858012,to_in_008,0
2024,다아858152,to_in_001,5
2024,다아858152,to_in_007,0
2024,다아858152,to_in_008,5
2024,다아858153,to_in_001,5
2024,다아858153,to_in_007,5
2024,다아858153,to_in_008,5
2024,다아858154,to_in_001,5
2024,다아858154,to_in_007,5
2024,다아858154,to_in_008,5
2024,다아858218,to_in_001,5
2024,다아858218,to_in_007,0
2024,다아858218,to_in_008,5
2024,다아858224,to_in_001,8
2024,다아858224,to_in_007,5
2024,다아858224,to_in_008,5
2024,다아858225,to_in_001,8
2024,다아858225,to_in_007,8
2024,다아858225,to_in_008,5
2024,다아858320,to_in_001,13
2024,다아858320,to_in_007,8
2024,다아858320,to_in_008,5
2024,다아858321,to_in_001,13
2024,다아858321,to_in_007,8
2024,다아858321,to_in_008,8
2024,다아859004,to_in_001,0
2024,다아859004,to_in_007,0
2024,다아859004,to_in_008,0
2024,다아859009,to_in_001,8
2024,다아859009,to_in_007,5
2024,다아859009,to_in_008,8
2024,다아859151,to_in_001,0
2024,다아859151,to_in_007,0
2024,다아859151,to_in_008,0
2024,다아859152,to_in_001,8
2024,다아859152,to_in_007,5
2024,다아859152,to_in_008,5
2024,다아859153,to_in_001,5
2024,다아859153,to_in_007,0
2024,다아859153,to_in_008,5
2024,다아859204,to_in_001,5
2024,다아859204,to_in_007,0
2024,다아859204,to_in_008,0
2024,다아859211,to_in_001,5
2024,다아859211,to_in_007,0
2024,다아859211,to_in_008,0
2024,다아859218,to_in_001,0
2024,다아859218,to_in_007,0
2024,다아859218,to_in_008,0
2024,다아859224,to_in_001,0
2024,다아859224,to_in_007,0
2024,다아859224,to_in_008,0
2024,다아859225,to_in_001,5
2024,다아859225,to_in_007,0
2024,다아859225,to_in_008,5
2024,다아859229,to_in_001,0
2024,다아859229,to_in_007,0
2024,다아859229,to_in_008,0
2024,다아859237,to_in_001,0
2024,다아859237,to_in_007,0
2024,다아859237,to_in_008,0
2024,다아865255,to_in_001,8
2024,다아865255,to_in_007,5
2024,다아865255,to_in_008,5
2024,다아865256,to_in_001,5
2024,다아865256,to_in_007,5
2024,다아865256,to_in_008,5
2024,다아865257,to_in_001,5
2024,다아865257,to_in_007,5
2024,다아865257,to_in_008,0
2024,다아865258,to_in_001,5
2024,다아865258,to_in_007,0
2024,다아865258,to_in_008,5
2024,다아865264,to_in_001,0
2024,다아865264,to_in_007,0
2024,다아865264,to_in_008,0
2024,다아865282,to_in_001,8
2024,다아865282,to_in_007,5
2024,다아865282,to_in_008,8
2024,다아866010,to_in_001,5
2024,다아866010,to_in_007,0
2024,다아866010,to_in_008,5
2024,다아866011,to_in_001,5
2024,다아866011,to_in_007,5
2024,다아866011,to_in_008,5
2024,다아866012,to_in_001,23
2024,다아866012,to_in_007,18
2024,다아866012,to_in_008,8
2024,다아866013,to_in_001,28
2024,다아866013,to_in_007,8
2024,다아866013,to_in_008,18
2024,다아866014,to_in_001,8
2024,다아866014,to_in_007,5
2024,다아866014,to_in_008,8
2024,다아866015,to_in_001,33
2024,다아866015,to_in_007,18
2024,다아866015,to_in_008,13
2024,다아866053,to_in_001,8
2024,다아866053,to_in_007,5
2024,다아866053,to_in_008,5
2024,다아866054,to_in_001,5
2024,다아866054,to_in_007,0
2024,다아866054,to_in_008,0
2024,다아866057,to_in_001,8
2024,다아866057,to_in_007,8
2024,다아866057,to_in_008,5
2024,다아866059,to_in_001,5
2024,다아866059,to_in_007,5
2024,다아866059,to_in_008,0
2024,다아866141,to_in_001,5
2024,다아866141,to_in_007,0
2024,다아866141,to_in_008,0
2024,다아866144,to_in_001,5
2024,다아866144,to_in_007,5
2024,다아866144,to_in_008,5
2024,다아866145,to_in_001,5
2024,다아866145,to_in_007,5
2024,다아866145,to_in_008,5
2024,다아866146,to_in_001,5
2024,다아866146,to_in_007,0
2024,다아866146,to_in_008,5
2024,다아866153,to_in_001,0
2024,다아866153,to_in_007,0
2024,다아866153,to_in_008,0
2024,다아866204,to_in_001,8
2024,다아866204,to_in_007,5
2024,다아866204,to_in_008,5
2024,다아866242,to_in_001,0
2024,다아866242,to_in_007,0
2024,다아866242,to_in_008,0
2024,다아866250,to_in_001,5
2024,다아866250,to_in_007,5
2024,다아866250,to_in_008,0
2024,다아866255,to_in_001,5
2024,다아866255,to_in_007,5
2024,다아866255,to_in_008,5
2024,다아866257,to_in_001,5
2024,다아866257,to_in_007,0
2024,다아866257,to_in_008,5
2024,다아866258,to_in_001,23
2024,다아866258,to_in_007,8
2024,다아866258,to_in_008,13
2024,다아866259,to_in_001,23
2024,다아866259,to_in_007,13
2024,다아866259,to_in_008,8
2024,다아866260,to_in_001,8
2024,다아866260,to_in_007,5
2024,다아866260,to_in_008,5
2024,다아866261,to_in_001,13
2024,다아866261,to_in_007,8
2024,다아866261,to_in_008,8
2024,다아866262,to_in_001,28
2024,다아866262,to_in_007,13
2024,다아866262,to_in_008,18
2024,다아866263,to_in_001,5
2024,다아866263,to_in_007,5
2024,다아866263,to_in_008,5
2024,다아866304,to_in_001,5
2024,다아866304,to_in_007,0
2024,다아866304,to_in_008,0
2024,다아867007,to_in_001,5
2024,다아867007,to_in_007,0
2024,다아867007,to_in_008,0
2024,다아867009,to_in_001,8
2024,다아867009,to_in_007,5
2024,다아867009,to_in_008,5
2024,다아867013,to_in_001,13
2024,다아867013,to_in_007,8
2024,다아867013,to_in_008,8
2024,다아867014,to_in_001,5
2024,다아867014,to_in_007,0
2024,다아867014,to_in_008,5
2024,다아867015,to_in_001,0
2024,다아867015,to_in_007,0
2024,다아867015,to_in_008,0
2024,다아867016,to_in_001,23
2024,다아867016,to_in_007,13
2024,다아867016,to_in_008,8
2024,다아867052,to_in_001,5
2024,다아867052,to_in_007,0
2024,다아867052,to_in_008,5
2024,다아867053,to_in_001,8
2024,다아867053,to_in_007,5
2024,다아867053,to_in_008,5
2024,다아867056,to_in_001,5
2024,다아867056,to_in_007,5
2024,다아867056,to_in_008,0
2024,다아867058,to_in_001,5
2024,다아867058,to_in_007,5
2024,다아867058,to_in_008,5
2024,다아867059,to_in_001,8
2024,다아867059,to_in_007,8
2024,다아867059,to_in_008,5
2024,다아867139,to_in_001,8
2024,다아867139,to_in_007,5
2024,다아867139,to_in_008,5
2024,다아867140,to_in_001,0
2024,다아867140,to_in_007,0
2024,다아867140,to_in_008,0
2024,다아867141,to_in_001,8
2024,다아867141,to_in_007,5
2024,다아867141,to_in_008,5
2024,다아867142,to_in_001,8
2024,다아867142,to_in_007,5
2024,다아867142,to_in_008,8
2024,다아867143,to_in_001,5
2024,다아867143,to_in_007,0
2024,다아867143,to_in_008,5
2024,다아867144,to_in_001,5
2024,다아867144,to_in_007,5
2024,다아867144,to_in_008,0
2024,다아871213,to_in_001,5
2024,다아871213,to_in_007,5
2024,다아871213,to_in_008,5
2024,다아871255,to_in_001,8
2024,다아871255,to_in_007,8
2024,다아871255,to_in_008,0
2024,다아871260,to_in_001,8
2024,다아871260,to_in_007,8
2024,다아871260,to_in_008,8
2024,다아871273,to_in_001,5
2024,다아871273,to_in_007,0
2024,다아871273,to_in_008,0
2024,다아871296,to_in_001,0
2024,다아871296,to_in_007,0
2024,다아871296,to_in_008,0
2024,다아871297,to_in_001,5
2024,다아871297,to_in_007,5
2024,다아871297,to_in_008,5
2024,다아871298,to_in_001,5
2024,다아871298,to_in_007,0
2024,다아871298,to_in_008,0
2024,다아871300,to_in_001,8
2024,다아871300,to_in_007,8
2024,다아871300,to_in_008,0
2024,다아872012,to_in_001,5
2024,다아872012,to_in_007,5
2024,다아872012,to_in_008,5
2024,다아872015,to_in_001,8
2024,다아872015,to_in_007,5
2024,다아872015,to_in_008,8
2024,다아872073,to_in_001,5
2024,다아872073,to_in_007,0
2024,다아872073,to_in_008,0
2024,다아872137,to_in_001,0
2024,다아872137,to_in_007,0
2024,다아872137,to_in_008,0
2024,다아872275,to_in_001,5
2024,다아872275,to_in_007,0
2024,다아872275,to_in_008,5
2024,다아872295,to_in_001,5
2024,다아872295,to_in_007,5
2024,다아872295,to_in_008,0
2024,다아872296,to_in_001,18
2024,다아872296,to_in_007,8
2024,다아872296,to_in_008,8
2024,다아872297,to_in_001,18
2024,다아872297,to_in_007,8
2024,다아872297,to_in_008,8
2024,다아872298,to_in_001,18
2024,다아872298,to_in_007,13
2024,다아872298,to_in_008,8
2024,다아872299,to_in_001,38
2024,다아872299,to_in_007,23
2024,다아872299,to_in_008,13
2024,다아872300,to_in_001,18
2024,다아872300,to_in_007,13
2024,다아872300,to_in_008,8
2024,다아872301,to_in_001,5
2024,다아872301,to_in_007,5
2024,다아872301,to_in_008,0
2024,다아873007,to_in_001,5
2024,다아873007,to_in_007,0
2024,다아873007,to_in_008,0
2024,다아873012,to_in_001,13
2024,다아873012,to_in_007,5
2024,다아873012,to_in_008,8
2024,다아873014,to_in_001,0
2024,다아873014,to_in_007,0
2024,다아873014,to_in_008,0
2024,다아873016,to_in_001,0
2024,다아873016,to_in_007,0
2024,다아873016,to_in_008,0
2024,다아873019,to_in_001,5
2024,다아873019,to_in_007,5
2024,다아873019,to_in_008,5
2024,다아873135,to_in_001,5
2024,다아873135,to_in_007,0
2024,다아873135,to_in_008,5
2024,다아873160,to_in_001,8
2024,다아873160,to_in_007,5
2024,다아873160,to_in_008,5
2024,다아873203,to_in_001,0
2024,다아873203,to_in_007,0
2024,다아873203,to_in_008,0
2024,다아873204,to_in_001,5
2024,다아873204,to_in_007,5
2024,다아873204,to_in_008,5
2024,다아873210,to_in_001,0
2024,다아873210,to_in_007,0
2024,다아873210,to_in_008,0
2024,다아873293,to_in_001,0
2024,다아873293,to_in_007,0
2024,다아873293,to_in_008,0
2024,다아873296,to_in_001,13
2024,다아873296,to_in_007,8
2024,다아873296,to_in_008,8
2024,다아873297,to_in_001,8
2024,다아873297,to_in_007,5
2024,다아873297,to_in_008,5
2024,다아873298,to_in_001,13
2024,다아873298,to_in_007,8
2024,다아873298,to_in_008,8
2024,다아873299,to_in_001,33
2024,다아873299,to_in_007,18
2024,다아873299,to_in_008,18
2024,다아873300,to_in_001,5
2024,다아873300,to_in_007,0
2024,다아873300,to_in_008,5
2024,다아874011,to_in_001,5
2024,다아874011,to_in_007,0
2024,다아874011,to_in_008,0
2024,다아879299,to_in_001,5
2024,다아879299,to_in_007,5
2024,다아879299,to_in_008,0
2024,다아880000,to_in_001,5
2024,다아880000,to_in_007,0
2024,다아880000,to_in_008,5
2024,다아880003,to_in_001,0
2024,다아880003,to_in_007,0
2024,다아880003,to_in_008,0
2024,다아880004,to_in_001,5
2024,다아880004,to_in_007,0
2024,다아880004,to_in_008,5
2024,다아880009,to_in_001,5
2024,다아880009,to_in_007,0
2024,다아880009,to_in_008,0
2024,다아880013,to_in_001,5
2024,다아880013,to_in_007,0
2024,다아880013,to_in_008,0
2024,다아880014,to_in_001,5
2024,다아880014,to_in_007,5
2024,다아880014,to_in_008,5
2024,다아880015,to_in_001,8
2024,다아880015,to_in_007,8
2024,다아880015,to_in_008,5
2024,다아880016,to_in_001,8
2024,다아880016,to_in_007,5
2024,다아880016,to_in_008,8
2024,다아880017,to_in_001,0
2024,다아880017,to_in_007,0
2024,다아880017,to_in_008,0
2024,다아880018,to_in_001,5
2024,다아880018,to_in_007,5
2024,다아880018,to_in_008,5
2024,다아880023,to_in_001,5
2024,다아880023,to_in_007,5
2024,다아880023,to_in_008,5
2024,다아880027,to_in_001,8
2024,다아880027,to_in_007,0
2024,다아880027,to_in_008,8
2024,다아880029,to_in_001,5
2024,다아880029,to_in_007,0
2024,다아880029,to_in_008,0
2024,다아880031,to_in_001,5
2024,다아880031,to_in_007,5
2024,다아880031,to_in_008,0
2024,다아880034,to_in_001,8
2024,다아880034,to_in_007,5
2024,다아880034,to_in_008,5
2024,다아880035,to_in_001,8
2024,다아880035,to_in_007,5
2024,다아880035,to_in_008,8
2024,다아880036,to_in_001,5
2024,다아880036,to_in_007,5
2024,다아880036,to_in_008,0
2024,다아880037,to_in_001,5
2024,다아880037,to_in_007,0
2024,다아880037,to_in_008,5
2024,다아880195,to_in_001,5
2024,다아880195,to_in_007,0
2024,다아880195,to_in_008,0
2024,다아880202,to_in_001,5
2024,다아880202,to_in_007,5
2024,다아880202,to_in_008,0
2024,다아880206,to_in_001,0
2024,다아880206,to_in_007,0
2024,다아880206,to_in_008,0
2024,다아880261,to_in_001,5
2024,다아880261,to_in_007,0
2024,다아880261,to_in_008,0
2024,다아880263,to_in_001,8
2024,다아880263,to_in_007,5
2024,다아880263,to_in_008,8
2024,다아880264,to_in_001,18
2024,다아880264,to_in_007,8
2024,다아880264,to_in_008,8
2024,다아880265,to_in_001,18
2024,다아880265,to_in_007,8
2024,다아880265,to_in_008,13
2024,다아880266,to_in_001,5
2024,다아880266,to_in_007,5
2024,다아880266,to_in_008,5
2024,다아881000,to_in_001,5
2024,다아881000,to_in_007,0
2024,다아881000,to_in_008,5
2024,다아881003,to_in_001,13
2024,다아881003,to_in_007,5
2024,다아881003,to_in_008,8
2024,다아881004,to_in_001,5
2024,다아881004,to_in_007,0
2024,다아881004,to_in_008,0
2024,다아881017,to_in_001,8
2024,다아881017,to_in_007,8
2024,다아881017,to_in_008,5
2024,다아881018,to_in_001,8
2024,다아881018,to_in_007,5
2024,다아881018,to_in_008,5
2024,다아881029,to_in_001,5
2024,다아881029,to_in_007,0
2024,다아881029,to_in_008,0
2024,다아881034,to_in_001,5
2024,다아881034,to_in_007,0
2024,다아881034,to_in_008,5
2024,다아881035,to_in_001,5
2024,다아881035,to_in_007,5
2024,다아881035,to_in_008,0
2024,다아881036,to_in_001,5
2024,다아881036,to_in_007,0
2024,다아881036,to_in_008,5
2024,다아881039,to_in_001,5
2024,다아881039,to_in_007,0
2024,다아881039,to_in_008,0
2024,다아881040,to_in_001,5
2024,다아881040,to_in_007,5
2024,다아881040,to_in_008,0
2024,다아881208,to_in_001,5
2024,다아881208,to_in_007,0
2024,다아881208,to_in_008,0
2024,다아881260,to_in_001,5
2024,다아881260,to_in_007,5
2024,다아881260,to_in_008,0
2024,다아881261,to_in_001,5
2024,다아881261,to_in_007,5
2024,다아881261,to_in_008,5
2024,다아881264,to_in_001,5
2024,다아881264,to_in_007,5
2024,다아881264,to_in_008,0
2024,다아881265,to_in_001,8
2024,다아881265,to_in_007,8
2024,다아881265,to_in_008,5
2024,다아882000,to_in_001,5
2024,다아882000,to_in_007,5
2024,다아882000,to_in_008,0
2024,다아882001,to_in_001,5
2024,다아882001,to_in_007,5
2024,다아882001,to_in_008,5
2024,다아882002,to_in_001,5
2024,다아882002,to_in_007,5
2024,다아882002,to_in_008,5
2024,다아923189,to_in_001,17
2024,다아923189,to_in_007,17
2024,다아923189,to_in_008,0
2024,다아923225,to_in_001,0
2024,다아923225,to_in_007,0
2024,다아923225,to_in_008,0
2024,다아923280,to_in_001,5
2024,다아923280,to_in_007,5
2024,다아923280,to_in_008,0
2024,다아924082,to_in_001,5
2024,다아924082,to_in_007,5
2024,다아924082,to_in_008,0
2024,다아924174,to_in_001,0
2024,다아924174,to_in_007,0
2024,다아924174,to_in_008,0
2024,다아924181,to_in_001,5
2024,다아924181,to_in_007,0
2024,다아924181,to_in_008,5
2024,다아924182,to_in_001,28
2024,다아924182,to_in_007,13
2024,다아924182,to_in_008,13
2024,다아924183,to_in_001,28
2024,다아924183,to_in_007,18
2024,다아924183,to_in_008,13
2024,다아924184,to_in_001,23
2024,다아924184,to_in_007,8
2024,다아924184,to_in_008,13
2024,다아924185,to_in_001,5
2024,다아924185,to_in_007,5
2024,다아924185,to_in_008,5
2024,다아924188,to_in_001,8
2024,다아924188,to_in_007,5
2024,다아924188,to_in_008,5
2024,다아924190,to_in_001,5
2024,다아924190,to_in_007,0
2024,다아924190,to_in_008,5
2024,다아924276,to_in_001,8
2024,다아924276,to_in_007,5
2024,다아924276,to_in_008,5
2024,다아924279,to_in_001,5
2024,다아924279,to_in_007,5
2024,다아924279,to_in_008,0
2024,다아925082,to_in_001,5
2024,다아925082,to_in_007,0
2024,다아925082,to_in_008,5
2024,다아925083,to_in_001,5
2024,다아925083,to_in_007,0
2024,다아925083,to_in_008,5
2024,다아925182,to_in_001,5
2024,다아925182,to_in_007,0
2024,다아925182,to_in_008,0
2024,다아925183,to_in_001,48
2024,다아925183,to_in_007,18
2024,다아925183,to_in_008,33
2024,다아925184,to_in_001,23
2024,다아925184,to_in_007,13
2024,다아925184,to_in_008,8
2024,다아925185,to_in_001,18
2024,다아925185,to_in_007,8
2024,다아925185,to_in_008,8
2024,다아925186,to_in_001,23
2024,다아925186,to_in_007,8
2024,다아925186,to_in_008,13
2024,다아925188,to_in_001,8
2024,다아925188,to_in_007,5
2024,다아925188,to_in_008,5
2024,다아925190,to_in_001,5
2024,다아925190,to_in_007,0
2024,다아925190,to_in_008,5
2024,다아925197,to_in_001,0
2024,다아925197,to_in_007,0
2024,다아925197,to_in_008,0
2024,다아925199,to_in_001,5
2024,다아925199,to_in_007,0
2024,다아925199,to_in_008,5
2024,다아925203,to_in_001,5
2024,다아925203,to_in_007,0
2024,다아925203,to_in_008,0
2024,다아925275,to_in_001,8
2024,다아925275,to_in_007,8
2024,다아925275,to_in_008,5
2024,다아925278,to_in_001,5
2024,다아925278,to_in_007,5
2024,다아925278,to_in_008,0
2024,다아925279,to_in_001,13
2024,다아925279,to_in_007,8
2024,다아925279,to_in_008,8
2024,다아925280,to_in_001,8
2024,다아925280,to_in_007,8
2024,다아925280,to_in_008,5
2024,다아926083,to_in_001,5
2024,다아926083,to_in_007,5
2024,다아926083,to_in_008,5
2024,다아926084,to_in_001,0
2024,다아926084,to_in_007,0
2024,다아926084,to_in_008,0
2024,다아926183,to_in_001,8
2024,다아926183,to_in_007,5
2024,다아926183,to_in_008,8
2024,다아926184,to_in_001,13
2024,다아926184,to_in_007,8
2024,다아926184,to_in_008,8
2024,다아926185,to_in_001,13
2024,다아926185,to_in_007,5
2024,다아926185,to_in_008,8
2024,다아926186,to_in_001,5
2024,다아926186,to_in_007,5
2024,다아926186,to_in_008,0
2024,다아926188,to_in_001,5
2024,다아926188,to_in_007,5
2024,다아926188,to_in_008,5
2024,다아926190,to_in_001,0
2024,다아926190,to_in_007,0
2024,다아926190,to_in_008,0
2024,다아926199,to_in_001,5
2024,다아926199,to_in_007,5
2024,다아926199,to_in_008,0
2024,다아926201,to_in_001,8
2024,다아926201,to_in_007,8
2024,다아926201,to_in_008,8
2024,다아926202,to_in_001,5
2024,다아926202,to_in_007,5
2024,다아926202,to_in_008,0
2024,다아934235,to_in_001,5
2024,다아934235,to_in_007,5
2024,다아934235,to_in_008,0
2024,다아934237,to_in_001,8
2024,다아934237,to_in_007,5
2024,다아934237,to_in_008,5
2024,다아934238,to_in_001,5
2024,다아934238,to_in_007,5
2024,다아934238,to_in_008,5
2024,다아934244,to_in_001,5
2024,다아934244,to_in_007,5
2024,다아934244,to_in_008,0
2024,다아934280,to_in_001,8
2024,다아934280,to_in_007,5
2024,다아934280,to_in_008,5
2024,다아934281,to_in_001,0
2024,다아934281,to_in_007,0
2024,다아934281,to_in_008,0
2024,다아935149,to_in_001,5
2024,다아935149,to_in_007,0
2024,다아935149,to_in_008,0
2024,다아935237,to_in_001,5
2024,다아935237,to_in_007,5
2024,다아935237,to_in_008,5
2024,다아935238,to_in_001,18
2024,다아935238,to_in_007,13
2024,다아935238,to_in_008,8
2024,다아935241,to_in_001,5
2024,다아935241,to_in_007,0
2024,다아935241,to_in_008,0
2024,다아935252,to_in_001,8
2024,다아935252,to_in_007,5
2024,다아935252,to_in_008,5
2024,다아935270,to_in_001,5
2024,다아935270,to_in_007,5
2024,다아935270,to_in_008,5
2024,다아845081,to_in_007,0
2024,다아845081,to_in_008,0
2024,다아845083,to_in_001,5
2024,다아845083,to_in_007,0
2024,다아845083,to_in_008,0
2024,다아845084,to_in_001,8
2024,다아845084,to_in_007,5
2024,다아845084,to_in_008,5
2024,다아845085,to_in_001,5
2024,다아845085,to_in_007,0
2024,다아845085,to_in_008,5
2024,다아845097,to_in_001,5
2024,다아845097,to_in_007,0
2024,다아845097,to_in_008,0
2024,다아845172,to_in_001,5
2024,다아845172,to_in_007,5
2024,다아845172,to_in_008,0
2024,다아845173,to_in_001,8
2024,다아845173,to_in_007,5
2024,다아845173,to_in_008,8
2024,다아845190,to_in_001,8
2024,다아845190,to_in_007,8
2024,다아845190,to_in_008,5
2024,다아845200,to_in_001,8
2024,다아845200,to_in_007,8
2024,다아845200,to_in_008,0
2024,다아845201,to_in_001,49
2024,다아845201,to_in_007,23
2024,다아845201,to_in_008,24
2024,다아845202,to_in_001,8
2024,다아845202,to_in_007,5
2024,다아845202,to_in_008,5
2024,다아845205,to_in_001,0
2024,다아845205,to_in_007,0
2024,다아845205,to_in_008,0
2024,다아845313,to_in_001,0
2024,다아845313,to_in_007,0
2024,다아845313,to_in_008,0
2024,다아845314,to_in_001,5
2024,다아845314,to_in_007,5
2024,다아845314,to_in_008,5
2024,다아846006,to_in_001,5
2024,다아846006,to_in_007,0
2024,다아846006,to_in_008,5
2024,다아848064,to_in_001,13
2024,다아848064,to_in_007,8
2024,다아848064,to_in_008,5
2024,다아848074,to_in_001,0
2024,다아848074,to_in_007,0
2024,다아848074,to_in_008,0
2024,다아848075,to_in_001,5
2024,다아848075,to_in_007,5
2024,다아848075,to_in_008,5
2024,다아848076,to_in_001,8
2024,다아848076,to_in_007,8
2024,다아848076,to_in_008,5
2024,다아848082,to_in_001,8
2024,다아848082,to_in_007,5
2024,다아848082,to_in_008,5
2024,다아848195,to_in_001,0
2024,다아848195,to_in_007,0
2024,다아848195,to_in_008,0
2024,다아848196,to_in_001,13
2024,다아848196,to_in_007,8
2024,다아848196,to_in_008,8
2024,다아848197,to_in_001,13
2024,다아848197,to_in_007,8
2024,다아848197,to_in_008,5
2024,다아848198,to_in_001,8
2024,다아848198,to_in_007,8
2024,다아848198,to_in_008,5
2024,다아848199,to_in_001,8
2024,다아848199,to_in_007,8
2024,다아848199,to_in_008,5
2024,다아848200,to_in_001,5
2024,다아848200,to_in_007,5
2024,다아848200,to_in_008,0
2024,다아848202,to_in_001,23
2024,다아848202,to_in_007,8
2024,다아848202,to_in_008,13
2024,다아848205,to_in_001,5
2024,다아848205,to_in_007,5
2024,다아848205,to_in_008,0
2024,다아848323,to_in_001,0
2024,다아848323,to_in_007,0
2024,다아848323,to_in_008,0
2024,다아849006,to_in_001,5
2024,다아849006,to_in_007,5
2024,다아849006,to_in_008,0
2024,다아849008,to_in_001,38
2024,다아849008,to_in_007,23
2024,다아849008,to_in_008,13
2024,다아849009,to_in_001,23
2024,다아849009,to_in_007,13
2024,다아849009,to_in_008,13
2024,다아849011,to_in_001,5
2024,다아849011,to_in_007,5
2024,다아849011,to_in_008,0
2024,다아849019,to_in_001,5
2024,다아849019,to_in_007,5
2024,다아849019,to_in_008,5
2024,다아849020,to_in_001,8
2024,다아849020,to_in_007,5
2024,다아849020,to_in_008,8
2024,다아849022,to_in_001,5
2024,다아849022,to_in_007,5
2024,다아849022,to_in_008,0
2024,다아849024,to_in_001,5
2024,다아849024,to_in_007,5
2024,다아849024,to_in_008,0
2024,다아849026,to_in_001,5
2024,다아849026,to_in_007,0
2024,다아849026,to_in_008,5
2024,다아849063,to_in_001,8
2024,다아849063,to_in_007,5
2024,다아849063,to_in_008,5
2024,다아849187,to_in_001,5
2024,다아849187,to_in_007,5
2024,다아849187,to_in_008,0
2024,다아849189,to_in_001,5
2024,다아849189,to_in_007,0
2024,다아849189,to_in_008,0
2024,다아849195,to_in_001,8
2024,다아849195,to_in_007,5
2024,다아849195,to_in_008,5
2024,다아851007,to_in_001,8
2024,다아851007,to_in_007,5
2024,다아851007,to_in_008,5
2024,다아851008,to_in_001,5
2024,다아851008,to_in_007,5
2024,다아851008,to_in_008,5
2024,다아851009,to_in_001,8
2024,다아851009,to_in_007,5
2024,다아851009,to_in_008,8
2024,다아851010,to_in_001,8
2024,다아851010,to_in_007,5
2024,다아851010,to_in_008,5
2024,다아851013,to_in_001,8
2024,다아851013,to_in_007,8
2024,다아851013,to_in_008,5
2024,다아851015,to_in_001,5
2024,다아851015,to_in_007,5
2024,다아851015,to_in_008,5
2024,다아851016,to_in_001,5
2024,다아851016,to_in_007,5
2024,다아851016,to_in_008,5
2024,다아851018,to_in_001,0
2024,다아851018,to_in_007,0
2024,다아851018,to_in_008,0
2024,다아851063,to_in_001,5
2024,다아851063,to_in_007,5
2024,다아851063,to_in_008,5
2024,다아851066,to_in_001,13
2024,다아851066,to_in_007,8
2024,다아851066,to_in_008,8
2024,다아851153,to_in_001,8
2024,다아851153,to_in_007,5
2024,다아851153,to_in_008,8
2024,다아851199,to_in_001,8
2024,다아851199,to_in_007,5
2024,다아851199,to_in_008,5
2024,다아851202,to_in_001,5
2024,다아851202,to_in_007,5
2024,다아851202,to_in_008,0
2024,다아852007,to_in_001,8
2024,다아852007,to_in_007,8
2024,다아852007,to_in_008,0
2024,다아852012,to_in_001,5
2024,다아852012,to_in_007,0
2024,다아852012,to_in_008,5
2024,다아852013,to_in_001,8
2024,다아852013,to_in_007,5
2024,다아852013,to_in_008,5
2024,다아852016,to_in_001,5
2024,다아852016,to_in_007,5
2024,다아852016,to_in_008,0
2024,다아852017,to_in_001,0
2024,다아852017,to_in_007,0
2024,다아852017,to_in_008,0
2024,다아852018,to_in_001,8
2024,다아852018,to_in_007,8
2024,다아852018,to_in_008,0
2024,다아852199,to_in_001,5
2024,다아852199,to_in_007,0
2024,다아852199,to_in_008,5
2024,다아852200,to_in_001,5
2024,다아852200,to_in_007,0
2024,다아852200,to_in_008,0
2024,다아852201,to_in_001,5
2024,다아852201,to_in_007,5
2024,다아852201,to_in_008,0
2024,다아852328,to_in_001,5
2024,다아852328,to_in_007,0
2024,다아852328,to_in_008,0
2024,다아852329,to_in_001,18
2024,다아852329,to_in_007,8
2024,다아852329,to_in_008,8
2024,다아852330,to_in_001,13
2024,다아852330,to_in_007,8
2024,다아852330,to_in_008,8
2024,다아853001,to_in_001,5
2024,다아853001,to_in_007,5
2024,다아853001,to_in_008,0
2024,다아853007,to_in_001,8
2024,다아853007,to_in_007,5
2024,다아853007,to_in_008,8
2024,다아855011,to_in_001,8
2024,다아855011,to_in_007,5
2024,다아855011,to_in_008,5
2024,다아855012,to_in_001,5
2024,다아855012,to_in_007,0
2024,다아855012,to_in_008,5
2024,다아855020,to_in_001,0
2024,다아855020,to_in_007,0
2024,다아855020,to_in_008,0
2024,다아855204,to_in_001,13
2024,다아855204,to_in_007,8
2024,다아855204,to_in_008,8
2024,다아855319,to_in_001,8
2024,다아855319,to_in_007,5
2024,다아855319,to_in_008,5
2024,다아855320,to_in_001,5
2024,다아855320,to_in_007,5
2024,다아855320,to_in_008,5
2024,다아856007,to_in_001,5
2024,다아856007,to_in_007,0
2024,다아856007,to_in_008,0
2024,다아856008,to_in_001,8
2024,다아856008,to_in_007,5
2024,다아856008,to_in_008,8
2024,다아856009,to_in_001,5
2024,다아856009,to_in_007,5
2024,다아856009,to_in_008,0
2024,다아856011,to_in_001,8
2024,다아856011,to_in_007,5
2024,다아856011,to_in_008,5
2024,다아856012,to_in_001,8
2024,다아856012,to_in_007,5
2024,다아856012,to_in_008,5
2024,다아856013,to_in_001,13
2024,다아856013,to_in_007,5
2024,다아856013,to_in_008,8
2024,다아856014,to_in_001,5
2024,다아856014,to_in_007,5
2024,다아856014,to_in_008,5
2024,다아856015,to_in_001,0
2024,다아856015,to_in_007,0
2024,다아856015,to_in_008,0
2024,다아856017,to_in_001,5
2024,다아856017,to_in_007,5
2024,다아856017,to_in_008,5
2024,다아856018,to_in_001,5
2024,다아856018,to_in_007,0
2024,다아856018,to_in_008,0
2024,다아856204,to_in_001,5
2024,다아856204,to_in_007,5
2024,다아856204,to_in_008,0
2024,다아856211,to_in_001,13
2024,다아856211,to_in_007,8
2024,다아856211,to_in_008,5
2024,다아856319,to_in_001,8
2024,다아856319,to_in_007,5
2024,다아856319,to_in_008,5
2024,다아856320,to_in_001,8
2024,다아856320,to_in_007,8
2024,다아856320,to_in_008,8
2024,다아857008,to_in_001,13
2024,다아857008,to_in_007,8
2024,다아857008,to_in_008,8
2024,다아857010,to_in_001,5
2024,다아857010,to_in_007,5
2024,다아857010,to_in_008,0
2024,다아857011,to_in_001,5
2024,다아857011,to_in_007,5
2024,다아857011,to_in_008,5
2024,다아857012,to_in_001,8
2024,다아857012,to_in_007,5
2024,다아857012,to_in_008,5
2024,다아857018,to_in_001,8
2024,다아857018,to_in_007,5
2024,다아857018,to_in_008,5
2024,다아857187,to_in_001,0
2024,다아857187,to_in_007,0
2024,다아857187,to_in_008,0
2024,다아863010,to_in_001,5
2024,다아863010,to_in_007,5
2024,다아863010,to_in_008,0
2024,다아863011,to_in_001,5
2024,다아863011,to_in_007,5
2024,다아863011,to_in_008,0
2024,다아863013,to_in_001,0
2024,다아863013,to_in_007,0
2024,다아863013,to_in_008,0
2024,다아863014,to_in_001,8
2024,다아863014,to_in_007,5
2024,다아863014,to_in_008,5
2024,다아863015,to_in_001,57
2024,다아863015,to_in_007,52
2024,다아863015,to_in_008,8
2024,다아863055,to_in_001,8
2024,다아863055,to_in_007,5
2024,다아863055,to_in_008,5
2024,다아863056,to_in_001,5
2024,다아863056,to_in_007,0
2024,다아863056,to_in_008,0
2024,다아863244,to_in_001,5
2024,다아863244,to_in_007,0
2024,다아863244,to_in_008,0
2024,다아863247,to_in_001,5
2024,다아863247,to_in_007,0
2024,다아863247,to_in_008,0
2024,다아863250,to_in_001,5
2024,다아863250,to_in_007,0
2024,다아863250,to_in_008,5
2024,다아863268,to_in_001,5
2024,다아863268,to_in_007,5
2024,다아863268,to_in_008,0
2024,다아863273,to_in_001,8
2024,다아863273,to_in_007,5
2024,다아863273,to_in_008,5
2024,다아863274,to_in_001,5
2024,다아863274,to_in_007,5
2024,다아863274,to_in_008,5
2024,다아863275,to_in_001,5
2024,다아863275,to_in_007,5
2024,다아863275,to_in_008,0
2024,다아863276,to_in_001,5
2024,다아863276,to_in_007,5
2024,다아863276,to_in_008,0
2024,다아863277,to_in_001,5
2024,다아863277,to_in_007,5
2024,다아863277,to_in_008,5
2024,다아863300,to_in_001,0
2024,다아863300,to_in_007,0
2024,다아863300,to_in_008,0
2024,다아864003,to_in_001,8
2024,다아864003,to_in_007,5
2024,다아864003,to_in_008,5
2024,다아864010,to_in_001,18
2024,다아864010,to_in_007,5
2024,다아864010,to_in_008,13
2024,다아864011,to_in_001,0
2024,다아864011,to_in_007,0
2024,다아864011,to_in_008,0
2024,다아864014,to_in_001,8
2024,다아864014,to_in_007,8
2024,다아864014,to_in_008,0
2024,다아864015,to_in_001,13
2024,다아864015,to_in_007,8
2024,다아864015,to_in_008,8
2024,다아864053,to_in_001,8
2024,다아864053,to_in_007,5
2024,다아864053,to_in_008,5
2024,다아864055,to_in_001,5
2024,다아864055,to_in_007,5
2024,다아864055,to_in_008,5
2024,다아864056,to_in_001,5
2024,다아864056,to_in_007,5
2024,다아864056,to_in_008,5
2024,다아864057,to_in_001,8
2024,다아864057,to_in_007,5
2024,다아864057,to_in_008,5
2024,다아864058,to_in_001,8
2024,다아864058,to_in_007,8
2024,다아864058,to_in_008,5
2024,다아864059,to_in_001,0
2024,다아864059,to_in_007,0
2024,다아864059,to_in_008,0
2024,다아864240,to_in_001,0
2024,다아864240,to_in_007,0
2024,다아864240,to_in_008,0
2024,다아864241,to_in_001,5
2024,다아864241,to_in_007,0
2024,다아864241,to_in_008,0
2024,다아864242,to_in_001,5
2024,다아864242,to_in_007,0
2024,다아864242,to_in_008,0
2024,다아864245,to_in_001,0
2024,다아864245,to_in_007,0
2024,다아864245,to_in_008,0
2024,다아864256,to_in_001,5
2024,다아864256,to_in_007,0
2024,다아864256,to_in_008,5
2024,다아864263,to_in_001,5
2024,다아864263,to_in_007,0
2024,다아864263,to_in_008,5
2024,다아864277,to_in_001,8
2024,다아864277,to_in_007,5
2024,다아864277,to_in_008,5
2024,다아864278,to_in_001,5
2024,다아864278,to_in_007,0
2024,다아864278,to_in_008,5
2024,다아864280,to_in_001,8
2024,다아864280,to_in_007,5
2024,다아864280,to_in_008,5
2024,다아864281,to_in_001,5
2024,다아864281,to_in_007,5
2024,다아864281,to_in_008,0
2024,다아864293,to_in_001,5
2024,다아864293,to_in_007,0
2024,다아864293,to_in_008,0
2024,다아864297,to_in_001,0
2024,다아864297,to_in_007,0
2024,다아864297,to_in_008,0
2024,다아865010,to_in_001,18
2024,다아865010,to_in_007,8
2024,다아865010,to_in_008,8
2024,다아865012,to_in_001,13
2024,다아865012,to_in_007,8
2024,다아865012,to_in_008,8
2024,다아865013,to_in_001,18
2024,다아865013,to_in_007,8
2024,다아865013,to_in_008,8
2024,다아865014,to_in_001,28
2024,다아865014,to_in_007,13
2024,다아865014,to_in_008,13
2024,다아865053,to_in_001,0
2024,다아865053,to_in_007,0
2024,다아865053,to_in_008,0
2024,다아865055,to_in_001,5
2024,다아865055,to_in_007,5
2024,다아865055,to_in_008,5
2024,다아865058,to_in_001,5
2024,다아865058,to_in_007,0
2024,다아865058,to_in_008,5
2024,다아865059,to_in_001,0
2024,다아865059,to_in_007,0
2024,다아865059,to_in_008,0
2024,다아865142,to_in_001,5
2024,다아865142,to_in_007,5
2024,다아865142,to_in_008,0
2024,다아865242,to_in_001,5
2024,다아865242,to_in_007,0
2024,다아865242,to_in_008,0
2024,다아865254,to_in_001,5
2024,다아865254,to_in_007,0
2024,다아865254,to_in_008,0
2024,다아869017,to_in_001,8
2024,다아869017,to_in_007,5
2024,다아869017,to_in_008,5
2024,다아869061,to_in_001,5
2024,다아869061,to_in_007,5
2024,다아869061,to_in_008,0
2024,다아869062,to_in_001,5
2024,다아869062,to_in_007,5
2024,다아869062,to_in_008,5
2024,다아869063,to_in_001,8
2024,다아869063,to_in_007,5
2024,다아869063,to_in_008,8
2024,다아869143,to_in_001,8
2024,다아869143,to_in_007,8
2024,다아869143,to_in_008,5
2024,다아869146,to_in_001,5
2024,다아869146,to_in_007,5
2024,다아869146,to_in_008,5
2024,다아869147,to_in_001,5
2024,다아869147,to_in_007,0
2024,다아869147,to_in_008,0
2024,다아869148,to_in_001,8
2024,다아869148,to_in_007,5
2024,다아869148,to_in_008,5
2024,다아869154,to_in_001,5
2024,다아869154,to_in_007,5
2024,다아869154,to_in_008,5
2024,다아869155,to_in_001,8
2024,다아869155,to_in_007,5
2024,다아869155,to_in_008,5
2024,다아869204,to_in_001,0
2024,다아869204,to_in_007,0
2024,다아869204,to_in_008,0
2024,다아869205,to_in_001,5
2024,다아869205,to_in_007,5
2024,다아869205,to_in_008,0
2024,다아869212,to_in_001,0
2024,다아869212,to_in_007,0
2024,다아869212,to_in_008,0
2024,다아869260,to_in_001,8
2024,다아869260,to_in_007,8
2024,다아869260,to_in_008,5
2024,다아869261,to_in_001,75
2024,다아869261,to_in_007,40
2024,다아869261,to_in_008,33
2024,다아869262,to_in_001,8
2024,다아869262,to_in_007,8
2024,다아869262,to_in_008,5
2024,다아869263,to_in_001,5
2024,다아869263,to_in_007,5
2024,다아869263,to_in_008,5
2024,다아869279,to_in_001,0
2024,다아869279,to_in_007,0
2024,다아869279,to_in_008,0
2024,다아870004,to_in_001,8
2024,다아870004,to_in_007,5
2024,다아870004,to_in_008,5
2024,다아870012,to_in_001,8
2024,다아870012,to_in_007,8
2024,다아870012,to_in_008,5
2024,다아870014,to_in_001,0
2024,다아870014,to_in_007,0
2024,다아870014,to_in_008,0
2024,다아870015,to_in_001,23
2024,다아870015,to_in_007,8
2024,다아870015,to_in_008,18
2024,다아870016,to_in_001,18
2024,다아870016,to_in_007,8
2024,다아870016,to_in_008,8
2024,다아870017,to_in_001,8
2024,다아870017,to_in_007,5
2024,다아870017,to_in_008,5
2024,다아870138,to_in_001,5
2024,다아870138,to_in_007,5
2024,다아870138,to_in_008,0
2024,다아870148,to_in_001,5
2024,다아870148,to_in_007,0
2024,다아870148,to_in_008,0
2024,다아870150,to_in_001,5
2024,다아870150,to_in_007,0
2024,다아870150,to_in_008,5
2024,다아870151,to_in_001,0
2024,다아870151,to_in_007,0
2024,다아870151,to_in_008,0
2024,다아870205,to_in_001,5
2024,다아870205,to_in_007,0
2024,다아870205,to_in_008,5
2024,다아870260,to_in_001,13
2024,다아870260,to_in_007,8
2024,다아870260,to_in_008,8
2024,다아870261,to_in_001,13
2024,다아870261,to_in_007,8
2024,다아870261,to_in_008,8
2024,다아870262,to_in_001,0
2024,다아870262,to_in_007,0
2024,다아870262,to_in_008,0
2024,다아870279,to_in_001,5
2024,다아870279,to_in_007,5
2024,다아870279,to_in_008,0
2024,다아871004,to_in_001,0
2024,다아871004,to_in_007,0
2024,다아871004,to_in_008,0
2024,다아871008,to_in_001,5
2024,다아871008,to_in_007,0
2024,다아871008,to_in_008,0
2024,다아871011,to_in_001,5
2024,다아871011,to_in_007,0
2024,다아871011,to_in_008,0
2024,다아871137,to_in_001,0
2024,다아871137,to_in_007,0
2024,다아871137,to_in_008,0
2024,다아871150,to_in_001,0
2024,다아871150,to_in_007,0
2024,다아871150,to_in_008,0
2024,다아871151,to_in_001,5
2024,다아871151,to_in_007,0
2024,다아871151,to_in_008,5
2024,다아877018,to_in_001,33
2024,다아877018,to_in_007,18
2024,다아877018,to_in_008,13
2024,다아877019,to_in_001,8
2024,다아877019,to_in_007,5
2024,다아877019,to_in_008,5
2024,다아877023,to_in_001,5
2024,다아877023,to_in_007,5
2024,다아877023,to_in_008,5
2024,다아877024,to_in_001,5
2024,다아877024,to_in_007,5
2024,다아877024,to_in_008,0
2024,다아877026,to_in_001,5
2024,다아877026,to_in_007,0
2024,다아877026,to_in_008,5
2024,다아877027,to_in_001,23
2024,다아877027,to_in_007,13
2024,다아877027,to_in_008,13
2024,다아877028,to_in_001,8
2024,다아877028,to_in_007,5
2024,다아877028,to_in_008,5
2024,다아877297,to_in_001,13
2024,다아877297,to_in_007,5
2024,다아877297,to_in_008,8
2024,다아877298,to_in_001,5
2024,다아877298,to_in_007,0
2024,다아877298,to_in_008,0
2024,다아877299,to_in_001,33
2024,다아877299,to_in_007,18
2024,다아877299,to_in_008,13
2024,다아878003,to_in_001,5
2024,다아878003,to_in_007,0
2024,다아878003,to_in_008,0
2024,다아878012,to_in_001,0
2024,다아878012,to_in_007,0
2024,다아878012,to_in_008,0
2024,다아878017,to_in_001,5
2024,다아878017,to_in_007,0
2024,다아878017,to_in_008,5
2024,다아878018,to_in_001,13
2024,다아878018,to_in_007,8
2024,다아878018,to_in_008,5
2024,다아878019,to_in_001,5
2024,다아878019,to_in_007,0
2024,다아878019,to_in_008,5
2024,다아878022,to_in_001,0
2024,다아878022,to_in_007,0
2024,다아878022,to_in_008,0
2024,다아878023,to_in_001,5
2024,다아878023,to_in_007,5
2024,다아878023,to_in_008,5
2024,다아878028,to_in_001,5
2024,다아878028,to_in_007,5
2024,다아878028,to_in_008,0
2024,다아878029,to_in_001,8
2024,다아878029,to_in_007,5
2024,다아878029,to_in_008,8
2024,다아878196,to_in_001,0
2024,다아878196,to_in_007,0
2024,다아878196,to_in_008,0
2024,다아878200,to_in_001,5
2024,다아878200,to_in_007,5
2024,다아878200,to_in_008,5
2024,다아878263,to_in_001,13
2024,다아878263,to_in_007,5
2024,다아878263,to_in_008,8
2024,다아878264,to_in_001,5
2024,다아878264,to_in_007,0
2024,다아878264,to_in_008,0
2024,다아878298,to_in_001,5
2024,다아878298,to_in_007,0
2024,다아878298,to_in_008,0
2024,다아878299,to_in_001,8
2024,다아878299,to_in_007,5
2024,다아878299,to_in_008,5
2024,다아879000,to_in_001,8
2024,다아879000,to_in_007,8
2024,다아879000,to_in_008,5
2024,다아879001,to_in_001,5
2024,다아879001,to_in_007,5
2024,다아879001,to_in_008,0
2024,다아879003,to_in_001,5
2024,다아879003,to_in_007,5
2024,다아879003,to_in_008,0
2024,다아879010,to_in_001,5
2024,다아879010,to_in_007,5
2024,다아879010,to_in_008,0
2024,다아879011,to_in_001,5
2024,다아879011,to_in_007,5
2024,다아879011,to_in_008,5
2024,다아879013,to_in_001,8
2024,다아879013,to_in_007,5
2024,다아879013,to_in_008,5
2024,다아879014,to_in_001,5
2024,다아879014,to_in_007,0
2024,다아879014,to_in_008,5
2024,다아879015,to_in_001,5
2024,다아879015,to_in_007,0
2024,다아879015,to_in_008,0
2024,다아879017,to_in_001,5
2024,다아879017,to_in_007,0
2024,다아879017,to_in_008,5
2024,다아879029,to_in_001,5
2024,다아879029,to_in_007,0
2024,다아879029,to_in_008,0
2024,다아879030,to_in_001,5
2024,다아879030,to_in_007,5
2024,다아879030,to_in_008,5
2024,다아879034,to_in_001,5
2024,다아879034,to_in_007,5
2024,다아879034,to_in_008,0
2024,다아879035,to_in_001,5
2024,다아879035,to_in_007,5
2024,다아879035,to_in_008,0
2024,다아879038,to_in_001,5
2024,다아879038,to_in_007,0
2024,다아879038,to_in_008,5
2024,다아879262,to_in_001,5
2024,다아879262,to_in_007,0
2024,다아879262,to_in_008,0
2024,다아879264,to_in_001,13
2024,다아879264,to_in_007,8
2024,다아879264,to_in_008,8
2024,다아879265,to_in_001,13
2024,다아879265,to_in_007,8
2024,다아879265,to_in_008,8
2024,다아879266,to_in_001,5
2024,다아879266,to_in_007,0
2024,다아879266,to_in_008,0
2024,다아879296,to_in_001,5
2024,다아879296,to_in_007,5
2024,다아879296,to_in_008,5
2024,다아879298,to_in_001,5
2024,다아879298,to_in_007,5
2024,다아879298,to_in_008,0
2024,다아883041,to_in_001,67
2024,다아883041,to_in_007,37
2024,다아883041,to_in_008,28
2024,다아883042,to_in_001,13
2024,다아883042,to_in_007,8
2024,다아883042,to_in_008,8
2024,다아883043,to_in_001,5
2024,다아883043,to_in_007,0
2024,다아883043,to_in_008,5
2024,다아883044,to_in_001,5
2024,다아883044,to_in_007,5
2024,다아883044,to_in_008,0
2024,다아883209,to_in_001,127
2024,다아883209,to_in_007,86
2024,다아883209,to_in_008,44
2024,다아883271,to_in_001,5
2024,다아883271,to_in_007,0
2024,다아883271,to_in_008,0
2024,다아883272,to_in_001,5
2024,다아883272,to_in_007,0
2024,다아883272,to_in_008,0
2024,다아883277,to_in_001,5
2024,다아883277,to_in_007,0
2024,다아883277,to_in_008,0
2024,다아884002,to_in_001,5
2024,다아884002,to_in_007,0
2024,다아884002,to_in_008,5
2024,다아884003,to_in_001,0
2024,다아884003,to_in_007,0
2024,다아884003,to_in_008,0
2024,다아884004,to_in_001,8
2024,다아884004,to_in_007,5
2024,다아884004,to_in_008,5
2024,다아884005,to_in_001,8
2024,다아884005,to_in_007,5
2024,다아884005,to_in_008,5
2024,다아884007,to_in_001,5
2024,다아884007,to_in_007,5
2024,다아884007,to_in_008,5
2024,다아884009,to_in_001,0
2024,다아884009,to_in_007,0
2024,다아884009,to_in_008,0
2024,다아884011,to_in_001,8
2024,다아884011,to_in_007,5
2024,다아884011,to_in_008,5
2024,다아884013,to_in_001,0
2024,다아884013,to_in_007,0
2024,다아884013,to_in_008,0
2024,다아884014,to_in_001,8
2024,다아884014,to_in_007,5
2024,다아884014,to_in_008,5
2024,다아884015,to_in_001,13
2024,다아884015,to_in_007,8
2024,다아884015,to_in_008,5
2024,다아884016,to_in_001,8
2024,다아884016,to_in_007,8
2024,다아884016,to_in_008,0
2024,다아884017,to_in_001,23
2024,다아884017,to_in_007,13
2024,다아884017,to_in_008,13
2024,다아884018,to_in_001,38
2024,다아884018,to_in_007,18
2024,다아884018,to_in_008,18
2024,다아884019,to_in_001,43
2024,다아884019,to_in_007,23
2024,다아884019,to_in_008,23
2024,다아884020,to_in_001,5
2024,다아884020,to_in_007,0
2024,다아884020,to_in_008,5
2024,다아884021,to_in_001,5
2024,다아884021,to_in_007,5
2024,다아884021,to_in_008,5
2024,다아884022,to_in_001,13
2024,다아884022,to_in_007,8
2024,다아884022,to_in_008,8
2024,다아884023,to_in_001,8
2024,다아884023,to_in_007,5
2024,다아884023,to_in_008,5
2024,다아884029,to_in_001,5
2024,다아884029,to_in_007,5
2024,다아884029,to_in_008,5
2024,다아884030,to_in_001,8
2024,다아884030,to_in_007,8
2024,다아884030,to_in_008,5
2024,다아884033,to_in_001,28
2024,다아884033,to_in_007,13
2024,다아884033,to_in_008,18
2024,다아884034,to_in_001,13
2024,다아884034,to_in_007,8
2024,다아884034,to_in_008,8
2024,다아884035,to_in_001,8
2024,다아884035,to_in_007,5
2024,다아884035,to_in_008,8
2024,다아884037,to_in_001,8
2024,다아884037,to_in_007,5
2024,다아884037,to_in_008,5
2024,다아884038,to_in_001,33
2024,다아884038,to_in_007,13
2024,다아884038,to_in_008,18
2024,다아884039,to_in_001,18
2024,다아884039,to_in_007,5
2024,다아884039,to_in_008,13
2024,다아884040,to_in_001,61
2024,다아884040,to_in_007,31
2024,다아884040,to_in_008,33
2024,다아884041,to_in_001,38
2024,다아884041,to_in_007,18
2024,다아884041,to_in_008,18
2024,다아884042,to_in_001,18
2024,다아884042,to_in_007,13
2024,다아884042,to_in_008,5
2024,다아884043,to_in_001,5
2024,다아884043,to_in_007,5
2024,다아884043,to_in_008,0
2024,다아884050,to_in_001,5
2024,다아884050,to_in_007,5
2024,다아884050,to_in_008,0
2024,다아884212,to_in_001,112
2024,다아884212,to_in_007,56
2024,다아884212,to_in_008,59
2024,다아884298,to_in_001,5
2024,다아884298,to_in_007,0
2024,다아884298,to_in_008,0
2024,다아885004,to_in_001,8
2024,다아885004,to_in_007,5
2024,다아885004,to_in_008,5
2024,다아885005,to_in_001,5
2024,다아885005,to_in_007,5
2024,다아885005,to_in_008,0
2024,다아886270,to_in_001,8
2024,다아886270,to_in_007,8
2024,다아886270,to_in_008,5
2024,다아886271,to_in_001,23
2024,다아886271,to_in_007,13
2024,다아886271,to_in_008,8
2024,다아886298,to_in_001,5
2024,다아886298,to_in_007,0
2024,다아886298,to_in_008,5
2024,다아887003,to_in_001,0
2024,다아887003,to_in_007,0
2024,다아887003,to_in_008,0
2024,다아887004,to_in_001,5
2024,다아887004,to_in_007,0
2024,다아887004,to_in_008,5
2024,다아887011,to_in_001,5
2024,다아887011,to_in_007,5
2024,다아887011,to_in_008,0
2024,다아887012,to_in_001,0
2024,다아887012,to_in_007,0
2024,다아887012,to_in_008,0
2024,다아887013,to_in_001,5
2024,다아887013,to_in_007,0
2024,다아887013,to_in_008,5
2024,다아887033,to_in_001,28
2024,다아887033,to_in_007,13
2024,다아887033,to_in_008,18
2024,다아887034,to_in_001,79
2024,다아887034,to_in_007,43
2024,다아887034,to_in_008,39
2024,다아887035,to_in_001,5
2024,다아887035,to_in_007,0
2024,다아887035,to_in_008,0
2024,다아887037,to_in_001,5
2024,다아887037,to_in_007,0
2024,다아887037,to_in_008,5
2024,다아887039,to_in_001,236
2024,다아887039,to_in_007,124
2024,다아887039,to_in_008,115
2024,다아887040,to_in_001,108
2024,다아887040,to_in_007,55
2024,다아887040,to_in_008,56
2024,다아887041,to_in_001,5
2024,다아887041,to_in_007,0
2024,다아887041,to_in_008,0
2024,다아887046,to_in_001,8
2024,다아887046,to_in_007,5
2024,다아887046,to_in_008,5
2024,다아887049,to_in_001,8
2024,다아887049,to_in_007,8
2024,다아887049,to_in_008,5
2024,다아887051,to_in_001,8
2024,다아887051,to_in_007,5
2024,다아887051,to_in_008,5
2024,다아887095,to_in_001,5
2024,다아887095,to_in_007,5
2024,다아887095,to_in_008,0
2024,다아887100,to_in_001,5
2024,다아887100,to_in_007,5
2024,다아887100,to_in_008,0
2024,다아887210,to_in_001,5
2024,다아887210,to_in_007,5
2024,다아887210,to_in_008,0
2024,다아887211,to_in_001,13
2024,다아887211,to_in_007,8
2024,다아887211,to_in_008,8
2024,다아887269,to_in_001,13
2024,다아887269,to_in_007,8
2024,다아887269,to_in_008,8
2024,다아887270,to_in_001,8
2024,다아887270,to_in_007,5
2024,다아887270,to_in_008,5
2024,다아887271,to_in_001,28
2024,다아887271,to_in_007,13
2024,다아887271,to_in_008,13
2024,다아887272,to_in_001,5
2024,다아887272,to_in_007,0
2024,다아887272,to_in_008,5
2024,다아887277,to_in_001,5
2024,다아887277,to_in_007,0
2024,다아887277,to_in_008,0
2024,다아887319,to_in_001,5
2024,다아887319,to_in_007,5
2024,다아887319,to_in_008,0
2024,다아888003,to_in_001,0
2024,다아888003,to_in_007,0
2024,다아888003,to_in_008,0
2024,다아888006,to_in_001,5
2024,다아888006,to_in_007,0
2024,다아888006,to_in_008,0
2024,다아888012,to_in_001,0
2024,다아888012,to_in_007,0
2024,다아888012,to_in_008,0
2024,다아888017,to_in_001,5
2024,다아888017,to_in_007,5
2024,다아888017,to_in_008,0
2024,다아888019,to_in_001,0
2024,다아888019,to_in_007,0
2024,다아888019,to_in_008,0
2024,다아888034,to_in_001,13
2024,다아888034,to_in_007,8
2024,다아888034,to_in_008,5
2024,다아888036,to_in_001,5
2024,다아888036,to_in_007,0
2024,다아888036,to_in_008,5
2024,다아888037,to_in_001,8
2024,다아888037,to_in_007,8
2024,다아888037,to_in_008,8
2024,다아888039,to_in_001,71
2024,다아888039,to_in_007,38
2024,다아888039,to_in_008,36
2024,다아888040,to_in_001,117
2024,다아888040,to_in_007,50
2024,다아888040,to_in_008,70
2024,다아888045,to_in_001,28
2024,다아888045,to_in_007,28
2024,다아888045,to_in_008,0
2024,다아888047,to_in_001,8
2024,다아888047,to_in_007,8
2024,다아888047,to_in_008,5
2024,다아888048,to_in_001,5
2024,다아888048,to_in_007,5
2024,다아888048,to_in_008,0
2024,다아888049,to_in_001,0
2024,다아888049,to_in_007,0
2024,다아888049,to_in_008,0
2024,다아888051,to_in_001,5
2024,다아888051,to_in_007,0
2024,다아888051,to_in_008,0
2024,다아888095,to_in_001,8
2024,다아888095,to_in_007,8
2024,다아888095,to_in_008,5
2024,다아888096,to_in_001,0
2024,다아888096,to_in_007,0
2024,다아888096,to_in_008,0
2024,다아888098,to_in_001,0
2024,다아888098,to_in_007,0
2024,다아888098,to_in_008,0
2024,다아888099,to_in_001,0
2024,다아888099,to_in_007,0
2024,다아888099,to_in_008,0
2024,다아888211,to_in_001,0
2024,다아888211,to_in_007,0
2024,다아888211,to_in_008,0
2024,다아888269,to_in_001,0
2024,다아888269,to_in_007,0
2024,다아888269,to_in_008,0
2024,다아888270,to_in_001,13
2024,다아888270,to_in_007,8
2024,다아888270,to_in_008,8
2024,다아888271,to_in_001,13
2024,다아888271,to_in_007,8
2024,다아888271,to_in_008,8
2024,다아889002,to_in_001,18
2024,다아889002,to_in_007,8
2024,다아889002,to_in_008,8
2024,다아889003,to_in_001,5
2024,다아889003,to_in_007,0
2024,다아889003,to_in_008,5
2024,다아894279,to_in_001,5
2024,다아894279,to_in_007,5
2024,다아894279,to_in_008,0
2024,다아895000,to_in_001,5
2024,다아895000,to_in_007,5
2024,다아895000,to_in_008,5
2024,다아895017,to_in_001,5
2024,다아895017,to_in_007,0
2024,다아895017,to_in_008,5
2024,다아895019,to_in_001,5
2024,다아895019,to_in_007,5
2024,다아895019,to_in_008,0
2024,다아895023,to_in_001,0
2024,다아895023,to_in_007,0
2024,다아895023,to_in_008,0
2024,다아895030,to_in_001,5
2024,다아895030,to_in_007,5
2024,다아895030,to_in_008,5
2024,다아895034,to_in_001,5
2024,다아895034,to_in_007,0
2024,다아895034,to_in_008,0
2024,다아895052,to_in_001,5
2024,다아895052,to_in_007,5
2024,다아895052,to_in_008,0
2024,다아895056,to_in_001,0
2024,다아895056,to_in_007,0
2024,다아895056,to_in_008,0
2024,다아895060,to_in_001,5
2024,다아895060,to_in_007,5
2024,다아895060,to_in_008,0
2024,다아895061,to_in_001,8
2024,다아895061,to_in_007,8
2024,다아895061,to_in_008,8
2024,다아895062,to_in_001,8
2024,다아895062,to_in_007,5
2024,다아895062,to_in_008,8
2024,다아895063,to_in_001,5
2024,다아895063,to_in_007,0
2024,다아895063,to_in_008,5
2024,다아895064,to_in_001,8
2024,다아895064,to_in_007,5
2024,다아895064,to_in_008,5
2024,다아895066,to_in_001,0
2024,다아895066,to_in_007,0
2024,다아895066,to_in_008,0
2024,다아895074,to_in_001,0
2024,다아895074,to_in_007,0
2024,다아895074,to_in_008,0
2024,다아895103,to_in_001,5
2024,다아895103,to_in_007,0
2024,다아895103,to_in_008,5
2024,다아895214,to_in_001,0
2024,다아895214,to_in_007,0
2024,다아895214,to_in_008,0
2024,다아895271,to_in_001,13
2024,다아895271,to_in_007,5
2024,다아895271,to_in_008,8
2024,다아896001,to_in_001,5
2024,다아896001,to_in_007,0
2024,다아896001,to_in_008,0
2024,다아896020,to_in_001,5
2024,다아896020,to_in_007,0
2024,다아896020,to_in_008,0
2024,다아896021,to_in_001,5
2024,다아896021,to_in_007,0
2024,다아896021,to_in_008,0
2024,다아896030,to_in_001,0
2024,다아896030,to_in_007,0
2024,다아896030,to_in_008,0
2024,다아896033,to_in_001,5
2024,다아896033,to_in_007,5
2024,다아896033,to_in_008,5
2024,다아896054,to_in_001,5
2024,다아896054,to_in_007,5
2024,다아896054,to_in_008,0
2024,다아896057,to_in_001,5
2024,다아896057,to_in_007,5
2024,다아896057,to_in_008,0
2024,다아896059,to_in_001,5
2024,다아896059,to_in_007,0
2024,다아896059,to_in_008,0
2024,다아900256,to_in_001,5
2024,다아900256,to_in_007,5
2024,다아900256,to_in_008,0
2024,다아900267,to_in_001,5
2024,다아900267,to_in_007,0
2024,다아900267,to_in_008,5
2024,다아900274,to_in_001,5
2024,다아900274,to_in_007,0
2024,다아900274,to_in_008,0
2024,다아900279,to_in_001,23
2024,다아900279,to_in_007,8
2024,다아900279,to_in_008,13
2024,다아900280,to_in_001,116
2024,다아900280,to_in_007,60
2024,다아900280,to_in_008,59
2024,다아900281,to_in_001,62
2024,다아900281,to_in_007,37
2024,다아900281,to_in_008,23
2024,다아901019,to_in_001,8
2024,다아901019,to_in_007,0
2024,다아901019,to_in_008,8
2024,다아901024,to_in_001,5
2024,다아901024,to_in_007,5
2024,다아901024,to_in_008,0
2024,다아901028,to_in_001,5
2024,다아901028,to_in_007,0
2024,다아901028,to_in_008,0
2024,다아901033,to_in_001,5
2024,다아901033,to_in_007,0
2024,다아901033,to_in_008,5
2024,다아901066,to_in_001,5
2024,다아901066,to_in_007,0
2024,다아901066,to_in_008,0
2024,다아901070,to_in_001,8
2024,다아901070,to_in_007,8
2024,다아901070,to_in_008,5
2024,다아901071,to_in_001,8
2024,다아901071,to_in_007,5
2024,다아901071,to_in_008,5
2024,다아901072,to_in_001,13
2024,다아901072,to_in_007,8
2024,다아901072,to_in_008,5
2024,다아901073,to_in_001,8
2024,다아901073,to_in_007,8
2024,다아901073,to_in_008,5
2024,다아901074,to_in_001,5
2024,다아901074,to_in_007,0
2024,다아901074,to_in_008,0
2024,다아901082,to_in_001,8
2024,다아901082,to_in_007,5
2024,다아901082,to_in_008,5
2024,다아901086,to_in_001,5
2024,다아901086,to_in_007,5
2024,다아901086,to_in_008,5
2024,다아901180,to_in_001,5
2024,다아901180,to_in_007,0
2024,다아901180,to_in_008,0
2024,다아901200,to_in_001,5
2024,다아901200,to_in_007,0
2024,다아901200,to_in_008,5
2024,다아901244,to_in_001,8
2024,다아901244,to_in_007,5
2024,다아901244,to_in_008,8
2024,다아901264,to_in_001,0
2024,다아901264,to_in_007,0
2024,다아901264,to_in_008,0
2024,다아901265,to_in_001,8
2024,다아901265,to_in_007,5
2024,다아901265,to_in_008,5
2024,다아901267,to_in_001,13
2024,다아901267,to_in_007,8
2024,다아901267,to_in_008,5
2024,다아901268,to_in_001,13
2024,다아901268,to_in_007,8
2024,다아901268,to_in_008,8
2024,다아901279,to_in_001,23
2024,다아901279,to_in_007,13
2024,다아901279,to_in_008,13
2024,다아901281,to_in_001,31
2024,다아901281,to_in_007,16
2024,다아901281,to_in_008,13
2024,다아902266,to_in_001,5
2024,다아902266,to_in_007,0
2024,다아902266,to_in_008,5
2024,다아902267,to_in_001,18
2024,다아902267,to_in_007,8
2024,다아902267,to_in_008,8
2024,다아902268,to_in_001,13
2024,다아902268,to_in_007,8
2024,다아902268,to_in_008,8
2024,다아902279,to_in_001,38
2024,다아902279,to_in_007,23
2024,다아902279,to_in_008,13
2024,다아902280,to_in_001,257
2024,다아902280,to_in_007,126
2024,다아902280,to_in_008,129
2024,다아902281,to_in_001,28
2024,다아902281,to_in_007,13
2024,다아902281,to_in_008,13
2024,다아902282,to_in_001,23
2024,다아902282,to_in_007,13
2024,다아902282,to_in_008,13
2024,다아903018,to_in_001,0
2024,다아903018,to_in_007,0
2024,다아903018,to_in_008,0
2024,다아903028,to_in_001,5
2024,다아903028,to_in_007,0
2024,다아903028,to_in_008,0
2024,다아903033,to_in_001,8
2024,다아903033,to_in_007,5
2024,다아903033,to_in_008,8
2024,다아903057,to_in_001,5
2024,다아903057,to_in_007,0
2024,다아903057,to_in_008,5
2024,다아903073,to_in_001,5
2024,다아903073,to_in_007,0
2024,다아903073,to_in_008,5
2024,다아903074,to_in_001,8
2024,다아903074,to_in_007,8
2024,다아903074,to_in_008,0
2024,다아903085,to_in_001,8
2024,다아903085,to_in_007,5
2024,다아903085,to_in_008,5
2024,다아903086,to_in_001,0
2024,다아903086,to_in_007,0
2024,다아903086,to_in_008,0
2024,다아903087,to_in_001,5
2024,다아903087,to_in_007,5
2024,다아903087,to_in_008,5
2024,다아903091,to_in_001,5
2024,다아903091,to_in_007,0
2024,다아903091,to_in_008,0
2024,다아903092,to_in_001,18
2024,다아903092,to_in_007,8
2024,다아903092,to_in_008,8
2024,다아903093,to_in_001,5
2024,다아903093,to_in_007,0
2024,다아903093,to_in_008,5
2024,다아903094,to_in_001,0
2024,다아903094,to_in_007,0
2024,다아903094,to_in_008,0
2024,다아903097,to_in_001,8
2024,다아903097,to_in_007,5
2024,다아903097,to_in_008,5
2024,다아903098,to_in_001,0
2024,다아903098,to_in_007,0
2024,다아903098,to_in_008,0
2024,다아903176,to_in_001,5
2024,다아903176,to_in_007,0
2024,다아903176,to_in_008,5
2024,다아903191,to_in_001,8
2024,다아903191,to_in_007,8
2024,다아903191,to_in_008,5
2024,다아903263,to_in_001,5
2024,다아903263,to_in_007,0
2024,다아903263,to_in_008,0
2024,다아903265,to_in_001,5
2024,다아903265,to_in_007,0
2024,다아903265,to_in_008,5
2024,다아903266,to_in_001,8
2024,다아903266,to_in_007,5
2024,다아903266,to_in_008,8
2024,다아903267,to_in_001,8
2024,다아903267,to_in_007,5
2024,다아903267,to_in_008,5
2024,다아903268,to_in_001,0
2024,다아903268,to_in_007,0
2024,다아903268,to_in_008,0
2024,다아903270,to_in_001,0
2024,다아903270,to_in_007,0
2024,다아903270,to_in_008,0
2024,다아903279,to_in_001,5
2024,다아903279,to_in_007,0
2024,다아903279,to_in_008,0
2024,다아903280,to_in_001,8
2024,다아903280,to_in_007,5
2024,다아903280,to_in_008,5
2024,다아904073,to_in_001,0
2024,다아904073,to_in_007,0
2024,다아904073,to_in_008,0
2024,다아904089,to_in_001,0
2024,다아904089,to_in_007,0
2024,다아904089,to_in_008,0
2024,다아904090,to_in_001,8
2024,다아904090,to_in_007,8
2024,다아904090,to_in_008,5
2024,다아904091,to_in_001,5
2024,다아904091,to_in_007,5
2024,다아904091,to_in_008,5
2024,다아904092,to_in_001,8
2024,다아904092,to_in_007,5
2024,다아904092,to_in_008,5
2024,다아904093,to_in_001,5
2024,다아904093,to_in_007,0
2024,다아904093,to_in_008,0
2024,다아904094,to_in_001,5
2024,다아904094,to_in_007,5
2024,다아904094,to_in_008,0
2024,다아904095,to_in_001,8
2024,다아904095,to_in_007,8
2024,다아904095,to_in_008,5
2024,다아904097,to_in_001,8
2024,다아904097,to_in_007,5
2024,다아904097,to_in_008,8
2024,다아904098,to_in_001,5
2024,다아904098,to_in_007,5
2024,다아904098,to_in_008,0
2024,다아904100,to_in_001,18
2024,다아904100,to_in_007,8
2024,다아904100,to_in_008,8
2024,다아904265,to_in_001,5
2024,다아904265,to_in_007,0
2024,다아904265,to_in_008,5
2024,다아904267,to_in_001,0
2024,다아904267,to_in_007,0
2024,다아904267,to_in_008,0
2024,다아904272,to_in_001,18
2024,다아904272,to_in_007,13
2024,다아904272,to_in_008,8
2024,다아904273,to_in_001,5
2024,다아904273,to_in_007,0
2024,다아904273,to_in_008,5
2024,다아904279,to_in_001,0
2024,다아904279,to_in_007,0
2024,다아904279,to_in_008,0
2024,다아904280,to_in_001,5
2024,다아904280,to_in_007,0
2024,다아904280,to_in_008,0
2024,다아905058,to_in_001,8
2024,다아905058,to_in_007,5
2024,다아905058,to_in_008,8
2024,다아905073,to_in_001,5
2024,다아905073,to_in_007,0
2024,다아905073,to_in_008,0
2024,다아968174,to_in_001,0
2024,다아968174,to_in_007,0
2024,다아968174,to_in_008,0
2024,다아968194,to_in_001,8
2024,다아968194,to_in_007,5
2024,다아968194,to_in_008,5
2024,다아968196,to_in_001,0
2024,다아968196,to_in_007,0
2024,다아968196,to_in_008,0
2024,다아968198,to_in_001,8
2024,다아968198,to_in_007,5
2024,다아968198,to_in_008,0
2024,다아968199,to_in_001,8
2024,다아968199,to_in_007,5
2024,다아968199,to_in_008,5
2024,다아968200,to_in_001,8
2024,다아968200,to_in_007,5
2024,다아968200,to_in_008,5
2024,다아968220,to_in_001,5
2024,다아968220,to_in_007,0
2024,다아968220,to_in_008,5
2024,다아968266,to_in_001,5
2024,다아968266,to_in_007,5
2024,다아968266,to_in_008,0
2024,다아968268,to_in_001,8
2024,다아968268,to_in_007,8
2024,다아968268,to_in_008,5
2024,다아968269,to_in_001,28
2024,다아968269,to_in_007,13
2024,다아968269,to_in_008,18
2024,다아968270,to_in_001,13
2024,다아968270,to_in_007,8
2024,다아968270,to_in_008,5
2024,다아968285,to_in_001,5
2024,다아968285,to_in_007,0
2024,다아968285,to_in_008,0
2024,다아969092,to_in_001,5
2024,다아969092,to_in_007,5
2024,다아969092,to_in_008,0
2024,다아969093,to_in_001,0
2024,다아969093,to_in_007,0
2024,다아969093,to_in_008,0
2024,다아969164,to_in_001,5
2024,다아969164,to_in_007,0
2024,다아969164,to_in_008,0
2024,다아969167,to_in_001,8
2024,다아969167,to_in_007,5
2024,다아969167,to_in_008,5
2024,다아969173,to_in_001,5
2024,다아969173,to_in_007,0
2024,다아969173,to_in_008,0
2024,다아969195,to_in_001,5
2024,다아969195,to_in_007,5
2024,다아969195,to_in_008,0
2024,다아969197,to_in_001,8
2024,다아969197,to_in_007,0
2024,다아969197,to_in_008,5
2024,다아969198,to_in_001,0
2024,다아969198,to_in_007,0
2024,다아969198,to_in_008,0
2024,다아969199,to_in_001,13
2024,다아969199,to_in_007,5
2024,다아969199,to_in_008,8
2024,다아969200,to_in_001,5
2024,다아969200,to_in_007,0
2024,다아969200,to_in_008,0
2024,다아969212,to_in_001,8
2024,다아969212,to_in_007,0
2024,다아969212,to_in_008,5
2024,다아969214,to_in_001,5
2024,다아969214,to_in_007,0
2024,다아969214,to_in_008,0
2024,다아969220,to_in_001,0
2024,다아969220,to_in_007,0
2024,다아969220,to_in_008,0
2024,다아969266,to_in_001,8
2024,다아969266,to_in_007,5
2024,다아969266,to_in_008,5
2024,다아969267,to_in_001,8
2024,다아969267,to_in_007,5
2024,다아969267,to_in_008,8
2024,다아969268,to_in_001,23
2024,다아969268,to_in_007,13
2024,다아969268,to_in_008,8
2024,다아969269,to_in_001,18
2024,다아969269,to_in_007,8
2024,다아969269,to_in_008,8
2024,다아969270,to_in_001,8
2024,다아969270,to_in_007,5
2024,다아969270,to_in_008,5
2024,다아969271,to_in_001,5
2024,다아969271,to_in_007,5
2024,다아969271,to_in_008,0
2024,다아969273,to_in_001,5
2024,다아969273,to_in_007,5
2024,다아969273,to_in_008,0
2024,다아969274,to_in_001,5
2024,다아969274,to_in_007,5
2024,다아969274,to_in_008,0
2024,다아969278,to_in_001,13
2024,다아969278,to_in_007,8
2024,다아969278,to_in_008,8
2024,다아969280,to_in_001,5
2024,다아969280,to_in_007,0
2024,다아969280,to_in_008,0
2024,다아969290,to_in_001,8
2024,다아969290,to_in_007,5
2024,다아969290,to_in_008,5
2024,다아970123,to_in_001,5
2024,다아970123,to_in_007,5
2024,다아970123,to_in_008,0
2024,다아970163,to_in_001,5
2024,다아970163,to_in_007,0
2024,다아970163,to_in_008,5
2024,다아970164,to_in_001,5
2024,다아970164,to_in_007,5
2024,다아970164,to_in_008,0
2024,다아970171,to_in_001,5
2024,다아970171,to_in_007,5
2024,다아970171,to_in_008,0
2024,다아970173,to_in_001,8
2024,다아970173,to_in_007,5
2024,다아970173,to_in_008,5
2024,다아977216,to_in_001,5
2024,다아977216,to_in_007,5
2024,다아977216,to_in_008,0
2024,다아977241,to_in_001,5
2024,다아977241,to_in_007,5
2024,다아977241,to_in_008,0
2024,다아977244,to_in_001,5
2024,다아977244,to_in_007,0
2024,다아977244,to_in_008,5
2024,다아977253,to_in_001,5
2024,다아977253,to_in_007,0
2024,다아977253,to_in_008,5
2024,다아977254,to_in_001,8
2024,다아977254,to_in_007,5
2024,다아977254,to_in_008,5
2024,다아977255,to_in_001,5
2024,다아977255,to_in_007,5
2024,다아977255,to_in_008,0
2024,다아977258,to_in_001,108
2024,다아977258,to_in_007,64
2024,다아977258,to_in_008,47
2024,다아977259,to_in_001,207
2024,다아977259,to_in_007,107
2024,다아977259,to_in_008,103
2024,다아977265,to_in_001,0
2024,다아977265,to_in_007,0
2024,다아977265,to_in_008,0
2024,다아977266,to_in_001,5
2024,다아977266,to_in_007,0
2024,다아977266,to_in_008,5
2024,다아977274,to_in_001,5
2024,다아977274,to_in_007,5
2024,다아977274,to_in_008,0
2024,다아977277,to_in_001,8
2024,다아977277,to_in_007,5
2024,다아977277,to_in_008,5
2024,다아977278,to_in_001,8
2024,다아977278,to_in_007,5
2024,다아977278,to_in_008,5
2024,다아977279,to_in_001,0
2024,다아977279,to_in_007,0
2024,다아977279,to_in_008,0
2024,다아977281,to_in_001,5
2024,다아977281,to_in_007,5
2024,다아977281,to_in_008,0
2024,다아978100,to_in_001,8
2024,다아978100,to_in_007,5
2024,다아875003,to_in_001,5
2024,다아875003,to_in_007,0
2024,다아875003,to_in_008,5
2024,다아875012,to_in_001,13
2024,다아875012,to_in_007,5
2024,다아875012,to_in_008,8
2024,다아875017,to_in_001,5
2024,다아875017,to_in_007,0
2024,다아875017,to_in_008,0
2024,다아875019,to_in_001,8
2024,다아875019,to_in_007,5
2024,다아875019,to_in_008,5
2024,다아875206,to_in_001,5
2024,다아875206,to_in_007,5
2024,다아875206,to_in_008,5
2024,다아875261,to_in_001,5
2024,다아875261,to_in_007,0
2024,다아875261,to_in_008,5
2024,다아875269,to_in_001,5
2024,다아875269,to_in_007,0
2024,다아875269,to_in_008,5
2024,다아875296,to_in_001,5
2024,다아875296,to_in_007,5
2024,다아875296,to_in_008,5
2024,다아875297,to_in_001,8
2024,다아875297,to_in_007,8
2024,다아875297,to_in_008,5
2024,다아875298,to_in_001,8
2024,다아875298,to_in_007,5
2024,다아875298,to_in_008,5
2024,다아875299,to_in_001,8
2024,다아875299,to_in_007,8
2024,다아875299,to_in_008,5
2024,다아875300,to_in_001,8
2024,다아875300,to_in_007,5
2024,다아875300,to_in_008,8
2024,다아875333,to_in_001,15
2024,다아875333,to_in_007,12
2024,다아875333,to_in_008,8
2024,다아876002,to_in_001,8
2024,다아876002,to_in_007,5
2024,다아876002,to_in_008,5
2024,다아876017,to_in_001,8
2024,다아876017,to_in_007,5
2024,다아876017,to_in_008,5
2024,다아876018,to_in_001,8
2024,다아876018,to_in_007,5
2024,다아876018,to_in_008,5
2024,다아876019,to_in_001,5
2024,다아876019,to_in_007,0
2024,다아876019,to_in_008,0
2024,다아876021,to_in_001,0
2024,다아876021,to_in_007,0
2024,다아876021,to_in_008,0
2024,다아876022,to_in_001,5
2024,다아876022,to_in_007,0
2024,다아876022,to_in_008,0
2024,다아876027,to_in_001,5
2024,다아876027,to_in_007,0
2024,다아876027,to_in_008,0
2024,다아876207,to_in_001,5
2024,다아876207,to_in_007,0
2024,다아876207,to_in_008,0
2024,다아876208,to_in_001,5
2024,다아876208,to_in_007,5
2024,다아876208,to_in_008,5
2024,다아876297,to_in_001,13
2024,다아876297,to_in_007,5
2024,다아876297,to_in_008,8
2024,다아876299,to_in_001,13
2024,다아876299,to_in_007,8
2024,다아876299,to_in_008,8
2024,다아877002,to_in_001,5
2024,다아877002,to_in_007,5
2024,다아877002,to_in_008,5
2024,다아877003,to_in_001,5
2024,다아877003,to_in_007,0
2024,다아877003,to_in_008,0
2024,다아877017,to_in_001,18
2024,다아877017,to_in_007,8
2024,다아877017,to_in_008,8
2024,다아882003,to_in_001,8
2024,다아882003,to_in_007,0
2024,다아882003,to_in_008,5
2024,다아882005,to_in_001,5
2024,다아882005,to_in_007,5
2024,다아882005,to_in_008,5
2024,다아882007,to_in_001,5
2024,다아882007,to_in_007,5
2024,다아882007,to_in_008,0
2024,다아882011,to_in_001,8
2024,다아882011,to_in_007,8
2024,다아882011,to_in_008,0
2024,다아882018,to_in_001,8
2024,다아882018,to_in_007,5
2024,다아882018,to_in_008,5
2024,다아882020,to_in_001,5
2024,다아882020,to_in_007,5
2024,다아882020,to_in_008,0
2024,다아882021,to_in_001,5
2024,다아882021,to_in_007,5
2024,다아882021,to_in_008,0
2024,다아882023,to_in_001,8
2024,다아882023,to_in_007,5
2024,다아882023,to_in_008,5
2024,다아882033,to_in_001,5
2024,다아882033,to_in_007,5
2024,다아882033,to_in_008,5
2024,다아882034,to_in_001,8
2024,다아882034,to_in_007,5
2024,다아882034,to_in_008,5
2024,다아882035,to_in_001,23
2024,다아882035,to_in_007,13
2024,다아882035,to_in_008,8
2024,다아882036,to_in_001,5
2024,다아882036,to_in_007,5
2024,다아882036,to_in_008,0
2024,다아882037,to_in_001,8
2024,다아882037,to_in_007,5
2024,다아882037,to_in_008,5
2024,다아882038,to_in_001,8
2024,다아882038,to_in_007,5
2024,다아882038,to_in_008,5
2024,다아882039,to_in_001,8
2024,다아882039,to_in_007,5
2024,다아882039,to_in_008,5
2024,다아882040,to_in_001,5
2024,다아882040,to_in_007,0
2024,다아882040,to_in_008,5
2024,다아882041,to_in_001,8
2024,다아882041,to_in_007,5
2024,다아882041,to_in_008,5
2024,다아882042,to_in_001,5
2024,다아882042,to_in_007,5
2024,다아882042,to_in_008,0
2024,다아882264,to_in_001,5
2024,다아882264,to_in_007,0
2024,다아882264,to_in_008,5
2024,다아883002,to_in_001,0
2024,다아883002,to_in_007,0
2024,다아883002,to_in_008,0
2024,다아883003,to_in_001,8
2024,다아883003,to_in_007,5
2024,다아883003,to_in_008,5
2024,다아883004,to_in_001,13
2024,다아883004,to_in_007,8
2024,다아883004,to_in_008,8
2024,다아883005,to_in_001,5
2024,다아883005,to_in_007,0
2024,다아883005,to_in_008,5
2024,다아883006,to_in_001,5
2024,다아883006,to_in_007,5
2024,다아883006,to_in_008,0
2024,다아883008,to_in_001,5
2024,다아883008,to_in_007,0
2024,다아883008,to_in_008,5
2024,다아883010,to_in_001,5
2024,다아883010,to_in_007,0
2024,다아883010,to_in_008,5
2024,다아883011,to_in_001,5
2024,다아883011,to_in_007,5
2024,다아883011,to_in_008,0
2024,다아883013,to_in_001,5
2024,다아883013,to_in_007,0
2024,다아883013,to_in_008,5
2024,다아883017,to_in_001,8
2024,다아883017,to_in_007,5
2024,다아883017,to_in_008,5
2024,다아883018,to_in_001,5
2024,다아883018,to_in_007,5
2024,다아883018,to_in_008,5
2024,다아883020,to_in_001,23
2024,다아883020,to_in_007,8
2024,다아883020,to_in_008,13
2024,다아883021,to_in_001,5
2024,다아883021,to_in_007,5
2024,다아883021,to_in_008,0
2024,다아883022,to_in_001,5
2024,다아883022,to_in_007,5
2024,다아883022,to_in_008,5
2024,다아883023,to_in_001,0
2024,다아883023,to_in_007,0
2024,다아883023,to_in_008,0
2024,다아883033,to_in_001,13
2024,다아883033,to_in_007,8
2024,다아883033,to_in_008,8
2024,다아883034,to_in_001,5
2024,다아883034,to_in_007,5
2024,다아883034,to_in_008,0
2024,다아883035,to_in_001,23
2024,다아883035,to_in_007,8
2024,다아883035,to_in_008,13
2024,다아883036,to_in_001,8
2024,다아883036,to_in_007,5
2024,다아883036,to_in_008,8
2024,다아883037,to_in_001,13
2024,다아883037,to_in_007,8
2024,다아883037,to_in_008,8
2024,다아883038,to_in_001,61
2024,다아883038,to_in_007,28
2024,다아883038,to_in_008,36
2024,다아883039,to_in_001,55
2024,다아883039,to_in_007,24
2024,다아883039,to_in_008,29
2024,다아883040,to_in_001,57
2024,다아883040,to_in_007,28
2024,다아883040,to_in_008,32
2024,다아885007,to_in_001,8
2024,다아885007,to_in_007,8
2024,다아885007,to_in_008,0
2024,다아885010,to_in_001,0
2024,다아885010,to_in_007,0
2024,다아885010,to_in_008,0
2024,다아885014,to_in_001,13
2024,다아885014,to_in_007,5
2024,다아885014,to_in_008,8
2024,다아885015,to_in_001,5
2024,다아885015,to_in_007,0
2024,다아885015,to_in_008,0
2024,다아885016,to_in_001,0
2024,다아885016,to_in_007,0
2024,다아885016,to_in_008,0
2024,다아885017,to_in_001,8
2024,다아885017,to_in_007,5
2024,다아885017,to_in_008,5
2024,다아885018,to_in_001,28
2024,다아885018,to_in_007,18
2024,다아885018,to_in_008,13
2024,다아885019,to_in_001,8
2024,다아885019,to_in_007,5
2024,다아885019,to_in_008,5
2024,다아885020,to_in_001,5
2024,다아885020,to_in_007,0
2024,다아885020,to_in_008,0
2024,다아885022,to_in_001,5
2024,다아885022,to_in_007,5
2024,다아885022,to_in_008,0
2024,다아885026,to_in_001,5
2024,다아885026,to_in_007,0
2024,다아885026,to_in_008,5
2024,다아885029,to_in_001,5
2024,다아885029,to_in_007,5
2024,다아885029,to_in_008,0
2024,다아885030,to_in_001,8
2024,다아885030,to_in_007,5
2024,다아885030,to_in_008,5
2024,다아885033,to_in_001,8
2024,다아885033,to_in_007,8
2024,다아885033,to_in_008,5
2024,다아885034,to_in_001,18
2024,다아885034,to_in_007,8
2024,다아885034,to_in_008,8
2024,다아885035,to_in_001,8
2024,다아885035,to_in_007,8
2024,다아885035,to_in_008,5
2024,다아885037,to_in_001,8
2024,다아885037,to_in_007,5
2024,다아885037,to_in_008,5
2024,다아885040,to_in_001,5
2024,다아885040,to_in_007,5
2024,다아885040,to_in_008,0
2024,다아885042,to_in_001,0
2024,다아885042,to_in_007,0
2024,다아885042,to_in_008,0
2024,다아885043,to_in_001,5
2024,다아885043,to_in_007,5
2024,다아885043,to_in_008,0
2024,다아885050,to_in_001,0
2024,다아885050,to_in_007,0
2024,다아885050,to_in_008,0
2024,다아885051,to_in_001,8
2024,다아885051,to_in_007,5
2024,다아885051,to_in_008,8
2024,다아885052,to_in_001,8
2024,다아885052,to_in_007,8
2024,다아885052,to_in_008,5
2024,다아885270,to_in_001,8
2024,다아885270,to_in_007,5
2024,다아885270,to_in_008,5
2024,다아885271,to_in_001,13
2024,다아885271,to_in_007,8
2024,다아885271,to_in_008,8
2024,다아886003,to_in_001,5
2024,다아886003,to_in_007,5
2024,다아886003,to_in_008,0
2024,다아886004,to_in_001,8
2024,다아886004,to_in_007,5
2024,다아886004,to_in_008,5
2024,다아886005,to_in_001,8
2024,다아886005,to_in_007,5
2024,다아886005,to_in_008,0
2024,다아886006,to_in_001,5
2024,다아886006,to_in_007,0
2024,다아886006,to_in_008,5
2024,다아886013,to_in_001,28
2024,다아886013,to_in_007,13
2024,다아886013,to_in_008,13
2024,다아886014,to_in_001,5
2024,다아886014,to_in_007,5
2024,다아886014,to_in_008,0
2024,다아886015,to_in_001,8
2024,다아886015,to_in_007,8
2024,다아886015,to_in_008,5
2024,다아886016,to_in_001,0
2024,다아886016,to_in_007,0
2024,다아886016,to_in_008,0
2024,다아886017,to_in_001,0
2024,다아886017,to_in_007,0
2024,다아886017,to_in_008,0
2024,다아886018,to_in_001,13
2024,다아886018,to_in_007,8
2024,다아886018,to_in_008,5
2024,다아886020,to_in_001,8
2024,다아886020,to_in_007,8
2024,다아886020,to_in_008,0
2024,다아886021,to_in_001,8
2024,다아886021,to_in_007,5
2024,다아886021,to_in_008,5
2024,다아886022,to_in_001,0
2024,다아886022,to_in_007,0
2024,다아886022,to_in_008,0
2024,다아886032,to_in_001,8
2024,다아886032,to_in_007,8
2024,다아886032,to_in_008,5
2024,다아886033,to_in_001,40
2024,다아886033,to_in_007,25
2024,다아886033,to_in_008,18
2024,다아886034,to_in_001,23
2024,다아886034,to_in_007,13
2024,다아886034,to_in_008,13
2024,다아886037,to_in_001,5
2024,다아886037,to_in_007,5
2024,다아886037,to_in_008,5
2024,다아886040,to_in_001,67
2024,다아886040,to_in_007,33
2024,다아886040,to_in_008,37
2024,다아886042,to_in_001,0
2024,다아886042,to_in_007,0
2024,다아886042,to_in_008,0
2024,다아886051,to_in_001,0
2024,다아886051,to_in_007,0
2024,다아886051,to_in_008,0
2024,다아886052,to_in_001,5
2024,다아886052,to_in_007,5
2024,다아886052,to_in_008,0
2024,다아886208,to_in_001,0
2024,다아886208,to_in_007,0
2024,다아886208,to_in_008,0
2024,다아886209,to_in_001,5
2024,다아886209,to_in_007,0
2024,다아886209,to_in_008,5
2024,다아886210,to_in_001,8
2024,다아886210,to_in_007,5
2024,다아886210,to_in_008,5
2024,다아891053,to_in_001,8
2024,다아891053,to_in_007,5
2024,다아891053,to_in_008,5
2024,다아891097,to_in_001,8
2024,다아891097,to_in_007,5
2024,다아891097,to_in_008,8
2024,다아891271,to_in_001,0
2024,다아891271,to_in_007,0
2024,다아891271,to_in_008,0
2024,다아891278,to_in_001,8
2024,다아891278,to_in_007,5
2024,다아891278,to_in_008,5
2024,다아891279,to_in_001,5
2024,다아891279,to_in_007,5
2024,다아891279,to_in_008,5
2024,다아892000,to_in_001,5
2024,다아892000,to_in_007,5
2024,다아892000,to_in_008,0
2024,다아892002,to_in_001,5
2024,다아892002,to_in_007,0
2024,다아892002,to_in_008,5
2024,다아892013,to_in_001,5
2024,다아892013,to_in_007,0
2024,다아892013,to_in_008,5
2024,다아892015,to_in_001,8
2024,다아892015,to_in_007,5
2024,다아892015,to_in_008,5
2024,다아892018,to_in_001,27
2024,다아892018,to_in_007,27
2024,다아892018,to_in_008,0
2024,다아892034,to_in_001,13
2024,다아892034,to_in_007,8
2024,다아892034,to_in_008,8
2024,다아892035,to_in_001,18
2024,다아892035,to_in_007,13
2024,다아892035,to_in_008,8
2024,다아892213,to_in_001,8
2024,다아892213,to_in_007,5
2024,다아892213,to_in_008,5
2024,다아892272,to_in_001,8
2024,다아892272,to_in_007,5
2024,다아892272,to_in_008,8
2024,다아892278,to_in_001,5
2024,다아892278,to_in_007,0
2024,다아892278,to_in_008,0
2024,다아893002,to_in_001,5
2024,다아893002,to_in_007,0
2024,다아893002,to_in_008,0
2024,다아893003,to_in_001,5
2024,다아893003,to_in_007,5
2024,다아893003,to_in_008,0
2024,다아893011,to_in_001,8
2024,다아893011,to_in_007,5
2024,다아893011,to_in_008,5
2024,다아893013,to_in_001,5
2024,다아893013,to_in_007,0
2024,다아893013,to_in_008,0
2024,다아893016,to_in_001,5
2024,다아893016,to_in_007,5
2024,다아893016,to_in_008,5
2024,다아893020,to_in_001,5
2024,다아893020,to_in_007,5
2024,다아893020,to_in_008,0
2024,다아893021,to_in_001,8
2024,다아893021,to_in_007,5
2024,다아893021,to_in_008,5
2024,다아893034,to_in_001,23
2024,다아893034,to_in_007,8
2024,다아893034,to_in_008,13
2024,다아893035,to_in_001,8
2024,다아893035,to_in_007,8
2024,다아893035,to_in_008,5
2024,다아893051,to_in_001,5
2024,다아893051,to_in_007,5
2024,다아893051,to_in_008,5
2024,다아893106,to_in_001,5
2024,다아893106,to_in_007,5
2024,다아893106,to_in_008,0
2024,다아893107,to_in_001,8
2024,다아893107,to_in_007,5
2024,다아893107,to_in_008,8
2024,다아893108,to_in_001,5
2024,다아893108,to_in_007,5
2024,다아893108,to_in_008,5
2024,다아893213,to_in_001,5
2024,다아893213,to_in_007,5
2024,다아893213,to_in_008,0
2024,다아893214,to_in_001,5
2024,다아893214,to_in_007,0
2024,다아893214,to_in_008,5
2024,다아894000,to_in_001,5
2024,다아894000,to_in_007,0
2024,다아894000,to_in_008,5
2024,다아894014,to_in_001,5
2024,다아894014,to_in_007,0
2024,다아894014,to_in_008,5
2024,다아894015,to_in_001,5
2024,다아894015,to_in_007,0
2024,다아894015,to_in_008,0
2024,다아894019,to_in_001,5
2024,다아894019,to_in_007,0
2024,다아894019,to_in_008,0
2024,다아894022,to_in_001,5
2024,다아894022,to_in_007,5
2024,다아894022,to_in_008,0
2024,다아894034,to_in_001,13
2024,다아894034,to_in_007,8
2024,다아894034,to_in_008,8
2024,다아894052,to_in_001,13
2024,다아894052,to_in_007,8
2024,다아894052,to_in_008,8
2024,다아894053,to_in_001,5
2024,다아894053,to_in_007,5
2024,다아894053,to_in_008,5
2024,다아894054,to_in_001,89
2024,다아894054,to_in_007,38
2024,다아894054,to_in_008,54
2024,다아894055,to_in_001,8
2024,다아894055,to_in_007,5
2024,다아894055,to_in_008,5
2024,다아894060,to_in_001,5
2024,다아894060,to_in_007,0
2024,다아894060,to_in_008,0
2024,다아894061,to_in_001,8
2024,다아894061,to_in_007,5
2024,다아894061,to_in_008,5
2024,다아894062,to_in_001,5
2024,다아894062,to_in_007,5
2024,다아894062,to_in_008,0
2024,다아894106,to_in_001,5
2024,다아894106,to_in_007,0
2024,다아894106,to_in_008,0
2024,다아894212,to_in_001,5
2024,다아894212,to_in_007,0
2024,다아894212,to_in_008,0
2024,다아894271,to_in_001,18
2024,다아894271,to_in_007,8
2024,다아894271,to_in_008,8
2024,다아897261,to_in_001,5
2024,다아897261,to_in_007,5
2024,다아897261,to_in_008,0
2024,다아897278,to_in_001,5
2024,다아897278,to_in_007,0
2024,다아897278,to_in_008,0
2024,다아898017,to_in_001,5
2024,다아898017,to_in_007,0
2024,다아898017,to_in_008,0
2024,다아898019,to_in_001,5
2024,다아898019,to_in_007,0
2024,다아898019,to_in_008,5
2024,다아898021,to_in_001,5
2024,다아898021,to_in_007,0
2024,다아898021,to_in_008,0
2024,다아898023,to_in_001,5
2024,다아898023,to_in_007,0
2024,다아898023,to_in_008,0
2024,다아898024,to_in_001,0
2024,다아898024,to_in_007,0
2024,다아898024,to_in_008,0
2024,다아898032,to_in_001,0
2024,다아898032,to_in_007,0
2024,다아898032,to_in_008,0
2024,다아898033,to_in_001,8
2024,다아898033,to_in_007,5
2024,다아898033,to_in_008,5
2024,다아898058,to_in_001,5
2024,다아898058,to_in_007,0
2024,다아898058,to_in_008,5
2024,다아898063,to_in_001,5
2024,다아898063,to_in_007,5
2024,다아898063,to_in_008,5
2024,다아898064,to_in_001,18
2024,다아898064,to_in_007,8
2024,다아898064,to_in_008,8
2024,다아898065,to_in_001,38
2024,다아898065,to_in_007,18
2024,다아898065,to_in_008,18
2024,다아898066,to_in_001,23
2024,다아898066,to_in_007,13
2024,다아898066,to_in_008,13
2024,다아898067,to_in_001,5
2024,다아898067,to_in_007,5
2024,다아898067,to_in_008,0
2024,다아898069,to_in_001,8
2024,다아898069,to_in_007,5
2024,다아898069,to_in_008,5
2024,다아898080,to_in_001,5
2024,다아898080,to_in_007,0
2024,다아898080,to_in_008,5
2024,다아898108,to_in_001,5
2024,다아898108,to_in_007,0
2024,다아898108,to_in_008,0
2024,다아898181,to_in_001,5
2024,다아898181,to_in_007,0
2024,다아898181,to_in_008,0
2024,다아898207,to_in_001,5
2024,다아898207,to_in_007,0
2024,다아898207,to_in_008,0
2024,다아898213,to_in_001,0
2024,다아898213,to_in_007,0
2024,다아898213,to_in_008,0
2024,다아898273,to_in_001,5
2024,다아898273,to_in_007,0
2024,다아898273,to_in_008,0
2024,다아899011,to_in_001,5
2024,다아899011,to_in_007,0
2024,다아899011,to_in_008,5
2024,다아899029,to_in_001,5
2024,다아899029,to_in_007,5
2024,다아899029,to_in_008,0
2024,다아899058,to_in_001,5
2024,다아899058,to_in_007,0
2024,다아899058,to_in_008,5
2024,다아899063,to_in_001,8
2024,다아899063,to_in_007,5
2024,다아899063,to_in_008,5
2024,다아899064,to_in_001,28
2024,다아899064,to_in_007,8
2024,다아899064,to_in_008,18
2024,다아899065,to_in_001,33
2024,다아899065,to_in_007,18
2024,다아899065,to_in_008,18
2024,다아899066,to_in_001,13
2024,다아899066,to_in_007,8
2024,다아899066,to_in_008,8
2024,다아899067,to_in_001,43
2024,다아899067,to_in_007,28
2024,다아899067,to_in_008,18
2024,다아899068,to_in_001,8
2024,다아899068,to_in_007,8
2024,다아899068,to_in_008,5
2024,다아899069,to_in_001,8
2024,다아899069,to_in_007,5
2024,다아899069,to_in_008,8
2024,다아899180,to_in_001,5
2024,다아899180,to_in_007,0
2024,다아899180,to_in_008,5
2024,다아899181,to_in_001,5
2024,다아899181,to_in_007,0
2024,다아899181,to_in_008,0
2024,다아899250,to_in_001,0
2024,다아899250,to_in_007,0
2024,다아899250,to_in_008,0
2024,다아899263,to_in_001,0
2024,다아899263,to_in_007,0
2024,다아899263,to_in_008,0
2024,다아899273,to_in_001,0
2024,다아899273,to_in_007,0
2024,다아899273,to_in_008,0
2024,다아899278,to_in_001,5
2024,다아899278,to_in_007,0
2024,다아899278,to_in_008,5
2024,다아899280,to_in_001,182
2024,다아899280,to_in_007,108
2024,다아899280,to_in_008,72
2024,다아900028,to_in_001,0
2024,다아900028,to_in_007,0
2024,다아900028,to_in_008,0
2024,다아900064,to_in_001,5
2024,다아900064,to_in_007,0
2024,다아900064,to_in_008,5
2024,다아900065,to_in_001,13
2024,다아900065,to_in_007,8
2024,다아900065,to_in_008,8
2024,다아900066,to_in_001,8
2024,다아900066,to_in_007,5
2024,다아900066,to_in_008,5
2024,다아900068,to_in_001,5
2024,다아900068,to_in_007,5
2024,다아900068,to_in_008,0
2024,다아900069,to_in_001,8
2024,다아900069,to_in_007,5
2024,다아900069,to_in_008,5
2024,다아900070,to_in_001,18
2024,다아900070,to_in_007,8
2024,다아900070,to_in_008,8
2024,다아900181,to_in_001,0
2024,다아900181,to_in_007,0
2024,다아900181,to_in_008,0
2024,다아900197,to_in_001,5
2024,다아900197,to_in_007,0
2024,다아900197,to_in_008,0
2024,다아900198,to_in_001,5
2024,다아900198,to_in_007,5
2024,다아900198,to_in_008,5
2024,다아900201,to_in_001,5
2024,다아900201,to_in_007,5
2024,다아900201,to_in_008,0
2024,다아909334,to_in_001,5
2024,다아909334,to_in_007,5
2024,다아909334,to_in_008,5
2024,다아909335,to_in_001,13
2024,다아909335,to_in_007,8
2024,다아909335,to_in_008,8
2024,다아909336,to_in_001,5
2024,다아909336,to_in_007,0
2024,다아909336,to_in_008,5
2024,다아910077,to_in_001,8
2024,다아910077,to_in_007,5
2024,다아910077,to_in_008,0
2024,다아910134,to_in_001,0
2024,다아910134,to_in_007,0
2024,다아910134,to_in_008,0
2024,다아910262,to_in_001,0
2024,다아910262,to_in_007,0
2024,다아910262,to_in_008,0
2024,다아910266,to_in_001,5
2024,다아910266,to_in_007,5
2024,다아910266,to_in_008,0
2024,다아910267,to_in_001,8
2024,다아910267,to_in_007,5
2024,다아910267,to_in_008,5
2024,다아910269,to_in_001,0
2024,다아910269,to_in_007,0
2024,다아910269,to_in_008,0
2024,다아910272,to_in_001,8
2024,다아910272,to_in_007,5
2024,다아910272,to_in_008,5
2024,다아910273,to_in_001,18
2024,다아910273,to_in_007,8
2024,다아910273,to_in_008,8
2024,다아910274,to_in_001,0
2024,다아910274,to_in_007,0
2024,다아910274,to_in_008,0
2024,다아910279,to_in_001,0
2024,다아910279,to_in_007,0
2024,다아910279,to_in_008,0
2024,다아910280,to_in_001,5
2024,다아910280,to_in_007,0
2024,다아910280,to_in_008,5
2024,다아910334,to_in_001,5
2024,다아910334,to_in_007,0
2024,다아910334,to_in_008,5
2024,다아910335,to_in_001,13
2024,다아910335,to_in_007,8
2024,다아910335,to_in_008,5
2024,다아910336,to_in_001,13
2024,다아910336,to_in_007,8
2024,다아910336,to_in_008,8
2024,다아911078,to_in_001,5
2024,다아911078,to_in_007,5
2024,다아911078,to_in_008,5
2024,다아911124,to_in_001,5
2024,다아911124,to_in_007,5
2024,다아911124,to_in_008,5
2024,다아911133,to_in_001,13
2024,다아911133,to_in_007,8
2024,다아911133,to_in_008,5
2024,다아911134,to_in_001,0
2024,다아911134,to_in_007,0
2024,다아911134,to_in_008,0
2024,다아911135,to_in_001,0
2024,다아911135,to_in_007,0
2024,다아911135,to_in_008,0
2024,다아911137,to_in_001,5
2024,다아911137,to_in_007,0
2024,다아911137,to_in_008,5
2024,다아911265,to_in_001,5
2024,다아911265,to_in_007,5
2024,다아911265,to_in_008,0
2024,다아911266,to_in_001,5
2024,다아911266,to_in_007,5
2024,다아911266,to_in_008,0
2024,다아911267,to_in_001,13
2024,다아911267,to_in_007,8
2024,다아911267,to_in_008,5
2024,다아911269,to_in_001,8
2024,다아911269,to_in_007,5
2024,다아911269,to_in_008,5
2024,다아911270,to_in_001,5
2024,다아911270,to_in_007,0
2024,다아911270,to_in_008,0
2024,다아911273,to_in_001,8
2024,다아911273,to_in_007,5
2024,다아911273,to_in_008,8
2024,다아911274,to_in_001,8
2024,다아911274,to_in_007,5
2024,다아911274,to_in_008,8
2024,다아911280,to_in_001,30
2024,다아911280,to_in_007,8
2024,다아911280,to_in_008,20
2024,다아911335,to_in_001,18
2024,다아911335,to_in_007,8
2024,다아911335,to_in_008,13
2024,다아911336,to_in_001,13
2024,다아911336,to_in_007,8
2024,다아911336,to_in_008,8
2024,다아912124,to_in_001,5
2024,다아912124,to_in_007,0
2024,다아912124,to_in_008,0
2024,다아912125,to_in_001,5
2024,다아912125,to_in_007,0
2024,다아912125,to_in_008,0
2024,다아912136,to_in_001,8
2024,다아912136,to_in_007,8
2024,다아912136,to_in_008,5
2024,다아912262,to_in_001,5
2024,다아912262,to_in_007,5
2024,다아912262,to_in_008,5
2024,다아912267,to_in_001,8
2024,다아912267,to_in_007,0
2024,다아912267,to_in_008,5
2024,다아912268,to_in_001,8
2024,다아912268,to_in_007,8
2024,다아912268,to_in_008,0
2024,다아912274,to_in_001,0
2024,다아912274,to_in_007,0
2024,다아912274,to_in_008,0
2024,다아912282,to_in_001,5
2024,다아912282,to_in_007,5
2024,다아912282,to_in_008,0
2024,다아913077,to_in_001,5
2024,다아913077,to_in_007,5
2024,다아913077,to_in_008,0
2024,다아913137,to_in_001,5
2024,다아913137,to_in_007,0
2024,다아913137,to_in_008,0
2024,다아913268,to_in_001,5
2024,다아913268,to_in_007,0
2024,다아913268,to_in_008,0
2024,다아913274,to_in_001,5
2024,다아913274,to_in_007,5
2024,다아913274,to_in_008,5
2024,다아913281,to_in_001,5
2024,다아913281,to_in_007,0
2024,다아913281,to_in_008,5
2024,다아914077,to_in_001,0
2024,다아914077,to_in_007,0
2024,다아914077,to_in_008,0
2024,다아914136,to_in_001,0
2024,다아914136,to_in_007,0
2024,다아914136,to_in_008,0
2024,다아914140,to_in_001,5
2024,다아914140,to_in_007,0
2024,다아914140,to_in_008,0
2024,다아914274,to_in_001,5
2024,다아914274,to_in_007,5
2024,다아914274,to_in_008,0
2024,다아914277,to_in_001,13
2024,다아914277,to_in_007,8
2024,다아914277,to_in_008,5
2024,다아914280,to_in_001,5
2024,다아914280,to_in_007,5
2024,다아914280,to_in_008,5
2024,다아914281,to_in_001,0
2024,다아914281,to_in_007,0
2024,다아914281,to_in_008,0
2024,다아914282,to_in_001,0
2024,다아914282,to_in_007,0
2024,다아914282,to_in_008,0
2024,다아915077,to_in_001,5
2024,다아915077,to_in_007,5
2024,다아915077,to_in_008,0
2024,다아915137,to_in_001,5
2024,다아915137,to_in_007,5
2024,다아915137,to_in_008,0
2024,다아915151,to_in_001,8
2024,다아915151,to_in_007,5
2024,다아915151,to_in_008,5
2024,다아915153,to_in_001,5
2024,다아915153,to_in_007,5
2024,다아915153,to_in_008,0
2024,다아915155,to_in_001,5
2024,다아915155,to_in_007,5
2024,다아915155,to_in_008,0
2024,다아915165,to_in_001,5
2024,다아915165,to_in_007,5
2024,다아915165,to_in_008,0
2024,다아915257,to_in_001,0
2024,다아915257,to_in_007,0
2024,다아915257,to_in_008,0
2024,다아915277,to_in_001,5
2024,다아915277,to_in_007,5
2024,다아915277,to_in_008,0
2024,다아915278,to_in_001,18
2024,다아915278,to_in_007,8
2024,다아915278,to_in_008,8
2024,다아915279,to_in_001,5
2024,다아915279,to_in_007,0
2024,다아915279,to_in_008,0
2024,다아915280,to_in_001,31
2024,다아915280,to_in_007,26
2024,다아915280,to_in_008,5
2024,다아916077,to_in_001,8
2024,다아916077,to_in_007,5
2024,다아916077,to_in_008,5
2024,다아916141,to_in_001,5
2024,다아916141,to_in_007,5
2024,다아916141,to_in_008,0
2024,다아916142,to_in_001,32
2024,다아916142,to_in_007,13
2024,다아916142,to_in_008,22
2024,다아916145,to_in_001,0
2024,다아916145,to_in_007,0
2024,다아916145,to_in_008,0
2024,다아916146,to_in_001,5
2024,다아916146,to_in_007,5
2024,다아916146,to_in_008,5
2024,다아916147,to_in_001,5
2024,다아916147,to_in_007,0
2024,다아916147,to_in_008,5
2024,다아916149,to_in_001,0
2024,다아916149,to_in_007,0
2024,다아916149,to_in_008,0
2024,다아916153,to_in_001,5
2024,다아916153,to_in_007,5
2024,다아916153,to_in_008,5
2024,다아916154,to_in_001,5
2024,다아916154,to_in_007,5
2024,다아916154,to_in_008,0
2024,다아916155,to_in_001,5
2024,다아916155,to_in_007,5
2024,다아916155,to_in_008,0
2024,다아916157,to_in_001,5
2024,다아916157,to_in_007,5
2024,다아916157,to_in_008,0
2024,다아916158,to_in_001,5
2024,다아916158,to_in_007,0
2024,다아916158,to_in_008,5
2024,다아916159,to_in_001,5
2024,다아916159,to_in_007,0
2024,다아916159,to_in_008,5
2024,다아918172,to_in_001,8
2024,다아918172,to_in_007,0
2024,다아918172,to_in_008,8
2024,다아918173,to_in_001,18
2024,다아918173,to_in_007,8
2024,다아918173,to_in_008,8
2024,다아918174,to_in_001,13
2024,다아918174,to_in_007,8
2024,다아918174,to_in_008,8
2024,다아918175,to_in_001,0
2024,다아918175,to_in_007,0
2024,다아918175,to_in_008,0
2024,다아918273,to_in_001,14
2024,다아918273,to_in_007,14
2024,다아918273,to_in_008,0
2024,다아918274,to_in_001,5
2024,다아918274,to_in_007,5
2024,다아918274,to_in_008,0
2024,다아918280,to_in_001,8
2024,다아918280,to_in_007,5
2024,다아918280,to_in_008,5
2024,다아919081,to_in_001,5
2024,다아919081,to_in_007,5
2024,다아919081,to_in_008,0
2024,다아919149,to_in_001,8
2024,다아919149,to_in_007,8
2024,다아919149,to_in_008,5
2024,다아919150,to_in_001,13
2024,다아919150,to_in_007,8
2024,다아919150,to_in_008,8
2024,다아919157,to_in_001,8
2024,다아919157,to_in_007,8
2024,다아919157,to_in_008,5
2024,다아919160,to_in_001,8
2024,다아919160,to_in_007,5
2024,다아919160,to_in_008,5
2024,다아919163,to_in_001,8
2024,다아919163,to_in_007,5
2024,다아919163,to_in_008,5
2024,다아919165,to_in_001,5
2024,다아919165,to_in_007,5
2024,다아919165,to_in_008,0
2024,다아919174,to_in_001,5
2024,다아919174,to_in_007,0
2024,다아919174,to_in_008,0
2024,다아919272,to_in_001,5
2024,다아919272,to_in_007,0
2024,다아919272,to_in_008,0
2024,다아919273,to_in_001,8
2024,다아919273,to_in_007,8
2024,다아919273,to_in_008,0
2024,다아919274,to_in_001,8
2024,다아919274,to_in_007,5
2024,다아919274,to_in_008,0
2024,다아919275,to_in_001,8
2024,다아919275,to_in_007,8
2024,다아919275,to_in_008,0
2024,다아919282,to_in_001,5
2024,다아919282,to_in_007,0
2024,다아919282,to_in_008,0
2024,다아920148,to_in_001,0
2024,다아920148,to_in_007,0
2024,다아920148,to_in_008,0
2024,다아920149,to_in_001,5
2024,다아920149,to_in_007,0
2024,다아920149,to_in_008,5
2024,다아920152,to_in_001,5
2024,다아920152,to_in_007,0
2024,다아920152,to_in_008,0
2024,다아920159,to_in_001,5
2024,다아920159,to_in_007,5
2024,다아920159,to_in_008,0
2024,다아920160,to_in_001,5
2024,다아920160,to_in_007,5
2024,다아920160,to_in_008,5
2024,다아920161,to_in_001,8
2024,다아920161,to_in_007,5
2024,다아920161,to_in_008,5
2024,다아920162,to_in_001,5
2024,다아920162,to_in_007,0
2024,다아920162,to_in_008,5
2024,다아920164,to_in_001,0
2024,다아920164,to_in_007,0
2024,다아920164,to_in_008,0
2024,다아920172,to_in_001,8
2024,다아920172,to_in_007,5
2024,다아920172,to_in_008,5
2024,다아920173,to_in_001,13
2024,다아920173,to_in_007,8
2024,다아920173,to_in_008,8
2024,다아920174,to_in_001,5
2024,다아920174,to_in_007,0
2024,다아920174,to_in_008,5
2024,다아920179,to_in_001,5
2024,다아920179,to_in_007,5
2024,다아920179,to_in_008,0
2024,다아920180,to_in_001,5
2024,다아920180,to_in_007,0
2024,다아920180,to_in_008,5
2024,다아920181,to_in_001,8
2024,다아920181,to_in_007,5
2024,다아920181,to_in_008,5
2024,다아920273,to_in_001,8
2024,다아920273,to_in_007,8
2024,다아920273,to_in_008,0
2024,다아920274,to_in_001,5
2024,다아920274,to_in_007,5
2024,다아920274,to_in_008,0
2024,다아920275,to_in_001,8
2024,다아920275,to_in_007,5
2024,다아920275,to_in_008,0
2024,다아921079,to_in_001,0
2024,다아921079,to_in_007,0
2024,다아921079,to_in_008,0
2024,다아921150,to_in_001,5
2024,다아921150,to_in_007,0
2024,다아921150,to_in_008,5
2024,다아921160,to_in_001,0
2024,다아921160,to_in_007,0
2024,다아921160,to_in_008,0
2024,다아921161,to_in_001,0
2024,다아921161,to_in_007,0
2024,다아921161,to_in_008,0
2024,다아921162,to_in_001,5
2024,다아921162,to_in_007,5
2024,다아921162,to_in_008,5
2024,다아921163,to_in_001,5
2024,다아921163,to_in_007,0
2024,다아921163,to_in_008,0
2024,다아921168,to_in_001,5
2024,다아921168,to_in_007,5
2024,다아921168,to_in_008,0
2024,다아929279,to_in_001,5
2024,다아929279,to_in_007,0
2024,다아929279,to_in_008,0
2024,다아930088,to_in_001,8
2024,다아930088,to_in_007,5
2024,다아930088,to_in_008,5
2024,다아930089,to_in_001,5
2024,다아930089,to_in_007,0
2024,다아930089,to_in_008,5
2024,다아930206,to_in_001,14
2024,다아930206,to_in_007,14
2024,다아930206,to_in_008,0
2024,다아930215,to_in_001,5
2024,다아930215,to_in_007,5
2024,다아930215,to_in_008,0
2024,다아930223,to_in_001,13
2024,다아930223,to_in_007,5
2024,다아930223,to_in_008,8
2024,다아930227,to_in_001,13
2024,다아930227,to_in_007,8
2024,다아930227,to_in_008,8
2024,다아930228,to_in_001,0
2024,다아930228,to_in_007,0
2024,다아930228,to_in_008,0
2024,다아930272,to_in_001,13
2024,다아930272,to_in_007,8
2024,다아930272,to_in_008,8
2024,다아930273,to_in_001,59
2024,다아930273,to_in_007,29
2024,다아930273,to_in_008,28
2024,다아930274,to_in_001,33
2024,다아930274,to_in_007,18
2024,다아930274,to_in_008,18
2024,다아930275,to_in_001,8
2024,다아930275,to_in_007,5
2024,다아930275,to_in_008,5
2024,다아930276,to_in_001,0
2024,다아930276,to_in_007,0
2024,다아930276,to_in_008,0
2024,다아930278,to_in_001,8
2024,다아930278,to_in_007,5
2024,다아930278,to_in_008,5
2024,다아931090,to_in_001,5
2024,다아931090,to_in_007,0
2024,다아931090,to_in_008,0
2024,다아931091,to_in_001,5
2024,다아931091,to_in_007,0
2024,다아931091,to_in_008,5
2024,다아931184,to_in_001,5
2024,다아931184,to_in_007,0
2024,다아931184,to_in_008,0
2024,다아931223,to_in_001,5
2024,다아931223,to_in_007,5
2024,다아931223,to_in_008,5
2024,다아931227,to_in_001,0
2024,다아931227,to_in_007,0
2024,다아931227,to_in_008,0
2024,다아931228,to_in_001,13
2024,다아931228,to_in_007,8
2024,다아931228,to_in_008,8
2024,다아931272,to_in_001,43
2024,다아931272,to_in_007,28
2024,다아931272,to_in_008,18
2024,다아931273,to_in_001,24
2024,다아931273,to_in_007,8
2024,다아931273,to_in_008,14
2024,다아931274,to_in_001,18
2024,다아931274,to_in_007,8
2024,다아931274,to_in_008,8
2024,다아931275,to_in_001,8
2024,다아931275,to_in_007,5
2024,다아931275,to_in_008,5
2024,다아931277,to_in_001,5
2024,다아931277,to_in_007,5
2024,다아931277,to_in_008,0
2024,다아932091,to_in_001,8
2024,다아932091,to_in_007,5
2024,다아932091,to_in_008,0
2024,다아932186,to_in_001,40
2024,다아932186,to_in_007,20
2024,다아932186,to_in_008,18
2024,다아932208,to_in_001,5
2024,다아932208,to_in_007,5
2024,다아932208,to_in_008,0
2024,다아932209,to_in_001,0
2024,다아932209,to_in_007,0
2024,다아932209,to_in_008,0
2024,다아932228,to_in_001,8
2024,다아932228,to_in_007,5
2024,다아932228,to_in_008,5
2024,다아932229,to_in_001,8
2024,다아932229,to_in_007,5
2024,다아932229,to_in_008,5
2024,다아932272,to_in_001,18
2024,다아932272,to_in_007,8
2024,다아932272,to_in_008,8
2024,다아932273,to_in_001,13
2024,다아932273,to_in_007,8
2024,다아932273,to_in_008,8
2024,다아932274,to_in_001,65
2024,다아932274,to_in_007,35
2024,다아932274,to_in_008,28
2024,다아932279,to_in_001,18
2024,다아932279,to_in_007,8
2024,다아932279,to_in_008,8
2024,다아932280,to_in_001,5
2024,다아932280,to_in_007,5
2024,다아932280,to_in_008,5
2024,다아932281,to_in_001,5
2024,다아932281,to_in_007,0
2024,다아932281,to_in_008,0
2024,다아933149,to_in_001,0
2024,다아933149,to_in_007,0
2024,다아933149,to_in_008,0
2024,다아933150,to_in_001,13
2024,다아933150,to_in_007,5
2024,다아933150,to_in_008,8
2024,다아933184,to_in_001,0
2024,다아933184,to_in_007,0
2024,다아933184,to_in_008,0
2024,다아933209,to_in_001,5
2024,다아933209,to_in_007,5
2024,다아933209,to_in_008,5
2024,다아933211,to_in_001,8
2024,다아933211,to_in_007,5
2024,다아933211,to_in_008,5
2024,다아933213,to_in_001,5
2024,다아933213,to_in_007,0
2024,다아933213,to_in_008,5
2024,다아933219,to_in_001,5
2024,다아933219,to_in_007,5
2024,다아933219,to_in_008,0
2024,다아933220,to_in_001,13
2024,다아933220,to_in_007,8
2024,다아933220,to_in_008,8
2024,다아933233,to_in_001,5
2024,다아933233,to_in_007,0
2024,다아933233,to_in_008,5
2024,다아933237,to_in_001,8
2024,다아933237,to_in_007,5
2024,다아933237,to_in_008,5
2024,다아933279,to_in_001,5
2024,다아933279,to_in_007,5
2024,다아933279,to_in_008,0
2024,다아933280,to_in_001,18
2024,다아933280,to_in_007,13
2024,다아933280,to_in_008,8
2024,다아933281,to_in_001,8
2024,다아933281,to_in_007,5
2024,다아933281,to_in_008,5
2024,다아934211,to_in_001,8
2024,다아934211,to_in_007,5
2024,다아934211,to_in_008,5
2024,다아934212,to_in_001,5
2024,다아934212,to_in_007,0
2024,다아934212,to_in_008,0
2024,다아934218,to_in_001,5
2024,다아934218,to_in_007,5
2024,다아934218,to_in_008,0
2024,다아934219,to_in_001,5
2024,다아934219,to_in_007,5
2024,다아902069,to_in_008,5
2024,다아902072,to_in_001,8
2024,다아902072,to_in_007,5
2024,다아902072,to_in_008,5
2024,다아902073,to_in_001,5
2024,다아902073,to_in_007,5
2024,다아902073,to_in_008,0
2024,다아902074,to_in_001,5
2024,다아902074,to_in_007,0
2024,다아902074,to_in_008,0
2024,다아902084,to_in_001,8
2024,다아902084,to_in_007,5
2024,다아902084,to_in_008,5
2024,다아902085,to_in_001,5
2024,다아902085,to_in_007,0
2024,다아902085,to_in_008,5
2024,다아902086,to_in_001,0
2024,다아902086,to_in_007,0
2024,다아902086,to_in_008,0
2024,다아902087,to_in_001,5
2024,다아902087,to_in_007,0
2024,다아902087,to_in_008,0
2024,다아902089,to_in_001,0
2024,다아902089,to_in_007,0
2024,다아902089,to_in_008,0
2024,다아902093,to_in_001,8
2024,다아902093,to_in_007,8
2024,다아902093,to_in_008,5
2024,다아902094,to_in_001,8
2024,다아902094,to_in_007,5
2024,다아902094,to_in_008,8
2024,다아902096,to_in_001,0
2024,다아902096,to_in_007,0
2024,다아902096,to_in_008,0
2024,다아902097,to_in_001,5
2024,다아902097,to_in_007,0
2024,다아902097,to_in_008,5
2024,다아902200,to_in_001,5
2024,다아902200,to_in_007,0
2024,다아902200,to_in_008,0
2024,다아902216,to_in_001,5
2024,다아902216,to_in_007,5
2024,다아902216,to_in_008,0
2024,다아902241,to_in_001,5
2024,다아902241,to_in_007,0
2024,다아902241,to_in_008,5
2024,다아902244,to_in_001,0
2024,다아902244,to_in_007,0
2024,다아902244,to_in_008,0
2024,다아902246,to_in_001,5
2024,다아902246,to_in_007,0
2024,다아902246,to_in_008,5
2024,다아902250,to_in_001,8
2024,다아902250,to_in_007,8
2024,다아902250,to_in_008,0
2024,다아902262,to_in_001,5
2024,다아902262,to_in_007,5
2024,다아902262,to_in_008,0
2024,다아902263,to_in_001,0
2024,다아902263,to_in_007,0
2024,다아902263,to_in_008,0
2024,다아902264,to_in_001,13
2024,다아902264,to_in_007,8
2024,다아902264,to_in_008,8
2024,다아902265,to_in_001,13
2024,다아902265,to_in_007,5
2024,다아902265,to_in_008,8
2024,다아905074,to_in_001,5
2024,다아905074,to_in_007,5
2024,다아905074,to_in_008,0
2024,다아905075,to_in_001,5
2024,다아905075,to_in_007,5
2024,다아905075,to_in_008,0
2024,다아905105,to_in_001,5
2024,다아905105,to_in_007,0
2024,다아905105,to_in_008,5
2024,다아905187,to_in_001,0
2024,다아905187,to_in_007,0
2024,다아905187,to_in_008,0
2024,다아905264,to_in_001,13
2024,다아905264,to_in_007,8
2024,다아905264,to_in_008,5
2024,다아905272,to_in_001,8
2024,다아905272,to_in_007,5
2024,다아905272,to_in_008,0
2024,다아905274,to_in_001,5
2024,다아905274,to_in_007,5
2024,다아905274,to_in_008,0
2024,다아905280,to_in_001,8
2024,다아905280,to_in_007,5
2024,다아905280,to_in_008,5
2024,다아906074,to_in_001,5
2024,다아906074,to_in_007,5
2024,다아906074,to_in_008,5
2024,다아906075,to_in_001,5
2024,다아906075,to_in_007,0
2024,다아906075,to_in_008,5
2024,다아906084,to_in_001,5
2024,다아906084,to_in_007,0
2024,다아906084,to_in_008,0
2024,다아906085,to_in_001,0
2024,다아906085,to_in_007,0
2024,다아906085,to_in_008,0
2024,다아906106,to_in_001,8
2024,다아906106,to_in_007,5
2024,다아906106,to_in_008,8
2024,다아906109,to_in_001,5
2024,다아906109,to_in_007,0
2024,다아906109,to_in_008,0
2024,다아906187,to_in_001,8
2024,다아906187,to_in_007,8
2024,다아906187,to_in_008,5
2024,다아906263,to_in_001,8
2024,다아906263,to_in_007,5
2024,다아906263,to_in_008,5
2024,다아906264,to_in_001,8
2024,다아906264,to_in_007,5
2024,다아906264,to_in_008,5
2024,다아906273,to_in_001,13
2024,다아906273,to_in_007,8
2024,다아906273,to_in_008,8
2024,다아906279,to_in_001,5
2024,다아906279,to_in_007,5
2024,다아906279,to_in_008,0
2024,다아907075,to_in_001,5
2024,다아907075,to_in_007,5
2024,다아907075,to_in_008,5
2024,다아907110,to_in_001,8
2024,다아907110,to_in_007,5
2024,다아907110,to_in_008,5
2024,다아907264,to_in_001,5
2024,다아907264,to_in_007,0
2024,다아907264,to_in_008,5
2024,다아907273,to_in_001,13
2024,다아907273,to_in_007,5
2024,다아907273,to_in_008,8
2024,다아907274,to_in_001,5
2024,다아907274,to_in_007,5
2024,다아907274,to_in_008,0
2024,다아908075,to_in_001,5
2024,다아908075,to_in_007,0
2024,다아908075,to_in_008,0
2024,다아908076,to_in_001,5
2024,다아908076,to_in_007,0
2024,다아908076,to_in_008,0
2024,다아908265,to_in_001,5
2024,다아908265,to_in_007,5
2024,다아908265,to_in_008,0
2024,다아908273,to_in_001,8
2024,다아908273,to_in_007,8
2024,다아908273,to_in_008,5
2024,다아908274,to_in_001,0
2024,다아908274,to_in_007,0
2024,다아908274,to_in_008,0
2024,다아909077,to_in_001,0
2024,다아909077,to_in_007,0
2024,다아909077,to_in_008,0
2024,다아909113,to_in_001,5
2024,다아909113,to_in_007,0
2024,다아909113,to_in_008,0
2024,다아909122,to_in_001,5
2024,다아909122,to_in_007,5
2024,다아909122,to_in_008,0
2024,다아909134,to_in_001,5
2024,다아909134,to_in_007,5
2024,다아909134,to_in_008,0
2024,다아909265,to_in_001,5
2024,다아909265,to_in_007,5
2024,다아909265,to_in_008,0
2024,다아909271,to_in_001,5
2024,다아909271,to_in_007,5
2024,다아909271,to_in_008,0
2024,다아909272,to_in_001,5
2024,다아909272,to_in_007,5
2024,다아909272,to_in_008,0
2024,다아909273,to_in_001,13
2024,다아909273,to_in_007,8
2024,다아909273,to_in_008,5
2024,다아909278,to_in_001,5
2024,다아909278,to_in_007,5
2024,다아909278,to_in_008,5
2024,다아909280,to_in_001,13
2024,다아909280,to_in_007,8
2024,다아909280,to_in_008,8
2024,다아916160,to_in_001,5
2024,다아916160,to_in_007,5
2024,다아916160,to_in_008,0
2024,다아916266,to_in_001,8
2024,다아916266,to_in_007,5
2024,다아916266,to_in_008,5
2024,다아916278,to_in_001,8
2024,다아916278,to_in_007,8
2024,다아916278,to_in_008,8
2024,다아916279,to_in_001,8
2024,다아916279,to_in_007,5
2024,다아916279,to_in_008,5
2024,다아916288,to_in_001,5
2024,다아916288,to_in_007,5
2024,다아916288,to_in_008,0
2024,다아917079,to_in_001,5
2024,다아917079,to_in_007,0
2024,다아917079,to_in_008,5
2024,다아917137,to_in_001,8
2024,다아917137,to_in_007,5
2024,다아917137,to_in_008,5
2024,다아917142,to_in_001,5
2024,다아917142,to_in_007,0
2024,다아917142,to_in_008,5
2024,다아917143,to_in_001,0
2024,다아917143,to_in_007,0
2024,다아917143,to_in_008,0
2024,다아917144,to_in_001,5
2024,다아917144,to_in_007,0
2024,다아917144,to_in_008,0
2024,다아917145,to_in_001,5
2024,다아917145,to_in_007,5
2024,다아917145,to_in_008,0
2024,다아917146,to_in_001,5
2024,다아917146,to_in_007,0
2024,다아917146,to_in_008,5
2024,다아917148,to_in_001,5
2024,다아917148,to_in_007,0
2024,다아917148,to_in_008,0
2024,다아917149,to_in_001,5
2024,다아917149,to_in_007,0
2024,다아917149,to_in_008,5
2024,다아917158,to_in_001,5
2024,다아917158,to_in_007,5
2024,다아917158,to_in_008,0
2024,다아917160,to_in_001,8
2024,다아917160,to_in_007,5
2024,다아917160,to_in_008,8
2024,다아917161,to_in_001,8
2024,다아917161,to_in_007,8
2024,다아917161,to_in_008,0
2024,다아917162,to_in_001,8
2024,다아917162,to_in_007,5
2024,다아917162,to_in_008,5
2024,다아917163,to_in_001,8
2024,다아917163,to_in_007,8
2024,다아917163,to_in_008,5
2024,다아917164,to_in_001,5
2024,다아917164,to_in_007,0
2024,다아917164,to_in_008,5
2024,다아917169,to_in_001,5
2024,다아917169,to_in_007,0
2024,다아917169,to_in_008,5
2024,다아917271,to_in_001,22
2024,다아917271,to_in_007,8
2024,다아917271,to_in_008,14
2024,다아917272,to_in_001,8
2024,다아917272,to_in_007,8
2024,다아917272,to_in_008,5
2024,다아917274,to_in_001,28
2024,다아917274,to_in_007,28
2024,다아917274,to_in_008,8
2024,다아917275,to_in_001,5
2024,다아917275,to_in_007,5
2024,다아917275,to_in_008,0
2024,다아917279,to_in_001,5
2024,다아917279,to_in_007,5
2024,다아917279,to_in_008,0
2024,다아917280,to_in_001,5
2024,다아917280,to_in_007,0
2024,다아917280,to_in_008,0
2024,다아917294,to_in_001,5
2024,다아917294,to_in_007,5
2024,다아917294,to_in_008,0
2024,다아918078,to_in_001,8
2024,다아918078,to_in_007,8
2024,다아918078,to_in_008,0
2024,다아918079,to_in_001,5
2024,다아918079,to_in_007,0
2024,다아918079,to_in_008,0
2024,다아918080,to_in_001,0
2024,다아918080,to_in_007,0
2024,다아918080,to_in_008,0
2024,다아918081,to_in_001,8
2024,다아918081,to_in_007,5
2024,다아918081,to_in_008,5
2024,다아918144,to_in_001,8
2024,다아918144,to_in_007,5
2024,다아918144,to_in_008,5
2024,다아918145,to_in_001,0
2024,다아918145,to_in_007,0
2024,다아918145,to_in_008,0
2024,다아918150,to_in_001,8
2024,다아918150,to_in_007,5
2024,다아918150,to_in_008,5
2024,다아918151,to_in_001,0
2024,다아918151,to_in_007,0
2024,다아918151,to_in_008,0
2024,다아918157,to_in_001,8
2024,다아918157,to_in_007,5
2024,다아918157,to_in_008,5
2024,다아918160,to_in_001,5
2024,다아918160,to_in_007,5
2024,다아918160,to_in_008,0
2024,다아918167,to_in_001,5
2024,다아918167,to_in_007,5
2024,다아918167,to_in_008,0
2024,다아921171,to_in_001,0
2024,다아921171,to_in_007,0
2024,다아921171,to_in_008,0
2024,다아921172,to_in_001,0
2024,다아921172,to_in_007,0
2024,다아921172,to_in_008,0
2024,다아921173,to_in_001,8
2024,다아921173,to_in_007,5
2024,다아921173,to_in_008,5
2024,다아921175,to_in_001,5
2024,다아921175,to_in_007,0
2024,다아921175,to_in_008,5
2024,다아921178,to_in_001,8
2024,다아921178,to_in_007,5
2024,다아921178,to_in_008,5
2024,다아921181,to_in_001,5
2024,다아921181,to_in_007,0
2024,다아921181,to_in_008,0
2024,다아921182,to_in_001,8
2024,다아921182,to_in_007,5
2024,다아921182,to_in_008,5
2024,다아921185,to_in_001,83
2024,다아921185,to_in_007,46
2024,다아921185,to_in_008,35
2024,다아921272,to_in_001,5
2024,다아921272,to_in_007,0
2024,다아921272,to_in_008,0
2024,다아921273,to_in_001,5
2024,다아921273,to_in_007,5
2024,다아921273,to_in_008,0
2024,다아921274,to_in_001,8
2024,다아921274,to_in_007,5
2024,다아921274,to_in_008,5
2024,다아922081,to_in_001,5
2024,다아922081,to_in_007,0
2024,다아922081,to_in_008,5
2024,다아922149,to_in_001,5
2024,다아922149,to_in_007,0
2024,다아922149,to_in_008,0
2024,다아922159,to_in_001,5
2024,다아922159,to_in_007,5
2024,다아922159,to_in_008,5
2024,다아922160,to_in_001,5
2024,다아922160,to_in_007,0
2024,다아922160,to_in_008,0
2024,다아922161,to_in_001,5
2024,다아922161,to_in_007,5
2024,다아922161,to_in_008,5
2024,다아922164,to_in_001,5
2024,다아922164,to_in_007,5
2024,다아922164,to_in_008,0
2024,다아922170,to_in_001,5
2024,다아922170,to_in_007,0
2024,다아922170,to_in_008,0
2024,다아922173,to_in_001,0
2024,다아922173,to_in_007,0
2024,다아922173,to_in_008,0
2024,다아922177,to_in_001,5
2024,다아922177,to_in_007,5
2024,다아922177,to_in_008,0
2024,다아922178,to_in_001,8
2024,다아922178,to_in_007,5
2024,다아922178,to_in_008,8
2024,다아922179,to_in_001,5
2024,다아922179,to_in_007,0
2024,다아922179,to_in_008,5
2024,다아922180,to_in_001,5
2024,다아922180,to_in_007,5
2024,다아922180,to_in_008,0
2024,다아922181,to_in_001,13
2024,다아922181,to_in_007,8
2024,다아922181,to_in_008,8
2024,다아922182,to_in_001,28
2024,다아922182,to_in_007,13
2024,다아922182,to_in_008,13
2024,다아922183,to_in_001,0
2024,다아922183,to_in_007,0
2024,다아922183,to_in_008,0
2024,다아922184,to_in_001,67
2024,다아922184,to_in_007,52
2024,다아922184,to_in_008,18
2024,다아922190,to_in_001,0
2024,다아922190,to_in_007,0
2024,다아922190,to_in_008,0
2024,다아922225,to_in_001,5
2024,다아922225,to_in_007,5
2024,다아922225,to_in_008,0
2024,다아922274,to_in_001,5
2024,다아922274,to_in_007,5
2024,다아922274,to_in_008,0
2024,다아923081,to_in_001,8
2024,다아923081,to_in_007,5
2024,다아923081,to_in_008,5
2024,다아923160,to_in_001,0
2024,다아923160,to_in_007,0
2024,다아923160,to_in_008,0
2024,다아923161,to_in_001,0
2024,다아923161,to_in_007,0
2024,다아923161,to_in_008,0
2024,다아923179,to_in_001,13
2024,다아923179,to_in_007,8
2024,다아923179,to_in_008,8
2024,다아923180,to_in_001,8
2024,다아923180,to_in_007,5
2024,다아923180,to_in_008,5
2024,다아923181,to_in_001,8
2024,다아923181,to_in_007,5
2024,다아923181,to_in_008,8
2024,다아923182,to_in_001,28
2024,다아923182,to_in_007,18
2024,다아923182,to_in_008,13
2024,다아923183,to_in_001,49
2024,다아923183,to_in_007,23
2024,다아923183,to_in_008,24
2024,다아923184,to_in_001,8
2024,다아923184,to_in_007,5
2024,다아923184,to_in_008,5
2024,다아923186,to_in_001,204
2024,다아923186,to_in_007,104
2024,다아923186,to_in_008,98
2024,다아923187,to_in_001,13
2024,다아923187,to_in_007,8
2024,다아923187,to_in_008,5
2024,다아923188,to_in_001,5
2024,다아923188,to_in_007,5
2024,다아923188,to_in_008,0
2024,다아926204,to_in_001,5
2024,다아926204,to_in_007,0
2024,다아926204,to_in_008,5
2024,다아926278,to_in_001,18
2024,다아926278,to_in_007,13
2024,다아926278,to_in_008,8
2024,다아927083,to_in_001,5
2024,다아927083,to_in_007,0
2024,다아927083,to_in_008,0
2024,다아927085,to_in_001,0
2024,다아927085,to_in_007,0
2024,다아927085,to_in_008,0
2024,다아927184,to_in_001,8
2024,다아927184,to_in_007,5
2024,다아927184,to_in_008,8
2024,다아927187,to_in_001,5
2024,다아927187,to_in_007,5
2024,다아927187,to_in_008,0
2024,다아927206,to_in_001,5
2024,다아927206,to_in_007,5
2024,다아927206,to_in_008,0
2024,다아927207,to_in_001,18
2024,다아927207,to_in_007,13
2024,다아927207,to_in_008,8
2024,다아927208,to_in_001,5
2024,다아927208,to_in_007,0
2024,다아927208,to_in_008,5
2024,다아927209,to_in_001,5
2024,다아927209,to_in_007,0
2024,다아927209,to_in_008,5
2024,다아927277,to_in_001,8
2024,다아927277,to_in_007,5
2024,다아927277,to_in_008,5
2024,다아927278,to_in_001,8
2024,다아927278,to_in_007,5
2024,다아927278,to_in_008,5
2024,다아927279,to_in_001,8
2024,다아927279,to_in_007,8
2024,다아927279,to_in_008,5
2024,다아928084,to_in_001,5
2024,다아928084,to_in_007,5
2024,다아928084,to_in_008,5
2024,다아928085,to_in_001,5
2024,다아928085,to_in_007,5
2024,다아928085,to_in_008,0
2024,다아928086,to_in_001,5
2024,다아928086,to_in_007,5
2024,다아928086,to_in_008,5
2024,다아928184,to_in_001,5
2024,다아928184,to_in_007,0
2024,다아928184,to_in_008,5
2024,다아928197,to_in_001,5
2024,다아928197,to_in_007,5
2024,다아928197,to_in_008,0
2024,다아928200,to_in_001,8
2024,다아928200,to_in_007,5
2024,다아928200,to_in_008,5
2024,다아928203,to_in_001,5
2024,다아928203,to_in_007,0
2024,다아928203,to_in_008,5
2024,다아928205,to_in_001,5
2024,다아928205,to_in_007,5
2024,다아928205,to_in_008,0
2024,다아928208,to_in_001,5
2024,다아928208,to_in_007,5
2024,다아928208,to_in_008,0
2024,다아928225,to_in_001,0
2024,다아928225,to_in_007,0
2024,다아928225,to_in_008,0
2024,다아928275,to_in_001,5
2024,다아928275,to_in_007,5
2024,다아928275,to_in_008,0
2024,다아928276,to_in_001,8
2024,다아928276,to_in_007,5
2024,다아928276,to_in_008,5
2024,다아928278,to_in_001,0
2024,다아928278,to_in_007,0
2024,다아928278,to_in_008,0
2024,다아929085,to_in_001,0
2024,다아929085,to_in_007,0
2024,다아929085,to_in_008,0
2024,다아929087,to_in_001,0
2024,다아929087,to_in_007,0
2024,다아929087,to_in_008,0
2024,다아929089,to_in_001,5
2024,다아929089,to_in_007,0
2024,다아929089,to_in_008,0
2024,다아929204,to_in_001,5
2024,다아929204,to_in_007,0
2024,다아929204,to_in_008,5
2024,다아929205,to_in_001,5
2024,다아929205,to_in_007,5
2024,다아929205,to_in_008,5
2024,다아929206,to_in_001,0
2024,다아929206,to_in_007,0
2024,다아929206,to_in_008,0
2024,다아929207,to_in_001,0
2024,다아929207,to_in_007,0
2024,다아929207,to_in_008,0
2024,다아929226,to_in_001,5
2024,다아929226,to_in_007,5
2024,다아929226,to_in_008,0
2024,다아929227,to_in_001,5
2024,다아929227,to_in_007,0
2024,다아929227,to_in_008,0
2024,다아929228,to_in_001,8
2024,다아929228,to_in_007,5
2024,다아929228,to_in_008,5
2024,다아929229,to_in_001,0
2024,다아929229,to_in_007,0
2024,다아929229,to_in_008,0
2024,다아929273,to_in_001,5
2024,다아929273,to_in_007,0
2024,다아929273,to_in_008,5
2024,다아929274,to_in_001,33
2024,다아929274,to_in_007,18
2024,다아929274,to_in_008,13
2024,다아929275,to_in_001,28
2024,다아929275,to_in_007,18
2024,다아929275,to_in_008,13
2024,다아929276,to_in_001,38
2024,다아929276,to_in_007,23
2024,다아929276,to_in_008,18
2024,다아929277,to_in_001,5
2024,다아929277,to_in_007,5
2024,다아929277,to_in_008,0
2024,다아929278,to_in_001,8
2024,다아929278,to_in_007,5
2024,다아929278,to_in_008,8
2024,다아937259,to_in_001,0
2024,다아937259,to_in_007,0
2024,다아937259,to_in_008,0
2024,다아937265,to_in_001,5
2024,다아937265,to_in_007,0
2024,다아937265,to_in_008,5
2024,다아937270,to_in_001,13
2024,다아937270,to_in_007,8
2024,다아937270,to_in_008,8
2024,다아937271,to_in_001,5
2024,다아937271,to_in_007,5
2024,다아937271,to_in_008,5
2024,다아937282,to_in_001,8
2024,다아937282,to_in_007,5
2024,다아937282,to_in_008,5
2024,다아937284,to_in_001,5
2024,다아937284,to_in_007,5
2024,다아937284,to_in_008,0
2024,다아938237,to_in_001,5
2024,다아938237,to_in_007,0
2024,다아938237,to_in_008,0
2024,다아938255,to_in_001,8
2024,다아938255,to_in_007,5
2024,다아938255,to_in_008,5
2024,다아938270,to_in_001,18
2024,다아938270,to_in_007,8
2024,다아938270,to_in_008,8
2024,다아938271,to_in_001,5
2024,다아938271,to_in_007,0
2024,다아938271,to_in_008,0
2024,다아938272,to_in_001,8
2024,다아938272,to_in_007,8
2024,다아938272,to_in_008,5
2024,다아938273,to_in_001,0
2024,다아938273,to_in_007,0
2024,다아938273,to_in_008,0
2024,다아938283,to_in_001,5
2024,다아938283,to_in_007,5
2024,다아938283,to_in_008,0
2024,다아938284,to_in_001,5
2024,다아938284,to_in_007,5
2024,다아938284,to_in_008,0
2024,다아939221,to_in_001,5
2024,다아939221,to_in_007,0
2024,다아939221,to_in_008,0
2024,다아939250,to_in_001,8
2024,다아939250,to_in_007,5
2024,다아939250,to_in_008,5
2024,다아939269,to_in_001,8
2024,다아939269,to_in_007,5
2024,다아939269,to_in_008,5
2024,다아939270,to_in_001,38
2024,다아939270,to_in_007,18
2024,다아939270,to_in_008,18
2024,다아939271,to_in_001,8
2024,다아939271,to_in_007,5
2024,다아939271,to_in_008,5
2024,다아939272,to_in_001,8
2024,다아939272,to_in_007,5
2024,다아939272,to_in_008,5
2024,다아939273,to_in_001,5
2024,다아939273,to_in_007,5
2024,다아939273,to_in_008,0
2024,다아939274,to_in_001,5
2024,다아939274,to_in_007,5
2024,다아939274,to_in_008,0
2024,다아940220,to_in_001,0
2024,다아940220,to_in_007,0
2024,다아940220,to_in_008,0
2024,다아940253,to_in_001,8
2024,다아940253,to_in_007,5
2024,다아940253,to_in_008,5
2024,다아940254,to_in_001,13
2024,다아940254,to_in_007,8
2024,다아940254,to_in_008,8
2024,다아940255,to_in_001,8
2024,다아940255,to_in_007,5
2024,다아940255,to_in_008,5
2024,다아942256,to_in_001,13
2024,다아942256,to_in_007,5
2024,다아942256,to_in_008,13
2024,다아942257,to_in_001,28
2024,다아942257,to_in_007,13
2024,다아942257,to_in_008,13
2024,다아942258,to_in_001,8
2024,다아942258,to_in_007,5
2024,다아942258,to_in_008,5
2024,다아942260,to_in_001,8
2024,다아942260,to_in_007,5
2024,다아942260,to_in_008,5
2024,다아942262,to_in_001,5
2024,다아942262,to_in_007,5
2024,다아942262,to_in_008,0
2024,다아942263,to_in_001,18
2024,다아942263,to_in_007,8
2024,다아942263,to_in_008,8
2024,다아942264,to_in_001,13
2024,다아942264,to_in_007,5
2024,다아942264,to_in_008,8
2024,다아942270,to_in_001,6
2024,다아942270,to_in_007,0
2024,다아942270,to_in_008,6
2024,다아942272,to_in_001,13
2024,다아942272,to_in_007,8
2024,다아942272,to_in_008,5
2024,다아942273,to_in_001,8
2024,다아942273,to_in_007,8
2024,다아942273,to_in_008,0
2024,다아942286,to_in_001,5
2024,다아942286,to_in_007,0
2024,다아942286,to_in_008,0
2024,다아942293,to_in_001,5
2024,다아942293,to_in_007,5
2024,다아942293,to_in_008,0
2024,다아943248,to_in_001,5
2024,다아943248,to_in_007,5
2024,다아943248,to_in_008,0
2024,다아943252,to_in_001,8
2024,다아943252,to_in_007,8
2024,다아943252,to_in_008,5
2024,다아943255,to_in_001,8
2024,다아943255,to_in_007,5
2024,다아943255,to_in_008,5
2024,다아943257,to_in_001,5
2024,다아943257,to_in_007,5
2024,다아943257,to_in_008,0
2024,다아943259,to_in_001,13
2024,다아943259,to_in_007,8
2024,다아943259,to_in_008,8
2024,다아943260,to_in_001,23
2024,다아943260,to_in_007,8
2024,다아943260,to_in_008,13
2024,다아943261,to_in_001,43
2024,다아943261,to_in_007,23
2024,다아943261,to_in_008,18
2024,다아943262,to_in_001,79
2024,다아943262,to_in_007,44
2024,다아943262,to_in_008,33
2024,다아943263,to_in_001,13
2024,다아943263,to_in_007,8
2024,다아943263,to_in_008,8
2024,다아943264,to_in_001,13
2024,다아943264,to_in_007,5
2024,다아943264,to_in_008,8
2024,다아943268,to_in_001,8
2024,다아943268,to_in_007,5
2024,다아943268,to_in_008,5
2024,다아943269,to_in_001,8
2024,다아943269,to_in_007,5
2024,다아943269,to_in_008,8
2024,다아943270,to_in_001,23
2024,다아943270,to_in_007,13
2024,다아943270,to_in_008,13
2024,다아943271,to_in_001,13
2024,다아943271,to_in_007,5
2024,다아943271,to_in_008,8
2024,다아946272,to_in_001,13
2024,다아946272,to_in_007,8
2024,다아946272,to_in_008,8
2024,다아946291,to_in_001,5
2024,다아946291,to_in_007,5
2024,다아946291,to_in_008,0
2024,다아947182,to_in_001,5
2024,다아947182,to_in_007,5
2024,다아947182,to_in_008,0
2024,다아947183,to_in_001,8
2024,다아947183,to_in_007,5
2024,다아947183,to_in_008,5
2024,다아947184,to_in_001,8
2024,다아947184,to_in_007,8
2024,다아947184,to_in_008,5
2024,다아947251,to_in_001,5
2024,다아947251,to_in_007,0
2024,다아947251,to_in_008,5
2024,다아947258,to_in_001,13
2024,다아947258,to_in_007,8
2024,다아947258,to_in_008,8
2024,다아947259,to_in_001,13
2024,다아947259,to_in_007,5
2024,다아947259,to_in_008,8
2024,다아947262,to_in_001,5
2024,다아947262,to_in_007,0
2024,다아947262,to_in_008,5
2024,다아947263,to_in_001,8
2024,다아947263,to_in_007,5
2024,다아947263,to_in_008,5
2024,다아947264,to_in_001,23
2024,다아947264,to_in_007,13
2024,다아947264,to_in_008,13
2024,다아947265,to_in_001,59
2024,다아947265,to_in_007,29
2024,다아947265,to_in_008,33
2024,다아947266,to_in_001,38
2024,다아947266,to_in_007,18
2024,다아947266,to_in_008,18
2024,다아947267,to_in_001,59
2024,다아947267,to_in_007,39
2024,다아947267,to_in_008,23
2024,다아947268,to_in_001,23
2024,다아947268,to_in_007,13
2024,다아947268,to_in_008,8
2024,다아947269,to_in_001,38
2024,다아947269,to_in_007,18
2024,다아947269,to_in_008,18
2024,다아947270,to_in_001,18
2024,다아947270,to_in_007,8
2024,다아947270,to_in_008,8
2024,다아947271,to_in_001,13
2024,다아947271,to_in_007,8
2024,다아947271,to_in_008,8
2024,다아947272,to_in_001,5
2024,다아947272,to_in_007,5
2024,다아947272,to_in_008,0
2024,다아947279,to_in_001,8
2024,다아947279,to_in_007,0
2024,다아947279,to_in_008,8
2024,다아948028,to_in_001,0
2024,다아948028,to_in_007,0
2024,다아948028,to_in_008,0
2024,다아948262,to_in_001,18
2024,다아948262,to_in_007,8
2024,다아948262,to_in_008,8
2024,다아948263,to_in_001,5
2024,다아948263,to_in_007,5
2024,다아948263,to_in_008,5
2024,다아948264,to_in_001,80
2024,다아948264,to_in_007,45
2024,다아948264,to_in_008,33
2024,다아948265,to_in_001,18
2024,다아948265,to_in_007,8
2024,다아948265,to_in_008,8
2024,다아948266,to_in_001,13
2024,다아948266,to_in_007,8
2024,다아948266,to_in_008,8
2024,다아948267,to_in_001,60
2024,다아948267,to_in_007,35
2024,다아948267,to_in_008,23
2024,다아948268,to_in_001,23
2024,다아948268,to_in_007,13
2024,다아948268,to_in_008,13
2024,다아948269,to_in_001,38
2024,다아948269,to_in_007,18
2024,다아948269,to_in_008,18
2024,다아948270,to_in_001,34
2024,다아948270,to_in_007,19
2024,다아948270,to_in_008,13
2024,다아948272,to_in_001,8
2024,다아948272,to_in_007,5
2024,다아948272,to_in_008,5
2024,다아948273,to_in_001,0
2024,다아948273,to_in_007,0
2024,다아948273,to_in_008,0
2024,다아949030,to_in_001,8
2024,다아949030,to_in_007,8
2024,다아949030,to_in_008,0
2024,다아949114,to_in_001,5
2024,다아949114,to_in_007,5
2024,다아949114,to_in_008,5
2024,다아949116,to_in_001,5
2024,다아949116,to_in_007,5
2024,다아949116,to_in_008,0
2024,다아949184,to_in_001,5
2024,다아949184,to_in_007,0
2024,다아949184,to_in_008,5
2024,다아949187,to_in_001,5
2024,다아949187,to_in_007,0
2024,다아949187,to_in_008,5
2024,다아949262,to_in_001,8
2024,다아949262,to_in_007,8
2024,다아949262,to_in_008,5
2024,다아949263,to_in_001,13
2024,다아949263,to_in_007,8
2024,다아949263,to_in_008,8
2024,다아949264,to_in_001,46
2024,다아949264,to_in_007,24
2024,다아949264,to_in_008,20
2024,다아949265,to_in_001,8
2024,다아949265,to_in_007,5
2024,다아949265,to_in_008,5
2024,다아949266,to_in_001,13
2024,다아949266,to_in_007,8
2024,다아949266,to_in_008,8
2024,다아956310,to_in_001,43
2024,다아956310,to_in_007,23
2024,다아956310,to_in_008,18
2024,다아956311,to_in_001,28
2024,다아956311,to_in_007,13
2024,다아956311,to_in_008,13
2024,다아956312,to_in_001,43
2024,다아956312,to_in_007,23
2024,다아956312,to_in_008,18
2024,다아956313,to_in_001,5
2024,다아956313,to_in_007,5
2024,다아956313,to_in_008,0
2024,다아957099,to_in_001,5
2024,다아957099,to_in_007,5
2024,다아957099,to_in_008,0
2024,다아957279,to_in_001,5
2024,다아957279,to_in_007,5
2024,다아957279,to_in_008,5
2024,다아957280,to_in_001,13
2024,다아957280,to_in_007,5
2024,다아957280,to_in_008,8
2024,다아957281,to_in_001,13
2024,다아957281,to_in_007,5
2024,다아957281,to_in_008,8
2024,다아957282,to_in_001,5
2024,다아957282,to_in_007,5
2024,다아957282,to_in_008,5
2024,다아957283,to_in_001,5
2024,다아957283,to_in_007,0
2024,다아957283,to_in_008,0
2024,다아957311,to_in_001,8
2024,다아957311,to_in_007,5
2024,다아957311,to_in_008,5
2024,다아957312,to_in_001,13
2024,다아957312,to_in_007,8
2024,다아957312,to_in_008,8
2024,다아957313,to_in_001,5
2024,다아957313,to_in_007,5
2024,다아957313,to_in_008,5
2024,다아958279,to_in_001,28
2024,다아958279,to_in_007,18
2024,다아958279,to_in_008,13
2024,다아958280,to_in_001,8
2024,다아958280,to_in_007,8
2024,다아958280,to_in_008,5
2024,다아958312,to_in_001,8
2024,다아958312,to_in_007,5
2024,다아958312,to_in_008,5
2024,다아958313,to_in_001,8
2024,다아958313,to_in_007,5
2024,다아958313,to_in_008,8
2024,다아959278,to_in_001,0
2024,다아959278,to_in_007,0
2024,다아959278,to_in_008,0
2024,다아959279,to_in_001,13
2024,다아959279,to_in_007,5
2024,다아959279,to_in_008,8
2024,다아959280,to_in_001,5
2024,다아959280,to_in_007,5
2024,다아959280,to_in_008,5
2024,다아959289,to_in_001,8
2024,다아959289,to_in_007,5
2024,다아959289,to_in_008,5
2024,다아959296,to_in_001,5
2024,다아959296,to_in_007,0
2024,다아959296,to_in_008,5
2024,다아959317,to_in_001,8
2024,다아959317,to_in_007,5
2024,다아959317,to_in_008,5
2024,다아959318,to_in_001,8
2024,다아959318,to_in_007,5
2024,다아959318,to_in_008,5
2024,다아959319,to_in_001,33
2024,다아959319,to_in_007,18
2024,다아959319,to_in_008,13
2024,다아959320,to_in_001,8
2024,다아959320,to_in_007,5
2024,다아959320,to_in_008,5
2024,다아960098,to_in_001,0
2024,다아960098,to_in_007,0
2024,다아960098,to_in_008,0
2024,다아960182,to_in_001,5
2024,다아960182,to_in_007,5
2024,다아960182,to_in_008,0
2024,다아960186,to_in_001,5
2024,다아960186,to_in_007,0
2024,다아960186,to_in_008,0
2024,다아960187,to_in_001,5
2024,다아960187,to_in_007,5
2024,다아960187,to_in_008,5
2024,다아960277,to_in_001,5
2024,다아960277,to_in_007,0
2024,다아960277,to_in_008,0
2024,다아960279,to_in_001,5
2024,다아960279,to_in_007,0
2024,다아960279,to_in_008,0
2024,다아960280,to_in_001,8
2024,다아960280,to_in_007,5
2024,다아960280,to_in_008,5
2024,다아960319,to_in_001,13
2024,다아960319,to_in_007,5
2024,다아960319,to_in_008,8
2024,다아960320,to_in_001,13
2024,다아960320,to_in_007,8
2024,다아960320,to_in_008,8
2024,다아961158,to_in_001,0
2024,다아961158,to_in_007,0
2024,다아961158,to_in_008,0
2024,다아961182,to_in_001,5
2024,다아961182,to_in_007,5
2024,다아961182,to_in_008,5
2024,다아961277,to_in_001,5
2024,다아961277,to_in_007,0
2024,다아961277,to_in_008,5
2024,다아961278,to_in_001,8
2024,다아961278,to_in_007,5
2024,다아961278,to_in_008,5
2024,다아962153,to_in_001,5
2024,다아962153,to_in_007,5
2024,다아962153,to_in_008,0
2024,다아962158,to_in_001,0
2024,다아962158,to_in_007,0
2024,다아962158,to_in_008,0
2024,다아962182,to_in_001,5
2024,다아962182,to_in_007,0
2024,다아962182,to_in_008,0
2024,다아962190,to_in_001,5
2024,다아962190,to_in_007,5
2024,다아962190,to_in_008,0
2024,다아962277,to_in_001,13
2024,다아962277,to_in_007,5
2024,다아962277,to_in_008,8
2024,다아962278,to_in_001,5
2024,다아962278,to_in_007,0
2024,다아962278,to_in_008,5
2024,다아962280,to_in_001,5
2024,다아962280,to_in_007,0
2024,다아962280,to_in_008,0
2024,다아963097,to_in_001,5
2024,다아963097,to_in_007,0
2024,다아963097,to_in_008,5
2024,다아970195,to_in_001,0
2024,다아970195,to_in_007,0
2024,다아970195,to_in_008,0
2024,다아970196,to_in_001,8
2024,다아970196,to_in_007,8
2024,다아970196,to_in_008,5
2024,다아970197,to_in_001,8
2024,다아970197,to_in_007,5
2024,다아970197,to_in_008,5
2024,다아970202,to_in_001,5
2024,다아970202,to_in_007,0
2024,다아970202,to_in_008,0
2024,다아970265,to_in_001,8
2024,다아970265,to_in_007,5
2024,다아970265,to_in_008,5
2024,다아970266,to_in_001,40
2024,다아970266,to_in_007,25
2024,다아970266,to_in_008,18
2024,다아970280,to_in_001,5
2024,다아970280,to_in_007,0
2024,다아970280,to_in_008,5
2024,다아971163,to_in_001,0
2024,다아971163,to_in_007,0
2024,다아971163,to_in_008,0
2024,다아971171,to_in_001,0
2024,다아971171,to_in_007,0
2024,다아971171,to_in_008,0
2024,다아971172,to_in_001,0
2024,다아971172,to_in_007,0
2024,다아971172,to_in_008,0
2024,다아971195,to_in_001,0
2024,다아971195,to_in_007,0
2024,다아971195,to_in_008,0
2024,다아971221,to_in_001,8
2024,다아971221,to_in_007,5
2024,다아971221,to_in_008,5
2024,다아971265,to_in_001,23
2024,다아971265,to_in_007,13
2024,다아971265,to_in_008,13
2024,다아971266,to_in_001,18
2024,다아971266,to_in_007,8
2024,다아971266,to_in_008,8
2024,다아971267,to_in_001,8
2024,다아971267,to_in_007,8
2024,다아971267,to_in_008,5
2024,다아971282,to_in_001,5
2024,다아971282,to_in_007,5
2024,다아971282,to_in_008,0
2024,다아972116,to_in_001,5
2024,다아972116,to_in_007,5
2024,다아972116,to_in_008,0
2024,다아972129,to_in_001,5
2024,다아972129,to_in_007,5
2024,다아972129,to_in_008,0
2024,다아972161,to_in_001,5
2024,다아972161,to_in_007,5
2024,다아972161,to_in_008,0
2024,다아972162,to_in_001,0
2024,다아972162,to_in_007,0
2024,다아972162,to_in_008,0
2024,다아972200,to_in_001,5
2024,다아972200,to_in_007,0
2024,다아972200,to_in_008,0
2024,다아972220,to_in_001,5
2024,다아972220,to_in_007,0
2024,다아972220,to_in_008,5
2024,다아972221,to_in_001,13
2024,다아972221,to_in_007,8
2024,다아972221,to_in_008,8
2024,다아972222,to_in_001,8
2024,다아972222,to_in_007,5
2024,다아972222,to_in_008,5
2024,다아972265,to_in_001,18
2024,다아972265,to_in_007,8
2024,다아972265,to_in_008,13
2024,다아972266,to_in_001,5
2024,다아972266,to_in_007,0
2024,다아972266,to_in_008,5
2024,다아972267,to_in_001,28
2024,다아972267,to_in_007,13
2024,다아972267,to_in_008,13
2024,다아972268,to_in_001,5
2024,다아972268,to_in_007,0
2024,다아972268,to_in_008,5
2024,다아973085,to_in_001,0
2024,다아973085,to_in_007,0
2024,다아973085,to_in_008,0
2024,다아973128,to_in_001,8
2024,다아973128,to_in_007,5
2024,다아973128,to_in_008,5
2024,다아973129,to_in_001,0
2024,다아973129,to_in_007,0
2024,다아973129,to_in_008,0
2024,다아973130,to_in_001,5
2024,다아973130,to_in_007,0
2024,다아973130,to_in_008,0
2024,다아973192,to_in_001,5
2024,다아973192,to_in_007,0
2024,다아973192,to_in_008,0
2024,다아973206,to_in_001,0
2024,다아973206,to_in_007,0
2024,다아973206,to_in_008,0
2024,다아973219,to_in_001,5
2024,다아973219,to_in_007,5
2024,다아973219,to_in_008,0
2024,다아973220,to_in_001,5
2024,다아973220,to_in_007,5
2024,다아973220,to_in_008,5
2024,다아973241,to_in_001,5
2024,다아973241,to_in_007,5
2024,다아973241,to_in_008,5
2024,다아973262,to_in_001,5
2024,다아973262,to_in_007,5
2024,다아973262,to_in_008,5
2024,다아973263,to_in_001,40
2024,다아973263,to_in_007,25
2024,다아973263,to_in_008,13
2024,다아973264,to_in_001,33
2024,다아973264,to_in_007,18
2024,다아973264,to_in_008,13
2024,다아973265,to_in_001,23
2024,다아973265,to_in_007,13
2024,다아973265,to_in_008,8
2024,다아973266,to_in_001,28
2024,다아973266,to_in_007,18
2024,다아973266,to_in_008,13
2024,다아973267,to_in_001,5
2024,다아973267,to_in_007,0
2024,다아973267,to_in_008,5
2024,다아973286,to_in_001,5
2024,다아973286,to_in_007,5
2024,다아973286,to_in_008,0
2024,다아973305,to_in_001,8
2024,다아973305,to_in_007,8
2024,다아973305,to_in_008,0
2024,다아974103,to_in_001,8
2024,다아974103,to_in_007,5
2024,다아974103,to_in_008,8
2024,다아974104,to_in_001,0
2024,다아974104,to_in_007,0
2024,다아974104,to_in_008,0
2024,다아974128,to_in_001,5
2024,다아974128,to_in_007,0
2024,다아974128,to_in_008,0
2024,다아974159,to_in_001,5
2024,다아974159,to_in_007,0
2024,다아974159,to_in_008,0
2024,다아974189,to_in_001,5
2024,다아974189,to_in_007,0
2024,다아974189,to_in_008,0
2024,다아974192,to_in_001,0
2024,다아974192,to_in_007,0
2024,다아974192,to_in_008,0
2024,다아974208,to_in_001,0
2024,다아974208,to_in_007,0
2024,다아974208,to_in_008,0
2024,다아974218,to_in_001,0
2024,다아974218,to_in_007,0
2024,다아974218,to_in_008,0
2024,다아974224,to_in_001,0
2024,다아974224,to_in_007,0
2024,다아974224,to_in_008,0
2024,다아974225,to_in_001,8
2024,다아974225,to_in_007,5
2024,다아974225,to_in_008,5
2024,다아974229,to_in_001,5
2024,다아974229,to_in_007,5
2024,다아974229,to_in_008,0
2024,다아974233,to_in_001,5
2024,다아974233,to_in_007,0
2024,다아974233,to_in_008,0
2024,다아974239,to_in_001,5
2024,다아974239,to_in_007,5
2024,다아974239,to_in_008,0
2024,다아974240,to_in_001,5
2024,다아974240,to_in_007,0
2024,다아974240,to_in_008,0
2024,다아974248,to_in_001,5
2024,다아974248,to_in_007,0
2024,다아974248,to_in_008,5
2024,다아974251,to_in_001,5
2024,다아974251,to_in_007,0
2024,다아974251,to_in_008,0
2024,다아974262,to_in_001,8
2024,다아974262,to_in_007,5
2024,다아974262,to_in_008,5
2024,다아974263,to_in_001,5
2024,다아974263,to_in_007,5
2024,다아974263,to_in_008,5
2024,다아974264,to_in_001,5
2024,다아935271,to_in_001,5
2024,다아935271,to_in_007,5
2024,다아935271,to_in_008,0
2024,다아935281,to_in_001,8
2024,다아935281,to_in_007,5
2024,다아935281,to_in_008,5
2024,다아935283,to_in_001,5
2024,다아935283,to_in_007,5
2024,다아935283,to_in_008,0
2024,다아936149,to_in_001,0
2024,다아936149,to_in_007,0
2024,다아936149,to_in_008,0
2024,다아936253,to_in_001,5
2024,다아936253,to_in_007,0
2024,다아936253,to_in_008,5
2024,다아936255,to_in_001,0
2024,다아936255,to_in_007,0
2024,다아936255,to_in_008,0
2024,다아936256,to_in_001,5
2024,다아936256,to_in_007,5
2024,다아936256,to_in_008,0
2024,다아936284,to_in_001,0
2024,다아936284,to_in_007,0
2024,다아936284,to_in_008,0
2024,다아936289,to_in_001,0
2024,다아936289,to_in_007,0
2024,다아936289,to_in_008,0
2024,다아937222,to_in_001,8
2024,다아937222,to_in_007,8
2024,다아937222,to_in_008,0
2024,다아937251,to_in_001,0
2024,다아937251,to_in_007,0
2024,다아937251,to_in_008,0
2024,다아937254,to_in_001,8
2024,다아937254,to_in_007,5
2024,다아937254,to_in_008,5
2024,다아937255,to_in_001,13
2024,다아937255,to_in_007,8
2024,다아937255,to_in_008,5
2024,다아937258,to_in_001,5
2024,다아937258,to_in_007,0
2024,다아937258,to_in_008,5
2024,다아940256,to_in_001,8
2024,다아940256,to_in_007,8
2024,다아940256,to_in_008,5
2024,다아940257,to_in_001,13
2024,다아940257,to_in_007,8
2024,다아940257,to_in_008,8
2024,다아940258,to_in_001,8
2024,다아940258,to_in_007,0
2024,다아940258,to_in_008,8
2024,다아940260,to_in_001,8
2024,다아940260,to_in_007,5
2024,다아940260,to_in_008,5
2024,다아940267,to_in_001,0
2024,다아940267,to_in_007,0
2024,다아940267,to_in_008,0
2024,다아940269,to_in_001,13
2024,다아940269,to_in_007,8
2024,다아940269,to_in_008,8
2024,다아940270,to_in_001,0
2024,다아940270,to_in_007,0
2024,다아940270,to_in_008,0
2024,다아940271,to_in_001,18
2024,다아940271,to_in_007,8
2024,다아940271,to_in_008,8
2024,다아940272,to_in_001,18
2024,다아940272,to_in_007,8
2024,다아940272,to_in_008,8
2024,다아941244,to_in_001,5
2024,다아941244,to_in_007,0
2024,다아941244,to_in_008,0
2024,다아941253,to_in_001,8
2024,다아941253,to_in_007,5
2024,다아941253,to_in_008,5
2024,다아941255,to_in_001,23
2024,다아941255,to_in_007,13
2024,다아941255,to_in_008,13
2024,다아941256,to_in_001,18
2024,다아941256,to_in_007,13
2024,다아941256,to_in_008,8
2024,다아941257,to_in_001,33
2024,다아941257,to_in_007,18
2024,다아941257,to_in_008,18
2024,다아941258,to_in_001,8
2024,다아941258,to_in_007,5
2024,다아941258,to_in_008,5
2024,다아941259,to_in_001,23
2024,다아941259,to_in_007,13
2024,다아941259,to_in_008,13
2024,다아941260,to_in_001,18
2024,다아941260,to_in_007,8
2024,다아941260,to_in_008,8
2024,다아941263,to_in_001,8
2024,다아941263,to_in_007,5
2024,다아941263,to_in_008,8
2024,다아941270,to_in_001,0
2024,다아941270,to_in_007,0
2024,다아941270,to_in_008,0
2024,다아941271,to_in_001,8
2024,다아941271,to_in_007,5
2024,다아941271,to_in_008,8
2024,다아941277,to_in_001,8
2024,다아941277,to_in_007,5
2024,다아941277,to_in_008,5
2024,다아942185,to_in_001,5
2024,다아942185,to_in_007,0
2024,다아942185,to_in_008,5
2024,다아942251,to_in_001,5
2024,다아942251,to_in_007,0
2024,다아942251,to_in_008,0
2024,다아942252,to_in_001,5
2024,다아942252,to_in_007,0
2024,다아942252,to_in_008,5
2024,다아942253,to_in_001,8
2024,다아942253,to_in_007,5
2024,다아942253,to_in_008,5
2024,다아942254,to_in_001,8
2024,다아942254,to_in_007,8
2024,다아942254,to_in_008,5
2024,다아942255,to_in_001,8
2024,다아942255,to_in_007,5
2024,다아942255,to_in_008,5
2024,다아943272,to_in_001,5
2024,다아943272,to_in_007,0
2024,다아943272,to_in_008,5
2024,다아944001,to_in_001,5
2024,다아944001,to_in_007,5
2024,다아944001,to_in_008,5
2024,다아944003,to_in_001,0
2024,다아944003,to_in_007,0
2024,다아944003,to_in_008,0
2024,다아944185,to_in_001,0
2024,다아944185,to_in_007,0
2024,다아944185,to_in_008,0
2024,다아944259,to_in_001,13
2024,다아944259,to_in_007,5
2024,다아944259,to_in_008,8
2024,다아944260,to_in_001,24
2024,다아944260,to_in_007,19
2024,다아944260,to_in_008,8
2024,다아944261,to_in_001,73
2024,다아944261,to_in_007,33
2024,다아944261,to_in_008,38
2024,다아944262,to_in_001,33
2024,다아944262,to_in_007,18
2024,다아944262,to_in_008,13
2024,다아944263,to_in_001,23
2024,다아944263,to_in_007,8
2024,다아944263,to_in_008,13
2024,다아944264,to_in_001,38
2024,다아944264,to_in_007,23
2024,다아944264,to_in_008,18
2024,다아944265,to_in_001,8
2024,다아944265,to_in_007,5
2024,다아944265,to_in_008,8
2024,다아944267,to_in_001,13
2024,다아944267,to_in_007,8
2024,다아944267,to_in_008,8
2024,다아944268,to_in_001,34
2024,다아944268,to_in_007,19
2024,다아944268,to_in_008,18
2024,다아944269,to_in_001,48
2024,다아944269,to_in_007,28
2024,다아944269,to_in_008,23
2024,다아944270,to_in_001,18
2024,다아944270,to_in_007,8
2024,다아944270,to_in_008,8
2024,다아944272,to_in_001,8
2024,다아944272,to_in_007,8
2024,다아944272,to_in_008,5
2024,다아945001,to_in_001,0
2024,다아945001,to_in_007,0
2024,다아945001,to_in_008,0
2024,다아945002,to_in_001,0
2024,다아945002,to_in_007,0
2024,다아945002,to_in_008,0
2024,다아945214,to_in_001,5
2024,다아945214,to_in_007,5
2024,다아945214,to_in_008,5
2024,다아945221,to_in_001,5
2024,다아945221,to_in_007,0
2024,다아945221,to_in_008,5
2024,다아945257,to_in_001,5
2024,다아945257,to_in_007,5
2024,다아945257,to_in_008,0
2024,다아945258,to_in_001,8
2024,다아945258,to_in_007,5
2024,다아945258,to_in_008,5
2024,다아945259,to_in_001,8
2024,다아945259,to_in_007,8
2024,다아945259,to_in_008,5
2024,다아945260,to_in_001,13
2024,다아945260,to_in_007,8
2024,다아945260,to_in_008,8
2024,다아945261,to_in_001,18
2024,다아945261,to_in_007,8
2024,다아945261,to_in_008,8
2024,다아945262,to_in_001,8
2024,다아945262,to_in_007,8
2024,다아945262,to_in_008,5
2024,다아945263,to_in_001,23
2024,다아945263,to_in_007,8
2024,다아945263,to_in_008,13
2024,다아945264,to_in_001,49
2024,다아945264,to_in_007,29
2024,다아945264,to_in_008,18
2024,다아945265,to_in_001,23
2024,다아945265,to_in_007,13
2024,다아945265,to_in_008,13
2024,다아945266,to_in_001,33
2024,다아945266,to_in_007,18
2024,다아945266,to_in_008,13
2024,다아945267,to_in_001,53
2024,다아945267,to_in_007,28
2024,다아945267,to_in_008,28
2024,다아945268,to_in_001,23
2024,다아945268,to_in_007,13
2024,다아945268,to_in_008,13
2024,다아945269,to_in_001,48
2024,다아945269,to_in_007,23
2024,다아945269,to_in_008,23
2024,다아945270,to_in_001,53
2024,다아945270,to_in_007,28
2024,다아945270,to_in_008,23
2024,다아945271,to_in_001,8
2024,다아945271,to_in_007,5
2024,다아945271,to_in_008,5
2024,다아945272,to_in_001,8
2024,다아945272,to_in_007,5
2024,다아945272,to_in_008,5
2024,다아946258,to_in_001,5
2024,다아946258,to_in_007,0
2024,다아946258,to_in_008,0
2024,다아946259,to_in_001,5
2024,다아946259,to_in_007,0
2024,다아946259,to_in_008,0
2024,다아946261,to_in_001,5
2024,다아946261,to_in_007,0
2024,다아946261,to_in_008,5
2024,다아946262,to_in_001,5
2024,다아946262,to_in_007,0
2024,다아946262,to_in_008,0
2024,다아946263,to_in_001,8
2024,다아946263,to_in_007,5
2024,다아946263,to_in_008,5
2024,다아946264,to_in_001,28
2024,다아946264,to_in_007,13
2024,다아946264,to_in_008,13
2024,다아946265,to_in_001,76
2024,다아946265,to_in_007,39
2024,다아946265,to_in_008,35
2024,다아946266,to_in_001,53
2024,다아946266,to_in_007,23
2024,다아946266,to_in_008,28
2024,다아946267,to_in_001,78
2024,다아946267,to_in_007,43
2024,다아946267,to_in_008,38
2024,다아946268,to_in_001,8
2024,다아946268,to_in_007,5
2024,다아946268,to_in_008,5
2024,다아946269,to_in_001,33
2024,다아946269,to_in_007,18
2024,다아946269,to_in_008,18
2024,다아946270,to_in_001,23
2024,다아946270,to_in_007,8
2024,다아946270,to_in_008,13
2024,다아946271,to_in_001,18
2024,다아946271,to_in_007,13
2024,다아946271,to_in_008,8
2024,다아949267,to_in_001,63
2024,다아949267,to_in_007,33
2024,다아949267,to_in_008,28
2024,다아949268,to_in_001,18
2024,다아949268,to_in_007,13
2024,다아949268,to_in_008,8
2024,다아949269,to_in_001,65
2024,다아949269,to_in_007,33
2024,다아949269,to_in_008,30
2024,다아949270,to_in_001,63
2024,다아949270,to_in_007,33
2024,다아949270,to_in_008,28
2024,다아949271,to_in_001,8
2024,다아949271,to_in_007,0
2024,다아949271,to_in_008,8
2024,다아949272,to_in_001,8
2024,다아949272,to_in_007,0
2024,다아949272,to_in_008,8
2024,다아949282,to_in_001,0
2024,다아949282,to_in_007,0
2024,다아949282,to_in_008,0
2024,다아950110,to_in_001,5
2024,다아950110,to_in_007,5
2024,다아950110,to_in_008,0
2024,다아950113,to_in_001,8
2024,다아950113,to_in_007,0
2024,다아950113,to_in_008,8
2024,다아950114,to_in_001,0
2024,다아950114,to_in_007,0
2024,다아950114,to_in_008,0
2024,다아950115,to_in_001,5
2024,다아950115,to_in_007,0
2024,다아950115,to_in_008,5
2024,다아950116,to_in_001,5
2024,다아950116,to_in_007,5
2024,다아950116,to_in_008,0
2024,다아950117,to_in_001,28
2024,다아950117,to_in_007,18
2024,다아950117,to_in_008,13
2024,다아950118,to_in_001,0
2024,다아950118,to_in_007,0
2024,다아950118,to_in_008,0
2024,다아950119,to_in_001,8
2024,다아950119,to_in_007,5
2024,다아950119,to_in_008,5
2024,다아950123,to_in_001,5
2024,다아950123,to_in_007,0
2024,다아950123,to_in_008,5
2024,다아950261,to_in_001,8
2024,다아950261,to_in_007,5
2024,다아950261,to_in_008,5
2024,다아950264,to_in_001,8
2024,다아950264,to_in_007,5
2024,다아950264,to_in_008,5
2024,다아950269,to_in_001,13
2024,다아950269,to_in_007,8
2024,다아950269,to_in_008,5
2024,다아950270,to_in_001,18
2024,다아950270,to_in_007,8
2024,다아950270,to_in_008,8
2024,다아950271,to_in_001,5
2024,다아950271,to_in_007,5
2024,다아950271,to_in_008,0
2024,다아950281,to_in_001,5
2024,다아950281,to_in_007,5
2024,다아950281,to_in_008,0
2024,다아950283,to_in_001,5
2024,다아950283,to_in_007,5
2024,다아950283,to_in_008,5
2024,다아951110,to_in_001,5
2024,다아951110,to_in_007,0
2024,다아951110,to_in_008,0
2024,다아951111,to_in_001,5
2024,다아951111,to_in_007,0
2024,다아951111,to_in_008,0
2024,다아951112,to_in_001,5
2024,다아951112,to_in_007,0
2024,다아951112,to_in_008,5
2024,다아951270,to_in_001,305
2024,다아951270,to_in_007,153
2024,다아951270,to_in_008,150
2024,다아951271,to_in_001,137
2024,다아951271,to_in_007,70
2024,다아951271,to_in_008,70
2024,다아952109,to_in_001,5
2024,다아952109,to_in_007,0
2024,다아952109,to_in_008,0
2024,다아953107,to_in_001,5
2024,다아953107,to_in_007,5
2024,다아953107,to_in_008,0
2024,다아954206,to_in_001,5
2024,다아954206,to_in_007,0
2024,다아954206,to_in_008,0
2024,다아954282,to_in_001,5
2024,다아954282,to_in_007,0
2024,다아954282,to_in_008,0
2024,다아955101,to_in_001,5
2024,다아955101,to_in_007,0
2024,다아955101,to_in_008,0
2024,다아955111,to_in_001,0
2024,다아955111,to_in_007,0
2024,다아955111,to_in_008,0
2024,다아955276,to_in_001,0
2024,다아955276,to_in_007,0
2024,다아955276,to_in_008,0
2024,다아955284,to_in_001,8
2024,다아955284,to_in_007,0
2024,다아955284,to_in_008,8
2024,다아955285,to_in_001,0
2024,다아955285,to_in_007,0
2024,다아955285,to_in_008,0
2024,다아955286,to_in_001,5
2024,다아955286,to_in_007,5
2024,다아955286,to_in_008,0
2024,다아955311,to_in_001,5
2024,다아955311,to_in_007,0
2024,다아955311,to_in_008,5
2024,다아956275,to_in_001,13
2024,다아956275,to_in_007,8
2024,다아956275,to_in_008,5
2024,다아956276,to_in_001,5
2024,다아956276,to_in_007,5
2024,다아956276,to_in_008,5
2024,다아956277,to_in_001,0
2024,다아956277,to_in_007,0
2024,다아956277,to_in_008,0
2024,다아956281,to_in_001,5
2024,다아956281,to_in_007,0
2024,다아956281,to_in_008,0
2024,다아956282,to_in_001,8
2024,다아956282,to_in_007,5
2024,다아956282,to_in_008,5
2024,다아956283,to_in_001,5
2024,다아956283,to_in_007,5
2024,다아956283,to_in_008,0
2024,다아963180,to_in_001,0
2024,다아963180,to_in_007,0
2024,다아963180,to_in_008,0
2024,다아963183,to_in_001,5
2024,다아963183,to_in_007,0
2024,다아963183,to_in_008,5
2024,다아963189,to_in_001,0
2024,다아963189,to_in_007,0
2024,다아963189,to_in_008,0
2024,다아963190,to_in_001,8
2024,다아963190,to_in_007,5
2024,다아963190,to_in_008,5
2024,다아963276,to_in_001,5
2024,다아963276,to_in_007,5
2024,다아963276,to_in_008,5
2024,다아963277,to_in_001,0
2024,다아963277,to_in_007,0
2024,다아963277,to_in_008,0
2024,다아963278,to_in_001,5
2024,다아963278,to_in_007,0
2024,다아963278,to_in_008,5
2024,다아963280,to_in_001,0
2024,다아963280,to_in_007,0
2024,다아963280,to_in_008,0
2024,다아964159,to_in_001,5
2024,다아964159,to_in_007,5
2024,다아964159,to_in_008,0
2024,다아964183,to_in_001,8
2024,다아964183,to_in_007,5
2024,다아964183,to_in_008,5
2024,다아964184,to_in_001,23
2024,다아964184,to_in_007,13
2024,다아964184,to_in_008,13
2024,다아964185,to_in_001,13
2024,다아964185,to_in_007,8
2024,다아964185,to_in_008,5
2024,다아964188,to_in_001,5
2024,다아964188,to_in_007,0
2024,다아964188,to_in_008,0
2024,다아965162,to_in_001,0
2024,다아965162,to_in_007,0
2024,다아965162,to_in_008,0
2024,다아965163,to_in_001,5
2024,다아965163,to_in_007,0
2024,다아965163,to_in_008,5
2024,다아965184,to_in_001,8
2024,다아965184,to_in_007,5
2024,다아965184,to_in_008,8
2024,다아965185,to_in_001,8
2024,다아965185,to_in_007,5
2024,다아965185,to_in_008,5
2024,다아965186,to_in_001,8
2024,다아965186,to_in_007,5
2024,다아965186,to_in_008,5
2024,다아965188,to_in_001,5
2024,다아965188,to_in_007,5
2024,다아965188,to_in_008,0
2024,다아965193,to_in_001,5
2024,다아965193,to_in_007,5
2024,다아965193,to_in_008,0
2024,다아965281,to_in_001,8
2024,다아965281,to_in_007,8
2024,다아965281,to_in_008,5
2024,다아966095,to_in_001,0
2024,다아966095,to_in_007,0
2024,다아966095,to_in_008,0
2024,다아966163,to_in_001,5
2024,다아966163,to_in_007,0
2024,다아966163,to_in_008,0
2024,다아966164,to_in_001,5
2024,다아966164,to_in_007,0
2024,다아966164,to_in_008,0
2024,다아966183,to_in_001,8
2024,다아966183,to_in_007,5
2024,다아966183,to_in_008,8
2024,다아966184,to_in_001,5
2024,다아966184,to_in_007,0
2024,다아966184,to_in_008,5
2024,다아966185,to_in_001,0
2024,다아966185,to_in_007,0
2024,다아966185,to_in_008,0
2024,다아966191,to_in_001,8
2024,다아966191,to_in_007,5
2024,다아966191,to_in_008,5
2024,다아966193,to_in_001,5
2024,다아966193,to_in_007,5
2024,다아966193,to_in_008,5
2024,다아966218,to_in_001,5
2024,다아966218,to_in_007,0
2024,다아966218,to_in_008,0
2024,다아966219,to_in_001,5
2024,다아966219,to_in_007,5
2024,다아966219,to_in_008,0
2024,다아966272,to_in_001,5
2024,다아966272,to_in_007,0
2024,다아966272,to_in_008,5
2024,다아966292,to_in_001,8
2024,다아966292,to_in_007,5
2024,다아966292,to_in_008,5
2024,다아967094,to_in_001,0
2024,다아967094,to_in_007,0
2024,다아967094,to_in_008,0
2024,다아967165,to_in_001,0
2024,다아967165,to_in_007,0
2024,다아967165,to_in_008,0
2024,다아967168,to_in_001,5
2024,다아967168,to_in_007,0
2024,다아967168,to_in_008,5
2024,다아967185,to_in_001,5
2024,다아967185,to_in_007,0
2024,다아967185,to_in_008,5
2024,다아967194,to_in_001,5
2024,다아967194,to_in_007,5
2024,다아967194,to_in_008,0
2024,다아967198,to_in_001,8
2024,다아967198,to_in_007,5
2024,다아967198,to_in_008,5
2024,다아967199,to_in_001,5
2024,다아967199,to_in_007,0
2024,다아967199,to_in_008,0
2024,다아967200,to_in_001,5
2024,다아967200,to_in_007,5
2024,다아967200,to_in_008,0
2024,다아967218,to_in_001,5
2024,다아967218,to_in_007,5
2024,다아967218,to_in_008,0
2024,다아967219,to_in_001,8
2024,다아967219,to_in_007,5
2024,다아967219,to_in_008,5
2024,다아967220,to_in_001,5
2024,다아967220,to_in_007,0
2024,다아967220,to_in_008,5
2024,다아968165,to_in_001,5
2024,다아968165,to_in_007,5
2024,다아968165,to_in_008,0
2024,다아968167,to_in_001,5
2024,다아968167,to_in_007,0
2024,다아968167,to_in_008,5
2024,다아968168,to_in_001,0
2024,다아968168,to_in_007,0
2024,다아968168,to_in_008,0
2024,다아968169,to_in_001,8
2024,다아968169,to_in_007,5
2024,다아968169,to_in_008,5
2024,다아975276,to_in_001,5
2024,다아975276,to_in_007,0
2024,다아975276,to_in_008,0
2024,다아975277,to_in_001,18
2024,다아975277,to_in_007,8
2024,다아975277,to_in_008,8
2024,다아975278,to_in_001,18
2024,다아975278,to_in_007,8
2024,다아975278,to_in_008,8
2024,다아975279,to_in_001,23
2024,다아975279,to_in_007,13
2024,다아975279,to_in_008,13
2024,다아975280,to_in_001,5
2024,다아975280,to_in_007,0
2024,다아975280,to_in_008,5
2024,다아975286,to_in_001,5
2024,다아975286,to_in_007,5
2024,다아975286,to_in_008,5
2024,다아976085,to_in_001,5
2024,다아976085,to_in_007,5
2024,다아976085,to_in_008,0
2024,다아976100,to_in_001,5
2024,다아976100,to_in_007,5
2024,다아976100,to_in_008,0
2024,다아976101,to_in_001,0
2024,다아976101,to_in_007,0
2024,다아976101,to_in_008,0
2024,다아976109,to_in_001,5
2024,다아976109,to_in_007,0
2024,다아976109,to_in_008,0
2024,다아976111,to_in_001,5
2024,다아976111,to_in_007,0
2024,다아976111,to_in_008,0
2024,다아976113,to_in_001,0
2024,다아976113,to_in_007,0
2024,다아976113,to_in_008,0
2024,다아976201,to_in_001,8
2024,다아976201,to_in_007,8
2024,다아976201,to_in_008,0
2024,다아976214,to_in_001,5
2024,다아976214,to_in_007,5
2024,다아976214,to_in_008,0
2024,다아976227,to_in_001,5
2024,다아976227,to_in_007,0
2024,다아976227,to_in_008,5
2024,다아976228,to_in_001,8
2024,다아976228,to_in_007,5
2024,다아976228,to_in_008,5
2024,다아976229,to_in_001,8
2024,다아976229,to_in_007,8
2024,다아976229,to_in_008,5
2024,다아976233,to_in_001,5
2024,다아976233,to_in_007,0
2024,다아976233,to_in_008,5
2024,다아976240,to_in_001,13
2024,다아976240,to_in_007,5
2024,다아976240,to_in_008,8
2024,다아976241,to_in_001,5
2024,다아976241,to_in_007,5
2024,다아976241,to_in_008,5
2024,다아976243,to_in_001,0
2024,다아976243,to_in_007,0
2024,다아976243,to_in_008,0
2024,다아976248,to_in_001,8
2024,다아976248,to_in_007,5
2024,다아976248,to_in_008,5
2024,다아976249,to_in_001,5
2024,다아976249,to_in_007,5
2024,다아976249,to_in_008,0
2024,다아976253,to_in_001,0
2024,다아976253,to_in_007,0
2024,다아976253,to_in_008,0
2024,다아976254,to_in_001,13
2024,다아976254,to_in_007,8
2024,다아976254,to_in_008,8
2024,다아976255,to_in_001,5
2024,다아976255,to_in_007,5
2024,다아976255,to_in_008,0
2024,다아976258,to_in_001,0
2024,다아976258,to_in_007,0
2024,다아976258,to_in_008,0
2024,다아976265,to_in_001,0
2024,다아976265,to_in_007,0
2024,다아976265,to_in_008,0
2024,다아976266,to_in_001,5
2024,다아976266,to_in_007,0
2024,다아976266,to_in_008,0
2024,다아976276,to_in_001,8
2024,다아976276,to_in_007,5
2024,다아976276,to_in_008,5
2024,다아976277,to_in_001,13
2024,다아976277,to_in_007,8
2024,다아976277,to_in_008,5
2024,다아976278,to_in_001,18
2024,다아976278,to_in_007,8
2024,다아976278,to_in_008,8
2024,다아976279,to_in_001,23
2024,다아976279,to_in_007,8
2024,다아976279,to_in_008,13
2024,다아976280,to_in_001,18
2024,다아976280,to_in_007,8
2024,다아976280,to_in_008,13
2024,다아976292,to_in_001,5
2024,다아976292,to_in_007,5
2024,다아976292,to_in_008,0
2024,다아977102,to_in_001,5
2024,다아977102,to_in_007,5
2024,다아977102,to_in_008,5
2024,다아977110,to_in_001,5
2024,다아977110,to_in_007,0
2024,다아977110,to_in_008,0
2024,다아977111,to_in_001,8
2024,다아977111,to_in_007,8
2024,다아977111,to_in_008,5
2024,다아977112,to_in_001,0
2024,다아977112,to_in_007,0
2024,다아977112,to_in_008,0
2024,다아977118,to_in_001,5
2024,다아977118,to_in_007,5
2024,다아977118,to_in_008,0
2024,다아977119,to_in_001,5
2024,다아977119,to_in_007,0
2024,다아977119,to_in_008,0
2024,다아977122,to_in_001,0
2024,다아977122,to_in_007,0
2024,다아977122,to_in_008,0
2024,다아977199,to_in_001,5
2024,다아977199,to_in_007,0
2024,다아977199,to_in_008,5
2024,다아979104,to_in_001,0
2024,다아979104,to_in_007,0
2024,다아979104,to_in_008,0
2024,다아979111,to_in_001,8
2024,다아979111,to_in_007,5
2024,다아979111,to_in_008,5
2024,다아979112,to_in_001,5
2024,다아979112,to_in_007,5
2024,다아979112,to_in_008,0
2024,다아979115,to_in_001,5
2024,다아979115,to_in_007,0
2024,다아979115,to_in_008,5
2024,다아979116,to_in_001,8
2024,다아979116,to_in_007,5
2024,다아979116,to_in_008,5
2024,다아979120,to_in_001,5
2024,다아979120,to_in_007,0
2024,다아979120,to_in_008,0
2024,다아979121,to_in_001,5
2024,다아979121,to_in_007,0
2024,다아979121,to_in_008,5
2024,다아979272,to_in_001,0
2024,다아979272,to_in_007,0
2024,다아979272,to_in_008,0
2024,다아979273,to_in_001,0
2024,다아979273,to_in_007,0
2024,다아979273,to_in_008,0
2024,다아979277,to_in_001,5
2024,다아979277,to_in_007,5
2024,다아979277,to_in_008,0
2024,다아979278,to_in_001,5
2024,다아979278,to_in_007,0
2024,다아979278,to_in_008,5
2024,다아979279,to_in_001,0
2024,다아979279,to_in_007,0
2024,다아979279,to_in_008,0
2024,다아979284,to_in_001,5
2024,다아979284,to_in_007,5
2024,다아979284,to_in_008,0
2024,다아979286,to_in_001,5
2024,다아979286,to_in_007,0
2024,다아979286,to_in_008,0
2024,다아980098,to_in_001,5
2024,다아980098,to_in_007,5
2024,다아980098,to_in_008,5
2024,다아980099,to_in_001,5
2024,다아980099,to_in_007,5
2024,다아980099,to_in_008,0
2024,다아980100,to_in_001,0
2024,다아980100,to_in_007,0
2024,다아980100,to_in_008,0
2024,다아980111,to_in_001,5
2024,다아980111,to_in_007,0
2024,다아980111,to_in_008,0
2024,다아980112,to_in_001,5
2024,다아980112,to_in_007,0
2024,다아980112,to_in_008,5
2024,다아980113,to_in_001,5
2024,다아980113,to_in_007,0
2024,다아980113,to_in_008,0
2024,다아980115,to_in_001,8
2024,다아980115,to_in_007,0
2024,다아980115,to_in_008,5
2024,다아980116,to_in_001,0
2024,다아980116,to_in_007,0
2024,다아980116,to_in_008,0
2024,다아980117,to_in_001,0
2024,다아980117,to_in_007,0
2024,다아980117,to_in_008,0
2024,다아980275,to_in_001,5
2024,다아980275,to_in_007,5
2024,다아980275,to_in_008,0
2024,다아980280,to_in_001,5
2024,다아980280,to_in_007,5
2024,다아980280,to_in_008,0
2024,다아980285,to_in_001,5
2024,다아980285,to_in_007,0
2024,다아980285,to_in_008,5
2024,다아981093,to_in_001,5
2024,다아981093,to_in_007,0
2024,다아981093,to_in_008,5
2024,다아981094,to_in_001,5
2024,다아981094,to_in_007,5
2024,다아981094,to_in_008,0
2024,다아981095,to_in_001,5
2024,다아981095,to_in_007,5
2024,다아981095,to_in_008,0
2024,다아981097,to_in_001,8
2024,다아981097,to_in_007,5
2024,다아981097,to_in_008,5
2024,다아981098,to_in_001,5
2024,다아981098,to_in_007,0
2024,다아981098,to_in_008,0
2024,다아981112,to_in_001,8
2024,다아981112,to_in_007,5
2024,다아981112,to_in_008,8
2024,다아981113,to_in_001,5
2024,다아981113,to_in_007,0
2024,다아981113,to_in_008,5
2024,다아981114,to_in_001,5
2024,다아981114,to_in_007,0
2024,다아981114,to_in_008,5
2024,다아981115,to_in_001,5
2024,다아981115,to_in_007,5
2024,다아981115,to_in_008,0
2024,다아981116,to_in_001,0
2024,다아981116,to_in_007,0
2024,다아981116,to_in_008,0
2024,다아981119,to_in_001,5
2024,다아981119,to_in_007,0
2024,다아981119,to_in_008,0
2024,다아981198,to_in_001,5
2024,다아981198,to_in_007,0
2024,다아981198,to_in_008,5
2024,다아981276,to_in_001,13
2024,다아981276,to_in_007,8
2024,다아981276,to_in_008,8
2024,다아981277,to_in_001,5
2024,다아981277,to_in_007,5
2024,다아981277,to_in_008,5
2024,다아981281,to_in_001,5
2024,다아981281,to_in_007,0
2024,다아981281,to_in_008,5
2024,다아987037,to_in_001,5
2024,다아987037,to_in_007,0
2024,다아987037,to_in_008,0
2024,다아987042,to_in_001,5
2024,다아987042,to_in_007,5
2024,다아987042,to_in_008,0
2024,다아987043,to_in_001,5
2024,다아987043,to_in_007,5
2024,다아987043,to_in_008,0
2024,다아987068,to_in_001,0
2024,다아987068,to_in_007,0
2024,다아987068,to_in_008,0
2024,다아987078,to_in_001,5
2024,다아987078,to_in_007,0
2024,다아987078,to_in_008,5
2024,다아987079,to_in_001,5
2024,다아987079,to_in_007,0
2024,다아987079,to_in_008,5
2024,다아987080,to_in_001,5
2024,다아987080,to_in_007,5
2024,다아987080,to_in_008,0
2024,다아987081,to_in_001,0
2024,다아987081,to_in_007,0
2024,다아987081,to_in_008,0
2024,다아987084,to_in_001,5
2024,다아987084,to_in_007,0
2024,다아987084,to_in_008,0
2024,다아987085,to_in_001,5
2024,다아987085,to_in_007,0
2024,다아987085,to_in_008,5
2024,다아987087,to_in_001,5
2024,다아987087,to_in_007,5
2024,다아987087,to_in_008,0
2024,다아987088,to_in_001,5
2024,다아987088,to_in_007,0
2024,다아987088,to_in_008,5
2024,다아987104,to_in_001,5
2024,다아987104,to_in_007,5
2024,다아987104,to_in_008,5
2024,다아988029,to_in_001,0
2024,다아988029,to_in_007,0
2024,다아988029,to_in_008,0
2024,다아988030,to_in_001,0
2024,다아988030,to_in_007,0
2024,다아988030,to_in_008,0
2024,다아988034,to_in_001,5
2024,다아988034,to_in_007,5
2024,다아988034,to_in_008,0
2024,다아988037,to_in_001,5
2024,다아988037,to_in_007,5
2024,다아988037,to_in_008,0
2024,다아988038,to_in_001,5
2024,다아988038,to_in_007,5
2024,다아988038,to_in_008,0
2024,다아988043,to_in_001,5
2024,다아988043,to_in_007,5
2024,다아988043,to_in_008,0
2024,다아988067,to_in_001,5
2024,다아988067,to_in_007,5
2024,다아988067,to_in_008,0
2024,다아988072,to_in_001,8
2024,다아988072,to_in_007,5
2024,다아988072,to_in_008,5
2024,다아988076,to_in_001,0
2024,다아988076,to_in_007,0
2024,다아988076,to_in_008,0
2024,다아988077,to_in_001,5
2024,다아988077,to_in_007,0
2024,다아988077,to_in_008,0
2024,다아988080,to_in_001,8
2024,다아988080,to_in_007,5
2024,다아988080,to_in_008,5
2024,다아988081,to_in_001,8
2024,다아988081,to_in_007,5
2024,다아988081,to_in_008,5
2024,다아988082,to_in_001,5
2024,다아988082,to_in_007,0
2024,다아988082,to_in_008,0
2024,다아978100,to_in_008,5
2024,다아978110,to_in_001,5
2024,다아978110,to_in_007,0
2024,다아978110,to_in_008,0
2024,다아978117,to_in_001,0
2024,다아978117,to_in_007,0
2024,다아978117,to_in_008,0
2024,다아978118,to_in_001,5
2024,다아978118,to_in_007,5
2024,다아978118,to_in_008,0
2024,다아978120,to_in_001,5
2024,다아978120,to_in_007,5
2024,다아978120,to_in_008,0
2024,다아978123,to_in_001,0
2024,다아978123,to_in_007,0
2024,다아978123,to_in_008,0
2024,다아978124,to_in_001,13
2024,다아978124,to_in_007,8
2024,다아978124,to_in_008,8
2024,다아978200,to_in_001,0
2024,다아978200,to_in_007,0
2024,다아978200,to_in_008,0
2024,다아978241,to_in_001,8
2024,다아978241,to_in_007,5
2024,다아978241,to_in_008,5
2024,다아978255,to_in_001,8
2024,다아978255,to_in_007,5
2024,다아978255,to_in_008,5
2024,다아978261,to_in_001,5
2024,다아978261,to_in_007,0
2024,다아978261,to_in_008,0
2024,다아978263,to_in_001,5
2024,다아978263,to_in_007,5
2024,다아978263,to_in_008,0
2024,다아978264,to_in_001,5
2024,다아978264,to_in_007,0
2024,다아978264,to_in_008,5
2024,다아978265,to_in_001,5
2024,다아978265,to_in_007,5
2024,다아978265,to_in_008,0
2024,다아978278,to_in_001,5
2024,다아978278,to_in_007,5
2024,다아978278,to_in_008,0
2024,다아978279,to_in_001,5
2024,다아978279,to_in_007,5
2024,다아978279,to_in_008,0
2024,다아978280,to_in_001,0
2024,다아978280,to_in_007,0
2024,다아978280,to_in_008,0
2024,다아978282,to_in_001,5
2024,다아978282,to_in_007,0
2024,다아978282,to_in_008,0
2024,다아978283,to_in_001,5
2024,다아978283,to_in_007,0
2024,다아978283,to_in_008,0
2024,다아979055,to_in_001,5
2024,다아979055,to_in_007,5
2024,다아979055,to_in_008,0
2024,다아979084,to_in_001,5
2024,다아979084,to_in_007,0
2024,다아979084,to_in_008,5
2024,다아979096,to_in_001,5
2024,다아979096,to_in_007,5
2024,다아979096,to_in_008,0
2024,다아979097,to_in_001,0
2024,다아979097,to_in_007,0
2024,다아979097,to_in_008,0
2024,다아979098,to_in_001,8
2024,다아979098,to_in_007,5
2024,다아979098,to_in_008,5
2024,다아979100,to_in_001,5
2024,다아979100,to_in_007,0
2024,다아979100,to_in_008,0
2024,다아982057,to_in_001,0
2024,다아982057,to_in_007,0
2024,다아982057,to_in_008,0
2024,다아982092,to_in_001,0
2024,다아982092,to_in_007,0
2024,다아982092,to_in_008,0
2024,다아982096,to_in_001,5
2024,다아982096,to_in_007,0
2024,다아982096,to_in_008,0
2024,다아982109,to_in_001,8
2024,다아982109,to_in_007,5
2024,다아982109,to_in_008,5
2024,다아982110,to_in_001,5
2024,다아982110,to_in_007,5
2024,다아982110,to_in_008,0
2024,다아982119,to_in_001,5
2024,다아982119,to_in_007,0
2024,다아982119,to_in_008,5
2024,다아983057,to_in_001,5
2024,다아983057,to_in_007,0
2024,다아983057,to_in_008,0
2024,다아983091,to_in_001,5
2024,다아983091,to_in_007,0
2024,다아983091,to_in_008,5
2024,다아983092,to_in_001,5
2024,다아983092,to_in_007,5
2024,다아983092,to_in_008,5
2024,다아983107,to_in_001,0
2024,다아983107,to_in_007,0
2024,다아983107,to_in_008,0
2024,다아983119,to_in_001,5
2024,다아983119,to_in_007,5
2024,다아983119,to_in_008,0
2024,다아983291,to_in_001,5
2024,다아983291,to_in_007,0
2024,다아983291,to_in_008,5
2024,다아984030,to_in_001,5
2024,다아984030,to_in_007,0
2024,다아984030,to_in_008,5
2024,다아984034,to_in_001,5
2024,다아984034,to_in_007,0
2024,다아984034,to_in_008,0
2024,다아984058,to_in_001,0
2024,다아984058,to_in_007,0
2024,다아984058,to_in_008,0
2024,다아984073,to_in_001,5
2024,다아984073,to_in_007,0
2024,다아984073,to_in_008,0
2024,다아984088,to_in_001,5
2024,다아984088,to_in_007,0
2024,다아984088,to_in_008,5
2024,다아984089,to_in_001,5
2024,다아984089,to_in_007,0
2024,다아984089,to_in_008,0
2024,다아984106,to_in_001,5
2024,다아984106,to_in_007,0
2024,다아984106,to_in_008,0
2024,다아984297,to_in_001,0
2024,다아984297,to_in_007,0
2024,다아984297,to_in_008,0
2024,다아985030,to_in_001,8
2024,다아985030,to_in_007,8
2024,다아985030,to_in_008,5
2024,다아985033,to_in_001,5
2024,다아985033,to_in_007,0
2024,다아985033,to_in_008,5
2024,다아985034,to_in_001,8
2024,다아985034,to_in_007,5
2024,다아985034,to_in_008,5
2024,다아985059,to_in_001,5
2024,다아985059,to_in_007,0
2024,다아985059,to_in_008,0
2024,다아985075,to_in_001,0
2024,다아985075,to_in_007,0
2024,다아985075,to_in_008,0
2024,다아985076,to_in_001,5
2024,다아985076,to_in_007,0
2024,다아985076,to_in_008,5
2024,다아985107,to_in_001,0
2024,다아985107,to_in_007,0
2024,다아985107,to_in_008,0
2024,다아985108,to_in_001,5
2024,다아985108,to_in_007,5
2024,다아985108,to_in_008,0
2024,다아985109,to_in_001,5
2024,다아985109,to_in_007,5
2024,다아985109,to_in_008,0
2024,다아986031,to_in_001,0
2024,다아986031,to_in_007,0
2024,다아986031,to_in_008,0
2024,다아986033,to_in_001,5
2024,다아986033,to_in_007,0
2024,다아986033,to_in_008,0
2024,다아986042,to_in_001,0
2024,다아986042,to_in_007,0
2024,다아986042,to_in_008,0
2024,다아986057,to_in_001,5
2024,다아986057,to_in_007,5
2024,다아986057,to_in_008,5
2024,다아986060,to_in_001,5
2024,다아986060,to_in_007,0
2024,다아986060,to_in_008,0
2024,다아986072,to_in_001,5
2024,다아986072,to_in_007,5
2024,다아986072,to_in_008,0
2024,다아986073,to_in_001,5
2024,다아986073,to_in_007,5
2024,다아986073,to_in_008,0
2024,다아986078,to_in_001,5
2024,다아986078,to_in_007,0
2024,다아986078,to_in_008,5
2024,다아987028,to_in_001,5
2024,다아987028,to_in_007,5
2024,다아987028,to_in_008,0
2024,다아987034,to_in_001,5
2024,다아987034,to_in_007,5
2024,다아987034,to_in_008,5
2024,다아989036,to_in_001,0
2024,다아989036,to_in_007,0
2024,다아989036,to_in_008,0
2024,다아989038,to_in_001,0
2024,다아989038,to_in_007,0
2024,다아989038,to_in_008,0
2024,다아989042,to_in_001,5
2024,다아989042,to_in_007,5
2024,다아989042,to_in_008,0
2024,다아989043,to_in_001,5
2024,다아989043,to_in_007,5
2024,다아989043,to_in_008,0
2024,다아989044,to_in_001,0
2024,다아989044,to_in_007,0
2024,다아989044,to_in_008,0
2024,다아989079,to_in_001,8
2024,다아989079,to_in_007,8
2024,다아989079,to_in_008,5
2024,다아989080,to_in_001,8
2024,다아989080,to_in_007,8
2024,다아989080,to_in_008,5
2024,다아989084,to_in_001,5
2024,다아989084,to_in_007,0
2024,다아989084,to_in_008,0
2024,다아989086,to_in_001,0
2024,다아989086,to_in_007,0
2024,다아989086,to_in_008,0
2024,다아989090,to_in_001,0
2024,다아989090,to_in_007,0
2024,다아989090,to_in_008,0
2024,다아989092,to_in_001,5
2024,다아989092,to_in_007,0
2024,다아989092,to_in_008,0
2024,다아989098,to_in_001,8
2024,다아989098,to_in_007,5
2024,다아989098,to_in_008,5
2024,다아989104,to_in_001,5
2024,다아989104,to_in_007,5
2024,다아989104,to_in_008,0
2024,다아989105,to_in_001,0
2024,다아989105,to_in_007,0
2024,다아989105,to_in_008,0
2024,다아989106,to_in_001,8
2024,다아989106,to_in_007,8
2024,다아989106,to_in_008,0
2024,다아990037,to_in_001,5
2024,다아990037,to_in_007,0
2024,다아990037,to_in_008,0
2024,다아990038,to_in_001,0
2024,다아990038,to_in_007,0
2024,다아990038,to_in_008,0
2024,다아990039,to_in_001,5
2024,다아990039,to_in_007,5
2024,다아990039,to_in_008,0
2024,다아990040,to_in_001,5
2024,다아990040,to_in_007,5
2024,다아990040,to_in_008,5
2024,다아990041,to_in_001,0
2024,다아990041,to_in_007,0
2024,다아990041,to_in_008,0
2024,다아990043,to_in_001,5
2024,다아990043,to_in_007,5
2024,다아990043,to_in_008,0
2024,다아990044,to_in_001,8
2024,다아990044,to_in_007,5
2024,다아990044,to_in_008,5
2024,다아990063,to_in_001,5
2024,다아990063,to_in_007,0
2024,다아990063,to_in_008,5
2024,다아990064,to_in_001,5
2024,다아990064,to_in_007,5
2024,다아990064,to_in_008,0
2024,다아990066,to_in_001,5
2024,다아990066,to_in_007,5
2024,다아990066,to_in_008,5
2024,다아990068,to_in_001,5
2024,다아990068,to_in_007,5
2024,다아990068,to_in_008,5
2024,다아990069,to_in_001,0
2024,다아990069,to_in_007,0
2024,다아990069,to_in_008,0
2024,다아990073,to_in_001,5
2024,다아990073,to_in_007,5
2024,다아990073,to_in_008,0
2024,다아990077,to_in_001,5
2024,다아990077,to_in_007,0
2024,다아990077,to_in_008,5
2024,다아990078,to_in_001,8
2024,다아990078,to_in_007,5
2024,다아990078,to_in_008,5
2024,다아990083,to_in_001,5
2024,다아990083,to_in_007,5
2024,다아990083,to_in_008,5
2024,다아990084,to_in_001,13
2024,다아990084,to_in_007,8
2024,다아990084,to_in_008,8
2024,다아990087,to_in_001,0
2024,다아990087,to_in_007,0
2024,다아990087,to_in_008,0
2024,다아990088,to_in_001,8
2024,다아990088,to_in_007,8
2024,다아990088,to_in_008,5
2024,다아997087,to_in_001,5
2024,다아529085,to_in_007,0
2024,다아529085,to_in_008,0
2024,다아530022,to_in_001,5
2024,다아530022,to_in_007,0
2024,다아530022,to_in_008,0
2024,다아530023,to_in_001,5
2024,다아530023,to_in_007,5
2024,다아530023,to_in_008,5
2024,다아530043,to_in_001,5
2024,다아530043,to_in_007,0
2024,다아530043,to_in_008,0
2024,다아530054,to_in_001,8
2024,다아530054,to_in_007,5
2024,다아530054,to_in_008,5
2024,다아530059,to_in_001,5
2024,다아530059,to_in_007,5
2024,다아530059,to_in_008,5
2024,다아530071,to_in_001,5
2024,다아530071,to_in_007,5
2024,다아530071,to_in_008,0
2024,다아530079,to_in_001,5
2024,다아530079,to_in_007,0
2024,다아530079,to_in_008,0
2024,다아530082,to_in_001,0
2024,다아530082,to_in_007,0
2024,다아530082,to_in_008,0
2024,다아531006,to_in_001,0
2024,다아531006,to_in_007,0
2024,다아531006,to_in_008,0
2024,다아531007,to_in_001,5
2024,다아531007,to_in_007,5
2024,다아531007,to_in_008,0
2024,다아531008,to_in_001,5
2024,다아531008,to_in_007,5
2024,다아531008,to_in_008,0
2024,다아531035,to_in_001,0
2024,다아531035,to_in_007,0
2024,다아531035,to_in_008,0
2024,다아531036,to_in_001,5
2024,다아531036,to_in_007,0
2024,다아531036,to_in_008,0
2024,다아531037,to_in_001,5
2024,다아531037,to_in_007,0
2024,다아531037,to_in_008,0
2024,다아531038,to_in_001,5
2024,다아531038,to_in_007,5
2024,다아531038,to_in_008,0
2024,다아531052,to_in_001,8
2024,다아531052,to_in_007,5
2024,다아531052,to_in_008,5
2024,다아531054,to_in_001,5
2024,다아531054,to_in_007,5
2024,다아531054,to_in_008,0
2024,다아531056,to_in_001,8
2024,다아531056,to_in_007,8
2024,다아531056,to_in_008,5
2024,다아531064,to_in_001,5
2024,다아531064,to_in_007,0
2024,다아531064,to_in_008,5
2024,다아532006,to_in_001,5
2024,다아532006,to_in_007,5
2024,다아532006,to_in_008,5
2024,다아532033,to_in_001,5
2024,다아532033,to_in_007,0
2024,다아532033,to_in_008,5
2024,다아532051,to_in_001,0
2024,다아532051,to_in_007,0
2024,다아532051,to_in_008,0
2024,다아532055,to_in_001,0
2024,다아532055,to_in_007,0
2024,다아532055,to_in_008,0
2024,다아934219,to_in_008,0
2024,다아934231,to_in_001,5
2024,다아934231,to_in_007,0
2024,다아934231,to_in_008,0
2024,다아990099,to_in_001,5
2024,다아990099,to_in_007,0
2024,다아990099,to_in_008,0
2024,다아990101,to_in_001,5
2024,다아990101,to_in_007,0
2024,다아990101,to_in_008,0
2024,다아990102,to_in_001,5
2024,다아990102,to_in_007,5
2024,다아990102,to_in_008,0
2024,다아990103,to_in_001,8
2024,다아990103,to_in_007,5
2024,다아990103,to_in_008,5
2024,다아990106,to_in_001,13
2024,다아990106,to_in_007,8
2024,다아990106,to_in_008,5
2024,다아991043,to_in_001,5
2024,다아991043,to_in_007,0
2024,다아991043,to_in_008,5
2024,다아991044,to_in_001,5
2024,다아991044,to_in_007,0
2024,다아991044,to_in_008,0
2024,다아991063,to_in_001,0
2024,다아991063,to_in_007,0
2024,다아991063,to_in_008,0
2024,다아991066,to_in_001,5
2024,다아991066,to_in_007,5
2024,다아991066,to_in_008,0
2024,다아991067,to_in_001,5
2024,다아991067,to_in_007,0
2024,다아991067,to_in_008,5
2024,다아991069,to_in_001,8
2024,다아991069,to_in_007,8
2024,다아991069,to_in_008,5
2024,다아991070,to_in_001,13
2024,다아991070,to_in_007,8
2024,다아991070,to_in_008,5
2024,다아991072,to_in_001,8
2024,다아991072,to_in_007,5
2024,다아991072,to_in_008,5
2024,다아991075,to_in_001,5
2024,다아991075,to_in_007,5
2024,다아991075,to_in_008,0
2024,다아991076,to_in_001,5
2024,다아991076,to_in_007,0
2024,다아991076,to_in_008,0
2024,다아991078,to_in_001,8
2024,다아991078,to_in_007,5
2024,다아991078,to_in_008,5
2024,다아991079,to_in_001,5
2024,다아991079,to_in_007,0
2024,다아991079,to_in_008,0
2024,다아991082,to_in_001,5
2024,다아991082,to_in_007,5
2024,다아991082,to_in_008,0
2024,다아991083,to_in_001,5
2024,다아991083,to_in_007,5
2024,다아991083,to_in_008,5
2024,다아991103,to_in_001,5
2024,다아991103,to_in_007,0
2024,다아991103,to_in_008,5
2024,다아992062,to_in_001,5
2024,다아992062,to_in_007,5
2024,다아992062,to_in_008,0
2024,다아992065,to_in_001,5
2024,다아992065,to_in_007,5
2024,다아992065,to_in_008,5
2024,다아992068,to_in_001,8
2024,다아992068,to_in_007,5
2024,다아992068,to_in_008,5
2024,다아992069,to_in_001,5
2024,다아992069,to_in_007,0
2024,다아992069,to_in_008,0
2024,다아992070,to_in_001,18
2024,다아992070,to_in_007,13
2024,다아992070,to_in_008,8
2024,다아992071,to_in_001,5
2024,다아992071,to_in_007,0
2024,다아992071,to_in_008,5
2024,다아992072,to_in_001,5
2024,다아992072,to_in_007,0
2024,다아992072,to_in_008,0
2024,다아992073,to_in_001,0
2024,다아992073,to_in_007,0
2024,다아992073,to_in_008,0
2024,다아992075,to_in_001,5
2024,다아992075,to_in_007,0
2024,다아992075,to_in_008,5
2024,다아992076,to_in_001,5
2024,다아992076,to_in_007,5
2024,다아992076,to_in_008,5
2024,다아992077,to_in_001,5
2024,다아992077,to_in_007,0
2024,다아992077,to_in_008,0
2024,다아992079,to_in_001,5
2024,다아992079,to_in_007,0
2024,다아992079,to_in_008,5
2024,다아992081,to_in_001,5
2024,다아992081,to_in_007,5
2024,다아992081,to_in_008,5
2024,다아992082,to_in_001,5
2024,다아992082,to_in_007,5
2024,다아992082,to_in_008,0
2024,다아992096,to_in_001,0
2024,다아992096,to_in_007,0
2024,다아992096,to_in_008,0
2024,다아974264,to_in_007,0
2024,다아974264,to_in_008,5
2024,다아974265,to_in_001,23
2024,다아974265,to_in_007,13
2024,다아974265,to_in_008,8
2024,다아974266,to_in_001,13
2024,다아974266,to_in_007,8
2024,다아974266,to_in_008,8
2024,다아974267,to_in_001,5
2024,다아974267,to_in_007,0
2024,다아974267,to_in_008,0
2024,다아974268,to_in_001,5
2024,다아974268,to_in_007,0
2024,다아974268,to_in_008,5
2024,다아974275,to_in_001,5
2024,다아974275,to_in_007,5
2024,다아974275,to_in_008,0
2024,다아974277,to_in_001,5
2024,다아974277,to_in_007,0
2024,다아974277,to_in_008,5
2024,다아974278,to_in_001,8
2024,다아974278,to_in_007,5
2024,다아974278,to_in_008,5
2024,다아974279,to_in_001,23
2024,다아974279,to_in_007,13
2024,다아974279,to_in_008,13
2024,다아975085,to_in_001,8
2024,다아975085,to_in_007,5
2024,다아975085,to_in_008,5
2024,다아975192,to_in_001,0
2024,다아975192,to_in_007,0
2024,다아975192,to_in_008,0
2024,다아975203,to_in_001,0
2024,다아975203,to_in_007,0
2024,다아975203,to_in_008,0
2024,다아975224,to_in_001,5
2024,다아975224,to_in_007,5
2024,다아975224,to_in_008,5
2024,다아975225,to_in_001,5
2024,다아975225,to_in_007,0
2024,다아975225,to_in_008,5
2024,다아975248,to_in_001,5
2024,다아975248,to_in_007,5
2024,다아975248,to_in_008,5
2024,다아975249,to_in_001,8
2024,다아975249,to_in_007,8
2024,다아975249,to_in_008,5
2024,다아975250,to_in_001,8
2024,다아975250,to_in_007,8
2024,다아975250,to_in_008,5
2024,다아975254,to_in_001,8
2024,다아975254,to_in_007,5
2024,다아975254,to_in_008,5
2024,다아975255,to_in_001,8
2024,다아975255,to_in_007,5
2024,다아975255,to_in_008,5
2024,다아975263,to_in_001,5
2024,다아975263,to_in_007,0
2024,다아975263,to_in_008,5
2024,다아975264,to_in_001,8
2024,다아975264,to_in_007,5
2024,다아975264,to_in_008,5
2024,다아975265,to_in_001,5
2024,다아975265,to_in_007,0
2024,다아975265,to_in_008,0
2024,다아975266,to_in_001,8
2024,다아975266,to_in_007,5
2024,다아975266,to_in_008,5
2024,다아988083,to_in_001,13
2024,다아988083,to_in_007,5
2024,다아988083,to_in_008,8
2024,다아988084,to_in_001,5
2024,다아988084,to_in_007,5
2024,다아988084,to_in_008,5
2024,다아988085,to_in_001,5
2024,다아988085,to_in_007,5
2024,다아988085,to_in_008,0
2024,다아988086,to_in_001,8
2024,다아988086,to_in_007,8
2024,다아988086,to_in_008,8
2024,다아988087,to_in_001,0
2024,다아988087,to_in_007,0
2024,다아988087,to_in_008,0
2024,다아988088,to_in_001,5
2024,다아988088,to_in_007,5
2024,다아988088,to_in_008,0
2024,다아988091,to_in_001,0
2024,다아988091,to_in_007,0
2024,다아988091,to_in_008,0
2024,다아988094,to_in_001,8
2024,다아988094,to_in_007,5
2024,다아988094,to_in_008,5
2024,다아988101,to_in_001,5
2024,다아988101,to_in_007,0
2024,다아988101,to_in_008,5
2024,다아988106,to_in_001,8
2024,다아988106,to_in_007,5
2024,다아988106,to_in_008,5
2024,다아988108,to_in_001,0
2024,다아988108,to_in_007,0
2024,다아988108,to_in_008,0
2024,다아989029,to_in_001,5
2024,다아989029,to_in_007,5
2024,다아989029,to_in_008,0
2024,다아989030,to_in_001,0
2024,다아989030,to_in_007,0
2024,다아989030,to_in_008,0
2024,다아993070,to_in_001,13
2024,다아993070,to_in_007,5
2024,다아993070,to_in_008,8
2024,다아993071,to_in_001,33
2024,다아993071,to_in_007,13
2024,다아993071,to_in_008,18
2024,다아993072,to_in_001,0
2024,다아993072,to_in_007,0
2024,다아993072,to_in_008,0
2024,다아993073,to_in_001,8
2024,다아993073,to_in_007,5
2024,다아993073,to_in_008,8
2024,다아993074,to_in_001,0
2024,다아993074,to_in_007,0
2024,다아993074,to_in_008,0
2024,다아993075,to_in_001,8
2024,다아993075,to_in_007,8
2024,다아993075,to_in_008,8
2024,다아993089,to_in_001,5
2024,다아993089,to_in_007,5
2024,다아993089,to_in_008,0
2024,다아993092,to_in_001,5
2024,다아993092,to_in_007,0
2024,다아993092,to_in_008,0
2024,다아993093,to_in_001,5
2024,다아993093,to_in_007,5
2024,다아993093,to_in_008,0
2024,다아994071,to_in_001,5
2024,다아994071,to_in_007,0
2024,다아994071,to_in_008,5
2024,다아994072,to_in_001,8
2024,다아994072,to_in_007,5
2024,다아994072,to_in_008,5
2024,다아994074,to_in_001,8
2024,다아994074,to_in_007,5
2024,다아994074,to_in_008,5
2024,다아994088,to_in_001,5
2024,다아994088,to_in_007,0
2024,다아994088,to_in_008,5
2024,다아994089,to_in_001,5
2024,다아994089,to_in_007,0
2024,다아994089,to_in_008,0
2024,다아994116,to_in_001,5
2024,다아994116,to_in_007,5
2024,다아994116,to_in_008,0
2024,다아994117,to_in_001,5
2024,다아994117,to_in_007,5
2024,다아994117,to_in_008,0
2024,다아995045,to_in_001,5
2024,다아995045,to_in_007,5
2024,다아995045,to_in_008,0
2024,다아995071,to_in_001,0
2024,다아995071,to_in_007,0
2024,다아995071,to_in_008,0
2024,다아995073,to_in_001,0
2024,다아995073,to_in_007,0
2024,다아995073,to_in_008,0
2024,다아995074,to_in_001,5
2024,다아995074,to_in_007,5
2024,다아995074,to_in_008,5
2024,다아995084,to_in_001,8
2024,다아995084,to_in_007,5
2024,다아995084,to_in_008,5
2024,다아995089,to_in_001,5
2024,다아995089,to_in_007,5
2024,다아995089,to_in_008,0
2024,다아995091,to_in_001,8
2024,다아995091,to_in_007,5
2024,다아995091,to_in_008,8
2024,다아995092,to_in_001,5
2024,다아995092,to_in_007,5
2024,다아995092,to_in_008,5
2024,다아995117,to_in_001,5
2024,다아995117,to_in_007,0
2024,다아995117,to_in_008,0
2024,다아995118,to_in_001,0
2024,다아995118,to_in_007,0
2024,다아995118,to_in_008,0
2024,다아996073,to_in_001,13
2024,다아996073,to_in_007,8
2024,다아996073,to_in_008,5
2024,다아996074,to_in_001,18
2024,다아996074,to_in_007,8
2024,다아996074,to_in_008,8
2024,다아996086,to_in_001,8
2024,다아996086,to_in_007,5
2024,다아996086,to_in_008,5
2024,다아996089,to_in_001,0
2024,다아996089,to_in_007,0
2024,다아996089,to_in_008,0
2024,다아996090,to_in_001,5
2024,다아996090,to_in_007,5
2024,다아996090,to_in_008,0
2024,다아996091,to_in_001,5
2024,다아996091,to_in_007,5
2024,다아996091,to_in_008,5
2024,다아996092,to_in_001,5
2024,다아996092,to_in_007,0
2024,다아996092,to_in_008,5
2024,다아996118,to_in_001,0
2024,다아996118,to_in_007,0
2024,다아996118,to_in_008,0
2024,다아997046,to_in_001,5
2024,다아997046,to_in_007,0
2024,다아997046,to_in_008,5
2024,다아997073,to_in_001,8
2024,다아997073,to_in_007,5
2024,다아997073,to_in_008,5
2024,다아997074,to_in_001,5
2024,다아997074,to_in_007,5
2024,다아997074,to_in_008,0
2024,다아997075,to_in_001,5
2024,다아997075,to_in_007,0
2024,다아997075,to_in_008,0
2024,다아997087,to_in_007,5
2024,다아997087,to_in_008,0
2024,다아997091,to_in_001,8
2024,다아997091,to_in_007,5
2024,다아997091,to_in_008,5
2024,다아997092,to_in_001,8
2024,다아997092,to_in_007,5
2024,다아997092,to_in_008,8
2024,다아997117,to_in_001,8
2024,다아997117,to_in_007,5
2024,다아997117,to_in_008,5
2024,다아997118,to_in_001,5
2024,다아997118,to_in_007,0
2024,다아997118,to_in_008,5
2024,다아998047,to_in_001,5
2024,다아998047,to_in_007,0
2024,다아998047,to_in_008,0
2024,다아998073,to_in_001,5
2024,다아998073,to_in_007,0
2024,다아998073,to_in_008,5
2024,다아998074,to_in_001,5
2024,다아998074,to_in_007,0
2024,다아998074,to_in_008,0
2024,다아998093,to_in_001,5
2024,다아998093,to_in_007,0
2024,다아998093,to_in_008,0
2024,다아998117,to_in_001,5
2024,다아998117,to_in_007,0
2024,다아998117,to_in_008,5
2024,다아998119,to_in_001,5
2024,다아998119,to_in_007,5
2024,다아998119,to_in_008,0
2024,다아998121,to_in_001,8
2024,다아998121,to_in_007,8
2024,다아998121,to_in_008,0
2024,다아999050,to_in_001,5
2024,다아999050,to_in_007,0
2024,다아999050,to_in_008,5
2024,다아999051,to_in_001,13
2024,다아999051,to_in_007,8
2024,다아999051,to_in_008,5
2024,다아999072,to_in_001,8
2024,다아999072,to_in_007,8
2024,다아999072,to_in_008,5
2024,다아999073,to_in_001,8
2024,다아999073,to_in_007,5
2024,다아999073,to_in_008,8
2024,다아999074,to_in_001,5
2024,다아999074,to_in_007,0
2024,다아999074,to_in_008,0
2024,다아999076,to_in_001,5
2024,다아999076,to_in_007,0
2024,다아999076,to_in_008,0
2024,다아999093,to_in_001,8
2024,다아999093,to_in_007,5
2024,다아999093,to_in_008,5
2024,다아999094,to_in_001,5
2024,다아999094,to_in_007,0
2024,다아999094,to_in_008,5
2024,다아999095,to_in_001,5
2024,다아999095,to_in_007,0
2024,다아999095,to_in_008,5
