2024,다다000000,to_in_001,43
2024,다다000000,to_in_007,23
2024,다다000000,to_in_008,18
2024,다다000001,to_in_001,28
2024,다다000001,to_in_007,13
2024,다다000001,to_in_008,13
2024,다다000002,to_in_001,18
2024,다다000002,to_in_007,13
2024,다다000002,to_in_008,5
2024,다다000004,to_in_001,5
2024,다다000004,to_in_007,5
2024,다다000004,to_in_008,5
2024,다다000005,to_in_001,13
2024,다다000005,to_in_007,8
2024,다다000005,to_in_008,8
2024,다다000006,to_in_001,34
2024,다다000006,to_in_007,13
2024,다다000006,to_in_008,19
2024,다다000007,to_in_001,13
2024,다다000007,to_in_007,8
2024,다다000007,to_in_008,5
2024,다다000008,to_in_001,13
2024,다다000008,to_in_007,8
2024,다다000008,to_in_008,8
2024,다다001000,to_in_001,28
2024,다다001000,to_in_007,13
2024,다다001000,to_in_008,13
2024,다다001001,to_in_001,33
2024,다다001001,to_in_007,18
2024,다다001001,to_in_008,13
2024,다다001006,to_in_001,8
2024,다다001006,to_in_007,8
2024,다다001006,to_in_008,8
2024,다다001007,to_in_001,18
2024,다다001007,to_in_007,8
2024,다다001007,to_in_008,13
2024,다다001008,to_in_001,28
2024,다다001008,to_in_007,18
2024,다다001008,to_in_008,13
2024,다다018007,to_in_001,98
2024,다다018007,to_in_007,62
2024,다다018007,to_in_008,39
2024,다다018008,to_in_001,13
2024,다다018008,to_in_007,8
2024,다다018008,to_in_008,5
2024,다다018009,to_in_001,33
2024,다다018009,to_in_007,13
2024,다다018009,to_in_008,18
2024,다다019005,to_in_001,23
2024,다다019005,to_in_007,13
2024,다다019005,to_in_008,8
2024,다다019006,to_in_001,51
2024,다다019006,to_in_007,31
2024,다다019006,to_in_008,23
2024,다다019007,to_in_001,45
2024,다다019007,to_in_007,35
2024,다다019007,to_in_008,13
2024,다다019008,to_in_001,73
2024,다다019008,to_in_007,35
2024,다다019008,to_in_008,36
2024,다다019009,to_in_001,73
2024,다다019009,to_in_007,33
2024,다다019009,to_in_008,38
2024,다다020001,to_in_001,5
2024,다다020001,to_in_007,0
2024,다다020001,to_in_008,0
2024,다다020004,to_in_001,5
2024,다다020004,to_in_007,5
2024,다다020004,to_in_008,0
2024,다다020005,to_in_001,48
2024,다다020005,to_in_007,28
2024,다다020005,to_in_008,23
2024,다다020006,to_in_001,48
2024,다다020006,to_in_007,28
2024,다다020006,to_in_008,23
2024,다다020007,to_in_001,28
2024,다다020007,to_in_007,13
2024,다다020007,to_in_008,13
2024,다다020011,to_in_001,5
2024,다다020011,to_in_007,0
2024,다다020011,to_in_008,0
2024,다다021002,to_in_001,5
2024,다다021002,to_in_007,5
2024,다다021002,to_in_008,5
2024,다다021004,to_in_001,5
2024,다다021004,to_in_007,0
2024,다다021004,to_in_008,5
2024,다다021005,to_in_001,18
2024,다다021005,to_in_007,13
2024,다다021005,to_in_008,8
2024,다다021006,to_in_001,43
2024,다다021006,to_in_007,28
2024,다다021006,to_in_008,18
2024,다다021007,to_in_001,5
2024,다다021007,to_in_007,0
2024,다다021007,to_in_008,5
2024,다다021008,to_in_001,5
2024,다다021008,to_in_007,5
2024,다다021008,to_in_008,0
2024,다다022003,to_in_001,5
2024,다다022003,to_in_007,0
2024,다다022003,to_in_008,0
2024,다다022004,to_in_001,8
2024,다다022004,to_in_007,5
2024,다다022004,to_in_008,5
2024,다다022006,to_in_001,38
2024,다다022006,to_in_007,18
2024,다다022006,to_in_008,18
2024,다다022007,to_in_001,8
2024,다다022007,to_in_007,8
2024,다다022007,to_in_008,5
2024,다다022008,to_in_001,13
2024,다다022008,to_in_007,8
2024,다다022008,to_in_008,8
2024,다다022010,to_in_001,18
2024,다다022010,to_in_007,8
2024,다다022010,to_in_008,8
2024,다다022011,to_in_001,48
2024,다다022011,to_in_007,23
2024,다다022011,to_in_008,23
2024,다다023002,to_in_001,5
2024,다다023002,to_in_007,5
2024,다다023002,to_in_008,0
2024,다다023007,to_in_001,28
2024,다다023007,to_in_007,18
2024,다다023007,to_in_008,8
2024,다다023008,to_in_001,5
2024,다다023008,to_in_007,0
2024,다다023008,to_in_008,5
2024,다다023009,to_in_001,43
2024,다다023009,to_in_007,23
2024,다다023009,to_in_008,23
2024,다다023010,to_in_001,13
2024,다다023010,to_in_007,8
2024,다다023010,to_in_008,8
2024,다다023011,to_in_001,28
2024,다다023011,to_in_007,18
2024,다다023011,to_in_008,8
2024,다다024001,to_in_001,5
2024,다다024001,to_in_007,0
2024,다다024001,to_in_008,0
2024,다다024002,to_in_001,23
2024,다다024002,to_in_007,13
2024,다다024002,to_in_008,13
2024,다다024003,to_in_001,5
2024,다다024003,to_in_007,5
2024,다다024003,to_in_008,0
2024,다다024004,to_in_001,5
2024,다다024004,to_in_007,5
2024,다다024004,to_in_008,5
2024,다다024008,to_in_001,53
2024,다다024008,to_in_007,33
2024,다다024008,to_in_008,23
2024,다다024009,to_in_001,23
2024,다다024009,to_in_007,13
2024,다다024009,to_in_008,8
2024,다다032010,to_in_001,5
2024,다다032010,to_in_007,5
2024,다다032010,to_in_008,5
2024,다다032011,to_in_001,62
2024,다다032011,to_in_007,47
2024,다다032011,to_in_008,18
2024,다다032012,to_in_001,18
2024,다다032012,to_in_007,8
2024,다다032012,to_in_008,8
2024,다다032013,to_in_001,28
2024,다다032013,to_in_007,13
2024,다다032013,to_in_008,13
2024,다다032014,to_in_001,8
2024,다다032014,to_in_007,5
2024,다다032014,to_in_008,5
2024,다다032015,to_in_001,75
2024,다다032015,to_in_007,40
2024,다다032015,to_in_008,38
2024,다다032016,to_in_001,55
2024,다다032016,to_in_007,30
2024,다다032016,to_in_008,23
2024,다다032017,to_in_001,5
2024,다다032017,to_in_007,5
2024,다다032017,to_in_008,0
2024,다다033000,to_in_001,18
2024,다다033000,to_in_007,13
2024,다다033000,to_in_008,5
2024,다다033002,to_in_001,88
2024,다다033002,to_in_007,44
2024,다다033002,to_in_008,42
2024,다다033003,to_in_001,125
2024,다다033003,to_in_007,64
2024,다다033003,to_in_008,59
2024,다다033004,to_in_001,81
2024,다다033004,to_in_007,45
2024,다다033004,to_in_008,34
2024,다다033005,to_in_001,86
2024,다다033005,to_in_007,41
2024,다다033005,to_in_008,43
2024,다다033006,to_in_001,143
2024,다다033006,to_in_007,77
2024,다다033006,to_in_008,64
2024,다다033007,to_in_001,82
2024,다다033007,to_in_007,40
2024,다다033007,to_in_008,40
2024,다다033008,to_in_001,8
2024,다다033008,to_in_007,5
2024,다다033008,to_in_008,5
2024,다다033010,to_in_001,5
2024,다다033010,to_in_007,5
2024,다다033010,to_in_008,0
2024,다다033011,to_in_001,8
2024,다다033011,to_in_007,8
2024,다다033011,to_in_008,5
2024,다다033012,to_in_001,8
2024,다다033012,to_in_007,0
2024,다다033012,to_in_008,8
2024,다다033013,to_in_001,54
2024,다다033013,to_in_007,39
2024,다다033013,to_in_008,18
2024,다다033014,to_in_001,18
2024,다다033014,to_in_007,13
2024,다다033014,to_in_008,8
2024,다다033015,to_in_001,28
2024,다다033015,to_in_007,13
2024,다다033015,to_in_008,13
2024,다다033016,to_in_001,48
2024,다다033016,to_in_007,23
2024,다다033016,to_in_008,23
2024,다다033017,to_in_001,8
2024,다다033017,to_in_007,5
2024,다다033017,to_in_008,5
2024,다다034002,to_in_001,126
2024,다다034002,to_in_007,61
2024,다다034002,to_in_008,63
2024,다다034003,to_in_001,18
2024,다다034003,to_in_007,8
2024,다다034003,to_in_008,8
2024,다다034004,to_in_001,28
2024,다다034004,to_in_007,13
2024,다다034004,to_in_008,13
2024,다다041004,to_in_001,5
2024,다다041004,to_in_007,0
2024,다다041004,to_in_008,0
2024,다다041005,to_in_001,5
2024,다다041005,to_in_007,0
2024,다다041005,to_in_008,5
2024,다다041006,to_in_001,5
2024,다다041006,to_in_007,5
2024,다다041006,to_in_008,5
2024,다다041007,to_in_001,8
2024,다다041007,to_in_007,5
2024,다다041007,to_in_008,8
2024,다다041008,to_in_001,28
2024,다다041008,to_in_007,13
2024,다다041008,to_in_008,13
2024,다다041009,to_in_001,5
2024,다다041009,to_in_007,0
2024,다다041009,to_in_008,5
2024,다다041016,to_in_001,8
2024,다다041016,to_in_007,8
2024,다다041016,to_in_008,5
2024,다다041017,to_in_001,61
2024,다다041017,to_in_007,30
2024,다다041017,to_in_008,29
2024,다다041018,to_in_001,71
2024,다다041018,to_in_007,40
2024,다다041018,to_in_008,34
2024,다다041019,to_in_001,58
2024,다다041019,to_in_007,28
2024,다다041019,to_in_008,28
2024,다다041020,to_in_001,49
2024,다다041020,to_in_007,24
2024,다다041020,to_in_008,23
2024,다다042000,to_in_001,169
2024,다다042000,to_in_007,90
2024,다다042000,to_in_008,77
2024,다다042001,to_in_001,18
2024,다다042001,to_in_007,8
2024,다다042001,to_in_008,8
2024,다다042002,to_in_001,219
2024,다다042002,to_in_007,110
2024,다다042002,to_in_008,112
2024,다다042003,to_in_001,28
2024,다다042003,to_in_007,13
2024,다다042003,to_in_008,13
2024,다다042005,to_in_001,5
2024,다다042005,to_in_007,0
2024,다다042005,to_in_008,5
2024,다다042006,to_in_001,8
2024,다다042006,to_in_007,5
2024,다다042006,to_in_008,8
2024,다다042007,to_in_001,5
2024,다다042007,to_in_007,5
2024,다다042007,to_in_008,0
2024,다다042016,to_in_001,5
2024,다다042016,to_in_007,0
2024,다다042016,to_in_008,0
2024,다다042017,to_in_001,48
2024,다다042017,to_in_007,23
2024,다다042017,to_in_008,28
2024,다다042018,to_in_001,58
2024,다다042018,to_in_007,28
2024,다다042018,to_in_008,28
2024,다다042019,to_in_001,13
2024,다다042019,to_in_007,5
2024,다다042019,to_in_008,8
2024,다다042020,to_in_001,5
2024,다다042020,to_in_007,0
2024,다다042020,to_in_008,0
2024,다다043000,to_in_001,415
2024,다다043000,to_in_007,205
2024,다다043000,to_in_008,208
2024,다다043001,to_in_001,171
2024,다다043001,to_in_007,83
2024,다다043001,to_in_008,86
2024,다다043002,to_in_001,28
2024,다다043002,to_in_007,13
2024,다다043002,to_in_008,13
2024,다다043003,to_in_001,60
2024,다다043003,to_in_007,40
2024,다다043003,to_in_008,18
2024,다다043004,to_in_001,8
2024,다다043004,to_in_007,8
2024,다다043004,to_in_008,5
2024,다다043007,to_in_001,0
2024,다다043007,to_in_007,0
2024,다다043007,to_in_008,0
2024,다다043008,to_in_001,13
2024,다다043008,to_in_007,8
2024,다다043008,to_in_008,8
2024,다다043017,to_in_001,18
2024,다다043017,to_in_007,8
2024,다다043017,to_in_008,8
2024,다다043018,to_in_001,63
2024,다다043018,to_in_007,33
2024,다다043018,to_in_008,28
2024,다다043019,to_in_001,13
2024,다다043019,to_in_007,8
2024,다다043019,to_in_008,5
2024,다다043021,to_in_001,8
2024,다다043021,to_in_007,5
2024,다다043021,to_in_008,8
2024,다다043022,to_in_001,8
2024,다다043022,to_in_007,5
2024,다다043022,to_in_008,5
2024,다다044001,to_in_001,410
2024,다다044001,to_in_007,197
2024,다다044001,to_in_008,211
2024,다다044003,to_in_001,28
2024,다다044003,to_in_007,13
2024,다다044003,to_in_008,18
2024,다다044004,to_in_001,55
2024,다다044004,to_in_007,29
2024,다다044004,to_in_008,24
2024,다다044005,to_in_001,31
2024,다다044005,to_in_007,20
2024,다다044005,to_in_008,11
2024,다다044006,to_in_001,8
2024,다다044006,to_in_007,5
2024,다다044006,to_in_008,8
2024,다다044007,to_in_001,38
2024,다다044007,to_in_007,13
2024,다다044007,to_in_008,23
2024,다다044008,to_in_001,5
2024,다다044008,to_in_007,5
2024,다다044008,to_in_008,0
2024,다다044017,to_in_001,5
2024,다다044017,to_in_007,5
2024,다다044017,to_in_008,0
2024,다다044018,to_in_001,8
2024,다다044018,to_in_007,5
2024,다다044018,to_in_008,5
2024,다다044019,to_in_001,43
2024,다다044019,to_in_007,23
2024,다다044019,to_in_008,23
2024,다다044020,to_in_001,33
2024,다다044020,to_in_007,18
2024,다다044020,to_in_008,13
2024,다다044021,to_in_001,13
2024,다다044021,to_in_007,8
2024,다다044021,to_in_008,8
2024,다다044022,to_in_001,5
2024,다다044022,to_in_007,5
2024,다다044022,to_in_008,0
2024,다다044023,to_in_001,13
2024,다다044023,to_in_007,8
2024,다다044023,to_in_008,8
2024,다다045000,to_in_001,382
2024,다다045000,to_in_007,194
2024,다다045000,to_in_008,186
2024,다다045001,to_in_001,495
2024,다다045001,to_in_007,237
2024,다다045001,to_in_008,263
2024,다다045002,to_in_001,166
2024,다다045002,to_in_007,70
2024,다다045002,to_in_008,94
2024,다다045003,to_in_001,224
2024,다다045003,to_in_007,106
2024,다다045003,to_in_008,116
2024,다다048001,to_in_001,8
2024,다다048001,to_in_007,5
2024,다다048001,to_in_008,5
2024,다다048002,to_in_001,187
2024,다다048002,to_in_007,96
2024,다다048002,to_in_008,89
2024,다다048003,to_in_001,330
2024,다다048003,to_in_007,173
2024,다다048003,to_in_008,160
2024,다다048004,to_in_001,213
2024,다다048004,to_in_007,101
2024,다다048004,to_in_008,110
2024,다다048005,to_in_001,192
2024,다다048005,to_in_007,94
2024,다다048005,to_in_008,96
2024,다다048006,to_in_001,23
2024,다다048006,to_in_007,13
2024,다다048006,to_in_008,13
2024,다다048007,to_in_001,38
2024,다다048007,to_in_007,23
2024,다다048007,to_in_008,18
2024,다다048008,to_in_001,18
2024,다다048008,to_in_007,8
2024,다다048008,to_in_008,8
2024,다다048012,to_in_001,5
2024,다다048012,to_in_007,0
2024,다다048012,to_in_008,5
2024,다다048021,to_in_001,8
2024,다다048021,to_in_007,8
2024,다다048021,to_in_008,8
2024,다다048022,to_in_001,8
2024,다다048022,to_in_007,8
2024,다다048022,to_in_008,5
2024,다다048023,to_in_001,8
2024,다다048023,to_in_007,5
2024,다다048023,to_in_008,5
2024,다다049000,to_in_001,50
2024,다다049000,to_in_007,25
2024,다다049000,to_in_008,28
2024,다다049001,to_in_001,55
2024,다다049001,to_in_007,28
2024,다다049001,to_in_008,30
2024,다다049002,to_in_001,145
2024,다다049002,to_in_007,71
2024,다다049002,to_in_008,72
2024,다다049003,to_in_001,413
2024,다다049003,to_in_007,206
2024,다다049003,to_in_008,205
2024,다다049004,to_in_001,259
2024,다다049004,to_in_007,126
2024,다다049004,to_in_008,136
2024,다다049005,to_in_001,313
2024,다다049005,to_in_007,150
2024,다다049005,to_in_008,166
2024,다다049006,to_in_001,80
2024,다다049006,to_in_007,44
2024,다다049006,to_in_008,39
2024,다다049007,to_in_001,5
2024,다다049007,to_in_007,5
2024,다다049007,to_in_008,5
2024,다다049008,to_in_001,8
2024,다다049008,to_in_007,8
2024,다다049008,to_in_008,5
2024,다다049009,to_in_001,13
2024,다다049009,to_in_007,8
2024,다다049009,to_in_008,5
2024,다다049010,to_in_001,8
2024,다다049010,to_in_007,0
2024,다다049010,to_in_008,8
2024,다다049011,to_in_001,5
2024,다다049011,to_in_007,0
2024,다다049011,to_in_008,5
2024,다다049012,to_in_001,5
2024,다다049012,to_in_007,5
2024,다다049012,to_in_008,0
2024,다다049022,to_in_001,8
2024,다다049022,to_in_007,8
2024,다다049022,to_in_008,0
2024,다다049023,to_in_001,18
2024,다다049023,to_in_007,13
2024,다다049023,to_in_008,8
2024,다다050000,to_in_001,237
2024,다다050000,to_in_007,120
2024,다다050000,to_in_008,120
2024,다다050001,to_in_001,231
2024,다다050001,to_in_007,117
2024,다다050001,to_in_008,112
2024,다다050002,to_in_001,135
2024,다다050002,to_in_007,70
2024,다다050002,to_in_008,68
2024,다다050003,to_in_001,262
2024,다다050003,to_in_007,130
2024,다다050003,to_in_008,135
2024,다다050004,to_in_001,152
2024,다다050004,to_in_007,81
2024,다다050004,to_in_008,74
2024,다다050005,to_in_001,18
2024,다다050005,to_in_007,5
2024,다다050005,to_in_008,13
2024,다다050006,to_in_001,114
2024,다다050006,to_in_007,53
2024,다다050006,to_in_008,59
2024,다다050008,to_in_001,8
2024,다다050008,to_in_007,5
2024,다다050008,to_in_008,5
2024,다다050013,to_in_001,5
2024,다다050013,to_in_007,5
2024,다다050013,to_in_008,0
2024,다다050023,to_in_001,18
2024,다다050023,to_in_007,8
2024,다다050023,to_in_008,13
2024,다다050024,to_in_001,8
2024,다다050024,to_in_007,5
2024,다다050024,to_in_008,5
2024,다다051000,to_in_001,244
2024,다다051000,to_in_007,120
2024,다다051000,to_in_008,127
2024,다다056957,to_in_001,23
2024,다다002001,to_in_001,13
2024,다다002001,to_in_007,8
2024,다다002001,to_in_008,8
2024,다다002003,to_in_001,8
2024,다다002003,to_in_007,8
2024,다다002003,to_in_008,5
2024,다다002004,to_in_001,196
2024,다다002004,to_in_007,99
2024,다다002004,to_in_008,95
2024,다다002005,to_in_001,94
2024,다다002005,to_in_007,46
2024,다다002005,to_in_008,46
2024,다다002006,to_in_001,8
2024,다다002006,to_in_007,5
2024,다다002006,to_in_008,5
2024,다다002007,to_in_001,38
2024,다다002007,to_in_007,23
2024,다다002007,to_in_008,18
2024,다다002008,to_in_001,5
2024,다다002008,to_in_007,5
2024,다다002008,to_in_008,0
2024,다다003000,to_in_001,229
2024,다다003000,to_in_007,115
2024,다다003000,to_in_008,112
2024,다다003001,to_in_001,265
2024,다다003001,to_in_007,134
2024,다다003001,to_in_008,129
2024,다다003002,to_in_001,136
2024,다다003002,to_in_007,69
2024,다다003002,to_in_008,65
2024,다다003003,to_in_001,234
2024,다다003003,to_in_007,123
2024,다다003003,to_in_008,114
2024,다다003004,to_in_001,165
2024,다다003004,to_in_007,93
2024,다다003004,to_in_008,70
2024,다다003005,to_in_001,169
2024,다다003005,to_in_007,78
2024,다다003005,to_in_008,94
2024,다다003006,to_in_001,13
2024,다다003006,to_in_007,8
2024,다다003006,to_in_008,5
2024,다다003007,to_in_001,23
2024,다다003007,to_in_007,8
2024,다다003007,to_in_008,13
2024,다다004000,to_in_001,48
2024,다다004000,to_in_007,23
2024,다다004000,to_in_008,28
2024,다다004001,to_in_001,370
2024,다다004001,to_in_007,186
2024,다다004001,to_in_008,182
2024,다다004002,to_in_001,263
2024,다다004002,to_in_007,140
2024,다다004002,to_in_008,121
2024,다다004003,to_in_001,232
2024,다다004003,to_in_007,106
2024,다다004003,to_in_008,129
2024,다다004004,to_in_001,106
2024,다다004004,to_in_007,55
2024,다다004004,to_in_008,49
2024,다다004005,to_in_001,59
2024,다다004005,to_in_007,34
2024,다다004005,to_in_008,28
2024,다다004006,to_in_001,5
2024,다다004006,to_in_007,5
2024,다다004006,to_in_008,0
2024,다다004007,to_in_001,5
2024,다다004007,to_in_007,0
2024,다다004007,to_in_008,5
2024,다다005000,to_in_001,73
2024,다다005000,to_in_007,43
2024,다다005000,to_in_008,33
2024,다다005001,to_in_001,156
2024,다다005001,to_in_007,74
2024,다다005001,to_in_008,80
2024,다다005002,to_in_001,135
2024,다다005002,to_in_007,70
2024,다다005002,to_in_008,68
2024,다다005003,to_in_001,343
2024,다다005003,to_in_007,170
2024,다다005003,to_in_008,176
2024,다다005004,to_in_001,113
2024,다다005004,to_in_007,62
2024,다다005004,to_in_008,54
2024,다다005005,to_in_001,97
2024,다다005005,to_in_007,46
2024,다다005005,to_in_008,54
2024,다다005006,to_in_001,8
2024,다다005006,to_in_007,5
2024,다다005006,to_in_008,5
2024,다다006000,to_in_001,71
2024,다다006000,to_in_007,36
2024,다다006000,to_in_008,33
2024,다다006001,to_in_001,223
2024,다다006001,to_in_007,118
2024,다다006001,to_in_008,103
2024,다다006002,to_in_001,90
2024,다다006002,to_in_007,43
2024,다다006002,to_in_008,45
2024,다다006003,to_in_001,96
2024,다다006003,to_in_007,48
2024,다다006003,to_in_008,46
2024,다다006004,to_in_001,152
2024,다다006004,to_in_007,73
2024,다다006004,to_in_008,77
2024,다다006005,to_in_001,317
2024,다다006005,to_in_007,156
2024,다다006005,to_in_008,161
2024,다다006006,to_in_001,8
2024,다다006006,to_in_007,8
2024,다다006006,to_in_008,5
2024,다다006007,to_in_001,0
2024,다다006007,to_in_007,0
2024,다다006007,to_in_008,0
2024,다다034005,to_in_001,13
2024,다다034005,to_in_007,8
2024,다다034005,to_in_008,8
2024,다다034006,to_in_001,147
2024,다다034006,to_in_007,70
2024,다다034006,to_in_008,75
2024,다다034007,to_in_001,33
2024,다다034007,to_in_007,18
2024,다다034007,to_in_008,18
2024,다다034008,to_in_001,18
2024,다다034008,to_in_007,13
2024,다다034008,to_in_008,8
2024,다다034011,to_in_001,8
2024,다다034011,to_in_007,5
2024,다다034011,to_in_008,5
2024,다다034012,to_in_001,5
2024,다다034012,to_in_007,5
2024,다다034012,to_in_008,0
2024,다다034013,to_in_001,18
2024,다다034013,to_in_007,13
2024,다다034013,to_in_008,8
2024,다다034014,to_in_001,23
2024,다다034014,to_in_007,13
2024,다다034014,to_in_008,13
2024,다다034015,to_in_001,48
2024,다다034015,to_in_007,23
2024,다다034015,to_in_008,23
2024,다다034016,to_in_001,33
2024,다다034016,to_in_007,13
2024,다다034016,to_in_008,18
2024,다다034017,to_in_001,13
2024,다다034017,to_in_007,8
2024,다다034017,to_in_008,5
2024,다다034018,to_in_001,5
2024,다다034018,to_in_007,0
2024,다다034018,to_in_008,0
2024,다다034859,to_in_001,0
2024,다다034859,to_in_007,0
2024,다다034859,to_in_008,0
2024,다다035001,to_in_001,5
2024,다다035001,to_in_007,5
2024,다다035001,to_in_008,5
2024,다다035002,to_in_001,75
2024,다다035002,to_in_007,33
2024,다다035002,to_in_008,40
2024,다다035003,to_in_001,5
2024,다다035003,to_in_007,5
2024,다다035003,to_in_008,5
2024,다다035005,to_in_001,8
2024,다다035005,to_in_007,5
2024,다다035005,to_in_008,8
2024,다다035006,to_in_001,38
2024,다다035006,to_in_007,18
2024,다다035006,to_in_008,18
2024,다다035007,to_in_001,66
2024,다다035007,to_in_007,36
2024,다다035007,to_in_008,33
2024,다다035008,to_in_001,8
2024,다다035008,to_in_007,8
2024,다다035008,to_in_008,5
2024,다다035013,to_in_001,28
2024,다다035013,to_in_007,13
2024,다다035013,to_in_008,13
2024,다다035014,to_in_001,8
2024,다다035014,to_in_007,5
2024,다다035014,to_in_008,5
2024,다다035015,to_in_001,54
2024,다다035015,to_in_007,28
2024,다다035015,to_in_008,29
2024,다다035016,to_in_001,23
2024,다다035016,to_in_007,13
2024,다다035016,to_in_008,13
2024,다다036001,to_in_001,8
2024,다다036001,to_in_007,5
2024,다다036001,to_in_008,5
2024,다다036004,to_in_001,5
2024,다다036004,to_in_007,5
2024,다다036004,to_in_008,0
2024,다다045004,to_in_001,28
2024,다다045004,to_in_007,18
2024,다다045004,to_in_008,13
2024,다다045005,to_in_001,28
2024,다다045005,to_in_007,13
2024,다다045005,to_in_008,13
2024,다다045006,to_in_001,0
2024,다다045006,to_in_007,0
2024,다다045006,to_in_008,0
2024,다다045007,to_in_001,8
2024,다다045007,to_in_007,5
2024,다다045007,to_in_008,8
2024,다다045009,to_in_001,5
2024,다다045009,to_in_007,5
2024,다다045009,to_in_008,0
2024,다다045010,to_in_001,5
2024,다다045010,to_in_007,5
2024,다다045010,to_in_008,5
2024,다다045018,to_in_001,5
2024,다다045018,to_in_007,5
2024,다다045018,to_in_008,0
2024,다다045019,to_in_001,18
2024,다다045019,to_in_007,8
2024,다다045019,to_in_008,8
2024,다다045020,to_in_001,8
2024,다다045020,to_in_007,5
2024,다다045020,to_in_008,5
2024,다다045021,to_in_001,8
2024,다다045021,to_in_007,5
2024,다다045021,to_in_008,5
2024,다다045022,to_in_001,18
2024,다다045022,to_in_007,13
2024,다다045022,to_in_008,8
2024,다다045023,to_in_001,8
2024,다다045023,to_in_007,5
2024,다다045023,to_in_008,5
2024,다다046000,to_in_001,541
2024,다다046000,to_in_007,200
2024,다다046000,to_in_008,344
2024,다다046001,to_in_001,407
2024,다다046001,to_in_007,179
2024,다다046001,to_in_008,226
2024,다다046002,to_in_001,226
2024,다다046002,to_in_007,98
2024,다다046002,to_in_008,131
2024,다다046003,to_in_001,13
2024,다다046003,to_in_007,8
2024,다다046003,to_in_008,8
2024,다다046004,to_in_001,5
2024,다다046004,to_in_007,0
2024,다다046004,to_in_008,5
2024,다다046005,to_in_001,28
2024,다다046005,to_in_007,18
2024,다다046005,to_in_008,13
2024,다다046006,to_in_001,5
2024,다다046006,to_in_007,5
2024,다다046006,to_in_008,5
2024,다다046007,to_in_001,18
2024,다다046007,to_in_007,13
2024,다다046007,to_in_008,8
2024,다다046009,to_in_001,5
2024,다다046009,to_in_007,5
2024,다다046009,to_in_008,0
2024,다다046010,to_in_001,8
2024,다다046010,to_in_007,5
2024,다다046010,to_in_008,5
2024,다다046019,to_in_001,5
2024,다다046019,to_in_007,0
2024,다다046019,to_in_008,0
2024,다다046020,to_in_001,13
2024,다다046020,to_in_007,8
2024,다다046020,to_in_008,8
2024,다다046023,to_in_001,0
2024,다다046023,to_in_007,0
2024,다다046023,to_in_008,0
2024,다다046024,to_in_001,5
2024,다다046024,to_in_007,5
2024,다다046024,to_in_008,0
2024,다다047000,to_in_001,360
2024,다다047000,to_in_007,155
2024,다다047000,to_in_008,203
2024,다다047001,to_in_001,138
2024,다다047001,to_in_007,52
2024,다다047001,to_in_008,89
2024,다다047002,to_in_001,18
2024,다다047002,to_in_007,8
2024,다다047002,to_in_008,8
2024,다다047003,to_in_001,23
2024,다다047003,to_in_007,13
2024,다다047003,to_in_008,13
2024,다다047004,to_in_001,153
2024,다다047004,to_in_007,74
2024,다다047004,to_in_008,77
2024,다다047005,to_in_001,23
2024,다다047005,to_in_007,13
2024,다다047005,to_in_008,13
2024,다다047006,to_in_001,23
2024,다다047006,to_in_007,13
2024,다다047006,to_in_008,8
2024,다다047007,to_in_001,13
2024,다다047007,to_in_007,8
2024,다다007000,to_in_001,146
2024,다다007000,to_in_007,77
2024,다다007000,to_in_008,72
2024,다다007001,to_in_001,361
2024,다다007001,to_in_007,188
2024,다다007001,to_in_008,176
2024,다다007002,to_in_001,340
2024,다다007002,to_in_007,166
2024,다다007002,to_in_008,167
2024,다다007003,to_in_001,163
2024,다다007003,to_in_007,74
2024,다다007003,to_in_008,87
2024,다다007004,to_in_001,307
2024,다다007004,to_in_007,150
2024,다다007004,to_in_008,160
2024,다다007005,to_in_001,341
2024,다다007005,to_in_007,163
2024,다다007005,to_in_008,181
2024,다다007006,to_in_001,18
2024,다다007006,to_in_007,8
2024,다다007006,to_in_008,8
2024,다다007007,to_in_001,5
2024,다다007007,to_in_007,5
2024,다다007007,to_in_008,0
2024,다다008000,to_in_001,223
2024,다다008000,to_in_007,94
2024,다다008000,to_in_008,127
2024,다다008001,to_in_001,255
2024,다다008001,to_in_007,121
2024,다다008001,to_in_008,137
2024,다다008002,to_in_001,247
2024,다다008002,to_in_007,127
2024,다다008002,to_in_008,118
2024,다다008003,to_in_001,108
2024,다다008003,to_in_007,59
2024,다다008003,to_in_008,47
2024,다다008004,to_in_001,234
2024,다다008004,to_in_007,121
2024,다다008004,to_in_008,111
2024,다다008005,to_in_001,105
2024,다다008005,to_in_007,59
2024,다다008005,to_in_008,44
2024,다다008006,to_in_001,38
2024,다다008006,to_in_007,23
2024,다다008006,to_in_008,18
2024,다다008007,to_in_001,33
2024,다다008007,to_in_007,18
2024,다다008007,to_in_008,18
2024,다다009000,to_in_001,213
2024,다다009000,to_in_007,94
2024,다다009000,to_in_008,117
2024,다다009001,to_in_001,251
2024,다다009001,to_in_007,113
2024,다다009001,to_in_008,131
2024,다다009002,to_in_001,204
2024,다다009002,to_in_007,103
2024,다다009002,to_in_008,99
2024,다다009003,to_in_001,138
2024,다다009003,to_in_007,70
2024,다다009003,to_in_008,66
2024,다다009004,to_in_001,106
2024,다다009004,to_in_007,57
2024,다다009004,to_in_008,52
2024,다다009005,to_in_001,80
2024,다다009005,to_in_007,34
2024,다다009005,to_in_008,44
2024,다다009006,to_in_001,38
2024,다다009006,to_in_007,23
2024,다다009006,to_in_008,18
2024,다다009007,to_in_001,58
2024,다다009007,to_in_007,33
2024,다다009007,to_in_008,28
2024,다다009008,to_in_001,23
2024,다다009008,to_in_007,13
2024,다다009008,to_in_008,8
2024,다다010000,to_in_001,23
2024,다다010000,to_in_007,8
2024,다다010000,to_in_008,13
2024,다다010001,to_in_001,18
2024,다다010001,to_in_007,8
2024,다다010001,to_in_008,8
2024,다다010002,to_in_001,23
2024,다다010002,to_in_007,8
2024,다다010002,to_in_008,13
2024,다다010003,to_in_001,8
2024,다다010003,to_in_007,8
2024,다다010003,to_in_008,0
2024,다다010004,to_in_001,8
2024,다다010004,to_in_007,5
2024,다다010004,to_in_008,5
2024,다다010005,to_in_001,38
2024,다다010005,to_in_007,23
2024,다다010005,to_in_008,18
2024,다다010006,to_in_001,28
2024,다다010006,to_in_007,13
2024,다다010006,to_in_008,13
2024,다다010007,to_in_001,48
2024,다다010007,to_in_007,33
2024,다다010007,to_in_008,18
2024,다다010008,to_in_001,38
2024,다다010008,to_in_007,28
2024,다다010008,to_in_008,13
2024,다다011004,to_in_001,82
2024,다다011004,to_in_007,48
2024,다다011004,to_in_008,32
2024,다다011005,to_in_001,18
2024,다다011005,to_in_007,8
2024,다다011005,to_in_008,8
2024,다다011006,to_in_001,110
2024,다다011006,to_in_007,54
2024,다다011006,to_in_008,54
2024,다다011007,to_in_001,8
2024,다다011007,to_in_007,5
2024,다다011007,to_in_008,8
2024,다다011008,to_in_001,5
2024,다다011008,to_in_007,5
2024,다다011008,to_in_008,0
2024,다다036005,to_in_001,23
2024,다다036005,to_in_007,13
2024,다다036005,to_in_008,8
2024,다다036006,to_in_001,43
2024,다다036006,to_in_007,28
2024,다다036006,to_in_008,18
2024,다다036007,to_in_001,163
2024,다다036007,to_in_007,81
2024,다다036007,to_in_008,80
2024,다다036008,to_in_001,18
2024,다다036008,to_in_007,8
2024,다다036008,to_in_008,13
2024,다다036009,to_in_001,0
2024,다다036009,to_in_007,0
2024,다다036009,to_in_008,0
2024,다다036013,to_in_001,5
2024,다다036013,to_in_007,5
2024,다다036013,to_in_008,0
2024,다다036014,to_in_001,13
2024,다다036014,to_in_007,8
2024,다다036014,to_in_008,5
2024,다다036015,to_in_001,5
2024,다다036015,to_in_007,5
2024,다다036015,to_in_008,0
2024,다다036016,to_in_001,18
2024,다다036016,to_in_007,8
2024,다다036016,to_in_008,8
2024,다다037001,to_in_001,8
2024,다다037001,to_in_007,5
2024,다다037001,to_in_008,5
2024,다다037005,to_in_001,64
2024,다다037005,to_in_007,29
2024,다다037005,to_in_008,33
2024,다다037006,to_in_001,259
2024,다다037006,to_in_007,125
2024,다다037006,to_in_008,137
2024,다다037007,to_in_001,70
2024,다다037007,to_in_007,35
2024,다다037007,to_in_008,33
2024,다다037008,to_in_001,8
2024,다다037008,to_in_007,5
2024,다다037008,to_in_008,8
2024,다다037013,to_in_001,8
2024,다다037013,to_in_007,5
2024,다다037013,to_in_008,5
2024,다다037014,to_in_001,8
2024,다다037014,to_in_007,8
2024,다다037014,to_in_008,0
2024,다다037015,to_in_001,31
2024,다다037015,to_in_007,13
2024,다다037015,to_in_008,21
2024,다다037016,to_in_001,28
2024,다다037016,to_in_007,13
2024,다다037016,to_in_008,13
2024,다다037017,to_in_001,38
2024,다다037017,to_in_007,23
2024,다다037017,to_in_008,13
2024,다다037018,to_in_001,209
2024,다다037018,to_in_007,105
2024,다다037018,to_in_008,107
2024,다다037019,to_in_001,8
2024,다다037019,to_in_007,5
2024,다다037019,to_in_008,5
2024,다다037020,to_in_001,122
2024,다다037020,to_in_007,77
2024,다다037020,to_in_008,43
2024,다다038006,to_in_001,8
2024,다다038006,to_in_007,5
2024,다다038006,to_in_008,8
2024,다다038014,to_in_001,8
2024,다다038014,to_in_007,8
2024,다다038014,to_in_008,0
2024,다다038015,to_in_001,5
2024,다다038015,to_in_007,0
2024,다다038015,to_in_008,5
2024,다다038016,to_in_001,111
2024,다다038016,to_in_007,57
2024,다다038016,to_in_008,57
2024,다다038017,to_in_001,88
2024,다다038017,to_in_007,52
2024,다다038017,to_in_008,39
2024,다다038018,to_in_001,200
2024,다다038018,to_in_007,102
2024,다다038018,to_in_008,96
2024,다다038019,to_in_001,59
2024,다다038019,to_in_007,29
2024,다다038019,to_in_008,28
2024,다다038020,to_in_001,13
2024,다다038020,to_in_007,5
2024,다다038020,to_in_008,8
2024,다다039006,to_in_001,5
2024,다다039006,to_in_007,5
2024,다다039006,to_in_008,0
2024,다다039015,to_in_001,18
2024,다다039015,to_in_007,8
2024,다다039015,to_in_008,8
2024,다다039016,to_in_001,53
2024,다다039016,to_in_007,23
2024,다다039016,to_in_008,28
2024,다다039017,to_in_001,56
2024,다다039017,to_in_007,29
2024,다다039017,to_in_008,25
2024,다다039018,to_in_001,92
2024,다다039018,to_in_007,57
2024,다다039018,to_in_008,38
2024,다다039019,to_in_001,8
2024,다다039019,to_in_007,5
2024,다다039019,to_in_008,5
2024,다다039020,to_in_001,8
2024,다다039020,to_in_007,5
2024,다다039020,to_in_008,5
2024,다다039021,to_in_001,5
2024,다다039021,to_in_007,5
2024,다다039021,to_in_008,0
2024,다다040007,to_in_001,5
2024,다다040007,to_in_007,0
2024,다다040007,to_in_008,0
2024,다다040008,to_in_001,13
2024,다다040008,to_in_007,5
2024,다다040008,to_in_008,8
2024,다다040015,to_in_001,5
2024,다다040015,to_in_007,0
2024,다다040015,to_in_008,0
2024,다다040016,to_in_001,18
2024,다다040016,to_in_007,13
2024,다다040016,to_in_008,8
2024,다다040017,to_in_001,55
2024,다다040017,to_in_007,29
2024,다다040017,to_in_008,29
2024,다다040018,to_in_001,18
2024,다다040018,to_in_007,8
2024,다다040018,to_in_008,8
2024,다다040019,to_in_001,8
2024,다다040019,to_in_007,5
2024,다다040019,to_in_008,5
2024,다다040020,to_in_001,54
2024,다다040020,to_in_007,34
2024,다다040020,to_in_008,23
2024,다다040021,to_in_001,5
2024,다다040021,to_in_007,5
2024,다다040021,to_in_008,5
2024,다다041003,to_in_001,8
2024,다다041003,to_in_007,5
2024,다다041003,to_in_008,5
2024,다다054944,to_in_001,26
2024,다다054944,to_in_007,21
2024,다다054944,to_in_008,5
2024,다다054955,to_in_001,28
2024,다다054955,to_in_007,18
2024,다다054955,to_in_008,13
2024,다다054956,to_in_001,13
2024,다다054956,to_in_007,8
2024,다다054956,to_in_008,8
2024,다다054960,to_in_001,0
2024,다다054960,to_in_007,0
2024,다다054960,to_in_008,0
2024,다다055000,to_in_001,236
2024,다다055000,to_in_007,122
2024,다다055000,to_in_008,112
2024,다다055003,to_in_001,170
2024,다다055003,to_in_007,76
2024,다다055003,to_in_008,97
2024,다다055004,to_in_001,243
2024,다다055004,to_in_007,113
2024,다다055004,to_in_008,128
2024,다다055005,to_in_001,161
2024,다다055005,to_in_007,72
2024,다다055005,to_in_008,87
2024,다다055006,to_in_001,13
2024,다다055006,to_in_007,8
2024,다다055006,to_in_008,5
2024,다다055007,to_in_001,75
2024,다다055007,to_in_007,38
2024,다다055007,to_in_008,40
2024,다다055008,to_in_001,279
2024,다다055008,to_in_007,139
2024,다다056957,to_in_007,18
2024,다다056957,to_in_008,8
2024,다다056958,to_in_001,5
2024,다다056958,to_in_007,5
2024,다다056958,to_in_008,5
2024,다다056959,to_in_001,8
2024,다다056959,to_in_007,5
2024,다다056959,to_in_008,8
2024,다다057000,to_in_001,155
2024,다다057000,to_in_007,60
2024,다다057000,to_in_008,93
2024,다다057001,to_in_001,150
2024,다다057001,to_in_007,76
2024,다다057001,to_in_008,72
2024,다다057002,to_in_001,216
2024,다다057002,to_in_007,104
2024,다다057002,to_in_008,110
2024,다다057003,to_in_001,195
2024,다다057003,to_in_007,90
2024,다다057003,to_in_008,103
2024,다다057004,to_in_001,325
2024,다다057004,to_in_007,161
2024,다다057004,to_in_008,162
2024,다다057005,to_in_001,327
2024,다다057005,to_in_007,159
2024,다다057005,to_in_008,166
2024,다다057006,to_in_001,110
2024,다다057006,to_in_007,54
2024,다다057006,to_in_008,59
2024,다다057007,to_in_001,90
2024,다다057007,to_in_007,45
2024,다다057007,to_in_008,48
2024,다다057008,to_in_001,18
2024,다다057008,to_in_007,8
2024,다다057008,to_in_008,8
2024,다다057025,to_in_001,8
2024,다다057025,to_in_007,5
2024,다다057025,to_in_008,5
2024,다다057886,to_in_001,31
2024,다다057886,to_in_007,26
2024,다다057886,to_in_008,8
2024,다다057887,to_in_001,0
2024,다다057887,to_in_007,0
2024,다다057887,to_in_008,0
2024,다다057943,to_in_001,5
2024,다다057943,to_in_007,5
2024,다다057943,to_in_008,5
2024,다다057957,to_in_001,72
2024,다다057957,to_in_007,52
2024,다다057957,to_in_008,23
2024,다다057958,to_in_001,72
2024,다다057958,to_in_007,47
2024,다다057958,to_in_008,28
2024,다다057959,to_in_001,28
2024,다다057959,to_in_007,13
2024,다다057959,to_in_008,13
2024,다다057960,to_in_001,5
2024,다다057960,to_in_007,0
2024,다다057960,to_in_008,5
2024,다다058000,to_in_001,310
2024,다다058000,to_in_007,135
2024,다다058000,to_in_008,173
2024,다다058001,to_in_001,348
2024,다다058001,to_in_007,152
2024,다다058001,to_in_008,199
2024,다다058002,to_in_001,92
2024,다다058002,to_in_007,44
2024,다다058002,to_in_008,51
2024,다다058003,to_in_001,48
2024,다다058003,to_in_007,23
2024,다다058003,to_in_008,23
2024,다다058004,to_in_001,268
2024,다다058004,to_in_007,120
2024,다다058004,to_in_008,146
2024,다다058005,to_in_001,387
2024,다다058005,to_in_007,176
2024,다다058005,to_in_008,204
2024,다다058006,to_in_001,43
2024,다다058006,to_in_007,18
2024,다다058006,to_in_008,23
2024,다다058007,to_in_001,65
2024,다다058007,to_in_007,33
2024,다다058007,to_in_008,30
2024,다다058008,to_in_001,43
2024,다다058008,to_in_007,23
2024,다다058008,to_in_008,23
2024,다다058016,to_in_001,5
2024,다다058016,to_in_007,5
2024,다다058016,to_in_008,0
2024,다다058886,to_in_001,8
2024,다다058886,to_in_007,8
2024,다다058886,to_in_008,0
2024,다다058943,to_in_001,5
2024,다다058943,to_in_007,0
2024,다다058943,to_in_008,0
2024,다다058957,to_in_001,73
2024,다다058957,to_in_007,48
2024,다다058957,to_in_008,28
2024,다다058958,to_in_001,44
2024,다다058958,to_in_007,24
2024,다다058958,to_in_008,18
2024,다다058959,to_in_001,44
2024,다다058959,to_in_007,29
2024,다다058959,to_in_008,18
2024,다다058960,to_in_001,13
2024,다다058960,to_in_007,8
2024,다다058960,to_in_008,5
2024,다다059000,to_in_001,159
2024,다다059000,to_in_007,75
2024,다다059000,to_in_008,87
2024,다다059001,to_in_001,597
2024,다다059001,to_in_007,279
2024,다다059001,to_in_008,321
2024,다다059002,to_in_001,116
2024,다다059002,to_in_007,55
2024,다다059002,to_in_008,59
2024,다다059003,to_in_001,667
2024,다다059003,to_in_007,347
2024,다다059003,to_in_008,320
2024,다다059004,to_in_001,224
2024,다다059004,to_in_007,108
2024,다다059004,to_in_008,119
2024,다다059005,to_in_001,321
2024,다다059005,to_in_007,164
2024,다다059005,to_in_008,160
2024,다다059006,to_in_001,58
2024,다다059006,to_in_007,33
2024,다다059006,to_in_008,28
2024,다다059007,to_in_001,77
2024,다다059007,to_in_007,37
2024,다다059007,to_in_008,38
2024,다다059008,to_in_001,60
2024,다다059008,to_in_007,28
2024,다다059008,to_in_008,30
2024,다다059009,to_in_001,43
2024,다다059009,to_in_007,23
2024,다다059009,to_in_008,23
2024,다다059010,to_in_001,23
2024,다다059010,to_in_007,13
2024,다다059010,to_in_008,8
2024,다다071004,to_in_001,169
2024,다다071004,to_in_007,82
2024,다다071004,to_in_008,85
2024,다다071005,to_in_001,166
2024,다다071005,to_in_007,83
2024,다다071005,to_in_008,81
2024,다다071006,to_in_001,5
2024,다다071006,to_in_007,5
2024,다다071006,to_in_008,5
2024,다다071011,to_in_001,8
2024,다다071011,to_in_007,8
2024,다다071011,to_in_008,5
2024,다다071012,to_in_001,28
2024,다다071012,to_in_007,18
2024,다다071012,to_in_008,13
2024,다다071013,to_in_001,97
2024,다다071013,to_in_007,48
2024,다다071013,to_in_008,52
2024,다다071014,to_in_001,38
2024,다다071014,to_in_007,23
2024,다다071014,to_in_008,13
2024,다다071017,to_in_001,8
2024,다다071017,to_in_007,5
2024,다다071017,to_in_008,5
2024,다다071770,to_in_001,8
2024,다다071770,to_in_007,8
2024,다다071770,to_in_008,8
2024,다다071771,to_in_001,5
2024,다다071771,to_in_007,0
2024,다다071771,to_in_008,0
2024,다다071966,to_in_001,5
2024,다다071966,to_in_007,0
2024,다다071966,to_in_008,0
2024,다다071967,to_in_001,8
2024,다다071967,to_in_007,8
2024,다다071967,to_in_008,5
2024,다다071968,to_in_001,23
2024,다다071968,to_in_007,13
2024,다다071968,to_in_008,13
2024,다다071969,to_in_001,8
2024,다다071969,to_in_007,8
2024,다다071969,to_in_008,5
2024,다다071987,to_in_001,5
2024,다다071987,to_in_007,5
2024,다다071987,to_in_008,0
2024,다다071989,to_in_001,0
2024,다다071989,to_in_007,0
2024,다다071989,to_in_008,0
2024,다다072000,to_in_001,38
2024,다다072000,to_in_007,23
2024,다다072000,to_in_008,13
2024,다다072001,to_in_001,13
2024,다다072001,to_in_007,8
2024,다다072001,to_in_008,5
2024,다다072002,to_in_001,5
2024,다다072002,to_in_007,0
2024,다다072002,to_in_008,5
2024,다다072003,to_in_001,109
2024,다다072003,to_in_007,57
2024,다다072003,to_in_008,55
2024,다다072004,to_in_001,172
2024,다다072004,to_in_007,90
2024,다다072004,to_in_008,85
2024,다다072005,to_in_001,106
2024,다다072005,to_in_007,55
2024,다다072005,to_in_008,49
2024,다다072006,to_in_001,5
2024,다다072006,to_in_007,5
2024,다다072006,to_in_008,0
2024,다다024010,to_in_001,55
2024,다다024010,to_in_007,29
2024,다다024010,to_in_008,24
2024,다다025000,to_in_001,28
2024,다다025000,to_in_007,13
2024,다다025000,to_in_008,13
2024,다다025001,to_in_001,28
2024,다다025001,to_in_007,13
2024,다다025001,to_in_008,13
2024,다다025002,to_in_001,18
2024,다다025002,to_in_007,8
2024,다다025002,to_in_008,8
2024,다다025003,to_in_001,13
2024,다다025003,to_in_007,8
2024,다다025003,to_in_008,8
2024,다다025004,to_in_001,0
2024,다다025004,to_in_007,0
2024,다다025004,to_in_008,0
2024,다다025005,to_in_001,5
2024,다다025005,to_in_007,0
2024,다다025005,to_in_008,0
2024,다다025006,to_in_001,0
2024,다다025006,to_in_007,0
2024,다다025006,to_in_008,0
2024,다다025007,to_in_001,35
2024,다다025007,to_in_007,13
2024,다다025007,to_in_008,20
2024,다다025010,to_in_001,28
2024,다다025010,to_in_007,13
2024,다다025010,to_in_008,13
2024,다다026000,to_in_001,8
2024,다다026000,to_in_007,8
2024,다다026000,to_in_008,5
2024,다다026001,to_in_001,13
2024,다다026001,to_in_007,8
2024,다다026001,to_in_008,5
2024,다다026008,to_in_001,0
2024,다다026008,to_in_007,0
2024,다다026008,to_in_008,0
2024,다다026010,to_in_001,33
2024,다다026010,to_in_007,18
2024,다다026010,to_in_008,13
2024,다다027004,to_in_001,5
2024,다다027004,to_in_007,5
2024,다다027004,to_in_008,0
2024,다다027009,to_in_001,5
2024,다다027009,to_in_007,5
2024,다다027009,to_in_008,0
2024,다다027010,to_in_001,13
2024,다다027010,to_in_007,8
2024,다다027010,to_in_008,8
2024,다다028006,to_in_001,0
2024,다다028006,to_in_007,0
2024,다다028006,to_in_008,0
2024,다다029006,to_in_001,8
2024,다다029006,to_in_007,5
2024,다다029006,to_in_008,8
2024,다다029007,to_in_001,13
2024,다다029007,to_in_007,5
2024,다다029007,to_in_008,8
2024,다다029009,to_in_001,5
2024,다다029009,to_in_007,5
2024,다다029009,to_in_008,5
2024,다다030005,to_in_001,5
2024,다다030005,to_in_007,5
2024,다다030005,to_in_008,0
2024,다다030006,to_in_001,49
2024,다다030006,to_in_007,23
2024,다다030006,to_in_008,24
2024,다다030009,to_in_001,8
2024,다다030009,to_in_007,8
2024,다다030009,to_in_008,5
2024,다다030014,to_in_001,5
2024,다다030014,to_in_007,0
2024,다다030014,to_in_008,5
2024,다다030015,to_in_001,44
2024,다다030015,to_in_007,24
2024,다다030015,to_in_008,18
2024,다다030016,to_in_001,5
2024,다다030016,to_in_007,0
2024,다다030016,to_in_008,5
2024,다다031001,to_in_001,5
2024,다다031001,to_in_007,0
2024,다다031001,to_in_008,5
2024,다다031002,to_in_001,23
2024,다다031002,to_in_007,13
2024,다다031002,to_in_008,13
2024,다다031003,to_in_001,18
2024,다다031003,to_in_007,8
2024,다다031003,to_in_008,13
2024,다다031004,to_in_001,64
2024,다다031004,to_in_007,34
2024,다다031004,to_in_008,28
2024,다다031005,to_in_001,18
2024,다다031005,to_in_007,8
2024,다다031005,to_in_008,8
2024,다다031006,to_in_001,65
2024,다다031006,to_in_007,35
2024,다다031006,to_in_008,28
2024,다다031009,to_in_001,8
2024,다다031009,to_in_007,5
2024,다다031009,to_in_008,5
2024,다다031010,to_in_001,5
2024,다다031010,to_in_007,0
2024,다다031010,to_in_008,0
2024,다다031011,to_in_001,18
2024,다다031011,to_in_007,8
2024,다다031011,to_in_008,8
2024,다다031012,to_in_001,43
2024,다다031012,to_in_007,23
2024,다다031012,to_in_008,18
2024,다다031013,to_in_001,18
2024,다다031013,to_in_007,8
2024,다다031013,to_in_008,8
2024,다다031014,to_in_001,48
2024,다다031014,to_in_007,23
2024,다다031014,to_in_008,23
2024,다다031015,to_in_001,68
2024,다다031015,to_in_007,43
2024,다다031015,to_in_008,28
2024,다다031016,to_in_001,51
2024,다다031016,to_in_007,31
2024,다다031016,to_in_008,23
2024,다다031017,to_in_001,8
2024,다다031017,to_in_007,8
2024,다다031017,to_in_008,5
2024,다다032000,to_in_001,13
2024,다다032000,to_in_007,8
2024,다다032000,to_in_008,8
2024,다다032001,to_in_001,18
2024,다다032001,to_in_007,8
2024,다다032001,to_in_008,8
2024,다다032002,to_in_001,168
2024,다다032002,to_in_007,87
2024,다다032002,to_in_008,79
2024,다다032003,to_in_001,180
2024,다다032003,to_in_007,94
2024,다다032003,to_in_008,84
2024,다다032004,to_in_001,53
2024,다다032004,to_in_007,28
2024,다다032004,to_in_008,23
2024,다다032005,to_in_001,49
2024,다다032005,to_in_007,29
2024,다다032005,to_in_008,18
2024,다다032006,to_in_001,38
2024,다다032006,to_in_007,18
2024,다다032006,to_in_008,18
2024,다다059011,to_in_001,8
2024,다다059011,to_in_007,5
2024,다다059011,to_in_008,5
2024,다다059012,to_in_001,8
2024,다다059012,to_in_007,8
2024,다다059012,to_in_008,5
2024,다다059032,to_in_001,5
2024,다다059032,to_in_007,0
2024,다다059032,to_in_008,0
2024,다다059033,to_in_001,8
2024,다다059033,to_in_007,5
2024,다다059033,to_in_008,8
2024,다다059949,to_in_001,5
2024,다다059949,to_in_007,5
2024,다다059949,to_in_008,0
2024,다다059955,to_in_001,5
2024,다다059955,to_in_007,5
2024,다다059955,to_in_008,5
2024,다다059956,to_in_001,13
2024,다다059956,to_in_007,8
2024,다다059956,to_in_008,5
2024,다다059957,to_in_001,49
2024,다다059957,to_in_007,34
2024,다다059957,to_in_008,18
2024,다다059958,to_in_001,13
2024,다다059958,to_in_007,8
2024,다다059958,to_in_008,8
2024,다다059959,to_in_001,8
2024,다다059959,to_in_007,8
2024,다다059959,to_in_008,5
2024,다다059960,to_in_001,18
2024,다다059960,to_in_007,13
2024,다다059960,to_in_008,8
2024,다다059961,to_in_001,13
2024,다다059961,to_in_007,8
2024,다다059961,to_in_008,5
2024,다다059993,to_in_001,8
2024,다다059993,to_in_007,8
2024,다다059993,to_in_008,0
2024,다다060000,to_in_001,358
2024,다다060000,to_in_007,153
2024,다다060000,to_in_008,208
2024,다다060001,to_in_001,201
2024,다다060001,to_in_007,102
2024,다다060001,to_in_008,97
2024,다다060002,to_in_001,789
2024,다다060002,to_in_007,321
2024,다다060002,to_in_008,468
2024,다다060003,to_in_001,176
2024,다다060003,to_in_007,71
2024,다다060003,to_in_008,108
2024,다다060004,to_in_001,687
2024,다다060004,to_in_007,320
2024,다다060004,to_in_008,365
2024,다다060005,to_in_001,277
2024,다다060005,to_in_007,125
2024,다다060005,to_in_008,150
2024,다다060006,to_in_001,145
2024,다다060006,to_in_007,67
2024,다다060006,to_in_008,76
2024,다다060007,to_in_001,75
2024,다다060007,to_in_007,35
2024,다다060007,to_in_008,43
2024,다다060008,to_in_001,102
2024,다다060008,to_in_007,50
2024,다다060008,to_in_008,55
2024,다다060009,to_in_001,58
2024,다다060009,to_in_007,28
2024,다다060009,to_in_008,28
2024,다다060032,to_in_001,5
2024,다다060032,to_in_007,0
2024,다다060032,to_in_008,5
2024,다다060033,to_in_001,13
2024,다다060033,to_in_007,8
2024,다다060033,to_in_008,8
2024,다다060034,to_in_001,5
2024,다다060034,to_in_007,5
2024,다다060034,to_in_008,0
2024,다다060959,to_in_001,8
2024,다다060959,to_in_007,8
2024,다다060959,to_in_008,5
2024,다다060960,to_in_001,13
2024,다다060960,to_in_007,8
2024,다다060960,to_in_008,5
2024,다다060961,to_in_001,8
2024,다다060961,to_in_007,5
2024,다다060961,to_in_008,5
2024,다다061000,to_in_001,237
2024,다다061000,to_in_007,111
2024,다다061000,to_in_008,129
2024,다다061001,to_in_001,28
2024,다다061001,to_in_007,13
2024,다다061001,to_in_008,13
2024,다다061002,to_in_001,84
2024,다다061002,to_in_007,33
2024,다다061002,to_in_008,54
2024,다다061003,to_in_001,413
2024,다다061003,to_in_007,215
2024,다다061003,to_in_008,198
2024,다다061004,to_in_001,128
2024,다다061004,to_in_007,58
2024,다다061004,to_in_008,68
2024,다다061005,to_in_001,340
2024,다다061005,to_in_007,168
2024,다다061005,to_in_008,175
2024,다다061006,to_in_001,171
2024,다다061006,to_in_007,95
2024,다다061006,to_in_008,74
2024,다다061007,to_in_001,48
2024,다다061007,to_in_007,28
2024,다다061007,to_in_008,23
2024,다다061008,to_in_001,68
2024,다다061008,to_in_007,33
2024,다다061008,to_in_008,38
2024,다다061009,to_in_001,8
2024,다다061009,to_in_007,5
2024,다다061009,to_in_008,5
2024,다다061010,to_in_001,5
2024,다다061010,to_in_007,5
2024,다다061010,to_in_008,0
2024,다다061012,to_in_001,0
2024,다다061012,to_in_007,0
2024,다다061012,to_in_008,0
2024,다다061014,to_in_001,5
2024,다다061014,to_in_007,0
2024,다다061014,to_in_008,5
2024,다다061015,to_in_001,8
2024,다다061015,to_in_007,5
2024,다다061015,to_in_008,5
2024,다다061033,to_in_001,8
2024,다다061033,to_in_007,8
2024,다다061033,to_in_008,5
2024,다다061034,to_in_001,18
2024,다다061034,to_in_007,13
2024,다다061034,to_in_008,8
2024,다다061772,to_in_001,5
2024,다다061772,to_in_007,5
2024,다다061772,to_in_008,0
2024,다다061961,to_in_001,23
2024,다다061961,to_in_007,13
2024,다다061961,to_in_008,8
2024,다다061962,to_in_001,13
2024,다다061962,to_in_007,8
2024,다다061962,to_in_008,8
2024,다다072989,to_in_001,8
2024,다다072989,to_in_007,5
2024,다다012005,to_in_001,18
2024,다다012005,to_in_007,13
2024,다다012005,to_in_008,5
2024,다다012007,to_in_001,0
2024,다다012007,to_in_007,0
2024,다다012007,to_in_008,0
2024,다다012008,to_in_001,28
2024,다다012008,to_in_007,13
2024,다다012008,to_in_008,13
2024,다다012009,to_in_001,5
2024,다다012009,to_in_007,0
2024,다다012009,to_in_008,0
2024,다다012864,to_in_001,5
2024,다다012864,to_in_007,0
2024,다다012864,to_in_008,5
2024,다다013002,to_in_001,5
2024,다다013002,to_in_007,0
2024,다다013002,to_in_008,5
2024,다다013003,to_in_001,5
2024,다다013003,to_in_007,5
2024,다다013003,to_in_008,5
2024,다다013004,to_in_001,18
2024,다다013004,to_in_007,13
2024,다다013004,to_in_008,8
2024,다다013005,to_in_001,23
2024,다다013005,to_in_007,8
2024,다다013005,to_in_008,13
2024,다다013007,to_in_001,13
2024,다다013007,to_in_007,8
2024,다다013007,to_in_008,8
2024,다다013008,to_in_001,69
2024,다다013008,to_in_007,34
2024,다다013008,to_in_008,33
2024,다다013009,to_in_001,8
2024,다다013009,to_in_007,5
2024,다다013009,to_in_008,5
2024,다다014002,to_in_001,8
2024,다다014002,to_in_007,5
2024,다다014002,to_in_008,5
2024,다다014003,to_in_001,13
2024,다다014003,to_in_007,8
2024,다다014003,to_in_008,8
2024,다다014004,to_in_001,38
2024,다다014004,to_in_007,18
2024,다다014004,to_in_008,18
2024,다다014005,to_in_001,5
2024,다다014005,to_in_007,0
2024,다다014005,to_in_008,5
2024,다다014007,to_in_001,38
2024,다다014007,to_in_007,23
2024,다다014007,to_in_008,18
2024,다다014008,to_in_001,60
2024,다다014008,to_in_007,35
2024,다다014008,to_in_008,23
2024,다다014009,to_in_001,8
2024,다다014009,to_in_007,8
2024,다다014009,to_in_008,5
2024,다다015003,to_in_001,8
2024,다다015003,to_in_007,5
2024,다다015003,to_in_008,5
2024,다다015007,to_in_001,38
2024,다다015007,to_in_007,18
2024,다다015007,to_in_008,18
2024,다다015008,to_in_001,8
2024,다다015008,to_in_007,5
2024,다다015008,to_in_008,5
2024,다다015009,to_in_001,18
2024,다다015009,to_in_007,8
2024,다다015009,to_in_008,8
2024,다다016001,to_in_001,5
2024,다다016001,to_in_007,5
2024,다다016001,to_in_008,0
2024,다다016002,to_in_001,8
2024,다다016002,to_in_007,5
2024,다다016002,to_in_008,8
2024,다다016003,to_in_001,13
2024,다다016003,to_in_007,5
2024,다다016003,to_in_008,8
2024,다다016005,to_in_001,5
2024,다다016005,to_in_007,5
2024,다다016005,to_in_008,0
2024,다다016006,to_in_001,23
2024,다다016006,to_in_007,13
2024,다다016006,to_in_008,8
2024,다다016007,to_in_001,23
2024,다다016007,to_in_007,8
2024,다다016007,to_in_008,13
2024,다다016008,to_in_001,8
2024,다다016008,to_in_007,8
2024,다다016008,to_in_008,8
2024,다다016009,to_in_001,33
2024,다다016009,to_in_007,18
2024,다다016009,to_in_008,13
2024,다다017003,to_in_001,8
2024,다다017003,to_in_007,5
2024,다다017003,to_in_008,5
2024,다다017005,to_in_001,95
2024,다다017005,to_in_007,51
2024,다다017005,to_in_008,47
2024,다다017006,to_in_001,48
2024,다다017006,to_in_007,23
2024,다다017006,to_in_008,23
2024,다다017007,to_in_001,58
2024,다다017007,to_in_007,28
2024,다다017007,to_in_008,33
2024,다다017008,to_in_001,18
2024,다다017008,to_in_007,8
2024,다다017008,to_in_008,8
2024,다다017009,to_in_001,13
2024,다다017009,to_in_007,8
2024,다다017009,to_in_008,5
2024,다다018005,to_in_001,92
2024,다다018005,to_in_007,49
2024,다다018005,to_in_008,46
2024,다다018006,to_in_001,8
2024,다다018006,to_in_007,5
2024,다다018006,to_in_008,8
2024,다다051001,to_in_001,262
2024,다다051001,to_in_007,115
2024,다다051001,to_in_008,145
2024,다다051002,to_in_001,226
2024,다다051002,to_in_007,111
2024,다다051002,to_in_008,113
2024,다다051003,to_in_001,208
2024,다다051003,to_in_007,99
2024,다다051003,to_in_008,112
2024,다다051004,to_in_001,177
2024,다다051004,to_in_007,78
2024,다다051004,to_in_008,102
2024,다다051005,to_in_001,28
2024,다다051005,to_in_007,13
2024,다다051005,to_in_008,13
2024,다다051006,to_in_001,5
2024,다다051006,to_in_007,5
2024,다다051006,to_in_008,0
2024,다다051007,to_in_001,5
2024,다다051007,to_in_007,0
2024,다다051007,to_in_008,5
2024,다다051014,to_in_001,0
2024,다다051014,to_in_007,0
2024,다다051014,to_in_008,0
2024,다다051024,to_in_001,5
2024,다다051024,to_in_007,5
2024,다다051024,to_in_008,5
2024,다다052000,to_in_001,236
2024,다다052000,to_in_007,115
2024,다다052000,to_in_008,124
2024,다다052001,to_in_001,225
2024,다다052001,to_in_007,109
2024,다다052001,to_in_008,114
2024,다다052002,to_in_001,261
2024,다다052002,to_in_007,122
2024,다다052002,to_in_008,142
2024,다다052003,to_in_001,172
2024,다다052003,to_in_007,84
2024,다다052003,to_in_008,86
2024,다다052004,to_in_001,317
2024,다다052004,to_in_007,144
2024,다다052004,to_in_008,173
2024,다다052005,to_in_001,296
2024,다다052005,to_in_007,144
2024,다다052005,to_in_008,155
2024,다다053000,to_in_001,201
2024,다다053000,to_in_007,102
2024,다다053000,to_in_008,102
2024,다다053001,to_in_001,245
2024,다다053001,to_in_007,117
2024,다다053001,to_in_008,131
2024,다다053002,to_in_001,109
2024,다다053002,to_in_007,56
2024,다다053002,to_in_008,51
2024,다다053003,to_in_001,253
2024,다다053003,to_in_007,126
2024,다다053003,to_in_008,125
2024,다다053004,to_in_001,281
2024,다다053004,to_in_007,137
2024,다다053004,to_in_008,142
2024,다다053005,to_in_001,158
2024,다다053005,to_in_007,85
2024,다다053005,to_in_008,76
2024,다다053006,to_in_001,79
2024,다다053006,to_in_007,42
2024,다다053006,to_in_008,40
2024,다다053011,to_in_001,0
2024,다다053011,to_in_007,0
2024,다다053011,to_in_008,0
2024,다다053024,to_in_001,0
2024,다다053024,to_in_007,0
2024,다다053024,to_in_008,0
2024,다다054000,to_in_001,499
2024,다다054000,to_in_007,230
2024,다다054000,to_in_008,269
2024,다다054001,to_in_001,48
2024,다다054001,to_in_007,23
2024,다다054001,to_in_008,23
2024,다다054002,to_in_001,86
2024,다다054002,to_in_007,41
2024,다다054002,to_in_008,43
2024,다다054003,to_in_001,243
2024,다다054003,to_in_007,124
2024,다다054003,to_in_008,122
2024,다다054004,to_in_001,127
2024,다다054004,to_in_007,61
2024,다다054004,to_in_008,64
2024,다다054005,to_in_001,189
2024,다다054005,to_in_007,101
2024,다다054005,to_in_008,86
2024,다다054006,to_in_001,5
2024,다다054006,to_in_007,5
2024,다다054006,to_in_008,0
2024,다다054007,to_in_001,136
2024,다다054007,to_in_007,64
2024,다다054007,to_in_008,70
2024,다다054008,to_in_001,8
2024,다다054008,to_in_007,5
2024,다다054008,to_in_008,5
2024,다다054009,to_in_001,8
2024,다다054009,to_in_007,5
2024,다다054009,to_in_008,5
2024,다다054016,to_in_001,0
2024,다다054016,to_in_007,0
2024,다다054016,to_in_008,0
2024,다다054023,to_in_001,5
2024,다다054023,to_in_007,0
2024,다다054023,to_in_008,0
2024,다다054024,to_in_001,5
2024,다다054024,to_in_007,0
2024,다다054024,to_in_008,5
2024,다다054025,to_in_001,8
2024,다다054025,to_in_007,5
2024,다다054025,to_in_008,5
2024,다다054943,to_in_001,8
2024,다다054943,to_in_007,5
2024,다다054943,to_in_008,5
2024,다다069006,to_in_001,8
2024,다다069006,to_in_007,5
2024,다다069006,to_in_008,5
2024,다다069012,to_in_001,5
2024,다다069012,to_in_007,5
2024,다다069012,to_in_008,0
2024,다다069014,to_in_001,8
2024,다다069014,to_in_007,5
2024,다다069014,to_in_008,5
2024,다다069017,to_in_001,0
2024,다다069017,to_in_007,0
2024,다다069017,to_in_008,0
2024,다다069032,to_in_001,8
2024,다다069032,to_in_007,5
2024,다다069032,to_in_008,5
2024,다다069033,to_in_001,5
2024,다다069033,to_in_007,5
2024,다다069033,to_in_008,0
2024,다다069034,to_in_001,5
2024,다다069034,to_in_007,0
2024,다다069034,to_in_008,0
2024,다다069035,to_in_001,5
2024,다다069035,to_in_007,5
2024,다다069035,to_in_008,5
2024,다다069769,to_in_001,5
2024,다다069769,to_in_007,5
2024,다다069769,to_in_008,0
2024,다다069787,to_in_001,8
2024,다다069787,to_in_007,5
2024,다다069787,to_in_008,5
2024,다다069967,to_in_001,8
2024,다다069967,to_in_007,5
2024,다다069967,to_in_008,5
2024,다다069968,to_in_001,8
2024,다다069968,to_in_007,5
2024,다다069968,to_in_008,5
2024,다다069990,to_in_001,5
2024,다다069990,to_in_007,0
2024,다다069990,to_in_008,5
2024,다다069991,to_in_001,18
2024,다다069991,to_in_007,13
2024,다다069991,to_in_008,8
2024,다다069992,to_in_001,43
2024,다다069992,to_in_007,23
2024,다다069992,to_in_008,18
2024,다다070000,to_in_001,86
2024,다다070000,to_in_007,39
2024,다다070000,to_in_008,50
2024,다다070003,to_in_001,184
2024,다다070003,to_in_007,104
2024,다다070003,to_in_008,78
2024,다다070004,to_in_001,185
2024,다다070004,to_in_007,85
2024,다다070004,to_in_008,103
2024,다다070005,to_in_001,146
2024,다다070005,to_in_007,78
2024,다다070005,to_in_008,71
2024,다다070006,to_in_001,206
2024,다다070006,to_in_007,103
2024,다다055008,to_in_008,138
2024,다다055009,to_in_001,66
2024,다다055009,to_in_007,28
2024,다다055009,to_in_008,41
2024,다다055025,to_in_001,13
2024,다다055025,to_in_007,5
2024,다다055025,to_in_008,8
2024,다다055940,to_in_001,8
2024,다다055940,to_in_007,5
2024,다다055940,to_in_008,5
2024,다다055941,to_in_001,5
2024,다다055941,to_in_007,5
2024,다다055941,to_in_008,0
2024,다다055942,to_in_001,23
2024,다다055942,to_in_007,18
2024,다다055942,to_in_008,5
2024,다다055943,to_in_001,47
2024,다다055943,to_in_007,32
2024,다다055943,to_in_008,13
2024,다다055944,to_in_001,58
2024,다다055944,to_in_007,38
2024,다다055944,to_in_008,18
2024,다다055945,to_in_001,5
2024,다다055945,to_in_007,5
2024,다다055945,to_in_008,0
2024,다다055955,to_in_001,8
2024,다다055955,to_in_007,8
2024,다다055955,to_in_008,5
2024,다다055956,to_in_001,13
2024,다다055956,to_in_007,8
2024,다다055956,to_in_008,8
2024,다다055957,to_in_001,13
2024,다다055957,to_in_007,8
2024,다다055957,to_in_008,8
2024,다다055993,to_in_001,5
2024,다다055993,to_in_007,5
2024,다다055993,to_in_008,0
2024,다다056000,to_in_001,323
2024,다다056000,to_in_007,172
2024,다다056000,to_in_008,149
2024,다다056001,to_in_001,131
2024,다다056001,to_in_007,78
2024,다다056001,to_in_008,51
2024,다다056003,to_in_001,299
2024,다다056003,to_in_007,150
2024,다다056003,to_in_008,152
2024,다다056005,to_in_001,182
2024,다다056005,to_in_007,86
2024,다다056005,to_in_008,99
2024,다다056006,to_in_001,28
2024,다다056006,to_in_007,13
2024,다다056006,to_in_008,13
2024,다다056007,to_in_001,95
2024,다다056007,to_in_007,47
2024,다다056007,to_in_008,46
2024,다다056008,to_in_001,53
2024,다다056008,to_in_007,28
2024,다다056008,to_in_008,28
2024,다다056009,to_in_001,70
2024,다다056009,to_in_007,38
2024,다다056009,to_in_008,35
2024,다다056011,to_in_001,5
2024,다다056011,to_in_007,5
2024,다다056011,to_in_008,0
2024,다다056016,to_in_001,5
2024,다다056016,to_in_007,0
2024,다다056016,to_in_008,5
2024,다다056026,to_in_001,8
2024,다다056026,to_in_007,5
2024,다다056026,to_in_008,5
2024,다다056027,to_in_001,5
2024,다다056027,to_in_007,5
2024,다다056027,to_in_008,0
2024,다다056939,to_in_001,8
2024,다다056939,to_in_007,8
2024,다다056939,to_in_008,0
2024,다다056940,to_in_001,8
2024,다다056940,to_in_007,5
2024,다다056940,to_in_008,5
2024,다다056943,to_in_001,18
2024,다다056943,to_in_007,13
2024,다다056943,to_in_008,5
2024,다다056944,to_in_001,28
2024,다다056944,to_in_007,18
2024,다다056944,to_in_008,8
2024,다다064002,to_in_001,18
2024,다다064002,to_in_007,13
2024,다다064002,to_in_008,5
2024,다다064003,to_in_001,136
2024,다다064003,to_in_007,53
2024,다다064003,to_in_008,81
2024,다다064004,to_in_001,168
2024,다다064004,to_in_007,80
2024,다다064004,to_in_008,86
2024,다다064005,to_in_001,89
2024,다다064005,to_in_007,51
2024,다다064005,to_in_008,41
2024,다다064006,to_in_001,179
2024,다다064006,to_in_007,89
2024,다다064006,to_in_008,88
2024,다다064007,to_in_001,18
2024,다다064007,to_in_007,13
2024,다다064007,to_in_008,8
2024,다다064014,to_in_001,8
2024,다다064014,to_in_007,8
2024,다다064014,to_in_008,5
2024,다다064017,to_in_001,0
2024,다다064017,to_in_007,0
2024,다다064017,to_in_008,0
2024,다다064034,to_in_001,18
2024,다다064034,to_in_007,8
2024,다다064034,to_in_008,8
2024,다다064035,to_in_001,5
2024,다다064035,to_in_007,5
2024,다다064035,to_in_008,5
2024,다다064775,to_in_001,13
2024,다다064775,to_in_007,8
2024,다다064775,to_in_008,8
2024,다다064776,to_in_001,23
2024,다다064776,to_in_007,13
2024,다다064776,to_in_008,8
2024,다다064777,to_in_001,8
2024,다다064777,to_in_007,5
2024,다다064777,to_in_008,5
2024,다다064965,to_in_001,8
2024,다다064965,to_in_007,8
2024,다다064965,to_in_008,5
2024,다다065000,to_in_001,233
2024,다다065000,to_in_007,103
2024,다다065000,to_in_008,128
2024,다다065001,to_in_001,343
2024,다다065001,to_in_007,161
2024,다다065001,to_in_008,185
2024,다다065002,to_in_001,8
2024,다다065002,to_in_007,0
2024,다다065002,to_in_008,8
2024,다다065003,to_in_001,238
2024,다다065003,to_in_007,128
2024,다다065003,to_in_008,108
2024,다다065004,to_in_001,234
2024,다다065004,to_in_007,121
2024,다다065004,to_in_008,116
2024,다다065005,to_in_001,222
2024,다다065005,to_in_007,117
2024,다다065005,to_in_008,108
2024,다다065006,to_in_001,303
2024,다다065006,to_in_007,141
2024,다다065006,to_in_008,165
2024,다다065007,to_in_001,58
2024,다다065007,to_in_007,28
2024,다다065007,to_in_008,28
2024,다다065008,to_in_001,43
2024,다다065008,to_in_007,23
2024,다다065008,to_in_008,23
2024,다다065009,to_in_001,33
2024,다다065009,to_in_007,18
2024,다다065009,to_in_008,13
2024,다다065014,to_in_001,5
2024,다다065014,to_in_007,0
2024,다다065014,to_in_008,5
2024,다다065016,to_in_001,18
2024,다다065016,to_in_007,8
2024,다다065016,to_in_008,8
2024,다다065032,to_in_001,5
2024,다다065032,to_in_007,5
2024,다다065032,to_in_008,5
2024,다다065034,to_in_001,13
2024,다다065034,to_in_007,5
2024,다다065034,to_in_008,8
2024,다다065035,to_in_001,5
2024,다다065035,to_in_007,5
2024,다다065035,to_in_008,0
2024,다다065776,to_in_001,13
2024,다다065776,to_in_007,8
2024,다다065776,to_in_008,8
2024,다다065777,to_in_001,8
2024,다다065777,to_in_007,8
2024,다다065777,to_in_008,0
2024,다다066000,to_in_001,381
2024,다다066000,to_in_007,194
2024,다다066000,to_in_008,185
2024,다다066001,to_in_001,190
2024,다다066001,to_in_007,99
2024,다다066001,to_in_008,89
2024,다다066002,to_in_001,38
2024,다다066002,to_in_007,23
2024,다다066002,to_in_008,18
2024,다다066003,to_in_001,115
2024,다다066003,to_in_007,57
2024,다다066003,to_in_008,56
2024,다다066004,to_in_001,293
2024,다다066004,to_in_007,142
2024,다다066004,to_in_008,151
2024,다다066005,to_in_001,226
2024,다다066005,to_in_007,112
2024,다다066005,to_in_008,112
2024,다다066006,to_in_001,140
2024,다다066006,to_in_007,75
2024,다다066006,to_in_008,68
2024,다다066007,to_in_001,8
2024,다다066007,to_in_007,8
2024,다다066007,to_in_008,5
2024,다다066008,to_in_001,48
2024,다다066008,to_in_007,28
2024,다다066008,to_in_008,23
2024,다다066009,to_in_001,71
2024,다다066009,to_in_007,28
2024,다다066009,to_in_008,41
2024,다다066033,to_in_001,5
2024,다다066033,to_in_007,5
2024,다다066033,to_in_008,5
2024,다다066034,to_in_001,5
2024,다다066034,to_in_007,0
2024,다다066034,to_in_008,5
2024,다다066035,to_in_001,5
2024,다다066035,to_in_007,0
2024,다다066035,to_in_008,5
2024,다다067000,to_in_001,5
2024,다다067000,to_in_007,0
2024,다다067000,to_in_008,5
2024,다다074023,to_in_001,13
2024,다다074023,to_in_007,8
2024,다다074023,to_in_008,8
2024,다다074024,to_in_001,63
2024,다다074024,to_in_007,28
2024,다다074024,to_in_008,33
2024,다다074025,to_in_001,75
2024,다다074025,to_in_007,44
2024,다다074025,to_in_008,29
2024,다다074026,to_in_001,109
2024,다다074026,to_in_007,55
2024,다다074026,to_in_008,52
2024,다다074027,to_in_001,135
2024,다다074027,to_in_007,71
2024,다다074027,to_in_008,62
2024,다다074028,to_in_001,18
2024,다다074028,to_in_007,8
2024,다다074028,to_in_008,8
2024,다다074029,to_in_001,18
2024,다다074029,to_in_007,13
2024,다다074029,to_in_008,8
2024,다다074030,to_in_001,8
2024,다다074030,to_in_007,8
2024,다다074030,to_in_008,5
2024,다다074031,to_in_001,5
2024,다다074031,to_in_007,0
2024,다다074031,to_in_008,0
2024,다다074771,to_in_001,5
2024,다다074771,to_in_007,0
2024,다다074771,to_in_008,0
2024,다다075000,to_in_001,43
2024,다다075000,to_in_007,23
2024,다다075000,to_in_008,18
2024,다다075001,to_in_001,5
2024,다다075001,to_in_007,5
2024,다다075001,to_in_008,0
2024,다다075004,to_in_001,5
2024,다다075004,to_in_007,5
2024,다다075004,to_in_008,0
2024,다다075005,to_in_001,8
2024,다다075005,to_in_007,5
2024,다다075005,to_in_008,5
2024,다다075006,to_in_001,38
2024,다다075006,to_in_007,23
2024,다다075006,to_in_008,13
2024,다다075007,to_in_001,13
2024,다다075007,to_in_007,8
2024,다다075007,to_in_008,8
2024,다다075008,to_in_001,5
2024,다다075008,to_in_007,0
2024,다다075008,to_in_008,0
2024,다다075009,to_in_001,33
2024,다다075009,to_in_007,13
2024,다다075009,to_in_008,18
2024,다다075010,to_in_001,77
2024,다다075010,to_in_007,42
2024,다다075010,to_in_008,33
2024,다다075011,to_in_001,18
2024,다다075011,to_in_007,8
2024,다다075011,to_in_008,8
2024,다다075012,to_in_001,48
2024,다다075012,to_in_007,18
2024,다다075012,to_in_008,28
2024,다다075014,to_in_001,38
2024,다다075014,to_in_007,18
2024,다다075014,to_in_008,18
2024,다다075015,to_in_001,76
2024,다다075015,to_in_007,41
2024,다다075015,to_in_008,33
2024,다다075016,to_in_001,71
2024,다다075016,to_in_007,35
2024,다다075016,to_in_008,34
2024,다다075021,to_in_001,8
2024,다다047007,to_in_008,5
2024,다다047008,to_in_001,28
2024,다다047008,to_in_007,13
2024,다다047008,to_in_008,13
2024,다다047009,to_in_001,13
2024,다다047009,to_in_007,8
2024,다다047009,to_in_008,8
2024,다다047023,to_in_001,23
2024,다다047023,to_in_007,13
2024,다다047023,to_in_008,8
2024,다다047024,to_in_001,8
2024,다다047024,to_in_007,5
2024,다다047024,to_in_008,5
2024,다다048000,to_in_001,131
2024,다다048000,to_in_007,64
2024,다다048000,to_in_008,65
2024,다다061963,to_in_001,8
2024,다다061963,to_in_007,5
2024,다다061963,to_in_008,5
2024,다다062000,to_in_001,38
2024,다다062000,to_in_007,23
2024,다다062000,to_in_008,18
2024,다다062001,to_in_001,18
2024,다다062001,to_in_007,13
2024,다다062001,to_in_008,8
2024,다다062002,to_in_001,239
2024,다다062002,to_in_007,120
2024,다다062002,to_in_008,117
2024,다다062003,to_in_001,74
2024,다다062003,to_in_007,38
2024,다다062003,to_in_008,39
2024,다다062004,to_in_001,92
2024,다다062004,to_in_007,48
2024,다다062004,to_in_008,47
2024,다다062005,to_in_001,202
2024,다다062005,to_in_007,103
2024,다다062005,to_in_008,97
2024,다다062006,to_in_001,131
2024,다다062006,to_in_007,59
2024,다다062006,to_in_008,70
2024,다다062007,to_in_001,5
2024,다다062007,to_in_007,5
2024,다다062007,to_in_008,5
2024,다다062009,to_in_001,5
2024,다다062009,to_in_007,5
2024,다다062009,to_in_008,0
2024,다다062015,to_in_001,8
2024,다다062015,to_in_007,8
2024,다다062015,to_in_008,5
2024,다다062016,to_in_001,5
2024,다다062016,to_in_007,0
2024,다다062016,to_in_008,5
2024,다다062034,to_in_001,13
2024,다다062034,to_in_007,5
2024,다다062034,to_in_008,8
2024,다다062772,to_in_001,13
2024,다다062772,to_in_007,8
2024,다다062772,to_in_008,8
2024,다다062773,to_in_001,5
2024,다다062773,to_in_007,0
2024,다다062773,to_in_008,0
2024,다다062775,to_in_001,5
2024,다다062775,to_in_007,5
2024,다다062775,to_in_008,0
2024,다다062962,to_in_001,18
2024,다다062962,to_in_007,13
2024,다다062962,to_in_008,8
2024,다다062963,to_in_001,5
2024,다다062963,to_in_007,5
2024,다다062963,to_in_008,5
2024,다다062994,to_in_001,5
2024,다다062994,to_in_007,0
2024,다다062994,to_in_008,5
2024,다다063000,to_in_001,101
2024,다다063000,to_in_007,53
2024,다다063000,to_in_008,46
2024,다다063001,to_in_001,23
2024,다다063001,to_in_007,8
2024,다다063001,to_in_008,13
2024,다다063002,to_in_001,104
2024,다다063002,to_in_007,51
2024,다다063002,to_in_008,51
2024,다다063003,to_in_001,146
2024,다다063003,to_in_007,69
2024,다다063003,to_in_008,75
2024,다다063005,to_in_001,175
2024,다다063005,to_in_007,95
2024,다다063005,to_in_008,78
2024,다다063006,to_in_001,74
2024,다다063006,to_in_007,44
2024,다다063006,to_in_008,33
2024,다다063014,to_in_001,33
2024,다다063014,to_in_007,18
2024,다다063014,to_in_008,18
2024,다다063015,to_in_001,38
2024,다다063015,to_in_007,18
2024,다다063015,to_in_008,18
2024,다다063016,to_in_001,5
2024,다다063016,to_in_007,5
2024,다다063016,to_in_008,0
2024,다다063034,to_in_001,13
2024,다다063034,to_in_007,8
2024,다다063034,to_in_008,8
2024,다다063035,to_in_001,0
2024,다다063035,to_in_007,0
2024,다다063035,to_in_008,0
2024,다다063773,to_in_001,28
2024,다다063773,to_in_007,13
2024,다다063773,to_in_008,13
2024,다다063774,to_in_001,28
2024,다다063774,to_in_007,18
2024,다다063774,to_in_008,13
2024,다다063775,to_in_001,13
2024,다다063775,to_in_007,13
2024,다다063775,to_in_008,5
2024,다다063776,to_in_001,23
2024,다다063776,to_in_007,13
2024,다다063776,to_in_008,8
2024,다다063777,to_in_001,0
2024,다다063777,to_in_007,0
2024,다다063777,to_in_008,0
2024,다다063961,to_in_001,5
2024,다다063961,to_in_007,0
2024,다다063961,to_in_008,0
2024,다다063962,to_in_001,5
2024,다다063962,to_in_007,5
2024,다다063962,to_in_008,5
2024,다다063963,to_in_001,5
2024,다다063963,to_in_007,5
2024,다다063963,to_in_008,0
2024,다다063965,to_in_001,5
2024,다다063965,to_in_007,5
2024,다다063965,to_in_008,5
2024,다다063992,to_in_001,5
2024,다다063992,to_in_007,0
2024,다다063992,to_in_008,0
2024,다다063993,to_in_001,20
2024,다다063993,to_in_007,20
2024,다다063993,to_in_008,8
2024,다다063994,to_in_001,13
2024,다다063994,to_in_007,8
2024,다다063994,to_in_008,5
2024,다다064000,to_in_001,98
2024,다다064000,to_in_007,51
2024,다다064000,to_in_008,50
2024,다다064001,to_in_001,199
2024,다다064001,to_in_007,99
2024,다다064001,to_in_008,103
2024,다다067002,to_in_001,5
2024,다다067002,to_in_007,5
2024,다다067002,to_in_008,0
2024,다다067003,to_in_001,141
2024,다다067003,to_in_007,68
2024,다다067003,to_in_008,71
2024,다다067004,to_in_001,91
2024,다다067004,to_in_007,41
2024,다다067004,to_in_008,48
2024,다다067005,to_in_001,280
2024,다다067005,to_in_007,137
2024,다다067005,to_in_008,146
2024,다다067006,to_in_001,81
2024,다다067006,to_in_007,43
2024,다다067006,to_in_008,41
2024,다다067007,to_in_001,40
2024,다다067007,to_in_007,23
2024,다다067007,to_in_008,20
2024,다다067008,to_in_001,28
2024,다다067008,to_in_007,13
2024,다다067008,to_in_008,18
2024,다다067009,to_in_001,23
2024,다다067009,to_in_007,13
2024,다다067009,to_in_008,8
2024,다다067020,to_in_001,5
2024,다다067020,to_in_007,5
2024,다다067020,to_in_008,0
2024,다다067033,to_in_001,5
2024,다다067033,to_in_007,0
2024,다다067033,to_in_008,0
2024,다다067034,to_in_001,5
2024,다다067034,to_in_007,5
2024,다다067034,to_in_008,0
2024,다다067769,to_in_001,21
2024,다다067769,to_in_007,21
2024,다다067769,to_in_008,5
2024,다다067770,to_in_001,0
2024,다다067770,to_in_007,0
2024,다다067770,to_in_008,0
2024,다다067993,to_in_001,8
2024,다다067993,to_in_007,8
2024,다다067993,to_in_008,5
2024,다다068000,to_in_001,74
2024,다다068000,to_in_007,33
2024,다다068000,to_in_008,39
2024,다다068003,to_in_001,56
2024,다다068003,to_in_007,36
2024,다다068003,to_in_008,18
2024,다다068004,to_in_001,69
2024,다다068004,to_in_007,33
2024,다다068004,to_in_008,34
2024,다다068005,to_in_001,8
2024,다다068005,to_in_007,5
2024,다다068005,to_in_008,5
2024,다다068006,to_in_001,8
2024,다다068006,to_in_007,5
2024,다다068006,to_in_008,5
2024,다다068012,to_in_001,5
2024,다다068012,to_in_007,0
2024,다다068012,to_in_008,5
2024,다다068018,to_in_001,0
2024,다다068018,to_in_007,0
2024,다다068018,to_in_008,0
2024,다다068019,to_in_001,5
2024,다다068019,to_in_007,0
2024,다다068019,to_in_008,5
2024,다다068033,to_in_001,0
2024,다다068033,to_in_007,0
2024,다다068033,to_in_008,0
2024,다다068034,to_in_001,5
2024,다다068034,to_in_007,5
2024,다다068034,to_in_008,0
2024,다다068035,to_in_001,5
2024,다다068035,to_in_007,0
2024,다다068035,to_in_008,0
2024,다다068968,to_in_001,0
2024,다다068968,to_in_007,0
2024,다다068968,to_in_008,0
2024,다다068969,to_in_001,5
2024,다다068969,to_in_007,0
2024,다다068969,to_in_008,5
2024,다다068970,to_in_001,13
2024,다다068970,to_in_007,8
2024,다다068970,to_in_008,8
2024,다다068971,to_in_001,5
2024,다다068971,to_in_007,0
2024,다다068971,to_in_008,5
2024,다다068991,to_in_001,8
2024,다다068991,to_in_007,8
2024,다다068991,to_in_008,5
2024,다다068992,to_in_001,18
2024,다다068992,to_in_007,8
2024,다다068992,to_in_008,8
2024,다다068994,to_in_001,0
2024,다다068994,to_in_007,0
2024,다다068994,to_in_008,0
2024,다다069000,to_in_001,85
2024,다다069000,to_in_007,47
2024,다다069000,to_in_008,41
2024,다다069003,to_in_001,121
2024,다다069003,to_in_007,60
2024,다다069003,to_in_008,64
2024,다다069004,to_in_001,198
2024,다다069004,to_in_007,93
2024,다다069004,to_in_008,103
2024,다다069005,to_in_001,171
2024,다다069005,to_in_007,83
2024,다다069005,to_in_008,86
2024,다다076008,to_in_001,53
2024,다다076008,to_in_007,28
2024,다다076008,to_in_008,23
2024,다다076009,to_in_001,28
2024,다다076009,to_in_007,13
2024,다다076009,to_in_008,13
2024,다다076010,to_in_001,18
2024,다다076010,to_in_007,8
2024,다다076010,to_in_008,8
2024,다다076011,to_in_001,33
2024,다다076011,to_in_007,18
2024,다다076011,to_in_008,13
2024,다다076012,to_in_001,70
2024,다다076012,to_in_007,40
2024,다다076012,to_in_008,33
2024,다다076013,to_in_001,5
2024,다다076013,to_in_007,5
2024,다다076013,to_in_008,0
2024,다다076014,to_in_001,33
2024,다다076014,to_in_007,13
2024,다다076014,to_in_008,18
2024,다다076015,to_in_001,33
2024,다다076015,to_in_007,18
2024,다다076015,to_in_008,18
2024,다다076016,to_in_001,58
2024,다다076016,to_in_007,33
2024,다다076016,to_in_008,23
2024,다다076017,to_in_001,8
2024,다다076017,to_in_007,5
2024,다다076017,to_in_008,5
2024,다다076020,to_in_001,28
2024,다다076020,to_in_007,18
2024,다다076020,to_in_008,8
2024,다다076021,to_in_001,38
2024,다다076021,to_in_007,18
2024,다다076021,to_in_008,18
2024,다다076022,to_in_001,46
2024,다다072010,to_in_001,8
2024,다다072010,to_in_007,5
2024,다다072010,to_in_008,5
2024,다다072011,to_in_001,5
2024,다다072011,to_in_007,5
2024,다다072011,to_in_008,5
2024,다다072012,to_in_001,13
2024,다다072012,to_in_007,8
2024,다다072012,to_in_008,8
2024,다다072013,to_in_001,43
2024,다다072013,to_in_007,23
2024,다다072013,to_in_008,18
2024,다다072014,to_in_001,8
2024,다다072014,to_in_007,5
2024,다다072014,to_in_008,5
2024,다다072018,to_in_001,5
2024,다다072018,to_in_007,0
2024,다다072018,to_in_008,5
2024,다다072024,to_in_001,5
2024,다다072024,to_in_007,5
2024,다다072024,to_in_008,0
2024,다다072029,to_in_001,5
2024,다다072029,to_in_007,5
2024,다다072029,to_in_008,0
2024,다다072030,to_in_001,5
2024,다다072030,to_in_007,0
2024,다다072030,to_in_008,5
2024,다다072769,to_in_001,33
2024,다다072769,to_in_007,23
2024,다다072769,to_in_008,8
2024,다다072770,to_in_001,59
2024,다다072770,to_in_007,44
2024,다다072770,to_in_008,13
2024,다다072771,to_in_001,19
2024,다다072771,to_in_007,14
2024,다다072771,to_in_008,5
2024,다다072967,to_in_001,13
2024,다다072967,to_in_007,8
2024,다다072967,to_in_008,5
2024,다다072987,to_in_001,8
2024,다다072987,to_in_007,8
2024,다다072987,to_in_008,5
2024,다다072988,to_in_001,5
2024,다다072988,to_in_007,5
2024,다다072988,to_in_008,0
2024,다다081999,to_in_001,5
2024,다다081999,to_in_007,5
2024,다다081999,to_in_008,0
2024,다다082000,to_in_001,349
2024,다다082000,to_in_007,176
2024,다다082000,to_in_008,176
2024,다다082001,to_in_001,364
2024,다다082001,to_in_007,188
2024,다다082001,to_in_008,174
2024,다다082002,to_in_001,338
2024,다다082002,to_in_007,182
2024,다다082002,to_in_008,154
2024,다다082003,to_in_001,74
2024,다다082003,to_in_007,38
2024,다다082003,to_in_008,39
2024,다다082004,to_in_001,98
2024,다다082004,to_in_007,46
2024,다다082004,to_in_008,50
2024,다다082005,to_in_001,13
2024,다다082005,to_in_007,8
2024,다다082005,to_in_008,5
2024,다다082006,to_in_001,177
2024,다다082006,to_in_007,90
2024,다다082006,to_in_008,90
2024,다다082007,to_in_001,58
2024,다다082007,to_in_007,23
2024,다다082007,to_in_008,33
2024,다다082008,to_in_001,5
2024,다다082008,to_in_007,0
2024,다다082008,to_in_008,0
2024,다다082013,to_in_001,5
2024,다다082013,to_in_007,0
2024,다다082013,to_in_008,5
2024,다다082014,to_in_001,74
2024,다다082014,to_in_007,41
2024,다다082014,to_in_008,36
2024,다다082015,to_in_001,181
2024,다다082015,to_in_007,85
2024,다다082015,to_in_008,94
2024,다다082016,to_in_001,85
2024,다다082016,to_in_007,45
2024,다다082016,to_in_008,43
2024,다다082017,to_in_001,140
2024,다다082017,to_in_007,69
2024,다다082017,to_in_008,69
2024,다다082018,to_in_001,102
2024,다다082018,to_in_007,56
2024,다다082018,to_in_008,44
2024,다다082019,to_in_001,101
2024,다다082019,to_in_007,43
2024,다다082019,to_in_008,56
2024,다다082020,to_in_001,138
2024,다다082020,to_in_007,63
2024,다다082020,to_in_008,73
2024,다다082021,to_in_001,115
2024,다다082021,to_in_007,53
2024,다다082021,to_in_008,60
2024,다다082022,to_in_001,144
2024,다다082022,to_in_007,76
2024,다다082022,to_in_008,66
2024,다다082023,to_in_001,110
2024,다다082023,to_in_007,61
2024,다다082023,to_in_008,47
2024,다다082024,to_in_001,190
2024,다다082024,to_in_007,92
2024,다다082024,to_in_008,96
2024,다다082025,to_in_001,23
2024,다다082025,to_in_007,13
2024,다다082025,to_in_008,13
2024,다다082026,to_in_001,63
2024,다다082026,to_in_007,38
2024,다다082026,to_in_008,28
2024,다다082027,to_in_001,140
2024,다다082027,to_in_007,65
2024,다다082027,to_in_008,73
2024,다다082028,to_in_001,223
2024,다다082028,to_in_007,121
2024,다다082028,to_in_008,105
2024,다다082029,to_in_001,145
2024,다다082029,to_in_007,65
2024,다다082029,to_in_008,78
2024,다다082030,to_in_001,5
2024,다다082030,to_in_007,0
2024,다다082030,to_in_008,5
2024,다다082731,to_in_001,0
2024,다다082731,to_in_007,0
2024,다다082731,to_in_008,0
2024,다다082775,to_in_001,8
2024,다다082775,to_in_007,5
2024,다다082775,to_in_008,0
2024,다다082776,to_in_001,5
2024,다다082776,to_in_007,5
2024,다다082776,to_in_008,0
2024,다다082778,to_in_001,0
2024,다다082778,to_in_007,0
2024,다다082778,to_in_008,0
2024,다다082974,to_in_001,5
2024,다다082974,to_in_007,5
2024,다다082974,to_in_008,0
2024,다다082976,to_in_001,5
2024,다다082976,to_in_007,0
2024,다다082976,to_in_008,5
2024,다다082977,to_in_001,8
2024,다다082977,to_in_007,5
2024,다다082977,to_in_008,8
2024,다다083000,to_in_001,106
2024,다다083000,to_in_007,49
2024,다다083000,to_in_008,55
2024,다다086021,to_in_001,122
2024,다다086021,to_in_007,54
2024,다다086021,to_in_008,66
2024,다다086022,to_in_001,57
2024,다다086022,to_in_007,29
2024,다다086022,to_in_008,31
2024,다다086023,to_in_001,228
2024,다다086023,to_in_007,115
2024,다다086023,to_in_008,116
2024,다다086024,to_in_001,140
2024,다다086024,to_in_007,77
2024,다다086024,to_in_008,61
2024,다다086025,to_in_001,119
2024,다다086025,to_in_007,61
2024,다다086025,to_in_008,56
2024,다다086026,to_in_001,38
2024,다다086026,to_in_007,18
2024,다다086026,to_in_008,18
2024,다다086027,to_in_001,82
2024,다다086027,to_in_007,46
2024,다다086027,to_in_008,39
2024,다다086028,to_in_001,143
2024,다다086028,to_in_007,75
2024,다다086028,to_in_008,71
2024,다다086029,to_in_001,13
2024,다다086029,to_in_007,8
2024,다다086029,to_in_008,5
2024,다다086030,to_in_001,18
2024,다다086030,to_in_007,13
2024,다다086030,to_in_008,8
2024,다다086031,to_in_001,8
2024,다다086031,to_in_007,8
2024,다다086031,to_in_008,5
2024,다다086032,to_in_001,5
2024,다다086032,to_in_007,5
2024,다다086032,to_in_008,0
2024,다다086033,to_in_001,5
2024,다다086033,to_in_007,5
2024,다다086033,to_in_008,5
2024,다다086726,to_in_001,0
2024,다다086726,to_in_007,0
2024,다다086726,to_in_008,0
2024,다다086730,to_in_001,8
2024,다다086730,to_in_007,5
2024,다다086730,to_in_008,5
2024,다다086731,to_in_001,28
2024,다다086731,to_in_007,13
2024,다다086731,to_in_008,13
2024,다다086732,to_in_001,13
2024,다다086732,to_in_007,8
2024,다다086732,to_in_008,8
2024,다다086783,to_in_001,8
2024,다다086783,to_in_007,5
2024,다다086783,to_in_008,5
2024,다다086784,to_in_001,23
2024,다다086784,to_in_007,18
2024,다다086784,to_in_008,8
2024,다다086785,to_in_001,13
2024,다다086785,to_in_007,8
2024,다다086785,to_in_008,8
2024,다다086786,to_in_001,8
2024,다다086786,to_in_007,8
2024,다다086786,to_in_008,5
2024,다다086982,to_in_001,8
2024,다다086982,to_in_007,8
2024,다다086982,to_in_008,5
2024,다다086983,to_in_001,8
2024,다다086983,to_in_007,8
2024,다다086983,to_in_008,5
2024,다다086988,to_in_001,5
2024,다다086988,to_in_007,0
2024,다다086988,to_in_008,0
2024,다다086991,to_in_001,5
2024,다다086991,to_in_007,0
2024,다다086991,to_in_008,5
2024,다다086992,to_in_001,0
2024,다다086992,to_in_007,0
2024,다다086992,to_in_008,0
2024,다다087980,to_in_001,8
2024,다다087980,to_in_007,5
2024,다다087980,to_in_008,5
2024,다다087981,to_in_001,8
2024,다다087981,to_in_007,5
2024,다다087981,to_in_008,5
2024,다다076022,to_in_007,13
2024,다다076022,to_in_008,36
2024,다다076023,to_in_001,186
2024,다다076023,to_in_007,93
2024,다다076023,to_in_008,96
2024,다다076024,to_in_001,207
2024,다다076024,to_in_007,104
2024,다다076024,to_in_008,101
2024,다다076025,to_in_001,219
2024,다다076025,to_in_007,107
2024,다다076025,to_in_008,110
2024,다다076026,to_in_001,108
2024,다다076026,to_in_007,58
2024,다다076026,to_in_008,48
2024,다다076027,to_in_001,139
2024,다다076027,to_in_007,64
2024,다다076027,to_in_008,78
2024,다다076028,to_in_001,73
2024,다다076028,to_in_007,38
2024,다다076028,to_in_008,38
2024,다다076029,to_in_001,113
2024,다다076029,to_in_007,62
2024,다다076029,to_in_008,49
2024,다다076030,to_in_001,112
2024,다다076030,to_in_007,60
2024,다다076030,to_in_008,50
2024,다다076031,to_in_001,60
2024,다다076031,to_in_007,33
2024,다다076031,to_in_008,25
2024,다다076972,to_in_001,5
2024,다다076972,to_in_007,5
2024,다다076972,to_in_008,0
2024,다다076976,to_in_001,8
2024,다다076976,to_in_007,0
2024,다다076976,to_in_008,8
2024,다다076978,to_in_001,8
2024,다다076978,to_in_007,8
2024,다다076978,to_in_008,0
2024,다다076980,to_in_001,5
2024,다다076980,to_in_007,0
2024,다다076980,to_in_008,5
2024,다다076988,to_in_001,5
2024,다다076988,to_in_007,5
2024,다다076988,to_in_008,5
2024,다다076993,to_in_001,5
2024,다다076993,to_in_007,5
2024,다다076993,to_in_008,0
2024,다다077000,to_in_001,68
2024,다다077000,to_in_007,33
2024,다다077000,to_in_008,38
2024,다다077001,to_in_001,79
2024,다다077001,to_in_007,33
2024,다다077001,to_in_008,44
2024,다다077003,to_in_001,5
2024,다다077003,to_in_007,0
2024,다다077003,to_in_008,5
2024,다다077004,to_in_001,13
2024,다다077004,to_in_007,8
2024,다다077004,to_in_008,5
2024,다다077006,to_in_001,23
2024,다다077006,to_in_007,8
2024,다다077006,to_in_008,13
2024,다다077008,to_in_001,8
2024,다다077008,to_in_007,5
2024,다다077008,to_in_008,5
2024,다다077009,to_in_001,28
2024,다다077009,to_in_007,18
2024,다다077009,to_in_008,13
2024,다다077010,to_in_001,23
2024,다다077010,to_in_007,13
2024,다다077010,to_in_008,8
2024,다다077011,to_in_001,23
2024,다다077011,to_in_007,8
2024,다다077011,to_in_008,13
2024,다다077012,to_in_001,33
2024,다다077012,to_in_007,23
2024,다다077012,to_in_008,13
2024,다다077013,to_in_001,13
2024,다다077013,to_in_007,8
2024,다다077013,to_in_008,8
2024,다다077014,to_in_001,8
2024,다다077014,to_in_007,5
2024,다다077014,to_in_008,5
2024,다다077015,to_in_001,48
2024,다다077015,to_in_007,23
2024,다다077015,to_in_008,23
2024,다다077016,to_in_001,74
2024,다다077016,to_in_007,44
2024,다다077016,to_in_008,28
2024,다다077017,to_in_001,58
2024,다다077017,to_in_007,33
2024,다다077017,to_in_008,28
2024,다다077018,to_in_001,33
2024,다다077018,to_in_007,18
2024,다다077018,to_in_008,18
2024,다다080972,to_in_001,5
2024,다다080972,to_in_007,0
2024,다다080972,to_in_008,0
2024,다다080983,to_in_001,5
2024,다다080983,to_in_007,0
2024,다다080983,to_in_008,5
2024,다다080999,to_in_001,28
2024,다다080999,to_in_007,13
2024,다다080999,to_in_008,13
2024,다다081000,to_in_001,203
2024,다다081000,to_in_007,99
2024,다다081000,to_in_008,102
2024,다다081001,to_in_001,75
2024,다다081001,to_in_007,34
2024,다다081001,to_in_008,44
2024,다다081002,to_in_001,269
2024,다다081002,to_in_007,139
2024,다다081002,to_in_008,128
2024,다다081003,to_in_001,94
2024,다다081003,to_in_007,54
2024,다다081003,to_in_008,43
2024,다다081004,to_in_001,13
2024,다다081004,to_in_007,8
2024,다다081004,to_in_008,5
2024,다다081005,to_in_001,13
2024,다다081005,to_in_007,8
2024,다다081005,to_in_008,8
2024,다다081006,to_in_001,13
2024,다다081006,to_in_007,8
2024,다다081006,to_in_008,8
2024,다다081007,to_in_001,33
2024,다다081007,to_in_007,18
2024,다다081007,to_in_008,13
2024,다다081008,to_in_001,8
2024,다다081008,to_in_007,5
2024,다다081008,to_in_008,8
2024,다다081009,to_in_001,28
2024,다다081009,to_in_007,13
2024,다다081009,to_in_008,18
2024,다다081010,to_in_001,54
2024,다다081010,to_in_007,29
2024,다다081010,to_in_008,23
2024,다다081011,to_in_001,117
2024,다다081011,to_in_007,60
2024,다다081011,to_in_008,55
2024,다다081012,to_in_001,5
2024,다다081012,to_in_007,0
2024,다다081012,to_in_008,0
2024,다다081013,to_in_001,0
2024,다다081013,to_in_007,0
2024,다다081013,to_in_008,0
2024,다다081015,to_in_001,53
2024,다다081015,to_in_007,28
2024,다다081015,to_in_008,23
2024,다다081016,to_in_001,43
2024,다다081016,to_in_007,28
2024,다다081016,to_in_008,18
2024,다다081017,to_in_001,79
2024,다다081017,to_in_007,39
2024,다다081017,to_in_008,38
2024,다다081018,to_in_001,78
2024,다다081018,to_in_007,39
2024,다다081018,to_in_008,42
2024,다다081019,to_in_001,143
2024,다다081019,to_in_007,80
2024,다다081019,to_in_008,61
2024,다다081020,to_in_001,80
2024,다다081020,to_in_007,39
2024,다다081020,to_in_008,44
2024,다다081021,to_in_001,68
2024,다다081021,to_in_007,38
2024,다다081021,to_in_008,33
2024,다다081022,to_in_001,92
2024,다다081022,to_in_007,41
2024,다다081022,to_in_008,49
2024,다다081023,to_in_001,48
2024,다다081023,to_in_007,23
2024,다다081023,to_in_008,23
2024,다다081024,to_in_001,71
2024,다다081024,to_in_007,30
2024,다다081024,to_in_008,39
2024,다다081025,to_in_001,99
2024,다다081025,to_in_007,43
2024,다다081025,to_in_008,54
2024,다다081026,to_in_001,48
2024,다다081026,to_in_007,28
2024,다다081026,to_in_008,23
2024,다다081027,to_in_001,149
2024,다다081027,to_in_007,67
2024,다다081027,to_in_008,80
2024,다다081028,to_in_001,158
2024,다다081028,to_in_007,95
2024,다다081028,to_in_008,61
2024,다다081029,to_in_001,97
2024,다다081029,to_in_007,52
2024,다다081029,to_in_008,43
2024,다다081030,to_in_001,8
2024,다다081030,to_in_007,5
2024,다다081030,to_in_008,8
2024,다다081775,to_in_001,0
2024,다다081775,to_in_007,0
2024,다다081775,to_in_008,0
2024,다다081776,to_in_001,5
2024,다다081776,to_in_007,5
2024,다다081776,to_in_008,5
2024,다다081967,to_in_001,0
2024,다다081967,to_in_007,0
2024,다다081967,to_in_008,0
2024,다다081972,to_in_001,5
2024,다다081972,to_in_007,5
2024,다다081972,to_in_008,0
2024,다다083001,to_in_001,5
2024,다다083001,to_in_007,5
2024,다다083001,to_in_008,0
2024,다다083002,to_in_001,13
2024,다다083002,to_in_007,5
2024,다다083002,to_in_008,8
2024,다다083003,to_in_001,13
2024,다다083003,to_in_007,8
2024,다다083003,to_in_008,8
2024,다다083004,to_in_001,53
2024,다다083004,to_in_007,23
2024,다다083004,to_in_008,28
2024,다다083005,to_in_001,39
2024,다다083005,to_in_007,24
2024,다다083005,to_in_008,18
2024,다다083006,to_in_001,217
2024,다다083006,to_in_007,101
2024,다다083006,to_in_008,114
2024,다다083007,to_in_001,13
2024,다다083007,to_in_007,8
2024,다다083007,to_in_008,8
2024,다다083011,to_in_001,52
2024,다다083011,to_in_007,23
2024,다다083011,to_in_008,27
2024,다다083012,to_in_001,45
2024,다다083012,to_in_007,30
2024,다다083012,to_in_008,18
2024,다다083013,to_in_001,38
2024,다다083013,to_in_007,23
2024,다다083013,to_in_008,13
2024,다다083014,to_in_001,149
2024,다다083014,to_in_007,76
2024,다다083014,to_in_008,71
2024,다다083015,to_in_001,148
2024,다다083015,to_in_007,75
2024,다다083015,to_in_008,76
2024,다다083016,to_in_001,92
2024,다다083016,to_in_007,48
2024,다다083016,to_in_008,47
2024,다다083017,to_in_001,121
2024,다다083017,to_in_007,63
2024,다다083017,to_in_008,61
2024,다다083018,to_in_001,74
2024,다다083018,to_in_007,44
2024,다다083018,to_in_008,28
2024,다다083019,to_in_001,141
2024,다다083019,to_in_007,72
2024,다다083019,to_in_008,72
2024,다다083020,to_in_001,131
2024,다다083020,to_in_007,72
2024,다다083020,to_in_008,62
2024,다다083021,to_in_001,18
2024,다다083021,to_in_007,8
2024,다다083021,to_in_008,8
2024,다다083022,to_in_001,178
2024,다다083022,to_in_007,91
2024,다다083022,to_in_008,85
2024,다다083023,to_in_001,160
2024,다다083023,to_in_007,68
2024,다다083023,to_in_008,90
2024,다다083024,to_in_001,83
2024,다다083024,to_in_007,42
2024,다다083024,to_in_008,39
2024,다다083025,to_in_001,73
2024,다다083025,to_in_007,46
2024,다다083025,to_in_008,30
2024,다다083026,to_in_001,38
2024,다다083026,to_in_007,23
2024,다다083026,to_in_008,13
2024,다다083027,to_in_001,146
2024,다다083027,to_in_007,72
2024,다다083027,to_in_008,72
2024,다다083028,to_in_001,136
2024,다다083028,to_in_007,73
2024,다다083028,to_in_008,61
2024,다다083029,to_in_001,64
2024,다다083029,to_in_007,34
2024,다다083029,to_in_008,28
2024,다다083030,to_in_001,33
2024,다다083030,to_in_007,18
2024,다다083030,to_in_008,13
2024,다다083776,to_in_001,0
2024,다다083776,to_in_007,0
2024,다다083776,to_in_008,0
2024,다다083777,to_in_001,5
2024,다다083777,to_in_007,0
2024,다다083777,to_in_008,5
2024,다다072989,to_in_008,5
2024,다다073000,to_in_001,320
2024,다다073000,to_in_007,167
2024,다다073000,to_in_008,156
2024,다다073001,to_in_001,107
2024,다다073001,to_in_007,46
2024,다다073001,to_in_008,64
2024,다다073004,to_in_001,63
2024,다다073004,to_in_007,33
2024,다다073004,to_in_008,28
2024,다다073005,to_in_001,5
2024,다다073005,to_in_007,5
2024,다다073005,to_in_008,5
2024,다다073009,to_in_001,8
2024,다다073009,to_in_007,5
2024,다다073009,to_in_008,5
2024,다다073010,to_in_001,28
2024,다다073010,to_in_007,18
2024,다다073010,to_in_008,13
2024,다다073011,to_in_001,98
2024,다다073011,to_in_007,51
2024,다다073011,to_in_008,45
2024,다다073012,to_in_001,18
2024,다다073012,to_in_007,8
2024,다다073012,to_in_008,8
2024,다다073013,to_in_001,43
2024,다다073013,to_in_007,13
2024,다다073013,to_in_008,28
2024,다다073014,to_in_001,143
2024,다다073014,to_in_007,67
2024,다다073014,to_in_008,74
2024,다다073015,to_in_001,53
2024,다다073015,to_in_007,23
2024,다다073015,to_in_008,33
2024,다다073017,to_in_001,13
2024,다다073017,to_in_007,8
2024,다다073017,to_in_008,5
2024,다다073018,to_in_001,5
2024,다다073018,to_in_007,0
2024,다다073018,to_in_008,0
2024,다다073024,to_in_001,5
2024,다다073024,to_in_007,5
2024,다다073024,to_in_008,0
2024,다다073026,to_in_001,5
2024,다다073026,to_in_007,0
2024,다다073026,to_in_008,5
2024,다다073028,to_in_001,5
2024,다다073028,to_in_007,5
2024,다다073028,to_in_008,0
2024,다다073029,to_in_001,5
2024,다다073029,to_in_007,0
2024,다다073029,to_in_008,5
2024,다다073030,to_in_001,8
2024,다다073030,to_in_007,5
2024,다다073030,to_in_008,5
2024,다다073031,to_in_001,8
2024,다다073031,to_in_007,5
2024,다다073031,to_in_008,5
2024,다다073032,to_in_001,8
2024,다다073032,to_in_007,0
2024,다다073032,to_in_008,8
2024,다다073769,to_in_001,23
2024,다다073769,to_in_007,18
2024,다다073769,to_in_008,8
2024,다다073770,to_in_001,38
2024,다다073770,to_in_007,18
2024,다다073770,to_in_008,18
2024,다다073771,to_in_001,43
2024,다다073771,to_in_007,28
2024,다다073771,to_in_008,13
2024,다다073967,to_in_001,8
2024,다다073967,to_in_007,8
2024,다다073967,to_in_008,5
2024,다다073987,to_in_001,5
2024,다다073987,to_in_007,0
2024,다다073987,to_in_008,0
2024,다다073988,to_in_001,5
2024,다다073988,to_in_007,5
2024,다다073988,to_in_008,0
2024,다다073989,to_in_001,28
2024,다다073989,to_in_007,13
2024,다다073989,to_in_008,13
2024,다다074000,to_in_001,165
2024,다다074000,to_in_007,83
2024,다다074000,to_in_008,85
2024,다다074004,to_in_001,13
2024,다다074004,to_in_007,5
2024,다다074004,to_in_008,8
2024,다다074008,to_in_001,5
2024,다다074008,to_in_007,0
2024,다다074008,to_in_008,5
2024,다다074009,to_in_001,23
2024,다다074009,to_in_007,13
2024,다다074009,to_in_008,13
2024,다다074010,to_in_001,48
2024,다다074010,to_in_007,23
2024,다다074010,to_in_008,28
2024,다다074011,to_in_001,63
2024,다다074011,to_in_007,38
2024,다다074011,to_in_008,28
2024,다다074012,to_in_001,23
2024,다다074012,to_in_007,13
2024,다다074012,to_in_008,8
2024,다다074013,to_in_001,18
2024,다다074013,to_in_007,8
2024,다다074013,to_in_008,13
2024,다다074015,to_in_001,53
2024,다다074015,to_in_007,23
2024,다다074015,to_in_008,33
2024,다다074016,to_in_001,96
2024,다다074016,to_in_007,43
2024,다다074016,to_in_008,51
2024,다다074017,to_in_001,33
2024,다다074017,to_in_007,13
2024,다다074017,to_in_008,18
2024,다다079025,to_in_001,159
2024,다다079025,to_in_007,83
2024,다다079025,to_in_008,74
2024,다다079026,to_in_001,164
2024,다다079026,to_in_007,86
2024,다다079026,to_in_008,81
2024,다다079027,to_in_001,95
2024,다다079027,to_in_007,52
2024,다다079027,to_in_008,46
2024,다다079776,to_in_001,8
2024,다다079776,to_in_007,8
2024,다다079776,to_in_008,5
2024,다다079976,to_in_001,0
2024,다다079976,to_in_007,0
2024,다다079976,to_in_008,0
2024,다다079982,to_in_001,8
2024,다다079982,to_in_007,5
2024,다다079982,to_in_008,5
2024,다다079983,to_in_001,0
2024,다다079983,to_in_007,0
2024,다다079983,to_in_008,0
2024,다다079999,to_in_001,13
2024,다다079999,to_in_007,8
2024,다다079999,to_in_008,8
2024,다다080000,to_in_001,38
2024,다다080000,to_in_007,18
2024,다다080000,to_in_008,18
2024,다다080001,to_in_001,64
2024,다다080001,to_in_007,34
2024,다다080001,to_in_008,28
2024,다다080002,to_in_001,28
2024,다다080002,to_in_007,13
2024,다다080002,to_in_008,13
2024,다다080003,to_in_001,5
2024,다다080003,to_in_007,0
2024,다다080003,to_in_008,0
2024,다다080004,to_in_001,5
2024,다다080004,to_in_007,0
2024,다다080004,to_in_008,0
2024,다다080005,to_in_001,5
2024,다다080005,to_in_007,0
2024,다다080005,to_in_008,0
2024,다다080006,to_in_001,5
2024,다다080006,to_in_007,0
2024,다다080006,to_in_008,5
2024,다다080007,to_in_001,102
2024,다다080007,to_in_007,55
2024,다다080007,to_in_008,45
2024,다다080009,to_in_001,43
2024,다다080009,to_in_007,18
2024,다다080009,to_in_008,23
2024,다다080010,to_in_001,49
2024,다다080010,to_in_007,24
2024,다다080010,to_in_008,23
2024,다다080011,to_in_001,53
2024,다다080011,to_in_007,28
2024,다다080011,to_in_008,28
2024,다다080013,to_in_001,5
2024,다다080013,to_in_007,0
2024,다다080013,to_in_008,0
2024,다다080014,to_in_001,8
2024,다다080014,to_in_007,5
2024,다다080014,to_in_008,5
2024,다다080015,to_in_001,28
2024,다다080015,to_in_007,18
2024,다다080015,to_in_008,8
2024,다다080016,to_in_001,33
2024,다다080016,to_in_007,13
2024,다다080016,to_in_008,18
2024,다다080017,to_in_001,53
2024,다다080017,to_in_007,28
2024,다다080017,to_in_008,23
2024,다다080018,to_in_001,33
2024,다다080018,to_in_007,18
2024,다다080018,to_in_008,13
2024,다다080019,to_in_001,342
2024,다다080019,to_in_007,165
2024,다다080019,to_in_008,172
2024,다다080020,to_in_001,86
2024,다다080020,to_in_007,44
2024,다다080020,to_in_008,40
2024,다다080021,to_in_001,133
2024,다다080021,to_in_007,62
2024,다다080021,to_in_008,69
2024,다다080022,to_in_001,91
2024,다다080022,to_in_007,50
2024,다다080022,to_in_008,39
2024,다다080023,to_in_001,54
2024,다다080023,to_in_007,28
2024,다다080023,to_in_008,24
2024,다다080024,to_in_001,281
2024,다다080024,to_in_007,140
2024,다다080024,to_in_008,139
2024,다다080025,to_in_001,288
2024,다다080025,to_in_007,147
2024,다다080025,to_in_008,139
2024,다다080026,to_in_001,38
2024,다다080026,to_in_007,18
2024,다다080026,to_in_008,18
2024,다다080027,to_in_001,28
2024,다다080027,to_in_007,13
2024,다다080027,to_in_008,13
2024,다다080776,to_in_001,8
2024,다다080776,to_in_007,5
2024,다다080776,to_in_008,5
2024,다다080970,to_in_001,14
2024,다다080970,to_in_007,8
2024,다다080970,to_in_008,11
2024,다다085025,to_in_001,38
2024,다다085025,to_in_007,23
2024,다다085025,to_in_008,18
2024,다다085027,to_in_001,18
2024,다다085027,to_in_007,8
2024,다다085027,to_in_008,13
2024,다다085030,to_in_001,38
2024,다다085030,to_in_007,18
2024,다다085030,to_in_008,18
2024,다다085031,to_in_001,65
2024,다다085031,to_in_007,40
2024,다다085031,to_in_008,23
2024,다다085032,to_in_001,8
2024,다다085032,to_in_007,5
2024,다다085032,to_in_008,8
2024,다다085731,to_in_001,13
2024,다다085731,to_in_007,5
2024,다다085731,to_in_008,8
2024,다다085732,to_in_001,13
2024,다다085732,to_in_007,8
2024,다다085732,to_in_008,8
2024,다다085784,to_in_001,18
2024,다다085784,to_in_007,13
2024,다다085784,to_in_008,8
2024,다다085785,to_in_001,18
2024,다다085785,to_in_007,8
2024,다다085785,to_in_008,8
2024,다다085786,to_in_001,5
2024,다다085786,to_in_007,0
2024,다다085786,to_in_008,0
2024,다다085988,to_in_001,8
2024,다다085988,to_in_007,5
2024,다다085988,to_in_008,5
2024,다다085990,to_in_001,5
2024,다다085990,to_in_007,0
2024,다다085990,to_in_008,5
2024,다다086000,to_in_001,8
2024,다다086000,to_in_007,5
2024,다다086000,to_in_008,5
2024,다다086003,to_in_001,8
2024,다다086003,to_in_007,5
2024,다다086003,to_in_008,5
2024,다다086004,to_in_001,59
2024,다다086004,to_in_007,28
2024,다다086004,to_in_008,29
2024,다다086005,to_in_001,63
2024,다다086005,to_in_007,33
2024,다다086005,to_in_008,28
2024,다다086006,to_in_001,85
2024,다다086006,to_in_007,45
2024,다다086006,to_in_008,38
2024,다다086011,to_in_001,48
2024,다다086011,to_in_007,28
2024,다다086011,to_in_008,18
2024,다다086012,to_in_001,23
2024,다다086012,to_in_007,13
2024,다다086012,to_in_008,13
2024,다다086013,to_in_001,85
2024,다다086013,to_in_007,40
2024,다다086013,to_in_008,43
2024,다다086014,to_in_001,156
2024,다다086014,to_in_007,84
2024,다다086014,to_in_008,75
2024,다다086015,to_in_001,192
2024,다다086015,to_in_007,97
2024,다다086015,to_in_008,93
2024,다다086016,to_in_001,53
2024,다다086016,to_in_007,28
2024,다다086016,to_in_008,28
2024,다다086017,to_in_001,325
2024,다다075021,to_in_007,5
2024,다다075021,to_in_008,8
2024,다다075022,to_in_001,38
2024,다다075022,to_in_007,18
2024,다다075022,to_in_008,18
2024,다다075023,to_in_001,80
2024,다다075023,to_in_007,50
2024,다다075023,to_in_008,33
2024,다다075024,to_in_001,102
2024,다다075024,to_in_007,52
2024,다다075024,to_in_008,48
2024,다다075025,to_in_001,68
2024,다다075025,to_in_007,38
2024,다다075025,to_in_008,28
2024,다다075026,to_in_001,157
2024,다다075026,to_in_007,79
2024,다다075026,to_in_008,76
2024,다다075027,to_in_001,182
2024,다다075027,to_in_007,88
2024,다다075027,to_in_008,92
2024,다다075028,to_in_001,111
2024,다다075028,to_in_007,55
2024,다다075028,to_in_008,54
2024,다다075029,to_in_001,76
2024,다다075029,to_in_007,40
2024,다다075029,to_in_008,39
2024,다다075030,to_in_001,60
2024,다다075030,to_in_007,34
2024,다다075030,to_in_008,24
2024,다다075031,to_in_001,8
2024,다다075031,to_in_007,5
2024,다다075031,to_in_008,5
2024,다다075977,to_in_001,5
2024,다다075977,to_in_007,0
2024,다다075977,to_in_008,5
2024,다다075979,to_in_001,0
2024,다다075979,to_in_007,0
2024,다다075979,to_in_008,0
2024,다다075980,to_in_001,5
2024,다다075980,to_in_007,5
2024,다다075980,to_in_008,0
2024,다다076002,to_in_001,5
2024,다다076002,to_in_007,5
2024,다다076002,to_in_008,0
2024,다다076003,to_in_001,8
2024,다다076003,to_in_007,0
2024,다다076003,to_in_008,8
2024,다다076005,to_in_001,8
2024,다다076005,to_in_007,8
2024,다다076005,to_in_008,5
2024,다다076006,to_in_001,130
2024,다다076006,to_in_007,67
2024,다다076006,to_in_008,66
2024,다다076007,to_in_001,71
2024,다다076007,to_in_007,41
2024,다다076007,to_in_008,33
2024,다다078019,to_in_001,53
2024,다다078019,to_in_007,28
2024,다다078019,to_in_008,28
2024,다다078020,to_in_001,178
2024,다다078020,to_in_007,88
2024,다다078020,to_in_008,93
2024,다다078021,to_in_001,204
2024,다다078021,to_in_007,104
2024,다다078021,to_in_008,98
2024,다다078022,to_in_001,145
2024,다다078022,to_in_007,68
2024,다다078022,to_in_008,75
2024,다다078023,to_in_001,90
2024,다다078023,to_in_007,45
2024,다다078023,to_in_008,43
2024,다다078024,to_in_001,161
2024,다다078024,to_in_007,88
2024,다다078024,to_in_008,76
2024,다다078025,to_in_001,113
2024,다다078025,to_in_007,49
2024,다다078025,to_in_008,62
2024,다다078026,to_in_001,124
2024,다다078026,to_in_007,57
2024,다다078026,to_in_008,65
2024,다다078027,to_in_001,148
2024,다다078027,to_in_007,72
2024,다다078027,to_in_008,74
2024,다다078028,to_in_001,126
2024,다다078028,to_in_007,58
2024,다다078028,to_in_008,71
2024,다다078029,to_in_001,211
2024,다다078029,to_in_007,96
2024,다다078029,to_in_008,113
2024,다다078030,to_in_001,347
2024,다다078030,to_in_007,164
2024,다다078030,to_in_008,181
2024,다다078031,to_in_001,92
2024,다다078031,to_in_007,44
2024,다다078031,to_in_008,51
2024,다다078970,to_in_001,5
2024,다다078970,to_in_007,5
2024,다다078970,to_in_008,0
2024,다다078972,to_in_001,8
2024,다다078972,to_in_007,5
2024,다다078972,to_in_008,0
2024,다다078973,to_in_001,5
2024,다다078973,to_in_007,5
2024,다다078973,to_in_008,5
2024,다다078979,to_in_001,5
2024,다다078979,to_in_007,0
2024,다다078979,to_in_008,5
2024,다다078981,to_in_001,8
2024,다다078981,to_in_007,5
2024,다다078981,to_in_008,5
2024,다다078982,to_in_001,5
2024,다다078982,to_in_007,0
2024,다다078982,to_in_008,0
2024,다다078992,to_in_001,5
2024,다다078992,to_in_007,5
2024,다다078992,to_in_008,0
2024,다다078993,to_in_001,5
2024,다다078993,to_in_007,5
2024,다다078993,to_in_008,0
2024,다다078999,to_in_001,5
2024,다다078999,to_in_007,0
2024,다다078999,to_in_008,5
2024,다다079000,to_in_001,5
2024,다다079000,to_in_007,0
2024,다다079000,to_in_008,0
2024,다다079001,to_in_001,13
2024,다다079001,to_in_007,8
2024,다다079001,to_in_008,8
2024,다다079002,to_in_001,5
2024,다다079002,to_in_007,5
2024,다다079002,to_in_008,0
2024,다다079004,to_in_001,18
2024,다다079004,to_in_007,8
2024,다다079004,to_in_008,8
2024,다다079008,to_in_001,18
2024,다다079008,to_in_007,8
2024,다다079008,to_in_008,8
2024,다다079009,to_in_001,28
2024,다다079009,to_in_007,13
2024,다다079009,to_in_008,13
2024,다다079010,to_in_001,5
2024,다다079010,to_in_007,0
2024,다다079010,to_in_008,5
2024,다다079011,to_in_001,28
2024,다다079011,to_in_007,13
2024,다다079011,to_in_008,13
2024,다다079012,to_in_001,23
2024,다다079012,to_in_007,13
2024,다다079012,to_in_008,13
2024,다다079013,to_in_001,0
2024,다다079013,to_in_007,0
2024,다다079013,to_in_008,0
2024,다다079014,to_in_001,38
2024,다다079014,to_in_007,18
2024,다다079014,to_in_008,18
2024,다다079015,to_in_001,13
2024,다다079015,to_in_007,8
2024,다다079015,to_in_008,8
2024,다다079016,to_in_001,38
2024,다다079016,to_in_007,23
2024,다다079016,to_in_008,18
2024,다다079017,to_in_001,91
2024,다다079017,to_in_007,38
2024,다다079017,to_in_008,51
2024,다다079018,to_in_001,108
2024,다다079018,to_in_007,59
2024,다다079018,to_in_008,52
2024,다다079019,to_in_001,43
2024,다다079019,to_in_007,23
2024,다다079019,to_in_008,23
2024,다다079020,to_in_001,123
2024,다다079020,to_in_007,70
2024,다다079020,to_in_008,51
2024,다다079021,to_in_001,103
2024,다다079021,to_in_007,63
2024,다다079021,to_in_008,38
2024,다다079022,to_in_001,170
2024,다다079022,to_in_007,101
2024,다다079022,to_in_008,72
2024,다다079023,to_in_001,70
2024,다다079023,to_in_007,35
2024,다다079023,to_in_008,33
2024,다다079024,to_in_001,63
2024,다다079024,to_in_007,28
2024,다다079024,to_in_008,33
2024,다다084005,to_in_001,78
2024,다다084005,to_in_007,30
2024,다다084005,to_in_008,46
2024,다다084006,to_in_001,93
2024,다다084006,to_in_007,46
2024,다다084006,to_in_008,45
2024,다다084007,to_in_001,13
2024,다다084007,to_in_007,8
2024,다다084007,to_in_008,8
2024,다다084011,to_in_001,13
2024,다다084011,to_in_007,8
2024,다다084011,to_in_008,8
2024,다다084012,to_in_001,18
2024,다다084012,to_in_007,13
2024,다다084012,to_in_008,8
2024,다다084013,to_in_001,8
2024,다다084013,to_in_007,8
2024,다다084013,to_in_008,0
2024,다다084014,to_in_001,185
2024,다다084014,to_in_007,101
2024,다다084014,to_in_008,82
2024,다다084015,to_in_001,78
2024,다다084015,to_in_007,43
2024,다다084015,to_in_008,38
2024,다다084016,to_in_001,81
2024,다다084016,to_in_007,46
2024,다다084016,to_in_008,38
2024,다다084017,to_in_001,133
2024,다다084017,to_in_007,61
2024,다다084017,to_in_008,70
2024,다다084018,to_in_001,43
2024,다다084018,to_in_007,28
2024,다다084018,to_in_008,13
2024,다다084019,to_in_001,28
2024,다다084019,to_in_007,13
2024,다다084019,to_in_008,13
2024,다다084020,to_in_001,134
2024,다다084020,to_in_007,73
2024,다다084020,to_in_008,59
2024,다다084021,to_in_001,182
2024,다다084021,to_in_007,99
2024,다다084021,to_in_008,81
2024,다다084022,to_in_001,151
2024,다다084022,to_in_007,78
2024,다다084022,to_in_008,71
2024,다다084023,to_in_001,217
2024,다다084023,to_in_007,105
2024,다다084023,to_in_008,110
2024,다다084024,to_in_001,73
2024,다다084024,to_in_007,43
2024,다다084024,to_in_008,28
2024,다다084025,to_in_001,53
2024,다다084025,to_in_007,28
2024,다다084025,to_in_008,23
2024,다다084027,to_in_001,48
2024,다다084027,to_in_007,18
2024,다다084027,to_in_008,28
2024,다다084028,to_in_001,13
2024,다다084028,to_in_007,5
2024,다다084028,to_in_008,8
2024,다다084029,to_in_001,5
2024,다다084029,to_in_007,5
2024,다다084029,to_in_008,0
2024,다다084030,to_in_001,23
2024,다다084030,to_in_007,8
2024,다다084030,to_in_008,13
2024,다다084731,to_in_001,0
2024,다다084731,to_in_007,0
2024,다다084731,to_in_008,0
2024,다다084732,to_in_001,0
2024,다다084732,to_in_007,0
2024,다다084732,to_in_008,0
2024,다다084775,to_in_001,5
2024,다다084775,to_in_007,0
2024,다다084775,to_in_008,0
2024,다다084973,to_in_001,5
2024,다다084973,to_in_007,5
2024,다다084973,to_in_008,0
2024,다다084976,to_in_001,8
2024,다다084976,to_in_007,8
2024,다다084976,to_in_008,5
2024,다다084977,to_in_001,5
2024,다다084977,to_in_007,5
2024,다다084977,to_in_008,0
2024,다다084989,to_in_001,5
2024,다다084989,to_in_007,0
2024,다다084989,to_in_008,5
2024,다다084990,to_in_001,5
2024,다다084990,to_in_007,5
2024,다다084990,to_in_008,0
2024,다다085000,to_in_001,5
2024,다다085000,to_in_007,0
2024,다다085000,to_in_008,5
2024,다다085001,to_in_001,232
2024,다다085001,to_in_007,112
2024,다다085001,to_in_008,123
2024,다다085002,to_in_001,43
2024,다다085002,to_in_007,23
2024,다다085002,to_in_008,18
2024,다다085003,to_in_001,56
2024,다다085003,to_in_007,31
2024,다다085003,to_in_008,23
2024,다다085005,to_in_001,13
2024,다다085005,to_in_007,8
2024,다다085005,to_in_008,8
2024,다다085006,to_in_001,79
2024,다다085006,to_in_007,46
2024,다다085006,to_in_008,31
2024,다다087982,to_in_001,8
2024,다다087982,to_in_007,5
2024,다다087982,to_in_008,5
2024,다다087983,to_in_001,0
2024,다다087983,to_in_007,0
2024,다다087983,to_in_008,0
2024,다다087988,to_in_001,5
2024,다다087988,to_in_007,0
2024,다다087988,to_in_008,5
2024,다다087990,to_in_001,0
2024,다다087990,to_in_007,0
2024,다다087990,to_in_008,0
2024,다다087992,to_in_001,5
2024,다다087992,to_in_007,0
2024,다다087992,to_in_008,5
2024,다다087995,to_in_001,5
2024,다다087995,to_in_007,0
2024,다다087995,to_in_008,0
2024,다다087996,to_in_001,5
2024,다다087996,to_in_007,0
2024,다다087996,to_in_008,5
2024,다다088002,to_in_001,23
2024,다다088002,to_in_007,13
2024,다다088002,to_in_008,8
2024,다다088003,to_in_001,167
2024,다다088003,to_in_007,79
2024,다다088003,to_in_008,86
2024,다다088004,to_in_001,0
2024,다다088004,to_in_007,0
2024,다다088004,to_in_008,0
2024,다다088005,to_in_001,101
2024,다다088005,to_in_007,52
2024,다다088005,to_in_008,52
2024,다다088006,to_in_001,70
2024,다다088006,to_in_007,37
2024,다다088006,to_in_008,36
2024,다다088007,to_in_001,21
2024,다다088007,to_in_007,15
2024,다다088007,to_in_008,11
2024,다다088009,to_in_001,109
2024,다다088009,to_in_007,54
2024,다다088009,to_in_008,58
2024,다다088010,to_in_001,177
2024,다다088010,to_in_007,92
2024,다다088010,to_in_008,88
2024,다다088011,to_in_001,103
2024,다다088011,to_in_007,62
2024,다다088011,to_in_008,39
2024,다다088012,to_in_001,341
2024,다다088012,to_in_007,152
2024,다다088012,to_in_008,187
2024,다다088013,to_in_001,125
2024,다다088013,to_in_007,55
2024,다다088013,to_in_008,68
2024,다다088014,to_in_001,341
2024,다다088014,to_in_007,165
2024,다다070006,to_in_008,101
2024,다다070010,to_in_001,8
2024,다다070010,to_in_007,0
2024,다다070010,to_in_008,8
2024,다다070011,to_in_001,8
2024,다다070011,to_in_007,8
2024,다다070011,to_in_008,5
2024,다다070012,to_in_001,28
2024,다다070012,to_in_007,13
2024,다다070012,to_in_008,18
2024,다다070013,to_in_001,68
2024,다다070013,to_in_007,33
2024,다다070013,to_in_008,33
2024,다다070014,to_in_001,48
2024,다다070014,to_in_007,28
2024,다다070014,to_in_008,23
2024,다다070015,to_in_001,5
2024,다다070015,to_in_007,5
2024,다다070015,to_in_008,0
2024,다다070034,to_in_001,5
2024,다다070034,to_in_007,0
2024,다다070034,to_in_008,5
2024,다다070769,to_in_001,5
2024,다다070769,to_in_007,0
2024,다다070769,to_in_008,0
2024,다다070770,to_in_001,13
2024,다다070770,to_in_007,8
2024,다다070770,to_in_008,5
2024,다다070786,to_in_001,5
2024,다다070786,to_in_007,5
2024,다다070786,to_in_008,0
2024,다다070787,to_in_001,5
2024,다다070787,to_in_007,5
2024,다다070787,to_in_008,0
2024,다다070967,to_in_001,8
2024,다다070967,to_in_007,8
2024,다다070967,to_in_008,8
2024,다다070968,to_in_001,13
2024,다다070968,to_in_007,8
2024,다다070968,to_in_008,8
2024,다다070989,to_in_001,5
2024,다다070989,to_in_007,5
2024,다다070989,to_in_008,5
2024,다다070992,to_in_001,5
2024,다다070992,to_in_007,0
2024,다다070992,to_in_008,5
2024,다다071000,to_in_001,111
2024,다다071000,to_in_007,58
2024,다다071000,to_in_008,56
2024,다다071003,to_in_001,154
2024,다다071003,to_in_007,74
2024,다다071003,to_in_008,83
2024,다다077019,to_in_001,13
2024,다다077019,to_in_007,8
2024,다다077019,to_in_008,5
2024,다다077020,to_in_001,43
2024,다다077020,to_in_007,23
2024,다다077020,to_in_008,18
2024,다다077021,to_in_001,103
2024,다다077021,to_in_007,53
2024,다다077021,to_in_008,53
2024,다다077022,to_in_001,164
2024,다다077022,to_in_007,86
2024,다다077022,to_in_008,76
2024,다다077023,to_in_001,201
2024,다다077023,to_in_007,106
2024,다다077023,to_in_008,93
2024,다다077024,to_in_001,143
2024,다다077024,to_in_007,67
2024,다다077024,to_in_008,74
2024,다다077025,to_in_001,265
2024,다다077025,to_in_007,126
2024,다다077025,to_in_008,142
2024,다다077026,to_in_001,176
2024,다다077026,to_in_007,85
2024,다다077026,to_in_008,89
2024,다다077027,to_in_001,157
2024,다다077027,to_in_007,85
2024,다다077027,to_in_008,75
2024,다다077028,to_in_001,118
2024,다다077028,to_in_007,56
2024,다다077028,to_in_008,60
2024,다다077029,to_in_001,183
2024,다다077029,to_in_007,86
2024,다다077029,to_in_008,95
2024,다다077030,to_in_001,126
2024,다다077030,to_in_007,56
2024,다다077030,to_in_008,68
2024,다다077031,to_in_001,89
2024,다다077031,to_in_007,43
2024,다다077031,to_in_008,49
2024,다다077966,to_in_001,5
2024,다다077966,to_in_007,0
2024,다다077966,to_in_008,5
2024,다다077969,to_in_001,5
2024,다다077969,to_in_007,5
2024,다다077969,to_in_008,0
2024,다다077970,to_in_001,5
2024,다다077970,to_in_007,5
2024,다다077970,to_in_008,5
2024,다다077972,to_in_001,5
2024,다다077972,to_in_007,5
2024,다다077972,to_in_008,0
2024,다다077973,to_in_001,8
2024,다다077973,to_in_007,8
2024,다다077973,to_in_008,8
2024,다다077974,to_in_001,8
2024,다다077974,to_in_007,0
2024,다다077974,to_in_008,8
2024,다다077976,to_in_001,0
2024,다다077976,to_in_007,0
2024,다다077976,to_in_008,0
2024,다다077977,to_in_001,8
2024,다다077977,to_in_007,8
2024,다다077977,to_in_008,5
2024,다다077979,to_in_001,5
2024,다다077979,to_in_007,0
2024,다다077979,to_in_008,0
2024,다다077980,to_in_001,5
2024,다다077980,to_in_007,5
2024,다다077980,to_in_008,5
2024,다다077981,to_in_001,5
2024,다다077981,to_in_007,0
2024,다다077981,to_in_008,5
2024,다다077991,to_in_001,5
2024,다다077991,to_in_007,5
2024,다다077991,to_in_008,5
2024,다다077993,to_in_001,23
2024,다다077993,to_in_007,13
2024,다다077993,to_in_008,8
2024,다다078000,to_in_001,33
2024,다다078000,to_in_007,18
2024,다다078000,to_in_008,18
2024,다다078001,to_in_001,23
2024,다다078001,to_in_007,13
2024,다다078001,to_in_008,8
2024,다다078002,to_in_001,33
2024,다다078002,to_in_007,18
2024,다다078002,to_in_008,18
2024,다다078005,to_in_001,5
2024,다다078005,to_in_007,5
2024,다다078005,to_in_008,5
2024,다다078006,to_in_001,43
2024,다다078006,to_in_007,18
2024,다다078006,to_in_008,23
2024,다다078007,to_in_001,154
2024,다다078007,to_in_007,82
2024,다다078007,to_in_008,70
2024,다다078008,to_in_001,90
2024,다다078008,to_in_007,44
2024,다다078008,to_in_008,49
2024,다다078009,to_in_001,23
2024,다다078009,to_in_007,13
2024,다다078009,to_in_008,13
2024,다다078010,to_in_001,13
2024,다다078010,to_in_007,8
2024,다다078010,to_in_008,8
2024,다다078011,to_in_001,33
2024,다다078011,to_in_007,18
2024,다다078011,to_in_008,13
2024,다다078012,to_in_001,48
2024,다다078012,to_in_007,23
2024,다다078012,to_in_008,28
2024,다다078013,to_in_001,8
2024,다다078013,to_in_007,5
2024,다다078013,to_in_008,8
2024,다다078014,to_in_001,28
2024,다다078014,to_in_007,18
2024,다다078014,to_in_008,13
2024,다다078015,to_in_001,58
2024,다다078015,to_in_007,28
2024,다다078015,to_in_008,28
2024,다다078016,to_in_001,73
2024,다다078016,to_in_007,38
2024,다다078016,to_in_008,33
2024,다다078017,to_in_001,85
2024,다다078017,to_in_007,44
2024,다다078017,to_in_008,39
2024,다다078018,to_in_001,79
2024,다다078018,to_in_007,33
2024,다다078018,to_in_008,44
2024,다다086993,to_in_001,0
2024,다다086993,to_in_007,0
2024,다다086993,to_in_008,0
2024,다다086996,to_in_001,8
2024,다다086996,to_in_007,8
2024,다다086996,to_in_008,5
2024,다다087000,to_in_001,8
2024,다다087000,to_in_007,8
2024,다다087000,to_in_008,0
2024,다다087002,to_in_001,8
2024,다다087002,to_in_007,8
2024,다다087002,to_in_008,0
2024,다다087003,to_in_001,128
2024,다다087003,to_in_007,68
2024,다다087003,to_in_008,63
2024,다다087004,to_in_001,18
2024,다다087004,to_in_007,8
2024,다다087004,to_in_008,8
2024,다다087005,to_in_001,23
2024,다다087005,to_in_007,13
2024,다다087005,to_in_008,13
2024,다다087006,to_in_001,48
2024,다다087006,to_in_007,23
2024,다다087006,to_in_008,23
2024,다다087010,to_in_001,132
2024,다다087010,to_in_007,75
2024,다다087010,to_in_008,55
2024,다다087011,to_in_001,114
2024,다다087011,to_in_007,46
2024,다다087011,to_in_008,66
2024,다다087012,to_in_001,261
2024,다다087012,to_in_007,136
2024,다다087012,to_in_008,123
2024,다다087013,to_in_001,33
2024,다다087013,to_in_007,18
2024,다다087013,to_in_008,13
2024,다다087014,to_in_001,194
2024,다다087014,to_in_007,94
2024,다다087014,to_in_008,98
2024,다다087015,to_in_001,176
2024,다다087015,to_in_007,90
2024,다다087015,to_in_008,84
2024,다다087016,to_in_001,137
2024,다다087016,to_in_007,67
2024,다다087016,to_in_008,73
2024,다다087017,to_in_001,195
2024,다다087017,to_in_007,100
2024,다다087017,to_in_008,98
2024,다다087018,to_in_001,98
2024,다다087018,to_in_007,46
2024,다다087018,to_in_008,50
2024,다다087019,to_in_001,141
2024,다다087019,to_in_007,79
2024,다다087019,to_in_008,65
2024,다다087020,to_in_001,176
2024,다다087020,to_in_007,87
2024,다다087020,to_in_008,87
2024,다다087021,to_in_001,141
2024,다다087021,to_in_007,76
2024,다다087021,to_in_008,63
2024,다다087022,to_in_001,72
2024,다다087022,to_in_007,47
2024,다다087022,to_in_008,28
2024,다다087023,to_in_001,68
2024,다다087023,to_in_007,38
2024,다다087023,to_in_008,33
2024,다다087024,to_in_001,101
2024,다다087024,to_in_007,58
2024,다다087024,to_in_008,41
2024,다다087025,to_in_001,111
2024,다다087025,to_in_007,50
2024,다다087025,to_in_008,59
2024,다다087026,to_in_001,79
2024,다다087026,to_in_007,33
2024,다다087026,to_in_008,44
2024,다다087027,to_in_001,96
2024,다다087027,to_in_007,51
2024,다다087027,to_in_008,43
2024,다다087028,to_in_001,142
2024,다다087028,to_in_007,77
2024,다다087028,to_in_008,68
2024,다다087029,to_in_001,54
2024,다다087029,to_in_007,33
2024,다다087029,to_in_008,24
2024,다다087030,to_in_001,48
2024,다다087030,to_in_007,28
2024,다다087030,to_in_008,18
2024,다다087031,to_in_001,125
2024,다다087031,to_in_007,71
2024,다다087031,to_in_008,52
2024,다다087032,to_in_001,108
2024,다다087032,to_in_007,60
2024,다다087032,to_in_008,46
2024,다다087033,to_in_001,28
2024,다다087033,to_in_007,13
2024,다다087033,to_in_008,18
2024,다다087725,to_in_001,5
2024,다다087725,to_in_007,5
2024,다다087725,to_in_008,5
2024,다다087726,to_in_001,13
2024,다다087726,to_in_007,8
2024,다다087726,to_in_008,8
2024,다다087727,to_in_001,13
2024,다다087727,to_in_007,8
2024,다다087727,to_in_008,8
2024,다다087728,to_in_001,0
2024,다다087728,to_in_007,0
2024,다다087728,to_in_008,0
2024,다다087730,to_in_001,5
2024,다다087730,to_in_007,0
2024,다다087730,to_in_008,5
2024,다다087731,to_in_001,18
2024,다다088014,to_in_008,173
2024,다다088015,to_in_001,234
2024,다다088015,to_in_007,112
2024,다다088015,to_in_008,120
2024,다다088016,to_in_001,153
2024,다다088016,to_in_007,74
2024,다다088016,to_in_008,77
2024,다다088017,to_in_001,194
2024,다다088017,to_in_007,97
2024,다다088017,to_in_008,95
2024,다다088018,to_in_001,133
2024,다다088018,to_in_007,60
2024,다다088018,to_in_008,76
2024,다다088019,to_in_001,186
2024,다다088019,to_in_007,96
2024,다다088019,to_in_008,93
2024,다다088020,to_in_001,133
2024,다다088020,to_in_007,57
2024,다다088020,to_in_008,74
2024,다다088021,to_in_001,198
2024,다다088021,to_in_007,95
2024,다다088021,to_in_008,101
2024,다다088022,to_in_001,203
2024,다다088022,to_in_007,101
2024,다다088022,to_in_008,100
2024,다다088023,to_in_001,117
2024,다다088023,to_in_007,65
2024,다다088023,to_in_008,55
2024,다다088024,to_in_001,79
2024,다다088024,to_in_007,40
2024,다다088024,to_in_008,37
2024,다다088025,to_in_001,63
2024,다다088025,to_in_007,33
2024,다다088025,to_in_008,28
2024,다다088026,to_in_001,83
2024,다다088026,to_in_007,42
2024,다다088026,to_in_008,39
2024,다다088027,to_in_001,65
2024,다다088027,to_in_007,35
2024,다다088027,to_in_008,33
2024,다다088028,to_in_001,99
2024,다다088028,to_in_007,45
2024,다다088028,to_in_008,52
2024,다다088029,to_in_001,128
2024,다다088029,to_in_007,62
2024,다다088029,to_in_008,64
2024,다다088030,to_in_001,95
2024,다다088030,to_in_007,45
2024,다다088030,to_in_008,48
2024,다다088031,to_in_001,183
2024,다다088031,to_in_007,103
2024,다다088031,to_in_008,83
2024,다다088032,to_in_001,127
2024,다다088032,to_in_007,79
2024,다다088032,to_in_008,51
2024,다다088033,to_in_001,13
2024,다다088033,to_in_007,8
2024,다다088033,to_in_008,8
2024,다다088726,to_in_001,5
2024,다다088726,to_in_007,0
2024,다다088726,to_in_008,5
2024,다다088730,to_in_001,8
2024,다다088730,to_in_007,5
2024,다다088730,to_in_008,5
2024,다다088731,to_in_001,5
2024,다다088731,to_in_007,5
2024,다다088731,to_in_008,0
2024,다다088732,to_in_001,13
2024,다다088732,to_in_007,8
2024,다다088732,to_in_008,8
2024,다다088733,to_in_001,5
2024,다다088733,to_in_007,5
2024,다다088733,to_in_008,5
2024,다다088734,to_in_001,5
2024,다다088734,to_in_007,5
2024,다다088734,to_in_008,0
2024,다다088735,to_in_001,18
2024,다다088735,to_in_007,8
2024,다다088735,to_in_008,13
2024,다다096008,to_in_001,38
2024,다다096008,to_in_007,18
2024,다다096008,to_in_008,23
2024,다다096009,to_in_001,144
2024,다다096009,to_in_007,64
2024,다다096009,to_in_008,78
2024,다다096010,to_in_001,105
2024,다다083920,to_in_001,8
2024,다다083920,to_in_007,8
2024,다다083920,to_in_008,5
2024,다다083973,to_in_001,5
2024,다다083973,to_in_007,0
2024,다다083973,to_in_008,0
2024,다다083974,to_in_001,8
2024,다다083974,to_in_007,5
2024,다다083974,to_in_008,8
2024,다다083977,to_in_001,5
2024,다다083977,to_in_007,5
2024,다다083977,to_in_008,5
2024,다다083985,to_in_001,8
2024,다다083985,to_in_007,5
2024,다다083985,to_in_008,5
2024,다다084000,to_in_001,111
2024,다다084000,to_in_007,53
2024,다다084000,to_in_008,61
2024,다다084001,to_in_001,18
2024,다다084001,to_in_007,8
2024,다다084001,to_in_008,8
2024,다다084002,to_in_001,43
2024,다다084002,to_in_007,23
2024,다다084002,to_in_008,18
2024,다다084003,to_in_001,68
2024,다다084003,to_in_007,28
2024,다다084003,to_in_008,38
2024,다다084004,to_in_001,18
2024,다다084004,to_in_007,8
2024,다다084004,to_in_008,8
2024,다다088736,to_in_001,5
2024,다다088736,to_in_007,5
2024,다다088736,to_in_008,0
2024,다다088782,to_in_001,13
2024,다다088782,to_in_007,13
2024,다다088782,to_in_008,5
2024,다다088783,to_in_001,28
2024,다다088783,to_in_007,18
2024,다다088783,to_in_008,13
2024,다다088784,to_in_001,13
2024,다다088784,to_in_007,8
2024,다다088784,to_in_008,8
2024,다다088785,to_in_001,13
2024,다다088785,to_in_007,8
2024,다다088785,to_in_008,8
2024,다다088788,to_in_001,0
2024,다다088788,to_in_007,0
2024,다다088788,to_in_008,0
2024,다다088980,to_in_001,8
2024,다다088980,to_in_007,5
2024,다다088980,to_in_008,8
2024,다다088988,to_in_001,8
2024,다다088988,to_in_007,5
2024,다다088988,to_in_008,8
2024,다다088999,to_in_001,5
2024,다다088999,to_in_007,0
2024,다다088999,to_in_008,5
2024,다다089000,to_in_001,18
2024,다다089000,to_in_007,5
2024,다다089000,to_in_008,13
2024,다다089002,to_in_001,8
2024,다다089002,to_in_007,5
2024,다다089002,to_in_008,5
2024,다다089003,to_in_001,5
2024,다다089003,to_in_007,5
2024,다다089003,to_in_008,0
2024,다다089004,to_in_001,5
2024,다다089004,to_in_007,0
2024,다다089004,to_in_008,0
2024,다다089006,to_in_001,53
2024,다다089006,to_in_007,23
2024,다다089006,to_in_008,28
2024,다다089007,to_in_001,8
2024,다다089007,to_in_007,5
2024,다다089007,to_in_008,5
2024,다다089008,to_in_001,18
2024,다다089008,to_in_007,5
2024,다다089008,to_in_008,13
2024,다다089009,to_in_001,58
2024,다다089009,to_in_007,33
2024,다다089009,to_in_008,28
2024,다다089010,to_in_001,94
2024,다다089010,to_in_007,51
2024,다다089010,to_in_008,41
2024,다다089011,to_in_001,53
2024,다다089011,to_in_007,23
2024,다다089011,to_in_008,28
2024,다다089012,to_in_001,121
2024,다다089012,to_in_007,51
2024,다다089012,to_in_008,68
2024,다다089013,to_in_001,18
2024,다다089013,to_in_007,8
2024,다다089013,to_in_008,8
2024,다다089014,to_in_001,245
2024,다다089014,to_in_007,115
2024,다다089014,to_in_008,133
2024,다다089015,to_in_001,203
2024,다다089015,to_in_007,105
2024,다다089015,to_in_008,96
2024,다다089016,to_in_001,128
2024,다다089016,to_in_007,58
2024,다다089016,to_in_008,73
2024,다다089017,to_in_001,194
2024,다다089017,to_in_007,107
2024,다다089017,to_in_008,85
2024,다다089018,to_in_001,204
2024,다다089018,to_in_007,103
2024,다다089018,to_in_008,104
2024,다다089019,to_in_001,134
2024,다다089019,to_in_007,70
2024,다다089019,to_in_008,67
2024,다다089020,to_in_001,98
2024,다다089020,to_in_007,47
2024,다다089020,to_in_008,49
2024,다다089021,to_in_001,199
2024,다다089021,to_in_007,105
2024,다다089021,to_in_008,92
2024,다다089022,to_in_001,18
2024,다다089022,to_in_007,8
2024,다다089022,to_in_008,8
2024,다다089023,to_in_001,99
2024,다다089023,to_in_007,46
2024,다다089023,to_in_008,56
2024,다다089024,to_in_001,80
2024,다다089024,to_in_007,44
2024,다다089024,to_in_008,39
2024,다다089025,to_in_001,43
2024,다다089025,to_in_007,28
2024,다다089025,to_in_008,18
2024,다다089026,to_in_001,18
2024,다다089026,to_in_007,8
2024,다다089026,to_in_008,8
2024,다다089027,to_in_001,23
2024,다다089027,to_in_007,13
2024,다다089027,to_in_008,13
2024,다다089028,to_in_001,140
2024,다다089028,to_in_007,74
2024,다다089028,to_in_008,69
2024,다다089029,to_in_001,149
2024,다다089029,to_in_007,82
2024,다다089029,to_in_008,65
2024,다다089030,to_in_001,63
2024,다다089030,to_in_007,33
2024,다다089030,to_in_008,33
2024,다다089031,to_in_001,212
2024,다다089031,to_in_007,118
2024,다다089031,to_in_008,97
2024,다다089032,to_in_001,121
2024,다다089032,to_in_007,55
2024,다다089032,to_in_008,64
2024,다다089033,to_in_001,5
2024,다다089033,to_in_007,5
2024,다다089033,to_in_008,0
2024,다다089727,to_in_001,0
2024,다다089727,to_in_007,0
2024,다다089727,to_in_008,0
2024,다다089734,to_in_001,5
2024,다다089734,to_in_007,5
2024,다다089734,to_in_008,5
2024,다다089735,to_in_001,13
2024,다다089735,to_in_007,8
2024,다다089735,to_in_008,8
2024,다다089736,to_in_001,5
2024,다다089736,to_in_007,5
2024,다다089736,to_in_008,0
2024,다다092007,to_in_001,557
2024,다다092007,to_in_007,270
2024,다다092007,to_in_008,285
2024,다다092008,to_in_001,159
2024,다다092008,to_in_007,72
2024,다다092008,to_in_008,85
2024,다다092009,to_in_001,295
2024,다다092009,to_in_007,150
2024,다다092009,to_in_008,148
2024,다다092010,to_in_001,201
2024,다다092010,to_in_007,96
2024,다다092010,to_in_008,103
2024,다다092011,to_in_001,168
2024,다다092011,to_in_007,81
2024,다다092011,to_in_008,85
2024,다다092012,to_in_001,123
2024,다다092012,to_in_007,60
2024,다다092012,to_in_008,66
2024,다다092013,to_in_001,365
2024,다다092013,to_in_007,178
2024,다다092013,to_in_008,190
2024,다다092014,to_in_001,206
2024,다다092014,to_in_007,100
2024,다다092014,to_in_008,109
2024,다다092015,to_in_001,131
2024,다다092015,to_in_007,55
2024,다다092015,to_in_008,74
2024,다다092016,to_in_001,92
2024,다다092016,to_in_007,38
2024,다다092016,to_in_008,57
2024,다다092017,to_in_001,48
2024,다다092017,to_in_007,23
2024,다다092017,to_in_008,23
2024,다다092018,to_in_001,348
2024,다다092018,to_in_007,178
2024,다다092018,to_in_008,173
2024,다다092019,to_in_001,213
2024,다다092019,to_in_007,108
2024,다다092019,to_in_008,103
2024,다다092020,to_in_001,117
2024,다다092020,to_in_007,59
2024,다다092020,to_in_008,56
2024,다다092021,to_in_001,140
2024,다다092021,to_in_007,72
2024,다다092021,to_in_008,71
2024,다다092022,to_in_001,145
2024,다다092022,to_in_007,73
2024,다다092022,to_in_008,70
2024,다다092023,to_in_001,71
2024,다다092023,to_in_007,36
2024,다다092023,to_in_008,33
2024,다다092024,to_in_001,136
2024,다다092024,to_in_007,63
2024,다다092024,to_in_008,76
2024,다다092025,to_in_001,55
2024,다다092025,to_in_007,29
2024,다다092025,to_in_008,24
2024,다다092026,to_in_001,68
2024,다다092026,to_in_007,33
2024,다다092026,to_in_008,33
2024,다다092027,to_in_001,163
2024,다다092027,to_in_007,88
2024,다다092027,to_in_008,73
2024,다다092028,to_in_001,13
2024,다다092028,to_in_007,8
2024,다다092028,to_in_008,5
2024,다다092029,to_in_001,38
2024,다다092029,to_in_007,23
2024,다다092029,to_in_008,18
2024,다다092030,to_in_001,157
2024,다다092030,to_in_007,82
2024,다다092030,to_in_008,78
2024,다다092031,to_in_001,58
2024,다다092031,to_in_007,28
2024,다다092031,to_in_008,33
2024,다다092032,to_in_001,23
2024,다다092032,to_in_007,13
2024,다다092032,to_in_008,13
2024,다다092033,to_in_001,5
2024,다다092033,to_in_007,5
2024,다다092033,to_in_008,0
2024,다다092708,to_in_001,5
2024,다다092708,to_in_007,5
2024,다다092708,to_in_008,0
2024,다다092709,to_in_001,13
2024,다다092709,to_in_007,8
2024,다다092709,to_in_008,8
2024,다다092710,to_in_001,18
2024,다다092710,to_in_007,13
2024,다다092710,to_in_008,8
2024,다다092712,to_in_001,5
2024,다다092712,to_in_007,0
2024,다다092712,to_in_008,0
2024,다다092786,to_in_001,0
2024,다다092786,to_in_007,0
2024,다다092786,to_in_008,0
2024,다다092974,to_in_001,5
2024,다다092974,to_in_007,0
2024,다다092974,to_in_008,5
2024,다다092999,to_in_001,5
2024,다다092999,to_in_007,5
2024,다다092999,to_in_008,0
2024,다다093000,to_in_001,28
2024,다다093000,to_in_007,13
2024,다다093000,to_in_008,18
2024,다다093001,to_in_001,13
2024,다다093001,to_in_007,8
2024,다다093001,to_in_008,8
2024,다다093005,to_in_001,213
2024,다다093005,to_in_007,100
2024,다다093005,to_in_008,111
2024,다다093006,to_in_001,465
2024,다다093006,to_in_007,220
2024,다다093006,to_in_008,238
2024,다다093007,to_in_001,214
2024,다다093007,to_in_007,112
2024,다다093007,to_in_008,100
2024,다다093008,to_in_001,116
2024,다다093008,to_in_007,54
2024,다다093008,to_in_008,65
2024,다다093009,to_in_001,182
2024,다다093009,to_in_007,90
2024,다다093009,to_in_008,90
2024,다다093010,to_in_001,155
2024,다다093010,to_in_007,77
2024,다다093010,to_in_008,76
2024,다다093011,to_in_001,147
2024,다다093011,to_in_007,67
2024,다다085007,to_in_001,18
2024,다다085007,to_in_007,8
2024,다다085007,to_in_008,8
2024,다다085012,to_in_001,5
2024,다다085012,to_in_007,5
2024,다다085012,to_in_008,0
2024,다다085013,to_in_001,8
2024,다다085013,to_in_007,5
2024,다다085013,to_in_008,5
2024,다다085014,to_in_001,75
2024,다다085014,to_in_007,28
2024,다다085014,to_in_008,45
2024,다다085015,to_in_001,48
2024,다다085015,to_in_007,23
2024,다다085015,to_in_008,28
2024,다다085017,to_in_001,160
2024,다다085017,to_in_007,75
2024,다다085017,to_in_008,88
2024,다다085018,to_in_001,105
2024,다다085018,to_in_007,56
2024,다다085018,to_in_008,52
2024,다다085019,to_in_001,147
2024,다다085019,to_in_007,72
2024,다다085019,to_in_008,73
2024,다다085020,to_in_001,96
2024,다다085020,to_in_007,50
2024,다다085020,to_in_008,44
2024,다다085021,to_in_001,85
2024,다다085021,to_in_007,45
2024,다다085021,to_in_008,43
2024,다다085022,to_in_001,143
2024,다다085022,to_in_007,75
2024,다다085022,to_in_008,71
2024,다다085023,to_in_001,67
2024,다다085023,to_in_007,37
2024,다다085023,to_in_008,28
2024,다다085024,to_in_001,94
2024,다다085024,to_in_007,46
2024,다다085024,to_in_008,46
2024,다다090990,to_in_001,5
2024,다다090990,to_in_007,0
2024,다다090990,to_in_008,5
2024,다다090993,to_in_001,5
2024,다다090993,to_in_007,0
2024,다다090993,to_in_008,5
2024,다다091000,to_in_001,28
2024,다다091000,to_in_007,13
2024,다다091000,to_in_008,18
2024,다다091001,to_in_001,23
2024,다다091001,to_in_007,8
2024,다다091001,to_in_008,13
2024,다다091005,to_in_001,43
2024,다다091005,to_in_007,23
2024,다다091005,to_in_008,23
2024,다다091006,to_in_001,49
2024,다다091006,to_in_007,18
2024,다다091006,to_in_008,29
2024,다다091007,to_in_001,452
2024,다다091007,to_in_007,210
2024,다다091007,to_in_008,240
2024,다다091008,to_in_001,162
2024,다다091008,to_in_007,74
2024,다다091008,to_in_008,86
2024,다다091009,to_in_001,99
2024,다다091009,to_in_007,43
2024,다다091009,to_in_008,59
2024,다다091010,to_in_001,282
2024,다다091010,to_in_007,148
2024,다다091010,to_in_008,137
2024,다다091011,to_in_001,130
2024,다다091011,to_in_007,61
2024,다다091011,to_in_008,72
2024,다다091012,to_in_001,127
2024,다다091012,to_in_007,70
2024,다다091012,to_in_008,60
2024,다다091013,to_in_001,49
2024,다다091013,to_in_007,29
2024,다다091013,to_in_008,23
2024,다다091014,to_in_001,140
2024,다다091014,to_in_007,65
2024,다다091014,to_in_008,73
2024,다다091015,to_in_001,125
2024,다다091015,to_in_007,61
2024,다다091015,to_in_008,67
2024,다다091016,to_in_001,132
2024,다다091016,to_in_007,60
2024,다다091016,to_in_008,70
2024,다다091017,to_in_001,68
2024,다다091017,to_in_007,33
2024,다다091017,to_in_008,33
2024,다다091018,to_in_001,48
2024,다다091018,to_in_007,18
2024,다다091018,to_in_008,28
2024,다다091019,to_in_001,141
2024,다다091019,to_in_007,74
2024,다다091019,to_in_008,65
2024,다다091020,to_in_001,121
2024,다다091020,to_in_007,57
2024,다다091020,to_in_008,62
2024,다다091021,to_in_001,165
2024,다다091021,to_in_007,88
2024,다다091021,to_in_008,75
2024,다다091022,to_in_001,117
2024,다다091022,to_in_007,54
2024,다다091022,to_in_008,61
2024,다다091023,to_in_001,90
2024,다다091023,to_in_007,37
2024,다다091023,to_in_008,51
2024,다다091024,to_in_001,38
2024,다다091024,to_in_007,23
2024,다다091024,to_in_008,13
2024,다다091025,to_in_001,8
2024,다다091025,to_in_007,5
2024,다다091025,to_in_008,5
2024,다다091026,to_in_001,45
2024,다다091026,to_in_007,23
2024,다다091026,to_in_008,20
2024,다다091027,to_in_001,38
2024,다다091027,to_in_007,18
2024,다다091027,to_in_008,18
2024,다다091029,to_in_001,5
2024,다다091029,to_in_007,5
2024,다다091029,to_in_008,5
2024,다다091030,to_in_001,58
2024,다다091030,to_in_007,28
2024,다다091030,to_in_008,28
2024,다다091031,to_in_001,126
2024,다다091031,to_in_007,59
2024,다다091031,to_in_008,65
2024,다다091032,to_in_001,68
2024,다다091032,to_in_007,43
2024,다다091032,to_in_008,23
2024,다다091709,to_in_001,13
2024,다다091709,to_in_007,8
2024,다다091709,to_in_008,5
2024,다다091710,to_in_001,8
2024,다다091710,to_in_007,5
2024,다다091710,to_in_008,5
2024,다다091786,to_in_001,8
2024,다다091786,to_in_007,5
2024,다다091786,to_in_008,8
2024,다다091799,to_in_001,13
2024,다다091799,to_in_007,8
2024,다다091799,to_in_008,8
2024,다다091972,to_in_001,5
2024,다다091972,to_in_007,5
2024,다다091972,to_in_008,0
2024,다다091992,to_in_001,8
2024,다다091992,to_in_007,5
2024,다다091992,to_in_008,5
2024,다다091996,to_in_001,8
2024,다다091996,to_in_007,5
2024,다다091996,to_in_008,8
2024,다다092000,to_in_001,79
2024,다다092000,to_in_007,39
2024,다다092000,to_in_008,38
2024,다다092001,to_in_001,38
2024,다다092001,to_in_007,23
2024,다다092001,to_in_008,18
2024,다다092005,to_in_001,5
2024,다다092005,to_in_007,5
2024,다다092005,to_in_008,5
2024,다다092006,to_in_001,312
2024,다다092006,to_in_007,161
2024,다다092006,to_in_008,149
2024,다다093014,to_in_001,139
2024,다다093014,to_in_007,64
2024,다다093014,to_in_008,73
2024,다다093015,to_in_001,233
2024,다다093015,to_in_007,123
2024,다다093015,to_in_008,108
2024,다다093016,to_in_001,121
2024,다다093016,to_in_007,63
2024,다다093016,to_in_008,56
2024,다다093017,to_in_001,150
2024,다다093017,to_in_007,77
2024,다다093017,to_in_008,76
2024,다다093018,to_in_001,130
2024,다다093018,to_in_007,71
2024,다다093018,to_in_008,57
2024,다다093019,to_in_001,128
2024,다다093019,to_in_007,66
2024,다다093019,to_in_008,65
2024,다다093020,to_in_001,204
2024,다다093020,to_in_007,99
2024,다다093020,to_in_008,103
2024,다다093021,to_in_001,88
2024,다다093021,to_in_007,45
2024,다다093021,to_in_008,41
2024,다다093022,to_in_001,109
2024,다다093022,to_in_007,55
2024,다다093022,to_in_008,52
2024,다다093023,to_in_001,372
2024,다다093023,to_in_007,185
2024,다다093023,to_in_008,190
2024,다다093024,to_in_001,73
2024,다다093024,to_in_007,43
2024,다다093024,to_in_008,33
2024,다다093025,to_in_001,18
2024,다다093025,to_in_007,8
2024,다다093025,to_in_008,13
2024,다다093026,to_in_001,282
2024,다다093026,to_in_007,127
2024,다다093026,to_in_008,158
2024,다다093027,to_in_001,18
2024,다다093027,to_in_007,8
2024,다다093027,to_in_008,8
2024,다다093028,to_in_001,53
2024,다다093028,to_in_007,28
2024,다다093028,to_in_008,23
2024,다다093029,to_in_001,79
2024,다다093029,to_in_007,36
2024,다다093029,to_in_008,41
2024,다다093030,to_in_001,156
2024,다다093030,to_in_007,91
2024,다다093030,to_in_008,68
2024,다다093031,to_in_001,254
2024,다다093031,to_in_007,144
2024,다다093031,to_in_008,113
2024,다다093709,to_in_001,18
2024,다다093709,to_in_007,8
2024,다다093709,to_in_008,13
2024,다다093710,to_in_001,18
2024,다다093710,to_in_007,8
2024,다다093710,to_in_008,8
2024,다다093711,to_in_001,5
2024,다다093711,to_in_007,0
2024,다다093711,to_in_008,0
2024,다다093751,to_in_001,5
2024,다다093751,to_in_007,0
2024,다다093751,to_in_008,5
2024,다다093918,to_in_001,5
2024,다다093918,to_in_007,0
2024,다다093918,to_in_008,0
2024,다다093972,to_in_001,5
2024,다다093972,to_in_007,0
2024,다다093972,to_in_008,0
2024,다다093979,to_in_001,0
2024,다다093979,to_in_007,0
2024,다다093979,to_in_008,0
2024,다다093980,to_in_001,8
2024,다다093980,to_in_007,5
2024,다다093980,to_in_008,5
2024,다다093996,to_in_001,5
2024,다다093996,to_in_007,0
2024,다다093996,to_in_008,5
2024,다다093997,to_in_001,5
2024,다다093997,to_in_007,0
2024,다다093997,to_in_008,5
2024,다다093998,to_in_001,8
2024,다다093998,to_in_007,0
2024,다다093998,to_in_008,5
2024,다다094000,to_in_001,113
2024,다다094000,to_in_007,56
2024,다다094000,to_in_008,60
2024,다다094005,to_in_001,274
2024,다다094005,to_in_007,130
2024,다다094005,to_in_008,142
2024,다다094006,to_in_001,500
2024,다다094006,to_in_007,249
2024,다다094006,to_in_008,249
2024,다다094007,to_in_001,144
2024,다다094007,to_in_007,73
2024,다다094007,to_in_008,74
2024,다다094008,to_in_001,68
2024,다다094008,to_in_007,33
2024,다다094008,to_in_008,33
2024,다다094009,to_in_001,219
2024,다다094009,to_in_007,114
2024,다다094009,to_in_008,108
2024,다다094010,to_in_001,172
2024,다다094010,to_in_007,91
2024,다다094010,to_in_008,84
2024,다다094011,to_in_001,132
2024,다다094011,to_in_007,71
2024,다다094011,to_in_008,59
2024,다다094012,to_in_001,290
2024,다다094012,to_in_007,145
2024,다다094012,to_in_008,143
2024,다다094013,to_in_001,5
2024,다다094013,to_in_007,5
2024,다다094013,to_in_008,5
2024,다다094014,to_in_001,18
2024,다다094014,to_in_007,8
2024,다다094014,to_in_008,8
2024,다다094015,to_in_001,435
2024,다다094015,to_in_007,211
2024,다다094015,to_in_008,222
2024,다다094018,to_in_001,173
2024,다다094018,to_in_007,86
2024,다다094018,to_in_008,85
2024,다다094019,to_in_001,195
2024,다다094019,to_in_007,103
2024,다다096010,to_in_007,54
2024,다다096010,to_in_008,54
2024,다다096011,to_in_001,66
2024,다다096011,to_in_007,30
2024,다다096011,to_in_008,34
2024,다다096012,to_in_001,90
2024,다다096012,to_in_007,33
2024,다다096012,to_in_008,55
2024,다다096013,to_in_001,64
2024,다다096013,to_in_007,33
2024,다다096013,to_in_008,34
2024,다다096014,to_in_001,125
2024,다다096014,to_in_007,63
2024,다다096014,to_in_008,60
2024,다다096015,to_in_001,143
2024,다다096015,to_in_007,65
2024,다다096015,to_in_008,76
2024,다다096016,to_in_001,115
2024,다다096016,to_in_007,54
2024,다다096016,to_in_008,64
2024,다다096017,to_in_001,54
2024,다다096017,to_in_007,23
2024,다다096017,to_in_008,29
2024,다다096018,to_in_001,5
2024,다다096018,to_in_007,0
2024,다다096018,to_in_008,0
2024,다다096019,to_in_001,315
2024,다다096019,to_in_007,149
2024,다다096019,to_in_008,164
2024,다다096020,to_in_001,69
2024,다다096020,to_in_007,38
2024,다다096020,to_in_008,29
2024,다다096021,to_in_001,237
2024,다다096021,to_in_007,117
2024,다다096021,to_in_008,118
2024,다다096022,to_in_001,118
2024,다다096022,to_in_007,67
2024,다다096022,to_in_008,49
2024,다다096023,to_in_001,28
2024,다다096023,to_in_007,13
2024,다다096023,to_in_008,13
2024,다다096024,to_in_001,44
2024,다다096024,to_in_007,23
2024,다다096024,to_in_008,19
2024,다다096025,to_in_001,33
2024,다다096025,to_in_007,13
2024,다다096025,to_in_008,18
2024,다다096026,to_in_001,78
2024,다다096026,to_in_007,38
2024,다다096026,to_in_008,43
2024,다다096027,to_in_001,28
2024,다다096027,to_in_007,18
2024,다다096027,to_in_008,13
2024,다다096028,to_in_001,58
2024,다다096028,to_in_007,43
2024,다다096028,to_in_008,13
2024,다다096029,to_in_001,53
2024,다다096029,to_in_007,28
2024,다다096029,to_in_008,23
2024,다다096030,to_in_001,54
2024,다다096030,to_in_007,23
2024,다다096030,to_in_008,29
2024,다다096031,to_in_001,38
2024,다다096031,to_in_007,23
2024,다다096031,to_in_008,13
2024,다다096032,to_in_001,37
2024,다다096032,to_in_007,18
2024,다다096032,to_in_008,19
2024,다다096907,to_in_001,13
2024,다다096907,to_in_007,8
2024,다다096907,to_in_008,8
2024,다다096908,to_in_001,8
2024,다다096908,to_in_007,5
2024,다다096908,to_in_008,5
2024,다다096909,to_in_001,8
2024,다다096909,to_in_007,5
2024,다다096909,to_in_008,5
2024,다다096910,to_in_001,5
2024,다다096910,to_in_007,5
2024,다다096910,to_in_008,5
2024,다다096918,to_in_001,5
2024,다다096918,to_in_007,5
2024,다다096918,to_in_008,5
2024,다다086017,to_in_007,152
2024,다다086017,to_in_008,176
2024,다다086018,to_in_001,150
2024,다다086018,to_in_007,64
2024,다다086018,to_in_008,89
2024,다다086019,to_in_001,185
2024,다다086019,to_in_007,87
2024,다다086019,to_in_008,96
2024,다다086020,to_in_001,146
2024,다다086020,to_in_007,66
2024,다다086020,to_in_008,83
2024,다다089783,to_in_001,5
2024,다다089783,to_in_007,0
2024,다다089783,to_in_008,5
2024,다다089784,to_in_001,18
2024,다다089784,to_in_007,13
2024,다다089784,to_in_008,8
2024,다다089785,to_in_001,28
2024,다다089785,to_in_007,18
2024,다다089785,to_in_008,13
2024,다다089788,to_in_001,8
2024,다다089788,to_in_007,5
2024,다다089788,to_in_008,5
2024,다다089799,to_in_001,5
2024,다다089799,to_in_007,5
2024,다다089799,to_in_008,0
2024,다다089903,to_in_001,5
2024,다다089903,to_in_007,5
2024,다다089903,to_in_008,0
2024,다다089980,to_in_001,5
2024,다다089980,to_in_007,0
2024,다다089980,to_in_008,5
2024,다다089989,to_in_001,8
2024,다다089989,to_in_007,8
2024,다다089989,to_in_008,5
2024,다다089990,to_in_001,0
2024,다다089990,to_in_007,0
2024,다다089990,to_in_008,0
2024,다다089996,to_in_001,5
2024,다다089996,to_in_007,0
2024,다다089996,to_in_008,5
2024,다다090000,to_in_001,59
2024,다다090000,to_in_007,33
2024,다다090000,to_in_008,24
2024,다다090001,to_in_001,5
2024,다다090001,to_in_007,0
2024,다다090001,to_in_008,0
2024,다다090007,to_in_001,116
2024,다다090007,to_in_007,52
2024,다다090007,to_in_008,62
2024,다다090008,to_in_001,162
2024,다다090008,to_in_007,83
2024,다다090008,to_in_008,82
2024,다다090009,to_in_001,83
2024,다다090009,to_in_007,38
2024,다다090009,to_in_008,48
2024,다다090010,to_in_001,99
2024,다다090010,to_in_007,43
2024,다다090010,to_in_008,59
2024,다다090011,to_in_001,136
2024,다다090011,to_in_007,62
2024,다다090011,to_in_008,72
2024,다다090012,to_in_001,134
2024,다다090012,to_in_007,61
2024,다다090012,to_in_008,71
2024,다다090013,to_in_001,304
2024,다다090013,to_in_007,145
2024,다다090013,to_in_008,157
2024,다다090014,to_in_001,140
2024,다다090014,to_in_007,74
2024,다다090014,to_in_008,64
2024,다다090015,to_in_001,144
2024,다다090015,to_in_007,72
2024,다다090015,to_in_008,75
2024,다다090016,to_in_001,155
2024,다다090016,to_in_007,73
2024,다다090016,to_in_008,80
2024,다다090017,to_in_001,168
2024,다다090017,to_in_007,84
2024,다다090017,to_in_008,87
2024,다다090018,to_in_001,189
2024,다다090018,to_in_007,98
2024,다다090018,to_in_008,94
2024,다다090019,to_in_001,90
2024,다다090019,to_in_007,42
2024,다다090019,to_in_008,46
2024,다다090020,to_in_001,378
2024,다다090020,to_in_007,194
2024,다다090020,to_in_008,187
2024,다다090021,to_in_001,124
2024,다다090021,to_in_007,65
2024,다다090021,to_in_008,57
2024,다다090022,to_in_001,152
2024,다다090022,to_in_007,77
2024,다다090022,to_in_008,78
2024,다다090023,to_in_001,85
2024,다다090023,to_in_007,38
2024,다다090023,to_in_008,45
2024,다다090024,to_in_001,108
2024,다다090024,to_in_007,57
2024,다다090024,to_in_008,49
2024,다다090025,to_in_001,73
2024,다다090025,to_in_007,38
2024,다다090025,to_in_008,38
2024,다다090026,to_in_001,309
2024,다다090026,to_in_007,146
2024,다다090026,to_in_008,161
2024,다다090027,to_in_001,33
2024,다다090027,to_in_007,18
2024,다다090027,to_in_008,18
2024,다다090028,to_in_001,105
2024,다다090028,to_in_007,67
2024,다다090028,to_in_008,41
2024,다다090029,to_in_001,154
2024,다다090029,to_in_007,99
2024,다다090029,to_in_008,58
2024,다다090030,to_in_001,150
2024,다다090030,to_in_007,74
2024,다다090030,to_in_008,74
2024,다다090031,to_in_001,150
2024,다다090031,to_in_007,86
2024,다다090031,to_in_008,62
2024,다다090032,to_in_001,191
2024,다다090032,to_in_007,95
2024,다다090032,to_in_008,94
2024,다다090709,to_in_001,0
2024,다다090709,to_in_007,0
2024,다다090709,to_in_008,0
2024,다다090785,to_in_001,8
2024,다다090785,to_in_007,5
2024,다다090785,to_in_008,5
2024,다다090786,to_in_001,30
2024,다다090786,to_in_007,20
2024,다다090786,to_in_008,8
2024,다다090788,to_in_001,0
2024,다다090788,to_in_007,0
2024,다다090788,to_in_008,0
2024,다다090799,to_in_001,5
2024,다다090799,to_in_007,0
2024,다다090799,to_in_008,5
2024,다다090981,to_in_001,8
2024,다다090981,to_in_007,5
2024,다다090981,to_in_008,8
2024,다다090982,to_in_001,5
2024,다다090982,to_in_007,0
2024,다다090982,to_in_008,5
2024,다다090989,to_in_001,0
2024,다다090989,to_in_007,0
2024,다다090989,to_in_008,0
2024,다다095024,to_in_001,18
2024,다다095024,to_in_007,8
2024,다다095024,to_in_008,8
2024,다다095025,to_in_001,33
2024,다다095025,to_in_007,18
2024,다다095025,to_in_008,13
2024,다다095026,to_in_001,38
2024,다다095026,to_in_007,18
2024,다다095026,to_in_008,23
2024,다다095027,to_in_001,23
2024,다다095027,to_in_007,13
2024,다다095027,to_in_008,13
2024,다다095028,to_in_001,57
2024,다다095028,to_in_007,32
2024,다다095028,to_in_008,23
2024,다다095029,to_in_001,50
2024,다다095029,to_in_007,30
2024,다다095029,to_in_008,23
2024,다다095030,to_in_001,38
2024,다다095030,to_in_007,23
2024,다다095030,to_in_008,13
2024,다다095031,to_in_001,43
2024,다다095031,to_in_007,18
2024,다다095031,to_in_008,28
2024,다다095709,to_in_001,5
2024,다다095709,to_in_007,0
2024,다다095709,to_in_008,5
2024,다다095710,to_in_001,5
2024,다다095710,to_in_007,5
2024,다다095710,to_in_008,0
2024,다다095751,to_in_001,5
2024,다다095751,to_in_007,5
2024,다다095751,to_in_008,5
2024,다다095788,to_in_001,5
2024,다다095788,to_in_007,0
2024,다다095788,to_in_008,0
2024,다다095906,to_in_001,0
2024,다다095906,to_in_007,0
2024,다다095906,to_in_008,0
2024,다다095907,to_in_001,8
2024,다다095907,to_in_007,5
2024,다다095907,to_in_008,5
2024,다다095918,to_in_001,5
2024,다다095918,to_in_007,5
2024,다다095918,to_in_008,0
2024,다다095919,to_in_001,28
2024,다다095919,to_in_007,18
2024,다다095919,to_in_008,13
2024,다다095920,to_in_001,8
2024,다다095920,to_in_007,8
2024,다다095920,to_in_008,8
2024,다다095921,to_in_001,5
2024,다다095921,to_in_007,5
2024,다다095921,to_in_008,5
2024,다다095971,to_in_001,13
2024,다다095971,to_in_007,8
2024,다다095971,to_in_008,5
2024,다다095972,to_in_001,5
2024,다다095972,to_in_007,5
2024,다다095972,to_in_008,0
2024,다다095973,to_in_001,5
2024,다다095973,to_in_007,5
2024,다다095973,to_in_008,5
2024,다다095974,to_in_001,5
2024,다다095974,to_in_007,5
2024,다다095974,to_in_008,0
2024,다다095975,to_in_001,5
2024,다다095975,to_in_007,0
2024,다다095975,to_in_008,5
2024,다다095977,to_in_001,8
2024,다다095977,to_in_007,5
2024,다다095977,to_in_008,5
2024,다다095978,to_in_001,13
2024,다다095978,to_in_007,8
2024,다다095978,to_in_008,8
2024,다다095979,to_in_001,33
2024,다다095979,to_in_007,13
2024,다다095979,to_in_008,18
2024,다다095980,to_in_001,13
2024,다다095980,to_in_007,8
2024,다다095980,to_in_008,8
2024,다다095991,to_in_001,0
2024,다다095991,to_in_007,0
2024,다다095991,to_in_008,0
2024,다다095992,to_in_001,0
2024,다다095992,to_in_007,0
2024,다다095992,to_in_008,0
2024,다다095994,to_in_001,18
2024,다다095994,to_in_007,13
2024,다다095994,to_in_008,8
2024,다다095996,to_in_001,23
2024,다다095996,to_in_007,8
2024,다다095996,to_in_008,13
2024,다다095997,to_in_001,5
2024,다다095997,to_in_007,5
2024,다다095997,to_in_008,5
2024,다다095998,to_in_001,8
2024,다다095998,to_in_007,5
2024,다다095998,to_in_008,5
2024,다다096000,to_in_001,53
2024,다다096000,to_in_007,23
2024,다다096000,to_in_008,28
2024,다다096001,to_in_001,18
2024,다다096001,to_in_007,8
2024,다다096001,to_in_008,8
2024,다다096002,to_in_001,28
2024,다다096002,to_in_007,13
2024,다다096002,to_in_008,13
2024,다다096003,to_in_001,287
2024,다다096003,to_in_007,136
2024,다다096003,to_in_008,149
2024,다다096004,to_in_001,33
2024,다다096004,to_in_007,18
2024,다다096004,to_in_008,18
2024,다다096005,to_in_001,284
2024,다다096005,to_in_007,136
2024,다다096005,to_in_008,146
2024,다다096006,to_in_001,81
2024,다다096006,to_in_007,43
2024,다다096006,to_in_008,41
2024,다다096007,to_in_001,183
2024,다다096007,to_in_007,83
2024,다다096007,to_in_008,98
2024,다다098023,to_in_001,28
2024,다다098023,to_in_007,18
2024,다다098023,to_in_008,13
2024,다다098024,to_in_001,58
2024,다다098024,to_in_007,33
2024,다다098024,to_in_008,28
2024,다다098025,to_in_001,111
2024,다다098025,to_in_007,52
2024,다다098025,to_in_008,57
2024,다다098026,to_in_001,92
2024,다다098026,to_in_007,45
2024,다다098026,to_in_008,45
2024,다다098027,to_in_001,108
2024,다다098027,to_in_007,61
2024,다다098027,to_in_008,50
2024,다다098028,to_in_001,58
2024,다다098028,to_in_007,31
2024,다다098028,to_in_008,25
2024,다다098029,to_in_001,28
2024,다다098029,to_in_007,18
2024,다다098029,to_in_008,13
2024,다다096919,to_in_001,8
2024,다다096919,to_in_007,8
2024,다다096919,to_in_008,5
2024,다다096920,to_in_001,13
2024,다다096920,to_in_007,8
2024,다다096920,to_in_008,8
2024,다다096921,to_in_001,5
2024,다다096921,to_in_007,5
2024,다다096921,to_in_008,0
2024,다다096922,to_in_001,5
2024,다다096922,to_in_007,5
2024,다다096922,to_in_008,0
2024,다다096969,to_in_001,0
2024,다다096969,to_in_007,0
2024,다다096969,to_in_008,0
2024,다다096970,to_in_001,13
2024,다다096970,to_in_007,8
2024,다다096970,to_in_008,5
2024,다다096971,to_in_001,8
2024,다다096971,to_in_007,5
2024,다다096971,to_in_008,5
2024,다다096976,to_in_001,13
2024,다다096976,to_in_007,8
2024,다다096976,to_in_008,8
2024,다다096977,to_in_001,13
2024,다다096977,to_in_007,8
2024,다다096977,to_in_008,8
2024,다다096978,to_in_001,38
2024,다다096978,to_in_007,18
2024,다다096978,to_in_008,18
2024,다다096979,to_in_001,18
2024,다다096979,to_in_007,8
2024,다다096979,to_in_008,13
2024,다다096993,to_in_001,8
2024,다다096993,to_in_007,5
2024,다다096993,to_in_008,8
2024,다다096994,to_in_001,8
2024,다다096994,to_in_007,5
2024,다다096994,to_in_008,5
2024,다다096996,to_in_001,5
2024,다다096996,to_in_007,0
2024,다다096996,to_in_008,0
2024,다다097000,to_in_001,149
2024,다다097000,to_in_007,72
2024,다다097000,to_in_008,80
2024,다다101001,to_in_001,92
2024,다다101001,to_in_007,54
2024,다다101001,to_in_008,41
2024,다다101002,to_in_001,96
2024,다다101002,to_in_007,46
2024,다다101002,to_in_008,48
2024,다다101003,to_in_001,49
2024,다다101003,to_in_007,29
2024,다다101003,to_in_008,23
2024,다다101004,to_in_001,116
2024,다다101004,to_in_007,54
2024,다다101004,to_in_008,60
2024,다다101005,to_in_001,217
2024,다다101005,to_in_007,112
2024,다다101005,to_in_008,103
2024,다다101006,to_in_001,75
2024,다다101006,to_in_007,40
2024,다다101006,to_in_008,33
2024,다다101007,to_in_001,49
2024,다다101007,to_in_007,24
2024,다다101007,to_in_008,28
2024,다다101008,to_in_001,231
2024,다다101008,to_in_007,125
2024,다다101008,to_in_008,104
2024,다다101009,to_in_001,116
2024,다다101009,to_in_007,68
2024,다다101009,to_in_008,51
2024,다다101010,to_in_001,145
2024,다다101010,to_in_007,73
2024,다다101010,to_in_008,75
2024,다다101011,to_in_001,188
2024,다다101011,to_in_007,86
2024,다다101011,to_in_008,105
2024,다다101012,to_in_001,113
2024,다다101012,to_in_007,55
2024,다다101012,to_in_008,56
2024,다다101013,to_in_001,82
2024,다다101013,to_in_007,46
2024,다다101013,to_in_008,34
2024,다다101014,to_in_001,133
2024,다다101014,to_in_007,63
2024,다다101014,to_in_008,73
2024,다다101015,to_in_001,232
2024,다다101015,to_in_007,105
2024,다다101015,to_in_008,130
2024,다다101016,to_in_001,260
2024,다다101016,to_in_007,133
2024,다다101016,to_in_008,130
2024,다다101017,to_in_001,123
2024,다다101017,to_in_007,61
2024,다다101017,to_in_008,60
2024,다다101022,to_in_001,164
2024,다다101022,to_in_007,75
2024,다다101022,to_in_008,87
2024,다다101023,to_in_001,103
2024,다다101023,to_in_007,56
2024,다다101023,to_in_008,45
2024,다다101024,to_in_001,106
2024,다다101024,to_in_007,56
2024,다다101024,to_in_008,53
2024,다다101025,to_in_001,176
2024,다다101025,to_in_007,88
2024,다다101025,to_in_008,91
2024,다다101026,to_in_001,118
2024,다다101026,to_in_007,58
2024,다다101026,to_in_008,58
2024,다다101027,to_in_001,109
2024,다다101027,to_in_007,48
2024,다다101027,to_in_008,64
2024,다다101028,to_in_001,105
2024,다다101028,to_in_007,53
2024,다다101028,to_in_008,50
2024,다다101029,to_in_001,122
2024,다다101029,to_in_007,63
2024,다다101029,to_in_008,62
2024,다다101030,to_in_001,69
2024,다다101030,to_in_007,30
2024,다다101030,to_in_008,37
2024,다다101031,to_in_001,76
2024,다다101031,to_in_007,46
2024,다다101031,to_in_008,28
2024,다다101032,to_in_001,252
2024,다다101032,to_in_007,113
2024,다다101032,to_in_008,137
2024,다다101752,to_in_001,5
2024,다다101752,to_in_007,5
2024,다다101752,to_in_008,0
2024,다다101753,to_in_001,5
2024,다다101753,to_in_007,5
2024,다다101753,to_in_008,5
2024,다다101754,to_in_001,13
2024,다다101754,to_in_007,8
2024,다다101754,to_in_008,5
2024,다다101755,to_in_001,18
2024,다다101755,to_in_007,8
2024,다다101755,to_in_008,8
2024,다다101757,to_in_001,5
2024,다다101757,to_in_007,0
2024,다다101757,to_in_008,5
2024,다다104020,to_in_001,120
2024,다다104020,to_in_007,56
2024,다다104020,to_in_008,62
2024,다다104021,to_in_001,150
2024,다다104021,to_in_007,69
2024,다다104021,to_in_008,84
2024,다다104022,to_in_001,211
2024,다다104022,to_in_007,106
2024,다다104022,to_in_008,108
2024,다다104023,to_in_001,127
2024,다다104023,to_in_007,62
2024,다다104023,to_in_008,63
2024,다다104024,to_in_001,79
2024,다다104024,to_in_007,39
2024,다다104024,to_in_008,38
2024,다다104025,to_in_001,159
2024,다다104025,to_in_007,80
2024,다다104025,to_in_008,77
2024,다다104026,to_in_001,114
2024,다다104026,to_in_007,57
2024,다다104026,to_in_008,55
2024,다다104027,to_in_001,99
2024,다다104027,to_in_007,52
2024,다다104027,to_in_008,50
2024,다다104028,to_in_001,28
2024,다다104028,to_in_007,13
2024,다다104028,to_in_008,18
2024,다다104029,to_in_001,43
2024,다다104029,to_in_007,23
2024,다다104029,to_in_008,23
2024,다다104030,to_in_001,98
2024,다다104030,to_in_007,49
2024,다다104030,to_in_008,47
2024,다다104031,to_in_001,291
2024,다다104031,to_in_007,144
2024,다다104031,to_in_008,145
2024,다다104032,to_in_001,137
2024,다다093011,to_in_008,83
2024,다다093012,to_in_001,205
2024,다다093012,to_in_007,122
2024,다다093012,to_in_008,86
2024,다다093013,to_in_001,73
2024,다다093013,to_in_007,36
2024,다다093013,to_in_008,35
2024,다다097001,to_in_001,64
2024,다다097001,to_in_007,39
2024,다다097001,to_in_008,28
2024,다다097002,to_in_001,123
2024,다다097002,to_in_007,65
2024,다다097002,to_in_008,61
2024,다다097003,to_in_001,78
2024,다다097003,to_in_007,43
2024,다다097003,to_in_008,33
2024,다다097004,to_in_001,142
2024,다다097004,to_in_007,73
2024,다다097004,to_in_008,67
2024,다다097005,to_in_001,188
2024,다다097005,to_in_007,89
2024,다다097005,to_in_008,97
2024,다다097006,to_in_001,266
2024,다다097006,to_in_007,126
2024,다다097006,to_in_008,138
2024,다다097007,to_in_001,113
2024,다다097007,to_in_007,49
2024,다다097007,to_in_008,62
2024,다다097008,to_in_001,122
2024,다다097008,to_in_007,52
2024,다다097008,to_in_008,73
2024,다다097009,to_in_001,265
2024,다다097009,to_in_007,132
2024,다다097009,to_in_008,131
2024,다다097010,to_in_001,95
2024,다다097010,to_in_007,45
2024,다다097010,to_in_008,53
2024,다다097011,to_in_001,113
2024,다다097011,to_in_007,54
2024,다다097011,to_in_008,57
2024,다다097012,to_in_001,99
2024,다다097012,to_in_007,51
2024,다다097012,to_in_008,46
2024,다다097013,to_in_001,18
2024,다다097013,to_in_007,8
2024,다다097013,to_in_008,8
2024,다다097014,to_in_001,151
2024,다다097014,to_in_007,82
2024,다다097014,to_in_008,67
2024,다다097015,to_in_001,106
2024,다다097015,to_in_007,63
2024,다다097015,to_in_008,41
2024,다다097016,to_in_001,122
2024,다다097016,to_in_007,62
2024,다다097016,to_in_008,58
2024,다다097017,to_in_001,18
2024,다다097017,to_in_007,8
2024,다다097017,to_in_008,8
2024,다다097019,to_in_001,18
2024,다다097019,to_in_007,8
2024,다다097019,to_in_008,8
2024,다다097020,to_in_001,90
2024,다다097020,to_in_007,49
2024,다다097020,to_in_008,39
2024,다다097021,to_in_001,38
2024,다다097021,to_in_007,23
2024,다다097021,to_in_008,13
2024,다다097022,to_in_001,111
2024,다다097022,to_in_007,46
2024,다다097022,to_in_008,63
2024,다다097023,to_in_001,85
2024,다다097023,to_in_007,43
2024,다다097023,to_in_008,45
2024,다다097024,to_in_001,120
2024,다다097024,to_in_007,56
2024,다다097024,to_in_008,62
2024,다다097025,to_in_001,213
2024,다다097025,to_in_007,120
2024,다다097025,to_in_008,96
2024,다다097026,to_in_001,106
2024,다다097026,to_in_007,52
2024,다다097026,to_in_008,52
2024,다다097027,to_in_001,68
2024,다다097027,to_in_007,23
2024,다다097027,to_in_008,43
2024,다다097028,to_in_001,28
2024,다다097028,to_in_007,18
2024,다다097028,to_in_008,13
2024,다다097029,to_in_001,23
2024,다다097029,to_in_007,8
2024,다다097029,to_in_008,13
2024,다다097030,to_in_001,23
2024,다다097030,to_in_007,8
2024,다다097030,to_in_008,13
2024,다다097031,to_in_001,33
2024,다다097031,to_in_007,18
2024,다다097031,to_in_008,18
2024,다다097032,to_in_001,18
2024,다다097032,to_in_007,13
2024,다다097032,to_in_008,8
2024,다다097033,to_in_001,13
2024,다다097033,to_in_007,5
2024,다다097033,to_in_008,8
2024,다다097916,to_in_001,5
2024,다다097916,to_in_007,5
2024,다다097916,to_in_008,0
2024,다다097917,to_in_001,5
2024,다다097917,to_in_007,5
2024,다다097917,to_in_008,5
2024,다다097918,to_in_001,5
2024,다다097918,to_in_007,5
2024,다다097918,to_in_008,0
2024,다다097919,to_in_001,8
2024,다다097919,to_in_007,5
2024,다다097919,to_in_008,5
2024,다다097920,to_in_001,13
2024,다다097920,to_in_007,8
2024,다다097920,to_in_008,5
2024,다다097921,to_in_001,13
2024,다다097921,to_in_007,8
2024,다다097921,to_in_008,5
2024,다다097922,to_in_001,18
2024,다다097922,to_in_007,8
2024,다다097922,to_in_008,8
2024,다다099010,to_in_001,59
2024,다다099010,to_in_007,34
2024,다다099010,to_in_008,23
2024,다다099011,to_in_001,38
2024,다다099011,to_in_007,23
2024,다다099011,to_in_008,13
2024,다다099012,to_in_001,8
2024,다다099012,to_in_007,5
2024,다다099012,to_in_008,8
2024,다다099013,to_in_001,13
2024,다다099013,to_in_007,5
2024,다다099013,to_in_008,8
2024,다다099014,to_in_001,38
2024,다다099014,to_in_007,18
2024,다다099014,to_in_008,18
2024,다다099015,to_in_001,364
2024,다다099015,to_in_007,168
2024,다다099015,to_in_008,199
2024,다다099016,to_in_001,121
2024,다다099016,to_in_007,63
2024,다다099016,to_in_008,56
2024,다다099017,to_in_001,162
2024,다다099017,to_in_007,77
2024,다다099017,to_in_008,88
2024,다다099018,to_in_001,18
2024,다다099018,to_in_007,8
2024,다다099018,to_in_008,8
2024,다다099020,to_in_001,5
2024,다다099020,to_in_007,0
2024,다다099020,to_in_008,5
2024,다다099021,to_in_001,153
2024,다다099021,to_in_007,83
2024,다다099021,to_in_008,73
2024,다다099022,to_in_001,127
2024,다다099022,to_in_007,59
2024,다다099022,to_in_008,71
2024,다다099023,to_in_001,131
2024,다다099023,to_in_007,65
2024,다다099023,to_in_008,64
2024,다다099024,to_in_001,145
2024,다다099024,to_in_007,76
2024,다다099024,to_in_008,72
2024,다다099025,to_in_001,101
2024,다다099025,to_in_007,48
2024,다다099025,to_in_008,51
2024,다다099026,to_in_001,117
2024,다다099026,to_in_007,64
2024,다다099026,to_in_008,56
2024,다다099027,to_in_001,112
2024,다다099027,to_in_007,60
2024,다다099027,to_in_008,50
2024,다다099028,to_in_001,332
2024,다다099028,to_in_007,168
2024,다다099028,to_in_008,167
2024,다다099029,to_in_001,163
2024,다다099029,to_in_007,89
2024,다다099029,to_in_008,72
2024,다다099030,to_in_001,39
2024,다다099030,to_in_007,24
2024,다다099030,to_in_008,18
2024,다다099031,to_in_001,8
2024,다다099031,to_in_007,8
2024,다다099031,to_in_008,5
2024,다다099032,to_in_001,23
2024,다다099032,to_in_007,13
2024,다다099032,to_in_008,8
2024,다다099917,to_in_001,8
2024,다다099917,to_in_007,8
2024,다다099917,to_in_008,5
2024,다다099918,to_in_001,18
2024,다다099918,to_in_007,13
2024,다다099918,to_in_008,8
2024,다다099919,to_in_001,29
2024,다다099919,to_in_007,19
2024,다다099919,to_in_008,8
2024,다다099923,to_in_001,5
2024,다다099923,to_in_007,5
2024,다다099923,to_in_008,0
2024,다다099925,to_in_001,0
2024,다다099925,to_in_007,0
2024,다다099925,to_in_008,0
2024,다다099957,to_in_001,5
2024,다다099957,to_in_007,0
2024,다다099957,to_in_008,0
2024,다다099964,to_in_001,8
2024,다다099964,to_in_007,5
2024,다다099964,to_in_008,8
2024,다다099965,to_in_001,5
2024,다다099965,to_in_007,0
2024,다다099965,to_in_008,5
2024,다다099966,to_in_001,5
2024,다다099966,to_in_007,5
2024,다다099966,to_in_008,0
2024,다다099967,to_in_001,5
2024,다다099967,to_in_007,5
2024,다다099967,to_in_008,0
2024,다다099968,to_in_001,8
2024,다다099968,to_in_007,5
2024,다다099968,to_in_008,5
2024,다다099969,to_in_001,8
2024,다다099969,to_in_007,5
2024,다다099969,to_in_008,5
2024,다다099975,to_in_001,8
2024,다다099975,to_in_007,5
2024,다다099975,to_in_008,5
2024,다다099976,to_in_001,8
2024,다다099976,to_in_007,5
2024,다다099976,to_in_008,5
2024,다다099977,to_in_001,8
2024,다다099977,to_in_007,5
2024,다다099977,to_in_008,8
2024,다다099978,to_in_001,43
2024,다다099978,to_in_007,18
2024,다다099978,to_in_008,23
2024,다다099979,to_in_001,8
2024,다다099979,to_in_007,0
2024,다다099979,to_in_008,8
2024,다다099980,to_in_001,5
2024,다다099980,to_in_007,5
2024,다다099980,to_in_008,0
2024,다다102013,to_in_001,90
2024,다다102013,to_in_007,44
2024,다다102013,to_in_008,44
2024,다다102014,to_in_001,162
2024,다다102014,to_in_007,77
2024,다다102014,to_in_008,83
2024,다다102015,to_in_001,198
2024,다다102015,to_in_007,98
2024,다다102015,to_in_008,103
2024,다다102016,to_in_001,255
2024,다다102016,to_in_007,123
2024,다다102016,to_in_008,135
2024,다다102017,to_in_001,104
2024,다다102017,to_in_007,58
2024,다다102017,to_in_008,49
2024,다다102021,to_in_001,8
2024,다다102021,to_in_007,5
2024,다다102021,to_in_008,5
2024,다다102022,to_in_001,33
2024,다다102022,to_in_007,13
2024,다다102022,to_in_008,18
2024,다다102023,to_in_001,163
2024,다다102023,to_in_007,90
2024,다다102023,to_in_008,76
2024,다다102024,to_in_001,164
2024,다다102024,to_in_007,82
2024,다다102024,to_in_008,80
2024,다다102025,to_in_001,149
2024,다다102025,to_in_007,79
2024,다다102025,to_in_008,68
2024,다다102026,to_in_001,145
2024,다다102026,to_in_007,73
2024,다다102026,to_in_008,75
2024,다다102027,to_in_001,281
2024,다다102027,to_in_007,138
2024,다다102027,to_in_008,141
2024,다다102028,to_in_001,5
2024,다다102028,to_in_007,5
2024,다다102028,to_in_008,0
2024,다다102029,to_in_001,70
2024,다다102029,to_in_007,38
2024,다다102029,to_in_008,30
2024,다다102030,to_in_001,95
2024,다다102030,to_in_007,49
2024,다다102030,to_in_008,44
2024,다다102031,to_in_001,350
2024,다다102031,to_in_007,173
2024,다다102031,to_in_008,180
2024,다다102032,to_in_001,5
2024,다다094019,to_in_008,95
2024,다다094020,to_in_001,328
2024,다다094020,to_in_007,161
2024,다다094020,to_in_008,165
2024,다다094021,to_in_001,74
2024,다다094021,to_in_007,33
2024,다다094021,to_in_008,39
2024,다다094022,to_in_001,80
2024,다다094022,to_in_007,38
2024,다다094022,to_in_008,40
2024,다다094023,to_in_001,252
2024,다다094023,to_in_007,130
2024,다다094023,to_in_008,120
2024,다다097923,to_in_001,0
2024,다다097923,to_in_007,0
2024,다다097923,to_in_008,0
2024,다다097969,to_in_001,23
2024,다다097969,to_in_007,8
2024,다다097969,to_in_008,13
2024,다다097970,to_in_001,8
2024,다다097970,to_in_007,5
2024,다다097970,to_in_008,5
2024,다다097971,to_in_001,8
2024,다다097971,to_in_007,5
2024,다다097971,to_in_008,5
2024,다다097972,to_in_001,5
2024,다다097972,to_in_007,0
2024,다다097972,to_in_008,5
2024,다다097973,to_in_001,5
2024,다다097973,to_in_007,5
2024,다다097973,to_in_008,0
2024,다다097974,to_in_001,23
2024,다다097974,to_in_007,8
2024,다다097974,to_in_008,13
2024,다다097975,to_in_001,8
2024,다다097975,to_in_007,5
2024,다다097975,to_in_008,5
2024,다다097976,to_in_001,33
2024,다다097976,to_in_007,18
2024,다다097976,to_in_008,13
2024,다다097977,to_in_001,33
2024,다다097977,to_in_007,18
2024,다다097977,to_in_008,18
2024,다다097978,to_in_001,18
2024,다다097978,to_in_007,8
2024,다다097978,to_in_008,13
2024,다다097979,to_in_001,5
2024,다다097979,to_in_007,5
2024,다다097979,to_in_008,0
2024,다다097988,to_in_001,8
2024,다다097988,to_in_007,5
2024,다다097988,to_in_008,5
2024,다다097989,to_in_001,5
2024,다다097989,to_in_007,5
2024,다다097989,to_in_008,0
2024,다다097992,to_in_001,0
2024,다다097992,to_in_007,0
2024,다다097992,to_in_008,0
2024,다다097993,to_in_001,5
2024,다다097993,to_in_007,5
2024,다다097993,to_in_008,5
2024,다다097994,to_in_001,8
2024,다다097994,to_in_007,8
2024,다다097994,to_in_008,0
2024,다다097996,to_in_001,8
2024,다다097996,to_in_007,5
2024,다다097996,to_in_008,5
2024,다다098000,to_in_001,8
2024,다다098000,to_in_007,8
2024,다다098000,to_in_008,5
2024,다다098001,to_in_001,255
2024,다다098001,to_in_007,118
2024,다다098001,to_in_008,135
2024,다다098002,to_in_001,237
2024,다다098002,to_in_007,109
2024,다다098002,to_in_008,126
2024,다다098003,to_in_001,260
2024,다다098003,to_in_007,116
2024,다다098003,to_in_008,147
2024,다다098004,to_in_001,79
2024,다다098004,to_in_007,46
2024,다다098004,to_in_008,36
2024,다다098005,to_in_001,271
2024,다다098005,to_in_007,128
2024,다다098005,to_in_008,141
2024,다다098006,to_in_001,242
2024,다다098006,to_in_007,115
2024,다다098006,to_in_008,130
2024,다다098007,to_in_001,174
2024,다다098007,to_in_007,85
2024,다다098007,to_in_008,92
2024,다다098008,to_in_001,48
2024,다다098008,to_in_007,23
2024,다다098008,to_in_008,23
2024,다다098009,to_in_001,38
2024,다다098009,to_in_007,13
2024,다다098009,to_in_008,23
2024,다다098010,to_in_001,89
2024,다다098010,to_in_007,38
2024,다다098010,to_in_008,54
2024,다다098011,to_in_001,60
2024,다다098011,to_in_007,28
2024,다다098011,to_in_008,30
2024,다다098012,to_in_001,48
2024,다다098012,to_in_007,23
2024,다다098012,to_in_008,28
2024,다다098013,to_in_001,8
2024,다다098013,to_in_007,8
2024,다다098013,to_in_008,0
2024,다다098014,to_in_001,28
2024,다다098014,to_in_007,13
2024,다다098014,to_in_008,13
2024,다다098015,to_in_001,28
2024,다다098015,to_in_007,13
2024,다다098015,to_in_008,13
2024,다다098016,to_in_001,8
2024,다다098016,to_in_007,5
2024,다다098016,to_in_008,5
2024,다다098017,to_in_001,8
2024,다다098017,to_in_007,5
2024,다다098017,to_in_008,8
2024,다다098019,to_in_001,0
2024,다다098019,to_in_007,0
2024,다다098019,to_in_008,0
2024,다다098020,to_in_001,13
2024,다다098020,to_in_007,8
2024,다다098020,to_in_008,5
2024,다다098021,to_in_001,355
2024,다다098021,to_in_007,163
2024,다다098021,to_in_008,187
2024,다다098022,to_in_001,305
2024,다다098022,to_in_007,148
2024,다다098022,to_in_008,162
2024,다다099987,to_in_001,5
2024,다다099987,to_in_007,0
2024,다다099987,to_in_008,5
2024,다다099988,to_in_001,8
2024,다다099988,to_in_007,5
2024,다다099988,to_in_008,8
2024,다다099989,to_in_001,8
2024,다다099989,to_in_007,5
2024,다다099989,to_in_008,5
2024,다다100000,to_in_001,85
2024,다다100000,to_in_007,40
2024,다다100000,to_in_008,48
2024,다다100001,to_in_001,197
2024,다다100001,to_in_007,100
2024,다다100001,to_in_008,95
2024,다다100002,to_in_001,76
2024,다다100002,to_in_007,36
2024,다다100002,to_in_008,38
2024,다다100003,to_in_001,401
2024,다다100003,to_in_007,202
2024,다다100003,to_in_008,197
2024,다다100004,to_in_001,142
2024,다다100004,to_in_007,68
2024,다다100004,to_in_008,72
2024,다다100005,to_in_001,100
2024,다다100005,to_in_007,48
2024,다다100005,to_in_008,50
2024,다다100006,to_in_001,195
2024,다다100006,to_in_007,96
2024,다다100006,to_in_008,97
2024,다다100007,to_in_001,198
2024,다다100007,to_in_007,99
2024,다다100007,to_in_008,102
2024,다다100008,to_in_001,417
2024,다다100008,to_in_007,201
2024,다다100008,to_in_008,214
2024,다다100009,to_in_001,324
2024,다다100009,to_in_007,134
2024,다다100009,to_in_008,188
2024,다다100010,to_in_001,295
2024,다다100010,to_in_007,141
2024,다다100010,to_in_008,154
2024,다다100011,to_in_001,90
2024,다다100011,to_in_007,41
2024,다다100011,to_in_008,52
2024,다다100012,to_in_001,117
2024,다다100012,to_in_007,55
2024,다다100012,to_in_008,65
2024,다다100013,to_in_001,54
2024,다다100013,to_in_007,28
2024,다다100013,to_in_008,29
2024,다다100014,to_in_001,70
2024,다다100014,to_in_007,34
2024,다다100014,to_in_008,39
2024,다다100015,to_in_001,189
2024,다다100015,to_in_007,82
2024,다다100015,to_in_008,110
2024,다다100016,to_in_001,177
2024,다다100016,to_in_007,89
2024,다다100016,to_in_008,86
2024,다다100017,to_in_001,158
2024,다다100017,to_in_007,72
2024,다다100017,to_in_008,89
2024,다다100018,to_in_001,18
2024,다다100018,to_in_007,13
2024,다다100018,to_in_008,8
2024,다다100021,to_in_001,8
2024,다다100021,to_in_007,5
2024,다다100021,to_in_008,5
2024,다다100022,to_in_001,155
2024,다다100022,to_in_007,76
2024,다다100022,to_in_008,82
2024,다다100023,to_in_001,170
2024,다다100023,to_in_007,93
2024,다다100023,to_in_008,75
2024,다다100024,to_in_001,145
2024,다다100024,to_in_007,84
2024,다다100024,to_in_008,64
2024,다다100025,to_in_001,169
2024,다다100025,to_in_007,100
2024,다다100025,to_in_008,72
2024,다다100026,to_in_001,128
2024,다다100026,to_in_007,54
2024,다다100026,to_in_008,77
2024,다다100027,to_in_001,43
2024,다다100027,to_in_007,23
2024,다다100027,to_in_008,23
2024,다다100028,to_in_001,93
2024,다다100028,to_in_007,48
2024,다다100028,to_in_008,48
2024,다다100029,to_in_001,76
2024,다다100029,to_in_007,50
2024,다다100029,to_in_008,29
2024,다다100030,to_in_001,13
2024,다다100030,to_in_007,5
2024,다다100030,to_in_008,8
2024,다다101916,to_in_001,5
2024,다다101916,to_in_007,0
2024,다다101916,to_in_008,5
2024,다다101917,to_in_001,13
2024,다다101917,to_in_007,8
2024,다다101917,to_in_008,5
2024,다다101918,to_in_001,8
2024,다다101918,to_in_007,8
2024,다다101918,to_in_008,5
2024,다다101919,to_in_001,18
2024,다다101919,to_in_007,13
2024,다다101919,to_in_008,5
2024,다다101946,to_in_001,5
2024,다다101946,to_in_007,0
2024,다다101946,to_in_008,5
2024,다다101947,to_in_001,5
2024,다다101947,to_in_007,5
2024,다다101947,to_in_008,5
2024,다다101948,to_in_001,23
2024,다다101948,to_in_007,8
2024,다다101948,to_in_008,13
2024,다다101953,to_in_001,5
2024,다다101953,to_in_007,0
2024,다다101953,to_in_008,0
2024,다다101966,to_in_001,5
2024,다다101966,to_in_007,0
2024,다다101966,to_in_008,5
2024,다다101975,to_in_001,13
2024,다다101975,to_in_007,8
2024,다다101975,to_in_008,8
2024,다다101976,to_in_001,8
2024,다다101976,to_in_007,5
2024,다다101976,to_in_008,5
2024,다다101978,to_in_001,5
2024,다다101978,to_in_007,0
2024,다다101978,to_in_008,5
2024,다다101979,to_in_001,8
2024,다다101979,to_in_007,8
2024,다다101979,to_in_008,8
2024,다다101980,to_in_001,8
2024,다다101980,to_in_007,8
2024,다다101980,to_in_008,5
2024,다다101982,to_in_001,5
2024,다다101982,to_in_007,5
2024,다다101982,to_in_008,5
2024,다다101983,to_in_001,5
2024,다다101983,to_in_007,0
2024,다다101983,to_in_008,0
2024,다다101988,to_in_001,0
2024,다다101988,to_in_007,0
2024,다다101988,to_in_008,0
2024,다다101989,to_in_001,5
2024,다다101989,to_in_007,5
2024,다다101989,to_in_008,5
2024,다다101992,to_in_001,5
2024,다다101992,to_in_007,0
2024,다다101992,to_in_008,5
2024,다다101994,to_in_001,5
2024,다다101994,to_in_007,5
2024,다다101994,to_in_008,5
2024,다다102000,to_in_001,91
2024,다다102000,to_in_007,50
2024,다다102000,to_in_008,44
2024,다다102001,to_in_001,81
2024,다다087731,to_in_007,8
2024,다다087731,to_in_008,8
2024,다다087732,to_in_001,28
2024,다다087732,to_in_007,13
2024,다다087732,to_in_008,13
2024,다다087733,to_in_001,28
2024,다다087733,to_in_007,18
2024,다다087733,to_in_008,8
2024,다다087734,to_in_001,34
2024,다다087734,to_in_007,29
2024,다다087734,to_in_008,8
2024,다다087735,to_in_001,18
2024,다다087735,to_in_007,13
2024,다다087735,to_in_008,8
2024,다다087736,to_in_001,5
2024,다다087736,to_in_007,5
2024,다다087736,to_in_008,0
2024,다다087780,to_in_001,8
2024,다다087780,to_in_007,5
2024,다다087780,to_in_008,5
2024,다다087781,to_in_001,8
2024,다다087781,to_in_007,5
2024,다다087781,to_in_008,5
2024,다다087782,to_in_001,5
2024,다다087782,to_in_007,5
2024,다다087782,to_in_008,0
2024,다다087783,to_in_001,18
2024,다다087783,to_in_007,13
2024,다다087783,to_in_008,8
2024,다다087784,to_in_001,23
2024,다다087784,to_in_007,13
2024,다다087784,to_in_008,8
2024,다다094024,to_in_001,69
2024,다다094024,to_in_007,39
2024,다다094024,to_in_008,33
2024,다다094025,to_in_001,38
2024,다다094025,to_in_007,13
2024,다다094025,to_in_008,23
2024,다다094026,to_in_001,48
2024,다다094026,to_in_007,23
2024,다다094026,to_in_008,23
2024,다다094028,to_in_001,34
2024,다다094028,to_in_007,24
2024,다다094028,to_in_008,13
2024,다다094029,to_in_001,18
2024,다다094029,to_in_007,8
2024,다다094029,to_in_008,13
2024,다다094030,to_in_001,8
2024,다다094030,to_in_007,5
2024,다다094030,to_in_008,5
2024,다다094031,to_in_001,43
2024,다다094031,to_in_007,23
2024,다다094031,to_in_008,18
2024,다다094709,to_in_001,24
2024,다다094709,to_in_007,19
2024,다다094709,to_in_008,8
2024,다다094710,to_in_001,8
2024,다다094710,to_in_007,5
2024,다다094710,to_in_008,5
2024,다다094711,to_in_001,5
2024,다다094711,to_in_007,0
2024,다다094711,to_in_008,5
2024,다다094712,to_in_001,0
2024,다다094712,to_in_007,0
2024,다다094712,to_in_008,0
2024,다다094751,to_in_001,13
2024,다다094751,to_in_007,8
2024,다다094751,to_in_008,5
2024,다다094752,to_in_001,5
2024,다다094752,to_in_007,5
2024,다다094752,to_in_008,5
2024,다다094787,to_in_001,5
2024,다다094787,to_in_007,5
2024,다다094787,to_in_008,0
2024,다다094906,to_in_001,8
2024,다다094906,to_in_007,5
2024,다다094906,to_in_008,5
2024,다다094921,to_in_001,8
2024,다다094921,to_in_007,5
2024,다다094921,to_in_008,5
2024,다다094922,to_in_001,8
2024,다다094922,to_in_007,5
2024,다다094922,to_in_008,8
2024,다다094975,to_in_001,5
2024,다다094975,to_in_007,5
2024,다다094975,to_in_008,5
2024,다다094976,to_in_001,5
2024,다다094976,to_in_007,5
2024,다다094976,to_in_008,5
2024,다다094979,to_in_001,8
2024,다다094979,to_in_007,5
2024,다다094979,to_in_008,5
2024,다다094980,to_in_001,8
2024,다다094980,to_in_007,5
2024,다다094980,to_in_008,5
2024,다다094996,to_in_001,8
2024,다다094996,to_in_007,5
2024,다다094996,to_in_008,5
2024,다다094997,to_in_001,8
2024,다다094997,to_in_007,5
2024,다다094997,to_in_008,5
2024,다다094998,to_in_001,8
2024,다다094998,to_in_007,5
2024,다다094998,to_in_008,8
2024,다다095000,to_in_001,71
2024,다다095000,to_in_007,34
2024,다다095000,to_in_008,40
2024,다다095001,to_in_001,8
2024,다다095001,to_in_007,8
2024,다다095001,to_in_008,8
2024,다다095002,to_in_001,5
2024,다다095002,to_in_007,0
2024,다다095002,to_in_008,5
2024,다다095004,to_in_001,74
2024,다다095004,to_in_007,33
2024,다다095004,to_in_008,39
2024,다다095005,to_in_001,215
2024,다다095005,to_in_007,95
2024,다다095005,to_in_008,118
2024,다다095006,to_in_001,56
2024,다다095006,to_in_007,30
2024,다다095006,to_in_008,24
2024,다다095007,to_in_001,281
2024,다다095007,to_in_007,138
2024,다다095007,to_in_008,146
2024,다다095008,to_in_001,123
2024,다다095008,to_in_007,57
2024,다다095008,to_in_008,64
2024,다다095009,to_in_001,119
2024,다다095009,to_in_007,49
2024,다다095009,to_in_008,68
2024,다다095010,to_in_001,154
2024,다다095010,to_in_007,64
2024,다다095010,to_in_008,88
2024,다다095011,to_in_001,84
2024,다다095011,to_in_007,43
2024,다다095011,to_in_008,39
2024,다다095012,to_in_001,108
2024,다다095012,to_in_007,67
2024,다다095012,to_in_008,44
2024,다다095013,to_in_001,284
2024,다다095013,to_in_007,139
2024,다다095013,to_in_008,143
2024,다다095014,to_in_001,257
2024,다다095014,to_in_007,121
2024,다다095014,to_in_008,136
2024,다다095015,to_in_001,237
2024,다다095015,to_in_007,118
2024,다다095015,to_in_008,122
2024,다다095016,to_in_001,101
2024,다다095016,to_in_007,43
2024,다다095016,to_in_008,56
2024,다다095017,to_in_001,275
2024,다다095017,to_in_007,120
2024,다다095017,to_in_008,158
2024,다다095018,to_in_001,68
2024,다다095018,to_in_007,36
2024,다다095018,to_in_008,35
2024,다다095020,to_in_001,97
2024,다다095020,to_in_007,56
2024,다다095020,to_in_008,44
2024,다다095021,to_in_001,168
2024,다다095021,to_in_007,90
2024,다다095021,to_in_008,76
2024,다다095022,to_in_001,100
2024,다다095022,to_in_007,58
2024,다다095022,to_in_008,40
2024,다다095023,to_in_001,112
2024,다다095023,to_in_007,58
2024,다다095023,to_in_008,52
2024,다다100031,to_in_001,5
2024,다다100031,to_in_007,5
2024,다다100031,to_in_008,5
2024,다다100032,to_in_001,5
2024,다다100032,to_in_007,5
2024,다다100032,to_in_008,0
2024,다다100752,to_in_001,5
2024,다다100752,to_in_007,5
2024,다다100752,to_in_008,5
2024,다다100756,to_in_001,8
2024,다다100756,to_in_007,8
2024,다다100756,to_in_008,0
2024,다다100757,to_in_001,18
2024,다다100757,to_in_007,8
2024,다다100757,to_in_008,8
2024,다다100917,to_in_001,13
2024,다다100917,to_in_007,8
2024,다다100917,to_in_008,8
2024,다다100918,to_in_001,18
2024,다다100918,to_in_007,8
2024,다다100918,to_in_008,8
2024,다다100919,to_in_001,28
2024,다다100919,to_in_007,18
2024,다다100919,to_in_008,8
2024,다다100920,to_in_001,8
2024,다다100920,to_in_007,5
2024,다다100920,to_in_008,5
2024,다다100921,to_in_001,5
2024,다다100921,to_in_007,5
2024,다다100921,to_in_008,5
2024,다다100924,to_in_001,5
2024,다다100924,to_in_007,0
2024,다다100924,to_in_008,0
2024,다다100927,to_in_001,5
2024,다다100927,to_in_007,0
2024,다다100927,to_in_008,0
2024,다다100928,to_in_001,5
2024,다다100928,to_in_007,0
2024,다다100928,to_in_008,0
2024,다다100946,to_in_001,0
2024,다다100946,to_in_007,0
2024,다다100946,to_in_008,0
2024,다다100947,to_in_001,8
2024,다다100947,to_in_007,5
2024,다다100947,to_in_008,5
2024,다다100948,to_in_001,13
2024,다다100948,to_in_007,5
2024,다다100948,to_in_008,8
2024,다다100950,to_in_001,5
2024,다다100950,to_in_007,5
2024,다다100950,to_in_008,0
2024,다다100955,to_in_001,8
2024,다다100955,to_in_007,8
2024,다다100955,to_in_008,5
2024,다다100956,to_in_001,5
2024,다다100956,to_in_007,0
2024,다다100956,to_in_008,5
2024,다다100959,to_in_001,5
2024,다다100959,to_in_007,5
2024,다다100959,to_in_008,0
2024,다다100964,to_in_001,13
2024,다다100964,to_in_007,8
2024,다다100964,to_in_008,5
2024,다다100966,to_in_001,5
2024,다다100966,to_in_007,5
2024,다다100966,to_in_008,0
2024,다다100975,to_in_001,13
2024,다다100975,to_in_007,8
2024,다다100975,to_in_008,8
2024,다다100976,to_in_001,5
2024,다다100976,to_in_007,0
2024,다다100976,to_in_008,5
2024,다다100977,to_in_001,5
2024,다다100977,to_in_007,0
2024,다다100977,to_in_008,5
2024,다다100978,to_in_001,39
2024,다다100978,to_in_007,18
2024,다다100978,to_in_008,24
2024,다다100979,to_in_001,28
2024,다다100979,to_in_007,13
2024,다다100979,to_in_008,13
2024,다다100980,to_in_001,8
2024,다다100980,to_in_007,5
2024,다다100980,to_in_008,5
2024,다다100987,to_in_001,18
2024,다다100987,to_in_007,8
2024,다다100987,to_in_008,13
2024,다다100988,to_in_001,13
2024,다다100988,to_in_007,5
2024,다다100988,to_in_008,8
2024,다다100989,to_in_001,18
2024,다다100989,to_in_007,13
2024,다다100989,to_in_008,8
2024,다다100990,to_in_001,8
2024,다다100990,to_in_007,5
2024,다다100990,to_in_008,5
2024,다다101000,to_in_001,125
2024,다다101000,to_in_007,60
2024,다다101000,to_in_008,68
2024,다다106016,to_in_001,211
2024,다다106016,to_in_007,100
2024,다다106016,to_in_008,114
2024,다다106017,to_in_001,195
2024,다다106017,to_in_007,83
2024,다다106017,to_in_008,110
2024,다다106018,to_in_001,193
2024,다다106018,to_in_007,84
2024,다다106018,to_in_008,112
2024,다다106019,to_in_001,305
2024,다다106019,to_in_007,145
2024,다다106019,to_in_008,163
2024,다다106020,to_in_001,144
2024,다다106020,to_in_007,71
2024,다다106020,to_in_008,76
2024,다다106021,to_in_001,13
2024,다다106021,to_in_007,8
2024,다다106021,to_in_008,8
2024,다다106022,to_in_001,107
2024,다다106022,to_in_007,54
2024,다다106022,to_in_008,51
2024,다다106023,to_in_001,185
2024,다다106023,to_in_007,90
2024,다다106023,to_in_008,93
2024,다다104032,to_in_007,83
2024,다다104032,to_in_008,57
2024,다다104033,to_in_001,23
2024,다다104033,to_in_007,13
2024,다다104033,to_in_008,13
2024,다다104758,to_in_001,8
2024,다다104758,to_in_007,5
2024,다다104758,to_in_008,5
2024,다다104759,to_in_001,5
2024,다다104759,to_in_007,5
2024,다다104759,to_in_008,0
2024,다다104898,to_in_001,8
2024,다다104898,to_in_007,8
2024,다다104898,to_in_008,0
2024,다다104899,to_in_001,8
2024,다다104899,to_in_007,5
2024,다다104899,to_in_008,8
2024,다다104900,to_in_001,5
2024,다다104900,to_in_007,0
2024,다다104900,to_in_008,5
2024,다다104927,to_in_001,5
2024,다다104927,to_in_007,5
2024,다다104927,to_in_008,5
2024,다다104928,to_in_001,8
2024,다다104928,to_in_007,5
2024,다다104928,to_in_008,5
2024,다다104929,to_in_001,5
2024,다다104929,to_in_007,0
2024,다다104929,to_in_008,0
2024,다다104931,to_in_001,5
2024,다다104931,to_in_007,5
2024,다다104931,to_in_008,5
2024,다다104932,to_in_001,13
2024,다다104932,to_in_007,8
2024,다다104932,to_in_008,8
2024,다다104942,to_in_001,5
2024,다다104942,to_in_007,0
2024,다다104942,to_in_008,5
2024,다다104947,to_in_001,8
2024,다다104947,to_in_007,8
2024,다다104947,to_in_008,5
2024,다다104978,to_in_001,8
2024,다다104978,to_in_007,5
2024,다다104978,to_in_008,5
2024,다다104981,to_in_001,5
2024,다다104981,to_in_007,0
2024,다다104981,to_in_008,0
2024,다다105000,to_in_001,101
2024,다다105000,to_in_007,47
2024,다다105000,to_in_008,52
2024,다다105001,to_in_001,116
2024,다다105001,to_in_007,59
2024,다다105001,to_in_008,60
2024,다다105002,to_in_001,48
2024,다다105002,to_in_007,28
2024,다다105002,to_in_008,23
2024,다다105003,to_in_001,0
2024,다다105003,to_in_007,0
2024,다다105003,to_in_008,0
2024,다다105004,to_in_001,63
2024,다다105004,to_in_007,28
2024,다다105004,to_in_008,38
2024,다다105005,to_in_001,196
2024,다다105005,to_in_007,98
2024,다다105005,to_in_008,101
2024,다다105006,to_in_001,237
2024,다다105006,to_in_007,107
2024,다다105006,to_in_008,128
2024,다다105007,to_in_001,245
2024,다다105007,to_in_007,113
2024,다다105007,to_in_008,135
2024,다다105008,to_in_001,277
2024,다다105008,to_in_007,131
2024,다다105008,to_in_008,144
2024,다다105009,to_in_001,144
2024,다다105009,to_in_007,71
2024,다다105009,to_in_008,71
2024,다다105010,to_in_001,170
2024,다다105010,to_in_007,88
2024,다다105010,to_in_008,80
2024,다다105011,to_in_001,38
2024,다다105011,to_in_007,18
2024,다다105011,to_in_008,18
2024,다다105012,to_in_001,127
2024,다다105012,to_in_007,66
2024,다다105012,to_in_008,59
2024,다다105013,to_in_001,100
2024,다다105013,to_in_007,56
2024,다다105013,to_in_008,47
2024,다다105014,to_in_001,58
2024,다다105014,to_in_007,28
2024,다다105014,to_in_008,28
2024,다다105015,to_in_001,23
2024,다다105015,to_in_007,13
2024,다다105015,to_in_008,13
2024,다다105016,to_in_001,53
2024,다다105016,to_in_007,28
2024,다다105016,to_in_008,28
2024,다다105017,to_in_001,136
2024,다다105017,to_in_007,65
2024,다다105017,to_in_008,74
2024,다다105018,to_in_001,75
2024,다다105018,to_in_007,36
2024,다다105018,to_in_008,42
2024,다다105019,to_in_001,184
2024,다다105019,to_in_007,88
2024,다다105019,to_in_008,94
2024,다다105020,to_in_001,196
2024,다다105020,to_in_007,104
2024,다다105020,to_in_008,95
2024,다다110014,to_in_001,84
2024,다다110014,to_in_007,34
2024,다다110014,to_in_008,48
2024,다다110015,to_in_001,95
2024,다다110015,to_in_007,54
2024,다다110015,to_in_008,44
2024,다다110016,to_in_001,69
2024,다다110016,to_in_007,38
2024,다다110016,to_in_008,29
2024,다다110017,to_in_001,162
2024,다다110017,to_in_007,68
2024,다다110017,to_in_008,92
2024,다다110018,to_in_001,152
2024,다다110018,to_in_007,70
2024,다다110018,to_in_008,80
2024,다다110019,to_in_001,598
2024,다다110019,to_in_007,290
2024,다다110019,to_in_008,311
2024,다다110020,to_in_001,258
2024,다다110020,to_in_007,137
2024,다다110020,to_in_008,124
2024,다다110021,to_in_001,177
2024,다다110021,to_in_007,79
2024,다다110021,to_in_008,96
2024,다다110022,to_in_001,107
2024,다다110022,to_in_007,48
2024,다다110022,to_in_008,57
2024,다다110023,to_in_001,165
2024,다다110023,to_in_007,81
2024,다다110023,to_in_008,82
2024,다다110024,to_in_001,194
2024,다다110024,to_in_007,93
2024,다다110024,to_in_008,99
2024,다다110025,to_in_001,172
2024,다다110025,to_in_007,81
2024,다다110025,to_in_008,94
2024,다다110026,to_in_001,193
2024,다다110026,to_in_007,95
2024,다다110026,to_in_008,96
2024,다다110027,to_in_001,123
2024,다다110027,to_in_007,62
2024,다다110027,to_in_008,59
2024,다다110028,to_in_001,8
2024,다다110028,to_in_007,8
2024,다다110028,to_in_008,8
2024,다다110029,to_in_001,80
2024,다다110029,to_in_007,50
2024,다다110029,to_in_008,28
2024,다다110034,to_in_001,5
2024,다다110034,to_in_007,0
2024,다다110034,to_in_008,5
2024,다다110763,to_in_001,8
2024,다다110763,to_in_007,8
2024,다다110763,to_in_008,5
2024,다다110764,to_in_001,13
2024,다다110764,to_in_007,5
2024,다다110764,to_in_008,8
2024,다다110765,to_in_001,5
2024,다다110765,to_in_007,5
2024,다다110765,to_in_008,5
2024,다다110975,to_in_001,5
2024,다다110975,to_in_007,0
2024,다다110975,to_in_008,0
2024,다다110976,to_in_001,13
2024,다다110976,to_in_007,5
2024,다다110976,to_in_008,8
2024,다다110977,to_in_001,5
2024,다다110977,to_in_007,0
2024,다다110977,to_in_008,5
2024,다다110980,to_in_001,5
2024,다다110980,to_in_007,0
2024,다다110980,to_in_008,0
2024,다다098030,to_in_001,13
2024,다다098030,to_in_007,8
2024,다다098030,to_in_008,8
2024,다다098031,to_in_001,23
2024,다다098031,to_in_007,13
2024,다다098031,to_in_008,8
2024,다다098032,to_in_001,8
2024,다다098032,to_in_007,5
2024,다다098032,to_in_008,5
2024,다다098910,to_in_001,0
2024,다다098910,to_in_007,0
2024,다다098910,to_in_008,0
2024,다다098913,to_in_001,5
2024,다다098913,to_in_007,0
2024,다다098913,to_in_008,0
2024,다다098914,to_in_001,5
2024,다다098914,to_in_007,0
2024,다다098914,to_in_008,5
2024,다다098916,to_in_001,5
2024,다다098916,to_in_007,5
2024,다다098916,to_in_008,5
2024,다다098917,to_in_001,13
2024,다다098917,to_in_007,8
2024,다다098917,to_in_008,5
2024,다다098918,to_in_001,13
2024,다다098918,to_in_007,5
2024,다다098918,to_in_008,8
2024,다다098919,to_in_001,18
2024,다다098919,to_in_007,8
2024,다다098919,to_in_008,8
2024,다다098920,to_in_001,8
2024,다다098920,to_in_007,8
2024,다다098920,to_in_008,0
2024,다다098922,to_in_001,5
2024,다다098922,to_in_007,0
2024,다다098922,to_in_008,0
2024,다다098968,to_in_001,8
2024,다다098968,to_in_007,5
2024,다다098968,to_in_008,8
2024,다다098969,to_in_001,8
2024,다다098969,to_in_007,8
2024,다다098969,to_in_008,5
2024,다다098970,to_in_001,5
2024,다다098970,to_in_007,5
2024,다다098970,to_in_008,5
2024,다다098971,to_in_001,5
2024,다다098971,to_in_007,5
2024,다다098971,to_in_008,0
2024,다다098972,to_in_001,5
2024,다다098972,to_in_007,5
2024,다다098972,to_in_008,5
2024,다다098975,to_in_001,58
2024,다다098975,to_in_007,28
2024,다다098975,to_in_008,28
2024,다다098976,to_in_001,18
2024,다다098976,to_in_007,8
2024,다다098976,to_in_008,8
2024,다다098977,to_in_001,8
2024,다다098977,to_in_007,5
2024,다다098977,to_in_008,5
2024,다다098978,to_in_001,18
2024,다다098978,to_in_007,8
2024,다다098978,to_in_008,8
2024,다다098979,to_in_001,18
2024,다다098979,to_in_007,8
2024,다다098979,to_in_008,8
2024,다다098988,to_in_001,8
2024,다다098988,to_in_007,5
2024,다다098988,to_in_008,5
2024,다다098989,to_in_001,13
2024,다다098989,to_in_007,8
2024,다다098989,to_in_008,5
2024,다다099000,to_in_001,132
2024,다다099000,to_in_007,62
2024,다다099000,to_in_008,73
2024,다다099001,to_in_001,296
2024,다다099001,to_in_007,133
2024,다다099001,to_in_008,161
2024,다다099002,to_in_001,300
2024,다다099002,to_in_007,134
2024,다다099002,to_in_008,164
2024,다다099003,to_in_001,362
2024,다다099003,to_in_007,169
2024,다다099003,to_in_008,191
2024,다다099004,to_in_001,339
2024,다다099004,to_in_007,162
2024,다다099004,to_in_008,175
2024,다다099005,to_in_001,230
2024,다다099005,to_in_007,107
2024,다다099005,to_in_008,126
2024,다다099006,to_in_001,284
2024,다다099006,to_in_007,148
2024,다다099006,to_in_008,139
2024,다다099007,to_in_001,185
2024,다다099007,to_in_007,98
2024,다다099007,to_in_008,90
2024,다다099008,to_in_001,155
2024,다다099008,to_in_007,81
2024,다다099008,to_in_008,77
2024,다다099009,to_in_001,122
2024,다다099009,to_in_007,70
2024,다다099009,to_in_008,50
2024,다다103017,to_in_001,221
2024,다다103017,to_in_007,105
2024,다다103017,to_in_008,119
2024,다다103020,to_in_001,33
2024,다다103020,to_in_007,18
2024,다다103020,to_in_008,18
2024,다다103021,to_in_001,223
2024,다다103021,to_in_007,127
2024,다다103021,to_in_008,99
2024,다다103022,to_in_001,203
2024,다다103022,to_in_007,95
2024,다다103022,to_in_008,106
2024,다다103023,to_in_001,99
2024,다다103023,to_in_007,49
2024,다다103023,to_in_008,48
2024,다다103024,to_in_001,142
2024,다다103024,to_in_007,64
2024,다다103024,to_in_008,76
2024,다다103025,to_in_001,129
2024,다다103025,to_in_007,65
2024,다다103025,to_in_008,62
2024,다다103026,to_in_001,151
2024,다다103026,to_in_007,74
2024,다다103026,to_in_008,75
2024,다다103027,to_in_001,129
2024,다다103027,to_in_007,68
2024,다다103027,to_in_008,64
2024,다다103028,to_in_001,235
2024,다다103028,to_in_007,110
2024,다다103028,to_in_008,123
2024,다다103029,to_in_001,98
2024,다다103029,to_in_007,57
2024,다다103029,to_in_008,39
2024,다다103030,to_in_001,117
2024,다다103030,to_in_007,55
2024,다다103030,to_in_008,65
2024,다다103031,to_in_001,306
2024,다다103031,to_in_007,161
2024,다다103031,to_in_008,148
2024,다다103032,to_in_001,421
2024,다다103032,to_in_007,201
2024,다다103032,to_in_008,218
2024,다다103754,to_in_001,0
2024,다다103754,to_in_007,0
2024,다다103754,to_in_008,0
2024,다다103755,to_in_001,8
2024,다다103755,to_in_007,5
2024,다다103755,to_in_008,5
2024,다다103756,to_in_001,5
2024,다다103756,to_in_007,0
2024,다다103756,to_in_008,0
2024,다다103757,to_in_001,18
2024,다다103757,to_in_007,13
2024,다다103757,to_in_008,8
2024,다다103758,to_in_001,8
2024,다다103758,to_in_007,5
2024,다다103758,to_in_008,5
2024,다다103901,to_in_001,5
2024,다다103901,to_in_007,5
2024,다다103901,to_in_008,5
2024,다다103926,to_in_001,5
2024,다다103926,to_in_007,0
2024,다다103926,to_in_008,5
2024,다다103928,to_in_001,8
2024,다다103928,to_in_007,8
2024,다다103928,to_in_008,5
2024,다다103932,to_in_001,0
2024,다다103932,to_in_007,0
2024,다다103932,to_in_008,0
2024,다다103947,to_in_001,5
2024,다다103947,to_in_007,0
2024,다다103947,to_in_008,5
2024,다다103948,to_in_001,5
2024,다다103948,to_in_007,0
2024,다다103948,to_in_008,5
2024,다다103955,to_in_001,5
2024,다다103955,to_in_007,0
2024,다다103955,to_in_008,5
2024,다다103968,to_in_001,5
2024,다다103968,to_in_007,0
2024,다다103968,to_in_008,0
2024,다다103969,to_in_001,0
2024,다다103969,to_in_007,0
2024,다다103969,to_in_008,0
2024,다다103981,to_in_001,5
2024,다다103981,to_in_007,0
2024,다다103981,to_in_008,5
2024,다다103992,to_in_001,0
2024,다다103992,to_in_007,0
2024,다다103992,to_in_008,0
2024,다다103993,to_in_001,5
2024,다다103993,to_in_007,5
2024,다다103993,to_in_008,5
2024,다다104000,to_in_001,86
2024,다다104000,to_in_007,47
2024,다다104000,to_in_008,42
2024,다다104001,to_in_001,176
2024,다다104001,to_in_007,96
2024,다다104001,to_in_008,78
2024,다다104002,to_in_001,123
2024,다다104002,to_in_007,73
2024,다다104002,to_in_008,48
2024,다다104003,to_in_001,18
2024,다다104003,to_in_007,8
2024,다다104003,to_in_008,8
2024,다다104004,to_in_001,38
2024,다다104004,to_in_007,18
2024,다다104004,to_in_008,18
2024,다다104005,to_in_001,48
2024,다다104005,to_in_007,18
2024,다다104005,to_in_008,28
2024,다다104006,to_in_001,55
2024,다다104006,to_in_007,30
2024,다다104006,to_in_008,23
2024,다다104007,to_in_001,181
2024,다다104007,to_in_007,83
2024,다다104007,to_in_008,101
2024,다다104008,to_in_001,151
2024,다다104008,to_in_007,78
2024,다다104008,to_in_008,76
2024,다다104009,to_in_001,136
2024,다다104009,to_in_007,70
2024,다다104009,to_in_008,69
2024,다다104010,to_in_001,309
2024,다다104010,to_in_007,152
2024,다다104010,to_in_008,155
2024,다다104011,to_in_001,69
2024,다다104011,to_in_007,33
2024,다다104011,to_in_008,39
2024,다다104012,to_in_001,185
2024,다다104012,to_in_007,92
2024,다다104012,to_in_008,91
2024,다다104013,to_in_001,167
2024,다다104013,to_in_007,78
2024,다다104013,to_in_008,87
2024,다다104014,to_in_001,127
2024,다다104014,to_in_007,59
2024,다다104014,to_in_008,66
2024,다다104018,to_in_001,74
2024,다다104018,to_in_007,33
2024,다다104018,to_in_008,44
2024,다다104019,to_in_001,175
2024,다다104019,to_in_007,79
2024,다다104019,to_in_008,94
2024,다다107971,to_in_001,0
2024,다다107971,to_in_007,0
2024,다다107971,to_in_008,0
2024,다다107977,to_in_001,8
2024,다다107977,to_in_007,8
2024,다다107977,to_in_008,0
2024,다다107981,to_in_001,5
2024,다다107981,to_in_007,5
2024,다다107981,to_in_008,5
2024,다다107982,to_in_001,5
2024,다다107982,to_in_007,5
2024,다다107982,to_in_008,5
2024,다다108000,to_in_001,80
2024,다다108000,to_in_007,35
2024,다다108000,to_in_008,48
2024,다다108001,to_in_001,161
2024,다다108001,to_in_007,88
2024,다다108001,to_in_008,76
2024,다다108002,to_in_001,53
2024,다다108002,to_in_007,28
2024,다다108002,to_in_008,23
2024,다다108003,to_in_001,85
2024,다다108003,to_in_007,34
2024,다다108003,to_in_008,49
2024,다다108004,to_in_001,161
2024,다다108004,to_in_007,81
2024,다다108004,to_in_008,83
2024,다다108006,to_in_001,60
2024,다다108006,to_in_007,28
2024,다다108006,to_in_008,30
2024,다다108007,to_in_001,82
2024,다다108007,to_in_007,37
2024,다다108007,to_in_008,43
2024,다다108008,to_in_001,286
2024,다다108008,to_in_007,146
2024,다다108008,to_in_008,140
2024,다다108009,to_in_001,300
2024,다다108009,to_in_007,136
2024,다다108009,to_in_008,162
2024,다다108010,to_in_001,110
2024,다다108010,to_in_007,69
2024,다다108010,to_in_008,44
2024,다다108011,to_in_001,83
2024,다다108011,to_in_007,43
2024,다다108011,to_in_008,43
2024,다다108012,to_in_001,8
2024,다다108012,to_in_007,5
2024,다다102001,to_in_007,35
2024,다다102001,to_in_008,44
2024,다다102002,to_in_001,80
2024,다다102002,to_in_007,39
2024,다다102002,to_in_008,39
2024,다다102003,to_in_001,101
2024,다다102003,to_in_007,38
2024,다다102003,to_in_008,61
2024,다다102004,to_in_001,113
2024,다다102004,to_in_007,56
2024,다다102004,to_in_008,55
2024,다다102005,to_in_001,160
2024,다다102005,to_in_007,77
2024,다다102005,to_in_008,81
2024,다다102006,to_in_001,73
2024,다다102006,to_in_007,33
2024,다다102006,to_in_008,38
2024,다다102007,to_in_001,8
2024,다다102007,to_in_007,5
2024,다다102007,to_in_008,5
2024,다다102008,to_in_001,165
2024,다다102008,to_in_007,88
2024,다다102008,to_in_008,80
2024,다다102009,to_in_001,180
2024,다다102009,to_in_007,83
2024,다다102009,to_in_008,95
2024,다다102010,to_in_001,255
2024,다다102010,to_in_007,115
2024,다다102010,to_in_008,138
2024,다다102011,to_in_001,138
2024,다다102011,to_in_007,70
2024,다다102011,to_in_008,71
2024,다다102012,to_in_001,143
2024,다다102012,to_in_007,74
2024,다다102012,to_in_008,67
2024,다다105021,to_in_001,155
2024,다다105021,to_in_007,71
2024,다다105021,to_in_008,82
2024,다다105022,to_in_001,164
2024,다다105022,to_in_007,88
2024,다다105022,to_in_008,79
2024,다다105023,to_in_001,221
2024,다다105023,to_in_007,111
2024,다다105023,to_in_008,108
2024,다다105024,to_in_001,160
2024,다다105024,to_in_007,73
2024,다다105024,to_in_008,85
2024,다다105025,to_in_001,114
2024,다다105025,to_in_007,57
2024,다다105025,to_in_008,55
2024,다다105026,to_in_001,119
2024,다다105026,to_in_007,57
2024,다다105026,to_in_008,65
2024,다다105027,to_in_001,147
2024,다다105027,to_in_007,83
2024,다다105027,to_in_008,62
2024,다다105028,to_in_001,97
2024,다다105028,to_in_007,48
2024,다다105028,to_in_008,47
2024,다다105029,to_in_001,58
2024,다다105029,to_in_007,28
2024,다다105029,to_in_008,28
2024,다다105030,to_in_001,137
2024,다다105030,to_in_007,68
2024,다다105030,to_in_008,67
2024,다다105031,to_in_001,195
2024,다다105031,to_in_007,91
2024,다다105031,to_in_008,102
2024,다다105032,to_in_001,144
2024,다다105032,to_in_007,74
2024,다다105032,to_in_008,68
2024,다다105033,to_in_001,82
2024,다다105033,to_in_007,46
2024,다다105033,to_in_008,39
2024,다다105758,to_in_001,13
2024,다다105758,to_in_007,8
2024,다다105758,to_in_008,8
2024,다다105759,to_in_001,8
2024,다다105759,to_in_007,5
2024,다다105759,to_in_008,5
2024,다다105897,to_in_001,23
2024,다다105897,to_in_007,13
2024,다다105897,to_in_008,8
2024,다다105898,to_in_001,28
2024,다다105898,to_in_007,13
2024,다다105898,to_in_008,18
2024,다다105899,to_in_001,39
2024,다다105899,to_in_007,24
2024,다다105899,to_in_008,13
2024,다다105900,to_in_001,8
2024,다다105900,to_in_007,8
2024,다다105900,to_in_008,5
2024,다다105931,to_in_001,8
2024,다다105931,to_in_007,5
2024,다다105931,to_in_008,5
2024,다다105932,to_in_001,5
2024,다다105932,to_in_007,5
2024,다다105932,to_in_008,5
2024,다다105938,to_in_001,5
2024,다다105938,to_in_007,5
2024,다다105938,to_in_008,0
2024,다다105946,to_in_001,5
2024,다다105946,to_in_007,5
2024,다다105946,to_in_008,0
2024,다다105964,to_in_001,18
2024,다다105964,to_in_007,5
2024,다다105964,to_in_008,13
2024,다다105965,to_in_001,0
2024,다다105965,to_in_007,0
2024,다다105965,to_in_008,0
2024,다다105970,to_in_001,13
2024,다다105970,to_in_007,8
2024,다다105970,to_in_008,5
2024,다다105971,to_in_001,23
2024,다다105971,to_in_007,8
2024,다다105971,to_in_008,13
2024,다다105972,to_in_001,5
2024,다다105972,to_in_007,0
2024,다다105972,to_in_008,5
2024,다다105973,to_in_001,0
2024,다다105973,to_in_007,0
2024,다다105973,to_in_008,0
2024,다다105981,to_in_001,5
2024,다다105981,to_in_007,0
2024,다다105981,to_in_008,0
2024,다다105982,to_in_001,0
2024,다다105982,to_in_007,0
2024,다다105982,to_in_008,0
2024,다다105988,to_in_001,0
2024,다다105988,to_in_007,0
2024,다다105988,to_in_008,0
2024,다다106000,to_in_001,103
2024,다다106000,to_in_007,50
2024,다다106000,to_in_008,56
2024,다다106001,to_in_001,8
2024,다다106001,to_in_007,5
2024,다다106001,to_in_008,5
2024,다다106002,to_in_001,58
2024,다다106002,to_in_007,23
2024,다다106002,to_in_008,33
2024,다다106003,to_in_001,113
2024,다다106003,to_in_007,49
2024,다다106003,to_in_008,62
2024,다다106004,to_in_001,127
2024,다다106004,to_in_007,62
2024,다다106004,to_in_008,63
2024,다다106005,to_in_001,58
2024,다다106005,to_in_007,28
2024,다다106005,to_in_008,28
2024,다다106006,to_in_001,99
2024,다다106006,to_in_007,45
2024,다다106006,to_in_008,57
2024,다다106007,to_in_001,139
2024,다다106007,to_in_007,70
2024,다다106007,to_in_008,72
2024,다다106008,to_in_001,252
2024,다다106008,to_in_007,121
2024,다다106008,to_in_008,129
2024,다다106009,to_in_001,210
2024,다다106009,to_in_007,104
2024,다다106009,to_in_008,104
2024,다다106010,to_in_001,18
2024,다다106010,to_in_007,8
2024,다다106010,to_in_008,8
2024,다다106011,to_in_001,131
2024,다다106011,to_in_007,68
2024,다다106011,to_in_008,61
2024,다다106012,to_in_001,108
2024,다다106012,to_in_007,55
2024,다다106012,to_in_008,51
2024,다다106013,to_in_001,68
2024,다다106013,to_in_007,45
2024,다다106013,to_in_008,26
2024,다다106014,to_in_001,159
2024,다다106014,to_in_007,85
2024,다다106014,to_in_008,77
2024,다다106015,to_in_001,54
2024,다다106015,to_in_007,29
2024,다다106015,to_in_008,28
2024,다다108764,to_in_001,5
2024,다다108764,to_in_007,5
2024,다다108764,to_in_008,5
2024,다다108933,to_in_001,5
2024,다다108933,to_in_007,0
2024,다다108933,to_in_008,5
2024,다다108934,to_in_001,5
2024,다다108934,to_in_007,5
2024,다다108934,to_in_008,5
2024,다다108935,to_in_001,13
2024,다다108935,to_in_007,5
2024,다다108935,to_in_008,8
2024,다다108936,to_in_001,5
2024,다다108936,to_in_007,0
2024,다다108936,to_in_008,0
2024,다다108942,to_in_001,0
2024,다다108942,to_in_007,0
2024,다다108942,to_in_008,0
2024,다다108968,to_in_001,5
2024,다다108968,to_in_007,5
2024,다다108968,to_in_008,0
2024,다다108977,to_in_001,8
2024,다다108977,to_in_007,8
2024,다다108977,to_in_008,5
2024,다다108978,to_in_001,8
2024,다다108978,to_in_007,0
2024,다다108978,to_in_008,8
2024,다다108981,to_in_001,8
2024,다다108981,to_in_007,5
2024,다다108981,to_in_008,5
2024,다다108982,to_in_001,5
2024,다다108982,to_in_007,5
2024,다다108982,to_in_008,5
2024,다다108996,to_in_001,0
2024,다다108996,to_in_007,0
2024,다다108996,to_in_008,0
2024,다다109000,to_in_001,48
2024,다다109000,to_in_007,23
2024,다다109000,to_in_008,23
2024,다다109001,to_in_001,125
2024,다다109001,to_in_007,65
2024,다다109001,to_in_008,63
2024,다다109002,to_in_001,177
2024,다다109002,to_in_007,88
2024,다다109002,to_in_008,92
2024,다다109003,to_in_001,145
2024,다다109003,to_in_007,71
2024,다다109003,to_in_008,77
2024,다다109004,to_in_001,71
2024,다다109004,to_in_007,33
2024,다다109004,to_in_008,36
2024,다다109005,to_in_001,63
2024,다다109005,to_in_007,28
2024,다다109005,to_in_008,33
2024,다다109006,to_in_001,106
2024,다다109006,to_in_007,54
2024,다다109006,to_in_008,50
2024,다다109007,to_in_001,105
2024,다다109007,to_in_007,54
2024,다다109007,to_in_008,54
2024,다다109008,to_in_001,247
2024,다다109008,to_in_007,111
2024,다다109008,to_in_008,139
2024,다다109009,to_in_001,120
2024,다다109009,to_in_007,52
2024,다다109009,to_in_008,71
2024,다다109010,to_in_001,33
2024,다다109010,to_in_007,18
2024,다다109010,to_in_008,13
2024,다다109011,to_in_001,115
2024,다다109011,to_in_007,56
2024,다다109011,to_in_008,57
2024,다다109012,to_in_001,5
2024,다다109012,to_in_007,5
2024,다다109012,to_in_008,5
2024,다다109014,to_in_001,8
2024,다다109014,to_in_007,0
2024,다다109014,to_in_008,5
2024,다다109015,to_in_001,53
2024,다다109015,to_in_007,28
2024,다다109015,to_in_008,23
2024,다다109016,to_in_001,99
2024,다다109016,to_in_007,53
2024,다다109016,to_in_008,44
2024,다다109017,to_in_001,64
2024,다다109017,to_in_007,28
2024,다다109017,to_in_008,34
2024,다다109018,to_in_001,188
2024,다다109018,to_in_007,90
2024,다다109018,to_in_008,96
2024,다다109019,to_in_001,58
2024,다다109019,to_in_007,28
2024,다다109019,to_in_008,28
2024,다다109020,to_in_001,173
2024,다다109020,to_in_007,100
2024,다다109020,to_in_008,76
2024,다다109021,to_in_001,120
2024,다다109021,to_in_007,60
2024,다다109021,to_in_008,58
2024,다다109022,to_in_001,131
2024,다다109022,to_in_007,70
2024,다다109022,to_in_008,64
2024,다다109023,to_in_001,222
2024,다다109023,to_in_007,101
2024,다다109023,to_in_008,124
2024,다다109024,to_in_001,227
2024,다다109024,to_in_007,109
2024,다다109024,to_in_008,121
2024,다다109025,to_in_001,157
2024,다다109025,to_in_007,84
2024,다다109025,to_in_008,71
2024,다다109026,to_in_001,243
2024,다다109026,to_in_007,108
2024,다다109026,to_in_008,133
2024,다다102032,to_in_007,5
2024,다다102032,to_in_008,0
2024,다다102754,to_in_001,5
2024,다다102754,to_in_007,5
2024,다다102754,to_in_008,0
2024,다다102755,to_in_001,18
2024,다다102755,to_in_007,13
2024,다다102755,to_in_008,8
2024,다다102756,to_in_001,18
2024,다다102756,to_in_007,13
2024,다다102756,to_in_008,8
2024,다다102917,to_in_001,5
2024,다다102917,to_in_007,5
2024,다다102917,to_in_008,0
2024,다다102918,to_in_001,5
2024,다다102918,to_in_007,5
2024,다다102918,to_in_008,5
2024,다다102920,to_in_001,5
2024,다다102920,to_in_007,5
2024,다다102920,to_in_008,0
2024,다다102931,to_in_001,0
2024,다다102931,to_in_007,0
2024,다다102931,to_in_008,0
2024,다다102947,to_in_001,5
2024,다다102947,to_in_007,5
2024,다다102947,to_in_008,0
2024,다다102975,to_in_001,5
2024,다다102975,to_in_007,0
2024,다다102975,to_in_008,5
2024,다다102978,to_in_001,48
2024,다다102978,to_in_007,23
2024,다다102978,to_in_008,23
2024,다다102984,to_in_001,8
2024,다다102984,to_in_007,8
2024,다다102984,to_in_008,5
2024,다다102991,to_in_001,8
2024,다다102991,to_in_007,5
2024,다다102991,to_in_008,8
2024,다다102992,to_in_001,8
2024,다다102992,to_in_007,5
2024,다다102992,to_in_008,8
2024,다다102993,to_in_001,5
2024,다다102993,to_in_007,0
2024,다다102993,to_in_008,0
2024,다다103000,to_in_001,224
2024,다다103000,to_in_007,117
2024,다다103000,to_in_008,110
2024,다다103001,to_in_001,174
2024,다다103001,to_in_007,90
2024,다다103001,to_in_008,82
2024,다다103002,to_in_001,99
2024,다다103002,to_in_007,53
2024,다다103002,to_in_008,49
2024,다다103003,to_in_001,163
2024,다다103003,to_in_007,85
2024,다다103003,to_in_008,76
2024,다다103004,to_in_001,135
2024,다다103004,to_in_007,67
2024,다다103004,to_in_008,71
2024,다다103005,to_in_001,135
2024,다다103005,to_in_007,69
2024,다다103005,to_in_008,64
2024,다다103007,to_in_001,234
2024,다다103007,to_in_007,116
2024,다다103007,to_in_008,121
2024,다다103008,to_in_001,120
2024,다다103008,to_in_007,75
2024,다다103008,to_in_008,43
2024,다다103009,to_in_001,105
2024,다다103009,to_in_007,54
2024,다다103009,to_in_008,49
2024,다다103010,to_in_001,249
2024,다다103010,to_in_007,128
2024,다다103010,to_in_008,124
2024,다다103011,to_in_001,228
2024,다다103011,to_in_007,117
2024,다다103011,to_in_008,114
2024,다다103012,to_in_001,129
2024,다다103012,to_in_007,63
2024,다다103012,to_in_008,69
2024,다다103013,to_in_001,133
2024,다다103013,to_in_007,66
2024,다다103013,to_in_008,65
2024,다다103014,to_in_001,159
2024,다다103014,to_in_007,69
2024,다다103014,to_in_008,88
2024,다다103015,to_in_001,267
2024,다다103015,to_in_007,125
2024,다다103015,to_in_008,140
2024,다다103016,to_in_001,68
2024,다다103016,to_in_007,33
2024,다다103016,to_in_008,33
2024,다다107010,to_in_001,128
2024,다다107010,to_in_007,61
2024,다다107010,to_in_008,65
2024,다다107011,to_in_001,38
2024,다다107011,to_in_007,23
2024,다다107011,to_in_008,18
2024,다다107012,to_in_001,117
2024,다다107012,to_in_007,60
2024,다다107012,to_in_008,55
2024,다다107013,to_in_001,33
2024,다다107013,to_in_007,18
2024,다다107013,to_in_008,13
2024,다다107014,to_in_001,108
2024,다다107014,to_in_007,57
2024,다다107014,to_in_008,54
2024,다다107015,to_in_001,13
2024,다다107015,to_in_007,8
2024,다다107015,to_in_008,8
2024,다다107016,to_in_001,196
2024,다다107016,to_in_007,92
2024,다다107016,to_in_008,107
2024,다다107017,to_in_001,124
2024,다다107017,to_in_007,61
2024,다다107017,to_in_008,61
2024,다다107018,to_in_001,129
2024,다다107018,to_in_007,62
2024,다다107018,to_in_008,65
2024,다다107019,to_in_001,165
2024,다다107019,to_in_007,79
2024,다다107019,to_in_008,84
2024,다다107020,to_in_001,95
2024,다다107020,to_in_007,44
2024,다다107020,to_in_008,54
2024,다다107021,to_in_001,155
2024,다다107021,to_in_007,71
2024,다다107021,to_in_008,82
2024,다다107022,to_in_001,181
2024,다다107022,to_in_007,86
2024,다다107022,to_in_008,98
2024,다다107023,to_in_001,451
2024,다다107023,to_in_007,215
2024,다다107023,to_in_008,236
2024,다다107024,to_in_001,341
2024,다다107024,to_in_007,168
2024,다다107024,to_in_008,171
2024,다다107025,to_in_001,147
2024,다다107025,to_in_007,78
2024,다다107025,to_in_008,72
2024,다다107026,to_in_001,551
2024,다다107026,to_in_007,284
2024,다다107026,to_in_008,270
2024,다다107027,to_in_001,201
2024,다다107027,to_in_007,111
2024,다다107027,to_in_008,93
2024,다다107028,to_in_001,133
2024,다다107028,to_in_007,89
2024,다다107028,to_in_008,47
2024,다다107029,to_in_001,74
2024,다다107029,to_in_007,44
2024,다다107029,to_in_008,28
2024,다다107030,to_in_001,159
2024,다다107030,to_in_007,86
2024,다다107030,to_in_008,71
2024,다다107031,to_in_001,232
2024,다다107031,to_in_007,120
2024,다다107031,to_in_008,110
2024,다다107032,to_in_001,157
2024,다다107032,to_in_007,87
2024,다다107032,to_in_008,68
2024,다다107033,to_in_001,18
2024,다다107033,to_in_007,8
2024,다다107033,to_in_008,8
2024,다다107757,to_in_001,13
2024,다다107757,to_in_007,5
2024,다다107757,to_in_008,13
2024,다다107758,to_in_001,18
2024,다다107758,to_in_007,8
2024,다다107758,to_in_008,8
2024,다다107759,to_in_001,8
2024,다다107759,to_in_007,8
2024,다다107759,to_in_008,8
2024,다다107760,to_in_001,8
2024,다다107760,to_in_007,5
2024,다다107760,to_in_008,8
2024,다다107761,to_in_001,8
2024,다다107761,to_in_007,8
2024,다다107761,to_in_008,8
2024,다다107933,to_in_001,5
2024,다다107933,to_in_007,5
2024,다다107933,to_in_008,5
2024,다다107934,to_in_001,8
2024,다다107934,to_in_007,5
2024,다다107934,to_in_008,5
2024,다다107935,to_in_001,8
2024,다다107935,to_in_007,5
2024,다다107935,to_in_008,5
2024,다다107936,to_in_001,5
2024,다다107936,to_in_007,0
2024,다다107936,to_in_008,0
2024,다다107938,to_in_001,0
2024,다다107938,to_in_007,0
2024,다다107938,to_in_008,0
2024,다다107939,to_in_001,13
2024,다다107939,to_in_007,8
2024,다다107939,to_in_008,8
2024,다다107940,to_in_001,23
2024,다다107940,to_in_007,13
2024,다다107940,to_in_008,13
2024,다다107942,to_in_001,5
2024,다다107942,to_in_007,5
2024,다다107942,to_in_008,5
2024,다다107957,to_in_001,5
2024,다다107957,to_in_007,0
2024,다다107957,to_in_008,0
2024,다다107960,to_in_001,5
2024,다다107960,to_in_007,0
2024,다다107960,to_in_008,0
2024,다다109029,to_in_001,198
2024,다다109029,to_in_007,94
2024,다다109029,to_in_008,102
2024,다다109030,to_in_001,87
2024,다다109030,to_in_007,38
2024,다다109030,to_in_008,47
2024,다다109031,to_in_001,146
2024,다다109031,to_in_007,75
2024,다다109031,to_in_008,74
2024,다다109032,to_in_001,273
2024,다다109032,to_in_007,149
2024,다다109032,to_in_008,122
2024,다다109033,to_in_001,109
2024,다다109033,to_in_007,55
2024,다다109033,to_in_008,57
2024,다다109762,to_in_001,5
2024,다다109762,to_in_007,5
2024,다다109762,to_in_008,0
2024,다다109763,to_in_001,18
2024,다다109763,to_in_007,8
2024,다다109763,to_in_008,8
2024,다다109764,to_in_001,13
2024,다다109764,to_in_007,5
2024,다다109764,to_in_008,8
2024,다다109765,to_in_001,5
2024,다다109765,to_in_007,5
2024,다다109765,to_in_008,0
2024,다다109908,to_in_001,0
2024,다다109908,to_in_007,0
2024,다다109908,to_in_008,0
2024,다다109933,to_in_001,5
2024,다다109933,to_in_007,0
2024,다다109933,to_in_008,5
2024,다다109934,to_in_001,5
2024,다다109934,to_in_007,0
2024,다다109934,to_in_008,5
2024,다다109975,to_in_001,0
2024,다다109975,to_in_007,0
2024,다다109975,to_in_008,0
2024,다다109978,to_in_001,8
2024,다다109978,to_in_007,5
2024,다다109978,to_in_008,8
2024,다다109981,to_in_001,13
2024,다다109981,to_in_007,8
2024,다다109981,to_in_008,5
2024,다다109982,to_in_001,5
2024,다다109982,to_in_007,5
2024,다다109982,to_in_008,5
2024,다다110001,to_in_001,139
2024,다다110001,to_in_007,61
2024,다다110001,to_in_008,81
2024,다다110002,to_in_001,119
2024,다다110002,to_in_007,61
2024,다다110002,to_in_008,56
2024,다다110003,to_in_001,53
2024,다다110003,to_in_007,23
2024,다다110003,to_in_008,33
2024,다다110004,to_in_001,48
2024,다다110004,to_in_007,18
2024,다다110004,to_in_008,28
2024,다다110005,to_in_001,59
2024,다다110005,to_in_007,28
2024,다다110005,to_in_008,34
2024,다다110006,to_in_001,126
2024,다다110006,to_in_007,57
2024,다다110006,to_in_008,72
2024,다다110007,to_in_001,161
2024,다다110007,to_in_007,87
2024,다다110007,to_in_008,77
2024,다다110008,to_in_001,232
2024,다다110008,to_in_007,110
2024,다다110008,to_in_008,120
2024,다다110009,to_in_001,100
2024,다다110009,to_in_007,49
2024,다다110009,to_in_008,49
2024,다다110010,to_in_001,102
2024,다다110010,to_in_007,51
2024,다다110010,to_in_008,54
2024,다다110011,to_in_001,134
2024,다다110011,to_in_007,66
2024,다다110011,to_in_008,66
2024,다다110012,to_in_001,97
2024,다다110012,to_in_007,44
2024,다다110012,to_in_008,51
2024,다다110981,to_in_001,5
2024,다다110981,to_in_007,0
2024,다다110981,to_in_008,5
2024,다다110982,to_in_001,5
2024,다다110982,to_in_007,0
2024,다다110982,to_in_008,5
2024,다다110998,to_in_001,5
2024,다다110998,to_in_007,5
2024,다다110998,to_in_008,0
2024,다다111001,to_in_001,5
2024,다다111001,to_in_007,5
2024,다다111001,to_in_008,0
2024,다다118024,to_in_001,5
2024,다다118024,to_in_007,5
2024,다다118024,to_in_008,0
2024,다다118026,to_in_001,18
2024,다다118026,to_in_007,8
2024,다다118026,to_in_008,8
2024,다다118027,to_in_001,23
2024,다다118027,to_in_007,13
2024,다다118027,to_in_008,13
2024,다다118028,to_in_001,48
2024,다다118028,to_in_007,23
2024,다다118028,to_in_008,28
2024,다다118731,to_in_001,5
2024,다다118731,to_in_007,5
2024,다다118731,to_in_008,5
2024,다다118732,to_in_001,5
2024,다다118732,to_in_007,0
2024,다다118732,to_in_008,5
2024,다다118733,to_in_001,5
2024,다다118733,to_in_007,5
2024,다다118733,to_in_008,5
2024,다다118793,to_in_001,8
2024,다다118793,to_in_007,8
2024,다다118793,to_in_008,5
2024,다다118972,to_in_001,5
2024,다다118972,to_in_007,5
2024,다다118972,to_in_008,5
2024,다다118973,to_in_001,5
2024,다다118973,to_in_007,0
2024,다다118973,to_in_008,0
2024,다다118991,to_in_001,8
2024,다다118991,to_in_007,5
2024,다다118991,to_in_008,5
2024,다다119000,to_in_001,13
2024,다다119000,to_in_007,5
2024,다다119000,to_in_008,8
2024,다다119001,to_in_001,8
2024,다다119001,to_in_007,5
2024,다다119001,to_in_008,5
2024,다다119003,to_in_001,33
2024,다다119003,to_in_007,23
2024,다다119003,to_in_008,13
2024,다다119004,to_in_001,5
2024,다다119004,to_in_007,5
2024,다다119004,to_in_008,0
2024,다다119005,to_in_001,166
2024,다다119005,to_in_007,86
2024,다다119005,to_in_008,83
2024,다다119006,to_in_001,88
2024,다다119006,to_in_007,46
2024,다다119006,to_in_008,45
2024,다다119007,to_in_001,33
2024,다다119007,to_in_007,13
2024,다다119007,to_in_008,18
2024,다다119008,to_in_001,13
2024,다다119008,to_in_007,5
2024,다다119008,to_in_008,8
2024,다다119009,to_in_001,13
2024,다다119009,to_in_007,8
2024,다다119009,to_in_008,8
2024,다다119010,to_in_001,8
2024,다다119010,to_in_007,5
2024,다다119010,to_in_008,5
2024,다다119011,to_in_001,5
2024,다다119011,to_in_007,0
2024,다다119011,to_in_008,5
2024,다다119012,to_in_001,186
2024,다다119012,to_in_007,90
2024,다다119012,to_in_008,94
2024,다다119013,to_in_001,103
2024,다다119013,to_in_007,52
2024,다다119013,to_in_008,49
2024,다다119014,to_in_001,257
2024,다다119014,to_in_007,128
2024,다다119014,to_in_008,132
2024,다다119015,to_in_001,213
2024,다다119015,to_in_007,125
2024,다다119015,to_in_008,91
2024,다다119016,to_in_001,254
2024,다다119016,to_in_007,119
2024,다다119016,to_in_008,133
2024,다다119017,to_in_001,8
2024,다다119017,to_in_007,0
2024,다다119017,to_in_008,8
2024,다다119018,to_in_001,5
2024,다다119018,to_in_007,0
2024,다다119018,to_in_008,5
2024,다다119026,to_in_001,13
2024,다다119026,to_in_007,8
2024,다다119026,to_in_008,8
2024,다다119027,to_in_001,84
2024,다다119027,to_in_007,39
2024,다다119027,to_in_008,43
2024,다다119028,to_in_001,8
2024,다다119028,to_in_007,8
2024,다다119028,to_in_008,5
2024,다다119731,to_in_001,5
2024,다다119731,to_in_007,0
2024,다다119731,to_in_008,5
2024,다다123968,to_in_001,8
2024,다다123968,to_in_007,5
2024,다다123968,to_in_008,5
2024,다다123987,to_in_001,5
2024,다다123987,to_in_007,0
2024,다다123987,to_in_008,5
2024,다다123988,to_in_001,5
2024,다다123988,to_in_007,0
2024,다다123988,to_in_008,5
2024,다다124000,to_in_001,5
2024,다다124000,to_in_007,0
2024,다다124000,to_in_008,0
2024,다다124001,to_in_001,8
2024,다다124001,to_in_007,5
2024,다다124001,to_in_008,8
2024,다다124002,to_in_001,68
2024,다다124002,to_in_007,48
2024,다다124002,to_in_008,23
2024,다다124003,to_in_001,33
2024,다다124003,to_in_007,18
2024,다다124003,to_in_008,13
2024,다다124015,to_in_001,5
2024,다다124015,to_in_007,5
2024,다다124015,to_in_008,0
2024,다다124020,to_in_001,5
2024,다다124020,to_in_007,5
2024,다다124020,to_in_008,0
2024,다다124021,to_in_001,5
2024,다다124021,to_in_007,5
2024,다다124021,to_in_008,0
2024,다다124025,to_in_001,5
2024,다다124025,to_in_007,5
2024,다다124025,to_in_008,5
2024,다다124026,to_in_001,34
2024,다다124026,to_in_007,19
2024,다다124026,to_in_008,18
2024,다다124027,to_in_001,76
2024,다다124027,to_in_007,40
2024,다다124027,to_in_008,34
2024,다다124028,to_in_001,149
2024,다다124028,to_in_007,86
2024,다다124028,to_in_008,61
2024,다다124029,to_in_001,93
2024,다다124029,to_in_007,46
2024,다다124029,to_in_008,45
2024,다다124030,to_in_001,13
2024,다다124030,to_in_007,8
2024,다다124030,to_in_008,8
2024,다다124031,to_in_001,10
2024,다다124031,to_in_007,10
2024,다다124031,to_in_008,0
2024,다다124737,to_in_001,5
2024,다다124737,to_in_007,0
2024,다다124737,to_in_008,0
2024,다다124743,to_in_001,0
2024,다다124743,to_in_007,0
2024,다다124743,to_in_008,0
2024,다다124764,to_in_001,5
2024,다다124764,to_in_007,0
2024,다다124764,to_in_008,5
2024,다다124911,to_in_001,13
2024,다다124911,to_in_007,13
2024,다다124911,to_in_008,0
2024,다다124912,to_in_001,0
2024,다다124912,to_in_007,0
2024,다다124912,to_in_008,0
2024,다다124955,to_in_001,5
2024,다다124955,to_in_007,5
2024,다다124955,to_in_008,0
2024,다다124957,to_in_001,5
2024,다다124957,to_in_007,5
2024,다다124957,to_in_008,0
2024,다다124975,to_in_001,5
2024,다다124975,to_in_007,0
2024,다다124975,to_in_008,0
2024,다다124976,to_in_001,0
2024,다다124976,to_in_007,0
2024,다다124976,to_in_008,0
2024,다다124983,to_in_001,5
2024,다다124983,to_in_007,5
2024,다다124983,to_in_008,5
2024,다다124988,to_in_001,5
2024,다다124988,to_in_007,0
2024,다다124988,to_in_008,5
2024,다다125003,to_in_001,5
2024,다다125003,to_in_007,5
2024,다다125003,to_in_008,0
2024,다다125004,to_in_001,5
2024,다다125004,to_in_007,0
2024,다다125004,to_in_008,0
2024,다다125005,to_in_001,169
2024,다다125005,to_in_007,87
2024,다다125005,to_in_008,80
2024,다다125006,to_in_001,18
2024,다다125006,to_in_007,8
2024,다다125006,to_in_008,8
2024,다다125007,to_in_001,5
2024,다다125007,to_in_007,5
2024,다다125007,to_in_008,5
2024,다다125024,to_in_001,5
2024,다다125024,to_in_007,5
2024,다다125024,to_in_008,0
2024,다다125025,to_in_001,52
2024,다다125025,to_in_007,20
2024,다다125025,to_in_008,30
2024,다다125026,to_in_001,117
2024,다다125026,to_in_007,57
2024,다다125026,to_in_008,58
2024,다다125027,to_in_001,70
2024,다다125027,to_in_007,36
2024,다다125027,to_in_008,37
2024,다다125028,to_in_001,134
2024,다다125028,to_in_007,69
2024,다다125028,to_in_008,63
2024,다다125029,to_in_001,28
2024,다다125029,to_in_007,18
2024,다다125029,to_in_008,13
2024,다다125030,to_in_001,13
2024,다다125030,to_in_007,8
2024,다다125030,to_in_008,5
2024,다다125031,to_in_001,13
2024,다다125031,to_in_007,8
2024,다다125031,to_in_008,8
2024,다다125032,to_in_001,8
2024,다다125032,to_in_007,5
2024,다다125032,to_in_008,5
2024,다다125033,to_in_001,5
2024,다다125033,to_in_007,5
2024,다다125033,to_in_008,5
2024,다다125034,to_in_001,18
2024,다다125034,to_in_007,13
2024,다다125034,to_in_008,8
2024,다다125037,to_in_001,0
2024,다다125037,to_in_007,0
2024,다다125037,to_in_008,0
2024,다다125739,to_in_001,5
2024,다다125739,to_in_007,0
2024,다다125739,to_in_008,5
2024,다다125742,to_in_001,8
2024,다다125742,to_in_007,8
2024,다다125742,to_in_008,5
2024,다다125744,to_in_001,0
2024,다다125744,to_in_007,0
2024,다다125744,to_in_008,0
2024,다다125754,to_in_001,5
2024,다다125754,to_in_007,0
2024,다다125754,to_in_008,5
2024,다다125916,to_in_001,0
2024,다다125916,to_in_007,0
2024,다다125916,to_in_008,0
2024,다다125955,to_in_001,0
2024,다다125955,to_in_007,0
2024,다다125955,to_in_008,0
2024,다다125975,to_in_001,5
2024,다다125975,to_in_007,0
2024,다다125975,to_in_008,0
2024,다다125976,to_in_001,5
2024,다다125976,to_in_007,0
2024,다다125976,to_in_008,5
2024,다다126002,to_in_001,5
2024,다다126002,to_in_007,5
2024,다다126002,to_in_008,5
2024,다다126003,to_in_001,5
2024,다다126003,to_in_007,0
2024,다다126003,to_in_008,0
2024,다다126005,to_in_001,87
2024,다다126005,to_in_007,45
2024,다다126005,to_in_008,45
2024,다다126006,to_in_001,38
2024,다다126006,to_in_007,23
2024,다다126006,to_in_008,18
2024,다다126018,to_in_001,5
2024,다다126018,to_in_007,0
2024,다다126018,to_in_008,5
2024,다다126021,to_in_001,8
2024,다다126021,to_in_007,5
2024,다다126021,to_in_008,8
2024,다다126024,to_in_001,38
2024,다다126024,to_in_007,23
2024,다다126024,to_in_008,18
2024,다다126025,to_in_001,13
2024,다다109027,to_in_001,151
2024,다다109027,to_in_007,67
2024,다다109027,to_in_008,82
2024,다다109028,to_in_001,73
2024,다다109028,to_in_007,43
2024,다다109028,to_in_008,28
2024,다다112024,to_in_001,8
2024,다다112024,to_in_007,5
2024,다다112024,to_in_008,5
2024,다다112027,to_in_001,18
2024,다다112027,to_in_007,8
2024,다다112027,to_in_008,8
2024,다다112035,to_in_001,0
2024,다다112035,to_in_007,0
2024,다다112035,to_in_008,0
2024,다다112763,to_in_001,5
2024,다다112763,to_in_007,0
2024,다다112763,to_in_008,5
2024,다다112764,to_in_001,13
2024,다다112764,to_in_007,8
2024,다다112764,to_in_008,8
2024,다다112765,to_in_001,18
2024,다다112765,to_in_007,13
2024,다다112765,to_in_008,8
2024,다다112965,to_in_001,5
2024,다다112965,to_in_007,5
2024,다다112965,to_in_008,0
2024,다다112966,to_in_001,5
2024,다다112966,to_in_007,0
2024,다다112966,to_in_008,0
2024,다다112974,to_in_001,5
2024,다다112974,to_in_007,0
2024,다다112974,to_in_008,0
2024,다다112975,to_in_001,5
2024,다다112975,to_in_007,5
2024,다다112975,to_in_008,5
2024,다다112976,to_in_001,5
2024,다다112976,to_in_007,5
2024,다다112976,to_in_008,5
2024,다다113000,to_in_001,5
2024,다다113000,to_in_007,5
2024,다다113000,to_in_008,5
2024,다다113001,to_in_001,136
2024,다다113001,to_in_007,70
2024,다다113001,to_in_008,69
2024,다다113002,to_in_001,150
2024,다다113002,to_in_007,73
2024,다다113002,to_in_008,80
2024,다다113004,to_in_001,158
2024,다다113004,to_in_007,73
2024,다다113004,to_in_008,83
2024,다다113005,to_in_001,82
2024,다다113005,to_in_007,39
2024,다다113005,to_in_008,41
2024,다다113006,to_in_001,233
2024,다다113006,to_in_007,111
2024,다다113006,to_in_008,120
2024,다다113007,to_in_001,367
2024,다다113007,to_in_007,175
2024,다다113007,to_in_008,195
2024,다다113008,to_in_001,18
2024,다다113008,to_in_007,8
2024,다다113008,to_in_008,8
2024,다다113010,to_in_001,70
2024,다다113010,to_in_007,44
2024,다다113010,to_in_008,24
2024,다다113011,to_in_001,60
2024,다다113011,to_in_007,34
2024,다다113011,to_in_008,24
2024,다다113012,to_in_001,60
2024,다다113012,to_in_007,28
2024,다다113012,to_in_008,30
2024,다다113013,to_in_001,157
2024,다다113013,to_in_007,84
2024,다다113013,to_in_008,76
2024,다다113014,to_in_001,83
2024,다다113014,to_in_007,38
2024,다다113014,to_in_008,43
2024,다다113015,to_in_001,68
2024,다다113015,to_in_007,33
2024,다다113015,to_in_008,33
2024,다다113016,to_in_001,167
2024,다다113016,to_in_007,84
2024,다다113016,to_in_008,81
2024,다다113017,to_in_001,104
2024,다다113017,to_in_007,46
2024,다다113017,to_in_008,61
2024,다다113019,to_in_001,377
2024,다다113019,to_in_007,173
2024,다다113019,to_in_008,202
2024,다다113020,to_in_001,321
2024,다다113020,to_in_007,163
2024,다다113020,to_in_008,156
2024,다다116003,to_in_001,8
2024,다다116003,to_in_007,5
2024,다다116003,to_in_008,5
2024,다다116004,to_in_001,0
2024,다다116004,to_in_007,0
2024,다다116004,to_in_008,0
2024,다다116005,to_in_001,188
2024,다다116005,to_in_007,94
2024,다다116005,to_in_008,97
2024,다다116006,to_in_001,8
2024,다다116006,to_in_007,5
2024,다다116006,to_in_008,5
2024,다다116007,to_in_001,18
2024,다다116007,to_in_007,8
2024,다다116007,to_in_008,8
2024,다다116008,to_in_001,23
2024,다다116008,to_in_007,13
2024,다다116008,to_in_008,8
2024,다다116009,to_in_001,134
2024,다다116009,to_in_007,66
2024,다다116009,to_in_008,71
2024,다다116010,to_in_001,54
2024,다다116010,to_in_007,29
2024,다다116010,to_in_008,23
2024,다다116011,to_in_001,13
2024,다다116011,to_in_007,5
2024,다다116011,to_in_008,8
2024,다다116012,to_in_001,79
2024,다다116012,to_in_007,38
2024,다다116012,to_in_008,39
2024,다다116013,to_in_001,101
2024,다다116013,to_in_007,48
2024,다다116013,to_in_008,51
2024,다다116014,to_in_001,368
2024,다다116014,to_in_007,178
2024,다다116014,to_in_008,193
2024,다다116015,to_in_001,402
2024,다다116015,to_in_007,193
2024,다다116015,to_in_008,212
2024,다다116016,to_in_001,275
2024,다다116016,to_in_007,128
2024,다다116016,to_in_008,145
2024,다다116729,to_in_001,5
2024,다다116729,to_in_007,0
2024,다다116729,to_in_008,0
2024,다다116730,to_in_001,0
2024,다다116730,to_in_007,0
2024,다다116730,to_in_008,0
2024,다다116732,to_in_001,5
2024,다다116732,to_in_007,0
2024,다다116732,to_in_008,5
2024,다다116924,to_in_001,0
2024,다다116924,to_in_007,0
2024,다다116924,to_in_008,0
2024,다다116977,to_in_001,0
2024,다다116977,to_in_007,0
2024,다다116977,to_in_008,0
2024,다다116988,to_in_001,5
2024,다다116988,to_in_007,5
2024,다다116988,to_in_008,5
2024,다다117000,to_in_001,33
2024,다다117000,to_in_007,13
2024,다다117000,to_in_008,18
2024,다다117001,to_in_001,23
2024,다다117001,to_in_007,13
2024,다다117001,to_in_008,8
2024,다다117003,to_in_001,78
2024,다다117003,to_in_007,41
2024,다다117003,to_in_008,40
2024,다다117004,to_in_001,8
2024,다다117004,to_in_007,5
2024,다다117004,to_in_008,5
2024,다다117005,to_in_001,93
2024,다다117005,to_in_007,50
2024,다다117005,to_in_008,46
2024,다다117006,to_in_001,75
2024,다다117006,to_in_007,44
2024,다다117006,to_in_008,34
2024,다다117007,to_in_001,18
2024,다다117007,to_in_007,8
2024,다다117007,to_in_008,8
2024,다다117008,to_in_001,136
2024,다다117008,to_in_007,68
2024,다다117008,to_in_008,71
2024,다다117009,to_in_001,113
2024,다다117009,to_in_007,59
2024,다다117009,to_in_008,52
2024,다다117010,to_in_001,48
2024,다다117010,to_in_007,23
2024,다다117010,to_in_008,23
2024,다다117011,to_in_001,48
2024,다다117011,to_in_007,28
2024,다다117011,to_in_008,18
2024,다다119733,to_in_001,0
2024,다다119733,to_in_007,0
2024,다다119733,to_in_008,0
2024,다다119734,to_in_001,5
2024,다다119734,to_in_007,0
2024,다다119734,to_in_008,0
2024,다다119735,to_in_001,5
2024,다다119735,to_in_007,0
2024,다다119735,to_in_008,0
2024,다다119792,to_in_001,8
2024,다다119792,to_in_007,8
2024,다다119792,to_in_008,5
2024,다다119793,to_in_001,8
2024,다다119793,to_in_007,5
2024,다다119793,to_in_008,5
2024,다다119943,to_in_001,5
2024,다다119943,to_in_007,5
2024,다다119943,to_in_008,5
2024,다다119944,to_in_001,0
2024,다다119944,to_in_007,0
2024,다다119944,to_in_008,0
2024,다다119970,to_in_001,5
2024,다다119970,to_in_007,0
2024,다다119970,to_in_008,0
2024,다다119971,to_in_001,5
2024,다다119971,to_in_007,0
2024,다다119971,to_in_008,0
2024,다다119972,to_in_001,5
2024,다다119972,to_in_007,0
2024,다다119972,to_in_008,5
2024,다다119989,to_in_001,5
2024,다다119989,to_in_007,0
2024,다다119989,to_in_008,5
2024,다다120000,to_in_001,13
2024,다다120000,to_in_007,8
2024,다다120000,to_in_008,8
2024,다다120002,to_in_001,8
2024,다다120002,to_in_007,0
2024,다다120002,to_in_008,8
2024,다다120003,to_in_001,13
2024,다다120003,to_in_007,8
2024,다다120003,to_in_008,5
2024,다다120004,to_in_001,5
2024,다다120004,to_in_007,5
2024,다다120004,to_in_008,0
2024,다다120005,to_in_001,49
2024,다다120005,to_in_007,23
2024,다다120005,to_in_008,24
2024,다다120008,to_in_001,69
2024,다다120008,to_in_007,33
2024,다다120008,to_in_008,39
2024,다다120009,to_in_001,48
2024,다다120009,to_in_007,18
2024,다다120009,to_in_008,33
2024,다다120011,to_in_001,43
2024,다다120011,to_in_007,18
2024,다다120011,to_in_008,23
2024,다다120012,to_in_001,38
2024,다다120012,to_in_007,18
2024,다다120012,to_in_008,18
2024,다다120013,to_in_001,112
2024,다다120013,to_in_007,51
2024,다다120013,to_in_008,64
2024,다다120014,to_in_001,5
2024,다다120014,to_in_007,5
2024,다다120014,to_in_008,0
2024,다다120018,to_in_001,38
2024,다다120018,to_in_007,23
2024,다다120018,to_in_008,18
2024,다다120020,to_in_001,5
2024,다다120020,to_in_007,0
2024,다다120020,to_in_008,0
2024,다다120021,to_in_001,5
2024,다다120021,to_in_007,5
2024,다다120021,to_in_008,0
2024,다다120022,to_in_001,5
2024,다다120022,to_in_007,5
2024,다다120022,to_in_008,0
2024,다다120023,to_in_001,5
2024,다다120023,to_in_007,5
2024,다다120023,to_in_008,0
2024,다다120025,to_in_001,8
2024,다다120025,to_in_007,5
2024,다다120025,to_in_008,5
2024,다다120026,to_in_001,69
2024,다다120026,to_in_007,33
2024,다다120026,to_in_008,34
2024,다다120027,to_in_001,48
2024,다다120027,to_in_007,23
2024,다다120027,to_in_008,23
2024,다다120028,to_in_001,5
2024,다다120028,to_in_007,5
2024,다다120028,to_in_008,5
2024,다다120029,to_in_001,77
2024,다다120029,to_in_007,18
2024,다다120029,to_in_008,64
2024,다다120735,to_in_001,0
2024,다다120735,to_in_007,0
2024,다다120735,to_in_008,0
2024,다다126753,to_in_001,5
2024,다다126753,to_in_007,0
2024,다다126753,to_in_008,5
2024,다다126755,to_in_001,5
2024,다다126755,to_in_007,0
2024,다다126755,to_in_008,0
2024,다다126756,to_in_001,5
2024,다다126756,to_in_007,0
2024,다다110013,to_in_001,28
2024,다다110013,to_in_007,8
2024,다다110013,to_in_008,18
2024,다다111762,to_in_001,5
2024,다다111762,to_in_007,0
2024,다다111762,to_in_008,0
2024,다다111763,to_in_001,8
2024,다다111763,to_in_007,8
2024,다다111763,to_in_008,5
2024,다다111764,to_in_001,28
2024,다다111764,to_in_007,13
2024,다다111764,to_in_008,13
2024,다다111765,to_in_001,13
2024,다다111765,to_in_007,8
2024,다다111765,to_in_008,5
2024,다다111935,to_in_001,5
2024,다다111935,to_in_007,0
2024,다다111935,to_in_008,5
2024,다다111975,to_in_001,8
2024,다다111975,to_in_007,5
2024,다다111975,to_in_008,5
2024,다다111976,to_in_001,8
2024,다다111976,to_in_007,0
2024,다다111976,to_in_008,8
2024,다다111977,to_in_001,5
2024,다다111977,to_in_007,0
2024,다다111977,to_in_008,0
2024,다다111981,to_in_001,5
2024,다다111981,to_in_007,5
2024,다다111981,to_in_008,0
2024,다다111982,to_in_001,5
2024,다다111982,to_in_007,5
2024,다다111982,to_in_008,0
2024,다다112001,to_in_001,8
2024,다다112001,to_in_007,5
2024,다다112001,to_in_008,8
2024,다다112002,to_in_001,23
2024,다다112002,to_in_007,8
2024,다다112002,to_in_008,13
2024,다다112003,to_in_001,50
2024,다다112003,to_in_007,23
2024,다다112003,to_in_008,25
2024,다다112004,to_in_001,83
2024,다다112004,to_in_007,48
2024,다다112004,to_in_008,38
2024,다다112005,to_in_001,242
2024,다다112005,to_in_007,112
2024,다다112005,to_in_008,128
2024,다다112006,to_in_001,88
2024,다다112006,to_in_007,44
2024,다다112006,to_in_008,47
2024,다다112007,to_in_001,130
2024,다다112007,to_in_007,60
2024,다다112007,to_in_008,68
2024,다다112010,to_in_001,28
2024,다다112010,to_in_007,13
2024,다다112010,to_in_008,13
2024,다다112011,to_in_001,94
2024,다다112011,to_in_007,50
2024,다다112011,to_in_008,42
2024,다다112012,to_in_001,8
2024,다다112012,to_in_007,5
2024,다다112012,to_in_008,5
2024,다다112013,to_in_001,81
2024,다다112013,to_in_007,40
2024,다다112013,to_in_008,39
2024,다다112014,to_in_001,43
2024,다다112014,to_in_007,23
2024,다다112014,to_in_008,18
2024,다다112015,to_in_001,53
2024,다다112015,to_in_007,23
2024,다다112015,to_in_008,28
2024,다다112016,to_in_001,98
2024,다다112016,to_in_007,50
2024,다다112016,to_in_008,51
2024,다다112017,to_in_001,401
2024,다다112017,to_in_007,196
2024,다다112017,to_in_008,203
2024,다다112018,to_in_001,501
2024,다다112018,to_in_007,240
2024,다다112018,to_in_008,263
2024,다다112019,to_in_001,299
2024,다다112019,to_in_007,143
2024,다다112019,to_in_008,154
2024,다다112020,to_in_001,149
2024,다다112020,to_in_007,68
2024,다다112020,to_in_008,79
2024,다다112021,to_in_001,167
2024,다다112021,to_in_007,79
2024,다다112021,to_in_008,86
2024,다다112022,to_in_001,112
2024,다다112022,to_in_007,56
2024,다다112022,to_in_008,54
2024,다다114030,to_in_001,5
2024,다다114030,to_in_007,0
2024,다다114030,to_in_008,5
2024,다다114036,to_in_001,5
2024,다다114036,to_in_007,5
2024,다다114036,to_in_008,0
2024,다다114764,to_in_001,0
2024,다다114764,to_in_007,0
2024,다다114764,to_in_008,0
2024,다다114965,to_in_001,13
2024,다다114965,to_in_007,5
2024,다다114965,to_in_008,8
2024,다다114966,to_in_001,18
2024,다다114966,to_in_007,8
2024,다다114966,to_in_008,8
2024,다다114974,to_in_001,8
2024,다다114974,to_in_007,0
2024,다다114974,to_in_008,8
2024,다다115000,to_in_001,83
2024,다다115000,to_in_007,43
2024,다다115000,to_in_008,43
2024,다다115001,to_in_001,59
2024,다다115001,to_in_007,34
2024,다다115001,to_in_008,28
2024,다다115002,to_in_001,28
2024,다다115002,to_in_007,13
2024,다다115002,to_in_008,13
2024,다다115003,to_in_001,46
2024,다다115003,to_in_007,18
2024,다다115003,to_in_008,26
2024,다다115004,to_in_001,8
2024,다다115004,to_in_007,5
2024,다다115004,to_in_008,8
2024,다다115005,to_in_001,587
2024,다다115005,to_in_007,291
2024,다다115005,to_in_008,299
2024,다다115006,to_in_001,185
2024,다다115006,to_in_007,85
2024,다다115006,to_in_008,103
2024,다다115007,to_in_001,75
2024,다다115007,to_in_007,38
2024,다다115007,to_in_008,35
2024,다다115008,to_in_001,13
2024,다다115008,to_in_007,8
2024,다다115008,to_in_008,5
2024,다다115009,to_in_001,18
2024,다다115009,to_in_007,8
2024,다다115009,to_in_008,8
2024,다다115010,to_in_001,193
2024,다다115010,to_in_007,89
2024,다다115010,to_in_008,102
2024,다다115011,to_in_001,93
2024,다다115011,to_in_007,53
2024,다다115011,to_in_008,43
2024,다다115012,to_in_001,185
2024,다다115012,to_in_007,92
2024,다다115012,to_in_008,91
2024,다다115013,to_in_001,142
2024,다다115013,to_in_007,67
2024,다다115013,to_in_008,73
2024,다다115014,to_in_001,23
2024,다다115014,to_in_007,8
2024,다다115014,to_in_008,13
2024,다다115015,to_in_001,5
2024,다다115015,to_in_007,0
2024,다다115015,to_in_008,0
2024,다다115016,to_in_001,111
2024,다다115016,to_in_007,57
2024,다다115016,to_in_008,57
2024,다다115020,to_in_001,13
2024,다다115020,to_in_007,5
2024,다다115020,to_in_008,8
2024,다다115028,to_in_001,8
2024,다다115028,to_in_007,5
2024,다다115028,to_in_008,8
2024,다다115733,to_in_001,5
2024,다다115733,to_in_007,5
2024,다다115733,to_in_008,0
2024,다다115735,to_in_001,5
2024,다다115735,to_in_007,0
2024,다다115735,to_in_008,0
2024,다다115965,to_in_001,0
2024,다다115965,to_in_007,0
2024,다다115965,to_in_008,0
2024,다다116000,to_in_001,28
2024,다다116000,to_in_007,18
2024,다다116000,to_in_008,8
2024,다다116001,to_in_001,38
2024,다다116001,to_in_007,18
2024,다다116001,to_in_008,23
2024,다다116002,to_in_001,18
2024,다다116002,to_in_007,8
2024,다다116002,to_in_008,13
2024,다다120792,to_in_001,5
2024,다다120792,to_in_007,0
2024,다다120792,to_in_008,0
2024,다다120967,to_in_001,5
2024,다다120967,to_in_007,5
2024,다다120967,to_in_008,0
2024,다다120968,to_in_001,0
2024,다다120968,to_in_007,0
2024,다다120968,to_in_008,0
2024,다다120969,to_in_001,5
2024,다다120969,to_in_007,0
2024,다다120969,to_in_008,0
2024,다다120970,to_in_001,18
2024,다다120970,to_in_007,8
2024,다다120970,to_in_008,8
2024,다다120971,to_in_001,5
2024,다다120971,to_in_007,5
2024,다다120971,to_in_008,5
2024,다다120988,to_in_001,5
2024,다다120988,to_in_007,0
2024,다다120988,to_in_008,0
2024,다다120989,to_in_001,5
2024,다다120989,to_in_007,0
2024,다다120989,to_in_008,5
2024,다다120997,to_in_001,8
2024,다다120997,to_in_007,8
2024,다다120997,to_in_008,5
2024,다다120998,to_in_001,8
2024,다다120998,to_in_007,5
2024,다다120998,to_in_008,5
2024,다다120999,to_in_001,8
2024,다다120999,to_in_007,5
2024,다다120999,to_in_008,5
2024,다다121004,to_in_001,5
2024,다다121004,to_in_007,5
2024,다다121004,to_in_008,0
2024,다다121005,to_in_001,0
2024,다다121005,to_in_007,0
2024,다다121005,to_in_008,0
2024,다다121006,to_in_001,5
2024,다다121006,to_in_007,0
2024,다다121006,to_in_008,5
2024,다다121009,to_in_001,5
2024,다다121009,to_in_007,5
2024,다다121009,to_in_008,0
2024,다다121010,to_in_001,13
2024,다다121010,to_in_007,8
2024,다다121010,to_in_008,8
2024,다다121011,to_in_001,18
2024,다다121011,to_in_007,8
2024,다다121011,to_in_008,8
2024,다다121012,to_in_001,8
2024,다다121012,to_in_007,5
2024,다다121012,to_in_008,8
2024,다다121013,to_in_001,43
2024,다다121013,to_in_007,23
2024,다다121013,to_in_008,18
2024,다다121014,to_in_001,105
2024,다다121014,to_in_007,44
2024,다다121014,to_in_008,64
2024,다다121018,to_in_001,52
2024,다다121018,to_in_007,24
2024,다다121018,to_in_008,31
2024,다다121019,to_in_001,5
2024,다다121019,to_in_007,5
2024,다다121019,to_in_008,5
2024,다다121023,to_in_001,8
2024,다다121023,to_in_007,5
2024,다다121023,to_in_008,8
2024,다다121026,to_in_001,59
2024,다다121026,to_in_007,28
2024,다다121026,to_in_008,29
2024,다다121027,to_in_001,13
2024,다다121027,to_in_007,8
2024,다다121027,to_in_008,8
2024,다다121030,to_in_001,5
2024,다다121030,to_in_007,5
2024,다다121030,to_in_008,0
2024,다다121737,to_in_001,5
2024,다다121737,to_in_007,0
2024,다다121737,to_in_008,5
2024,다다121790,to_in_001,5
2024,다다121790,to_in_007,0
2024,다다121790,to_in_008,0
2024,다다121938,to_in_001,5
2024,다다121938,to_in_007,0
2024,다다121938,to_in_008,0
2024,다다121966,to_in_001,5
2024,다다121966,to_in_007,5
2024,다다121966,to_in_008,0
2024,다다121967,to_in_001,5
2024,다다121967,to_in_007,0
2024,다다121967,to_in_008,0
2024,다다121968,to_in_001,8
2024,다다121968,to_in_007,5
2024,다다121968,to_in_008,5
2024,다다121969,to_in_001,13
2024,다다121969,to_in_007,5
2024,다다121969,to_in_008,8
2024,다다127033,to_in_001,8
2024,다다127033,to_in_007,5
2024,다다127033,to_in_008,5
2024,다다127038,to_in_001,44
2024,다다127038,to_in_007,29
2024,다다127038,to_in_008,18
2024,다다127039,to_in_001,38
2024,다다127039,to_in_007,23
2024,다다108012,to_in_008,5
2024,다다108016,to_in_001,146
2024,다다108016,to_in_007,76
2024,다다108016,to_in_008,68
2024,다다108017,to_in_001,210
2024,다다108017,to_in_007,101
2024,다다108017,to_in_008,107
2024,다다108018,to_in_001,275
2024,다다108018,to_in_007,136
2024,다다108018,to_in_008,137
2024,다다108019,to_in_001,260
2024,다다108019,to_in_007,120
2024,다다108019,to_in_008,138
2024,다다108020,to_in_001,63
2024,다다108020,to_in_007,33
2024,다다108020,to_in_008,28
2024,다다108021,to_in_001,18
2024,다다108021,to_in_007,8
2024,다다108021,to_in_008,8
2024,다다108022,to_in_001,150
2024,다다108022,to_in_007,68
2024,다다108022,to_in_008,80
2024,다다108023,to_in_001,130
2024,다다108023,to_in_007,64
2024,다다108023,to_in_008,64
2024,다다108024,to_in_001,167
2024,다다108024,to_in_007,80
2024,다다108024,to_in_008,85
2024,다다108025,to_in_001,133
2024,다다108025,to_in_007,65
2024,다다108025,to_in_008,66
2024,다다108026,to_in_001,123
2024,다다108026,to_in_007,61
2024,다다108026,to_in_008,60
2024,다다108027,to_in_001,109
2024,다다108027,to_in_007,55
2024,다다108027,to_in_008,52
2024,다다108028,to_in_001,273
2024,다다108028,to_in_007,138
2024,다다108028,to_in_008,138
2024,다다108029,to_in_001,110
2024,다다108029,to_in_007,55
2024,다다108029,to_in_008,53
2024,다다108030,to_in_001,180
2024,다다108030,to_in_007,87
2024,다다108030,to_in_008,91
2024,다다108031,to_in_001,173
2024,다다108031,to_in_007,82
2024,다다108031,to_in_008,89
2024,다다108032,to_in_001,226
2024,다다108032,to_in_007,122
2024,다다108032,to_in_008,102
2024,다다108033,to_in_001,141
2024,다다108033,to_in_007,76
2024,다다108033,to_in_008,68
2024,다다108758,to_in_001,0
2024,다다108758,to_in_007,0
2024,다다108758,to_in_008,0
2024,다다108759,to_in_001,5
2024,다다108759,to_in_007,0
2024,다다108759,to_in_008,5
2024,다다108760,to_in_001,8
2024,다다108760,to_in_007,8
2024,다다108760,to_in_008,5
2024,다다108762,to_in_001,8
2024,다다108762,to_in_007,8
2024,다다108762,to_in_008,5
2024,다다108763,to_in_001,5
2024,다다108763,to_in_007,5
2024,다다108763,to_in_008,0
2024,다다113021,to_in_001,111
2024,다다113021,to_in_007,54
2024,다다113021,to_in_008,60
2024,다다113022,to_in_001,18
2024,다다113022,to_in_007,8
2024,다다113022,to_in_008,8
2024,다다113026,to_in_001,5
2024,다다113026,to_in_007,5
2024,다다113026,to_in_008,5
2024,다다113764,to_in_001,13
2024,다다113764,to_in_007,8
2024,다다113764,to_in_008,8
2024,다다113765,to_in_001,18
2024,다다113765,to_in_007,13
2024,다다113765,to_in_008,5
2024,다다113964,to_in_001,5
2024,다다113964,to_in_007,5
2024,다다113964,to_in_008,0
2024,다다113965,to_in_001,23
2024,다다113965,to_in_007,13
2024,다다113965,to_in_008,8
2024,다다113966,to_in_001,5
2024,다다113966,to_in_007,5
2024,다다113966,to_in_008,0
2024,다다113973,to_in_001,5
2024,다다113973,to_in_007,0
2024,다다113973,to_in_008,5
2024,다다113999,to_in_001,5
2024,다다113999,to_in_007,5
2024,다다113999,to_in_008,5
2024,다다114000,to_in_001,13
2024,다다114000,to_in_007,8
2024,다다114000,to_in_008,8
2024,다다114001,to_in_001,8
2024,다다114001,to_in_007,8
2024,다다114001,to_in_008,5
2024,다다114003,to_in_001,5
2024,다다114003,to_in_007,0
2024,다다114003,to_in_008,5
2024,다다114004,to_in_001,376
2024,다다114004,to_in_007,181
2024,다다114004,to_in_008,193
2024,다다114005,to_in_001,454
2024,다다114005,to_in_007,227
2024,다다114005,to_in_008,225
2024,다다114006,to_in_001,190
2024,다다114006,to_in_007,103
2024,다다114006,to_in_008,85
2024,다다114007,to_in_001,108
2024,다다114007,to_in_007,53
2024,다다114007,to_in_008,53
2024,다다114008,to_in_001,8
2024,다다114008,to_in_007,5
2024,다다114008,to_in_008,8
2024,다다114009,to_in_001,5
2024,다다114009,to_in_007,5
2024,다다114009,to_in_008,0
2024,다다114010,to_in_001,18
2024,다다114010,to_in_007,13
2024,다다114010,to_in_008,8
2024,다다114011,to_in_001,155
2024,다다114011,to_in_007,80
2024,다다114011,to_in_008,78
2024,다다114012,to_in_001,107
2024,다다114012,to_in_007,50
2024,다다114012,to_in_008,55
2024,다다114013,to_in_001,137
2024,다다114013,to_in_007,74
2024,다다114013,to_in_008,66
2024,다다114014,to_in_001,99
2024,다다114014,to_in_007,54
2024,다다114014,to_in_008,43
2024,다다114015,to_in_001,18
2024,다다114015,to_in_007,8
2024,다다114015,to_in_008,8
2024,다다114016,to_in_001,102
2024,다다114016,to_in_007,59
2024,다다114016,to_in_008,46
2024,다다114019,to_in_001,138
2024,다다114019,to_in_007,56
2024,다다114019,to_in_008,80
2024,다다114020,to_in_001,134
2024,다다114020,to_in_007,67
2024,다다114020,to_in_008,65
2024,다다114021,to_in_001,48
2024,다다114021,to_in_007,28
2024,다다114021,to_in_008,23
2024,다다114022,to_in_001,147
2024,다다114022,to_in_007,75
2024,다다114022,to_in_008,75
2024,다다114025,to_in_001,5
2024,다다114025,to_in_007,0
2024,다다114025,to_in_008,0
2024,다다114026,to_in_001,5
2024,다다114026,to_in_007,0
2024,다다114026,to_in_008,5
2024,다다121970,to_in_001,5
2024,다다121970,to_in_007,5
2024,다다121970,to_in_008,0
2024,다다121986,to_in_001,5
2024,다다121986,to_in_007,5
2024,다다121986,to_in_008,5
2024,다다121987,to_in_001,0
2024,다다121987,to_in_007,0
2024,다다121987,to_in_008,0
2024,다다121988,to_in_001,5
2024,다다121988,to_in_007,0
2024,다다121988,to_in_008,5
2024,다다121989,to_in_001,5
2024,다다121989,to_in_007,0
2024,다다121989,to_in_008,5
2024,다다121990,to_in_001,5
2024,다다121990,to_in_007,0
2024,다다121990,to_in_008,0
2024,다다121991,to_in_001,5
2024,다다121991,to_in_007,0
2024,다다121991,to_in_008,5
2024,다다121995,to_in_001,8
2024,다다121995,to_in_007,5
2024,다다121995,to_in_008,5
2024,다다122004,to_in_001,8
2024,다다122004,to_in_007,5
2024,다다122004,to_in_008,5
2024,다다122005,to_in_001,18
2024,다다122005,to_in_007,8
2024,다다122005,to_in_008,8
2024,다다122012,to_in_001,0
2024,다다122012,to_in_007,0
2024,다다122012,to_in_008,0
2024,다다122016,to_in_001,5
2024,다다122016,to_in_007,5
2024,다다122016,to_in_008,0
2024,다다122020,to_in_001,5
2024,다다122020,to_in_007,5
2024,다다122020,to_in_008,5
2024,다다122023,to_in_001,116
2024,다다122023,to_in_007,61
2024,다다122023,to_in_008,58
2024,다다122025,to_in_001,5
2024,다다122025,to_in_007,0
2024,다다122025,to_in_008,5
2024,다다122027,to_in_001,138
2024,다다122027,to_in_007,66
2024,다다122027,to_in_008,70
2024,다다122028,to_in_001,141
2024,다다122028,to_in_007,67
2024,다다122028,to_in_008,77
2024,다다122029,to_in_001,8
2024,다다122029,to_in_007,5
2024,다다122029,to_in_008,5
2024,다다122032,to_in_001,5
2024,다다122032,to_in_007,5
2024,다다122032,to_in_008,0
2024,다다122735,to_in_001,5
2024,다다122735,to_in_007,0
2024,다다122735,to_in_008,5
2024,다다122737,to_in_001,5
2024,다다122737,to_in_007,0
2024,다다122737,to_in_008,5
2024,다다122966,to_in_001,5
2024,다다122966,to_in_007,0
2024,다다122966,to_in_008,0
2024,다다122967,to_in_001,8
2024,다다122967,to_in_007,5
2024,다다122967,to_in_008,5
2024,다다122968,to_in_001,5
2024,다다122968,to_in_007,5
2024,다다122968,to_in_008,0
2024,다다122985,to_in_001,5
2024,다다122985,to_in_007,5
2024,다다122985,to_in_008,0
2024,다다122986,to_in_001,5
2024,다다122986,to_in_007,5
2024,다다122986,to_in_008,5
2024,다다122987,to_in_001,13
2024,다다122987,to_in_007,5
2024,다다122987,to_in_008,8
2024,다다122988,to_in_001,5
2024,다다122988,to_in_007,5
2024,다다122988,to_in_008,0
2024,다다123001,to_in_001,13
2024,다다123001,to_in_007,8
2024,다다123001,to_in_008,5
2024,다다123002,to_in_001,5
2024,다다123002,to_in_007,5
2024,다다123002,to_in_008,5
2024,다다123008,to_in_001,0
2024,다다123008,to_in_007,0
2024,다다123008,to_in_008,0
2024,다다123024,to_in_001,8
2024,다다123024,to_in_007,5
2024,다다123024,to_in_008,8
2024,다다123026,to_in_001,33
2024,다다123026,to_in_007,18
2024,다다123026,to_in_008,18
2024,다다123027,to_in_001,215
2024,다다123027,to_in_007,112
2024,다다123027,to_in_008,101
2024,다다123028,to_in_001,86
2024,다다123028,to_in_007,40
2024,다다123028,to_in_008,44
2024,다다123029,to_in_001,13
2024,다다123029,to_in_007,5
2024,다다123029,to_in_008,8
2024,다다123736,to_in_001,5
2024,다다123736,to_in_007,5
2024,다다123736,to_in_008,5
2024,다다123909,to_in_001,5
2024,다다123909,to_in_007,0
2024,다다123909,to_in_008,0
2024,다다129012,to_in_001,0
2024,다다129012,to_in_007,0
2024,다다129012,to_in_008,0
2024,다다129016,to_in_001,0
2024,다다129016,to_in_007,0
2024,다다129016,to_in_008,0
2024,다다129017,to_in_001,5
2024,다다129017,to_in_007,0
2024,다다129017,to_in_008,5
2024,다다129018,to_in_001,5
2024,다다129018,to_in_007,5
2024,다다129018,to_in_008,5
2024,다다129021,to_in_001,69
2024,다다106024,to_in_001,171
2024,다다106024,to_in_007,87
2024,다다106024,to_in_008,87
2024,다다106025,to_in_001,182
2024,다다106025,to_in_007,88
2024,다다106025,to_in_008,92
2024,다다106026,to_in_001,504
2024,다다106026,to_in_007,255
2024,다다106026,to_in_008,247
2024,다다106027,to_in_001,70
2024,다다106027,to_in_007,43
2024,다다106027,to_in_008,30
2024,다다106028,to_in_001,160
2024,다다106028,to_in_007,84
2024,다다106028,to_in_008,79
2024,다다106029,to_in_001,208
2024,다다106029,to_in_007,106
2024,다다106029,to_in_008,100
2024,다다106030,to_in_001,266
2024,다다106030,to_in_007,130
2024,다다106030,to_in_008,134
2024,다다106031,to_in_001,107
2024,다다106031,to_in_007,51
2024,다다106031,to_in_008,54
2024,다다106032,to_in_001,257
2024,다다106032,to_in_007,133
2024,다다106032,to_in_008,122
2024,다다106033,to_in_001,111
2024,다다106033,to_in_007,59
2024,다다106033,to_in_008,50
2024,다다106758,to_in_001,13
2024,다다106758,to_in_007,8
2024,다다106758,to_in_008,8
2024,다다106761,to_in_001,5
2024,다다106761,to_in_007,5
2024,다다106761,to_in_008,5
2024,다다106897,to_in_001,5
2024,다다106897,to_in_007,5
2024,다다106897,to_in_008,5
2024,다다106898,to_in_001,23
2024,다다106898,to_in_007,13
2024,다다106898,to_in_008,8
2024,다다106926,to_in_001,0
2024,다다106926,to_in_007,0
2024,다다106926,to_in_008,0
2024,다다106930,to_in_001,5
2024,다다106930,to_in_007,5
2024,다다106930,to_in_008,5
2024,다다106931,to_in_001,5
2024,다다106931,to_in_007,5
2024,다다106931,to_in_008,5
2024,다다106932,to_in_001,5
2024,다다106932,to_in_007,5
2024,다다106932,to_in_008,5
2024,다다106934,to_in_001,5
2024,다다106934,to_in_007,0
2024,다다106934,to_in_008,5
2024,다다106937,to_in_001,5
2024,다다106937,to_in_007,0
2024,다다106937,to_in_008,0
2024,다다106938,to_in_001,0
2024,다다106938,to_in_007,0
2024,다다106938,to_in_008,0
2024,다다106972,to_in_001,8
2024,다다106972,to_in_007,5
2024,다다106972,to_in_008,8
2024,다다106973,to_in_001,0
2024,다다106973,to_in_007,0
2024,다다106973,to_in_008,0
2024,다다106974,to_in_001,5
2024,다다106974,to_in_007,5
2024,다다106974,to_in_008,0
2024,다다107000,to_in_001,53
2024,다다107000,to_in_007,28
2024,다다107000,to_in_008,23
2024,다다107001,to_in_001,48
2024,다다107001,to_in_007,23
2024,다다107001,to_in_008,23
2024,다다107003,to_in_001,93
2024,다다107003,to_in_007,51
2024,다다107003,to_in_008,45
2024,다다107004,to_in_001,54
2024,다다107004,to_in_007,29
2024,다다107004,to_in_008,28
2024,다다107006,to_in_001,5
2024,다다107006,to_in_007,0
2024,다다107006,to_in_008,5
2024,다다107008,to_in_001,64
2024,다다107008,to_in_007,29
2024,다다107008,to_in_008,33
2024,다다107009,to_in_001,167
2024,다다107009,to_in_007,85
2024,다다107009,to_in_008,85
2024,다다111002,to_in_001,53
2024,다다111002,to_in_007,33
2024,다다111002,to_in_008,23
2024,다다111003,to_in_001,100
2024,다다111003,to_in_007,47
2024,다다111003,to_in_008,56
2024,다다111004,to_in_001,59
2024,다다111004,to_in_007,33
2024,다다111004,to_in_008,24
2024,다다111005,to_in_001,152
2024,다다111005,to_in_007,72
2024,다다111005,to_in_008,78
2024,다다111006,to_in_001,48
2024,다다111006,to_in_007,23
2024,다다111006,to_in_008,28
2024,다다111007,to_in_001,48
2024,다다111007,to_in_007,18
2024,다다111007,to_in_008,33
2024,다다111008,to_in_001,18
2024,다다111008,to_in_007,8
2024,다다111008,to_in_008,8
2024,다다111009,to_in_001,63
2024,다다111009,to_in_007,28
2024,다다111009,to_in_008,33
2024,다다111010,to_in_001,75
2024,다다111010,to_in_007,48
2024,다다111010,to_in_008,30
2024,다다111011,to_in_001,146
2024,다다111011,to_in_007,61
2024,다다111011,to_in_008,83
2024,다다111012,to_in_001,125
2024,다다111012,to_in_007,57
2024,다다111012,to_in_008,71
2024,다다111013,to_in_001,23
2024,다다111013,to_in_007,8
2024,다다111013,to_in_008,13
2024,다다111014,to_in_001,8
2024,다다111014,to_in_007,0
2024,다다111014,to_in_008,8
2024,다다111015,to_in_001,33
2024,다다111015,to_in_007,13
2024,다다111015,to_in_008,18
2024,다다111016,to_in_001,200
2024,다다111016,to_in_007,93
2024,다다111016,to_in_008,105
2024,다다111017,to_in_001,408
2024,다다111017,to_in_007,198
2024,다다111017,to_in_008,208
2024,다다111018,to_in_001,230
2024,다다111018,to_in_007,111
2024,다다111018,to_in_008,117
2024,다다111019,to_in_001,192
2024,다다111019,to_in_007,90
2024,다다111019,to_in_008,100
2024,다다111020,to_in_001,226
2024,다다111020,to_in_007,110
2024,다다111020,to_in_008,114
2024,다다111021,to_in_001,108
2024,다다111021,to_in_007,53
2024,다다111021,to_in_008,53
2024,다다111022,to_in_001,266
2024,다다111022,to_in_007,134
2024,다다111022,to_in_008,130
2024,다다111023,to_in_001,117
2024,다다111023,to_in_007,55
2024,다다111023,to_in_008,60
2024,다다111024,to_in_001,55
2024,다다111024,to_in_007,30
2024,다다111024,to_in_008,23
2024,다다111025,to_in_001,5
2024,다다111025,to_in_007,0
2024,다다111025,to_in_008,0
2024,다다111026,to_in_001,241
2024,다다111026,to_in_007,123
2024,다다111026,to_in_008,121
2024,다다111027,to_in_001,103
2024,다다111027,to_in_007,53
2024,다다111027,to_in_008,48
2024,다다111028,to_in_001,23
2024,다다111028,to_in_007,13
2024,다다111028,to_in_008,8
2024,다다111030,to_in_001,8
2024,다다111030,to_in_007,8
2024,다다111030,to_in_008,5
2024,다다117012,to_in_001,28
2024,다다117012,to_in_007,13
2024,다다117012,to_in_008,13
2024,다다117013,to_in_001,455
2024,다다117013,to_in_007,218
2024,다다117013,to_in_008,235
2024,다다117014,to_in_001,136
2024,다다117014,to_in_007,78
2024,다다117014,to_in_008,61
2024,다다117015,to_in_001,461
2024,다다117015,to_in_007,224
2024,다다117015,to_in_008,237
2024,다다117016,to_in_001,349
2024,다다117016,to_in_007,174
2024,다다117016,to_in_008,173
2024,다다117017,to_in_001,74
2024,다다117017,to_in_007,42
2024,다다117017,to_in_008,35
2024,다다117020,to_in_001,5
2024,다다117020,to_in_007,0
2024,다다117020,to_in_008,5
2024,다다117026,to_in_001,5
2024,다다117026,to_in_007,0
2024,다다117026,to_in_008,0
2024,다다117027,to_in_001,8
2024,다다117027,to_in_007,5
2024,다다117027,to_in_008,5
2024,다다117028,to_in_001,5
2024,다다117028,to_in_007,0
2024,다다117028,to_in_008,0
2024,다다117032,to_in_001,0
2024,다다117032,to_in_007,0
2024,다다117032,to_in_008,0
2024,다다117033,to_in_001,0
2024,다다117033,to_in_007,0
2024,다다117033,to_in_008,0
2024,다다117730,to_in_001,0
2024,다다117730,to_in_007,0
2024,다다117730,to_in_008,0
2024,다다117731,to_in_001,8
2024,다다117731,to_in_007,5
2024,다다117731,to_in_008,8
2024,다다117732,to_in_001,5
2024,다다117732,to_in_007,0
2024,다다117732,to_in_008,5
2024,다다117733,to_in_001,5
2024,다다117733,to_in_007,0
2024,다다117733,to_in_008,5
2024,다다117940,to_in_001,8
2024,다다117940,to_in_007,5
2024,다다117940,to_in_008,5
2024,다다117987,to_in_001,5
2024,다다117987,to_in_007,0
2024,다다117987,to_in_008,0
2024,다다117993,to_in_001,5
2024,다다117993,to_in_007,0
2024,다다117993,to_in_008,5
2024,다다118000,to_in_001,73
2024,다다118000,to_in_007,39
2024,다다118000,to_in_008,37
2024,다다118001,to_in_001,5
2024,다다118001,to_in_007,5
2024,다다118001,to_in_008,0
2024,다다118002,to_in_001,54
2024,다다118002,to_in_007,29
2024,다다118002,to_in_008,23
2024,다다118003,to_in_001,97
2024,다다118003,to_in_007,50
2024,다다118003,to_in_008,45
2024,다다118004,to_in_001,48
2024,다다118004,to_in_007,18
2024,다다118004,to_in_008,28
2024,다다118007,to_in_001,13
2024,다다118007,to_in_007,8
2024,다다118007,to_in_008,5
2024,다다118008,to_in_001,33
2024,다다118008,to_in_007,13
2024,다다118008,to_in_008,18
2024,다다118009,to_in_001,18
2024,다다118009,to_in_007,8
2024,다다118009,to_in_008,8
2024,다다118010,to_in_001,5
2024,다다118010,to_in_007,5
2024,다다118010,to_in_008,0
2024,다다118011,to_in_001,28
2024,다다118011,to_in_007,13
2024,다다118011,to_in_008,13
2024,다다118012,to_in_001,81
2024,다다118012,to_in_007,46
2024,다다118012,to_in_008,33
2024,다다118013,to_in_001,217
2024,다다118013,to_in_007,114
2024,다다118013,to_in_008,101
2024,다다118014,to_in_001,291
2024,다다118014,to_in_007,145
2024,다다118014,to_in_008,144
2024,다다118015,to_in_001,419
2024,다다118015,to_in_007,205
2024,다다118015,to_in_008,217
2024,다다118016,to_in_001,297
2024,다다118016,to_in_007,148
2024,다다118016,to_in_008,152
2024,다다118017,to_in_001,53
2024,다다118017,to_in_007,23
2024,다다118017,to_in_008,28
2024,다다118023,to_in_001,0
2024,다다118023,to_in_007,0
2024,다다118023,to_in_008,0
2024,다다128025,to_in_001,53
2024,다다128025,to_in_007,23
2024,다다128025,to_in_008,28
2024,다다128026,to_in_001,5
2024,다다128026,to_in_007,5
2024,다다128026,to_in_008,0
2024,다다128027,to_in_001,5
2024,다다128027,to_in_007,5
2024,다다126025,to_in_007,8
2024,다다126025,to_in_008,8
2024,다다126026,to_in_001,28
2024,다다126026,to_in_007,18
2024,다다126026,to_in_008,13
2024,다다126027,to_in_001,5
2024,다다126027,to_in_007,5
2024,다다126027,to_in_008,5
2024,다다126029,to_in_001,8
2024,다다126029,to_in_007,8
2024,다다126029,to_in_008,0
2024,다다126030,to_in_001,5
2024,다다126030,to_in_007,0
2024,다다126030,to_in_008,5
2024,다다126032,to_in_001,8
2024,다다126032,to_in_007,5
2024,다다126032,to_in_008,5
2024,다다126033,to_in_001,23
2024,다다126033,to_in_007,13
2024,다다126033,to_in_008,8
2024,다다126035,to_in_001,8
2024,다다126035,to_in_007,8
2024,다다126035,to_in_008,5
2024,다다126037,to_in_001,13
2024,다다126037,to_in_007,8
2024,다다126037,to_in_008,8
2024,다다126038,to_in_001,5
2024,다다126038,to_in_007,5
2024,다다126038,to_in_008,5
2024,다다126039,to_in_001,13
2024,다다126039,to_in_007,8
2024,다다126039,to_in_008,8
2024,다다126738,to_in_001,5
2024,다다126738,to_in_007,0
2024,다다126738,to_in_008,5
2024,다다126740,to_in_001,8
2024,다다126740,to_in_007,0
2024,다다126740,to_in_008,8
2024,다다126742,to_in_001,0
2024,다다126742,to_in_007,0
2024,다다126742,to_in_008,0
2024,다다134722,to_in_001,28
2024,다다134722,to_in_007,13
2024,다다134722,to_in_008,13
2024,다다134723,to_in_001,13
2024,다다134723,to_in_007,8
2024,다다134723,to_in_008,5
2024,다다134724,to_in_001,8
2024,다다134724,to_in_007,5
2024,다다134724,to_in_008,5
2024,다다134725,to_in_001,5
2024,다다134725,to_in_007,0
2024,다다134725,to_in_008,0
2024,다다134751,to_in_001,0
2024,다다134751,to_in_007,0
2024,다다134751,to_in_008,0
2024,다다134752,to_in_001,8
2024,다다134752,to_in_007,8
2024,다다134752,to_in_008,5
2024,다다134767,to_in_001,0
2024,다다134767,to_in_007,0
2024,다다134767,to_in_008,0
2024,다다134777,to_in_001,13
2024,다다134777,to_in_007,8
2024,다다134777,to_in_008,5
2024,다다134789,to_in_001,0
2024,다다134789,to_in_007,0
2024,다다134789,to_in_008,0
2024,다다134793,to_in_001,8
2024,다다134793,to_in_007,5
2024,다다134793,to_in_008,5
2024,다다134794,to_in_001,5
2024,다다134794,to_in_007,0
2024,다다134794,to_in_008,5
2024,다다134796,to_in_001,0
2024,다다134796,to_in_007,0
2024,다다134796,to_in_008,0
2024,다다134805,to_in_001,8
2024,다다134805,to_in_007,5
2024,다다134805,to_in_008,5
2024,다다134878,to_in_001,13
2024,다다134878,to_in_007,8
2024,다다134878,to_in_008,5
2024,다다134879,to_in_001,8
2024,다다134879,to_in_007,8
2024,다다134879,to_in_008,5
2024,다다134880,to_in_001,0
2024,다다134880,to_in_007,0
2024,다다134880,to_in_008,0
2024,다다134925,to_in_001,8
2024,다다134925,to_in_007,5
2024,다다134925,to_in_008,5
2024,다다134926,to_in_001,0
2024,다다134926,to_in_007,0
2024,다다134926,to_in_008,0
2024,다다134928,to_in_001,8
2024,다다134928,to_in_007,8
2024,다다134928,to_in_008,5
2024,다다134930,to_in_001,0
2024,다다134930,to_in_007,0
2024,다다134930,to_in_008,0
2024,다다134994,to_in_001,5
2024,다다134994,to_in_007,5
2024,다다134994,to_in_008,0
2024,다다134996,to_in_001,5
2024,다다134996,to_in_007,0
2024,다다134996,to_in_008,5
2024,다다134997,to_in_001,5
2024,다다134997,to_in_007,5
2024,다다134997,to_in_008,0
2024,다다134998,to_in_001,5
2024,다다134998,to_in_007,5
2024,다다134998,to_in_008,0
2024,다다135000,to_in_001,5
2024,다다135000,to_in_007,0
2024,다다135000,to_in_008,5
2024,다다135001,to_in_001,8
2024,다다135001,to_in_007,8
2024,다다135001,to_in_008,0
2024,다다135005,to_in_001,0
2024,다다135005,to_in_007,0
2024,다다135005,to_in_008,0
2024,다다135015,to_in_001,13
2024,다다135015,to_in_007,5
2024,다다135015,to_in_008,8
2024,다다135016,to_in_001,8
2024,다다135016,to_in_007,5
2024,다다135016,to_in_008,5
2024,다다135017,to_in_001,18
2024,다다135017,to_in_007,8
2024,다다135017,to_in_008,8
2024,다다135027,to_in_001,0
2024,다다135027,to_in_007,0
2024,다다135027,to_in_008,0
2024,다다135028,to_in_001,8
2024,다다135028,to_in_007,8
2024,다다135028,to_in_008,0
2024,다다135029,to_in_001,8
2024,다다135029,to_in_007,8
2024,다다135029,to_in_008,0
2024,다다135030,to_in_001,8
2024,다다135030,to_in_007,8
2024,다다135030,to_in_008,5
2024,다다135031,to_in_001,0
2024,다다135031,to_in_007,0
2024,다다135031,to_in_008,0
2024,다다135033,to_in_001,8
2024,다다135033,to_in_007,5
2024,다다135033,to_in_008,5
2024,다다135034,to_in_001,33
2024,다다135034,to_in_007,18
2024,다다126756,to_in_008,5
2024,다다126762,to_in_001,5
2024,다다126762,to_in_007,5
2024,다다126762,to_in_008,5
2024,다다126913,to_in_001,5
2024,다다126913,to_in_007,5
2024,다다126913,to_in_008,0
2024,다다126915,to_in_001,8
2024,다다126915,to_in_007,8
2024,다다126915,to_in_008,0
2024,다다126919,to_in_001,5
2024,다다126919,to_in_007,5
2024,다다126919,to_in_008,0
2024,다다126920,to_in_001,5
2024,다다126920,to_in_007,0
2024,다다126920,to_in_008,5
2024,다다126921,to_in_001,0
2024,다다126921,to_in_007,0
2024,다다126921,to_in_008,0
2024,다다126954,to_in_001,8
2024,다다126954,to_in_007,5
2024,다다126954,to_in_008,5
2024,다다126956,to_in_001,5
2024,다다126956,to_in_007,0
2024,다다126956,to_in_008,0
2024,다다126962,to_in_001,5
2024,다다126962,to_in_007,0
2024,다다126962,to_in_008,5
2024,다다126963,to_in_001,5
2024,다다126963,to_in_007,0
2024,다다126963,to_in_008,5
2024,다다126974,to_in_001,5
2024,다다126974,to_in_007,0
2024,다다126974,to_in_008,0
2024,다다126975,to_in_001,0
2024,다다126975,to_in_007,0
2024,다다126975,to_in_008,0
2024,다다126983,to_in_001,0
2024,다다126983,to_in_007,0
2024,다다126983,to_in_008,0
2024,다다126984,to_in_001,5
2024,다다126984,to_in_007,0
2024,다다126984,to_in_008,0
2024,다다127003,to_in_001,53
2024,다다127003,to_in_007,23
2024,다다127003,to_in_008,28
2024,다다127004,to_in_001,5
2024,다다127004,to_in_007,0
2024,다다127004,to_in_008,5
2024,다다127005,to_in_001,18
2024,다다127005,to_in_007,8
2024,다다127005,to_in_008,8
2024,다다127006,to_in_001,53
2024,다다127006,to_in_007,33
2024,다다127006,to_in_008,23
2024,다다127007,to_in_001,8
2024,다다127007,to_in_007,8
2024,다다127007,to_in_008,5
2024,다다127013,to_in_001,0
2024,다다127013,to_in_007,0
2024,다다127013,to_in_008,0
2024,다다127014,to_in_001,6
2024,다다127014,to_in_007,6
2024,다다127014,to_in_008,0
2024,다다127015,to_in_001,5
2024,다다127015,to_in_007,5
2024,다다127015,to_in_008,0
2024,다다127018,to_in_001,0
2024,다다127018,to_in_007,0
2024,다다127018,to_in_008,0
2024,다다127020,to_in_001,5
2024,다다127020,to_in_007,5
2024,다다127020,to_in_008,5
2024,다다127021,to_in_001,131
2024,다다127021,to_in_007,64
2024,다다127021,to_in_008,65
2024,다다127022,to_in_001,33
2024,다다127022,to_in_007,18
2024,다다127022,to_in_008,18
2024,다다127023,to_in_001,18
2024,다다127023,to_in_007,13
2024,다다127023,to_in_008,8
2024,다다127024,to_in_001,18
2024,다다127024,to_in_007,13
2024,다다127024,to_in_008,8
2024,다다127025,to_in_001,48
2024,다다127025,to_in_007,23
2024,다다127025,to_in_008,23
2024,다다127026,to_in_001,8
2024,다다127026,to_in_007,8
2024,다다127026,to_in_008,8
2024,다다127028,to_in_001,0
2024,다다127028,to_in_007,0
2024,다다127028,to_in_008,0
2024,다다127029,to_in_001,13
2024,다다127029,to_in_007,8
2024,다다127029,to_in_008,5
2024,다다127031,to_in_001,5
2024,다다127031,to_in_007,5
2024,다다127031,to_in_008,0
2024,다다127032,to_in_001,8
2024,다다127032,to_in_007,5
2024,다다127032,to_in_008,5
2024,다다130041,to_in_001,59
2024,다다130041,to_in_007,29
2024,다다130041,to_in_008,28
2024,다다130042,to_in_001,8
2024,다다130042,to_in_007,5
2024,다다130042,to_in_008,5
2024,다다130748,to_in_001,5
2024,다다130748,to_in_007,5
2024,다다130748,to_in_008,0
2024,다다130750,to_in_001,5
2024,다다130750,to_in_007,5
2024,다다130750,to_in_008,0
2024,다다130751,to_in_001,5
2024,다다130751,to_in_007,5
2024,다다130751,to_in_008,0
2024,다다130752,to_in_001,5
2024,다다130752,to_in_007,5
2024,다다130752,to_in_008,0
2024,다다130785,to_in_001,33
2024,다다130785,to_in_007,13
2024,다다130785,to_in_008,18
2024,다다130786,to_in_001,18
2024,다다130786,to_in_007,13
2024,다다130786,to_in_008,8
2024,다다130787,to_in_001,8
2024,다다130787,to_in_007,8
2024,다다130787,to_in_008,5
2024,다다130789,to_in_001,5
2024,다다130789,to_in_007,5
2024,다다130789,to_in_008,0
2024,다다130793,to_in_001,0
2024,다다130793,to_in_007,0
2024,다다130793,to_in_008,0
2024,다다130931,to_in_001,8
2024,다다130931,to_in_007,5
2024,다다130931,to_in_008,5
2024,다다130955,to_in_001,5
2024,다다130955,to_in_007,0
2024,다다130955,to_in_008,5
2024,다다130972,to_in_001,11
2024,다다130972,to_in_007,11
2024,다다130972,to_in_008,0
2024,다다130984,to_in_001,5
2024,다다130984,to_in_007,0
2024,다다130984,to_in_008,0
2024,다다131006,to_in_001,13
2024,다다131006,to_in_007,5
2024,다다131006,to_in_008,8
2024,다다131007,to_in_001,118
2024,다다131007,to_in_007,58
2024,다다131007,to_in_008,63
2024,다다131008,to_in_001,84
2024,다다131008,to_in_007,39
2024,다다131008,to_in_008,48
2024,다다131010,to_in_001,0
2024,다다131010,to_in_007,0
2024,다다131010,to_in_008,0
2024,다다131018,to_in_001,8
2024,다다131018,to_in_007,5
2024,다다131018,to_in_008,5
2024,다다131021,to_in_001,0
2024,다다131021,to_in_007,0
2024,다다131021,to_in_008,0
2024,다다131022,to_in_001,33
2024,다다131022,to_in_007,18
2024,다다131022,to_in_008,13
2024,다다131024,to_in_001,5
2024,다다131024,to_in_007,5
2024,다다131024,to_in_008,0
2024,다다131025,to_in_001,5
2024,다다131025,to_in_007,0
2024,다다131025,to_in_008,5
2024,다다131029,to_in_001,5
2024,다다131029,to_in_007,0
2024,다다131029,to_in_008,5
2024,다다131032,to_in_001,5
2024,다다131032,to_in_007,0
2024,다다131032,to_in_008,5
2024,다다131033,to_in_001,34
2024,다다131033,to_in_007,19
2024,다다131033,to_in_008,13
2024,다다131034,to_in_001,286
2024,다다131034,to_in_007,129
2024,다다131034,to_in_008,155
2024,다다131035,to_in_001,170
2024,다다131035,to_in_007,86
2024,다다131035,to_in_008,82
2024,다다133004,to_in_001,5
2024,다다133004,to_in_007,5
2024,다다133004,to_in_008,0
2024,다다133012,to_in_001,8
2024,다다133012,to_in_007,5
2024,다다133012,to_in_008,5
2024,다다133017,to_in_001,18
2024,다다133017,to_in_007,13
2024,다다133017,to_in_008,8
2024,다다133019,to_in_001,5
2024,다다133019,to_in_007,5
2024,다다133019,to_in_008,0
2024,다다133025,to_in_001,8
2024,다다133025,to_in_007,5
2024,다다133025,to_in_008,5
2024,다다133026,to_in_001,8
2024,다다133026,to_in_007,8
2024,다다133026,to_in_008,0
2024,다다133028,to_in_001,0
2024,다다133028,to_in_007,0
2024,다다133028,to_in_008,0
2024,다다133029,to_in_001,5
2024,다다133029,to_in_007,0
2024,다다133029,to_in_008,0
2024,다다133030,to_in_001,0
2024,다다133030,to_in_007,0
2024,다다133030,to_in_008,0
2024,다다133031,to_in_001,5
2024,다다133031,to_in_007,5
2024,다다133031,to_in_008,0
2024,다다133032,to_in_001,8
2024,다다133032,to_in_007,8
2024,다다133032,to_in_008,0
2024,다다133033,to_in_001,13
2024,다다133033,to_in_007,8
2024,다다133033,to_in_008,5
2024,다다133034,to_in_001,314
2024,다다133034,to_in_007,157
2024,다다133034,to_in_008,155
2024,다다133035,to_in_001,162
2024,다다133035,to_in_007,86
2024,다다133035,to_in_008,79
2024,다다133036,to_in_001,265
2024,다다133036,to_in_007,128
2024,다다133036,to_in_008,135
2024,다다133037,to_in_001,301
2024,다다133037,to_in_007,151
2024,다다133037,to_in_008,148
2024,다다133038,to_in_001,236
2024,다다133038,to_in_007,119
2024,다다133038,to_in_008,120
2024,다다133039,to_in_001,104
2024,다다133039,to_in_007,54
2024,다다133039,to_in_008,48
2024,다다133040,to_in_001,28
2024,다다133040,to_in_007,13
2024,다다133040,to_in_008,13
2024,다다133718,to_in_001,5
2024,다다133718,to_in_007,5
2024,다다133718,to_in_008,5
2024,다다133719,to_in_001,8
2024,다다133719,to_in_007,5
2024,다다133719,to_in_008,5
2024,다다133720,to_in_001,8
2024,다다133720,to_in_007,5
2024,다다133720,to_in_008,5
2024,다다133721,to_in_001,23
2024,다다133721,to_in_007,13
2024,다다133721,to_in_008,8
2024,다다133749,to_in_001,5
2024,다다133749,to_in_007,0
2024,다다133749,to_in_008,0
2024,다다133750,to_in_001,5
2024,다다133750,to_in_007,5
2024,다다133750,to_in_008,0
2024,다다133751,to_in_001,8
2024,다다133751,to_in_007,5
2024,다다133751,to_in_008,8
2024,다다133752,to_in_001,0
2024,다다133752,to_in_007,0
2024,다다133752,to_in_008,0
2024,다다133787,to_in_001,18
2024,다다133787,to_in_007,18
2024,다다133787,to_in_008,5
2024,다다133788,to_in_001,18
2024,다다133788,to_in_007,13
2024,다다133788,to_in_008,8
2024,다다133791,to_in_001,8
2024,다다133791,to_in_007,8
2024,다다133791,to_in_008,0
2024,다다133792,to_in_001,5
2024,다다133792,to_in_007,0
2024,다다133792,to_in_008,5
2024,다다133793,to_in_001,8
2024,다다133793,to_in_007,8
2024,다다133793,to_in_008,0
2024,다다133794,to_in_001,13
2024,다다133794,to_in_007,8
2024,다다133794,to_in_008,8
2024,다다133805,to_in_001,13
2024,다다133805,to_in_007,8
2024,다다133805,to_in_008,5
2024,다다133924,to_in_001,5
2024,다다127039,to_in_008,13
2024,다다127040,to_in_001,5
2024,다다127040,to_in_007,0
2024,다다127040,to_in_008,0
2024,다다127744,to_in_001,8
2024,다다127744,to_in_007,8
2024,다다127744,to_in_008,5
2024,다다127746,to_in_001,0
2024,다다127746,to_in_007,0
2024,다다127746,to_in_008,0
2024,다다127752,to_in_001,5
2024,다다127752,to_in_007,5
2024,다다127752,to_in_008,5
2024,다다127753,to_in_001,5
2024,다다127753,to_in_007,0
2024,다다127753,to_in_008,5
2024,다다127754,to_in_001,8
2024,다다127754,to_in_007,5
2024,다다127754,to_in_008,5
2024,다다127755,to_in_001,8
2024,다다127755,to_in_007,5
2024,다다127755,to_in_008,5
2024,다다127918,to_in_001,5
2024,다다127918,to_in_007,5
2024,다다127918,to_in_008,0
2024,다다127919,to_in_001,5
2024,다다127919,to_in_007,5
2024,다다127919,to_in_008,0
2024,다다127920,to_in_001,8
2024,다다127920,to_in_007,5
2024,다다127920,to_in_008,5
2024,다다127921,to_in_001,0
2024,다다127921,to_in_007,0
2024,다다127921,to_in_008,0
2024,다다128001,to_in_001,5
2024,다다128001,to_in_007,5
2024,다다128001,to_in_008,0
2024,다다128002,to_in_001,23
2024,다다128002,to_in_007,13
2024,다다128002,to_in_008,8
2024,다다128003,to_in_001,43
2024,다다128003,to_in_007,23
2024,다다128003,to_in_008,23
2024,다다128004,to_in_001,18
2024,다다128004,to_in_007,8
2024,다다128004,to_in_008,8
2024,다다128005,to_in_001,13
2024,다다128005,to_in_007,8
2024,다다128005,to_in_008,5
2024,다다128006,to_in_001,13
2024,다다128006,to_in_007,5
2024,다다128006,to_in_008,8
2024,다다128007,to_in_001,8
2024,다다128007,to_in_007,8
2024,다다128007,to_in_008,5
2024,다다128008,to_in_001,33
2024,다다128008,to_in_007,18
2024,다다128008,to_in_008,18
2024,다다128013,to_in_001,8
2024,다다128013,to_in_007,8
2024,다다128013,to_in_008,0
2024,다다128015,to_in_001,0
2024,다다128015,to_in_007,0
2024,다다128015,to_in_008,0
2024,다다128016,to_in_001,5
2024,다다128016,to_in_007,5
2024,다다128016,to_in_008,0
2024,다다128017,to_in_001,0
2024,다다128017,to_in_007,0
2024,다다128017,to_in_008,0
2024,다다128018,to_in_001,8
2024,다다128018,to_in_007,5
2024,다다128018,to_in_008,5
2024,다다128020,to_in_001,23
2024,다다128020,to_in_007,13
2024,다다128020,to_in_008,13
2024,다다128021,to_in_001,76
2024,다다128021,to_in_007,36
2024,다다128021,to_in_008,38
2024,다다128022,to_in_001,18
2024,다다128022,to_in_007,8
2024,다다128022,to_in_008,8
2024,다다128023,to_in_001,82
2024,다다128023,to_in_007,45
2024,다다128023,to_in_008,35
2024,다다128024,to_in_001,18
2024,다다128024,to_in_007,13
2024,다다128024,to_in_008,8
2024,다다129789,to_in_001,8
2024,다다129789,to_in_007,5
2024,다다129789,to_in_008,8
2024,다다129790,to_in_001,8
2024,다다129790,to_in_007,0
2024,다다129790,to_in_008,8
2024,다다129995,to_in_001,5
2024,다다129995,to_in_007,5
2024,다다129995,to_in_008,0
2024,다다129996,to_in_001,8
2024,다다129996,to_in_007,8
2024,다다129996,to_in_008,5
2024,다다129997,to_in_001,0
2024,다다129997,to_in_007,0
2024,다다129997,to_in_008,0
2024,다다130003,to_in_001,0
2024,다다130003,to_in_007,0
2024,다다130003,to_in_008,0
2024,다다130004,to_in_001,0
2024,다다130004,to_in_007,0
2024,다다130004,to_in_008,0
2024,다다130006,to_in_001,5
2024,다다130006,to_in_007,5
2024,다다130006,to_in_008,0
2024,다다130007,to_in_001,74
2024,다다130007,to_in_007,33
2024,다다130007,to_in_008,44
2024,다다130011,to_in_001,13
2024,다다130011,to_in_007,8
2024,다다130011,to_in_008,8
2024,다다130012,to_in_001,0
2024,다다130012,to_in_007,0
2024,다다130012,to_in_008,0
2024,다다130013,to_in_001,5
2024,다다130013,to_in_007,5
2024,다다130013,to_in_008,0
2024,다다130014,to_in_001,0
2024,다다130014,to_in_007,0
2024,다다130014,to_in_008,0
2024,다다130016,to_in_001,5
2024,다다130016,to_in_007,5
2024,다다130016,to_in_008,0
2024,다다130017,to_in_001,8
2024,다다130017,to_in_007,5
2024,다다130017,to_in_008,5
2024,다다130022,to_in_001,63
2024,다다130022,to_in_007,33
2024,다다130022,to_in_008,28
2024,다다130023,to_in_001,28
2024,다다130023,to_in_007,13
2024,다다130023,to_in_008,13
2024,다다130024,to_in_001,8
2024,다다130024,to_in_007,5
2024,다다130024,to_in_008,5
2024,다다130025,to_in_001,5
2024,다다130025,to_in_007,5
2024,다다130025,to_in_008,0
2024,다다130026,to_in_001,5
2024,다다130026,to_in_007,5
2024,다다130026,to_in_008,5
2024,다다130027,to_in_001,8
2024,다다130027,to_in_007,5
2024,다다130027,to_in_008,0
2024,다다130029,to_in_001,8
2024,다다130029,to_in_007,5
2024,다다130029,to_in_008,5
2024,다다130033,to_in_001,5
2024,다다130033,to_in_007,5
2024,다다130033,to_in_008,5
2024,다다130034,to_in_001,179
2024,다다130034,to_in_007,82
2024,다다130034,to_in_008,95
2024,다다130035,to_in_001,175
2024,다다130035,to_in_007,87
2024,다다130035,to_in_008,91
2024,다다130036,to_in_001,280
2024,다다130036,to_in_007,141
2024,다다130036,to_in_008,137
2024,다다130037,to_in_001,255
2024,다다130037,to_in_007,131
2024,다다130037,to_in_008,122
2024,다다130038,to_in_001,146
2024,다다130038,to_in_007,78
2024,다다130038,to_in_008,71
2024,다다130039,to_in_001,74
2024,다다130039,to_in_007,34
2024,다다130039,to_in_008,38
2024,다다130040,to_in_001,38
2024,다다130040,to_in_007,23
2024,다다130040,to_in_008,18
2024,다다131036,to_in_001,91
2024,다다131036,to_in_007,44
2024,다다131036,to_in_008,50
2024,다다131037,to_in_001,319
2024,다다131037,to_in_007,151
2024,다다131037,to_in_008,166
2024,다다131038,to_in_001,143
2024,다다131038,to_in_007,71
2024,다다131038,to_in_008,70
2024,다다131039,to_in_001,53
2024,다다131039,to_in_007,28
2024,다다131039,to_in_008,23
2024,다다131040,to_in_001,5
2024,다다131040,to_in_007,5
2024,다다131040,to_in_008,5
2024,다다131041,to_in_001,5
2024,다다131041,to_in_007,5
2024,다다131041,to_in_008,0
2024,다다131748,to_in_001,8
2024,다다131748,to_in_007,5
2024,다다131748,to_in_008,5
2024,다다131749,to_in_001,5
2024,다다131749,to_in_007,0
2024,다다131749,to_in_008,5
2024,다다131750,to_in_001,5
2024,다다131750,to_in_007,5
2024,다다131750,to_in_008,0
2024,다다131751,to_in_001,5
2024,다다131751,to_in_007,0
2024,다다131751,to_in_008,0
2024,다다131783,to_in_001,5
2024,다다131783,to_in_007,5
2024,다다131783,to_in_008,0
2024,다다131784,to_in_001,8
2024,다다131784,to_in_007,8
2024,다다131784,to_in_008,0
2024,다다131785,to_in_001,5
2024,다다131785,to_in_007,5
2024,다다131785,to_in_008,5
2024,다다131786,to_in_001,8
2024,다다131786,to_in_007,5
2024,다다131786,to_in_008,8
2024,다다131787,to_in_001,33
2024,다다131787,to_in_007,18
2024,다다131787,to_in_008,13
2024,다다131788,to_in_001,13
2024,다다131788,to_in_007,8
2024,다다131788,to_in_008,5
2024,다다131789,to_in_001,31
2024,다다131789,to_in_007,26
2024,다다131789,to_in_008,8
2024,다다131790,to_in_001,5
2024,다다131790,to_in_007,5
2024,다다131790,to_in_008,0
2024,다다131793,to_in_001,8
2024,다다131793,to_in_007,8
2024,다다131793,to_in_008,0
2024,다다131794,to_in_001,5
2024,다다131794,to_in_007,5
2024,다다131794,to_in_008,0
2024,다다131803,to_in_001,5
2024,다다131803,to_in_007,5
2024,다다131803,to_in_008,5
2024,다다131804,to_in_001,8
2024,다다131804,to_in_007,5
2024,다다131804,to_in_008,5
2024,다다131925,to_in_001,0
2024,다다131925,to_in_007,0
2024,다다131925,to_in_008,0
2024,다다131930,to_in_001,8
2024,다다131930,to_in_007,5
2024,다다131930,to_in_008,5
2024,다다132001,to_in_001,5
2024,다다132001,to_in_007,0
2024,다다132001,to_in_008,0
2024,다다132010,to_in_001,5
2024,다다132010,to_in_007,5
2024,다다132010,to_in_008,5
2024,다다132026,to_in_001,0
2024,다다132026,to_in_007,0
2024,다다132026,to_in_008,0
2024,다다132027,to_in_001,0
2024,다다132027,to_in_007,0
2024,다다132027,to_in_008,0
2024,다다132029,to_in_001,8
2024,다다132029,to_in_007,5
2024,다다132029,to_in_008,5
2024,다다135040,to_in_001,18
2024,다다135040,to_in_007,8
2024,다다135040,to_in_008,8
2024,다다135041,to_in_001,18
2024,다다135041,to_in_007,8
2024,다다135041,to_in_008,8
2024,다다135042,to_in_001,5
2024,다다135042,to_in_007,0
2024,다다135042,to_in_008,5
2024,다다135718,to_in_001,5
2024,다다135718,to_in_007,5
2024,다다135718,to_in_008,0
2024,다다135719,to_in_001,13
2024,다다135719,to_in_007,8
2024,다다135719,to_in_008,5
2024,다다135720,to_in_001,13
2024,다다135720,to_in_007,5
2024,다다135720,to_in_008,8
2024,다다135721,to_in_001,23
2024,다다135721,to_in_007,13
2024,다다135721,to_in_008,8
2024,다다135722,to_in_001,13
2024,다다135722,to_in_007,8
2024,다다135722,to_in_008,8
2024,다다135723,to_in_001,8
2024,다다135723,to_in_007,8
2024,다다135723,to_in_008,5
2024,다다135724,to_in_001,33
2024,다다135034,to_in_008,18
2024,다다135035,to_in_001,186
2024,다다135035,to_in_007,94
2024,다다135035,to_in_008,90
2024,다다141031,to_in_001,414
2024,다다141031,to_in_007,191
2024,다다141031,to_in_008,221
2024,다다141032,to_in_001,200
2024,다다141032,to_in_007,105
2024,다다141032,to_in_008,93
2024,다다141034,to_in_001,279
2024,다다141034,to_in_007,141
2024,다다141034,to_in_008,136
2024,다다141035,to_in_001,427
2024,다다141035,to_in_007,218
2024,다다141035,to_in_008,209
2024,다다141038,to_in_001,5
2024,다다141038,to_in_007,0
2024,다다141038,to_in_008,0
2024,다다141039,to_in_001,18
2024,다다141039,to_in_007,8
2024,다다141039,to_in_008,8
2024,다다141040,to_in_001,23
2024,다다141040,to_in_007,13
2024,다다141040,to_in_008,13
2024,다다141041,to_in_001,13
2024,다다141041,to_in_007,8
2024,다다141041,to_in_008,5
2024,다다141042,to_in_001,53
2024,다다141042,to_in_007,28
2024,다다141042,to_in_008,23
2024,다다141043,to_in_001,5
2024,다다141043,to_in_007,5
2024,다다141043,to_in_008,0
2024,다다141716,to_in_001,8
2024,다다141716,to_in_007,8
2024,다다141716,to_in_008,5
2024,다다141717,to_in_001,13
2024,다다141717,to_in_007,8
2024,다다141717,to_in_008,8
2024,다다141754,to_in_001,8
2024,다다141754,to_in_007,5
2024,다다141754,to_in_008,5
2024,다다141755,to_in_001,8
2024,다다141755,to_in_007,8
2024,다다141755,to_in_008,5
2024,다다141763,to_in_001,43
2024,다다141763,to_in_007,18
2024,다다141763,to_in_008,23
2024,다다141764,to_in_001,18
2024,다다141764,to_in_007,13
2024,다다141764,to_in_008,8
2024,다다141780,to_in_001,5
2024,다다141780,to_in_007,5
2024,다다141780,to_in_008,0
2024,다다141790,to_in_001,5
2024,다다141790,to_in_007,5
2024,다다141790,to_in_008,5
2024,다다141791,to_in_001,0
2024,다다141791,to_in_007,0
2024,다다141791,to_in_008,0
2024,다다141792,to_in_001,8
2024,다다141792,to_in_007,8
2024,다다141792,to_in_008,5
2024,다다141804,to_in_001,18
2024,다다141804,to_in_007,8
2024,다다141804,to_in_008,8
2024,다다141805,to_in_001,23
2024,다다141805,to_in_007,13
2024,다다141805,to_in_008,8
2024,다다141806,to_in_001,8
2024,다다141806,to_in_007,5
2024,다다141806,to_in_008,5
2024,다다141815,to_in_001,13
2024,다다141815,to_in_007,13
2024,다다141815,to_in_008,0
2024,다다141816,to_in_001,5
2024,다다141816,to_in_007,5
2024,다다141816,to_in_008,0
2024,다다141817,to_in_001,5
2024,다다141817,to_in_007,0
2024,다다141817,to_in_008,0
2024,다다141837,to_in_001,5
2024,다다141837,to_in_007,5
2024,다다141837,to_in_008,0
2024,다다141838,to_in_001,0
2024,다다141838,to_in_007,0
2024,다다141838,to_in_008,0
2024,다다141926,to_in_001,5
2024,다다141926,to_in_007,5
2024,다다141926,to_in_008,5
2024,다다141927,to_in_001,8
2024,다다141927,to_in_007,5
2024,다다141927,to_in_008,8
2024,다다141978,to_in_001,0
2024,다다141978,to_in_007,0
2024,다다141978,to_in_008,0
2024,다다142004,to_in_001,5
2024,다다142004,to_in_007,5
2024,다다142004,to_in_008,5
2024,다다142007,to_in_001,5
2024,다다142007,to_in_007,5
2024,다다142007,to_in_008,0
2024,다다142017,to_in_001,0
2024,다다142017,to_in_007,0
2024,다다142017,to_in_008,0
2024,다다142020,to_in_001,5
2024,다다142020,to_in_007,5
2024,다다142020,to_in_008,5
2024,다다142025,to_in_001,55
2024,다다142025,to_in_007,25
2024,다다142025,to_in_008,28
2024,다다142026,to_in_001,127
2024,다다142026,to_in_007,64
2024,다다142026,to_in_008,66
2024,다다142027,to_in_001,278
2024,다다142027,to_in_007,142
2024,다다142027,to_in_008,134
2024,다다142028,to_in_001,53
2024,다다142028,to_in_007,23
2024,다다142028,to_in_008,33
2024,다다142030,to_in_001,43
2024,다다142030,to_in_007,28
2024,다다142030,to_in_008,18
2024,다다142031,to_in_001,58
2024,다다142031,to_in_007,28
2024,다다142031,to_in_008,28
2024,다다142032,to_in_001,63
2024,다다142032,to_in_007,33
2024,다다142032,to_in_008,28
2024,다다142033,to_in_001,282
2024,다다142033,to_in_007,140
2024,다다142033,to_in_008,145
2024,다다142034,to_in_001,5
2024,다다142034,to_in_007,5
2024,다다142034,to_in_008,0
2024,다다142035,to_in_001,414
2024,다다142035,to_in_007,199
2024,다다142035,to_in_008,213
2024,다다142036,to_in_001,131
2024,다다142036,to_in_007,53
2024,다다142036,to_in_008,76
2024,다다142038,to_in_001,18
2024,다다142038,to_in_007,18
2024,다다142038,to_in_008,8
2024,다다142039,to_in_001,28
2024,다다142039,to_in_007,13
2024,다다142039,to_in_008,13
2024,다다142040,to_in_001,23
2024,다다142040,to_in_007,13
2024,다다129021,to_in_007,33
2024,다다129021,to_in_008,39
2024,다다129022,to_in_001,77
2024,다다129022,to_in_007,40
2024,다다129022,to_in_008,40
2024,다다129023,to_in_001,108
2024,다다129023,to_in_007,58
2024,다다129023,to_in_008,53
2024,다다129024,to_in_001,13
2024,다다129024,to_in_007,8
2024,다다129024,to_in_008,8
2024,다다129025,to_in_001,24
2024,다다129025,to_in_007,19
2024,다다129025,to_in_008,5
2024,다다129026,to_in_001,8
2024,다다129026,to_in_007,5
2024,다다129026,to_in_008,5
2024,다다129027,to_in_001,5
2024,다다129027,to_in_007,5
2024,다다129027,to_in_008,5
2024,다다129028,to_in_001,11
2024,다다129028,to_in_007,11
2024,다다129028,to_in_008,0
2024,다다129029,to_in_001,13
2024,다다129029,to_in_007,8
2024,다다129029,to_in_008,8
2024,다다129030,to_in_001,5
2024,다다129030,to_in_007,0
2024,다다129030,to_in_008,5
2024,다다129032,to_in_001,0
2024,다다129032,to_in_007,0
2024,다다129032,to_in_008,0
2024,다다129033,to_in_001,40
2024,다다129033,to_in_007,20
2024,다다129033,to_in_008,18
2024,다다129034,to_in_001,33
2024,다다129034,to_in_007,13
2024,다다129034,to_in_008,18
2024,다다129035,to_in_001,73
2024,다다129035,to_in_007,33
2024,다다129035,to_in_008,38
2024,다다129036,to_in_001,78
2024,다다129036,to_in_007,33
2024,다다129036,to_in_008,43
2024,다다129037,to_in_001,141
2024,다다129037,to_in_007,69
2024,다다129037,to_in_008,70
2024,다다129038,to_in_001,88
2024,다다129038,to_in_007,41
2024,다다129038,to_in_008,50
2024,다다129039,to_in_001,164
2024,다다129039,to_in_007,83
2024,다다129039,to_in_008,79
2024,다다129040,to_in_001,71
2024,다다129040,to_in_007,30
2024,다다129040,to_in_008,39
2024,다다129041,to_in_001,13
2024,다다129041,to_in_007,8
2024,다다129041,to_in_008,8
2024,다다129744,to_in_001,5
2024,다다129744,to_in_007,0
2024,다다129744,to_in_008,5
2024,다다129748,to_in_001,18
2024,다다129748,to_in_007,8
2024,다다129748,to_in_008,13
2024,다다129750,to_in_001,5
2024,다다129750,to_in_007,5
2024,다다129750,to_in_008,5
2024,다다129751,to_in_001,5
2024,다다129751,to_in_007,0
2024,다다129751,to_in_008,5
2024,다다129752,to_in_001,5
2024,다다129752,to_in_007,5
2024,다다129752,to_in_008,0
2024,다다129785,to_in_001,13
2024,다다129785,to_in_007,8
2024,다다129785,to_in_008,5
2024,다다132030,to_in_001,5
2024,다다132030,to_in_007,5
2024,다다132030,to_in_008,0
2024,다다132032,to_in_001,33
2024,다다132032,to_in_007,18
2024,다다132032,to_in_008,18
2024,다다132033,to_in_001,23
2024,다다132033,to_in_007,13
2024,다다132033,to_in_008,8
2024,다다132034,to_in_001,199
2024,다다132034,to_in_007,97
2024,다다132034,to_in_008,100
2024,다다132035,to_in_001,83
2024,다다132035,to_in_007,43
2024,다다132035,to_in_008,38
2024,다다132036,to_in_001,139
2024,다다132036,to_in_007,83
2024,다다132036,to_in_008,59
2024,다다132037,to_in_001,127
2024,다다132037,to_in_007,63
2024,다다132037,to_in_008,62
2024,다다132038,to_in_001,173
2024,다다132038,to_in_007,86
2024,다다132038,to_in_008,85
2024,다다132039,to_in_001,38
2024,다다132039,to_in_007,18
2024,다다132039,to_in_008,18
2024,다다132040,to_in_001,0
2024,다다132040,to_in_007,0
2024,다다132040,to_in_008,0
2024,다다132719,to_in_001,5
2024,다다132719,to_in_007,0
2024,다다132719,to_in_008,0
2024,다다132720,to_in_001,13
2024,다다132720,to_in_007,8
2024,다다132720,to_in_008,5
2024,다다132721,to_in_001,5
2024,다다132721,to_in_007,0
2024,다다132721,to_in_008,5
2024,다다132748,to_in_001,5
2024,다다132748,to_in_007,0
2024,다다132748,to_in_008,0
2024,다다132749,to_in_001,0
2024,다다132749,to_in_007,0
2024,다다132749,to_in_008,0
2024,다다132750,to_in_001,8
2024,다다132750,to_in_007,5
2024,다다132750,to_in_008,5
2024,다다132751,to_in_001,13
2024,다다132751,to_in_007,8
2024,다다132751,to_in_008,8
2024,다다132787,to_in_001,5
2024,다다132787,to_in_007,0
2024,다다132787,to_in_008,5
2024,다다132788,to_in_001,23
2024,다다132788,to_in_007,13
2024,다다132788,to_in_008,8
2024,다다132789,to_in_001,28
2024,다다132789,to_in_007,13
2024,다다132789,to_in_008,13
2024,다다132790,to_in_001,13
2024,다다132790,to_in_007,8
2024,다다132790,to_in_008,5
2024,다다132793,to_in_001,5
2024,다다132793,to_in_007,5
2024,다다132793,to_in_008,0
2024,다다132794,to_in_001,13
2024,다다132794,to_in_007,8
2024,다다132794,to_in_008,8
2024,다다132805,to_in_001,5
2024,다다132805,to_in_007,5
2024,다다132805,to_in_008,0
2024,다다132926,to_in_001,5
2024,다다132926,to_in_007,0
2024,다다132926,to_in_008,0
2024,다다132928,to_in_001,8
2024,다다132928,to_in_007,5
2024,다다132928,to_in_008,5
2024,다다132929,to_in_001,5
2024,다다132929,to_in_007,0
2024,다다132929,to_in_008,0
2024,다다132930,to_in_001,13
2024,다다132930,to_in_007,5
2024,다다132930,to_in_008,8
2024,다다132931,to_in_001,5
2024,다다132931,to_in_007,0
2024,다다132931,to_in_008,0
2024,다다132933,to_in_001,5
2024,다다132933,to_in_007,0
2024,다다132933,to_in_008,0
2024,다다132935,to_in_001,5
2024,다다132935,to_in_007,0
2024,다다132935,to_in_008,0
2024,다다132957,to_in_001,5
2024,다다132957,to_in_007,0
2024,다다132957,to_in_008,5
2024,다다132974,to_in_001,5
2024,다다132974,to_in_007,0
2024,다다132974,to_in_008,5
2024,다다132983,to_in_001,8
2024,다다132983,to_in_007,8
2024,다다132983,to_in_008,0
2024,다다132997,to_in_001,0
2024,다다132997,to_in_007,0
2024,다다132997,to_in_008,0
2024,다다132998,to_in_001,5
2024,다다132998,to_in_007,0
2024,다다132998,to_in_008,5
2024,다다137753,to_in_001,5
2024,다다137753,to_in_007,0
2024,다다137753,to_in_008,5
2024,다다137754,to_in_001,5
2024,다다137754,to_in_007,5
2024,다다137754,to_in_008,0
2024,다다137755,to_in_001,8
2024,다다137755,to_in_007,5
2024,다다137755,to_in_008,5
2024,다다137759,to_in_001,8
2024,다다137759,to_in_007,8
2024,다다137759,to_in_008,0
2024,다다137760,to_in_001,0
2024,다다137760,to_in_007,0
2024,다다137760,to_in_008,0
2024,다다137772,to_in_001,13
2024,다다137772,to_in_007,8
2024,다다137772,to_in_008,8
2024,다다137773,to_in_001,23
2024,다다137773,to_in_007,13
2024,다다137773,to_in_008,8
2024,다다137774,to_in_001,23
2024,다다137774,to_in_007,13
2024,다다137774,to_in_008,8
2024,다다137775,to_in_001,18
2024,다다137775,to_in_007,13
2024,다다137775,to_in_008,8
2024,다다137776,to_in_001,13
2024,다다137776,to_in_007,8
2024,다다137776,to_in_008,8
2024,다다137803,to_in_001,13
2024,다다137803,to_in_007,8
2024,다다137803,to_in_008,8
2024,다다137804,to_in_001,28
2024,다다137804,to_in_007,13
2024,다다137804,to_in_008,13
2024,다다137805,to_in_001,38
2024,다다137805,to_in_007,23
2024,다다137805,to_in_008,13
2024,다다137806,to_in_001,33
2024,다다137806,to_in_007,23
2024,다다137806,to_in_008,13
2024,다다137809,to_in_001,0
2024,다다137809,to_in_007,0
2024,다다137809,to_in_008,0
2024,다다137817,to_in_001,8
2024,다다137817,to_in_007,8
2024,다다137817,to_in_008,8
2024,다다137818,to_in_001,23
2024,다다137818,to_in_007,13
2024,다다137818,to_in_008,8
2024,다다137819,to_in_001,0
2024,다다137819,to_in_007,0
2024,다다137819,to_in_008,0
2024,다다137820,to_in_001,23
2024,다다137820,to_in_007,13
2024,다다137820,to_in_008,8
2024,다다137821,to_in_001,13
2024,다다137821,to_in_007,8
2024,다다137821,to_in_008,8
2024,다다137881,to_in_001,5
2024,다다137881,to_in_007,0
2024,다다137881,to_in_008,0
2024,다다137927,to_in_001,0
2024,다다137927,to_in_007,0
2024,다다137927,to_in_008,0
2024,다다137981,to_in_001,5
2024,다다137981,to_in_007,0
2024,다다137981,to_in_008,5
2024,다다137994,to_in_001,0
2024,다다137994,to_in_007,0
2024,다다137994,to_in_008,0
2024,다다138025,to_in_001,8
2024,다다138025,to_in_007,5
2024,다다138025,to_in_008,5
2024,다다138027,to_in_001,5
2024,다다138027,to_in_007,5
2024,다다138027,to_in_008,5
2024,다다138028,to_in_001,13
2024,다다138028,to_in_007,8
2024,다다138028,to_in_008,5
2024,다다138029,to_in_001,18
2024,다다138029,to_in_007,8
2024,다다138029,to_in_008,8
2024,다다138031,to_in_001,13
2024,다다138031,to_in_007,8
2024,다다138031,to_in_008,5
2024,다다138032,to_in_001,13
2024,다다138032,to_in_007,5
2024,다다138032,to_in_008,8
2024,다다138033,to_in_001,8
2024,다다138033,to_in_007,5
2024,다다138033,to_in_008,5
2024,다다138034,to_in_001,8
2024,다다138034,to_in_007,5
2024,다다138034,to_in_008,5
2024,다다138035,to_in_001,5
2024,다다138035,to_in_007,5
2024,다다138035,to_in_008,0
2024,다다138040,to_in_001,8
2024,다다138040,to_in_007,8
2024,다다138040,to_in_008,0
2024,다다138754,to_in_001,13
2024,다다138754,to_in_007,8
2024,다다138754,to_in_008,8
2024,다다138755,to_in_001,28
2024,다다138755,to_in_007,13
2024,다다138755,to_in_008,13
2024,다다128027,to_in_008,0
2024,다다128028,to_in_001,8
2024,다다128028,to_in_007,8
2024,다다128028,to_in_008,5
2024,다다128029,to_in_001,5
2024,다다128029,to_in_007,5
2024,다다128029,to_in_008,0
2024,다다128031,to_in_001,0
2024,다다128031,to_in_007,0
2024,다다128031,to_in_008,0
2024,다다128034,to_in_001,8
2024,다다128034,to_in_007,5
2024,다다128034,to_in_008,5
2024,다다128035,to_in_001,5
2024,다다128035,to_in_007,5
2024,다다128035,to_in_008,0
2024,다다128036,to_in_001,13
2024,다다128036,to_in_007,8
2024,다다128036,to_in_008,8
2024,다다128037,to_in_001,13
2024,다다128037,to_in_007,8
2024,다다128037,to_in_008,5
2024,다다128038,to_in_001,54
2024,다다128038,to_in_007,34
2024,다다128038,to_in_008,23
2024,다다128039,to_in_001,135
2024,다다128039,to_in_007,65
2024,다다128039,to_in_008,68
2024,다다128040,to_in_001,8
2024,다다128040,to_in_007,5
2024,다다128040,to_in_008,5
2024,다다128742,to_in_001,8
2024,다다128742,to_in_007,5
2024,다다128742,to_in_008,5
2024,다다128743,to_in_001,5
2024,다다128743,to_in_007,5
2024,다다128743,to_in_008,5
2024,다다128745,to_in_001,5
2024,다다128745,to_in_007,5
2024,다다128745,to_in_008,0
2024,다다128746,to_in_001,5
2024,다다128746,to_in_007,0
2024,다다128746,to_in_008,5
2024,다다128748,to_in_001,8
2024,다다128748,to_in_007,5
2024,다다128748,to_in_008,5
2024,다다128752,to_in_001,5
2024,다다128752,to_in_007,5
2024,다다128752,to_in_008,0
2024,다다128753,to_in_001,5
2024,다다128753,to_in_007,0
2024,다다128753,to_in_008,5
2024,다다128756,to_in_001,8
2024,다다128756,to_in_007,5
2024,다다128756,to_in_008,5
2024,다다128761,to_in_001,5
2024,다다128761,to_in_007,5
2024,다다128761,to_in_008,5
2024,다다128785,to_in_001,18
2024,다다128785,to_in_007,8
2024,다다128785,to_in_008,8
2024,다다128919,to_in_001,8
2024,다다128919,to_in_007,5
2024,다다128919,to_in_008,5
2024,다다128996,to_in_001,5
2024,다다128996,to_in_007,5
2024,다다128996,to_in_008,0
2024,다다129000,to_in_001,5
2024,다다129000,to_in_007,0
2024,다다129000,to_in_008,5
2024,다다129001,to_in_001,46
2024,다다129001,to_in_007,24
2024,다다129001,to_in_008,20
2024,다다129002,to_in_001,8
2024,다다129002,to_in_007,5
2024,다다129002,to_in_008,5
2024,다다129003,to_in_001,33
2024,다다129003,to_in_007,13
2024,다다129003,to_in_008,18
2024,다다129004,to_in_001,43
2024,다다129004,to_in_007,28
2024,다다129004,to_in_008,18
2024,다다129005,to_in_001,76
2024,다다129005,to_in_007,40
2024,다다129005,to_in_008,34
2024,다다129006,to_in_001,24
2024,다다129006,to_in_007,13
2024,다다129006,to_in_008,14
2024,다다129007,to_in_001,13
2024,다다129007,to_in_007,8
2024,다다129007,to_in_008,8
2024,다다129011,to_in_001,5
2024,다다129011,to_in_007,0
2024,다다129011,to_in_008,0
2024,다다133925,to_in_001,13
2024,다다133925,to_in_007,8
2024,다다133925,to_in_008,8
2024,다다133926,to_in_001,5
2024,다다133926,to_in_007,5
2024,다다133926,to_in_008,5
2024,다다133929,to_in_001,5
2024,다다133929,to_in_007,5
2024,다다133929,to_in_008,0
2024,다다133930,to_in_001,18
2024,다다133930,to_in_007,8
2024,다다133930,to_in_008,13
2024,다다133938,to_in_001,5
2024,다다133938,to_in_007,0
2024,다다133938,to_in_008,0
2024,다다133982,to_in_001,0
2024,다다133982,to_in_007,0
2024,다다133982,to_in_008,0
2024,다다133983,to_in_001,5
2024,다다133983,to_in_007,0
2024,다다133983,to_in_008,0
2024,다다133994,to_in_001,5
2024,다다133994,to_in_007,0
2024,다다133994,to_in_008,5
2024,다다133997,to_in_001,13
2024,다다133997,to_in_007,5
2024,다다133997,to_in_008,8
2024,다다133998,to_in_001,13
2024,다다133998,to_in_007,8
2024,다다133998,to_in_008,8
2024,다다134007,to_in_001,5
2024,다다134007,to_in_007,0
2024,다다134007,to_in_008,0
2024,다다134009,to_in_001,5
2024,다다134009,to_in_007,0
2024,다다134009,to_in_008,0
2024,다다134013,to_in_001,5
2024,다다134013,to_in_007,0
2024,다다134013,to_in_008,0
2024,다다134014,to_in_001,8
2024,다다134014,to_in_007,8
2024,다다134014,to_in_008,0
2024,다다134015,to_in_001,5
2024,다다134015,to_in_007,5
2024,다다134015,to_in_008,0
2024,다다134016,to_in_001,23
2024,다다134016,to_in_007,13
2024,다다134016,to_in_008,8
2024,다다134018,to_in_001,5
2024,다다134018,to_in_007,5
2024,다다134018,to_in_008,0
2024,다다134019,to_in_001,5
2024,다다134019,to_in_007,0
2024,다다134019,to_in_008,5
2024,다다134024,to_in_001,8
2024,다다134024,to_in_007,5
2024,다다134024,to_in_008,8
2024,다다134025,to_in_001,5
2024,다다134025,to_in_007,5
2024,다다134025,to_in_008,0
2024,다다134026,to_in_001,8
2024,다다134026,to_in_007,8
2024,다다134026,to_in_008,5
2024,다다134027,to_in_001,8
2024,다다134027,to_in_007,8
2024,다다134027,to_in_008,0
2024,다다134029,to_in_001,5
2024,다다134029,to_in_007,5
2024,다다134029,to_in_008,0
2024,다다134030,to_in_001,5
2024,다다134030,to_in_007,0
2024,다다134030,to_in_008,0
2024,다다134031,to_in_001,18
2024,다다134031,to_in_007,18
2024,다다134031,to_in_008,0
2024,다다134033,to_in_001,5
2024,다다134033,to_in_007,0
2024,다다134033,to_in_008,0
2024,다다134034,to_in_001,154
2024,다다134034,to_in_007,84
2024,다다134034,to_in_008,68
2024,다다134035,to_in_001,168
2024,다다134035,to_in_007,90
2024,다다134035,to_in_008,81
2024,다다134036,to_in_001,137
2024,다다134036,to_in_007,65
2024,다다134036,to_in_008,70
2024,다다134037,to_in_001,49
2024,다다134037,to_in_007,24
2024,다다134037,to_in_008,28
2024,다다134038,to_in_001,110
2024,다다134038,to_in_007,58
2024,다다134038,to_in_008,55
2024,다다134039,to_in_001,33
2024,다다134039,to_in_007,18
2024,다다134039,to_in_008,13
2024,다다134040,to_in_001,54
2024,다다134040,to_in_007,29
2024,다다134040,to_in_008,28
2024,다다134041,to_in_001,23
2024,다다134041,to_in_007,13
2024,다다134041,to_in_008,13
2024,다다134718,to_in_001,8
2024,다다134718,to_in_007,8
2024,다다134718,to_in_008,5
2024,다다134720,to_in_001,23
2024,다다134720,to_in_007,13
2024,다다134720,to_in_008,8
2024,다다134721,to_in_001,23
2024,다다134721,to_in_007,13
2024,다다134721,to_in_008,8
2024,다다139777,to_in_001,18
2024,다다139777,to_in_007,13
2024,다다139777,to_in_008,8
2024,다다139790,to_in_001,5
2024,다다139790,to_in_007,0
2024,다다139790,to_in_008,0
2024,다다139791,to_in_001,0
2024,다다139791,to_in_007,0
2024,다다139791,to_in_008,0
2024,다다139803,to_in_001,13
2024,다다139803,to_in_007,8
2024,다다139803,to_in_008,5
2024,다다139804,to_in_001,5
2024,다다139804,to_in_007,5
2024,다다139804,to_in_008,0
2024,다다139805,to_in_001,0
2024,다다139805,to_in_007,0
2024,다다139805,to_in_008,0
2024,다다139809,to_in_001,13
2024,다다139809,to_in_007,13
2024,다다139809,to_in_008,0
2024,다다139817,to_in_001,8
2024,다다139817,to_in_007,5
2024,다다139817,to_in_008,5
2024,다다139818,to_in_001,33
2024,다다139818,to_in_007,13
2024,다다139818,to_in_008,18
2024,다다139819,to_in_001,8
2024,다다139819,to_in_007,8
2024,다다139819,to_in_008,0
2024,다다139820,to_in_001,5
2024,다다139820,to_in_007,5
2024,다다139820,to_in_008,0
2024,다다139821,to_in_001,8
2024,다다139821,to_in_007,8
2024,다다139821,to_in_008,5
2024,다다139822,to_in_001,5
2024,다다139822,to_in_007,0
2024,다다139822,to_in_008,5
2024,다다139930,to_in_001,0
2024,다다139930,to_in_007,0
2024,다다139930,to_in_008,0
2024,다다139967,to_in_001,0
2024,다다139967,to_in_007,0
2024,다다139967,to_in_008,0
2024,다다139995,to_in_001,5
2024,다다139995,to_in_007,0
2024,다다139995,to_in_008,5
2024,다다140000,to_in_001,23
2024,다다140000,to_in_007,13
2024,다다140000,to_in_008,13
2024,다다140002,to_in_001,0
2024,다다140002,to_in_007,0
2024,다다140002,to_in_008,0
2024,다다140007,to_in_001,0
2024,다다140007,to_in_007,0
2024,다다140007,to_in_008,0
2024,다다140015,to_in_001,5
2024,다다140015,to_in_007,5
2024,다다140015,to_in_008,0
2024,다다140020,to_in_001,121
2024,다다140020,to_in_007,21
2024,다다140020,to_in_008,103
2024,다다140025,to_in_001,8
2024,다다140025,to_in_007,5
2024,다다140025,to_in_008,5
2024,다다140026,to_in_001,268
2024,다다140026,to_in_007,132
2024,다다140026,to_in_008,134
2024,다다140027,to_in_001,408
2024,다다140027,to_in_007,215
2024,다다140027,to_in_008,196
2024,다다140028,to_in_001,126
2024,다다140028,to_in_007,65
2024,다다140028,to_in_008,59
2024,다다140029,to_in_001,125
2024,다다140029,to_in_007,52
2024,다다140029,to_in_008,76
2024,다다140030,to_in_001,259
2024,다다140030,to_in_007,111
2024,다다140030,to_in_008,146
2024,다다140031,to_in_001,338
2024,다다140031,to_in_007,153
2024,다다140031,to_in_008,183
2024,다다140032,to_in_001,388
2024,다다140032,to_in_007,196
2024,다다140032,to_in_008,190
2024,다다140033,to_in_001,254
2024,다다133924,to_in_007,5
2024,다다133924,to_in_008,5
2024,다다136029,to_in_001,5
2024,다다136029,to_in_007,5
2024,다다136029,to_in_008,0
2024,다다136032,to_in_001,5
2024,다다136032,to_in_007,5
2024,다다136032,to_in_008,5
2024,다다136033,to_in_001,0
2024,다다136033,to_in_007,0
2024,다다136033,to_in_008,0
2024,다다136719,to_in_001,0
2024,다다136719,to_in_007,0
2024,다다136719,to_in_008,0
2024,다다136724,to_in_001,5
2024,다다136724,to_in_007,0
2024,다다136724,to_in_008,0
2024,다다136725,to_in_001,8
2024,다다136725,to_in_007,5
2024,다다136725,to_in_008,5
2024,다다136726,to_in_001,8
2024,다다136726,to_in_007,5
2024,다다136726,to_in_008,5
2024,다다136753,to_in_001,8
2024,다다136753,to_in_007,8
2024,다다136753,to_in_008,8
2024,다다136755,to_in_001,5
2024,다다136755,to_in_007,0
2024,다다136755,to_in_008,5
2024,다다136760,to_in_001,5
2024,다다136760,to_in_007,5
2024,다다136760,to_in_008,0
2024,다다136772,to_in_001,33
2024,다다136772,to_in_007,28
2024,다다136772,to_in_008,8
2024,다다136776,to_in_001,5
2024,다다136776,to_in_007,5
2024,다다136776,to_in_008,5
2024,다다136777,to_in_001,13
2024,다다136777,to_in_007,8
2024,다다136777,to_in_008,5
2024,다다136778,to_in_001,5
2024,다다136778,to_in_007,5
2024,다다136778,to_in_008,0
2024,다다136804,to_in_001,28
2024,다다136804,to_in_007,18
2024,다다136804,to_in_008,13
2024,다다136805,to_in_001,102
2024,다다136805,to_in_007,59
2024,다다136805,to_in_008,41
2024,다다136806,to_in_001,18
2024,다다136806,to_in_007,8
2024,다다136806,to_in_008,13
2024,다다136820,to_in_001,5
2024,다다136820,to_in_007,5
2024,다다136820,to_in_008,0
2024,다다136825,to_in_001,8
2024,다다136825,to_in_007,5
2024,다다136825,to_in_008,5
2024,다다136927,to_in_001,8
2024,다다136927,to_in_007,8
2024,다다136927,to_in_008,0
2024,다다136967,to_in_001,0
2024,다다136967,to_in_007,0
2024,다다136967,to_in_008,0
2024,다다136993,to_in_001,5
2024,다다136993,to_in_007,5
2024,다다136993,to_in_008,5
2024,다다136994,to_in_001,13
2024,다다136994,to_in_007,5
2024,다다136994,to_in_008,8
2024,다다136999,to_in_001,5
2024,다다136999,to_in_007,0
2024,다다136999,to_in_008,5
2024,다다137017,to_in_001,0
2024,다다137017,to_in_007,0
2024,다다137017,to_in_008,0
2024,다다137018,to_in_001,5
2024,다다137018,to_in_007,5
2024,다다137018,to_in_008,5
2024,다다137024,to_in_001,0
2024,다다137024,to_in_007,0
2024,다다137024,to_in_008,0
2024,다다137025,to_in_001,5
2024,다다137025,to_in_007,5
2024,다다137025,to_in_008,0
2024,다다137026,to_in_001,5
2024,다다137026,to_in_007,5
2024,다다137026,to_in_008,0
2024,다다137028,to_in_001,8
2024,다다137028,to_in_007,8
2024,다다137028,to_in_008,5
2024,다다137029,to_in_001,23
2024,다다137029,to_in_007,13
2024,다다137029,to_in_008,13
2024,다다137032,to_in_001,18
2024,다다137032,to_in_007,8
2024,다다137032,to_in_008,8
2024,다다137034,to_in_001,8
2024,다다137034,to_in_007,5
2024,다다137034,to_in_008,5
2024,다다137038,to_in_001,8
2024,다다137038,to_in_007,5
2024,다다137038,to_in_008,8
2024,다다137726,to_in_001,5
2024,다다137726,to_in_007,5
2024,다다137726,to_in_008,0
2024,다다140039,to_in_001,0
2024,다다140039,to_in_007,0
2024,다다140039,to_in_008,0
2024,다다140040,to_in_001,23
2024,다다140040,to_in_007,13
2024,다다140040,to_in_008,13
2024,다다140041,to_in_001,23
2024,다다140041,to_in_007,13
2024,다다140041,to_in_008,13
2024,다다140042,to_in_001,8
2024,다다140042,to_in_007,5
2024,다다140042,to_in_008,5
2024,다다140716,to_in_001,8
2024,다다140716,to_in_007,5
2024,다다140716,to_in_008,5
2024,다다140717,to_in_001,5
2024,다다140717,to_in_007,5
2024,다다140717,to_in_008,0
2024,다다140754,to_in_001,5
2024,다다140754,to_in_007,0
2024,다다140754,to_in_008,5
2024,다다140755,to_in_001,8
2024,다다140755,to_in_007,5
2024,다다140755,to_in_008,8
2024,다다140763,to_in_001,8
2024,다다140763,to_in_007,5
2024,다다140763,to_in_008,5
2024,다다140764,to_in_001,8
2024,다다140764,to_in_007,8
2024,다다140764,to_in_008,8
2024,다다140791,to_in_001,13
2024,다다140791,to_in_007,8
2024,다다140791,to_in_008,8
2024,다다140792,to_in_001,5
2024,다다140792,to_in_007,5
2024,다다140792,to_in_008,5
2024,다다140803,to_in_001,5
2024,다다140803,to_in_007,0
2024,다다140803,to_in_008,0
2024,다다140804,to_in_001,13
2024,다다140804,to_in_007,8
2024,다다140804,to_in_008,5
2024,다다140805,to_in_001,28
2024,다다140805,to_in_007,13
2024,다다140805,to_in_008,13
2024,다다140817,to_in_001,13
2024,다다140817,to_in_007,8
2024,다다140817,to_in_008,8
2024,다다140818,to_in_001,0
2024,다다140818,to_in_007,0
2024,다다140818,to_in_008,0
2024,다다140836,to_in_001,0
2024,다다140836,to_in_007,0
2024,다다140836,to_in_008,0
2024,다다140837,to_in_001,18
2024,다다140837,to_in_007,13
2024,다다140837,to_in_008,5
2024,다다140838,to_in_001,0
2024,다다140838,to_in_007,0
2024,다다140838,to_in_008,0
2024,다다140927,to_in_001,5
2024,다다140927,to_in_007,5
2024,다다140927,to_in_008,0
2024,다다140928,to_in_001,0
2024,다다140928,to_in_007,0
2024,다다140928,to_in_008,0
2024,다다140958,to_in_001,5
2024,다다140958,to_in_007,0
2024,다다140958,to_in_008,0
2024,다다140995,to_in_001,5
2024,다다140995,to_in_007,0
2024,다다140995,to_in_008,5
2024,다다140996,to_in_001,8
2024,다다140996,to_in_007,5
2024,다다140996,to_in_008,5
2024,다다141024,to_in_001,33
2024,다다141024,to_in_007,18
2024,다다141024,to_in_008,13
2024,다다141025,to_in_001,23
2024,다다141025,to_in_007,13
2024,다다141025,to_in_008,8
2024,다다141026,to_in_001,182
2024,다다141026,to_in_007,88
2024,다다141026,to_in_008,92
2024,다다141027,to_in_001,385
2024,다다141027,to_in_007,197
2024,다다141027,to_in_008,186
2024,다다141028,to_in_001,298
2024,다다141028,to_in_007,146
2024,다다141028,to_in_008,150
2024,다다141029,to_in_001,237
2024,다다141029,to_in_007,96
2024,다다141029,to_in_008,144
2024,다다141030,to_in_001,461
2024,다다141030,to_in_007,192
2024,다다141030,to_in_008,272
2024,다다145009,to_in_001,5
2024,다다145009,to_in_007,5
2024,다다145009,to_in_008,0
2024,다다145015,to_in_001,0
2024,다다145015,to_in_007,0
2024,다다145015,to_in_008,0
2024,다다145021,to_in_001,13
2024,다다145021,to_in_007,8
2024,다다145021,to_in_008,8
2024,다다145022,to_in_001,8
2024,다다145022,to_in_007,5
2024,다다145022,to_in_008,5
2024,다다145024,to_in_001,8
2024,다다145024,to_in_007,8
2024,다다145024,to_in_008,5
2024,다다145025,to_in_001,8
2024,다다145025,to_in_007,5
2024,다다145025,to_in_008,8
2024,다다145026,to_in_001,8
2024,다다145026,to_in_007,8
2024,다다145026,to_in_008,5
2024,다다145027,to_in_001,53
2024,다다145027,to_in_007,28
2024,다다145027,to_in_008,23
2024,다다145028,to_in_001,49
2024,다다145028,to_in_007,18
2024,다다145028,to_in_008,29
2024,다다145029,to_in_001,120
2024,다다145029,to_in_007,56
2024,다다145029,to_in_008,62
2024,다다145030,to_in_001,134
2024,다다145030,to_in_007,80
2024,다다145030,to_in_008,52
2024,다다145031,to_in_001,13
2024,다다145031,to_in_007,8
2024,다다145031,to_in_008,8
2024,다다145032,to_in_001,23
2024,다다145032,to_in_007,8
2024,다다145032,to_in_008,18
2024,다다145033,to_in_001,28
2024,다다145033,to_in_007,13
2024,다다145033,to_in_008,18
2024,다다145034,to_in_001,229
2024,다다145034,to_in_007,108
2024,다다145034,to_in_008,119
2024,다다145035,to_in_001,114
2024,다다145035,to_in_007,61
2024,다다145035,to_in_008,51
2024,다다145036,to_in_001,76
2024,다다145036,to_in_007,35
2024,다다145036,to_in_008,39
2024,다다145040,to_in_001,5
2024,다다145040,to_in_007,5
2024,다다145040,to_in_008,5
2024,다다145742,to_in_001,5
2024,다다145742,to_in_007,0
2024,다다145742,to_in_008,0
2024,다다145743,to_in_001,8
2024,다다145743,to_in_007,5
2024,다다145743,to_in_008,5
2024,다다145744,to_in_001,5
2024,다다145744,to_in_007,0
2024,다다145744,to_in_008,5
2024,다다145745,to_in_001,5
2024,다다145745,to_in_007,0
2024,다다145745,to_in_008,0
2024,다다145762,to_in_001,18
2024,다다145762,to_in_007,8
2024,다다145762,to_in_008,8
2024,다다145763,to_in_001,68
2024,다다145763,to_in_007,33
2024,다다145763,to_in_008,33
2024,다다145764,to_in_001,64
2024,다다145764,to_in_007,32
2024,다다145764,to_in_008,30
2024,다다145765,to_in_001,5
2024,다다145765,to_in_007,5
2024,다다145765,to_in_008,5
2024,다다145771,to_in_001,23
2024,다다145771,to_in_007,8
2024,다다145771,to_in_008,13
2024,다다145775,to_in_001,5
2024,다다145775,to_in_007,5
2024,다다145775,to_in_008,0
2024,다다145776,to_in_001,8
2024,다다145776,to_in_007,5
2024,다다145776,to_in_008,8
2024,다다145777,to_in_001,0
2024,다다145777,to_in_007,0
2024,다다145777,to_in_008,0
2024,다다135724,to_in_007,13
2024,다다135724,to_in_008,18
2024,다다135725,to_in_001,28
2024,다다135725,to_in_007,18
2024,다다135725,to_in_008,8
2024,다다135726,to_in_001,0
2024,다다135726,to_in_007,0
2024,다다135726,to_in_008,0
2024,다다135765,to_in_001,5
2024,다다135765,to_in_007,5
2024,다다135765,to_in_008,0
2024,다다135767,to_in_001,8
2024,다다135767,to_in_007,5
2024,다다135767,to_in_008,5
2024,다다135771,to_in_001,5
2024,다다135771,to_in_007,5
2024,다다135771,to_in_008,0
2024,다다135772,to_in_001,8
2024,다다135772,to_in_007,8
2024,다다135772,to_in_008,5
2024,다다135777,to_in_001,18
2024,다다135777,to_in_007,13
2024,다다135777,to_in_008,8
2024,다다135778,to_in_001,8
2024,다다135778,to_in_007,8
2024,다다135778,to_in_008,5
2024,다다135795,to_in_001,5
2024,다다135795,to_in_007,0
2024,다다135795,to_in_008,0
2024,다다135804,to_in_001,8
2024,다다135804,to_in_007,5
2024,다다135804,to_in_008,5
2024,다다135805,to_in_001,18
2024,다다135805,to_in_007,13
2024,다다135805,to_in_008,8
2024,다다135878,to_in_001,13
2024,다다135878,to_in_007,8
2024,다다135878,to_in_008,5
2024,다다135879,to_in_001,23
2024,다다135879,to_in_007,13
2024,다다135879,to_in_008,8
2024,다다135880,to_in_001,29
2024,다다135880,to_in_007,19
2024,다다135880,to_in_008,8
2024,다다135925,to_in_001,8
2024,다다135925,to_in_007,5
2024,다다135925,to_in_008,5
2024,다다135937,to_in_001,0
2024,다다135937,to_in_007,0
2024,다다135937,to_in_008,0
2024,다다135989,to_in_001,5
2024,다다135989,to_in_007,5
2024,다다135989,to_in_008,0
2024,다다135994,to_in_001,8
2024,다다135994,to_in_007,8
2024,다다135994,to_in_008,5
2024,다다135996,to_in_001,5
2024,다다135996,to_in_007,0
2024,다다135996,to_in_008,5
2024,다다135997,to_in_001,8
2024,다다135997,to_in_007,5
2024,다다135997,to_in_008,5
2024,다다136016,to_in_001,5
2024,다다136016,to_in_007,5
2024,다다136016,to_in_008,0
2024,다다136017,to_in_001,5
2024,다다136017,to_in_007,5
2024,다다136017,to_in_008,5
2024,다다136018,to_in_001,5
2024,다다136018,to_in_007,0
2024,다다136018,to_in_008,0
2024,다다136025,to_in_001,5
2024,다다136025,to_in_007,5
2024,다다136025,to_in_008,5
2024,다다136028,to_in_001,18
2024,다다136028,to_in_007,18
2024,다다136028,to_in_008,8
2024,다다138775,to_in_001,8
2024,다다138775,to_in_007,5
2024,다다138775,to_in_008,5
2024,다다138776,to_in_001,23
2024,다다138776,to_in_007,8
2024,다다138776,to_in_008,13
2024,다다138777,to_in_001,5
2024,다다138777,to_in_007,5
2024,다다138777,to_in_008,0
2024,다다138801,to_in_001,0
2024,다다138801,to_in_007,0
2024,다다138801,to_in_008,0
2024,다다138803,to_in_001,13
2024,다다138803,to_in_007,8
2024,다다138803,to_in_008,8
2024,다다138804,to_in_001,8
2024,다다138804,to_in_007,5
2024,다다138804,to_in_008,5
2024,다다138805,to_in_001,8
2024,다다138805,to_in_007,8
2024,다다138805,to_in_008,0
2024,다다138808,to_in_001,5
2024,다다138808,to_in_007,5
2024,다다138808,to_in_008,0
2024,다다138818,to_in_001,8
2024,다다138818,to_in_007,8
2024,다다138818,to_in_008,5
2024,다다138819,to_in_001,28
2024,다다138819,to_in_007,18
2024,다다138819,to_in_008,8
2024,다다138820,to_in_001,18
2024,다다138820,to_in_007,13
2024,다다138820,to_in_008,8
2024,다다138821,to_in_001,18
2024,다다138821,to_in_007,8
2024,다다138821,to_in_008,8
2024,다다138980,to_in_001,8
2024,다다138980,to_in_007,0
2024,다다138980,to_in_008,5
2024,다다138981,to_in_001,8
2024,다다138981,to_in_007,5
2024,다다138981,to_in_008,8
2024,다다139000,to_in_001,38
2024,다다139000,to_in_007,18
2024,다다139000,to_in_008,18
2024,다다139001,to_in_001,5
2024,다다139001,to_in_007,0
2024,다다139001,to_in_008,5
2024,다다139005,to_in_001,8
2024,다다139005,to_in_007,5
2024,다다139005,to_in_008,5
2024,다다139023,to_in_001,0
2024,다다139023,to_in_007,0
2024,다다139023,to_in_008,0
2024,다다139024,to_in_001,8
2024,다다139024,to_in_007,8
2024,다다139024,to_in_008,0
2024,다다139025,to_in_001,5
2024,다다139025,to_in_007,5
2024,다다139025,to_in_008,0
2024,다다139026,to_in_001,111
2024,다다139026,to_in_007,50
2024,다다139026,to_in_008,59
2024,다다139027,to_in_001,265
2024,다다139027,to_in_007,127
2024,다다139027,to_in_008,136
2024,다다139028,to_in_001,124
2024,다다139028,to_in_007,57
2024,다다139028,to_in_008,70
2024,다다139029,to_in_001,134
2024,다다139029,to_in_007,65
2024,다다139029,to_in_008,72
2024,다다139030,to_in_001,308
2024,다다139030,to_in_007,147
2024,다다139030,to_in_008,159
2024,다다139031,to_in_001,282
2024,다다139031,to_in_007,130
2024,다다139031,to_in_008,150
2024,다다139032,to_in_001,197
2024,다다139032,to_in_007,95
2024,다다139032,to_in_008,100
2024,다다139033,to_in_001,428
2024,다다139033,to_in_007,192
2024,다다139033,to_in_008,234
2024,다다139034,to_in_001,5
2024,다다139034,to_in_007,0
2024,다다139034,to_in_008,5
2024,다다139035,to_in_001,5
2024,다다139035,to_in_007,0
2024,다다139035,to_in_008,0
2024,다다139036,to_in_001,5
2024,다다139036,to_in_007,5
2024,다다139036,to_in_008,0
2024,다다139040,to_in_001,18
2024,다다139040,to_in_007,8
2024,다다139040,to_in_008,8
2024,다다139754,to_in_001,5
2024,다다139754,to_in_007,5
2024,다다139754,to_in_008,5
2024,다다139755,to_in_001,13
2024,다다139755,to_in_007,8
2024,다다139755,to_in_008,8
2024,다다139763,to_in_001,13
2024,다다139763,to_in_007,13
2024,다다139763,to_in_008,0
2024,다다139764,to_in_001,8
2024,다다139764,to_in_007,5
2024,다다139764,to_in_008,5
2024,다다139776,to_in_001,18
2024,다다139776,to_in_007,13
2024,다다139776,to_in_008,8
2024,다다143007,to_in_001,5
2024,다다143007,to_in_007,5
2024,다다143007,to_in_008,0
2024,다다143009,to_in_001,5
2024,다다143009,to_in_007,0
2024,다다143009,to_in_008,5
2024,다다143010,to_in_001,0
2024,다다143010,to_in_007,0
2024,다다143010,to_in_008,0
2024,다다143013,to_in_001,5
2024,다다143013,to_in_007,0
2024,다다143013,to_in_008,0
2024,다다143020,to_in_001,5
2024,다다143020,to_in_007,0
2024,다다143020,to_in_008,5
2024,다다143023,to_in_001,8
2024,다다143023,to_in_007,5
2024,다다143023,to_in_008,5
2024,다다143024,to_in_001,13
2024,다다143024,to_in_007,8
2024,다다143024,to_in_008,8
2024,다다143025,to_in_001,0
2024,다다143025,to_in_007,0
2024,다다143025,to_in_008,0
2024,다다143027,to_in_001,18
2024,다다143027,to_in_007,8
2024,다다143027,to_in_008,13
2024,다다143030,to_in_001,44
2024,다다143030,to_in_007,24
2024,다다143030,to_in_008,23
2024,다다143031,to_in_001,78
2024,다다143031,to_in_007,47
2024,다다143031,to_in_008,34
2024,다다143032,to_in_001,126
2024,다다143032,to_in_007,69
2024,다다143032,to_in_008,55
2024,다다143033,to_in_001,413
2024,다다143033,to_in_007,211
2024,다다143033,to_in_008,200
2024,다다143034,to_in_001,371
2024,다다143034,to_in_007,166
2024,다다143034,to_in_008,203
2024,다다143035,to_in_001,533
2024,다다143035,to_in_007,254
2024,다다143035,to_in_008,284
2024,다다143036,to_in_001,135
2024,다다143036,to_in_007,66
2024,다다143036,to_in_008,67
2024,다다143040,to_in_001,28
2024,다다143040,to_in_007,13
2024,다다143040,to_in_008,18
2024,다다143041,to_in_001,33
2024,다다143041,to_in_007,18
2024,다다143041,to_in_008,13
2024,다다143744,to_in_001,5
2024,다다143744,to_in_007,0
2024,다다143744,to_in_008,0
2024,다다143749,to_in_001,8
2024,다다143749,to_in_007,5
2024,다다143749,to_in_008,5
2024,다다143763,to_in_001,88
2024,다다143763,to_in_007,43
2024,다다143763,to_in_008,43
2024,다다143764,to_in_001,53
2024,다다143764,to_in_007,28
2024,다다143764,to_in_008,23
2024,다다143765,to_in_001,13
2024,다다143765,to_in_007,8
2024,다다143765,to_in_008,8
2024,다다143778,to_in_001,5
2024,다다143778,to_in_007,0
2024,다다143778,to_in_008,5
2024,다다143779,to_in_001,18
2024,다다143779,to_in_007,8
2024,다다143779,to_in_008,8
2024,다다143780,to_in_001,18
2024,다다143780,to_in_007,8
2024,다다143780,to_in_008,13
2024,다다143781,to_in_001,5
2024,다다143781,to_in_007,0
2024,다다143781,to_in_008,5
2024,다다143782,to_in_001,23
2024,다다143782,to_in_007,8
2024,다다143782,to_in_008,13
2024,다다143783,to_in_001,8
2024,다다143783,to_in_007,5
2024,다다143783,to_in_008,5
2024,다다143784,to_in_001,18
2024,다다143784,to_in_007,8
2024,다다143784,to_in_008,8
2024,다다143785,to_in_001,23
2024,다다143785,to_in_007,13
2024,다다143785,to_in_008,13
2024,다다143786,to_in_001,13
2024,다다143786,to_in_007,8
2024,다다143786,to_in_008,5
2024,다다143813,to_in_001,5
2024,다다143813,to_in_007,0
2024,다다143813,to_in_008,0
2024,다다143814,to_in_001,13
2024,다다143814,to_in_007,8
2024,다다143814,to_in_008,5
2024,다다143817,to_in_001,5
2024,다다143817,to_in_007,5
2024,다다143817,to_in_008,0
2024,다다142040,to_in_008,8
2024,다다142041,to_in_001,18
2024,다다142041,to_in_007,8
2024,다다142041,to_in_008,8
2024,다다142042,to_in_001,13
2024,다다142042,to_in_007,8
2024,다다142042,to_in_008,5
2024,다다142043,to_in_001,5
2024,다다142043,to_in_007,0
2024,다다142043,to_in_008,0
2024,다다142716,to_in_001,5
2024,다다142716,to_in_007,5
2024,다다142716,to_in_008,0
2024,다다142717,to_in_001,5
2024,다다142717,to_in_007,0
2024,다다142717,to_in_008,5
2024,다다142752,to_in_001,0
2024,다다142752,to_in_007,0
2024,다다142752,to_in_008,0
2024,다다142763,to_in_001,58
2024,다다142763,to_in_007,33
2024,다다142763,to_in_008,28
2024,다다142764,to_in_001,33
2024,다다142764,to_in_007,18
2024,다다142764,to_in_008,13
2024,다다142778,to_in_001,5
2024,다다142778,to_in_007,5
2024,다다142778,to_in_008,0
2024,다다142779,to_in_001,5
2024,다다142779,to_in_007,0
2024,다다142779,to_in_008,5
2024,다다142780,to_in_001,5
2024,다다142780,to_in_007,0
2024,다다142780,to_in_008,0
2024,다다142781,to_in_001,5
2024,다다142781,to_in_007,0
2024,다다142781,to_in_008,0
2024,다다142785,to_in_001,5
2024,다다142785,to_in_007,0
2024,다다142785,to_in_008,5
2024,다다142788,to_in_001,5
2024,다다142788,to_in_007,0
2024,다다142788,to_in_008,5
2024,다다142792,to_in_001,0
2024,다다142792,to_in_007,0
2024,다다142792,to_in_008,0
2024,다다142805,to_in_001,0
2024,다다142805,to_in_007,0
2024,다다142805,to_in_008,0
2024,다다142807,to_in_001,8
2024,다다142807,to_in_007,5
2024,다다142807,to_in_008,8
2024,다다142817,to_in_001,5
2024,다다142817,to_in_007,0
2024,다다142817,to_in_008,5
2024,다다142819,to_in_001,8
2024,다다142819,to_in_007,8
2024,다다142819,to_in_008,0
2024,다다142923,to_in_001,5
2024,다다142923,to_in_007,5
2024,다다142923,to_in_008,0
2024,다다142924,to_in_001,8
2024,다다142924,to_in_007,5
2024,다다142924,to_in_008,5
2024,다다142925,to_in_001,5
2024,다다142925,to_in_007,0
2024,다다142925,to_in_008,0
2024,다다142926,to_in_001,5
2024,다다142926,to_in_007,5
2024,다다142926,to_in_008,5
2024,다다142927,to_in_001,5
2024,다다142927,to_in_007,0
2024,다다142927,to_in_008,0
2024,다다142979,to_in_001,5
2024,다다142979,to_in_007,0
2024,다다142979,to_in_008,5
2024,다다142992,to_in_001,5
2024,다다142992,to_in_007,5
2024,다다142992,to_in_008,5
2024,다다142995,to_in_001,13
2024,다다142995,to_in_007,8
2024,다다142995,to_in_008,5
2024,다다142999,to_in_001,0
2024,다다142999,to_in_007,0
2024,다다142999,to_in_008,0
2024,다다143002,to_in_001,0
2024,다다143002,to_in_007,0
2024,다다143002,to_in_008,0
2024,다다143006,to_in_001,5
2024,다다143006,to_in_007,5
2024,다다143006,to_in_008,0
2024,다다151036,to_in_001,91
2024,다다151036,to_in_007,43
2024,다다151036,to_in_008,51
2024,다다151037,to_in_001,23
2024,다다151037,to_in_007,13
2024,다다151037,to_in_008,13
2024,다다151038,to_in_001,59
2024,다다151038,to_in_007,34
2024,다다151038,to_in_008,23
2024,다다151039,to_in_001,92
2024,다다151039,to_in_007,52
2024,다다151039,to_in_008,43
2024,다다151040,to_in_001,48
2024,다다151040,to_in_007,23
2024,다다151040,to_in_008,28
2024,다다151743,to_in_001,8
2024,다다151743,to_in_007,5
2024,다다151743,to_in_008,5
2024,다다151745,to_in_001,5
2024,다다151745,to_in_007,5
2024,다다151745,to_in_008,0
2024,다다151768,to_in_001,5
2024,다다151768,to_in_007,0
2024,다다151768,to_in_008,5
2024,다다151778,to_in_001,5
2024,다다151778,to_in_007,5
2024,다다151778,to_in_008,0
2024,다다151800,to_in_001,13
2024,다다151800,to_in_007,8
2024,다다151800,to_in_008,8
2024,다다151801,to_in_001,8
2024,다다151801,to_in_007,8
2024,다다151801,to_in_008,5
2024,다다151805,to_in_001,5
2024,다다151805,to_in_007,0
2024,다다151805,to_in_008,5
2024,다다151806,to_in_001,8
2024,다다151806,to_in_007,5
2024,다다151806,to_in_008,8
2024,다다151812,to_in_001,5
2024,다다151812,to_in_007,5
2024,다다151812,to_in_008,0
2024,다다151923,to_in_001,8
2024,다다151923,to_in_007,8
2024,다다151923,to_in_008,0
2024,다다151926,to_in_001,5
2024,다다151926,to_in_007,5
2024,다다151926,to_in_008,5
2024,다다151927,to_in_001,8
2024,다다151927,to_in_007,5
2024,다다151927,to_in_008,8
2024,다다151928,to_in_001,8
2024,다다151928,to_in_007,5
2024,다다151928,to_in_008,5
2024,다다151992,to_in_001,8
2024,다다151992,to_in_007,8
2024,다다151992,to_in_008,5
2024,다다152003,to_in_001,5
2024,다다152003,to_in_007,5
2024,다다152003,to_in_008,5
2024,다다152005,to_in_001,8
2024,다다152005,to_in_007,5
2024,다다152005,to_in_008,5
2024,다다152007,to_in_001,0
2024,다다152007,to_in_007,0
2024,다다152007,to_in_008,0
2024,다다152013,to_in_001,0
2024,다다152013,to_in_007,0
2024,다다152013,to_in_008,0
2024,다다152019,to_in_001,0
2024,다다152019,to_in_007,0
2024,다다152019,to_in_008,0
2024,다다152020,to_in_001,5
2024,다다152020,to_in_007,5
2024,다다152020,to_in_008,0
2024,다다152021,to_in_001,18
2024,다다152021,to_in_007,8
2024,다다152021,to_in_008,8
2024,다다152022,to_in_001,170
2024,다다152022,to_in_007,89
2024,다다152022,to_in_008,79
2024,다다152023,to_in_001,58
2024,다다152023,to_in_007,28
2024,다다152023,to_in_008,28
2024,다다152029,to_in_001,566
2024,다다152029,to_in_007,244
2024,다다152029,to_in_008,324
2024,다다152030,to_in_001,149
2024,다다152030,to_in_007,71
2024,다다152030,to_in_008,81
2024,다다152031,to_in_001,147
2024,다다152031,to_in_007,73
2024,다다152031,to_in_008,77
2024,다다152032,to_in_001,346
2024,다다152032,to_in_007,174
2024,다다152032,to_in_008,175
2024,다다152033,to_in_001,402
2024,다다152033,to_in_007,215
2024,다다152033,to_in_008,185
2024,다다152034,to_in_001,129
2024,다다152034,to_in_007,70
2024,다다152034,to_in_008,57
2024,다다153029,to_in_001,190
2024,다다153029,to_in_007,91
2024,다다153029,to_in_008,97
2024,다다153030,to_in_001,266
2024,다다153030,to_in_007,136
2024,다다153030,to_in_008,128
2024,다다153031,to_in_001,100
2024,다다153031,to_in_007,55
2024,다다153031,to_in_008,43
2024,다다153037,to_in_001,64
2024,다다153037,to_in_007,33
2024,다다153037,to_in_008,34
2024,다다153038,to_in_001,54
2024,다다153038,to_in_007,28
2024,다다153038,to_in_008,29
2024,다다153039,to_in_001,105
2024,다다153039,to_in_007,52
2024,다다153039,to_in_008,56
2024,다다153040,to_in_001,73
2024,다다153040,to_in_007,38
2024,다다153040,to_in_008,33
2024,다다153041,to_in_001,109
2024,다다153041,to_in_007,54
2024,다다153041,to_in_008,53
2024,다다153042,to_in_001,73
2024,다다153042,to_in_007,43
2024,다다153042,to_in_008,33
2024,다다153043,to_in_001,33
2024,다다153043,to_in_007,18
2024,다다153043,to_in_008,13
2024,다다153743,to_in_001,13
2024,다다153743,to_in_007,8
2024,다다153743,to_in_008,8
2024,다다153744,to_in_001,8
2024,다다153744,to_in_007,8
2024,다다153744,to_in_008,5
2024,다다153745,to_in_001,5
2024,다다153745,to_in_007,5
2024,다다153745,to_in_008,5
2024,다다153753,to_in_001,5
2024,다다153753,to_in_007,0
2024,다다153753,to_in_008,0
2024,다다153754,to_in_001,0
2024,다다153754,to_in_007,0
2024,다다153754,to_in_008,0
2024,다다153761,to_in_001,5
2024,다다153761,to_in_007,5
2024,다다153761,to_in_008,5
2024,다다153804,to_in_001,5
2024,다다153804,to_in_007,0
2024,다다153804,to_in_008,5
2024,다다153805,to_in_001,5
2024,다다153805,to_in_007,5
2024,다다153805,to_in_008,0
2024,다다153923,to_in_001,8
2024,다다153923,to_in_007,5
2024,다다153923,to_in_008,5
2024,다다154000,to_in_001,13
2024,다다154000,to_in_007,8
2024,다다154000,to_in_008,8
2024,다다154001,to_in_001,13
2024,다다154001,to_in_007,8
2024,다다154001,to_in_008,5
2024,다다154002,to_in_001,28
2024,다다154002,to_in_007,13
2024,다다154002,to_in_008,18
2024,다다154003,to_in_001,48
2024,다다154003,to_in_007,28
2024,다다154003,to_in_008,23
2024,다다154004,to_in_001,5
2024,다다154004,to_in_007,0
2024,다다154004,to_in_008,0
2024,다다154005,to_in_001,59
2024,다다154005,to_in_007,29
2024,다다154005,to_in_008,28
2024,다다154006,to_in_001,66
2024,다다154006,to_in_007,31
2024,다다154006,to_in_008,38
2024,다다154018,to_in_001,5
2024,다다154018,to_in_007,0
2024,다다154018,to_in_008,5
2024,다다154019,to_in_001,0
2024,다다154019,to_in_007,0
2024,다다154019,to_in_008,0
2024,다다154020,to_in_001,54
2024,다다154020,to_in_007,23
2024,다다154020,to_in_008,29
2024,다다154021,to_in_001,179
2024,다다154021,to_in_007,84
2024,다다154021,to_in_008,93
2024,다다154022,to_in_001,13
2024,다다154022,to_in_007,8
2024,다다154022,to_in_008,8
2024,다다154023,to_in_001,143
2024,다다154023,to_in_007,76
2024,다다154023,to_in_008,65
2024,다다154024,to_in_001,107
2024,다다154024,to_in_007,54
2024,다다154024,to_in_008,51
2024,다다154025,to_in_001,383
2024,다다154025,to_in_007,199
2024,다다154025,to_in_008,182
2024,다다154026,to_in_001,13
2024,다다154026,to_in_007,8
2024,다다154026,to_in_008,5
2024,다다157006,to_in_001,8
2024,다다157006,to_in_007,5
2024,다다157006,to_in_008,5
2024,다다157007,to_in_001,8
2024,다다157007,to_in_007,5
2024,다다143924,to_in_001,5
2024,다다143924,to_in_007,0
2024,다다143924,to_in_008,5
2024,다다143925,to_in_001,5
2024,다다143925,to_in_007,0
2024,다다143925,to_in_008,0
2024,다다143926,to_in_001,8
2024,다다143926,to_in_007,5
2024,다다143926,to_in_008,8
2024,다다143927,to_in_001,5
2024,다다143927,to_in_007,0
2024,다다143927,to_in_008,5
2024,다다143993,to_in_001,0
2024,다다143993,to_in_007,0
2024,다다143993,to_in_008,0
2024,다다144004,to_in_001,0
2024,다다144004,to_in_007,0
2024,다다144004,to_in_008,0
2024,다다144006,to_in_001,8
2024,다다144006,to_in_007,5
2024,다다144006,to_in_008,8
2024,다다147751,to_in_001,5
2024,다다147751,to_in_007,0
2024,다다147751,to_in_008,5
2024,다다147762,to_in_001,5
2024,다다147762,to_in_007,0
2024,다다147762,to_in_008,0
2024,다다147763,to_in_001,13
2024,다다147763,to_in_007,8
2024,다다147763,to_in_008,5
2024,다다147764,to_in_001,18
2024,다다147764,to_in_007,8
2024,다다147764,to_in_008,8
2024,다다147765,to_in_001,13
2024,다다147765,to_in_007,8
2024,다다147765,to_in_008,5
2024,다다147769,to_in_001,5
2024,다다147769,to_in_007,5
2024,다다147769,to_in_008,5
2024,다다147770,to_in_001,13
2024,다다147770,to_in_007,8
2024,다다147770,to_in_008,5
2024,다다147771,to_in_001,5
2024,다다147771,to_in_007,5
2024,다다147771,to_in_008,5
2024,다다147772,to_in_001,23
2024,다다147772,to_in_007,13
2024,다다147772,to_in_008,13
2024,다다147773,to_in_001,18
2024,다다147773,to_in_007,8
2024,다다147773,to_in_008,8
2024,다다147774,to_in_001,23
2024,다다147774,to_in_007,13
2024,다다147774,to_in_008,8
2024,다다147775,to_in_001,5
2024,다다147775,to_in_007,0
2024,다다147775,to_in_008,0
2024,다다147780,to_in_001,5
2024,다다147780,to_in_007,0
2024,다다147780,to_in_008,0
2024,다다147805,to_in_001,0
2024,다다147805,to_in_007,0
2024,다다147805,to_in_008,0
2024,다다147813,to_in_001,5
2024,다다147813,to_in_007,5
2024,다다147813,to_in_008,0
2024,다다148006,to_in_001,133
2024,다다148006,to_in_007,72
2024,다다148006,to_in_008,64
2024,다다148007,to_in_001,65
2024,다다148007,to_in_007,29
2024,다다148007,to_in_008,39
2024,다다148020,to_in_001,18
2024,다다148020,to_in_007,8
2024,다다148020,to_in_008,8
2024,다다148021,to_in_001,23
2024,다다148021,to_in_007,13
2024,다다148021,to_in_008,13
2024,다다148022,to_in_001,38
2024,다다148022,to_in_007,18
2024,다다148022,to_in_008,18
2024,다다148023,to_in_001,5
2024,다다148023,to_in_007,0
2024,다다148023,to_in_008,5
2024,다다148025,to_in_001,0
2024,다다148025,to_in_007,0
2024,다다148025,to_in_008,0
2024,다다148026,to_in_001,5
2024,다다148026,to_in_007,0
2024,다다148026,to_in_008,0
2024,다다148027,to_in_001,33
2024,다다148027,to_in_007,13
2024,다다148027,to_in_008,23
2024,다다148028,to_in_001,23
2024,다다148028,to_in_007,13
2024,다다148028,to_in_008,13
2024,다다148029,to_in_001,250
2024,다다148029,to_in_007,117
2024,다다148029,to_in_008,136
2024,다다148030,to_in_001,427
2024,다다148030,to_in_007,218
2024,다다148030,to_in_008,207
2024,다다148031,to_in_001,402
2024,다다148031,to_in_007,197
2024,다다148031,to_in_008,203
2024,다다148032,to_in_001,254
2024,다다148032,to_in_007,128
2024,다다148032,to_in_008,129
2024,다다148033,to_in_001,265
2024,다다148033,to_in_007,115
2024,다다148033,to_in_008,148
2024,다다148034,to_in_001,18
2024,다다148034,to_in_007,13
2024,다다148034,to_in_008,8
2024,다다148035,to_in_001,326
2024,다다148035,to_in_007,155
2024,다다148035,to_in_008,169
2024,다다148036,to_in_001,8
2024,다다148036,to_in_007,5
2024,다다148036,to_in_008,8
2024,다다148037,to_in_001,133
2024,다다148037,to_in_007,61
2024,다다148037,to_in_008,70
2024,다다148038,to_in_001,128
2024,다다148038,to_in_007,70
2024,다다148038,to_in_008,61
2024,다다148039,to_in_001,73
2024,다다148039,to_in_007,38
2024,다다148039,to_in_008,38
2024,다다148040,to_in_001,33
2024,다다148040,to_in_007,18
2024,다다148040,to_in_008,18
2024,다다150037,to_in_001,103
2024,다다150037,to_in_007,51
2024,다다150037,to_in_008,50
2024,다다150038,to_in_001,105
2024,다다150038,to_in_007,54
2024,다다150038,to_in_008,49
2024,다다150039,to_in_001,261
2024,다다150039,to_in_007,124
2024,다다150039,to_in_008,135
2024,다다150040,to_in_001,5
2024,다다150040,to_in_007,5
2024,다다150040,to_in_008,0
2024,다다150746,to_in_001,8
2024,다다150746,to_in_007,8
2024,다다150746,to_in_008,5
2024,다다150747,to_in_001,5
2024,다다150747,to_in_007,5
2024,다다150747,to_in_008,5
2024,다다150768,to_in_001,18
2024,다다150768,to_in_007,8
2024,다다150768,to_in_008,8
2024,다다150799,to_in_001,8
2024,다다150799,to_in_007,5
2024,다다150799,to_in_008,5
2024,다다150800,to_in_001,23
2024,다다150800,to_in_007,13
2024,다다150800,to_in_008,13
2024,다다150801,to_in_001,8
2024,다다150801,to_in_007,5
2024,다다150801,to_in_008,5
2024,다다150805,to_in_001,8
2024,다다150805,to_in_007,0
2024,다다150805,to_in_008,8
2024,다다150806,to_in_001,0
2024,다다150806,to_in_007,0
2024,다다150806,to_in_008,0
2024,다다150807,to_in_001,0
2024,다다150807,to_in_007,0
2024,다다150807,to_in_008,0
2024,다다150809,to_in_001,8
2024,다다150809,to_in_007,5
2024,다다150809,to_in_008,8
2024,다다150810,to_in_001,5
2024,다다150810,to_in_007,5
2024,다다150810,to_in_008,0
2024,다다150814,to_in_001,5
2024,다다150814,to_in_007,5
2024,다다150814,to_in_008,5
2024,다다150927,to_in_001,8
2024,다다150927,to_in_007,5
2024,다다150927,to_in_008,8
2024,다다150928,to_in_001,8
2024,다다150928,to_in_007,8
2024,다다150928,to_in_008,5
2024,다다151003,to_in_001,5
2024,다다151003,to_in_007,5
2024,다다151003,to_in_008,5
2024,다다151006,to_in_001,8
2024,다다151006,to_in_007,8
2024,다다151006,to_in_008,5
2024,다다151009,to_in_001,5
2024,다다151009,to_in_007,5
2024,다다151009,to_in_008,0
2024,다다151017,to_in_001,8
2024,다다151017,to_in_007,8
2024,다다151017,to_in_008,5
2024,다다151020,to_in_001,132
2024,다다151020,to_in_007,66
2024,다다151020,to_in_008,69
2024,다다151021,to_in_001,61
2024,다다151021,to_in_007,30
2024,다다151021,to_in_008,34
2024,다다151022,to_in_001,23
2024,다다151022,to_in_007,13
2024,다다151022,to_in_008,13
2024,다다151023,to_in_001,33
2024,다다151023,to_in_007,18
2024,다다151023,to_in_008,13
2024,다다151024,to_in_001,18
2024,다다151024,to_in_007,8
2024,다다151024,to_in_008,8
2024,다다151025,to_in_001,5
2024,다다151025,to_in_007,0
2024,다다151025,to_in_008,5
2024,다다151028,to_in_001,360
2024,다다151028,to_in_007,158
2024,다다151028,to_in_008,205
2024,다다151029,to_in_001,232
2024,다다151029,to_in_007,108
2024,다다151029,to_in_008,122
2024,다다151030,to_in_001,242
2024,다다151030,to_in_007,121
2024,다다151030,to_in_008,124
2024,다다151031,to_in_001,78
2024,다다151031,to_in_007,39
2024,다다151031,to_in_008,42
2024,다다151032,to_in_001,87
2024,다다151032,to_in_007,40
2024,다다151032,to_in_008,50
2024,다다151033,to_in_001,353
2024,다다151033,to_in_007,180
2024,다다151033,to_in_008,171
2024,다다151034,to_in_001,182
2024,다다151034,to_in_007,93
2024,다다151034,to_in_008,92
2024,다다155027,to_in_001,39
2024,다다155027,to_in_007,19
2024,다다155027,to_in_008,18
2024,다다155028,to_in_001,43
2024,다다155028,to_in_007,23
2024,다다155028,to_in_008,23
2024,다다155029,to_in_001,58
2024,다다155029,to_in_007,28
2024,다다155029,to_in_008,33
2024,다다155030,to_in_001,8
2024,다다155030,to_in_007,5
2024,다다155030,to_in_008,5
2024,다다155031,to_in_001,8
2024,다다155031,to_in_007,5
2024,다다155031,to_in_008,5
2024,다다155038,to_in_001,5
2024,다다155038,to_in_007,5
2024,다다155038,to_in_008,5
2024,다다155039,to_in_001,8
2024,다다155039,to_in_007,5
2024,다다155039,to_in_008,5
2024,다다155040,to_in_001,63
2024,다다155040,to_in_007,33
2024,다다155040,to_in_008,33
2024,다다155041,to_in_001,96
2024,다다155041,to_in_007,50
2024,다다155041,to_in_008,49
2024,다다155042,to_in_001,117
2024,다다155042,to_in_007,65
2024,다다155042,to_in_008,50
2024,다다155043,to_in_001,192
2024,다다155043,to_in_007,99
2024,다다155043,to_in_008,91
2024,다다155044,to_in_001,244
2024,다다155044,to_in_007,136
2024,다다155044,to_in_008,111
2024,다다155045,to_in_001,90
2024,다다155045,to_in_007,38
2024,다다155045,to_in_008,50
2024,다다155046,to_in_001,64
2024,다다155046,to_in_007,34
2024,다다155046,to_in_008,33
2024,다다155047,to_in_001,13
2024,다다155047,to_in_007,8
2024,다다155047,to_in_008,8
2024,다다155743,to_in_001,5
2024,다다155743,to_in_007,5
2024,다다155743,to_in_008,0
2024,다다155744,to_in_001,5
2024,다다155744,to_in_007,5
2024,다다155744,to_in_008,0
2024,다다155755,to_in_001,5
2024,다다155755,to_in_007,5
2024,다다155755,to_in_008,0
2024,다다155767,to_in_001,8
2024,다다155767,to_in_007,8
2024,다다138764,to_in_001,5
2024,다다138764,to_in_007,5
2024,다다138764,to_in_008,0
2024,다다138773,to_in_001,8
2024,다다138773,to_in_007,5
2024,다다138773,to_in_008,5
2024,다다144007,to_in_001,0
2024,다다144007,to_in_007,0
2024,다다144007,to_in_008,0
2024,다다144020,to_in_001,5
2024,다다144020,to_in_007,0
2024,다다144020,to_in_008,5
2024,다다144026,to_in_001,13
2024,다다144026,to_in_007,5
2024,다다144026,to_in_008,8
2024,다다144027,to_in_001,63
2024,다다144027,to_in_007,33
2024,다다144027,to_in_008,28
2024,다다144028,to_in_001,43
2024,다다144028,to_in_007,23
2024,다다144028,to_in_008,23
2024,다다144029,to_in_001,218
2024,다다144029,to_in_007,113
2024,다다144029,to_in_008,108
2024,다다144030,to_in_001,81
2024,다다144030,to_in_007,39
2024,다다144030,to_in_008,45
2024,다다144031,to_in_001,54
2024,다다144031,to_in_007,23
2024,다다144031,to_in_008,29
2024,다다144032,to_in_001,18
2024,다다144032,to_in_007,8
2024,다다144032,to_in_008,8
2024,다다144033,to_in_001,109
2024,다다144033,to_in_007,49
2024,다다144033,to_in_008,58
2024,다다144034,to_in_001,291
2024,다다144034,to_in_007,145
2024,다다144034,to_in_008,149
2024,다다144035,to_in_001,130
2024,다다144035,to_in_007,67
2024,다다144035,to_in_008,66
2024,다다144036,to_in_001,204
2024,다다144036,to_in_007,82
2024,다다144036,to_in_008,125
2024,다다144040,to_in_001,28
2024,다다144040,to_in_007,13
2024,다다144040,to_in_008,13
2024,다다144742,to_in_001,8
2024,다다144742,to_in_007,5
2024,다다144742,to_in_008,5
2024,다다144743,to_in_001,13
2024,다다144743,to_in_007,5
2024,다다144743,to_in_008,8
2024,다다144744,to_in_001,5
2024,다다144744,to_in_007,5
2024,다다144744,to_in_008,5
2024,다다144745,to_in_001,5
2024,다다144745,to_in_007,5
2024,다다144745,to_in_008,5
2024,다다144746,to_in_001,13
2024,다다144746,to_in_007,8
2024,다다144746,to_in_008,5
2024,다다144747,to_in_001,5
2024,다다144747,to_in_007,0
2024,다다144747,to_in_008,5
2024,다다144762,to_in_001,8
2024,다다144762,to_in_007,5
2024,다다144762,to_in_008,5
2024,다다144763,to_in_001,60
2024,다다144763,to_in_007,29
2024,다다144763,to_in_008,34
2024,다다144764,to_in_001,79
2024,다다144764,to_in_007,35
2024,다다144764,to_in_008,42
2024,다다144765,to_in_001,8
2024,다다144765,to_in_007,5
2024,다다144765,to_in_008,5
2024,다다144776,to_in_001,5
2024,다다144776,to_in_007,0
2024,다다144776,to_in_008,0
2024,다다144778,to_in_001,8
2024,다다144778,to_in_007,5
2024,다다144778,to_in_008,0
2024,다다144779,to_in_001,5
2024,다다144779,to_in_007,5
2024,다다144779,to_in_008,0
2024,다다144780,to_in_001,18
2024,다다144780,to_in_007,8
2024,다다144780,to_in_008,8
2024,다다144781,to_in_001,18
2024,다다144781,to_in_007,8
2024,다다144781,to_in_008,8
2024,다다144782,to_in_001,23
2024,다다144782,to_in_007,8
2024,다다144782,to_in_008,13
2024,다다144783,to_in_001,8
2024,다다144783,to_in_007,8
2024,다다144783,to_in_008,5
2024,다다144784,to_in_001,8
2024,다다144784,to_in_007,8
2024,다다144784,to_in_008,5
2024,다다144785,to_in_001,18
2024,다다144785,to_in_007,8
2024,다다144785,to_in_008,13
2024,다다144786,to_in_001,8
2024,다다144786,to_in_007,5
2024,다다144786,to_in_008,5
2024,다다144807,to_in_001,5
2024,다다144807,to_in_007,0
2024,다다144807,to_in_008,5
2024,다다144811,to_in_001,0
2024,다다144811,to_in_007,0
2024,다다144811,to_in_008,0
2024,다다144812,to_in_001,5
2024,다다144812,to_in_007,0
2024,다다144812,to_in_008,5
2024,다다144813,to_in_001,33
2024,다다144813,to_in_007,13
2024,다다144813,to_in_008,18
2024,다다144814,to_in_001,5
2024,다다144814,to_in_007,0
2024,다다144814,to_in_008,5
2024,다다144816,to_in_001,5
2024,다다144816,to_in_007,5
2024,다다144816,to_in_008,5
2024,다다144929,to_in_001,5
2024,다다144929,to_in_007,5
2024,다다144929,to_in_008,0
2024,다다145001,to_in_001,18
2024,다다145001,to_in_007,8
2024,다다145001,to_in_008,13
2024,다다145007,to_in_001,5
2024,다다145007,to_in_007,0
2024,다다145007,to_in_008,0
2024,다다148741,to_in_001,5
2024,다다148741,to_in_007,0
2024,다다148741,to_in_008,5
2024,다다148751,to_in_001,8
2024,다다148751,to_in_007,5
2024,다다148751,to_in_008,5
2024,다다148752,to_in_001,8
2024,다다148752,to_in_007,5
2024,다다148752,to_in_008,8
2024,다다148764,to_in_001,23
2024,다다148764,to_in_007,13
2024,다다148764,to_in_008,13
2024,다다148765,to_in_001,23
2024,다다148765,to_in_007,13
2024,다다148765,to_in_008,8
2024,다다148767,to_in_001,28
2024,다다148767,to_in_007,13
2024,다다148767,to_in_008,13
2024,다다148768,to_in_001,13
2024,다다148768,to_in_007,8
2024,다다148768,to_in_008,8
2024,다다148769,to_in_001,28
2024,다다148769,to_in_007,13
2024,다다148769,to_in_008,13
2024,다다148770,to_in_001,5
2024,다다148770,to_in_007,5
2024,다다148770,to_in_008,0
2024,다다148771,to_in_001,5
2024,다다148771,to_in_007,0
2024,다다148771,to_in_008,0
2024,다다148772,to_in_001,5
2024,다다148772,to_in_007,0
2024,다다148772,to_in_008,5
2024,다다148773,to_in_001,5
2024,다다148773,to_in_007,5
2024,다다148773,to_in_008,0
2024,다다148777,to_in_001,8
2024,다다148777,to_in_007,5
2024,다다148777,to_in_008,5
2024,다다148809,to_in_001,0
2024,다다148809,to_in_007,0
2024,다다148809,to_in_008,0
2024,다다148810,to_in_001,8
2024,다다148810,to_in_007,5
2024,다다148810,to_in_008,5
2024,다다148814,to_in_001,8
2024,다다148814,to_in_007,8
2024,다다148814,to_in_008,0
2024,다다148815,to_in_001,0
2024,다다148815,to_in_007,0
2024,다다148815,to_in_008,0
2024,다다148816,to_in_001,8
2024,다다148816,to_in_007,5
2024,다다148816,to_in_008,5
2024,다다148923,to_in_001,5
2024,다다148923,to_in_007,5
2024,다다148923,to_in_008,0
2024,다다149020,to_in_001,8
2024,다다149020,to_in_007,5
2024,다다149020,to_in_008,5
2024,다다149021,to_in_001,18
2024,다다149021,to_in_007,13
2024,다다149021,to_in_008,8
2024,다다149022,to_in_001,73
2024,다다149022,to_in_007,33
2024,다다149022,to_in_008,38
2024,다다149024,to_in_001,23
2024,다다149024,to_in_007,13
2024,다다149024,to_in_008,13
2024,다다149029,to_in_001,299
2024,다다149029,to_in_007,154
2024,다다149029,to_in_008,148
2024,다다149030,to_in_001,109
2024,다다149030,to_in_007,55
2024,다다149030,to_in_008,57
2024,다다149032,to_in_001,225
2024,다다149032,to_in_007,109
2024,다다149032,to_in_008,114
2024,다다149033,to_in_001,711
2024,다다149033,to_in_007,361
2024,다다149033,to_in_008,355
2024,다다149034,to_in_001,71
2024,다다149034,to_in_007,34
2024,다다149034,to_in_008,35
2024,다다149035,to_in_001,151
2024,다다149035,to_in_007,70
2024,다다149035,to_in_008,79
2024,다다149036,to_in_001,273
2024,다다149036,to_in_007,137
2024,다다149036,to_in_008,134
2024,다다149037,to_in_001,48
2024,다다149037,to_in_007,23
2024,다다149037,to_in_008,23
2024,다다149038,to_in_001,70
2024,다다149038,to_in_007,33
2024,다다149038,to_in_008,35
2024,다다156020,to_in_001,5
2024,다다156020,to_in_007,5
2024,다다156020,to_in_008,0
2024,다다156022,to_in_001,73
2024,다다156022,to_in_007,38
2024,다다156022,to_in_008,33
2024,다다156023,to_in_001,96
2024,다다156023,to_in_007,53
2024,다다156023,to_in_008,46
2024,다다156024,to_in_001,63
2024,다다156024,to_in_007,28
2024,다다156024,to_in_008,33
2024,다다156026,to_in_001,18
2024,다다156026,to_in_007,8
2024,다다156026,to_in_008,8
2024,다다156027,to_in_001,8
2024,다다156027,to_in_007,5
2024,다다156027,to_in_008,5
2024,다다156028,to_in_001,73
2024,다다156028,to_in_007,39
2024,다다156028,to_in_008,37
2024,다다156029,to_in_001,149
2024,다다156029,to_in_007,69
2024,다다156029,to_in_008,83
2024,다다156030,to_in_001,18
2024,다다156030,to_in_007,13
2024,다다156030,to_in_008,8
2024,다다156037,to_in_001,18
2024,다다156037,to_in_007,8
2024,다다156037,to_in_008,8
2024,다다156040,to_in_001,18
2024,다다156040,to_in_007,8
2024,다다156040,to_in_008,8
2024,다다156041,to_in_001,101
2024,다다156041,to_in_007,55
2024,다다156041,to_in_008,44
2024,다다156042,to_in_001,100
2024,다다156042,to_in_007,44
2024,다다156042,to_in_008,54
2024,다다156043,to_in_001,185
2024,다다156043,to_in_007,106
2024,다다156043,to_in_008,77
2024,다다156044,to_in_001,63
2024,다다156044,to_in_007,33
2024,다다156044,to_in_008,28
2024,다다156045,to_in_001,107
2024,다다156045,to_in_007,56
2024,다다156045,to_in_008,54
2024,다다156046,to_in_001,100
2024,다다156046,to_in_007,53
2024,다다156046,to_in_008,45
2024,다다156047,to_in_001,28
2024,다다156047,to_in_007,13
2024,다다156047,to_in_008,18
2024,다다156048,to_in_001,5
2024,다다156048,to_in_007,5
2024,다다156048,to_in_008,0
2024,다다156806,to_in_001,8
2024,다다156806,to_in_007,5
2024,다다156806,to_in_008,8
2024,다다156807,to_in_001,18
2024,다다156807,to_in_007,8
2024,다다145780,to_in_001,18
2024,다다145780,to_in_007,8
2024,다다145780,to_in_008,8
2024,다다145781,to_in_001,5
2024,다다145781,to_in_007,0
2024,다다145781,to_in_008,5
2024,다다145783,to_in_001,8
2024,다다145783,to_in_007,8
2024,다다145783,to_in_008,5
2024,다다145784,to_in_001,5
2024,다다145784,to_in_007,5
2024,다다145784,to_in_008,5
2024,다다146776,to_in_001,8
2024,다다146776,to_in_007,5
2024,다다146776,to_in_008,8
2024,다다146777,to_in_001,5
2024,다다146777,to_in_007,5
2024,다다146777,to_in_008,0
2024,다다146780,to_in_001,5
2024,다다146780,to_in_007,0
2024,다다146780,to_in_008,5
2024,다다146781,to_in_001,5
2024,다다146781,to_in_007,0
2024,다다146781,to_in_008,0
2024,다다146813,to_in_001,5
2024,다다146813,to_in_007,5
2024,다다146813,to_in_008,0
2024,다다147000,to_in_001,23
2024,다다147000,to_in_007,13
2024,다다147000,to_in_008,13
2024,다다147001,to_in_001,28
2024,다다147001,to_in_007,13
2024,다다147001,to_in_008,13
2024,다다147004,to_in_001,5
2024,다다147004,to_in_007,5
2024,다다147004,to_in_008,0
2024,다다147005,to_in_001,5
2024,다다147005,to_in_007,5
2024,다다147005,to_in_008,0
2024,다다147006,to_in_001,23
2024,다다147006,to_in_007,8
2024,다다147006,to_in_008,13
2024,다다147007,to_in_001,28
2024,다다147007,to_in_007,18
2024,다다147007,to_in_008,13
2024,다다147011,to_in_001,8
2024,다다147011,to_in_007,5
2024,다다147011,to_in_008,5
2024,다다147014,to_in_001,8
2024,다다147014,to_in_007,5
2024,다다147014,to_in_008,5
2024,다다147018,to_in_001,5
2024,다다147018,to_in_007,0
2024,다다147018,to_in_008,0
2024,다다147019,to_in_001,13
2024,다다147019,to_in_007,8
2024,다다147019,to_in_008,5
2024,다다147020,to_in_001,18
2024,다다147020,to_in_007,8
2024,다다147020,to_in_008,8
2024,다다147021,to_in_001,13
2024,다다147021,to_in_007,8
2024,다다147021,to_in_008,8
2024,다다147022,to_in_001,8
2024,다다147022,to_in_007,8
2024,다다147022,to_in_008,5
2024,다다147023,to_in_001,8
2024,다다147023,to_in_007,8
2024,다다147023,to_in_008,5
2024,다다147025,to_in_001,8
2024,다다147025,to_in_007,5
2024,다다147025,to_in_008,5
2024,다다147026,to_in_001,18
2024,다다147026,to_in_007,8
2024,다다147026,to_in_008,8
2024,다다147027,to_in_001,33
2024,다다147027,to_in_007,18
2024,다다147027,to_in_008,18
2024,다다147028,to_in_001,156
2024,다다147028,to_in_007,76
2024,다다147028,to_in_008,78
2024,다다147029,to_in_001,441
2024,다다147029,to_in_007,216
2024,다다147029,to_in_008,223
2024,다다147030,to_in_001,431
2024,다다147030,to_in_007,210
2024,다다147030,to_in_008,216
2024,다다147031,to_in_001,287
2024,다다147031,to_in_007,132
2024,다다147031,to_in_008,153
2024,다다147032,to_in_001,373
2024,다다147032,to_in_007,180
2024,다다147032,to_in_008,191
2024,다다147033,to_in_001,239
2024,다다147033,to_in_007,124
2024,다다147033,to_in_008,118
2024,다다147034,to_in_001,103
2024,다다147034,to_in_007,48
2024,다다147034,to_in_008,53
2024,다다147035,to_in_001,122
2024,다다147035,to_in_007,64
2024,다다147035,to_in_008,61
2024,다다147036,to_in_001,48
2024,다다147036,to_in_007,23
2024,다다147036,to_in_008,23
2024,다다147037,to_in_001,242
2024,다다147037,to_in_007,114
2024,다다147037,to_in_008,131
2024,다다147038,to_in_001,155
2024,다다147038,to_in_007,84
2024,다다147038,to_in_008,69
2024,다다147039,to_in_001,78
2024,다다147039,to_in_007,33
2024,다다147039,to_in_008,43
2024,다다147040,to_in_001,38
2024,다다147040,to_in_007,23
2024,다다147040,to_in_008,13
2024,다다147742,to_in_001,8
2024,다다147742,to_in_007,8
2024,다다147742,to_in_008,5
2024,다다149039,to_in_001,87
2024,다다149039,to_in_007,40
2024,다다149039,to_in_008,45
2024,다다149040,to_in_001,33
2024,다다149040,to_in_007,18
2024,다다149040,to_in_008,13
2024,다다149741,to_in_001,5
2024,다다149741,to_in_007,5
2024,다다149741,to_in_008,0
2024,다다149747,to_in_001,8
2024,다다149747,to_in_007,8
2024,다다149747,to_in_008,5
2024,다다149748,to_in_001,13
2024,다다149748,to_in_007,8
2024,다다149748,to_in_008,8
2024,다다149761,to_in_001,0
2024,다다149761,to_in_007,0
2024,다다149761,to_in_008,0
2024,다다149766,to_in_001,0
2024,다다149766,to_in_007,0
2024,다다149766,to_in_008,0
2024,다다149769,to_in_001,8
2024,다다149769,to_in_007,5
2024,다다149769,to_in_008,5
2024,다다149774,to_in_001,0
2024,다다149774,to_in_007,0
2024,다다149774,to_in_008,0
2024,다다149794,to_in_001,0
2024,다다149794,to_in_007,0
2024,다다149794,to_in_008,0
2024,다다149809,to_in_001,8
2024,다다149809,to_in_007,5
2024,다다149809,to_in_008,5
2024,다다149810,to_in_001,23
2024,다다149810,to_in_007,8
2024,다다149810,to_in_008,13
2024,다다149811,to_in_001,5
2024,다다149811,to_in_007,0
2024,다다149811,to_in_008,5
2024,다다149815,to_in_001,8
2024,다다149815,to_in_007,8
2024,다다149815,to_in_008,8
2024,다다149816,to_in_001,8
2024,다다149816,to_in_007,8
2024,다다149816,to_in_008,5
2024,다다149928,to_in_001,0
2024,다다149928,to_in_007,0
2024,다다149928,to_in_008,0
2024,다다149958,to_in_001,5
2024,다다149958,to_in_007,0
2024,다다149958,to_in_008,0
2024,다다150004,to_in_001,5
2024,다다150004,to_in_007,0
2024,다다150004,to_in_008,5
2024,다다150019,to_in_001,54
2024,다다150019,to_in_007,23
2024,다다150019,to_in_008,29
2024,다다150020,to_in_001,33
2024,다다150020,to_in_007,18
2024,다다150020,to_in_008,18
2024,다다150021,to_in_001,28
2024,다다150021,to_in_007,13
2024,다다150021,to_in_008,13
2024,다다150022,to_in_001,8
2024,다다150022,to_in_007,8
2024,다다150022,to_in_008,5
2024,다다150023,to_in_001,13
2024,다다150023,to_in_007,8
2024,다다150023,to_in_008,8
2024,다다150024,to_in_001,73
2024,다다150024,to_in_007,33
2024,다다150024,to_in_008,38
2024,다다150027,to_in_001,159
2024,다다150027,to_in_007,68
2024,다다150027,to_in_008,94
2024,다다150028,to_in_001,320
2024,다다150028,to_in_007,136
2024,다다150028,to_in_008,182
2024,다다150029,to_in_001,602
2024,다다150029,to_in_007,298
2024,다다150029,to_in_008,304
2024,다다150030,to_in_001,258
2024,다다150030,to_in_007,134
2024,다다150030,to_in_008,122
2024,다다150031,to_in_001,81
2024,다다150031,to_in_007,52
2024,다다150031,to_in_008,29
2024,다다150032,to_in_001,197
2024,다다150032,to_in_007,96
2024,다다150032,to_in_008,99
2024,다다150033,to_in_001,238
2024,다다150033,to_in_007,115
2024,다다150033,to_in_008,126
2024,다다150034,to_in_001,130
2024,다다150034,to_in_007,73
2024,다다150034,to_in_008,60
2024,다다150035,to_in_001,68
2024,다다150035,to_in_007,28
2024,다다150035,to_in_008,43
2024,다다150036,to_in_001,45
2024,다다150036,to_in_007,24
2024,다다150036,to_in_008,24
2024,다다154027,to_in_001,106
2024,다다154027,to_in_007,56
2024,다다154027,to_in_008,48
2024,다다154028,to_in_001,18
2024,다다154028,to_in_007,13
2024,다다154028,to_in_008,8
2024,다다154029,to_in_001,28
2024,다다154029,to_in_007,18
2024,다다154029,to_in_008,13
2024,다다154030,to_in_001,33
2024,다다154030,to_in_007,18
2024,다다154030,to_in_008,18
2024,다다154031,to_in_001,8
2024,다다154031,to_in_007,8
2024,다다154031,to_in_008,5
2024,다다154033,to_in_001,0
2024,다다154033,to_in_007,0
2024,다다154033,to_in_008,0
2024,다다154037,to_in_001,5
2024,다다154037,to_in_007,5
2024,다다154037,to_in_008,0
2024,다다154038,to_in_001,13
2024,다다154038,to_in_007,8
2024,다다154038,to_in_008,8
2024,다다154039,to_in_001,58
2024,다다154039,to_in_007,33
2024,다다154039,to_in_008,28
2024,다다154040,to_in_001,115
2024,다다154040,to_in_007,60
2024,다다154040,to_in_008,53
2024,다다154041,to_in_001,92
2024,다다154041,to_in_007,49
2024,다다154041,to_in_008,41
2024,다다154042,to_in_001,75
2024,다다154042,to_in_007,40
2024,다다154042,to_in_008,38
2024,다다154043,to_in_001,80
2024,다다154043,to_in_007,33
2024,다다154043,to_in_008,45
2024,다다154044,to_in_001,55
2024,다다154044,to_in_007,23
2024,다다154044,to_in_008,30
2024,다다154046,to_in_001,5
2024,다다154046,to_in_007,5
2024,다다154046,to_in_008,5
2024,다다154743,to_in_001,8
2024,다다154743,to_in_007,5
2024,다다154743,to_in_008,5
2024,다다154744,to_in_001,8
2024,다다154744,to_in_007,8
2024,다다154744,to_in_008,5
2024,다다154754,to_in_001,5
2024,다다154754,to_in_007,5
2024,다다154754,to_in_008,0
2024,다다154755,to_in_001,0
2024,다다154755,to_in_007,0
2024,다다154755,to_in_008,0
2024,다다154761,to_in_001,0
2024,다다154761,to_in_007,0
2024,다다154761,to_in_008,0
2024,다다154802,to_in_001,5
2024,다다154802,to_in_007,0
2024,다다154802,to_in_008,5
2024,다다154806,to_in_001,13
2024,다다154806,to_in_007,5
2024,다다154806,to_in_008,8
2024,다다154807,to_in_001,13
2024,다다154807,to_in_007,8
2024,다다154807,to_in_008,8
2024,다다154922,to_in_001,5
2024,다다154922,to_in_007,0
2024,다다157007,to_in_008,5
2024,다다157011,to_in_001,5
2024,다다157011,to_in_007,5
2024,다다157011,to_in_008,5
2024,다다157012,to_in_001,5
2024,다다157012,to_in_007,5
2024,다다157012,to_in_008,5
2024,다다157013,to_in_001,5
2024,다다157013,to_in_007,0
2024,다다157013,to_in_008,0
2024,다다157015,to_in_001,0
2024,다다157015,to_in_007,0
2024,다다157015,to_in_008,0
2024,다다157018,to_in_001,28
2024,다다140033,to_in_007,114
2024,다다140033,to_in_008,143
2024,다다140034,to_in_001,248
2024,다다140034,to_in_007,124
2024,다다140034,to_in_008,127
2024,다다140035,to_in_001,346
2024,다다140035,to_in_007,167
2024,다다140035,to_in_008,177
2024,다다140037,to_in_001,5
2024,다다140037,to_in_007,5
2024,다다140037,to_in_008,5
2024,다다140038,to_in_001,0
2024,다다140038,to_in_007,0
2024,다다140038,to_in_008,0
2024,다다145785,to_in_001,8
2024,다다145785,to_in_007,5
2024,다다145785,to_in_008,8
2024,다다145786,to_in_001,5
2024,다다145786,to_in_007,5
2024,다다145786,to_in_008,0
2024,다다145813,to_in_001,13
2024,다다145813,to_in_007,8
2024,다다145813,to_in_008,8
2024,다다145815,to_in_001,0
2024,다다145815,to_in_007,0
2024,다다145815,to_in_008,0
2024,다다145816,to_in_001,8
2024,다다145816,to_in_007,8
2024,다다145816,to_in_008,0
2024,다다146000,to_in_001,8
2024,다다146000,to_in_007,5
2024,다다146000,to_in_008,8
2024,다다146001,to_in_001,23
2024,다다146001,to_in_007,13
2024,다다146001,to_in_008,8
2024,다다146008,to_in_001,0
2024,다다146008,to_in_007,0
2024,다다146008,to_in_008,0
2024,다다146010,to_in_001,0
2024,다다146010,to_in_007,0
2024,다다146010,to_in_008,0
2024,다다146015,to_in_001,5
2024,다다146015,to_in_007,0
2024,다다146015,to_in_008,0
2024,다다146020,to_in_001,33
2024,다다146020,to_in_007,23
2024,다다146020,to_in_008,13
2024,다다146021,to_in_001,5
2024,다다146021,to_in_007,5
2024,다다146021,to_in_008,5
2024,다다146022,to_in_001,13
2024,다다146022,to_in_007,8
2024,다다146022,to_in_008,8
2024,다다146026,to_in_001,8
2024,다다146026,to_in_007,5
2024,다다146026,to_in_008,5
2024,다다146027,to_in_001,18
2024,다다146027,to_in_007,8
2024,다다146027,to_in_008,8
2024,다다146028,to_in_001,8
2024,다다146028,to_in_007,5
2024,다다146028,to_in_008,5
2024,다다146031,to_in_001,0
2024,다다146031,to_in_007,0
2024,다다146031,to_in_008,0
2024,다다146032,to_in_001,275
2024,다다146032,to_in_007,135
2024,다다146032,to_in_008,138
2024,다다146033,to_in_001,283
2024,다다146033,to_in_007,132
2024,다다146033,to_in_008,154
2024,다다146034,to_in_001,131
2024,다다146034,to_in_007,74
2024,다다146034,to_in_008,60
2024,다다146035,to_in_001,283
2024,다다146035,to_in_007,143
2024,다다146035,to_in_008,143
2024,다다146036,to_in_001,13
2024,다다146036,to_in_007,8
2024,다다146036,to_in_008,8
2024,다다146037,to_in_001,23
2024,다다146037,to_in_007,13
2024,다다146037,to_in_008,13
2024,다다146038,to_in_001,43
2024,다다146038,to_in_007,23
2024,다다146038,to_in_008,18
2024,다다146040,to_in_001,5
2024,다다146040,to_in_007,0
2024,다다146040,to_in_008,0
2024,다다146742,to_in_001,5
2024,다다146742,to_in_007,5
2024,다다146742,to_in_008,5
2024,다다146762,to_in_001,8
2024,다다146762,to_in_007,5
2024,다다146762,to_in_008,0
2024,다다146763,to_in_001,38
2024,다다146763,to_in_007,23
2024,다다146763,to_in_008,18
2024,다다146764,to_in_001,53
2024,다다146764,to_in_007,23
2024,다다146764,to_in_008,28
2024,다다146765,to_in_001,18
2024,다다146765,to_in_007,8
2024,다다146765,to_in_008,13
2024,다다146769,to_in_001,5
2024,다다146769,to_in_007,5
2024,다다146769,to_in_008,0
2024,다다146770,to_in_001,5
2024,다다146770,to_in_007,0
2024,다다146770,to_in_008,0
2024,다다146771,to_in_001,5
2024,다다146771,to_in_007,5
2024,다다146771,to_in_008,0
2024,다다146773,to_in_001,8
2024,다다146773,to_in_007,5
2024,다다146773,to_in_008,5
2024,다다146774,to_in_001,23
2024,다다146774,to_in_007,13
2024,다다146774,to_in_008,13
2024,다다146775,to_in_001,18
2024,다다146775,to_in_007,8
2024,다다146775,to_in_008,13
2024,다다152035,to_in_001,59
2024,다다152035,to_in_007,29
2024,다다152035,to_in_008,28
2024,다다152036,to_in_001,13
2024,다다152036,to_in_007,8
2024,다다152036,to_in_008,8
2024,다다152037,to_in_001,67
2024,다다152037,to_in_007,30
2024,다다152037,to_in_008,40
2024,다다152039,to_in_001,38
2024,다다152039,to_in_007,23
2024,다다152039,to_in_008,18
2024,다다152040,to_in_001,145
2024,다다152040,to_in_007,77
2024,다다152040,to_in_008,66
2024,다다152041,to_in_001,23
2024,다다152041,to_in_007,13
2024,다다152041,to_in_008,8
2024,다다152042,to_in_001,13
2024,다다152042,to_in_007,8
2024,다다152042,to_in_008,8
2024,다다152743,to_in_001,13
2024,다다152743,to_in_007,5
2024,다다152743,to_in_008,8
2024,다다152744,to_in_001,13
2024,다다152744,to_in_007,8
2024,다다152744,to_in_008,5
2024,다다152745,to_in_001,8
2024,다다152745,to_in_007,8
2024,다다152745,to_in_008,5
2024,다다152746,to_in_001,5
2024,다다152746,to_in_007,5
2024,다다152746,to_in_008,5
2024,다다152753,to_in_001,5
2024,다다152753,to_in_007,5
2024,다다152753,to_in_008,5
2024,다다152754,to_in_001,8
2024,다다152754,to_in_007,5
2024,다다152754,to_in_008,5
2024,다다152760,to_in_001,5
2024,다다152760,to_in_007,5
2024,다다152760,to_in_008,5
2024,다다152800,to_in_001,0
2024,다다152800,to_in_007,0
2024,다다152800,to_in_008,0
2024,다다152801,to_in_001,8
2024,다다152801,to_in_007,5
2024,다다152801,to_in_008,5
2024,다다152805,to_in_001,5
2024,다다152805,to_in_007,5
2024,다다152805,to_in_008,0
2024,다다152923,to_in_001,8
2024,다다152923,to_in_007,5
2024,다다152923,to_in_008,5
2024,다다152924,to_in_001,5
2024,다다152924,to_in_007,0
2024,다다152924,to_in_008,5
2024,다다152925,to_in_001,5
2024,다다152925,to_in_007,0
2024,다다152925,to_in_008,5
2024,다다152926,to_in_001,5
2024,다다152926,to_in_007,0
2024,다다152926,to_in_008,5
2024,다다152927,to_in_001,5
2024,다다152927,to_in_007,5
2024,다다152927,to_in_008,0
2024,다다152928,to_in_001,0
2024,다다152928,to_in_007,0
2024,다다152928,to_in_008,0
2024,다다152951,to_in_001,0
2024,다다152951,to_in_007,0
2024,다다152951,to_in_008,0
2024,다다153002,to_in_001,5
2024,다다153002,to_in_007,5
2024,다다153002,to_in_008,0
2024,다다153003,to_in_001,5
2024,다다153003,to_in_007,5
2024,다다153003,to_in_008,5
2024,다다153004,to_in_001,13
2024,다다153004,to_in_007,5
2024,다다153004,to_in_008,8
2024,다다153006,to_in_001,0
2024,다다153006,to_in_007,0
2024,다다153006,to_in_008,0
2024,다다153013,to_in_001,5
2024,다다153013,to_in_007,0
2024,다다153013,to_in_008,0
2024,다다153020,to_in_001,85
2024,다다153020,to_in_007,39
2024,다다153020,to_in_008,49
2024,다다153021,to_in_001,253
2024,다다153021,to_in_007,115
2024,다다153021,to_in_008,136
2024,다다153022,to_in_001,94
2024,다다153022,to_in_007,50
2024,다다153022,to_in_008,47
2024,다다153023,to_in_001,53
2024,다다153023,to_in_007,28
2024,다다153023,to_in_008,28
2024,다다153024,to_in_001,18
2024,다다153024,to_in_007,8
2024,다다153024,to_in_008,13
2024,다다153025,to_in_001,23
2024,다다153025,to_in_007,13
2024,다다153025,to_in_008,13
2024,다다153026,to_in_001,5
2024,다다153026,to_in_007,0
2024,다다153026,to_in_008,5
2024,다다153028,to_in_001,8
2024,다다153028,to_in_007,5
2024,다다153028,to_in_008,5
2024,다다160747,to_in_001,5
2024,다다160747,to_in_007,5
2024,다다160747,to_in_008,0
2024,다다160748,to_in_001,13
2024,다다160748,to_in_007,8
2024,다다160748,to_in_008,8
2024,다다160749,to_in_001,5
2024,다다160749,to_in_007,5
2024,다다160749,to_in_008,0
2024,다다160759,to_in_001,5
2024,다다160759,to_in_007,5
2024,다다160759,to_in_008,0
2024,다다160760,to_in_001,5
2024,다다160760,to_in_007,5
2024,다다160760,to_in_008,0
2024,다다160794,to_in_001,5
2024,다다160794,to_in_007,5
2024,다다160794,to_in_008,5
2024,다다160795,to_in_001,13
2024,다다160795,to_in_007,8
2024,다다160795,to_in_008,8
2024,다다160813,to_in_001,5
2024,다다160813,to_in_007,5
2024,다다160813,to_in_008,5
2024,다다160893,to_in_001,8
2024,다다160893,to_in_007,8
2024,다다160893,to_in_008,5
2024,다다160894,to_in_001,18
2024,다다160894,to_in_007,13
2024,다다160894,to_in_008,5
2024,다다160897,to_in_001,18
2024,다다160897,to_in_007,13
2024,다다160897,to_in_008,8
2024,다다160898,to_in_001,5
2024,다다160898,to_in_007,5
2024,다다160898,to_in_008,0
2024,다다160899,to_in_001,5
2024,다다160899,to_in_007,0
2024,다다160899,to_in_008,5
2024,다다160947,to_in_001,5
2024,다다160947,to_in_007,5
2024,다다160947,to_in_008,0
2024,다다160963,to_in_001,5
2024,다다160963,to_in_007,0
2024,다다160963,to_in_008,0
2024,다다160969,to_in_001,5
2024,다다160969,to_in_007,5
2024,다다160969,to_in_008,0
2024,다다161000,to_in_001,8
2024,다다161000,to_in_007,8
2024,다다161000,to_in_008,5
2024,다다161001,to_in_001,8
2024,다다161001,to_in_007,8
2024,다다161001,to_in_008,5
2024,다다161004,to_in_001,8
2024,다다161004,to_in_007,5
2024,다다161004,to_in_008,5
2024,다다161005,to_in_001,5
2024,다다161005,to_in_007,0
2024,다다161005,to_in_008,0
2024,다다157018,to_in_007,18
2024,다다157018,to_in_008,13
2024,다다157019,to_in_001,103
2024,다다157019,to_in_007,50
2024,다다157019,to_in_008,51
2024,다다157020,to_in_001,5
2024,다다157020,to_in_007,5
2024,다다157020,to_in_008,0
2024,다다157021,to_in_001,5
2024,다다157021,to_in_007,0
2024,다다157021,to_in_008,5
2024,다다157026,to_in_001,5
2024,다다157026,to_in_007,5
2024,다다157026,to_in_008,5
2024,다다157027,to_in_001,23
2024,다다157027,to_in_007,13
2024,다다157027,to_in_008,8
2024,다다157028,to_in_001,48
2024,다다157028,to_in_007,23
2024,다다157028,to_in_008,28
2024,다다157031,to_in_001,5
2024,다다157031,to_in_007,5
2024,다다157031,to_in_008,5
2024,다다157033,to_in_001,0
2024,다다157033,to_in_007,0
2024,다다157033,to_in_008,0
2024,다다157036,to_in_001,28
2024,다다157036,to_in_007,18
2024,다다157036,to_in_008,13
2024,다다157037,to_in_001,125
2024,다다157037,to_in_007,64
2024,다다157037,to_in_008,59
2024,다다157038,to_in_001,18
2024,다다157038,to_in_007,8
2024,다다157038,to_in_008,8
2024,다다157040,to_in_001,8
2024,다다157040,to_in_007,8
2024,다다157040,to_in_008,5
2024,다다157041,to_in_001,8
2024,다다157041,to_in_007,8
2024,다다157041,to_in_008,5
2024,다다157042,to_in_001,8
2024,다다157042,to_in_007,5
2024,다다157042,to_in_008,5
2024,다다157043,to_in_001,13
2024,다다157043,to_in_007,8
2024,다다157043,to_in_008,8
2024,다다157044,to_in_001,113
2024,다다157044,to_in_007,57
2024,다다157044,to_in_008,54
2024,다다157045,to_in_001,113
2024,다다157045,to_in_007,60
2024,다다157045,to_in_008,56
2024,다다157046,to_in_001,38
2024,다다157046,to_in_007,23
2024,다다157046,to_in_008,13
2024,다다157047,to_in_001,18
2024,다다157047,to_in_007,13
2024,다다157047,to_in_008,8
2024,다다157743,to_in_001,5
2024,다다157743,to_in_007,0
2024,다다157743,to_in_008,0
2024,다다157748,to_in_001,5
2024,다다157748,to_in_007,5
2024,다다157748,to_in_008,5
2024,다다157759,to_in_001,8
2024,다다157759,to_in_007,8
2024,다다157759,to_in_008,0
2024,다다157923,to_in_001,5
2024,다다157923,to_in_007,5
2024,다다157923,to_in_008,5
2024,다다157946,to_in_001,5
2024,다다157946,to_in_007,0
2024,다다157946,to_in_008,5
2024,다다157959,to_in_001,5
2024,다다157959,to_in_007,5
2024,다다157959,to_in_008,0
2024,다다157961,to_in_001,5
2024,다다157961,to_in_007,0
2024,다다157961,to_in_008,5
2024,다다157969,to_in_001,8
2024,다다157969,to_in_007,5
2024,다다157969,to_in_008,5
2024,다다158000,to_in_001,218
2024,다다158000,to_in_007,102
2024,다다158000,to_in_008,119
2024,다다158001,to_in_001,5
2024,다다158001,to_in_007,5
2024,다다158001,to_in_008,0
2024,다다158002,to_in_001,13
2024,다다158002,to_in_007,8
2024,다다158002,to_in_008,5
2024,다다158003,to_in_001,13
2024,다다158003,to_in_007,8
2024,다다158003,to_in_008,8
2024,다다171048,to_in_001,5
2024,다다171048,to_in_007,5
2024,다다171048,to_in_008,5
2024,다다171744,to_in_001,5
2024,다다171744,to_in_007,5
2024,다다171744,to_in_008,0
2024,다다171745,to_in_001,28
2024,다다171745,to_in_007,18
2024,다다171745,to_in_008,13
2024,다다171746,to_in_001,48
2024,다다171746,to_in_007,23
2024,다다171746,to_in_008,23
2024,다다171747,to_in_001,23
2024,다다171747,to_in_007,13
2024,다다171747,to_in_008,8
2024,다다171775,to_in_001,8
2024,다다171775,to_in_007,5
2024,다다171775,to_in_008,5
2024,다다155767,to_in_008,5
2024,다다155797,to_in_001,8
2024,다다155797,to_in_007,5
2024,다다155797,to_in_008,8
2024,다다155807,to_in_001,28
2024,다다155807,to_in_007,13
2024,다다155807,to_in_008,13
2024,다다155808,to_in_001,18
2024,다다155808,to_in_007,13
2024,다다155808,to_in_008,8
2024,다다155809,to_in_001,8
2024,다다155809,to_in_007,5
2024,다다155809,to_in_008,5
2024,다다155922,to_in_001,5
2024,다다155922,to_in_007,0
2024,다다155922,to_in_008,5
2024,다다155924,to_in_001,8
2024,다다155924,to_in_007,5
2024,다다155924,to_in_008,5
2024,다다155925,to_in_001,0
2024,다다155925,to_in_007,0
2024,다다155925,to_in_008,0
2024,다다155960,to_in_001,8
2024,다다155960,to_in_007,5
2024,다다155960,to_in_008,5
2024,다다155961,to_in_001,8
2024,다다155961,to_in_007,8
2024,다다155961,to_in_008,8
2024,다다156000,to_in_001,98
2024,다다156000,to_in_007,49
2024,다다156000,to_in_008,52
2024,다다156001,to_in_001,33
2024,다다156001,to_in_007,18
2024,다다156001,to_in_008,13
2024,다다156002,to_in_001,46
2024,다다156002,to_in_007,18
2024,다다156002,to_in_008,26
2024,다다156003,to_in_001,43
2024,다다156003,to_in_007,23
2024,다다156003,to_in_008,18
2024,다다156004,to_in_001,28
2024,다다156004,to_in_007,18
2024,다다156004,to_in_008,13
2024,다다156012,to_in_001,13
2024,다다156012,to_in_007,8
2024,다다156012,to_in_008,8
2024,다다156013,to_in_001,8
2024,다다156013,to_in_007,5
2024,다다156013,to_in_008,5
2024,다다156014,to_in_001,13
2024,다다156014,to_in_007,8
2024,다다156014,to_in_008,8
2024,다다156017,to_in_001,18
2024,다다156017,to_in_007,13
2024,다다156017,to_in_008,8
2024,다다156018,to_in_001,48
2024,다다156018,to_in_007,28
2024,다다156018,to_in_008,23
2024,다다159008,to_in_001,53
2024,다다159008,to_in_007,28
2024,다다159008,to_in_008,23
2024,다다159009,to_in_001,5
2024,다다159009,to_in_007,5
2024,다다159009,to_in_008,0
2024,다다159010,to_in_001,5
2024,다다159010,to_in_007,0
2024,다다159010,to_in_008,5
2024,다다159011,to_in_001,5
2024,다다159011,to_in_007,0
2024,다다159011,to_in_008,5
2024,다다159012,to_in_001,5
2024,다다159012,to_in_007,5
2024,다다159012,to_in_008,0
2024,다다159013,to_in_001,5
2024,다다159013,to_in_007,0
2024,다다159013,to_in_008,5
2024,다다159014,to_in_001,98
2024,다다159014,to_in_007,61
2024,다다159014,to_in_008,40
2024,다다159015,to_in_001,5
2024,다다159015,to_in_007,5
2024,다다159015,to_in_008,5
2024,다다159016,to_in_001,18
2024,다다159016,to_in_007,13
2024,다다159016,to_in_008,5
2024,다다159036,to_in_001,0
2024,다다159036,to_in_007,0
2024,다다159036,to_in_008,0
2024,다다159037,to_in_001,8
2024,다다159037,to_in_007,5
2024,다다159037,to_in_008,5
2024,다다159046,to_in_001,8
2024,다다159046,to_in_007,5
2024,다다159046,to_in_008,8
2024,다다159047,to_in_001,8
2024,다다159047,to_in_007,5
2024,다다159047,to_in_008,5
2024,다다159746,to_in_001,5
2024,다다159746,to_in_007,0
2024,다다159746,to_in_008,0
2024,다다159747,to_in_001,23
2024,다다159747,to_in_007,13
2024,다다159747,to_in_008,8
2024,다다159748,to_in_001,23
2024,다다159748,to_in_007,13
2024,다다159748,to_in_008,8
2024,다다159749,to_in_001,5
2024,다다159749,to_in_007,0
2024,다다159749,to_in_008,0
2024,다다159758,to_in_001,8
2024,다다159758,to_in_007,5
2024,다다159758,to_in_008,5
2024,다다159759,to_in_001,8
2024,다다159759,to_in_007,5
2024,다다159759,to_in_008,0
2024,다다159893,to_in_001,8
2024,다다159893,to_in_007,8
2024,다다159893,to_in_008,5
2024,다다159896,to_in_001,5
2024,다다159896,to_in_007,5
2024,다다159896,to_in_008,0
2024,다다159897,to_in_001,18
2024,다다159897,to_in_007,13
2024,다다159897,to_in_008,5
2024,다다160000,to_in_001,5
2024,다다160000,to_in_007,0
2024,다다160000,to_in_008,5
2024,다다160001,to_in_001,8
2024,다다160001,to_in_007,5
2024,다다160001,to_in_008,5
2024,다다160002,to_in_001,33
2024,다다160002,to_in_007,13
2024,다다160002,to_in_008,18
2024,다다160005,to_in_001,5
2024,다다160005,to_in_007,0
2024,다다160005,to_in_008,0
2024,다다160007,to_in_001,65
2024,다다160007,to_in_007,30
2024,다다160007,to_in_008,33
2024,다다160008,to_in_001,70
2024,다다160008,to_in_007,35
2024,다다160008,to_in_008,38
2024,다다160010,to_in_001,8
2024,다다160010,to_in_007,8
2024,다다160010,to_in_008,0
2024,다다160012,to_in_001,5
2024,다다160012,to_in_007,5
2024,다다160012,to_in_008,0
2024,다다160014,to_in_001,38
2024,다다160014,to_in_007,18
2024,다다160014,to_in_008,18
2024,다다160015,to_in_001,177
2024,다다160015,to_in_007,91
2024,다다160015,to_in_008,84
2024,다다160016,to_in_001,55
2024,다다160016,to_in_007,30
2024,다다160016,to_in_008,28
2024,다다160031,to_in_001,5
2024,다다160031,to_in_007,5
2024,다다160031,to_in_008,0
2024,다다160036,to_in_001,8
2024,다다160036,to_in_007,5
2024,다다160036,to_in_008,5
2024,다다160047,to_in_001,5
2024,다다160047,to_in_007,5
2024,다다160047,to_in_008,5
2024,다다163893,to_in_001,8
2024,다다163893,to_in_007,5
2024,다다163893,to_in_008,5
2024,다다163918,to_in_001,0
2024,다다163918,to_in_007,0
2024,다다163918,to_in_008,0
2024,다다163919,to_in_001,5
2024,다다163919,to_in_007,0
2024,다다163919,to_in_008,0
2024,다다163953,to_in_001,8
2024,다다163953,to_in_007,5
2024,다다163953,to_in_008,5
2024,다다163963,to_in_001,8
2024,다다163963,to_in_007,5
2024,다다163963,to_in_008,8
2024,다다163964,to_in_001,8
2024,다다163964,to_in_007,5
2024,다다163964,to_in_008,5
2024,다다164001,to_in_001,8
2024,다다164001,to_in_007,5
2024,다다164001,to_in_008,5
2024,다다164002,to_in_001,18
2024,다다164002,to_in_007,8
2024,다다164002,to_in_008,13
2024,다다164003,to_in_001,8
2024,다다164003,to_in_007,5
2024,다다164003,to_in_008,8
2024,다다164004,to_in_001,18
2024,다다164004,to_in_007,8
2024,다다164004,to_in_008,8
2024,다다164005,to_in_001,8
2024,다다164005,to_in_007,5
2024,다다164005,to_in_008,8
2024,다다164053,to_in_001,0
2024,다다164053,to_in_007,0
2024,다다164053,to_in_008,0
2024,다다164684,to_in_001,5
2024,다다164684,to_in_007,0
2024,다다164684,to_in_008,5
2024,다다164744,to_in_001,5
2024,다다164744,to_in_007,5
2024,다다164744,to_in_008,0
2024,다다164746,to_in_001,5
2024,다다164746,to_in_007,0
2024,다다164746,to_in_008,0
2024,다다164747,to_in_001,28
2024,다다164747,to_in_007,13
2024,다다164747,to_in_008,13
2024,다다164748,to_in_001,43
2024,다다164748,to_in_007,23
2024,다다164748,to_in_008,18
2024,다다164749,to_in_001,28
2024,다다164749,to_in_007,18
2024,다다164749,to_in_008,8
2024,다다164750,to_in_001,13
2024,다다164750,to_in_007,5
2024,다다164750,to_in_008,8
2024,다다164751,to_in_001,18
2024,다다164751,to_in_007,8
2024,다다164751,to_in_008,8
2024,다다164752,to_in_001,18
2024,다다164752,to_in_007,8
2024,다다164752,to_in_008,8
2024,다다164787,to_in_001,5
2024,다다164787,to_in_007,0
2024,다다164787,to_in_008,5
2024,다다164788,to_in_001,0
2024,다다164788,to_in_007,0
2024,다다164788,to_in_008,0
2024,다다164789,to_in_001,5
2024,다다164789,to_in_007,5
2024,다다164789,to_in_008,0
2024,다다164794,to_in_001,0
2024,다다164794,to_in_007,0
2024,다다164794,to_in_008,0
2024,다다164795,to_in_001,5
2024,다다164795,to_in_007,0
2024,다다164795,to_in_008,5
2024,다다164917,to_in_001,13
2024,다다164917,to_in_007,8
2024,다다164917,to_in_008,8
2024,다다164944,to_in_001,0
2024,다다164944,to_in_007,0
2024,다다164944,to_in_008,0
2024,다다164953,to_in_001,8
2024,다다164953,to_in_007,0
2024,다다164953,to_in_008,8
2024,다다164962,to_in_001,8
2024,다다164962,to_in_007,8
2024,다다164962,to_in_008,5
2024,다다164963,to_in_001,5
2024,다다164963,to_in_007,0
2024,다다164963,to_in_008,5
2024,다다164964,to_in_001,5
2024,다다164964,to_in_007,0
2024,다다164964,to_in_008,0
2024,다다165002,to_in_001,5
2024,다다165002,to_in_007,5
2024,다다165002,to_in_008,0
2024,다다165003,to_in_001,18
2024,다다165003,to_in_007,8
2024,다다165003,to_in_008,8
2024,다다170009,to_in_001,33
2024,다다170009,to_in_007,18
2024,다다170009,to_in_008,13
2024,다다170010,to_in_001,33
2024,다다170010,to_in_007,18
2024,다다170010,to_in_008,18
2024,다다170012,to_in_001,118
2024,다다170012,to_in_007,54
2024,다다170012,to_in_008,67
2024,다다170024,to_in_001,0
2024,다다170024,to_in_007,0
2024,다다170024,to_in_008,0
2024,다다170747,to_in_001,8
2024,다다170747,to_in_007,5
2024,다다170747,to_in_008,8
2024,다다170748,to_in_001,8
2024,다다170748,to_in_007,5
2024,다다170748,to_in_008,8
2024,다다170775,to_in_001,5
2024,다다170775,to_in_007,0
2024,다다170775,to_in_008,5
2024,다다170778,to_in_001,8
2024,다다170778,to_in_007,5
2024,다다170778,to_in_008,5
2024,다다170779,to_in_001,23
2024,다다154922,to_in_008,0
2024,다다154923,to_in_001,5
2024,다다154923,to_in_007,5
2024,다다154923,to_in_008,0
2024,다다154961,to_in_001,0
2024,다다154961,to_in_007,0
2024,다다154961,to_in_008,0
2024,다다155000,to_in_001,5
2024,다다155000,to_in_007,5
2024,다다155000,to_in_008,5
2024,다다155001,to_in_001,18
2024,다다155001,to_in_007,13
2024,다다155001,to_in_008,8
2024,다다155002,to_in_001,43
2024,다다155002,to_in_007,23
2024,다다155002,to_in_008,18
2024,다다155003,to_in_001,48
2024,다다155003,to_in_007,23
2024,다다155003,to_in_008,28
2024,다다155004,to_in_001,8
2024,다다155004,to_in_007,8
2024,다다155004,to_in_008,5
2024,다다155005,to_in_001,5
2024,다다155005,to_in_007,0
2024,다다155005,to_in_008,5
2024,다다155018,to_in_001,156
2024,다다155018,to_in_007,79
2024,다다155018,to_in_008,75
2024,다다155019,to_in_001,161
2024,다다155019,to_in_007,86
2024,다다155019,to_in_008,73
2024,다다155020,to_in_001,5
2024,다다155020,to_in_007,5
2024,다다155020,to_in_008,5
2024,다다155021,to_in_001,5
2024,다다155021,to_in_007,5
2024,다다155021,to_in_008,5
2024,다다155022,to_in_001,5
2024,다다155022,to_in_007,0
2024,다다155022,to_in_008,0
2024,다다155023,to_in_001,115
2024,다다155023,to_in_007,54
2024,다다155023,to_in_008,59
2024,다다158004,to_in_001,8
2024,다다158004,to_in_007,5
2024,다다158004,to_in_008,5
2024,다다158005,to_in_001,8
2024,다다158005,to_in_007,5
2024,다다158005,to_in_008,8
2024,다다158006,to_in_001,13
2024,다다158006,to_in_007,8
2024,다다158006,to_in_008,5
2024,다다158010,to_in_001,51
2024,다다158010,to_in_007,31
2024,다다158010,to_in_008,23
2024,다다158012,to_in_001,79
2024,다다158012,to_in_007,44
2024,다다158012,to_in_008,38
2024,다다158013,to_in_001,8
2024,다다158013,to_in_007,5
2024,다다158013,to_in_008,5
2024,다다158014,to_in_001,8
2024,다다158014,to_in_007,0
2024,다다158014,to_in_008,8
2024,다다158015,to_in_001,8
2024,다다158015,to_in_007,5
2024,다다158015,to_in_008,5
2024,다다158016,to_in_001,13
2024,다다158016,to_in_007,8
2024,다다158016,to_in_008,5
2024,다다158019,to_in_001,0
2024,다다158019,to_in_007,0
2024,다다158019,to_in_008,0
2024,다다158020,to_in_001,8
2024,다다158020,to_in_007,8
2024,다다158020,to_in_008,5
2024,다다158021,to_in_001,0
2024,다다158021,to_in_007,0
2024,다다158021,to_in_008,0
2024,다다158027,to_in_001,8
2024,다다158027,to_in_007,5
2024,다다158027,to_in_008,5
2024,다다158028,to_in_001,13
2024,다다158028,to_in_007,5
2024,다다158028,to_in_008,8
2024,다다158030,to_in_001,0
2024,다다158030,to_in_007,0
2024,다다158030,to_in_008,0
2024,다다158036,to_in_001,33
2024,다다158036,to_in_007,18
2024,다다158036,to_in_008,13
2024,다다158037,to_in_001,33
2024,다다158037,to_in_007,18
2024,다다158037,to_in_008,18
2024,다다158043,to_in_001,5
2024,다다158043,to_in_007,5
2024,다다158043,to_in_008,0
2024,다다158044,to_in_001,46
2024,다다158044,to_in_007,13
2024,다다158044,to_in_008,31
2024,다다158046,to_in_001,13
2024,다다158046,to_in_007,5
2024,다다158046,to_in_008,8
2024,다다158744,to_in_001,5
2024,다다158744,to_in_007,5
2024,다다158744,to_in_008,5
2024,다다158745,to_in_001,13
2024,다다158745,to_in_007,8
2024,다다158745,to_in_008,8
2024,다다158746,to_in_001,13
2024,다다158746,to_in_007,8
2024,다다158746,to_in_008,5
2024,다다158747,to_in_001,8
2024,다다158747,to_in_007,5
2024,다다158747,to_in_008,5
2024,다다158748,to_in_001,18
2024,다다158748,to_in_007,13
2024,다다158748,to_in_008,8
2024,다다158758,to_in_001,8
2024,다다158758,to_in_007,8
2024,다다158758,to_in_008,0
2024,다다158760,to_in_001,0
2024,다다158760,to_in_007,0
2024,다다158760,to_in_008,0
2024,다다159000,to_in_001,327
2024,다다159000,to_in_007,147
2024,다다159000,to_in_008,178
2024,다다159001,to_in_001,13
2024,다다159001,to_in_007,8
2024,다다159001,to_in_008,8
2024,다다159002,to_in_001,5
2024,다다159002,to_in_007,0
2024,다다159002,to_in_008,5
2024,다다159003,to_in_001,0
2024,다다159003,to_in_007,0
2024,다다159003,to_in_008,0
2024,다다159004,to_in_001,5
2024,다다159004,to_in_007,5
2024,다다159004,to_in_008,0
2024,다다159005,to_in_001,5
2024,다다159005,to_in_007,5
2024,다다159005,to_in_008,0
2024,다다159006,to_in_001,64
2024,다다159006,to_in_007,28
2024,다다159006,to_in_008,34
2024,다다159007,to_in_001,158
2024,다다159007,to_in_007,85
2024,다다159007,to_in_008,71
2024,다다162750,to_in_001,5
2024,다다162750,to_in_007,5
2024,다다162750,to_in_008,5
2024,다다162751,to_in_001,13
2024,다다162751,to_in_007,8
2024,다다162751,to_in_008,8
2024,다다162794,to_in_001,8
2024,다다162794,to_in_007,0
2024,다다162794,to_in_008,5
2024,다다162795,to_in_001,13
2024,다다162795,to_in_007,8
2024,다다162795,to_in_008,5
2024,다다162796,to_in_001,0
2024,다다162796,to_in_007,0
2024,다다162796,to_in_008,0
2024,다다162893,to_in_001,0
2024,다다162893,to_in_007,0
2024,다다162893,to_in_008,0
2024,다다162894,to_in_001,5
2024,다다162894,to_in_007,0
2024,다다162894,to_in_008,0
2024,다다162901,to_in_001,5
2024,다다162901,to_in_007,0
2024,다다162901,to_in_008,0
2024,다다162919,to_in_001,0
2024,다다162919,to_in_007,0
2024,다다162919,to_in_008,0
2024,다다162920,to_in_001,5
2024,다다162920,to_in_007,0
2024,다다162920,to_in_008,5
2024,다다162952,to_in_001,8
2024,다다162952,to_in_007,5
2024,다다162952,to_in_008,8
2024,다다162954,to_in_001,5
2024,다다162954,to_in_007,5
2024,다다162954,to_in_008,0
2024,다다162961,to_in_001,0
2024,다다162961,to_in_007,0
2024,다다162961,to_in_008,0
2024,다다162962,to_in_001,8
2024,다다162962,to_in_007,5
2024,다다162962,to_in_008,5
2024,다다162963,to_in_001,13
2024,다다162963,to_in_007,8
2024,다다162963,to_in_008,5
2024,다다162964,to_in_001,5
2024,다다162964,to_in_007,0
2024,다다162964,to_in_008,5
2024,다다162965,to_in_001,8
2024,다다162965,to_in_007,5
2024,다다162965,to_in_008,5
2024,다다163000,to_in_001,82
2024,다다163000,to_in_007,38
2024,다다163000,to_in_008,42
2024,다다163001,to_in_001,43
2024,다다163001,to_in_007,23
2024,다다163001,to_in_008,23
2024,다다163002,to_in_001,5
2024,다다163002,to_in_007,5
2024,다다163002,to_in_008,5
2024,다다163003,to_in_001,23
2024,다다163003,to_in_007,13
2024,다다163003,to_in_008,13
2024,다다163004,to_in_001,23
2024,다다163004,to_in_007,13
2024,다다163004,to_in_008,8
2024,다다163005,to_in_001,5
2024,다다163005,to_in_007,0
2024,다다163005,to_in_008,0
2024,다다163008,to_in_001,0
2024,다다163008,to_in_007,0
2024,다다163008,to_in_008,0
2024,다다163018,to_in_001,5
2024,다다163018,to_in_007,5
2024,다다163018,to_in_008,0
2024,다다163747,to_in_001,8
2024,다다163747,to_in_007,5
2024,다다163747,to_in_008,8
2024,다다163748,to_in_001,18
2024,다다163748,to_in_007,13
2024,다다163748,to_in_008,8
2024,다다163749,to_in_001,23
2024,다다163749,to_in_007,13
2024,다다163749,to_in_008,13
2024,다다163750,to_in_001,13
2024,다다163750,to_in_007,8
2024,다다163750,to_in_008,5
2024,다다163751,to_in_001,5
2024,다다163751,to_in_007,5
2024,다다163751,to_in_008,5
2024,다다163752,to_in_001,13
2024,다다163752,to_in_007,5
2024,다다163752,to_in_008,8
2024,다다163794,to_in_001,8
2024,다다163794,to_in_007,5
2024,다다163794,to_in_008,5
2024,다다163795,to_in_001,13
2024,다다163795,to_in_007,8
2024,다다163795,to_in_008,8
2024,다다168978,to_in_001,0
2024,다다168978,to_in_007,0
2024,다다168978,to_in_008,0
2024,다다168982,to_in_001,5
2024,다다168982,to_in_007,5
2024,다다168982,to_in_008,0
2024,다다169009,to_in_001,8
2024,다다169009,to_in_007,5
2024,다다169009,to_in_008,5
2024,다다169010,to_in_001,28
2024,다다169010,to_in_007,18
2024,다다169010,to_in_008,13
2024,다다169011,to_in_001,13
2024,다다169011,to_in_007,8
2024,다다169011,to_in_008,8
2024,다다169012,to_in_001,18
2024,다다169012,to_in_007,8
2024,다다169012,to_in_008,13
2024,다다169013,to_in_001,18
2024,다다169013,to_in_007,8
2024,다다169013,to_in_008,8
2024,다다169025,to_in_001,0
2024,다다169025,to_in_007,0
2024,다다169025,to_in_008,0
2024,다다169030,to_in_001,8
2024,다다169030,to_in_007,0
2024,다다169030,to_in_008,8
2024,다다169042,to_in_001,5
2024,다다169042,to_in_007,5
2024,다다169042,to_in_008,0
2024,다다169774,to_in_001,0
2024,다다169774,to_in_007,0
2024,다다169774,to_in_008,0
2024,다다169779,to_in_001,8
2024,다다169779,to_in_007,0
2024,다다169779,to_in_008,8
2024,다다169780,to_in_001,5
2024,다다169780,to_in_007,5
2024,다다169780,to_in_008,5
2024,다다169805,to_in_001,5
2024,다다169805,to_in_007,5
2024,다다169805,to_in_008,0
2024,다다169806,to_in_001,8
2024,다다169806,to_in_007,5
2024,다다169806,to_in_008,5
2024,다다169807,to_in_001,13
2024,다다171778,to_in_001,0
2024,다다171778,to_in_007,0
2024,다다171778,to_in_008,0
2024,다다171779,to_in_001,8
2024,다다171779,to_in_007,5
2024,다다171779,to_in_008,5
2024,다다171780,to_in_001,5
2024,다다171780,to_in_007,0
2024,다다171780,to_in_008,0
2024,다다171781,to_in_001,5
2024,다다171781,to_in_007,5
2024,다다171781,to_in_008,0
2024,다다171917,to_in_001,5
2024,다다171917,to_in_007,0
2024,다다171917,to_in_008,0
2024,다다171920,to_in_001,8
2024,다다171920,to_in_007,5
2024,다다171920,to_in_008,8
2024,다다171939,to_in_001,8
2024,다다171939,to_in_007,5
2024,다다171939,to_in_008,8
2024,다다171940,to_in_001,18
2024,다다171940,to_in_007,8
2024,다다171940,to_in_008,8
2024,다다171941,to_in_001,8
2024,다다171941,to_in_007,5
2024,다다171941,to_in_008,8
2024,다다171942,to_in_001,8
2024,다다171942,to_in_007,5
2024,다다171942,to_in_008,5
2024,다다171943,to_in_001,23
2024,다다171943,to_in_007,13
2024,다다171943,to_in_008,8
2024,다다171980,to_in_001,5
2024,다다171980,to_in_007,0
2024,다다171980,to_in_008,5
2024,다다172010,to_in_001,5
2024,다다172010,to_in_007,0
2024,다다172010,to_in_008,5
2024,다다172011,to_in_001,0
2024,다다172011,to_in_007,0
2024,다다172011,to_in_008,0
2024,다다172017,to_in_001,5
2024,다다172017,to_in_007,5
2024,다다172017,to_in_008,0
2024,다다172031,to_in_001,0
2024,다다172031,to_in_007,0
2024,다다172031,to_in_008,0
2024,다다172041,to_in_001,5
2024,다다172041,to_in_007,5
2024,다다172041,to_in_008,5
2024,다다172048,to_in_001,5
2024,다다172048,to_in_007,0
2024,다다172048,to_in_008,0
2024,다다172744,to_in_001,5
2024,다다172744,to_in_007,0
2024,다다172744,to_in_008,0
2024,다다172745,to_in_001,62
2024,다다172745,to_in_007,37
2024,다다172745,to_in_008,23
2024,다다172746,to_in_001,18
2024,다다172746,to_in_007,8
2024,다다172746,to_in_008,8
2024,다다172747,to_in_001,8
2024,다다172747,to_in_007,5
2024,다다172747,to_in_008,8
2024,다다181986,to_in_001,0
2024,다다181986,to_in_007,0
2024,다다181986,to_in_008,0
2024,다다182026,to_in_001,0
2024,다다182026,to_in_007,0
2024,다다182026,to_in_008,0
2024,다다182032,to_in_001,8
2024,다다182032,to_in_007,5
2024,다다182032,to_in_008,5
2024,다다182033,to_in_001,5
2024,다다182033,to_in_007,5
2024,다다182033,to_in_008,0
2024,다다182034,to_in_001,18
2024,다다182034,to_in_007,8
2024,다다182034,to_in_008,8
2024,다다182037,to_in_001,0
2024,다다182037,to_in_007,0
2024,다다182037,to_in_008,0
2024,다다182039,to_in_001,5
2024,다다182039,to_in_007,0
2024,다다182039,to_in_008,0
2024,다다182043,to_in_001,8
2024,다다182043,to_in_007,5
2024,다다182043,to_in_008,5
2024,다다182045,to_in_001,5
2024,다다182045,to_in_007,0
2024,다다182045,to_in_008,5
2024,다다182046,to_in_001,8
2024,다다182046,to_in_007,5
2024,다다182046,to_in_008,5
2024,다다182047,to_in_001,53
2024,다다182047,to_in_007,28
2024,다다182047,to_in_008,23
2024,다다182048,to_in_001,132
2024,다다182048,to_in_007,70
2024,다다182048,to_in_008,65
2024,다다182049,to_in_001,28
2024,다다182049,to_in_007,13
2024,다다182049,to_in_008,18
2024,다다182050,to_in_001,23
2024,다다182050,to_in_007,13
2024,다다182050,to_in_008,13
2024,다다182051,to_in_001,102
2024,다다182051,to_in_007,45
2024,다다182051,to_in_008,55
2024,다다182052,to_in_001,33
2024,다다182052,to_in_007,18
2024,다다182052,to_in_008,18
2024,다다182053,to_in_001,49
2024,다다182053,to_in_007,18
2024,다다182053,to_in_008,29
2024,다다182054,to_in_001,18
2024,다다182054,to_in_007,13
2024,다다182054,to_in_008,8
2024,다다182786,to_in_001,0
2024,다다182786,to_in_007,0
2024,다다182786,to_in_008,0
2024,다다182787,to_in_001,5
2024,다다156807,to_in_008,8
2024,다다156808,to_in_001,8
2024,다다156808,to_in_007,5
2024,다다156808,to_in_008,5
2024,다다156809,to_in_001,5
2024,다다156809,to_in_007,0
2024,다다156809,to_in_008,0
2024,다다156923,to_in_001,5
2024,다다156923,to_in_007,5
2024,다다156923,to_in_008,5
2024,다다156946,to_in_001,8
2024,다다156946,to_in_007,0
2024,다다156946,to_in_008,8
2024,다다156947,to_in_001,5
2024,다다156947,to_in_007,0
2024,다다156947,to_in_008,5
2024,다다156960,to_in_001,5
2024,다다156960,to_in_007,5
2024,다다156960,to_in_008,0
2024,다다156961,to_in_001,5
2024,다다156961,to_in_007,5
2024,다다156961,to_in_008,0
2024,다다157000,to_in_001,23
2024,다다157000,to_in_007,8
2024,다다157000,to_in_008,13
2024,다다157001,to_in_001,126
2024,다다157001,to_in_007,69
2024,다다157001,to_in_008,60
2024,다다157002,to_in_001,23
2024,다다157002,to_in_007,13
2024,다다157002,to_in_008,13
2024,다다157003,to_in_001,115
2024,다다157003,to_in_007,55
2024,다다157003,to_in_008,63
2024,다다157004,to_in_001,8
2024,다다157004,to_in_007,5
2024,다다157004,to_in_008,5
2024,다다161750,to_in_001,8
2024,다다161750,to_in_007,5
2024,다다161750,to_in_008,8
2024,다다161793,to_in_001,0
2024,다다161793,to_in_007,0
2024,다다161793,to_in_008,0
2024,다다161794,to_in_001,13
2024,다다161794,to_in_007,8
2024,다다161794,to_in_008,8
2024,다다161795,to_in_001,5
2024,다다161795,to_in_007,5
2024,다다161795,to_in_008,5
2024,다다161894,to_in_001,8
2024,다다161894,to_in_007,5
2024,다다161894,to_in_008,5
2024,다다161895,to_in_001,8
2024,다다161895,to_in_007,5
2024,다다161895,to_in_008,8
2024,다다161897,to_in_001,18
2024,다다161897,to_in_007,13
2024,다다161897,to_in_008,8
2024,다다161898,to_in_001,5
2024,다다161898,to_in_007,5
2024,다다161898,to_in_008,5
2024,다다161899,to_in_001,5
2024,다다161899,to_in_007,5
2024,다다161899,to_in_008,5
2024,다다161953,to_in_001,5
2024,다다161953,to_in_007,0
2024,다다161953,to_in_008,0
2024,다다161962,to_in_001,5
2024,다다161962,to_in_007,5
2024,다다161962,to_in_008,5
2024,다다161963,to_in_001,5
2024,다다161963,to_in_007,5
2024,다다161963,to_in_008,5
2024,다다161964,to_in_001,5
2024,다다161964,to_in_007,5
2024,다다161964,to_in_008,5
2024,다다161965,to_in_001,5
2024,다다161965,to_in_007,0
2024,다다161965,to_in_008,0
2024,다다162000,to_in_001,8
2024,다다162000,to_in_007,5
2024,다다162000,to_in_008,5
2024,다다162001,to_in_001,105
2024,다다162001,to_in_007,52
2024,다다162001,to_in_008,51
2024,다다162002,to_in_001,8
2024,다다162002,to_in_007,8
2024,다다162002,to_in_008,5
2024,다다162003,to_in_001,5
2024,다다162003,to_in_007,0
2024,다다162003,to_in_008,0
2024,다다162004,to_in_001,0
2024,다다162004,to_in_007,0
2024,다다162004,to_in_008,0
2024,다다162005,to_in_001,13
2024,다다162005,to_in_007,8
2024,다다162005,to_in_008,8
2024,다다162007,to_in_001,5
2024,다다162007,to_in_007,0
2024,다다162007,to_in_008,5
2024,다다162008,to_in_001,18
2024,다다162008,to_in_007,8
2024,다다162008,to_in_008,8
2024,다다162010,to_in_001,5
2024,다다162010,to_in_007,5
2024,다다162010,to_in_008,0
2024,다다162015,to_in_001,5
2024,다다162015,to_in_007,5
2024,다다162015,to_in_008,0
2024,다다162035,to_in_001,5
2024,다다162035,to_in_007,5
2024,다다162035,to_in_008,5
2024,다다162041,to_in_001,5
2024,다다162041,to_in_007,0
2024,다다162041,to_in_008,0
2024,다다162044,to_in_001,0
2024,다다162044,to_in_007,0
2024,다다162044,to_in_008,0
2024,다다162045,to_in_001,5
2024,다다162045,to_in_007,0
2024,다다162045,to_in_008,5
2024,다다162048,to_in_001,5
2024,다다162048,to_in_007,5
2024,다다162048,to_in_008,0
2024,다다162748,to_in_001,0
2024,다다162748,to_in_007,0
2024,다다162748,to_in_008,0
2024,다다162749,to_in_001,29
2024,다다162749,to_in_007,19
2024,다다162749,to_in_008,13
2024,다다165004,to_in_001,48
2024,다다165004,to_in_007,23
2024,다다165004,to_in_008,23
2024,다다165020,to_in_001,8
2024,다다165020,to_in_007,8
2024,다다165020,to_in_008,0
2024,다다165048,to_in_001,13
2024,다다165048,to_in_007,5
2024,다다165048,to_in_008,8
2024,다다165049,to_in_001,8
2024,다다165049,to_in_007,5
2024,다다165049,to_in_008,5
2024,다다165683,to_in_001,8
2024,다다165683,to_in_007,5
2024,다다165683,to_in_008,5
2024,다다165684,to_in_001,8
2024,다다165684,to_in_007,5
2024,다다165684,to_in_008,5
2024,다다165744,to_in_001,5
2024,다다165744,to_in_007,5
2024,다다165744,to_in_008,0
2024,다다165745,to_in_001,5
2024,다다165745,to_in_007,0
2024,다다165745,to_in_008,0
2024,다다165746,to_in_001,8
2024,다다165746,to_in_007,5
2024,다다165746,to_in_008,5
2024,다다165747,to_in_001,8
2024,다다165747,to_in_007,5
2024,다다165747,to_in_008,5
2024,다다165748,to_in_001,18
2024,다다165748,to_in_007,13
2024,다다165748,to_in_008,8
2024,다다165749,to_in_001,13
2024,다다165749,to_in_007,8
2024,다다165749,to_in_008,8
2024,다다165750,to_in_001,0
2024,다다165750,to_in_007,0
2024,다다165750,to_in_008,0
2024,다다165753,to_in_001,8
2024,다다165753,to_in_007,8
2024,다다165753,to_in_008,8
2024,다다165788,to_in_001,5
2024,다다165788,to_in_007,0
2024,다다165788,to_in_008,5
2024,다다165789,to_in_001,5
2024,다다165789,to_in_007,5
2024,다다165789,to_in_008,0
2024,다다165814,to_in_001,5
2024,다다165814,to_in_007,0
2024,다다165814,to_in_008,0
2024,다다165943,to_in_001,0
2024,다다165943,to_in_007,0
2024,다다165943,to_in_008,0
2024,다다165944,to_in_001,5
2024,다다165944,to_in_007,0
2024,다다165944,to_in_008,5
2024,다다165945,to_in_001,8
2024,다다165945,to_in_007,8
2024,다다165945,to_in_008,0
2024,다다165952,to_in_001,5
2024,다다165952,to_in_007,0
2024,다다165952,to_in_008,0
2024,다다165960,to_in_001,5
2024,다다165960,to_in_007,0
2024,다다165960,to_in_008,5
2024,다다166000,to_in_001,5
2024,다다166000,to_in_007,0
2024,다다166000,to_in_008,5
2024,다다166003,to_in_001,0
2024,다다166003,to_in_007,0
2024,다다166003,to_in_008,0
2024,다다166012,to_in_001,5
2024,다다166012,to_in_007,5
2024,다다166012,to_in_008,0
2024,다다166029,to_in_001,5
2024,다다166029,to_in_007,5
2024,다다166029,to_in_008,0
2024,다다166034,to_in_001,5
2024,다다166034,to_in_007,5
2024,다다166034,to_in_008,0
2024,다다166044,to_in_001,5
2024,다다166044,to_in_007,0
2024,다다166044,to_in_008,5
2024,다다166047,to_in_001,8
2024,다다166047,to_in_007,8
2024,다다166047,to_in_008,5
2024,다다166683,to_in_001,5
2024,다다166683,to_in_007,5
2024,다다166683,to_in_008,5
2024,다다166684,to_in_001,8
2024,다다166684,to_in_007,5
2024,다다166684,to_in_008,5
2024,다다166745,to_in_001,5
2024,다다166745,to_in_007,5
2024,다다166745,to_in_008,0
2024,다다166753,to_in_001,5
2024,다다166753,to_in_007,0
2024,다다166753,to_in_008,0
2024,다다166794,to_in_001,18
2024,다다166794,to_in_007,13
2024,다다166794,to_in_008,5
2024,다다166805,to_in_001,5
2024,다다166805,to_in_007,5
2024,다다166805,to_in_008,0
2024,다다166806,to_in_001,8
2024,다다166806,to_in_007,8
2024,다다166806,to_in_008,5
2024,다다166916,to_in_001,5
2024,다다166916,to_in_007,5
2024,다다166916,to_in_008,5
2024,다다166942,to_in_001,5
2024,다다166942,to_in_007,5
2024,다다166942,to_in_008,5
2024,다다166943,to_in_001,8
2024,다다166943,to_in_007,5
2024,다다166943,to_in_008,5
2024,다다166944,to_in_001,5
2024,다다166944,to_in_007,5
2024,다다166944,to_in_008,5
2024,다다166945,to_in_001,8
2024,다다166945,to_in_007,5
2024,다다166945,to_in_008,5
2024,다다166948,to_in_001,5
2024,다다166948,to_in_007,5
2024,다다166948,to_in_008,0
2024,다다167007,to_in_001,5
2024,다다167007,to_in_007,0
2024,다다167007,to_in_008,0
2024,다다167009,to_in_001,18
2024,다다167009,to_in_007,8
2024,다다167009,to_in_008,13
2024,다다167010,to_in_001,28
2024,다다167010,to_in_007,18
2024,다다167010,to_in_008,13
2024,다다167028,to_in_001,5
2024,다다167028,to_in_007,0
2024,다다167028,to_in_008,0
2024,다다167779,to_in_001,8
2024,다다167779,to_in_007,5
2024,다다167779,to_in_008,5
2024,다다167794,to_in_001,5
2024,다다167794,to_in_007,0
2024,다다167794,to_in_008,5
2024,다다180053,to_in_001,48
2024,다다180053,to_in_007,28
2024,다다180053,to_in_008,18
2024,다다180054,to_in_001,13
2024,다다180054,to_in_007,8
2024,다다180054,to_in_008,8
2024,다다180770,to_in_001,0
2024,다다180770,to_in_007,0
2024,다다180770,to_in_008,0
2024,다다180798,to_in_001,5
2024,다다180798,to_in_007,5
2024,다다180798,to_in_008,5
2024,다다180799,to_in_001,5
2024,다다180799,to_in_007,5
2024,다다180799,to_in_008,5
2024,다다180802,to_in_001,0
2024,다다180802,to_in_007,0
2024,다다180802,to_in_008,0
2024,다다180803,to_in_001,8
2024,다다182787,to_in_007,0
2024,다다182787,to_in_008,0
2024,다다182793,to_in_001,5
2024,다다182793,to_in_007,5
2024,다다182793,to_in_008,5
2024,다다182802,to_in_001,8
2024,다다182802,to_in_007,5
2024,다다182802,to_in_008,5
2024,다다182830,to_in_001,0
2024,다다182830,to_in_007,0
2024,다다182830,to_in_008,0
2024,다다182831,to_in_001,18
2024,다다182831,to_in_007,8
2024,다다182831,to_in_008,8
2024,다다182832,to_in_001,28
2024,다다182832,to_in_007,18
2024,다다182832,to_in_008,8
2024,다다182983,to_in_001,8
2024,다다182983,to_in_007,5
2024,다다182983,to_in_008,8
2024,다다182984,to_in_001,8
2024,다다182984,to_in_007,8
2024,다다182984,to_in_008,0
2024,다다182985,to_in_001,5
2024,다다182985,to_in_007,5
2024,다다182985,to_in_008,0
2024,다다182986,to_in_001,23
2024,다다182986,to_in_007,8
2024,다다182986,to_in_008,13
2024,다다182987,to_in_001,5
2024,다다182987,to_in_007,0
2024,다다182987,to_in_008,0
2024,다다183010,to_in_001,8
2024,다다183010,to_in_007,5
2024,다다183010,to_in_008,5
2024,다다183012,to_in_001,57
2024,다다183012,to_in_007,13
2024,다다183012,to_in_008,42
2024,다다183014,to_in_001,5
2024,다다183014,to_in_007,5
2024,다다183014,to_in_008,0
2024,다다183031,to_in_001,8
2024,다다183031,to_in_007,8
2024,다다183031,to_in_008,0
2024,다다183038,to_in_001,8
2024,다다183038,to_in_007,5
2024,다다183038,to_in_008,5
2024,다다183046,to_in_001,5
2024,다다183046,to_in_007,0
2024,다다183046,to_in_008,5
2024,다다183047,to_in_001,5
2024,다다183047,to_in_007,5
2024,다다183047,to_in_008,5
2024,다다183048,to_in_001,83
2024,다다183048,to_in_007,42
2024,다다183048,to_in_008,39
2024,다다183049,to_in_001,58
2024,다다183049,to_in_007,23
2024,다다183049,to_in_008,38
2024,다다184831,to_in_001,0
2024,다다184831,to_in_007,0
2024,다다184831,to_in_008,0
2024,다다184974,to_in_001,5
2024,다다184974,to_in_007,0
2024,다다184974,to_in_008,5
2024,다다184975,to_in_001,5
2024,다다184975,to_in_007,0
2024,다다184975,to_in_008,0
2024,다다184976,to_in_001,5
2024,다다184976,to_in_007,0
2024,다다184976,to_in_008,5
2024,다다184982,to_in_001,0
2024,다다184982,to_in_007,0
2024,다다184982,to_in_008,0
2024,다다184983,to_in_001,5
2024,다다184983,to_in_007,5
2024,다다184983,to_in_008,0
2024,다다184984,to_in_001,8
2024,다다184984,to_in_007,5
2024,다다184984,to_in_008,5
2024,다다185005,to_in_001,5
2024,다다185005,to_in_007,5
2024,다다185005,to_in_008,0
2024,다다185018,to_in_001,5
2024,다다185018,to_in_007,0
2024,다다185018,to_in_008,5
2024,다다185019,to_in_001,5
2024,다다185019,to_in_007,0
2024,다다185019,to_in_008,0
2024,다다185028,to_in_001,5
2024,다다185028,to_in_007,5
2024,다다185028,to_in_008,5
2024,다다185029,to_in_001,5
2024,다다185029,to_in_007,5
2024,다다170779,to_in_007,13
2024,다다170779,to_in_008,8
2024,다다170806,to_in_001,13
2024,다다170806,to_in_007,8
2024,다다170806,to_in_008,8
2024,다다170921,to_in_001,8
2024,다다170921,to_in_007,0
2024,다다170921,to_in_008,8
2024,다다170927,to_in_001,13
2024,다다170927,to_in_007,8
2024,다다170927,to_in_008,5
2024,다다170933,to_in_001,5
2024,다다170933,to_in_007,0
2024,다다170933,to_in_008,5
2024,다다170939,to_in_001,8
2024,다다170939,to_in_007,5
2024,다다170939,to_in_008,5
2024,다다170940,to_in_001,8
2024,다다170940,to_in_007,8
2024,다다170940,to_in_008,5
2024,다다170942,to_in_001,8
2024,다다170942,to_in_007,5
2024,다다170942,to_in_008,8
2024,다다170943,to_in_001,8
2024,다다170943,to_in_007,5
2024,다다170943,to_in_008,8
2024,다다170951,to_in_001,8
2024,다다170951,to_in_007,5
2024,다다170951,to_in_008,5
2024,다다171008,to_in_001,8
2024,다다171008,to_in_007,5
2024,다다171008,to_in_008,5
2024,다다171009,to_in_001,28
2024,다다171009,to_in_007,18
2024,다다171009,to_in_008,8
2024,다다171010,to_in_001,18
2024,다다171010,to_in_007,8
2024,다다171010,to_in_008,8
2024,다다171011,to_in_001,5
2024,다다171011,to_in_007,5
2024,다다171011,to_in_008,0
2024,다다171013,to_in_001,5
2024,다다171013,to_in_007,0
2024,다다171013,to_in_008,0
2024,다다171018,to_in_001,5
2024,다다171018,to_in_007,0
2024,다다171018,to_in_008,0
2024,다다171031,to_in_001,5
2024,다다171031,to_in_007,5
2024,다다171031,to_in_008,5
2024,다다171037,to_in_001,5
2024,다다171037,to_in_007,5
2024,다다171037,to_in_008,0
2024,다다171039,to_in_001,5
2024,다다171039,to_in_007,5
2024,다다171039,to_in_008,0
2024,다다173778,to_in_001,5
2024,다다173778,to_in_007,0
2024,다다173778,to_in_008,0
2024,다다173780,to_in_001,8
2024,다다173780,to_in_007,5
2024,다다173780,to_in_008,5
2024,다다173781,to_in_001,13
2024,다다173781,to_in_007,8
2024,다다173781,to_in_008,8
2024,다다173782,to_in_001,5
2024,다다173782,to_in_007,5
2024,다다173782,to_in_008,0
2024,다다173783,to_in_001,0
2024,다다173783,to_in_007,0
2024,다다173783,to_in_008,0
2024,다다173916,to_in_001,5
2024,다다173916,to_in_007,5
2024,다다173916,to_in_008,0
2024,다다173919,to_in_001,8
2024,다다173919,to_in_007,8
2024,다다173919,to_in_008,5
2024,다다173942,to_in_001,5
2024,다다173942,to_in_007,0
2024,다다173942,to_in_008,0
2024,다다173947,to_in_001,5
2024,다다173947,to_in_007,5
2024,다다173947,to_in_008,5
2024,다다173981,to_in_001,13
2024,다다173981,to_in_007,8
2024,다다173981,to_in_008,8
2024,다다173982,to_in_001,8
2024,다다173982,to_in_007,5
2024,다다173982,to_in_008,5
2024,다다174012,to_in_001,5
2024,다다174012,to_in_007,5
2024,다다174012,to_in_008,0
2024,다다174016,to_in_001,5
2024,다다174016,to_in_007,5
2024,다다174016,to_in_008,5
2024,다다174017,to_in_001,5
2024,다다174017,to_in_007,0
2024,다다174017,to_in_008,0
2024,다다174022,to_in_001,5
2024,다다174022,to_in_007,0
2024,다다174022,to_in_008,0
2024,다다174032,to_in_001,5
2024,다다174032,to_in_007,0
2024,다다174032,to_in_008,0
2024,다다174042,to_in_001,5
2024,다다174042,to_in_007,0
2024,다다174042,to_in_008,5
2024,다다174046,to_in_001,5
2024,다다174046,to_in_007,0
2024,다다174046,to_in_008,5
2024,다다174051,to_in_001,5
2024,다다174051,to_in_007,5
2024,다다174051,to_in_008,0
2024,다다174746,to_in_001,48
2024,다다174746,to_in_007,33
2024,다다174746,to_in_008,18
2024,다다174777,to_in_001,18
2024,다다174777,to_in_007,8
2024,다다174777,to_in_008,13
2024,다다174778,to_in_001,8
2024,다다174778,to_in_007,8
2024,다다174778,to_in_008,0
2024,다다174779,to_in_001,23
2024,다다174779,to_in_007,8
2024,다다174779,to_in_008,13
2024,다다174780,to_in_001,18
2024,다다174780,to_in_007,8
2024,다다174780,to_in_008,13
2024,다다174781,to_in_001,5
2024,다다174781,to_in_007,5
2024,다다174781,to_in_008,0
2024,다다174814,to_in_001,5
2024,다다174814,to_in_007,5
2024,다다174814,to_in_008,0
2024,다다174936,to_in_001,5
2024,다다174936,to_in_007,0
2024,다다174936,to_in_008,0
2024,다다174941,to_in_001,5
2024,다다174941,to_in_007,0
2024,다다174941,to_in_008,0
2024,다다174942,to_in_001,5
2024,다다174942,to_in_007,5
2024,다다174942,to_in_008,0
2024,다다177053,to_in_001,8
2024,다다177053,to_in_007,5
2024,다다177053,to_in_008,5
2024,다다177054,to_in_001,18
2024,다다177054,to_in_007,8
2024,다다177054,to_in_008,8
2024,다다177772,to_in_001,5
2024,다다177772,to_in_007,5
2024,다다177772,to_in_008,0
2024,다다177773,to_in_001,5
2024,다다177773,to_in_007,0
2024,다다177773,to_in_008,5
2024,다다177774,to_in_001,13
2024,다다177774,to_in_007,8
2024,다다177774,to_in_008,5
2024,다다177775,to_in_001,5
2024,다다177775,to_in_007,5
2024,다다177775,to_in_008,0
2024,다다177801,to_in_001,5
2024,다다177801,to_in_007,0
2024,다다177801,to_in_008,5
2024,다다177802,to_in_001,18
2024,다다177802,to_in_007,8
2024,다다177802,to_in_008,8
2024,다다177803,to_in_001,8
2024,다다177803,to_in_007,5
2024,다다177803,to_in_008,5
2024,다다177804,to_in_001,5
2024,다다177804,to_in_007,5
2024,다다177804,to_in_008,5
2024,다다177809,to_in_001,5
2024,다다177809,to_in_007,5
2024,다다177809,to_in_008,0
2024,다다177811,to_in_001,0
2024,다다177811,to_in_007,0
2024,다다177811,to_in_008,0
2024,다다177813,to_in_001,8
2024,다다177813,to_in_007,8
2024,다다177813,to_in_008,0
2024,다다177948,to_in_001,5
2024,다다177948,to_in_007,5
2024,다다177948,to_in_008,5
2024,다다177949,to_in_001,13
2024,다다177949,to_in_007,8
2024,다다177949,to_in_008,5
2024,다다178009,to_in_001,5
2024,다다178009,to_in_007,0
2024,다다178009,to_in_008,0
2024,다다178010,to_in_001,5
2024,다다178010,to_in_007,0
2024,다다178010,to_in_008,0
2024,다다178016,to_in_001,8
2024,다다178016,to_in_007,8
2024,다다178016,to_in_008,5
2024,다다178017,to_in_001,48
2024,다다178017,to_in_007,23
2024,다다178017,to_in_008,23
2024,다다178018,to_in_001,28
2024,다다178018,to_in_007,18
2024,다다178018,to_in_008,8
2024,다다178019,to_in_001,8
2024,다다178019,to_in_007,8
2024,다다178019,to_in_008,5
2024,다다178025,to_in_001,5
2024,다다178025,to_in_007,5
2024,다다178025,to_in_008,0
2024,다다178031,to_in_001,5
2024,다다178031,to_in_007,0
2024,다다178031,to_in_008,5
2024,다다178037,to_in_001,8
2024,다다178037,to_in_007,8
2024,다다178037,to_in_008,0
2024,다다178038,to_in_001,0
2024,다다178038,to_in_007,0
2024,다다178038,to_in_008,0
2024,다다178041,to_in_001,5
2024,다다178041,to_in_007,0
2024,다다178041,to_in_008,5
2024,다다178043,to_in_001,5
2024,다다178043,to_in_007,5
2024,다다178043,to_in_008,0
2024,다다178045,to_in_001,8
2024,다다178045,to_in_007,5
2024,다다178045,to_in_008,5
2024,다다178046,to_in_001,8
2024,다다178046,to_in_007,8
2024,다다178046,to_in_008,5
2024,다다178048,to_in_001,8
2024,다다178048,to_in_007,5
2024,다다178048,to_in_008,5
2024,다다178050,to_in_001,5
2024,다다178050,to_in_007,0
2024,다다178050,to_in_008,5
2024,다다178051,to_in_001,8
2024,다다178051,to_in_007,5
2024,다다178051,to_in_008,5
2024,다다178052,to_in_001,18
2024,다다178052,to_in_007,8
2024,다다178052,to_in_008,8
2024,다다178053,to_in_001,18
2024,다다178053,to_in_007,8
2024,다다178053,to_in_008,8
2024,다다178054,to_in_001,23
2024,다다178054,to_in_007,13
2024,다다178054,to_in_008,8
2024,다다178800,to_in_001,23
2024,다다178800,to_in_007,13
2024,다다178800,to_in_008,8
2024,다다178801,to_in_001,18
2024,다다178801,to_in_007,8
2024,다다178801,to_in_008,8
2024,다다178802,to_in_001,33
2024,다다178802,to_in_007,18
2024,다다178802,to_in_008,13
2024,다다178803,to_in_001,18
2024,다다178803,to_in_007,8
2024,다다178803,to_in_008,8
2024,다다178804,to_in_001,8
2024,다다178804,to_in_007,5
2024,다다178804,to_in_008,5
2024,다다178808,to_in_001,5
2024,다다178808,to_in_007,5
2024,다다178808,to_in_008,0
2024,다다178948,to_in_001,13
2024,다다178948,to_in_007,8
2024,다다178948,to_in_008,8
2024,다다178949,to_in_001,5
2024,다다178949,to_in_007,0
2024,다다178949,to_in_008,0
2024,다다178968,to_in_001,5
2024,다다178968,to_in_007,5
2024,다다178968,to_in_008,5
2024,다다178989,to_in_001,5
2024,다다178989,to_in_007,0
2024,다다178989,to_in_008,0
2024,다다185974,to_in_001,5
2024,다다185974,to_in_007,5
2024,다다185974,to_in_008,0
2024,다다185975,to_in_001,8
2024,다다185975,to_in_007,5
2024,다다185975,to_in_008,5
2024,다다185976,to_in_001,8
2024,다다185976,to_in_007,5
2024,다다185976,to_in_008,5
2024,다다185983,to_in_001,5
2024,다다185983,to_in_007,0
2024,다다185983,to_in_008,5
2024,다다186018,to_in_001,8
2024,다다186018,to_in_007,5
2024,다다186018,to_in_008,8
2024,다다169807,to_in_007,8
2024,다다169807,to_in_008,5
2024,다다169835,to_in_001,5
2024,다다169835,to_in_007,5
2024,다다169835,to_in_008,0
2024,다다169926,to_in_001,5
2024,다다169926,to_in_007,0
2024,다다169926,to_in_008,5
2024,다다169942,to_in_001,5
2024,다다169942,to_in_007,5
2024,다다169942,to_in_008,5
2024,다다169943,to_in_001,13
2024,다다169943,to_in_007,8
2024,다다169943,to_in_008,8
2024,다다169944,to_in_001,0
2024,다다169944,to_in_007,0
2024,다다169944,to_in_008,0
2024,다다169978,to_in_001,0
2024,다다169978,to_in_007,0
2024,다다169978,to_in_008,0
2024,다다169981,to_in_001,5
2024,다다169981,to_in_007,0
2024,다다169981,to_in_008,0
2024,다다169982,to_in_001,5
2024,다다169982,to_in_007,0
2024,다다169982,to_in_008,0
2024,다다169987,to_in_001,8
2024,다다169987,to_in_007,5
2024,다다169987,to_in_008,5
2024,다다169988,to_in_001,5
2024,다다169988,to_in_007,0
2024,다다169988,to_in_008,5
2024,다다170008,to_in_001,5
2024,다다170008,to_in_007,0
2024,다다170008,to_in_008,5
2024,다다172748,to_in_001,8
2024,다다172748,to_in_007,8
2024,다다172748,to_in_008,5
2024,다다172775,to_in_001,8
2024,다다172775,to_in_007,8
2024,다다172775,to_in_008,5
2024,다다172780,to_in_001,8
2024,다다172780,to_in_007,5
2024,다다172780,to_in_008,5
2024,다다172781,to_in_001,23
2024,다다172781,to_in_007,8
2024,다다172781,to_in_008,13
2024,다다172782,to_in_001,5
2024,다다172782,to_in_007,0
2024,다다172782,to_in_008,5
2024,다다172793,to_in_001,8
2024,다다172793,to_in_007,5
2024,다다172793,to_in_008,5
2024,다다172794,to_in_001,5
2024,다다172794,to_in_007,0
2024,다다172794,to_in_008,5
2024,다다172796,to_in_001,5
2024,다다172796,to_in_007,5
2024,다다172796,to_in_008,0
2024,다다172806,to_in_001,5
2024,다다172806,to_in_007,0
2024,다다172806,to_in_008,0
2024,다다172915,to_in_001,8
2024,다다172915,to_in_007,8
2024,다다172915,to_in_008,5
2024,다다172916,to_in_001,5
2024,다다172916,to_in_007,0
2024,다다172916,to_in_008,0
2024,다다172917,to_in_001,5
2024,다다172917,to_in_007,5
2024,다다172917,to_in_008,5
2024,다다172918,to_in_001,5
2024,다다172918,to_in_007,5
2024,다다172918,to_in_008,5
2024,다다172919,to_in_001,8
2024,다다172919,to_in_007,8
2024,다다172919,to_in_008,5
2024,다다172920,to_in_001,8
2024,다다172920,to_in_007,5
2024,다다172920,to_in_008,0
2024,다다172939,to_in_001,8
2024,다다172939,to_in_007,8
2024,다다172939,to_in_008,5
2024,다다172940,to_in_001,13
2024,다다172940,to_in_007,8
2024,다다172940,to_in_008,5
2024,다다172941,to_in_001,18
2024,다다172941,to_in_007,8
2024,다다172941,to_in_008,8
2024,다다172942,to_in_001,8
2024,다다172942,to_in_007,0
2024,다다172942,to_in_008,5
2024,다다172980,to_in_001,5
2024,다다172980,to_in_007,5
2024,다다172980,to_in_008,0
2024,다다172981,to_in_001,0
2024,다다172981,to_in_007,0
2024,다다172981,to_in_008,0
2024,다다172982,to_in_001,5
2024,다다172982,to_in_007,5
2024,다다172982,to_in_008,5
2024,다다172983,to_in_001,5
2024,다다172983,to_in_007,5
2024,다다172983,to_in_008,0
2024,다다173012,to_in_001,5
2024,다다173012,to_in_007,5
2024,다다173012,to_in_008,0
2024,다다173013,to_in_001,0
2024,다다173013,to_in_007,0
2024,다다173013,to_in_008,0
2024,다다173014,to_in_001,5
2024,다다173014,to_in_007,5
2024,다다173014,to_in_008,5
2024,다다173042,to_in_001,13
2024,다다173042,to_in_007,8
2024,다다173042,to_in_008,5
2024,다다173745,to_in_001,13
2024,다다173745,to_in_007,8
2024,다다173745,to_in_008,8
2024,다다173746,to_in_001,28
2024,다다173746,to_in_007,18
2024,다다173746,to_in_008,8
2024,다다179016,to_in_001,5
2024,다다179016,to_in_007,0
2024,다다179016,to_in_008,0
2024,다다179017,to_in_001,13
2024,다다179017,to_in_007,8
2024,다다179017,to_in_008,8
2024,다다179018,to_in_001,18
2024,다다179018,to_in_007,13
2024,다다179018,to_in_008,8
2024,다다179019,to_in_001,13
2024,다다179019,to_in_007,8
2024,다다179019,to_in_008,8
2024,다다179034,to_in_001,5
2024,다다179034,to_in_007,5
2024,다다179034,to_in_008,5
2024,다다179037,to_in_001,5
2024,다다179037,to_in_007,0
2024,다다179037,to_in_008,0
2024,다다179042,to_in_001,8
2024,다다179042,to_in_007,8
2024,다다179042,to_in_008,5
2024,다다179047,to_in_001,5
2024,다다179047,to_in_007,0
2024,다다179047,to_in_008,5
2024,다다179049,to_in_001,13
2024,다다179049,to_in_007,8
2024,다다179049,to_in_008,8
2024,다다179050,to_in_001,23
2024,다다179050,to_in_007,13
2024,다다179050,to_in_008,8
2024,다다179051,to_in_001,28
2024,다다179051,to_in_007,13
2024,다다179051,to_in_008,13
2024,다다179052,to_in_001,43
2024,다다179052,to_in_007,23
2024,다다179052,to_in_008,23
2024,다다179053,to_in_001,69
2024,다다179053,to_in_007,34
2024,다다179053,to_in_008,33
2024,다다179054,to_in_001,18
2024,다다179054,to_in_007,8
2024,다다179054,to_in_008,8
2024,다다179769,to_in_001,5
2024,다다179769,to_in_007,5
2024,다다179769,to_in_008,5
2024,다다179802,to_in_001,0
2024,다다179802,to_in_007,0
2024,다다179802,to_in_008,0
2024,다다179803,to_in_001,5
2024,다다179803,to_in_007,0
2024,다다179803,to_in_008,0
2024,다다179807,to_in_001,8
2024,다다179807,to_in_007,5
2024,다다179807,to_in_008,5
2024,다다179808,to_in_001,13
2024,다다179808,to_in_007,8
2024,다다179808,to_in_008,8
2024,다다179889,to_in_001,5
2024,다다179889,to_in_007,0
2024,다다179889,to_in_008,0
2024,다다179948,to_in_001,5
2024,다다179948,to_in_007,0
2024,다다179948,to_in_008,5
2024,다다179949,to_in_001,8
2024,다다179949,to_in_007,0
2024,다다179949,to_in_008,8
2024,다다179967,to_in_001,8
2024,다다179967,to_in_007,5
2024,다다179967,to_in_008,5
2024,다다179968,to_in_001,8
2024,다다179968,to_in_007,5
2024,다다179968,to_in_008,5
2024,다다179969,to_in_001,0
2024,다다179969,to_in_007,0
2024,다다179969,to_in_008,0
2024,다다180012,to_in_001,0
2024,다다180012,to_in_007,0
2024,다다180012,to_in_008,0
2024,다다180018,to_in_001,5
2024,다다180018,to_in_007,5
2024,다다180018,to_in_008,5
2024,다다180019,to_in_001,5
2024,다다180019,to_in_007,0
2024,다다180019,to_in_008,5
2024,다다180035,to_in_001,13
2024,다다180035,to_in_007,8
2024,다다180035,to_in_008,8
2024,다다180036,to_in_001,5
2024,다다180036,to_in_007,5
2024,다다180036,to_in_008,0
2024,다다180037,to_in_001,33
2024,다다180037,to_in_007,18
2024,다다180037,to_in_008,13
2024,다다180039,to_in_001,5
2024,다다180039,to_in_007,5
2024,다다180039,to_in_008,0
2024,다다180040,to_in_001,5
2024,다다180040,to_in_007,5
2024,다다180040,to_in_008,0
2024,다다180041,to_in_001,18
2024,다다180041,to_in_007,8
2024,다다180041,to_in_008,8
2024,다다180042,to_in_001,33
2024,다다180042,to_in_007,18
2024,다다180042,to_in_008,13
2024,다다180044,to_in_001,28
2024,다다180044,to_in_007,13
2024,다다180044,to_in_008,13
2024,다다180045,to_in_001,5
2024,다다180045,to_in_007,0
2024,다다180045,to_in_008,5
2024,다다180046,to_in_001,8
2024,다다180046,to_in_007,8
2024,다다180046,to_in_008,0
2024,다다180047,to_in_001,5
2024,다다180047,to_in_007,5
2024,다다180047,to_in_008,5
2024,다다180050,to_in_001,28
2024,다다180050,to_in_007,13
2024,다다180050,to_in_008,13
2024,다다180051,to_in_001,95
2024,다다180051,to_in_007,44
2024,다다180051,to_in_008,54
2024,다다180052,to_in_001,82
2024,다다180052,to_in_007,39
2024,다다180052,to_in_008,41
2024,다다183050,to_in_001,121
2024,다다183050,to_in_007,61
2024,다다183050,to_in_008,58
2024,다다183051,to_in_001,68
2024,다다183051,to_in_007,28
2024,다다183051,to_in_008,38
2024,다다183052,to_in_001,86
2024,다다183052,to_in_007,46
2024,다다183052,to_in_008,43
2024,다다183053,to_in_001,48
2024,다다183053,to_in_007,28
2024,다다183053,to_in_008,18
2024,다다183054,to_in_001,48
2024,다다183054,to_in_007,28
2024,다다183054,to_in_008,18
2024,다다183786,to_in_001,0
2024,다다183786,to_in_007,0
2024,다다183786,to_in_008,0
2024,다다183787,to_in_001,8
2024,다다183787,to_in_007,5
2024,다다183787,to_in_008,5
2024,다다183802,to_in_001,5
2024,다다183802,to_in_007,5
2024,다다183802,to_in_008,0
2024,다다183831,to_in_001,18
2024,다다183831,to_in_007,8
2024,다다183831,to_in_008,8
2024,다다183832,to_in_001,23
2024,다다183832,to_in_007,8
2024,다다183832,to_in_008,13
2024,다다183975,to_in_001,5
2024,다다183975,to_in_007,0
2024,다다183975,to_in_008,5
2024,다다183976,to_in_001,8
2024,다다183976,to_in_007,8
2024,다다183976,to_in_008,5
2024,다다183982,to_in_001,5
2024,다다183982,to_in_007,0
2024,다다183982,to_in_008,5
2024,다다183983,to_in_001,13
2024,다다183983,to_in_007,8
2024,다다183983,to_in_008,5
2024,다다183984,to_in_001,18
2024,다다183984,to_in_007,8
2024,다다183984,to_in_008,8
2024,다다161006,to_in_001,0
2024,다다161006,to_in_007,0
2024,다다161006,to_in_008,0
2024,다다161013,to_in_001,8
2024,다다161013,to_in_007,8
2024,다다161013,to_in_008,5
2024,다다161015,to_in_001,13
2024,다다161015,to_in_007,8
2024,다다161015,to_in_008,5
2024,다다161016,to_in_001,5
2024,다다161016,to_in_007,5
2024,다다161016,to_in_008,0
2024,다다161017,to_in_001,170
2024,다다161017,to_in_007,77
2024,다다161017,to_in_008,96
2024,다다161031,to_in_001,0
2024,다다161031,to_in_007,0
2024,다다161031,to_in_008,0
2024,다다161032,to_in_001,5
2024,다다161032,to_in_007,5
2024,다다161032,to_in_008,0
2024,다다161036,to_in_001,8
2024,다다161036,to_in_007,5
2024,다다161036,to_in_008,5
2024,다다161748,to_in_001,23
2024,다다161748,to_in_007,18
2024,다다161748,to_in_008,8
2024,다다161749,to_in_001,13
2024,다다161749,to_in_007,8
2024,다다161749,to_in_008,8
2024,다다167795,to_in_001,8
2024,다다167795,to_in_007,5
2024,다다167795,to_in_008,0
2024,다다167805,to_in_001,5
2024,다다167805,to_in_007,5
2024,다다167805,to_in_008,5
2024,다다167806,to_in_001,23
2024,다다167806,to_in_007,13
2024,다다167806,to_in_008,13
2024,다다167807,to_in_001,0
2024,다다167807,to_in_007,0
2024,다다167807,to_in_008,0
2024,다다167934,to_in_001,5
2024,다다167934,to_in_007,5
2024,다다167934,to_in_008,0
2024,다다167935,to_in_001,5
2024,다다167935,to_in_007,5
2024,다다167935,to_in_008,0
2024,다다167942,to_in_001,5
2024,다다167942,to_in_007,5
2024,다다167942,to_in_008,5
2024,다다167943,to_in_001,18
2024,다다167943,to_in_007,8
2024,다다167943,to_in_008,13
2024,다다167944,to_in_001,8
2024,다다167944,to_in_007,5
2024,다다167944,to_in_008,5
2024,다다167945,to_in_001,5
2024,다다167945,to_in_007,5
2024,다다167945,to_in_008,0
2024,다다167979,to_in_001,5
2024,다다167979,to_in_007,5
2024,다다167979,to_in_008,0
2024,다다168001,to_in_001,0
2024,다다168001,to_in_007,0
2024,다다168001,to_in_008,0
2024,다다168010,to_in_001,49
2024,다다168010,to_in_007,29
2024,다다168010,to_in_008,23
2024,다다168024,to_in_001,5
2024,다다168024,to_in_007,5
2024,다다168024,to_in_008,0
2024,다다168028,to_in_001,0
2024,다다168028,to_in_007,0
2024,다다168028,to_in_008,0
2024,다다168033,to_in_001,8
2024,다다168033,to_in_007,5
2024,다다168033,to_in_008,5
2024,다다168043,to_in_001,5
2024,다다168043,to_in_007,0
2024,다다168043,to_in_008,0
2024,다다168779,to_in_001,13
2024,다다168779,to_in_007,8
2024,다다168779,to_in_008,5
2024,다다168805,to_in_001,8
2024,다다168805,to_in_007,5
2024,다다168805,to_in_008,5
2024,다다168806,to_in_001,23
2024,다다168806,to_in_007,18
2024,다다168806,to_in_008,8
2024,다다168807,to_in_001,5
2024,다다168807,to_in_007,5
2024,다다168807,to_in_008,0
2024,다다168809,to_in_001,5
2024,다다168809,to_in_007,5
2024,다다168809,to_in_008,0
2024,다다168942,to_in_001,8
2024,다다168942,to_in_007,5
2024,다다168942,to_in_008,5
2024,다다168943,to_in_001,18
2024,다다168943,to_in_007,8
2024,다다168943,to_in_008,13
2024,다다168944,to_in_001,5
2024,다다168944,to_in_007,0
2024,다다168944,to_in_008,5
2024,다다168945,to_in_001,8
2024,다다168945,to_in_007,8
2024,다다168945,to_in_008,5
2024,다다175007,to_in_001,5
2024,다다175007,to_in_007,5
2024,다다175007,to_in_008,0
2024,다다175016,to_in_001,5
2024,다다175016,to_in_007,5
2024,다다175016,to_in_008,5
2024,다다175033,to_in_001,5
2024,다다175033,to_in_007,0
2024,다다175033,to_in_008,0
2024,다다175035,to_in_001,0
2024,다다175035,to_in_007,0
2024,다다175035,to_in_008,0
2024,다다175041,to_in_001,8
2024,다다175041,to_in_007,5
2024,다다175041,to_in_008,5
2024,다다175043,to_in_001,5
2024,다다175043,to_in_007,5
2024,다다175043,to_in_008,0
2024,다다175044,to_in_001,8
2024,다다175044,to_in_007,5
2024,다다175044,to_in_008,5
2024,다다175048,to_in_001,8
2024,다다175048,to_in_007,5
2024,다다175048,to_in_008,8
2024,다다175745,to_in_001,23
2024,다다175745,to_in_007,13
2024,다다175745,to_in_008,13
2024,다다175746,to_in_001,5
2024,다다175746,to_in_007,5
2024,다다175746,to_in_008,5
2024,다다175943,to_in_001,5
2024,다다175943,to_in_007,0
2024,다다175943,to_in_008,5
2024,다다176011,to_in_001,0
2024,다다176011,to_in_007,0
2024,다다176011,to_in_008,0
2024,다다176014,to_in_001,8
2024,다다176014,to_in_007,0
2024,다다176014,to_in_008,8
2024,다다176017,to_in_001,5
2024,다다176017,to_in_007,5
2024,다다176017,to_in_008,5
2024,다다176018,to_in_001,5
2024,다다176018,to_in_007,5
2024,다다176018,to_in_008,5
2024,다다176033,to_in_001,5
2024,다다176033,to_in_007,0
2024,다다176033,to_in_008,5
2024,다다176040,to_in_001,5
2024,다다176040,to_in_007,5
2024,다다176040,to_in_008,0
2024,다다176044,to_in_001,18
2024,다다176044,to_in_007,8
2024,다다176044,to_in_008,8
2024,다다176045,to_in_001,13
2024,다다176045,to_in_007,8
2024,다다176045,to_in_008,5
2024,다다176048,to_in_001,5
2024,다다176048,to_in_007,0
2024,다다176048,to_in_008,5
2024,다다176051,to_in_001,5
2024,다다176051,to_in_007,0
2024,다다176051,to_in_008,5
2024,다다176053,to_in_001,13
2024,다다176053,to_in_007,8
2024,다다176053,to_in_008,8
2024,다다176054,to_in_001,5
2024,다다176054,to_in_007,5
2024,다다176054,to_in_008,0
2024,다다176743,to_in_001,0
2024,다다176743,to_in_007,0
2024,다다176743,to_in_008,0
2024,다다176744,to_in_001,0
2024,다다176744,to_in_007,0
2024,다다176744,to_in_008,0
2024,다다176794,to_in_001,5
2024,다다176794,to_in_007,0
2024,다다176794,to_in_008,5
2024,다다176803,to_in_001,8
2024,다다176803,to_in_007,5
2024,다다176803,to_in_008,5
2024,다다176804,to_in_001,5
2024,다다176804,to_in_007,5
2024,다다176804,to_in_008,5
2024,다다176814,to_in_001,5
2024,다다176814,to_in_007,5
2024,다다176814,to_in_008,0
2024,다다176985,to_in_001,5
2024,다다176985,to_in_007,5
2024,다다176985,to_in_008,0
2024,다다176994,to_in_001,0
2024,다다176994,to_in_007,0
2024,다다176994,to_in_008,0
2024,다다177007,to_in_001,8
2024,다다177007,to_in_007,8
2024,다다177007,to_in_008,0
2024,다다177009,to_in_001,5
2024,다다177009,to_in_007,5
2024,다다177009,to_in_008,5
2024,다다177016,to_in_001,23
2024,다다177016,to_in_007,13
2024,다다177016,to_in_008,8
2024,다다177017,to_in_001,13
2024,다다177017,to_in_007,8
2024,다다177017,to_in_008,8
2024,다다177026,to_in_001,5
2024,다다177026,to_in_007,5
2024,다다177026,to_in_008,0
2024,다다177033,to_in_001,5
2024,다다177033,to_in_007,0
2024,다다177033,to_in_008,0
2024,다다177036,to_in_001,8
2024,다다177036,to_in_007,5
2024,다다177036,to_in_008,8
2024,다다177037,to_in_001,5
2024,다다177037,to_in_007,5
2024,다다177037,to_in_008,5
2024,다다177042,to_in_001,8
2024,다다177042,to_in_007,8
2024,다다177042,to_in_008,5
2024,다다177043,to_in_001,8
2024,다다177043,to_in_007,8
2024,다다177043,to_in_008,5
2024,다다177044,to_in_001,13
2024,다다177044,to_in_007,8
2024,다다177044,to_in_008,8
2024,다다177045,to_in_001,5
2024,다다177045,to_in_007,0
2024,다다177045,to_in_008,5
2024,다다177049,to_in_001,0
2024,다다177049,to_in_007,0
2024,다다177049,to_in_008,0
2024,다다187031,to_in_001,5
2024,다다187031,to_in_007,5
2024,다다187031,to_in_008,0
2024,다다187032,to_in_001,13
2024,다다187032,to_in_007,8
2024,다다187032,to_in_008,8
2024,다다187033,to_in_001,5
2024,다다187033,to_in_007,5
2024,다다187033,to_in_008,0
2024,다다187037,to_in_001,8
2024,다다187037,to_in_007,5
2024,다다187037,to_in_008,5
2024,다다187038,to_in_001,8
2024,다다187038,to_in_007,5
2024,다다187038,to_in_008,5
2024,다다187039,to_in_001,5
2024,다다187039,to_in_007,5
2024,다다187039,to_in_008,0
2024,다다187040,to_in_001,8
2024,다다187040,to_in_007,5
2024,다다187040,to_in_008,5
2024,다다187044,to_in_001,5
2024,다다187044,to_in_007,0
2024,다다187044,to_in_008,0
2024,다다187045,to_in_001,8
2024,다다187045,to_in_007,5
2024,다다187045,to_in_008,5
2024,다다187046,to_in_001,8
2024,다다187046,to_in_007,8
2024,다다187046,to_in_008,8
2024,다다187047,to_in_001,13
2024,다다187047,to_in_007,8
2024,다다187047,to_in_008,8
2024,다다187049,to_in_001,8
2024,다다187049,to_in_007,5
2024,다다187049,to_in_008,8
2024,다다187050,to_in_001,8
2024,다다187050,to_in_007,5
2024,다다187050,to_in_008,8
2024,다다187051,to_in_001,5
2024,다다187051,to_in_007,5
2024,다다187051,to_in_008,5
2024,다다187052,to_in_001,33
2024,다다187052,to_in_007,18
2024,다다187052,to_in_008,18
2024,다다187053,to_in_001,0
2024,다다187053,to_in_007,0
2024,다다187053,to_in_008,0
2024,다다187788,to_in_001,13
2024,다다187788,to_in_007,8
2024,다다187788,to_in_008,8
2024,다다187789,to_in_001,5
2024,다다187789,to_in_007,5
2024,다다185029,to_in_008,0
2024,다다185030,to_in_001,58
2024,다다185030,to_in_007,28
2024,다다185030,to_in_008,28
2024,다다185031,to_in_001,98
2024,다다185031,to_in_007,44
2024,다다185031,to_in_008,52
2024,다다185032,to_in_001,110
2024,다다185032,to_in_007,55
2024,다다185032,to_in_008,53
2024,다다185033,to_in_001,18
2024,다다185033,to_in_007,13
2024,다다185033,to_in_008,8
2024,다다185040,to_in_001,8
2024,다다185040,to_in_007,8
2024,다다185040,to_in_008,5
2024,다다185042,to_in_001,5
2024,다다185042,to_in_007,5
2024,다다185042,to_in_008,5
2024,다다185043,to_in_001,5
2024,다다185043,to_in_007,0
2024,다다185043,to_in_008,5
2024,다다185044,to_in_001,18
2024,다다185044,to_in_007,8
2024,다다185044,to_in_008,8
2024,다다185045,to_in_001,5
2024,다다185045,to_in_007,5
2024,다다185045,to_in_008,5
2024,다다185046,to_in_001,33
2024,다다185046,to_in_007,13
2024,다다185046,to_in_008,18
2024,다다185049,to_in_001,8
2024,다다185049,to_in_007,5
2024,다다185049,to_in_008,5
2024,다다185050,to_in_001,75
2024,다다185050,to_in_007,33
2024,다다185050,to_in_008,40
2024,다다185051,to_in_001,174
2024,다다185051,to_in_007,78
2024,다다185051,to_in_008,94
2024,다다185052,to_in_001,120
2024,다다185052,to_in_007,62
2024,다다185052,to_in_008,56
2024,다다185053,to_in_001,79
2024,다다185053,to_in_007,39
2024,다다185053,to_in_008,43
2024,다다185054,to_in_001,28
2024,다다185054,to_in_007,13
2024,다다185054,to_in_008,18
2024,다다185055,to_in_001,28
2024,다다185055,to_in_007,13
2024,다다185055,to_in_008,13
2024,다다185743,to_in_001,5
2024,다다185743,to_in_007,5
2024,다다185743,to_in_008,0
2024,다다185770,to_in_001,5
2024,다다185770,to_in_007,5
2024,다다185770,to_in_008,5
2024,다다185787,to_in_001,5
2024,다다185787,to_in_007,5
2024,다다185787,to_in_008,5
2024,다다185788,to_in_001,5
2024,다다185788,to_in_007,0
2024,다다185788,to_in_008,0
2024,다다185800,to_in_001,5
2024,다다185800,to_in_007,5
2024,다다185800,to_in_008,0
2024,다다185801,to_in_001,5
2024,다다185801,to_in_007,0
2024,다다185801,to_in_008,0
2024,다다185963,to_in_001,0
2024,다다185963,to_in_007,0
2024,다다185963,to_in_008,0
2024,다다199027,to_in_001,18
2024,다다199027,to_in_007,8
2024,다다199027,to_in_008,8
2024,다다199030,to_in_001,5
2024,다다199030,to_in_007,5
2024,다다199030,to_in_008,5
2024,다다199031,to_in_001,0
2024,다다199031,to_in_007,0
2024,다다199031,to_in_008,0
2024,다다199034,to_in_001,18
2024,다다199034,to_in_007,8
2024,다다199034,to_in_008,8
2024,다다199035,to_in_001,8
2024,다다199035,to_in_007,5
2024,다다199035,to_in_008,8
2024,다다199038,to_in_001,5
2024,다다199038,to_in_007,5
2024,다다199038,to_in_008,0
2024,다다199045,to_in_001,48
2024,다다199045,to_in_007,28
2024,다다199045,to_in_008,23
2024,다다199048,to_in_001,13
2024,다다199048,to_in_007,8
2024,다다199048,to_in_008,8
2024,다다199049,to_in_001,76
2024,다다199049,to_in_007,37
2024,다다199049,to_in_008,37
2024,다다199050,to_in_001,13
2024,다다199050,to_in_007,8
2024,다다199050,to_in_008,8
2024,다다199051,to_in_001,18
2024,다다199051,to_in_007,8
2024,다다199051,to_in_008,8
2024,다다199052,to_in_001,8
2024,다다199052,to_in_007,5
2024,다다199052,to_in_008,5
2024,다다199053,to_in_001,48
2024,다다199053,to_in_007,23
2024,다다199053,to_in_008,23
2024,다다199054,to_in_001,61
2024,다다199054,to_in_007,31
2024,다다199054,to_in_008,28
2024,다다199055,to_in_001,38
2024,다다199055,to_in_007,18
2024,다다199055,to_in_008,23
2024,다다199056,to_in_001,53
2024,다다199056,to_in_007,28
2024,다다199056,to_in_008,28
2024,다다199057,to_in_001,80
2024,다다199057,to_in_007,40
2024,다다199057,to_in_008,43
2024,다다199058,to_in_001,28
2024,다다199058,to_in_007,13
2024,다다199058,to_in_008,13
2024,다다199059,to_in_001,8
2024,다다199059,to_in_007,5
2024,다다199059,to_in_008,5
2024,다다199060,to_in_001,8
2024,다다199060,to_in_007,5
2024,다다199060,to_in_008,5
2024,다다199061,to_in_001,5
2024,다다199061,to_in_007,5
2024,다다199061,to_in_008,5
2024,다다200006,to_in_001,5
2024,다다200006,to_in_007,0
2024,다다200006,to_in_008,0
2024,다다200026,to_in_001,5
2024,다다200026,to_in_007,0
2024,다다200026,to_in_008,0
2024,다다200029,to_in_001,8
2024,다다200029,to_in_007,5
2024,다다200029,to_in_008,5
2024,다다200030,to_in_001,8
2024,다다200030,to_in_007,5
2024,다다200030,to_in_008,8
2024,다다200032,to_in_001,5
2024,다다200032,to_in_007,0
2024,다다200032,to_in_008,0
2024,다다200033,to_in_001,5
2024,다다200033,to_in_007,0
2024,다다200033,to_in_008,0
2024,다다200034,to_in_001,18
2024,다다200034,to_in_007,13
2024,다다200034,to_in_008,8
2024,다다200035,to_in_001,13
2024,다다200035,to_in_007,8
2024,다다200035,to_in_008,5
2024,다다200036,to_in_001,5
2024,다다200036,to_in_007,0
2024,다다200036,to_in_008,0
2024,다다200046,to_in_001,5
2024,다다200046,to_in_007,0
2024,다다200046,to_in_008,5
2024,다다200048,to_in_001,5
2024,다다200048,to_in_007,0
2024,다다200048,to_in_008,5
2024,다다200050,to_in_001,13
2024,다다200050,to_in_007,8
2024,다다200050,to_in_008,5
2024,다다200051,to_in_001,28
2024,다다200051,to_in_007,18
2024,다다200051,to_in_008,13
2024,다다200052,to_in_001,13
2024,다다200052,to_in_007,8
2024,다다200052,to_in_008,8
2024,다다200053,to_in_001,8
2024,다다200053,to_in_007,8
2024,다다200053,to_in_008,5
2024,다다200054,to_in_001,38
2024,다다200054,to_in_007,13
2024,다다200054,to_in_008,23
2024,다다200055,to_in_001,68
2024,다다200055,to_in_007,33
2024,다다200055,to_in_008,38
2024,다다200056,to_in_001,38
2024,다다200056,to_in_007,18
2024,다다200056,to_in_008,18
2024,다다200057,to_in_001,33
2024,다다200057,to_in_007,18
2024,다다200057,to_in_008,18
2024,다다200059,to_in_001,8
2024,다다200059,to_in_007,8
2024,다다200059,to_in_008,5
2024,다다200060,to_in_001,13
2024,다다200060,to_in_007,8
2024,다다200060,to_in_008,8
2024,다다200061,to_in_001,13
2024,다다200061,to_in_007,8
2024,다다200061,to_in_008,8
2024,다다200794,to_in_001,0
2024,다다200794,to_in_007,0
2024,다다200794,to_in_008,0
2024,다다201009,to_in_001,5
2024,다다201009,to_in_007,5
2024,다다201009,to_in_008,0
2024,다다180803,to_in_007,5
2024,다다180803,to_in_008,5
2024,다다180889,to_in_001,5
2024,다다180889,to_in_007,0
2024,다다180889,to_in_008,0
2024,다다180959,to_in_001,5
2024,다다180959,to_in_007,0
2024,다다180959,to_in_008,5
2024,다다180967,to_in_001,5
2024,다다180967,to_in_007,5
2024,다다180967,to_in_008,0
2024,다다180968,to_in_001,13
2024,다다180968,to_in_007,5
2024,다다180968,to_in_008,8
2024,다다180969,to_in_001,8
2024,다다180969,to_in_007,5
2024,다다180969,to_in_008,5
2024,다다181012,to_in_001,5
2024,다다181012,to_in_007,0
2024,다다181012,to_in_008,5
2024,다다181013,to_in_001,5
2024,다다181013,to_in_007,0
2024,다다181013,to_in_008,0
2024,다다181032,to_in_001,5
2024,다다181032,to_in_007,0
2024,다다181032,to_in_008,0
2024,다다181034,to_in_001,5
2024,다다181034,to_in_007,0
2024,다다181034,to_in_008,0
2024,다다181035,to_in_001,33
2024,다다181035,to_in_007,18
2024,다다181035,to_in_008,13
2024,다다181041,to_in_001,28
2024,다다181041,to_in_007,18
2024,다다181041,to_in_008,13
2024,다다181042,to_in_001,28
2024,다다181042,to_in_007,13
2024,다다181042,to_in_008,18
2024,다다181043,to_in_001,13
2024,다다181043,to_in_007,8
2024,다다181043,to_in_008,8
2024,다다181044,to_in_001,13
2024,다다181044,to_in_007,8
2024,다다181044,to_in_008,8
2024,다다181045,to_in_001,13
2024,다다181045,to_in_007,8
2024,다다181045,to_in_008,5
2024,다다181047,to_in_001,23
2024,다다181047,to_in_007,8
2024,다다181047,to_in_008,13
2024,다다181048,to_in_001,13
2024,다다181048,to_in_007,5
2024,다다181048,to_in_008,8
2024,다다181049,to_in_001,43
2024,다다181049,to_in_007,23
2024,다다181049,to_in_008,18
2024,다다181050,to_in_001,63
2024,다다181050,to_in_007,28
2024,다다181050,to_in_008,33
2024,다다181051,to_in_001,204
2024,다다181051,to_in_007,105
2024,다다181051,to_in_008,97
2024,다다181052,to_in_001,18
2024,다다181052,to_in_007,13
2024,다다181052,to_in_008,8
2024,다다181053,to_in_001,71
2024,다다181053,to_in_007,35
2024,다다181053,to_in_008,34
2024,다다181054,to_in_001,0
2024,다다181054,to_in_007,0
2024,다다181054,to_in_008,0
2024,다다181786,to_in_001,5
2024,다다181786,to_in_007,5
2024,다다181786,to_in_008,0
2024,다다181791,to_in_001,5
2024,다다181791,to_in_007,0
2024,다다181791,to_in_008,5
2024,다다181792,to_in_001,8
2024,다다181792,to_in_007,5
2024,다다181792,to_in_008,5
2024,다다181793,to_in_001,13
2024,다다181793,to_in_007,8
2024,다다181793,to_in_008,5
2024,다다181828,to_in_001,5
2024,다다181828,to_in_007,5
2024,다다181828,to_in_008,0
2024,다다181831,to_in_001,5
2024,다다181831,to_in_007,0
2024,다다181831,to_in_008,5
2024,다다181967,to_in_001,0
2024,다다181967,to_in_007,0
2024,다다181967,to_in_008,0
2024,다다181968,to_in_001,5
2024,다다181968,to_in_007,5
2024,다다181968,to_in_008,5
2024,다다181969,to_in_001,13
2024,다다181969,to_in_007,8
2024,다다181969,to_in_008,8
2024,다다181970,to_in_001,5
2024,다다181970,to_in_007,0
2024,다다181970,to_in_008,5
2024,다다181983,to_in_001,5
2024,다다181983,to_in_007,5
2024,다다181983,to_in_008,5
2024,다다181984,to_in_001,18
2024,다다181984,to_in_007,8
2024,다다181984,to_in_008,8
2024,다다188052,to_in_001,13
2024,다다188052,to_in_007,8
2024,다다188052,to_in_008,8
2024,다다188741,to_in_001,8
2024,다다188741,to_in_007,8
2024,다다188741,to_in_008,0
2024,다다188788,to_in_001,18
2024,다다188788,to_in_007,13
2024,다다188788,to_in_008,8
2024,다다188973,to_in_001,8
2024,다다188973,to_in_007,5
2024,다다188973,to_in_008,5
2024,다다188974,to_in_001,13
2024,다다188974,to_in_007,8
2024,다다188974,to_in_008,8
2024,다다188975,to_in_001,0
2024,다다188975,to_in_007,0
2024,다다188975,to_in_008,0
2024,다다188983,to_in_001,8
2024,다다188983,to_in_007,5
2024,다다188983,to_in_008,5
2024,다다189001,to_in_001,0
2024,다다189001,to_in_007,0
2024,다다189001,to_in_008,0
2024,다다189016,to_in_001,8
2024,다다189016,to_in_007,5
2024,다다189016,to_in_008,5
2024,다다189017,to_in_001,8
2024,다다189017,to_in_007,5
2024,다다189017,to_in_008,5
2024,다다189021,to_in_001,8
2024,다다189021,to_in_007,5
2024,다다189021,to_in_008,5
2024,다다189031,to_in_001,38
2024,다다189031,to_in_007,18
2024,다다189031,to_in_008,18
2024,다다189032,to_in_001,63
2024,다다189032,to_in_007,29
2024,다다189032,to_in_008,37
2024,다다189033,to_in_001,5
2024,다다189033,to_in_007,5
2024,다다189033,to_in_008,5
2024,다다189039,to_in_001,5
2024,다다189039,to_in_007,0
2024,다다189039,to_in_008,0
2024,다다189041,to_in_001,5
2024,다다189041,to_in_007,5
2024,다다189041,to_in_008,0
2024,다다189047,to_in_001,13
2024,다다189047,to_in_007,8
2024,다다189047,to_in_008,5
2024,다다189049,to_in_001,23
2024,다다189049,to_in_007,13
2024,다다189049,to_in_008,13
2024,다다189050,to_in_001,5
2024,다다189050,to_in_007,5
2024,다다189050,to_in_008,5
2024,다다189051,to_in_001,124
2024,다다189051,to_in_007,59
2024,다다189051,to_in_008,63
2024,다다189052,to_in_001,5
2024,다다189052,to_in_007,5
2024,다다189052,to_in_008,0
2024,다다189964,to_in_001,5
2024,다다189964,to_in_007,0
2024,다다189964,to_in_008,0
2024,다다189976,to_in_001,5
2024,다다189976,to_in_007,5
2024,다다189976,to_in_008,0
2024,다다190016,to_in_001,5
2024,다다190016,to_in_007,0
2024,다다190016,to_in_008,5
2024,다다190017,to_in_001,8
2024,다다190017,to_in_007,5
2024,다다190017,to_in_008,8
2024,다다190018,to_in_001,5
2024,다다190018,to_in_007,5
2024,다다190018,to_in_008,0
2024,다다190019,to_in_001,8
2024,다다190019,to_in_007,5
2024,다다190019,to_in_008,5
2024,다다190020,to_in_001,5
2024,다다190020,to_in_007,5
2024,다다190020,to_in_008,0
2024,다다190032,to_in_001,5
2024,다다190032,to_in_007,5
2024,다다190032,to_in_008,0
2024,다다190038,to_in_001,0
2024,다다190038,to_in_007,0
2024,다다190038,to_in_008,0
2024,다다190049,to_in_001,13
2024,다다190049,to_in_007,8
2024,다다190049,to_in_008,8
2024,다다190050,to_in_001,43
2024,다다190050,to_in_007,23
2024,다다190050,to_in_008,18
2024,다다190051,to_in_001,18
2024,다다190051,to_in_007,8
2024,다다190051,to_in_008,13
2024,다다190789,to_in_001,5
2024,다다190789,to_in_007,0
2024,다다190789,to_in_008,0
2024,다다191008,to_in_001,0
2024,다다191008,to_in_007,0
2024,다다191008,to_in_008,0
2024,다다194022,to_in_001,5
2024,다다194022,to_in_007,5
2024,다다194022,to_in_008,0
2024,다다194024,to_in_001,5
2024,다다194024,to_in_007,0
2024,다다194024,to_in_008,5
2024,다다194026,to_in_001,5
2024,다다194026,to_in_007,0
2024,다다194026,to_in_008,0
2024,다다194027,to_in_001,5
2024,다다194027,to_in_007,0
2024,다다194027,to_in_008,0
2024,다다194033,to_in_001,5
2024,다다194033,to_in_007,5
2024,다다194033,to_in_008,5
2024,다다194034,to_in_001,13
2024,다다194034,to_in_007,8
2024,다다194034,to_in_008,5
2024,다다194036,to_in_001,0
2024,다다194036,to_in_007,0
2024,다다194036,to_in_008,0
2024,다다194038,to_in_001,5
2024,다다194038,to_in_007,5
2024,다다194038,to_in_008,0
2024,다다194042,to_in_001,0
2024,다다194042,to_in_007,0
2024,다다194042,to_in_008,0
2024,다다194043,to_in_001,5
2024,다다194043,to_in_007,0
2024,다다194043,to_in_008,5
2024,다다194044,to_in_001,5
2024,다다194044,to_in_007,0
2024,다다194044,to_in_008,5
2024,다다194047,to_in_001,8
2024,다다194047,to_in_007,5
2024,다다194047,to_in_008,5
2024,다다194048,to_in_001,5
2024,다다194048,to_in_007,0
2024,다다194048,to_in_008,5
2024,다다194049,to_in_001,28
2024,다다194049,to_in_007,13
2024,다다194049,to_in_008,13
2024,다다194050,to_in_001,28
2024,다다194050,to_in_007,13
2024,다다194050,to_in_008,13
2024,다다194051,to_in_001,64
2024,다다194051,to_in_007,28
2024,다다194051,to_in_008,39
2024,다다194052,to_in_001,23
2024,다다194052,to_in_007,13
2024,다다194052,to_in_008,8
2024,다다195000,to_in_001,0
2024,다다195000,to_in_007,0
2024,다다195000,to_in_008,0
2024,다다195001,to_in_001,5
2024,다다195001,to_in_007,0
2024,다다195001,to_in_008,0
2024,다다195002,to_in_001,8
2024,다다195002,to_in_007,5
2024,다다195002,to_in_008,8
2024,다다195004,to_in_001,8
2024,다다195004,to_in_007,5
2024,다다195004,to_in_008,5
2024,다다195005,to_in_001,8
2024,다다195005,to_in_007,5
2024,다다195005,to_in_008,5
2024,다다195006,to_in_001,23
2024,다다195006,to_in_007,13
2024,다다195006,to_in_008,13
2024,다다195007,to_in_001,8
2024,다다195007,to_in_007,5
2024,다다195007,to_in_008,5
2024,다다195015,to_in_001,5
2024,다다195015,to_in_007,5
2024,다다195015,to_in_008,0
2024,다다195016,to_in_001,13
2024,다다195016,to_in_007,8
2024,다다195016,to_in_008,8
2024,다다195017,to_in_001,13
2024,다다195017,to_in_007,8
2024,다다195017,to_in_008,8
2024,다다183985,to_in_001,5
2024,다다183985,to_in_007,5
2024,다다183985,to_in_008,5
2024,다다183986,to_in_001,0
2024,다다183986,to_in_007,0
2024,다다183986,to_in_008,0
2024,다다184011,to_in_001,5
2024,다다184011,to_in_007,5
2024,다다184011,to_in_008,0
2024,다다184013,to_in_001,5
2024,다다184013,to_in_007,5
2024,다다184013,to_in_008,5
2024,다다184015,to_in_001,5
2024,다다184015,to_in_007,0
2024,다다184015,to_in_008,5
2024,다다184026,to_in_001,5
2024,다다184026,to_in_007,5
2024,다다184026,to_in_008,0
2024,다다184029,to_in_001,13
2024,다다184029,to_in_007,8
2024,다다184029,to_in_008,8
2024,다다184030,to_in_001,8
2024,다다184030,to_in_007,5
2024,다다184030,to_in_008,5
2024,다다184031,to_in_001,58
2024,다다184031,to_in_007,33
2024,다다184031,to_in_008,28
2024,다다184042,to_in_001,0
2024,다다184042,to_in_007,0
2024,다다184042,to_in_008,0
2024,다다184046,to_in_001,5
2024,다다184046,to_in_007,5
2024,다다184046,to_in_008,5
2024,다다184048,to_in_001,13
2024,다다184048,to_in_007,8
2024,다다184048,to_in_008,8
2024,다다184049,to_in_001,64
2024,다다184049,to_in_007,33
2024,다다184049,to_in_008,34
2024,다다184050,to_in_001,69
2024,다다184050,to_in_007,39
2024,다다184050,to_in_008,33
2024,다다184051,to_in_001,76
2024,다다184051,to_in_007,36
2024,다다184051,to_in_008,38
2024,다다184052,to_in_001,111
2024,다다184052,to_in_007,54
2024,다다184052,to_in_008,60
2024,다다184053,to_in_001,53
2024,다다184053,to_in_007,33
2024,다다184053,to_in_008,23
2024,다다184054,to_in_001,38
2024,다다184054,to_in_007,23
2024,다다184054,to_in_008,13
2024,다다184742,to_in_001,0
2024,다다184742,to_in_007,0
2024,다다184742,to_in_008,0
2024,다다184769,to_in_001,0
2024,다다184769,to_in_007,0
2024,다다184769,to_in_008,0
2024,다다184786,to_in_001,0
2024,다다184786,to_in_007,0
2024,다다184786,to_in_008,0
2024,다다184787,to_in_001,13
2024,다다184787,to_in_007,5
2024,다다184787,to_in_008,8
2024,다다184802,to_in_001,8
2024,다다184802,to_in_007,5
2024,다다184802,to_in_008,8
2024,다다191015,to_in_001,5
2024,다다191015,to_in_007,0
2024,다다191015,to_in_008,5
2024,다다191016,to_in_001,5
2024,다다191016,to_in_007,5
2024,다다191016,to_in_008,0
2024,다다191017,to_in_001,5
2024,다다191017,to_in_007,0
2024,다다191017,to_in_008,0
2024,다다191019,to_in_001,0
2024,다다191019,to_in_007,0
2024,다다191019,to_in_008,0
2024,다다191021,to_in_001,13
2024,다다191021,to_in_007,8
2024,다다191021,to_in_008,5
2024,다다191025,to_in_001,0
2024,다다191025,to_in_007,0
2024,다다191025,to_in_008,0
2024,다다191029,to_in_001,0
2024,다다191029,to_in_007,0
2024,다다191029,to_in_008,0
2024,다다191030,to_in_001,5
2024,다다191030,to_in_007,0
2024,다다191030,to_in_008,0
2024,다다191031,to_in_001,5
2024,다다191031,to_in_007,5
2024,다다191031,to_in_008,5
2024,다다191043,to_in_001,5
2024,다다191043,to_in_007,5
2024,다다191043,to_in_008,0
2024,다다191046,to_in_001,8
2024,다다191046,to_in_007,5
2024,다다191046,to_in_008,5
2024,다다191047,to_in_001,8
2024,다다191047,to_in_007,5
2024,다다191047,to_in_008,5
2024,다다191051,to_in_001,5
2024,다다191051,to_in_007,0
2024,다다191051,to_in_008,5
2024,다다191052,to_in_001,5
2024,다다191052,to_in_007,5
2024,다다191052,to_in_008,0
2024,다다191789,to_in_001,5
2024,다다191789,to_in_007,0
2024,다다191789,to_in_008,5
2024,다다192004,to_in_001,5
2024,다다192004,to_in_007,5
2024,다다192004,to_in_008,5
2024,다다192007,to_in_001,5
2024,다다192007,to_in_007,5
2024,다다192007,to_in_008,5
2024,다다192010,to_in_001,8
2024,다다192010,to_in_007,5
2024,다다192010,to_in_008,5
2024,다다192011,to_in_001,5
2024,다다192011,to_in_007,5
2024,다다192011,to_in_008,0
2024,다다192014,to_in_001,5
2024,다다192014,to_in_007,5
2024,다다192014,to_in_008,5
2024,다다192015,to_in_001,8
2024,다다192015,to_in_007,5
2024,다다192015,to_in_008,5
2024,다다192016,to_in_001,8
2024,다다192016,to_in_007,5
2024,다다192016,to_in_008,5
2024,다다192017,to_in_001,8
2024,다다192017,to_in_007,8
2024,다다192017,to_in_008,5
2024,다다192018,to_in_001,13
2024,다다192018,to_in_007,8
2024,다다192018,to_in_008,8
2024,다다192019,to_in_001,13
2024,다다192019,to_in_007,8
2024,다다192019,to_in_008,8
2024,다다192024,to_in_001,5
2024,다다192024,to_in_007,0
2024,다다192024,to_in_008,5
2024,다다192028,to_in_001,5
2024,다다192028,to_in_007,5
2024,다다192028,to_in_008,0
2024,다다192031,to_in_001,8
2024,다다192031,to_in_007,8
2024,다다192031,to_in_008,0
2024,다다192033,to_in_001,5
2024,다다192033,to_in_007,0
2024,다다192033,to_in_008,0
2024,다다192044,to_in_001,5
2024,다다192044,to_in_007,0
2024,다다192044,to_in_008,0
2024,다다192047,to_in_001,8
2024,다다192047,to_in_007,5
2024,다다192047,to_in_008,5
2024,다다192048,to_in_001,18
2024,다다192048,to_in_007,8
2024,다다192048,to_in_008,8
2024,다다192049,to_in_001,28
2024,다다192049,to_in_007,13
2024,다다192049,to_in_008,13
2024,다다192051,to_in_001,8
2024,다다192051,to_in_007,5
2024,다다192051,to_in_008,5
2024,다다196055,to_in_001,8
2024,다다196055,to_in_007,8
2024,다다196055,to_in_008,0
2024,다다196058,to_in_001,8
2024,다다196058,to_in_007,8
2024,다다196058,to_in_008,5
2024,다다196059,to_in_001,23
2024,다다196059,to_in_007,13
2024,다다196059,to_in_008,13
2024,다다197003,to_in_001,5
2024,다다197003,to_in_007,5
2024,다다197003,to_in_008,5
2024,다다197004,to_in_001,5
2024,다다197004,to_in_007,0
2024,다다197004,to_in_008,5
2024,다다197005,to_in_001,0
2024,다다197005,to_in_007,0
2024,다다197005,to_in_008,0
2024,다다197006,to_in_001,5
2024,다다197006,to_in_007,0
2024,다다197006,to_in_008,0
2024,다다197007,to_in_001,5
2024,다다197007,to_in_007,5
2024,다다197007,to_in_008,0
2024,다다197009,to_in_001,5
2024,다다197009,to_in_007,5
2024,다다197009,to_in_008,5
2024,다다197010,to_in_001,5
2024,다다197010,to_in_007,5
2024,다다197010,to_in_008,5
2024,다다197014,to_in_001,13
2024,다다197014,to_in_007,8
2024,다다197014,to_in_008,5
2024,다다197016,to_in_001,13
2024,다다197016,to_in_007,8
2024,다다197016,to_in_008,8
2024,다다197017,to_in_001,28
2024,다다197017,to_in_007,13
2024,다다197017,to_in_008,13
2024,다다197018,to_in_001,23
2024,다다197018,to_in_007,13
2024,다다197018,to_in_008,8
2024,다다197019,to_in_001,5
2024,다다197019,to_in_007,0
2024,다다197019,to_in_008,0
2024,다다197020,to_in_001,5
2024,다다197020,to_in_007,5
2024,다다197020,to_in_008,5
2024,다다197022,to_in_001,8
2024,다다197022,to_in_007,5
2024,다다197022,to_in_008,5
2024,다다197023,to_in_001,23
2024,다다197023,to_in_007,13
2024,다다197023,to_in_008,8
2024,다다197027,to_in_001,8
2024,다다197027,to_in_007,8
2024,다다197027,to_in_008,5
2024,다다197028,to_in_001,8
2024,다다197028,to_in_007,5
2024,다다197028,to_in_008,5
2024,다다197029,to_in_001,8
2024,다다197029,to_in_007,5
2024,다다197029,to_in_008,5
2024,다다197030,to_in_001,5
2024,다다197030,to_in_007,0
2024,다다197030,to_in_008,0
2024,다다197031,to_in_001,5
2024,다다197031,to_in_007,0
2024,다다197031,to_in_008,0
2024,다다197032,to_in_001,5
2024,다다197032,to_in_007,5
2024,다다197032,to_in_008,5
2024,다다197033,to_in_001,5
2024,다다197033,to_in_007,5
2024,다다197033,to_in_008,0
2024,다다197034,to_in_001,18
2024,다다197034,to_in_007,8
2024,다다197034,to_in_008,8
2024,다다197044,to_in_001,58
2024,다다197044,to_in_007,28
2024,다다197044,to_in_008,33
2024,다다197045,to_in_001,34
2024,다다197045,to_in_007,19
2024,다다197045,to_in_008,18
2024,다다197047,to_in_001,5
2024,다다197047,to_in_007,0
2024,다다197047,to_in_008,5
2024,다다197049,to_in_001,102
2024,다다197049,to_in_007,53
2024,다다197049,to_in_008,52
2024,다다197050,to_in_001,38
2024,다다197050,to_in_007,18
2024,다다197050,to_in_008,18
2024,다다197051,to_in_001,95
2024,다다197051,to_in_007,45
2024,다다197051,to_in_008,53
2024,다다197052,to_in_001,33
2024,다다197052,to_in_007,18
2024,다다197052,to_in_008,13
2024,다다197053,to_in_001,38
2024,다다197053,to_in_007,18
2024,다다197053,to_in_008,18
2024,다다197054,to_in_001,23
2024,다다197054,to_in_007,13
2024,다다197054,to_in_008,8
2024,다다197055,to_in_001,28
2024,다다197055,to_in_007,18
2024,다다197055,to_in_008,13
2024,다다197056,to_in_001,5
2024,다다197056,to_in_007,0
2024,다다197056,to_in_008,5
2024,다다197058,to_in_001,38
2024,다다197058,to_in_007,18
2024,다다197058,to_in_008,18
2024,다다202062,to_in_001,18
2024,다다202062,to_in_007,8
2024,다다202062,to_in_008,8
2024,다다202063,to_in_001,8
2024,다다202063,to_in_007,5
2024,다다202063,to_in_008,5
2024,다다202065,to_in_001,8
2024,다다202065,to_in_007,8
2024,다다186023,to_in_001,5
2024,다다186023,to_in_007,0
2024,다다186023,to_in_008,5
2024,다다186024,to_in_001,5
2024,다다186024,to_in_007,0
2024,다다186024,to_in_008,0
2024,다다186031,to_in_001,0
2024,다다186031,to_in_007,0
2024,다다186031,to_in_008,0
2024,다다186032,to_in_001,23
2024,다다186032,to_in_007,13
2024,다다186032,to_in_008,13
2024,다다186033,to_in_001,13
2024,다다186033,to_in_007,8
2024,다다186033,to_in_008,8
2024,다다186034,to_in_001,8
2024,다다186034,to_in_007,5
2024,다다186034,to_in_008,5
2024,다다186038,to_in_001,0
2024,다다186038,to_in_007,0
2024,다다186038,to_in_008,0
2024,다다186040,to_in_001,5
2024,다다186040,to_in_007,5
2024,다다186040,to_in_008,0
2024,다다186041,to_in_001,5
2024,다다186041,to_in_007,0
2024,다다186041,to_in_008,5
2024,다다186042,to_in_001,8
2024,다다186042,to_in_007,5
2024,다다186042,to_in_008,8
2024,다다186043,to_in_001,8
2024,다다186043,to_in_007,5
2024,다다186043,to_in_008,5
2024,다다186044,to_in_001,13
2024,다다186044,to_in_007,8
2024,다다186044,to_in_008,5
2024,다다186045,to_in_001,18
2024,다다186045,to_in_007,8
2024,다다186045,to_in_008,8
2024,다다186046,to_in_001,65
2024,다다186046,to_in_007,34
2024,다다186046,to_in_008,34
2024,다다186047,to_in_001,38
2024,다다186047,to_in_007,18
2024,다다186047,to_in_008,18
2024,다다186048,to_in_001,18
2024,다다186048,to_in_007,8
2024,다다186048,to_in_008,8
2024,다다186049,to_in_001,13
2024,다다186049,to_in_007,8
2024,다다186049,to_in_008,8
2024,다다186050,to_in_001,38
2024,다다186050,to_in_007,18
2024,다다186050,to_in_008,23
2024,다다186051,to_in_001,33
2024,다다186051,to_in_007,13
2024,다다186051,to_in_008,18
2024,다다186052,to_in_001,160
2024,다다186052,to_in_007,78
2024,다다186052,to_in_008,80
2024,다다186053,to_in_001,74
2024,다다186053,to_in_007,36
2024,다다186053,to_in_008,36
2024,다다186054,to_in_001,13
2024,다다186054,to_in_007,8
2024,다다186054,to_in_008,8
2024,다다186743,to_in_001,5
2024,다다186743,to_in_007,5
2024,다다186743,to_in_008,5
2024,다다186787,to_in_001,0
2024,다다186787,to_in_007,0
2024,다다186787,to_in_008,0
2024,다다186788,to_in_001,8
2024,다다186788,to_in_007,8
2024,다다186788,to_in_008,5
2024,다다186975,to_in_001,5
2024,다다186975,to_in_007,0
2024,다다186975,to_in_008,5
2024,다다186976,to_in_001,0
2024,다다186976,to_in_007,0
2024,다다186976,to_in_008,0
2024,다다186982,to_in_001,5
2024,다다186982,to_in_007,0
2024,다다186982,to_in_008,0
2024,다다186983,to_in_001,8
2024,다다186983,to_in_007,5
2024,다다186983,to_in_008,5
2024,다다187013,to_in_001,5
2024,다다187013,to_in_007,5
2024,다다187013,to_in_008,0
2024,다다187018,to_in_001,5
2024,다다187018,to_in_007,5
2024,다다187018,to_in_008,5
2024,다다187024,to_in_001,5
2024,다다187024,to_in_007,0
2024,다다187024,to_in_008,5
2024,다다192053,to_in_001,8
2024,다다192053,to_in_007,0
2024,다다192053,to_in_008,8
2024,다다193003,to_in_001,5
2024,다다193003,to_in_007,0
2024,다다193003,to_in_008,0
2024,다다193004,to_in_001,5
2024,다다193004,to_in_007,5
2024,다다193004,to_in_008,0
2024,다다193005,to_in_001,0
2024,다다193005,to_in_007,0
2024,다다193005,to_in_008,0
2024,다다193008,to_in_001,0
2024,다다193008,to_in_007,0
2024,다다193008,to_in_008,0
2024,다다193011,to_in_001,5
2024,다다193011,to_in_007,5
2024,다다193011,to_in_008,0
2024,다다193013,to_in_001,5
2024,다다193013,to_in_007,5
2024,다다193013,to_in_008,0
2024,다다193014,to_in_001,23
2024,다다193014,to_in_007,13
2024,다다193014,to_in_008,8
2024,다다193015,to_in_001,70
2024,다다193015,to_in_007,34
2024,다다193015,to_in_008,34
2024,다다193017,to_in_001,5
2024,다다193017,to_in_007,5
2024,다다193017,to_in_008,0
2024,다다193018,to_in_001,5
2024,다다193018,to_in_007,5
2024,다다193018,to_in_008,5
2024,다다193019,to_in_001,5
2024,다다193019,to_in_007,5
2024,다다193019,to_in_008,5
2024,다다193020,to_in_001,5
2024,다다193020,to_in_007,5
2024,다다193020,to_in_008,0
2024,다다193034,to_in_001,8
2024,다다193034,to_in_007,8
2024,다다193034,to_in_008,0
2024,다다193039,to_in_001,5
2024,다다193039,to_in_007,0
2024,다다193039,to_in_008,0
2024,다다193040,to_in_001,13
2024,다다193040,to_in_007,5
2024,다다193040,to_in_008,8
2024,다다193041,to_in_001,8
2024,다다193041,to_in_007,5
2024,다다193041,to_in_008,5
2024,다다193043,to_in_001,5
2024,다다193043,to_in_007,5
2024,다다193043,to_in_008,5
2024,다다193048,to_in_001,5
2024,다다193048,to_in_007,0
2024,다다193048,to_in_008,5
2024,다다193049,to_in_001,13
2024,다다193049,to_in_007,8
2024,다다193049,to_in_008,8
2024,다다193050,to_in_001,13
2024,다다193050,to_in_007,8
2024,다다193050,to_in_008,5
2024,다다193051,to_in_001,8
2024,다다193051,to_in_007,5
2024,다다193051,to_in_008,5
2024,다다193052,to_in_001,43
2024,다다193052,to_in_007,23
2024,다다193052,to_in_008,18
2024,다다193053,to_in_001,0
2024,다다193053,to_in_007,0
2024,다다193053,to_in_008,0
2024,다다194000,to_in_001,5
2024,다다194000,to_in_007,0
2024,다다194000,to_in_008,0
2024,다다194004,to_in_001,5
2024,다다194004,to_in_007,0
2024,다다194004,to_in_008,0
2024,다다194005,to_in_001,18
2024,다다194005,to_in_007,8
2024,다다194005,to_in_008,8
2024,다다194006,to_in_001,13
2024,다다194006,to_in_007,5
2024,다다194006,to_in_008,8
2024,다다194007,to_in_001,5
2024,다다194007,to_in_007,0
2024,다다194007,to_in_008,0
2024,다다194008,to_in_001,8
2024,다다194008,to_in_007,5
2024,다다194008,to_in_008,5
2024,다다194014,to_in_001,5
2024,다다194014,to_in_007,5
2024,다다194014,to_in_008,5
2024,다다194015,to_in_001,5
2024,다다194015,to_in_007,5
2024,다다194015,to_in_008,5
2024,다다194016,to_in_001,5
2024,다다194016,to_in_007,5
2024,다다194016,to_in_008,5
2024,다다194017,to_in_001,18
2024,다다194017,to_in_007,8
2024,다다194017,to_in_008,8
2024,다다194021,to_in_001,5
2024,다다194021,to_in_007,5
2024,다다194021,to_in_008,0
2024,다다197059,to_in_001,23
2024,다다197059,to_in_007,13
2024,다다197059,to_in_008,8
2024,다다198002,to_in_001,5
2024,다다198002,to_in_007,0
2024,다다198002,to_in_008,5
2024,다다198010,to_in_001,5
2024,다다198010,to_in_007,0
2024,다다198010,to_in_008,0
2024,다다198013,to_in_001,5
2024,다다198013,to_in_007,0
2024,다다198013,to_in_008,5
2024,다다198014,to_in_001,5
2024,다다198014,to_in_007,5
2024,다다198014,to_in_008,5
2024,다다198017,to_in_001,8
2024,다다198017,to_in_007,5
2024,다다198017,to_in_008,5
2024,다다198018,to_in_001,5
2024,다다198018,to_in_007,0
2024,다다198018,to_in_008,0
2024,다다198020,to_in_001,0
2024,다다198020,to_in_007,0
2024,다다198020,to_in_008,0
2024,다다198023,to_in_001,5
2024,다다198023,to_in_007,0
2024,다다198023,to_in_008,5
2024,다다198024,to_in_001,5
2024,다다198024,to_in_007,0
2024,다다198024,to_in_008,0
2024,다다198026,to_in_001,5
2024,다다198026,to_in_007,5
2024,다다198026,to_in_008,0
2024,다다198027,to_in_001,13
2024,다다198027,to_in_007,13
2024,다다198027,to_in_008,5
2024,다다198028,to_in_001,8
2024,다다198028,to_in_007,5
2024,다다198028,to_in_008,5
2024,다다198030,to_in_001,5
2024,다다198030,to_in_007,0
2024,다다198030,to_in_008,5
2024,다다198033,to_in_001,5
2024,다다198033,to_in_007,5
2024,다다198033,to_in_008,5
2024,다다198034,to_in_001,13
2024,다다198034,to_in_007,8
2024,다다198034,to_in_008,8
2024,다다198036,to_in_001,5
2024,다다198036,to_in_007,0
2024,다다198036,to_in_008,5
2024,다다198040,to_in_001,5
2024,다다198040,to_in_007,5
2024,다다198040,to_in_008,0
2024,다다198042,to_in_001,0
2024,다다198042,to_in_007,0
2024,다다198042,to_in_008,0
2024,다다198044,to_in_001,18
2024,다다198044,to_in_007,8
2024,다다198044,to_in_008,13
2024,다다198045,to_in_001,72
2024,다다198045,to_in_007,37
2024,다다198045,to_in_008,38
2024,다다198047,to_in_001,0
2024,다다198047,to_in_007,0
2024,다다198047,to_in_008,0
2024,다다198048,to_in_001,5
2024,다다198048,to_in_007,0
2024,다다198048,to_in_008,0
2024,다다198049,to_in_001,23
2024,다다198049,to_in_007,13
2024,다다198049,to_in_008,13
2024,다다198050,to_in_001,33
2024,다다198050,to_in_007,13
2024,다다198050,to_in_008,18
2024,다다198051,to_in_001,77
2024,다다198051,to_in_007,33
2024,다다198051,to_in_008,42
2024,다다198052,to_in_001,74
2024,다다198052,to_in_007,39
2024,다다198052,to_in_008,33
2024,다다198053,to_in_001,38
2024,다다198053,to_in_007,23
2024,다다198053,to_in_008,18
2024,다다198054,to_in_001,84
2024,다다198054,to_in_007,44
2024,다다198054,to_in_008,43
2024,다다198055,to_in_001,28
2024,다다198055,to_in_007,13
2024,다다198055,to_in_008,18
2024,다다198056,to_in_001,33
2024,다다198056,to_in_007,13
2024,다다201032,to_in_001,5
2024,다다201032,to_in_007,5
2024,다다201032,to_in_008,0
2024,다다201033,to_in_001,8
2024,다다201033,to_in_007,5
2024,다다201033,to_in_008,5
2024,다다201039,to_in_001,8
2024,다다201039,to_in_007,8
2024,다다201039,to_in_008,5
2024,다다201041,to_in_001,5
2024,다다201041,to_in_007,5
2024,다다201041,to_in_008,0
2024,다다201042,to_in_001,5
2024,다다201042,to_in_007,5
2024,다다201042,to_in_008,0
2024,다다201044,to_in_001,0
2024,다다201044,to_in_007,0
2024,다다201044,to_in_008,0
2024,다다201046,to_in_001,18
2024,다다201046,to_in_007,13
2024,다다201046,to_in_008,8
2024,다다201047,to_in_001,8
2024,다다201047,to_in_007,5
2024,다다201047,to_in_008,8
2024,다다201048,to_in_001,13
2024,다다201048,to_in_007,8
2024,다다201048,to_in_008,5
2024,다다201050,to_in_001,23
2024,다다201050,to_in_007,8
2024,다다201050,to_in_008,13
2024,다다201051,to_in_001,128
2024,다다201051,to_in_007,65
2024,다다201051,to_in_008,66
2024,다다201052,to_in_001,13
2024,다다201052,to_in_007,8
2024,다다201052,to_in_008,5
2024,다다201053,to_in_001,112
2024,다다201053,to_in_007,51
2024,다다201053,to_in_008,59
2024,다다201054,to_in_001,33
2024,다다201054,to_in_007,18
2024,다다201054,to_in_008,18
2024,다다201055,to_in_001,13
2024,다다201055,to_in_007,8
2024,다다201055,to_in_008,8
2024,다다201056,to_in_001,111
2024,다다201056,to_in_007,58
2024,다다201056,to_in_008,56
2024,다다201057,to_in_001,18
2024,다다201057,to_in_007,8
2024,다다201057,to_in_008,8
2024,다다201058,to_in_001,8
2024,다다201058,to_in_007,5
2024,다다201058,to_in_008,8
2024,다다201060,to_in_001,13
2024,다다201060,to_in_007,8
2024,다다201060,to_in_008,8
2024,다다201061,to_in_001,8
2024,다다201061,to_in_007,5
2024,다다201061,to_in_008,5
2024,다다201062,to_in_001,0
2024,다다201062,to_in_007,0
2024,다다201062,to_in_008,0
2024,다다201063,to_in_001,5
2024,다다201063,to_in_007,5
2024,다다201063,to_in_008,0
2024,다다201064,to_in_001,13
2024,다다201064,to_in_007,8
2024,다다201064,to_in_008,8
2024,다다201731,to_in_001,0
2024,다다201731,to_in_007,0
2024,다다201731,to_in_008,0
2024,다다201793,to_in_001,8
2024,다다201793,to_in_007,5
2024,다다201793,to_in_008,5
2024,다다202039,to_in_001,5
2024,다다202039,to_in_007,5
2024,다다202039,to_in_008,0
2024,다다202041,to_in_001,13
2024,다다202041,to_in_007,8
2024,다다202041,to_in_008,8
2024,다다202045,to_in_001,5
2024,다다202045,to_in_007,0
2024,다다202045,to_in_008,5
2024,다다202048,to_in_001,5
2024,다다202048,to_in_007,0
2024,다다202048,to_in_008,0
2024,다다202049,to_in_001,5
2024,다다202049,to_in_007,5
2024,다다202049,to_in_008,0
2024,다다202050,to_in_001,5
2024,다다202050,to_in_007,5
2024,다다202050,to_in_008,0
2024,다다202051,to_in_001,52
2024,다다202051,to_in_007,26
2024,다다202051,to_in_008,29
2024,다다202052,to_in_001,102
2024,다다202052,to_in_007,46
2024,다다202052,to_in_008,59
2024,다다202053,to_in_001,8
2024,다다202053,to_in_007,5
2024,다다202053,to_in_008,5
2024,다다202054,to_in_001,18
2024,다다202054,to_in_007,8
2024,다다202054,to_in_008,8
2024,다다202055,to_in_001,5
2024,다다202055,to_in_007,0
2024,다다202055,to_in_008,0
2024,다다202056,to_in_001,13
2024,다다202056,to_in_007,8
2024,다다202056,to_in_008,8
2024,다다202059,to_in_001,8
2024,다다202059,to_in_007,5
2024,다다202059,to_in_008,5
2024,다다202061,to_in_001,18
2024,다다202061,to_in_007,8
2024,다다202061,to_in_008,8
2024,다다214051,to_in_001,8
2024,다다214051,to_in_007,8
2024,다다214051,to_in_008,5
2024,다다214058,to_in_001,13
2024,다다214058,to_in_007,8
2024,다다214058,to_in_008,8
2024,다다214060,to_in_001,8
2024,다다214060,to_in_007,5
2024,다다214060,to_in_008,5
2024,다다214062,to_in_001,5
2024,다다214062,to_in_007,0
2024,다다214062,to_in_008,5
2024,다다214064,to_in_001,5
2024,다다214064,to_in_007,5
2024,다다214064,to_in_008,0
2024,다다214066,to_in_001,28
2024,다다214066,to_in_007,18
2024,다다214066,to_in_008,13
2024,다다214068,to_in_001,5
2024,다다214068,to_in_007,5
2024,다다214068,to_in_008,0
2024,다다214715,to_in_001,8
2024,다다214715,to_in_007,5
2024,다다214715,to_in_008,5
2024,다다214716,to_in_001,18
2024,다다214716,to_in_007,8
2024,다다214716,to_in_008,8
2024,다다214717,to_in_001,5
2024,다다214717,to_in_007,5
2024,다다214717,to_in_008,0
2024,다다214718,to_in_001,13
2024,다다214718,to_in_007,8
2024,다다214718,to_in_008,8
2024,다다214719,to_in_001,5
2024,다다214719,to_in_007,5
2024,다다214719,to_in_008,0
2024,다다214749,to_in_001,8
2024,다다214749,to_in_007,8
2024,다다214749,to_in_008,0
2024,다다214759,to_in_001,5
2024,다다214759,to_in_007,0
2024,다다214759,to_in_008,5
2024,다다214772,to_in_001,5
2024,다다214772,to_in_007,5
2024,다다214772,to_in_008,0
2024,다다214773,to_in_001,8
2024,다다214773,to_in_007,5
2024,다다214773,to_in_008,5
2024,다다214774,to_in_001,5
2024,다다214774,to_in_007,0
2024,다다214774,to_in_008,0
2024,다다214775,to_in_001,8
2024,다다214775,to_in_007,5
2024,다다214775,to_in_008,5
2024,다다214777,to_in_001,18
2024,다다214777,to_in_007,13
2024,다다214777,to_in_008,5
2024,다다214778,to_in_001,35
2024,다다214778,to_in_007,20
2024,다다214778,to_in_008,13
2024,다다214779,to_in_001,8
2024,다다214779,to_in_007,8
2024,다다214779,to_in_008,5
2024,다다214949,to_in_001,5
2024,다다214949,to_in_007,5
2024,다다214949,to_in_008,0
2024,다다214950,to_in_001,23
2024,다다214950,to_in_007,13
2024,다다214950,to_in_008,8
2024,다다214951,to_in_001,28
2024,다다214951,to_in_007,18
2024,다다214951,to_in_008,8
2024,다다214952,to_in_001,5
2024,다다214952,to_in_007,5
2024,다다214952,to_in_008,0
2024,다다214966,to_in_001,0
2024,다다214966,to_in_007,0
2024,다다214966,to_in_008,0
2024,다다214970,to_in_001,0
2024,다다214970,to_in_007,0
2024,다다214970,to_in_008,0
2024,다다214973,to_in_001,0
2024,다다214973,to_in_007,0
2024,다다214973,to_in_008,0
2024,다다214978,to_in_001,5
2024,다다214978,to_in_007,0
2024,다다214978,to_in_008,5
2024,다다214979,to_in_001,0
2024,다다214979,to_in_007,0
2024,다다214979,to_in_008,0
2024,다다214981,to_in_001,0
2024,다다214981,to_in_007,0
2024,다다214981,to_in_008,0
2024,다다214984,to_in_001,8
2024,다다214984,to_in_007,5
2024,다다214984,to_in_008,5
2024,다다214985,to_in_001,8
2024,다다214985,to_in_007,5
2024,다다214985,to_in_008,5
2024,다다214986,to_in_001,8
2024,다다214986,to_in_007,5
2024,다다214986,to_in_008,5
2024,다다214987,to_in_001,5
2024,다다214987,to_in_007,5
2024,다다214987,to_in_008,5
2024,다다214989,to_in_001,0
2024,다다214989,to_in_007,0
2024,다다214989,to_in_008,0
2024,다다214993,to_in_001,5
2024,다다214993,to_in_007,0
2024,다다214993,to_in_008,5
2024,다다214996,to_in_001,5
2024,다다214996,to_in_007,5
2024,다다214996,to_in_008,0
2024,다다215006,to_in_001,5
2024,다다215006,to_in_007,5
2024,다다215006,to_in_008,5
2024,다다215008,to_in_001,8
2024,다다215008,to_in_007,5
2024,다다215008,to_in_008,5
2024,다다217752,to_in_001,18
2024,다다217752,to_in_007,13
2024,다다217752,to_in_008,5
2024,다다217758,to_in_001,38
2024,다다217758,to_in_007,23
2024,다다217758,to_in_008,13
2024,다다217759,to_in_001,53
2024,다다217759,to_in_007,28
2024,다다217759,to_in_008,23
2024,다다198056,to_in_008,18
2024,다다198057,to_in_001,18
2024,다다198057,to_in_007,8
2024,다다198057,to_in_008,8
2024,다다198058,to_in_001,42
2024,다다198058,to_in_007,23
2024,다다198058,to_in_008,22
2024,다다198059,to_in_001,53
2024,다다198059,to_in_007,28
2024,다다198059,to_in_008,28
2024,다다198060,to_in_001,5
2024,다다198060,to_in_007,5
2024,다다198060,to_in_008,5
2024,다다199005,to_in_001,5
2024,다다199005,to_in_007,5
2024,다다199005,to_in_008,0
2024,다다199014,to_in_001,8
2024,다다199014,to_in_007,5
2024,다다199014,to_in_008,5
2024,다다199025,to_in_001,8
2024,다다199025,to_in_007,5
2024,다다199025,to_in_008,5
2024,다다199026,to_in_001,13
2024,다다199026,to_in_007,8
2024,다다199026,to_in_008,5
2024,다다204061,to_in_001,0
2024,다다204061,to_in_007,0
2024,다다204061,to_in_008,0
2024,다다204062,to_in_001,13
2024,다다204062,to_in_007,5
2024,다다204062,to_in_008,8
2024,다다204727,to_in_001,13
2024,다다204727,to_in_007,8
2024,다다204727,to_in_008,8
2024,다다204728,to_in_001,0
2024,다다204728,to_in_007,0
2024,다다204728,to_in_008,0
2024,다다204731,to_in_001,5
2024,다다204731,to_in_007,0
2024,다다204731,to_in_008,5
2024,다다204732,to_in_001,28
2024,다다204732,to_in_007,18
2024,다다204732,to_in_008,8
2024,다다204733,to_in_001,18
2024,다다204733,to_in_007,13
2024,다다204733,to_in_008,8
2024,다다204734,to_in_001,23
2024,다다204734,to_in_007,18
2024,다다204734,to_in_008,8
2024,다다204735,to_in_001,18
2024,다다204735,to_in_007,8
2024,다다204735,to_in_008,8
2024,다다204767,to_in_001,8
2024,다다204767,to_in_007,8
2024,다다204767,to_in_008,0
2024,다다204774,to_in_001,8
2024,다다204774,to_in_007,8
2024,다다204774,to_in_008,0
2024,다다205000,to_in_001,8
2024,다다205000,to_in_007,5
2024,다다205000,to_in_008,5
2024,다다205033,to_in_001,0
2024,다다205033,to_in_007,0
2024,다다205033,to_in_008,0
2024,다다205044,to_in_001,5
2024,다다205044,to_in_007,5
2024,다다205044,to_in_008,5
2024,다다205045,to_in_001,5
2024,다다205045,to_in_007,5
2024,다다205045,to_in_008,0
2024,다다205046,to_in_001,13
2024,다다205046,to_in_007,8
2024,다다205046,to_in_008,8
2024,다다205047,to_in_001,8
2024,다다205047,to_in_007,8
2024,다다205047,to_in_008,5
2024,다다205048,to_in_001,28
2024,다다205048,to_in_007,13
2024,다다205048,to_in_008,13
2024,다다205049,to_in_001,8
2024,다다205049,to_in_007,5
2024,다다205049,to_in_008,0
2024,다다205051,to_in_001,8
2024,다다205051,to_in_007,5
2024,다다205051,to_in_008,5
2024,다다205053,to_in_001,5
2024,다다205053,to_in_007,0
2024,다다205053,to_in_008,5
2024,다다205054,to_in_001,8
2024,다다205054,to_in_007,5
2024,다다205054,to_in_008,5
2024,다다205055,to_in_001,13
2024,다다205055,to_in_007,8
2024,다다205055,to_in_008,5
2024,다다205056,to_in_001,8
2024,다다205056,to_in_007,0
2024,다다205056,to_in_008,8
2024,다다205057,to_in_001,5
2024,다다205057,to_in_007,5
2024,다다205057,to_in_008,0
2024,다다205071,to_in_001,0
2024,다다205071,to_in_007,0
2024,다다205071,to_in_008,0
2024,다다205727,to_in_001,8
2024,다다205727,to_in_007,8
2024,다다205727,to_in_008,8
2024,다다205733,to_in_001,8
2024,다다205733,to_in_007,8
2024,다다205733,to_in_008,5
2024,다다205735,to_in_001,13
2024,다다205735,to_in_007,8
2024,다다205735,to_in_008,0
2024,다다205771,to_in_001,0
2024,다다205771,to_in_007,0
2024,다다205771,to_in_008,0
2024,다다206000,to_in_001,5
2024,다다206000,to_in_007,5
2024,다다206000,to_in_008,5
2024,다다206011,to_in_001,0
2024,다다206011,to_in_007,0
2024,다다206011,to_in_008,0
2024,다다206038,to_in_001,5
2024,다다206038,to_in_007,0
2024,다다206038,to_in_008,0
2024,다다206045,to_in_001,33
2024,다다206045,to_in_007,13
2024,다다206045,to_in_008,18
2024,다다206046,to_in_001,18
2024,다다206046,to_in_007,8
2024,다다206046,to_in_008,8
2024,다다206048,to_in_001,23
2024,다다206048,to_in_007,13
2024,다다206048,to_in_008,13
2024,다다206049,to_in_001,90
2024,다다206049,to_in_007,44
2024,다다206049,to_in_008,49
2024,다다206050,to_in_001,65
2024,다다206050,to_in_007,33
2024,다다206050,to_in_008,30
2024,다다206051,to_in_001,5
2024,다다206051,to_in_007,0
2024,다다206051,to_in_008,0
2024,다다206052,to_in_001,5
2024,다다206052,to_in_007,0
2024,다다206052,to_in_008,0
2024,다다212981,to_in_001,23
2024,다다212981,to_in_007,13
2024,다다212981,to_in_008,8
2024,다다212982,to_in_001,5
2024,다다212982,to_in_007,0
2024,다다212982,to_in_008,0
2024,다다212983,to_in_001,13
2024,다다212983,to_in_007,8
2024,다다212983,to_in_008,8
2024,다다212984,to_in_001,8
2024,다다212984,to_in_007,5
2024,다다212984,to_in_008,5
2024,다다212993,to_in_001,5
2024,다다212993,to_in_007,5
2024,다다212993,to_in_008,5
2024,다다212994,to_in_001,20
2024,다다212994,to_in_007,20
2024,다다212994,to_in_008,5
2024,다다213007,to_in_001,8
2024,다다213007,to_in_007,8
2024,다다213007,to_in_008,0
2024,다다213009,to_in_001,8
2024,다다213009,to_in_007,5
2024,다다213009,to_in_008,5
2024,다다213010,to_in_001,0
2024,다다213010,to_in_007,0
2024,다다213010,to_in_008,0
2024,다다213011,to_in_001,5
2024,다다213011,to_in_007,0
2024,다다213011,to_in_008,0
2024,다다213055,to_in_001,5
2024,다다213055,to_in_007,0
2024,다다213055,to_in_008,5
2024,다다213057,to_in_001,5
2024,다다213057,to_in_007,0
2024,다다213057,to_in_008,0
2024,다다213058,to_in_001,18
2024,다다213058,to_in_007,8
2024,다다213058,to_in_008,8
2024,다다213059,to_in_001,5
2024,다다213059,to_in_007,5
2024,다다213059,to_in_008,5
2024,다다213060,to_in_001,8
2024,다다213060,to_in_007,5
2024,다다213060,to_in_008,8
2024,다다213062,to_in_001,23
2024,다다213062,to_in_007,13
2024,다다213062,to_in_008,13
2024,다다213063,to_in_001,8
2024,다다213063,to_in_007,5
2024,다다213063,to_in_008,5
2024,다다213064,to_in_001,8
2024,다다213064,to_in_007,5
2024,다다213064,to_in_008,5
2024,다다213065,to_in_001,23
2024,다다213065,to_in_007,13
2024,다다213065,to_in_008,13
2024,다다213066,to_in_001,34
2024,다다213066,to_in_007,19
2024,다다213066,to_in_008,18
2024,다다213067,to_in_001,8
2024,다다213067,to_in_007,5
2024,다다213067,to_in_008,8
2024,다다213068,to_in_001,8
2024,다다213068,to_in_007,5
2024,다다213068,to_in_008,5
2024,다다213716,to_in_001,5
2024,다다213716,to_in_007,5
2024,다다213716,to_in_008,5
2024,다다213748,to_in_001,5
2024,다다213748,to_in_007,0
2024,다다213748,to_in_008,5
2024,다다213749,to_in_001,5
2024,다다213749,to_in_007,0
2024,다다213749,to_in_008,0
2024,다다213773,to_in_001,8
2024,다다213773,to_in_007,5
2024,다다213773,to_in_008,5
2024,다다213776,to_in_001,8
2024,다다213776,to_in_007,8
2024,다다213776,to_in_008,5
2024,다다213777,to_in_001,8
2024,다다213777,to_in_007,5
2024,다다213777,to_in_008,8
2024,다다213944,to_in_001,5
2024,다다213944,to_in_007,0
2024,다다213944,to_in_008,0
2024,다다213949,to_in_001,8
2024,다다213949,to_in_007,8
2024,다다213949,to_in_008,5
2024,다다213967,to_in_001,5
2024,다다213967,to_in_007,0
2024,다다213967,to_in_008,5
2024,다다213977,to_in_001,8
2024,다다213977,to_in_007,5
2024,다다213977,to_in_008,5
2024,다다213978,to_in_001,5
2024,다다213978,to_in_007,0
2024,다다213978,to_in_008,0
2024,다다213979,to_in_001,8
2024,다다213979,to_in_007,5
2024,다다213979,to_in_008,5
2024,다다213980,to_in_001,8
2024,다다213980,to_in_007,8
2024,다다213980,to_in_008,8
2024,다다213981,to_in_001,13
2024,다다213981,to_in_007,8
2024,다다213981,to_in_008,8
2024,다다213984,to_in_001,5
2024,다다213984,to_in_007,0
2024,다다213984,to_in_008,5
2024,다다213991,to_in_001,5
2024,다다213991,to_in_007,0
2024,다다213991,to_in_008,0
2024,다다213995,to_in_001,13
2024,다다213995,to_in_007,13
2024,다다213995,to_in_008,0
2024,다다214009,to_in_001,13
2024,다다214009,to_in_007,8
2024,다다214009,to_in_008,8
2024,다다214010,to_in_001,13
2024,다다214010,to_in_007,8
2024,다다214010,to_in_008,5
2024,다다214011,to_in_001,8
2024,다다214011,to_in_007,5
2024,다다214011,to_in_008,5
2024,다다214021,to_in_001,0
2024,다다214021,to_in_007,0
2024,다다214021,to_in_008,0
2024,다다216779,to_in_001,28
2024,다다216779,to_in_007,13
2024,다다216779,to_in_008,13
2024,다다216780,to_in_001,18
2024,다다216780,to_in_007,8
2024,다다216780,to_in_008,8
2024,다다216781,to_in_001,8
2024,다다216781,to_in_007,5
2024,다다216781,to_in_008,0
2024,다다216782,to_in_001,5
2024,다다216782,to_in_007,5
2024,다다216782,to_in_008,0
2024,다다216950,to_in_001,8
2024,다다216950,to_in_007,5
2024,다다216950,to_in_008,5
2024,다다216951,to_in_001,5
2024,다다216951,to_in_007,5
2024,다다216951,to_in_008,0
2024,다다216967,to_in_001,5
2024,다다187789,to_in_008,0
2024,다다187797,to_in_001,8
2024,다다187797,to_in_007,8
2024,다다187797,to_in_008,0
2024,다다187963,to_in_001,5
2024,다다187963,to_in_007,5
2024,다다187963,to_in_008,0
2024,다다187983,to_in_001,5
2024,다다187983,to_in_007,0
2024,다다187983,to_in_008,5
2024,다다188012,to_in_001,5
2024,다다188012,to_in_007,5
2024,다다188012,to_in_008,5
2024,다다188024,to_in_001,5
2024,다다188024,to_in_007,5
2024,다다188024,to_in_008,5
2024,다다188032,to_in_001,38
2024,다다188032,to_in_007,13
2024,다다188032,to_in_008,23
2024,다다188033,to_in_001,8
2024,다다188033,to_in_007,8
2024,다다188033,to_in_008,8
2024,다다188035,to_in_001,8
2024,다다188035,to_in_007,5
2024,다다188035,to_in_008,5
2024,다다188036,to_in_001,8
2024,다다188036,to_in_007,8
2024,다다188036,to_in_008,5
2024,다다188040,to_in_001,8
2024,다다188040,to_in_007,8
2024,다다188040,to_in_008,5
2024,다다188044,to_in_001,5
2024,다다188044,to_in_007,5
2024,다다188044,to_in_008,0
2024,다다188046,to_in_001,5
2024,다다188046,to_in_007,0
2024,다다188046,to_in_008,5
2024,다다188047,to_in_001,5
2024,다다188047,to_in_007,0
2024,다다188047,to_in_008,0
2024,다다188048,to_in_001,8
2024,다다188048,to_in_007,5
2024,다다188048,to_in_008,5
2024,다다188049,to_in_001,13
2024,다다188049,to_in_007,8
2024,다다188049,to_in_008,8
2024,다다188050,to_in_001,13
2024,다다188050,to_in_007,8
2024,다다188050,to_in_008,8
2024,다다188051,to_in_001,8
2024,다다188051,to_in_007,5
2024,다다188051,to_in_008,5
2024,다다195043,to_in_001,8
2024,다다195043,to_in_007,5
2024,다다195043,to_in_008,8
2024,다다195044,to_in_001,0
2024,다다195044,to_in_007,0
2024,다다195044,to_in_008,0
2024,다다195049,to_in_001,8
2024,다다195049,to_in_007,5
2024,다다195049,to_in_008,8
2024,다다195050,to_in_001,13
2024,다다195050,to_in_007,8
2024,다다195050,to_in_008,5
2024,다다195051,to_in_001,8
2024,다다195051,to_in_007,5
2024,다다195051,to_in_008,5
2024,다다195052,to_in_001,38
2024,다다195052,to_in_007,18
2024,다다195052,to_in_008,18
2024,다다195055,to_in_001,5
2024,다다195055,to_in_007,0
2024,다다195055,to_in_008,5
2024,다다196001,to_in_001,5
2024,다다196001,to_in_007,0
2024,다다196001,to_in_008,0
2024,다다196002,to_in_001,18
2024,다다196002,to_in_007,8
2024,다다196002,to_in_008,8
2024,다다196004,to_in_001,0
2024,다다196004,to_in_007,0
2024,다다196004,to_in_008,0
2024,다다196005,to_in_001,8
2024,다다196005,to_in_007,8
2024,다다196005,to_in_008,5
2024,다다196006,to_in_001,8
2024,다다196006,to_in_007,5
2024,다다196006,to_in_008,5
2024,다다196015,to_in_001,8
2024,다다196015,to_in_007,5
2024,다다196015,to_in_008,5
2024,다다196016,to_in_001,18
2024,다다196016,to_in_007,8
2024,다다196016,to_in_008,8
2024,다다196017,to_in_001,13
2024,다다196017,to_in_007,8
2024,다다196017,to_in_008,8
2024,다다196018,to_in_001,8
2024,다다196018,to_in_007,8
2024,다다196018,to_in_008,5
2024,다다196019,to_in_001,5
2024,다다196019,to_in_007,5
2024,다다196019,to_in_008,5
2024,다다196021,to_in_001,5
2024,다다196021,to_in_007,5
2024,다다196021,to_in_008,0
2024,다다196024,to_in_001,5
2024,다다196024,to_in_007,5
2024,다다196024,to_in_008,5
2024,다다196025,to_in_001,5
2024,다다196025,to_in_007,5
2024,다다196025,to_in_008,0
2024,다다196027,to_in_001,5
2024,다다196027,to_in_007,0
2024,다다196027,to_in_008,0
2024,다다196028,to_in_001,5
2024,다다196028,to_in_007,5
2024,다다196028,to_in_008,0
2024,다다196030,to_in_001,5
2024,다다196030,to_in_007,0
2024,다다196030,to_in_008,0
2024,다다196032,to_in_001,5
2024,다다196032,to_in_007,5
2024,다다196032,to_in_008,5
2024,다다196033,to_in_001,8
2024,다다196033,to_in_007,5
2024,다다196033,to_in_008,5
2024,다다196034,to_in_001,13
2024,다다196034,to_in_007,8
2024,다다196034,to_in_008,5
2024,다다196035,to_in_001,5
2024,다다196035,to_in_007,5
2024,다다196035,to_in_008,0
2024,다다196036,to_in_001,8
2024,다다196036,to_in_007,8
2024,다다196036,to_in_008,5
2024,다다196037,to_in_001,8
2024,다다196037,to_in_007,5
2024,다다196037,to_in_008,8
2024,다다196040,to_in_001,5
2024,다다196040,to_in_007,0
2024,다다196040,to_in_008,0
2024,다다196041,to_in_001,8
2024,다다196041,to_in_007,5
2024,다다196041,to_in_008,5
2024,다다196050,to_in_001,8
2024,다다196050,to_in_007,5
2024,다다196050,to_in_008,5
2024,다다196051,to_in_001,38
2024,다다196051,to_in_007,18
2024,다다196051,to_in_008,18
2024,다다196052,to_in_001,13
2024,다다196052,to_in_007,8
2024,다다196052,to_in_008,8
2024,다다196054,to_in_001,33
2024,다다196054,to_in_007,18
2024,다다196054,to_in_008,18
2024,다다209036,to_in_001,5
2024,다다209036,to_in_007,0
2024,다다209036,to_in_008,0
2024,다다209054,to_in_001,5
2024,다다209054,to_in_007,5
2024,다다209054,to_in_008,0
2024,다다209056,to_in_001,5
2024,다다209056,to_in_007,0
2024,다다209056,to_in_008,5
2024,다다209058,to_in_001,8
2024,다다209058,to_in_007,5
2024,다다209058,to_in_008,5
2024,다다209059,to_in_001,5
2024,다다209059,to_in_007,5
2024,다다209059,to_in_008,5
2024,다다209061,to_in_001,8
2024,다다209061,to_in_007,5
2024,다다209061,to_in_008,5
2024,다다209062,to_in_001,8
2024,다다209062,to_in_007,5
2024,다다209062,to_in_008,5
2024,다다209064,to_in_001,5
2024,다다209064,to_in_007,5
2024,다다209064,to_in_008,0
2024,다다209065,to_in_001,18
2024,다다209065,to_in_007,13
2024,다다209065,to_in_008,5
2024,다다209066,to_in_001,18
2024,다다209066,to_in_007,8
2024,다다209066,to_in_008,8
2024,다다209069,to_in_001,8
2024,다다209069,to_in_007,8
2024,다다209069,to_in_008,5
2024,다다209716,to_in_001,5
2024,다다209716,to_in_007,0
2024,다다209716,to_in_008,0
2024,다다209767,to_in_001,5
2024,다다209767,to_in_007,5
2024,다다209767,to_in_008,0
2024,다다209990,to_in_001,13
2024,다다209990,to_in_007,13
2024,다다209990,to_in_008,0
2024,다다210000,to_in_001,5
2024,다다210000,to_in_007,5
2024,다다210000,to_in_008,0
2024,다다210019,to_in_001,5
2024,다다210019,to_in_007,0
2024,다다210019,to_in_008,5
2024,다다210020,to_in_001,8
2024,다다210020,to_in_007,5
2024,다다210020,to_in_008,5
2024,다다210026,to_in_001,0
2024,다다210026,to_in_007,0
2024,다다210026,to_in_008,0
2024,다다210027,to_in_001,0
2024,다다210027,to_in_007,0
2024,다다210027,to_in_008,0
2024,다다210028,to_in_001,5
2024,다다210028,to_in_007,0
2024,다다210028,to_in_008,5
2024,다다210029,to_in_001,0
2024,다다210029,to_in_007,0
2024,다다210029,to_in_008,0
2024,다다210030,to_in_001,0
2024,다다210030,to_in_007,0
2024,다다210030,to_in_008,0
2024,다다210032,to_in_001,5
2024,다다210032,to_in_007,5
2024,다다210032,to_in_008,5
2024,다다210035,to_in_001,5
2024,다다210035,to_in_007,5
2024,다다210035,to_in_008,0
2024,다다210050,to_in_001,5
2024,다다210050,to_in_007,0
2024,다다210050,to_in_008,5
2024,다다210058,to_in_001,5
2024,다다210058,to_in_007,5
2024,다다210058,to_in_008,0
2024,다다210059,to_in_001,5
2024,다다210059,to_in_007,0
2024,다다210059,to_in_008,5
2024,다다210061,to_in_001,5
2024,다다210061,to_in_007,0
2024,다다210061,to_in_008,5
2024,다다210062,to_in_001,14
2024,다다210062,to_in_007,11
2024,다다210062,to_in_008,5
2024,다다210063,to_in_001,5
2024,다다210063,to_in_007,0
2024,다다210063,to_in_008,5
2024,다다210064,to_in_001,33
2024,다다210064,to_in_007,13
2024,다다210064,to_in_008,18
2024,다다210065,to_in_001,43
2024,다다210065,to_in_007,18
2024,다다210065,to_in_008,23
2024,다다210711,to_in_001,13
2024,다다210711,to_in_007,8
2024,다다210711,to_in_008,5
2024,다다210714,to_in_001,0
2024,다다210714,to_in_007,0
2024,다다210714,to_in_008,0
2024,다다210716,to_in_001,8
2024,다다210716,to_in_007,5
2024,다다210716,to_in_008,5
2024,다다210718,to_in_001,5
2024,다다210718,to_in_007,5
2024,다다210718,to_in_008,5
2024,다다210747,to_in_001,8
2024,다다210747,to_in_007,8
2024,다다210747,to_in_008,5
2024,다다210980,to_in_001,0
2024,다다210980,to_in_007,0
2024,다다210980,to_in_008,0
2024,다다210981,to_in_001,5
2024,다다210981,to_in_007,5
2024,다다210981,to_in_008,0
2024,다다210982,to_in_001,0
2024,다다210982,to_in_007,0
2024,다다210982,to_in_008,0
2024,다다210983,to_in_001,8
2024,다다210983,to_in_007,5
2024,다다210983,to_in_008,5
2024,다다210984,to_in_001,5
2024,다다210984,to_in_007,5
2024,다다210984,to_in_008,0
2024,다다210989,to_in_001,8
2024,다다210989,to_in_007,8
2024,다다210989,to_in_008,0
2024,다다210990,to_in_001,0
2024,다다210990,to_in_007,0
2024,다다210990,to_in_008,0
2024,다다210992,to_in_001,5
2024,다다210992,to_in_007,5
2024,다다210992,to_in_008,0
2024,다다211030,to_in_001,5
2024,다다202065,to_in_008,0
2024,다다202730,to_in_001,0
2024,다다202730,to_in_007,0
2024,다다202730,to_in_008,0
2024,다다202731,to_in_001,13
2024,다다202731,to_in_007,8
2024,다다202731,to_in_008,5
2024,다다202732,to_in_001,13
2024,다다202732,to_in_007,8
2024,다다202732,to_in_008,5
2024,다다202793,to_in_001,8
2024,다다202793,to_in_007,5
2024,다다202793,to_in_008,5
2024,다다202794,to_in_001,13
2024,다다202794,to_in_007,8
2024,다다202794,to_in_008,8
2024,다다203008,to_in_001,0
2024,다다203008,to_in_007,0
2024,다다203008,to_in_008,0
2024,다다203014,to_in_001,0
2024,다다203014,to_in_007,0
2024,다다203014,to_in_008,0
2024,다다203035,to_in_001,13
2024,다다203035,to_in_007,8
2024,다다203035,to_in_008,5
2024,다다203045,to_in_001,5
2024,다다203045,to_in_007,5
2024,다다203045,to_in_008,5
2024,다다203047,to_in_001,5
2024,다다203047,to_in_007,5
2024,다다203047,to_in_008,0
2024,다다203049,to_in_001,8
2024,다다203049,to_in_007,5
2024,다다203049,to_in_008,5
2024,다다203050,to_in_001,5
2024,다다203050,to_in_007,5
2024,다다203050,to_in_008,0
2024,다다203051,to_in_001,23
2024,다다203051,to_in_007,13
2024,다다203051,to_in_008,8
2024,다다203052,to_in_001,50
2024,다다203052,to_in_007,29
2024,다다203052,to_in_008,24
2024,다다203060,to_in_001,0
2024,다다203060,to_in_007,0
2024,다다203060,to_in_008,0
2024,다다203061,to_in_001,8
2024,다다203061,to_in_007,5
2024,다다203061,to_in_008,5
2024,다다203062,to_in_001,8
2024,다다203062,to_in_007,5
2024,다다203062,to_in_008,5
2024,다다203067,to_in_001,0
2024,다다203067,to_in_007,0
2024,다다203067,to_in_008,0
2024,다다203068,to_in_001,0
2024,다다203068,to_in_007,0
2024,다다203068,to_in_008,0
2024,다다203728,to_in_001,5
2024,다다203728,to_in_007,5
2024,다다203728,to_in_008,0
2024,다다203729,to_in_001,5
2024,다다203729,to_in_007,5
2024,다다203729,to_in_008,0
2024,다다203730,to_in_001,5
2024,다다203730,to_in_007,5
2024,다다203730,to_in_008,0
2024,다다203731,to_in_001,5
2024,다다203731,to_in_007,0
2024,다다203731,to_in_008,0
2024,다다203732,to_in_001,24
2024,다다203732,to_in_007,19
2024,다다203732,to_in_008,8
2024,다다203733,to_in_001,8
2024,다다203733,to_in_007,5
2024,다다203733,to_in_008,0
2024,다다203766,to_in_001,8
2024,다다203766,to_in_007,5
2024,다다203766,to_in_008,5
2024,다다203767,to_in_001,5
2024,다다203767,to_in_007,0
2024,다다203767,to_in_008,0
2024,다다203794,to_in_001,0
2024,다다203794,to_in_007,0
2024,다다203794,to_in_008,0
2024,다다204035,to_in_001,5
2024,다다204035,to_in_007,0
2024,다다204035,to_in_008,5
2024,다다204047,to_in_001,0
2024,다다204047,to_in_007,0
2024,다다204047,to_in_008,0
2024,다다204050,to_in_001,8
2024,다다204050,to_in_007,5
2024,다다204050,to_in_008,5
2024,다다204051,to_in_001,8
2024,다다204051,to_in_007,8
2024,다다204051,to_in_008,5
2024,다다204052,to_in_001,8
2024,다다204052,to_in_007,5
2024,다다204052,to_in_008,5
2024,다다204054,to_in_001,8
2024,다다204054,to_in_007,8
2024,다다204054,to_in_008,5
2024,다다204055,to_in_001,5
2024,다다204055,to_in_007,0
2024,다다204055,to_in_008,0
2024,다다204057,to_in_001,8
2024,다다204057,to_in_007,5
2024,다다204057,to_in_008,8
2024,다다211051,to_in_001,5
2024,다다211051,to_in_007,5
2024,다다211051,to_in_008,0
2024,다다211058,to_in_001,5
2024,다다211058,to_in_007,5
2024,다다211058,to_in_008,5
2024,다다211059,to_in_001,0
2024,다다211059,to_in_007,0
2024,다다211059,to_in_008,0
2024,다다211060,to_in_001,5
2024,다다211060,to_in_007,5
2024,다다211060,to_in_008,0
2024,다다211061,to_in_001,5
2024,다다211061,to_in_007,0
2024,다다211061,to_in_008,0
2024,다다211063,to_in_001,13
2024,다다211063,to_in_007,8
2024,다다211063,to_in_008,8
2024,다다211064,to_in_001,13
2024,다다211064,to_in_007,8
2024,다다211064,to_in_008,8
2024,다다211065,to_in_001,33
2024,다다211065,to_in_007,18
2024,다다211065,to_in_008,13
2024,다다211712,to_in_001,0
2024,다다211712,to_in_007,0
2024,다다211712,to_in_008,0
2024,다다211718,to_in_001,8
2024,다다211718,to_in_007,5
2024,다다211718,to_in_008,5
2024,다다211719,to_in_001,5
2024,다다211719,to_in_007,5
2024,다다211719,to_in_008,5
2024,다다211747,to_in_001,5
2024,다다211747,to_in_007,5
2024,다다211747,to_in_008,0
2024,다다211968,to_in_001,5
2024,다다211968,to_in_007,0
2024,다다211968,to_in_008,0
2024,다다211979,to_in_001,5
2024,다다211979,to_in_007,0
2024,다다211979,to_in_008,0
2024,다다211980,to_in_001,5
2024,다다211980,to_in_007,0
2024,다다211980,to_in_008,5
2024,다다211982,to_in_001,13
2024,다다211982,to_in_007,8
2024,다다211982,to_in_008,8
2024,다다211983,to_in_001,38
2024,다다211983,to_in_007,13
2024,다다211983,to_in_008,23
2024,다다211985,to_in_001,5
2024,다다211985,to_in_007,5
2024,다다211985,to_in_008,5
2024,다다211992,to_in_001,5
2024,다다211992,to_in_007,0
2024,다다211992,to_in_008,0
2024,다다211993,to_in_001,13
2024,다다211993,to_in_007,13
2024,다다211993,to_in_008,0
2024,다다212006,to_in_001,5
2024,다다212006,to_in_007,0
2024,다다212006,to_in_008,5
2024,다다212008,to_in_001,8
2024,다다212008,to_in_007,5
2024,다다212008,to_in_008,5
2024,다다212009,to_in_001,5
2024,다다212009,to_in_007,0
2024,다다212009,to_in_008,0
2024,다다212013,to_in_001,5
2024,다다212013,to_in_007,5
2024,다다212013,to_in_008,5
2024,다다212032,to_in_001,5
2024,다다212032,to_in_007,0
2024,다다212032,to_in_008,0
2024,다다212044,to_in_001,0
2024,다다212044,to_in_007,0
2024,다다212044,to_in_008,0
2024,다다212048,to_in_001,5
2024,다다212048,to_in_007,5
2024,다다212048,to_in_008,0
2024,다다212049,to_in_001,5
2024,다다212049,to_in_007,5
2024,다다212049,to_in_008,5
2024,다다212058,to_in_001,5
2024,다다212058,to_in_007,5
2024,다다212058,to_in_008,0
2024,다다212061,to_in_001,14
2024,다다212061,to_in_007,8
2024,다다212061,to_in_008,6
2024,다다212063,to_in_001,54
2024,다다212063,to_in_007,28
2024,다다212063,to_in_008,24
2024,다다212064,to_in_001,33
2024,다다212064,to_in_007,23
2024,다다212064,to_in_008,13
2024,다다212065,to_in_001,28
2024,다다212065,to_in_007,13
2024,다다212065,to_in_008,18
2024,다다212066,to_in_001,18
2024,다다212066,to_in_007,8
2024,다다212066,to_in_008,8
2024,다다212712,to_in_001,8
2024,다다212712,to_in_007,5
2024,다다212712,to_in_008,5
2024,다다212719,to_in_001,8
2024,다다212719,to_in_007,5
2024,다다212719,to_in_008,5
2024,다다212775,to_in_001,0
2024,다다212775,to_in_007,0
2024,다다212775,to_in_008,0
2024,다다212776,to_in_001,8
2024,다다212776,to_in_007,5
2024,다다212776,to_in_008,5
2024,다다212946,to_in_001,0
2024,다다212946,to_in_007,0
2024,다다212946,to_in_008,0
2024,다다212978,to_in_001,5
2024,다다212978,to_in_007,0
2024,다다212978,to_in_008,5
2024,다다212979,to_in_001,0
2024,다다212979,to_in_007,0
2024,다다212979,to_in_008,0
2024,다다212980,to_in_001,23
2024,다다212980,to_in_007,8
2024,다다212980,to_in_008,18
2024,다다215986,to_in_001,5
2024,다다215986,to_in_007,0
2024,다다215986,to_in_008,5
2024,다다215987,to_in_001,5
2024,다다215987,to_in_007,5
2024,다다215987,to_in_008,0
2024,다다215988,to_in_001,0
2024,다다215988,to_in_007,0
2024,다다215988,to_in_008,0
2024,다다215993,to_in_001,0
2024,다다215993,to_in_007,0
2024,다다215993,to_in_008,0
2024,다다215994,to_in_001,8
2024,다다215994,to_in_007,5
2024,다다215994,to_in_008,5
2024,다다215995,to_in_001,5
2024,다다215995,to_in_007,5
2024,다다215995,to_in_008,0
2024,다다215996,to_in_001,5
2024,다다215996,to_in_007,5
2024,다다215996,to_in_008,0
2024,다다215997,to_in_001,5
2024,다다215997,to_in_007,5
2024,다다215997,to_in_008,0
2024,다다215998,to_in_001,0
2024,다다215998,to_in_007,0
2024,다다215998,to_in_008,0
2024,다다216006,to_in_001,5
2024,다다216006,to_in_007,0
2024,다다216006,to_in_008,5
2024,다다216007,to_in_001,8
2024,다다216007,to_in_007,5
2024,다다216007,to_in_008,5
2024,다다216008,to_in_001,8
2024,다다216008,to_in_007,5
2024,다다216008,to_in_008,5
2024,다다216010,to_in_001,5
2024,다다216010,to_in_007,5
2024,다다216010,to_in_008,0
2024,다다216011,to_in_001,23
2024,다다216011,to_in_007,8
2024,다다216011,to_in_008,13
2024,다다216012,to_in_001,48
2024,다다216012,to_in_007,18
2024,다다216012,to_in_008,28
2024,다다216013,to_in_001,13
2024,다다216013,to_in_007,5
2024,다다216013,to_in_008,8
2024,다다216033,to_in_001,5
2024,다다216033,to_in_007,5
2024,다다216033,to_in_008,0
2024,다다216035,to_in_001,5
2024,다다216035,to_in_007,5
2024,다다216035,to_in_008,5
2024,다다216040,to_in_001,5
2024,다다216040,to_in_007,5
2024,다다216040,to_in_008,0
2024,다다216043,to_in_001,18
2024,다다195018,to_in_001,13
2024,다다195018,to_in_007,8
2024,다다195018,to_in_008,8
2024,다다195021,to_in_001,5
2024,다다195021,to_in_007,5
2024,다다195021,to_in_008,0
2024,다다195022,to_in_001,5
2024,다다195022,to_in_007,5
2024,다다195022,to_in_008,0
2024,다다195023,to_in_001,0
2024,다다195023,to_in_007,0
2024,다다195023,to_in_008,0
2024,다다195026,to_in_001,8
2024,다다195026,to_in_007,5
2024,다다195026,to_in_008,8
2024,다다195032,to_in_001,8
2024,다다195032,to_in_007,5
2024,다다195032,to_in_008,5
2024,다다195033,to_in_001,8
2024,다다195033,to_in_007,5
2024,다다195033,to_in_008,5
2024,다다195034,to_in_001,13
2024,다다195034,to_in_007,8
2024,다다195034,to_in_008,8
2024,다다195035,to_in_001,5
2024,다다195035,to_in_007,5
2024,다다195035,to_in_008,0
2024,다다206053,to_in_001,8
2024,다다206053,to_in_007,8
2024,다다206053,to_in_008,5
2024,다다206054,to_in_001,8
2024,다다206054,to_in_007,5
2024,다다206054,to_in_008,5
2024,다다206055,to_in_001,76
2024,다다206055,to_in_007,38
2024,다다206055,to_in_008,41
2024,다다206056,to_in_001,334
2024,다다206056,to_in_007,153
2024,다다206056,to_in_008,179
2024,다다206057,to_in_001,5
2024,다다206057,to_in_007,0
2024,다다206057,to_in_008,5
2024,다다206071,to_in_001,5
2024,다다206071,to_in_007,0
2024,다다206071,to_in_008,0
2024,다다206727,to_in_001,5
2024,다다206727,to_in_007,5
2024,다다206727,to_in_008,5
2024,다다206739,to_in_001,8
2024,다다206739,to_in_007,8
2024,다다206739,to_in_008,5
2024,다다207038,to_in_001,0
2024,다다207038,to_in_007,0
2024,다다207038,to_in_008,0
2024,다다207044,to_in_001,0
2024,다다207044,to_in_007,0
2024,다다207044,to_in_008,0
2024,다다207051,to_in_001,5
2024,다다207051,to_in_007,5
2024,다다207051,to_in_008,0
2024,다다207053,to_in_001,13
2024,다다207053,to_in_007,5
2024,다다207053,to_in_008,8
2024,다다207054,to_in_001,5
2024,다다207054,to_in_007,5
2024,다다207054,to_in_008,0
2024,다다207057,to_in_001,61
2024,다다207057,to_in_007,30
2024,다다207057,to_in_008,34
2024,다다207058,to_in_001,5
2024,다다207058,to_in_007,0
2024,다다207058,to_in_008,0
2024,다다207061,to_in_001,13
2024,다다207061,to_in_007,8
2024,다다207061,to_in_008,8
2024,다다207063,to_in_001,5
2024,다다207063,to_in_007,5
2024,다다207063,to_in_008,5
2024,다다207716,to_in_001,5
2024,다다207716,to_in_007,5
2024,다다207716,to_in_008,5
2024,다다207717,to_in_001,8
2024,다다207717,to_in_007,0
2024,다다207717,to_in_008,8
2024,다다207999,to_in_001,0
2024,다다207999,to_in_007,0
2024,다다207999,to_in_008,0
2024,다다208007,to_in_001,5
2024,다다208007,to_in_007,5
2024,다다208007,to_in_008,0
2024,다다208027,to_in_001,13
2024,다다208027,to_in_007,8
2024,다다208027,to_in_008,8
2024,다다208034,to_in_001,5
2024,다다208034,to_in_007,5
2024,다다208034,to_in_008,0
2024,다다208035,to_in_001,5
2024,다다208035,to_in_007,5
2024,다다208035,to_in_008,5
2024,다다208049,to_in_001,5
2024,다다208049,to_in_007,5
2024,다다208049,to_in_008,0
2024,다다208052,to_in_001,8
2024,다다208052,to_in_007,5
2024,다다208052,to_in_008,0
2024,다다208053,to_in_001,13
2024,다다208053,to_in_007,8
2024,다다208053,to_in_008,8
2024,다다208054,to_in_001,13
2024,다다208054,to_in_007,5
2024,다다208054,to_in_008,8
2024,다다208056,to_in_001,5
2024,다다208056,to_in_007,0
2024,다다208056,to_in_008,5
2024,다다208057,to_in_001,5
2024,다다208057,to_in_007,5
2024,다다208057,to_in_008,0
2024,다다208059,to_in_001,8
2024,다다208059,to_in_007,5
2024,다다208059,to_in_008,8
2024,다다208065,to_in_001,13
2024,다다208065,to_in_007,8
2024,다다208065,to_in_008,8
2024,다다208066,to_in_001,5
2024,다다208066,to_in_007,5
2024,다다208066,to_in_008,5
2024,다다208715,to_in_001,0
2024,다다208715,to_in_007,0
2024,다다208715,to_in_008,0
2024,다다208716,to_in_001,23
2024,다다208716,to_in_007,13
2024,다다208716,to_in_008,8
2024,다다208717,to_in_001,13
2024,다다208717,to_in_007,8
2024,다다208717,to_in_008,8
2024,다다208764,to_in_001,0
2024,다다208764,to_in_007,0
2024,다다208764,to_in_008,0
2024,다다208766,to_in_001,5
2024,다다208766,to_in_007,5
2024,다다208766,to_in_008,0
2024,다다209001,to_in_001,5
2024,다다209001,to_in_007,5
2024,다다209001,to_in_008,5
2024,다다209018,to_in_001,5
2024,다다209018,to_in_007,5
2024,다다209018,to_in_008,0
2024,다다209019,to_in_001,5
2024,다다209019,to_in_007,5
2024,다다209019,to_in_008,0
2024,다다209027,to_in_001,5
2024,다다209027,to_in_007,5
2024,다다209027,to_in_008,5
2024,다다209029,to_in_001,5
2024,다다209029,to_in_007,5
2024,다다209029,to_in_008,5
2024,다다209030,to_in_001,5
2024,다다209030,to_in_007,5
2024,다다209030,to_in_008,5
2024,다다209031,to_in_001,5
2024,다다209031,to_in_007,0
2024,다다209031,to_in_008,5
2024,다다215012,to_in_001,8
2024,다다215012,to_in_007,8
2024,다다215012,to_in_008,8
2024,다다215055,to_in_001,8
2024,다다215055,to_in_007,5
2024,다다215055,to_in_008,8
2024,다다215056,to_in_001,5
2024,다다215056,to_in_007,5
2024,다다215056,to_in_008,5
2024,다다215057,to_in_001,8
2024,다다215057,to_in_007,5
2024,다다215057,to_in_008,8
2024,다다215058,to_in_001,8
2024,다다215058,to_in_007,5
2024,다다215058,to_in_008,8
2024,다다215059,to_in_001,8
2024,다다215059,to_in_007,5
2024,다다215059,to_in_008,5
2024,다다215060,to_in_001,13
2024,다다215060,to_in_007,5
2024,다다215060,to_in_008,8
2024,다다215062,to_in_001,5
2024,다다215062,to_in_007,0
2024,다다215062,to_in_008,0
2024,다다215066,to_in_001,8
2024,다다215066,to_in_007,5
2024,다다215066,to_in_008,5
2024,다다215713,to_in_001,5
2024,다다215713,to_in_007,5
2024,다다215713,to_in_008,5
2024,다다215714,to_in_001,13
2024,다다215714,to_in_007,8
2024,다다215714,to_in_008,8
2024,다다215715,to_in_001,13
2024,다다215715,to_in_007,8
2024,다다215715,to_in_008,8
2024,다다215716,to_in_001,8
2024,다다215716,to_in_007,5
2024,다다215716,to_in_008,5
2024,다다215717,to_in_001,8
2024,다다215717,to_in_007,5
2024,다다215717,to_in_008,8
2024,다다215718,to_in_001,5
2024,다다215718,to_in_007,0
2024,다다215718,to_in_008,5
2024,다다215748,to_in_001,13
2024,다다215748,to_in_007,8
2024,다다215748,to_in_008,8
2024,다다215750,to_in_001,8
2024,다다215750,to_in_007,5
2024,다다215750,to_in_008,5
2024,다다215751,to_in_001,5
2024,다다215751,to_in_007,5
2024,다다215751,to_in_008,0
2024,다다215759,to_in_001,23
2024,다다215759,to_in_007,8
2024,다다215759,to_in_008,13
2024,다다215760,to_in_001,8
2024,다다215760,to_in_007,8
2024,다다215760,to_in_008,0
2024,다다215768,to_in_001,5
2024,다다215768,to_in_007,5
2024,다다215768,to_in_008,5
2024,다다215769,to_in_001,18
2024,다다215769,to_in_007,8
2024,다다215769,to_in_008,8
2024,다다215770,to_in_001,5
2024,다다215770,to_in_007,0
2024,다다215770,to_in_008,5
2024,다다215771,to_in_001,5
2024,다다215771,to_in_007,0
2024,다다215771,to_in_008,5
2024,다다215772,to_in_001,18
2024,다다215772,to_in_007,8
2024,다다215772,to_in_008,8
2024,다다215773,to_in_001,18
2024,다다215773,to_in_007,8
2024,다다215773,to_in_008,8
2024,다다215774,to_in_001,5
2024,다다215774,to_in_007,5
2024,다다215774,to_in_008,0
2024,다다215777,to_in_001,8
2024,다다215777,to_in_007,8
2024,다다215777,to_in_008,8
2024,다다215778,to_in_001,28
2024,다다215778,to_in_007,18
2024,다다215778,to_in_008,13
2024,다다215779,to_in_001,48
2024,다다215779,to_in_007,33
2024,다다215779,to_in_008,18
2024,다다215780,to_in_001,13
2024,다다215780,to_in_007,8
2024,다다215780,to_in_008,8
2024,다다215950,to_in_001,19
2024,다다215950,to_in_007,14
2024,다다215950,to_in_008,5
2024,다다215951,to_in_001,8
2024,다다215951,to_in_007,5
2024,다다215951,to_in_008,5
2024,다다215967,to_in_001,8
2024,다다215967,to_in_007,8
2024,다다215967,to_in_008,0
2024,다다215968,to_in_001,8
2024,다다215968,to_in_007,8
2024,다다215968,to_in_008,5
2024,다다215970,to_in_001,8
2024,다다215970,to_in_007,5
2024,다다215970,to_in_008,8
2024,다다215971,to_in_001,18
2024,다다215971,to_in_007,8
2024,다다215971,to_in_008,8
2024,다다215972,to_in_001,0
2024,다다215972,to_in_007,0
2024,다다215972,to_in_008,0
2024,다다215973,to_in_001,5
2024,다다215973,to_in_007,5
2024,다다215973,to_in_008,0
2024,다다215983,to_in_001,5
2024,다다215983,to_in_007,0
2024,다다215983,to_in_008,0
2024,다다215985,to_in_001,0
2024,다다215985,to_in_007,0
2024,다다215985,to_in_008,0
2024,다다221019,to_in_001,5
2024,다다221019,to_in_007,0
2024,다다221019,to_in_008,5
2024,다다221020,to_in_001,5
2024,다다221020,to_in_007,0
2024,다다221020,to_in_008,5
2024,다다221024,to_in_001,0
2024,다다221024,to_in_007,0
2024,다다217760,to_in_001,13
2024,다다217760,to_in_007,8
2024,다다217760,to_in_008,8
2024,다다217780,to_in_001,5
2024,다다217780,to_in_007,0
2024,다다217780,to_in_008,5
2024,다다217932,to_in_001,5
2024,다다217932,to_in_007,5
2024,다다217932,to_in_008,5
2024,다다217933,to_in_001,8
2024,다다217933,to_in_007,8
2024,다다217933,to_in_008,5
2024,다다217935,to_in_001,5
2024,다다217935,to_in_007,0
2024,다다217935,to_in_008,5
2024,다다217938,to_in_001,5
2024,다다217938,to_in_007,5
2024,다다217938,to_in_008,0
2024,다다217947,to_in_001,5
2024,다다217947,to_in_007,5
2024,다다217947,to_in_008,0
2024,다다217949,to_in_001,0
2024,다다217949,to_in_007,0
2024,다다217949,to_in_008,0
2024,다다217951,to_in_001,5
2024,다다217951,to_in_007,5
2024,다다217951,to_in_008,5
2024,다다217969,to_in_001,5
2024,다다217969,to_in_007,0
2024,다다217969,to_in_008,0
2024,다다217970,to_in_001,5
2024,다다217970,to_in_007,5
2024,다다217970,to_in_008,0
2024,다다217972,to_in_001,5
2024,다다217972,to_in_007,5
2024,다다217972,to_in_008,5
2024,다다217983,to_in_001,5
2024,다다217983,to_in_007,0
2024,다다217983,to_in_008,0
2024,다다217986,to_in_001,5
2024,다다217986,to_in_007,5
2024,다다217986,to_in_008,5
2024,다다217987,to_in_001,8
2024,다다217987,to_in_007,5
2024,다다217987,to_in_008,5
2024,다다217988,to_in_001,13
2024,다다217988,to_in_007,8
2024,다다217988,to_in_008,8
2024,다다217991,to_in_001,5
2024,다다217991,to_in_007,5
2024,다다217991,to_in_008,0
2024,다다217992,to_in_001,5
2024,다다217992,to_in_007,0
2024,다다217992,to_in_008,0
2024,다다217993,to_in_001,5
2024,다다217993,to_in_007,5
2024,다다217993,to_in_008,5
2024,다다217995,to_in_001,0
2024,다다217995,to_in_007,0
2024,다다217995,to_in_008,0
2024,다다217996,to_in_001,13
2024,다다217996,to_in_007,5
2024,다다217996,to_in_008,8
2024,다다217997,to_in_001,23
2024,다다217997,to_in_007,13
2024,다다217997,to_in_008,13
2024,다다217998,to_in_001,23
2024,다다217998,to_in_007,13
2024,다다217998,to_in_008,13
2024,다다217999,to_in_001,13
2024,다다217999,to_in_007,8
2024,다다217999,to_in_008,8
2024,다다218003,to_in_001,0
2024,다다218003,to_in_007,0
2024,다다218003,to_in_008,0
2024,다다218007,to_in_001,8
2024,다다218007,to_in_007,5
2024,다다218007,to_in_008,5
2024,다다218010,to_in_001,5
2024,다다218010,to_in_007,0
2024,다다218010,to_in_008,5
2024,다다218011,to_in_001,5
2024,다다218011,to_in_007,0
2024,다다218011,to_in_008,5
2024,다다218012,to_in_001,13
2024,다다218012,to_in_007,8
2024,다다218012,to_in_008,8
2024,다다218023,to_in_001,13
2024,다다218023,to_in_007,5
2024,다다218023,to_in_008,8
2024,다다218032,to_in_001,5
2024,다다218032,to_in_007,0
2024,다다218032,to_in_008,0
2024,다다218038,to_in_001,5
2024,다다218038,to_in_007,0
2024,다다218038,to_in_008,0
2024,다다218039,to_in_001,8
2024,다다218039,to_in_007,5
2024,다다218039,to_in_008,0
2024,다다218046,to_in_001,5
2024,다다218046,to_in_007,5
2024,다다218046,to_in_008,0
2024,다다218047,to_in_001,8
2024,다다218047,to_in_007,5
2024,다다218047,to_in_008,5
2024,다다218052,to_in_001,5
2024,다다218052,to_in_007,5
2024,다다218052,to_in_008,0
2024,다다218055,to_in_001,8
2024,다다218055,to_in_007,5
2024,다다218055,to_in_008,5
2024,다다218057,to_in_001,28
2024,다다218057,to_in_007,13
2024,다다218057,to_in_008,13
2024,다다218058,to_in_001,13
2024,다다218058,to_in_007,8
2024,다다218058,to_in_008,8
2024,다다218059,to_in_001,8
2024,다다218059,to_in_007,5
2024,다다218059,to_in_008,5
2024,다다226746,to_in_001,8
2024,다다226746,to_in_007,8
2024,다다226746,to_in_008,0
2024,다다226932,to_in_001,5
2024,다다226932,to_in_007,5
2024,다다226932,to_in_008,0
2024,다다226946,to_in_001,5
2024,다다226946,to_in_007,0
2024,다다216967,to_in_007,5
2024,다다216967,to_in_008,5
2024,다다216969,to_in_001,8
2024,다다216969,to_in_007,8
2024,다다216969,to_in_008,5
2024,다다216970,to_in_001,18
2024,다다216970,to_in_007,8
2024,다다216970,to_in_008,8
2024,다다216971,to_in_001,5
2024,다다216971,to_in_007,0
2024,다다216971,to_in_008,5
2024,다다216972,to_in_001,5
2024,다다216972,to_in_007,5
2024,다다216972,to_in_008,5
2024,다다216986,to_in_001,5
2024,다다216986,to_in_007,0
2024,다다216986,to_in_008,5
2024,다다216987,to_in_001,8
2024,다다216987,to_in_007,5
2024,다다216987,to_in_008,5
2024,다다216988,to_in_001,8
2024,다다216988,to_in_007,5
2024,다다216988,to_in_008,5
2024,다다216993,to_in_001,5
2024,다다216993,to_in_007,0
2024,다다216993,to_in_008,0
2024,다다216997,to_in_001,23
2024,다다216997,to_in_007,13
2024,다다216997,to_in_008,8
2024,다다216998,to_in_001,8
2024,다다216998,to_in_007,5
2024,다다216998,to_in_008,5
2024,다다216999,to_in_001,8
2024,다다216999,to_in_007,8
2024,다다216999,to_in_008,5
2024,다다217006,to_in_001,5
2024,다다217006,to_in_007,5
2024,다다217006,to_in_008,5
2024,다다217007,to_in_001,5
2024,다다217007,to_in_007,0
2024,다다217007,to_in_008,5
2024,다다217010,to_in_001,5
2024,다다217010,to_in_007,5
2024,다다217010,to_in_008,0
2024,다다217012,to_in_001,28
2024,다다217012,to_in_007,13
2024,다다217012,to_in_008,13
2024,다다217013,to_in_001,33
2024,다다217013,to_in_007,23
2024,다다217013,to_in_008,13
2024,다다217017,to_in_001,5
2024,다다217017,to_in_007,0
2024,다다217017,to_in_008,0
2024,다다217023,to_in_001,8
2024,다다217023,to_in_007,5
2024,다다217023,to_in_008,5
2024,다다217026,to_in_001,5
2024,다다217026,to_in_007,5
2024,다다217026,to_in_008,0
2024,다다217030,to_in_001,0
2024,다다217030,to_in_007,0
2024,다다217030,to_in_008,0
2024,다다217033,to_in_001,5
2024,다다217033,to_in_007,0
2024,다다217033,to_in_008,0
2024,다다217047,to_in_001,5
2024,다다217047,to_in_007,5
2024,다다217047,to_in_008,5
2024,다다217052,to_in_001,18
2024,다다217052,to_in_007,13
2024,다다217052,to_in_008,8
2024,다다217053,to_in_001,48
2024,다다217053,to_in_007,28
2024,다다217053,to_in_008,23
2024,다다217056,to_in_001,13
2024,다다217056,to_in_007,8
2024,다다217056,to_in_008,5
2024,다다217059,to_in_001,13
2024,다다217059,to_in_007,8
2024,다다217059,to_in_008,8
2024,다다217060,to_in_001,5
2024,다다217060,to_in_007,0
2024,다다217060,to_in_008,5
2024,다다217061,to_in_001,5
2024,다다217061,to_in_007,5
2024,다다217061,to_in_008,5
2024,다다217064,to_in_001,8
2024,다다217064,to_in_007,5
2024,다다217064,to_in_008,8
2024,다다217710,to_in_001,5
2024,다다217710,to_in_007,5
2024,다다217710,to_in_008,5
2024,다다217711,to_in_001,5
2024,다다217711,to_in_007,5
2024,다다217711,to_in_008,0
2024,다다217749,to_in_001,18
2024,다다217749,to_in_007,8
2024,다다217749,to_in_008,8
2024,다다217750,to_in_001,23
2024,다다217750,to_in_007,13
2024,다다217750,to_in_008,13
2024,다다217751,to_in_001,13
2024,다다217751,to_in_007,8
2024,다다217751,to_in_008,8
2024,다다219999,to_in_001,8
2024,다다219999,to_in_007,5
2024,다다219999,to_in_008,8
2024,다다220009,to_in_001,5
2024,다다220009,to_in_007,0
2024,다다220009,to_in_008,5
2024,다다220012,to_in_001,18
2024,다다220012,to_in_007,8
2024,다다220012,to_in_008,8
2024,다다220013,to_in_001,13
2024,다다220013,to_in_007,8
2024,다다220013,to_in_008,5
2024,다다220021,to_in_001,5
2024,다다220021,to_in_007,5
2024,다다220021,to_in_008,0
2024,다다220024,to_in_001,5
2024,다다220024,to_in_007,5
2024,다다220024,to_in_008,0
2024,다다220027,to_in_001,0
2024,다다220027,to_in_007,0
2024,다다220027,to_in_008,0
2024,다다220031,to_in_001,8
2024,다다220031,to_in_007,0
2024,다다220031,to_in_008,8
2024,다다220035,to_in_001,0
2024,다다220035,to_in_007,0
2024,다다220035,to_in_008,0
2024,다다220045,to_in_001,5
2024,다다220045,to_in_007,5
2024,다다220045,to_in_008,5
2024,다다220049,to_in_001,8
2024,다다220049,to_in_007,5
2024,다다220049,to_in_008,5
2024,다다220050,to_in_001,8
2024,다다220050,to_in_007,8
2024,다다220050,to_in_008,5
2024,다다220052,to_in_001,5
2024,다다220052,to_in_007,5
2024,다다220052,to_in_008,5
2024,다다220053,to_in_001,0
2024,다다220053,to_in_007,0
2024,다다220053,to_in_008,0
2024,다다220055,to_in_001,8
2024,다다220055,to_in_007,5
2024,다다220055,to_in_008,8
2024,다다220056,to_in_001,5
2024,다다220056,to_in_007,0
2024,다다220056,to_in_008,5
2024,다다220057,to_in_001,13
2024,다다220057,to_in_007,8
2024,다다220057,to_in_008,8
2024,다다220058,to_in_001,69
2024,다다220058,to_in_007,34
2024,다다220058,to_in_008,33
2024,다다220059,to_in_001,48
2024,다다220059,to_in_007,23
2024,다다220059,to_in_008,23
2024,다다220060,to_in_001,38
2024,다다220060,to_in_007,18
2024,다다220060,to_in_008,18
2024,다다220061,to_in_001,48
2024,다다220061,to_in_007,28
2024,다다220061,to_in_008,18
2024,다다220062,to_in_001,95
2024,다다220062,to_in_007,49
2024,다다220062,to_in_008,44
2024,다다220063,to_in_001,18
2024,다다220063,to_in_007,8
2024,다다220063,to_in_008,13
2024,다다220698,to_in_001,5
2024,다다220698,to_in_007,5
2024,다다220698,to_in_008,0
2024,다다220699,to_in_001,8
2024,다다220699,to_in_007,5
2024,다다220699,to_in_008,5
2024,다다220700,to_in_001,13
2024,다다220700,to_in_007,8
2024,다다220700,to_in_008,8
2024,다다220750,to_in_001,13
2024,다다220750,to_in_007,8
2024,다다220750,to_in_008,5
2024,다다220757,to_in_001,38
2024,다다220757,to_in_007,23
2024,다다220757,to_in_008,18
2024,다다220758,to_in_001,43
2024,다다220758,to_in_007,23
2024,다다220758,to_in_008,18
2024,다다220759,to_in_001,33
2024,다다220759,to_in_007,18
2024,다다220759,to_in_008,18
2024,다다220760,to_in_001,5
2024,다다220760,to_in_007,5
2024,다다220760,to_in_008,5
2024,다다220761,to_in_001,8
2024,다다220761,to_in_007,5
2024,다다220761,to_in_008,5
2024,다다220934,to_in_001,18
2024,다다220934,to_in_007,13
2024,다다220934,to_in_008,5
2024,다다220935,to_in_001,8
2024,다다220935,to_in_007,5
2024,다다220935,to_in_008,5
2024,다다220951,to_in_001,18
2024,다다220951,to_in_007,8
2024,다다220951,to_in_008,13
2024,다다220952,to_in_001,38
2024,다다220952,to_in_007,23
2024,다다220952,to_in_008,13
2024,다다220967,to_in_001,5
2024,다다220967,to_in_007,0
2024,다다220967,to_in_008,0
2024,다다220982,to_in_001,5
2024,다다220982,to_in_007,0
2024,다다220982,to_in_008,0
2024,다다221009,to_in_001,5
2024,다다221009,to_in_007,5
2024,다다221009,to_in_008,5
2024,다다221012,to_in_001,18
2024,다다221012,to_in_007,8
2024,다다221012,to_in_008,8
2024,다다221013,to_in_001,44
2024,다다221013,to_in_007,24
2024,다다221013,to_in_008,18
2024,다다224002,to_in_001,43
2024,다다224002,to_in_007,23
2024,다다224002,to_in_008,18
2024,다다224003,to_in_001,116
2024,다다224003,to_in_007,50
2024,다다224003,to_in_008,64
2024,다다224004,to_in_001,23
2024,다다224004,to_in_007,8
2024,다다224004,to_in_008,13
2024,다다224008,to_in_001,8
2024,다다224008,to_in_007,5
2024,다다224008,to_in_008,5
2024,다다224021,to_in_001,5
2024,다다224021,to_in_007,5
2024,다다224021,to_in_008,5
2024,다다224030,to_in_001,8
2024,다다224030,to_in_007,5
2024,다다224030,to_in_008,5
2024,다다224031,to_in_001,5
2024,다다224031,to_in_007,0
2024,다다224031,to_in_008,5
2024,다다224032,to_in_001,5
2024,다다224032,to_in_007,5
2024,다다224032,to_in_008,0
2024,다다224043,to_in_001,5
2024,다다224043,to_in_007,5
2024,다다224043,to_in_008,0
2024,다다224044,to_in_001,8
2024,다다224044,to_in_007,5
2024,다다224044,to_in_008,5
2024,다다224045,to_in_001,28
2024,다다224045,to_in_007,13
2024,다다224045,to_in_008,18
2024,다다224046,to_in_001,89
2024,다다224046,to_in_007,44
2024,다다224046,to_in_008,48
2024,다다224054,to_in_001,60
2024,다다224054,to_in_007,30
2024,다다224054,to_in_008,28
2024,다다224055,to_in_001,53
2024,다다224055,to_in_007,28
2024,다다224055,to_in_008,28
2024,다다224056,to_in_001,38
2024,다다224056,to_in_007,18
2024,다다224056,to_in_008,18
2024,다다224057,to_in_001,28
2024,다다224057,to_in_007,18
2024,다다224057,to_in_008,13
2024,다다224058,to_in_001,38
2024,다다224058,to_in_007,18
2024,다다224058,to_in_008,18
2024,다다224059,to_in_001,43
2024,다다224059,to_in_007,18
2024,다다224059,to_in_008,23
2024,다다224783,to_in_001,0
2024,다다224783,to_in_007,0
2024,다다224783,to_in_008,0
2024,다다224931,to_in_001,8
2024,다다224931,to_in_007,5
2024,다다224931,to_in_008,5
2024,다다224932,to_in_001,8
2024,다다224932,to_in_007,0
2024,다다224932,to_in_008,5
2024,다다224946,to_in_001,5
2024,다다224946,to_in_007,0
2024,다다224946,to_in_008,0
2024,다다216043,to_in_007,8
2024,다다216043,to_in_008,8
2024,다다216045,to_in_001,5
2024,다다216045,to_in_007,0
2024,다다216045,to_in_008,0
2024,다다216053,to_in_001,13
2024,다다216053,to_in_007,8
2024,다다216053,to_in_008,5
2024,다다216056,to_in_001,5
2024,다다216056,to_in_007,0
2024,다다216056,to_in_008,0
2024,다다216058,to_in_001,8
2024,다다216058,to_in_007,5
2024,다다216058,to_in_008,5
2024,다다216060,to_in_001,13
2024,다다216060,to_in_007,8
2024,다다216060,to_in_008,8
2024,다다216061,to_in_001,48
2024,다다216061,to_in_007,28
2024,다다216061,to_in_008,18
2024,다다216063,to_in_001,5
2024,다다216063,to_in_007,5
2024,다다216063,to_in_008,5
2024,다다216064,to_in_001,5
2024,다다216064,to_in_007,5
2024,다다216064,to_in_008,0
2024,다다216715,to_in_001,8
2024,다다216715,to_in_007,5
2024,다다216715,to_in_008,5
2024,다다216716,to_in_001,0
2024,다다216716,to_in_007,0
2024,다다216716,to_in_008,0
2024,다다216747,to_in_001,8
2024,다다216747,to_in_007,5
2024,다다216747,to_in_008,5
2024,다다216748,to_in_001,28
2024,다다216748,to_in_007,13
2024,다다216748,to_in_008,13
2024,다다216749,to_in_001,8
2024,다다216749,to_in_007,5
2024,다다216749,to_in_008,5
2024,다다216750,to_in_001,18
2024,다다216750,to_in_007,8
2024,다다216750,to_in_008,8
2024,다다216751,to_in_001,11
2024,다다216751,to_in_007,11
2024,다다216751,to_in_008,0
2024,다다216758,to_in_001,23
2024,다다216758,to_in_007,13
2024,다다216758,to_in_008,8
2024,다다216759,to_in_001,28
2024,다다216759,to_in_007,13
2024,다다216759,to_in_008,13
2024,다다216761,to_in_001,0
2024,다다216761,to_in_007,0
2024,다다216761,to_in_008,0
2024,다다216768,to_in_001,5
2024,다다216768,to_in_007,5
2024,다다216768,to_in_008,5
2024,다다216769,to_in_001,8
2024,다다216769,to_in_007,5
2024,다다216769,to_in_008,8
2024,다다216778,to_in_001,13
2024,다다216778,to_in_007,8
2024,다다216778,to_in_008,8
2024,다다219019,to_in_001,5
2024,다다219019,to_in_007,5
2024,다다219019,to_in_008,0
2024,다다219021,to_in_001,8
2024,다다219021,to_in_007,5
2024,다다219021,to_in_008,5
2024,다다219027,to_in_001,0
2024,다다219027,to_in_007,0
2024,다다219027,to_in_008,0
2024,다다219029,to_in_001,8
2024,다다219029,to_in_007,5
2024,다다219029,to_in_008,5
2024,다다219032,to_in_001,8
2024,다다219032,to_in_007,5
2024,다다219032,to_in_008,8
2024,다다219041,to_in_001,5
2024,다다219041,to_in_007,5
2024,다다219041,to_in_008,0
2024,다다219049,to_in_001,8
2024,다다219049,to_in_007,5
2024,다다219049,to_in_008,8
2024,다다219050,to_in_001,0
2024,다다219050,to_in_007,0
2024,다다219050,to_in_008,0
2024,다다219051,to_in_001,5
2024,다다219051,to_in_007,0
2024,다다219051,to_in_008,0
2024,다다219053,to_in_001,8
2024,다다219053,to_in_007,5
2024,다다219053,to_in_008,5
2024,다다219056,to_in_001,8
2024,다다219056,to_in_007,5
2024,다다219056,to_in_008,5
2024,다다219057,to_in_001,53
2024,다다219057,to_in_007,23
2024,다다219057,to_in_008,28
2024,다다219058,to_in_001,13
2024,다다219058,to_in_007,8
2024,다다219058,to_in_008,5
2024,다다219060,to_in_001,167
2024,다다219060,to_in_007,87
2024,다다219060,to_in_008,78
2024,다다219061,to_in_001,114
2024,다다219061,to_in_007,54
2024,다다219061,to_in_008,58
2024,다다219062,to_in_001,5
2024,다다219062,to_in_007,5
2024,다다219062,to_in_008,0
2024,다다219063,to_in_001,8
2024,다다219063,to_in_007,8
2024,다다219063,to_in_008,5
2024,다다219696,to_in_001,8
2024,다다219696,to_in_007,5
2024,다다219696,to_in_008,5
2024,다다219697,to_in_001,5
2024,다다219697,to_in_007,5
2024,다다219697,to_in_008,0
2024,다다219698,to_in_001,28
2024,다다219698,to_in_007,18
2024,다다219698,to_in_008,8
2024,다다219699,to_in_001,23
2024,다다219699,to_in_007,18
2024,다다219699,to_in_008,8
2024,다다219700,to_in_001,0
2024,다다219700,to_in_007,0
2024,다다219700,to_in_008,0
2024,다다219706,to_in_001,8
2024,다다219706,to_in_007,5
2024,다다219706,to_in_008,5
2024,다다219707,to_in_001,8
2024,다다219707,to_in_007,5
2024,다다219707,to_in_008,5
2024,다다219749,to_in_001,8
2024,다다219749,to_in_007,0
2024,다다219749,to_in_008,8
2024,다다219750,to_in_001,8
2024,다다219750,to_in_007,5
2024,다다219750,to_in_008,5
2024,다다219752,to_in_001,5
2024,다다219752,to_in_007,0
2024,다다219752,to_in_008,0
2024,다다219754,to_in_001,5
2024,다다219754,to_in_007,5
2024,다다219754,to_in_008,0
2024,다다219755,to_in_001,8
2024,다다219755,to_in_007,8
2024,다다219755,to_in_008,5
2024,다다219756,to_in_001,8
2024,다다219756,to_in_007,5
2024,다다219756,to_in_008,5
2024,다다219757,to_in_001,5
2024,다다219757,to_in_007,5
2024,다다219757,to_in_008,0
2024,다다219758,to_in_001,23
2024,다다219758,to_in_007,8
2024,다다219758,to_in_008,18
2024,다다219759,to_in_001,33
2024,다다219759,to_in_007,13
2024,다다219759,to_in_008,18
2024,다다219760,to_in_001,8
2024,다다219760,to_in_007,5
2024,다다219760,to_in_008,8
2024,다다219786,to_in_001,0
2024,다다219786,to_in_007,0
2024,다다219786,to_in_008,0
2024,다다219933,to_in_001,8
2024,다다219933,to_in_007,8
2024,다다219933,to_in_008,5
2024,다다219934,to_in_001,29
2024,다다219934,to_in_007,13
2024,다다219934,to_in_008,19
2024,다다219935,to_in_001,18
2024,다다219935,to_in_007,13
2024,다다219935,to_in_008,8
2024,다다219939,to_in_001,5
2024,다다219939,to_in_007,0
2024,다다219939,to_in_008,5
2024,다다219940,to_in_001,13
2024,다다219940,to_in_007,13
2024,다다219940,to_in_008,0
2024,다다219941,to_in_001,0
2024,다다219941,to_in_007,0
2024,다다219941,to_in_008,0
2024,다다219951,to_in_001,5
2024,다다219951,to_in_007,0
2024,다다219951,to_in_008,5
2024,다다219952,to_in_001,13
2024,다다219952,to_in_007,8
2024,다다219952,to_in_008,8
2024,다다223001,to_in_001,51
2024,다다223001,to_in_007,24
2024,다다223001,to_in_008,25
2024,다다223002,to_in_001,5
2024,다다223002,to_in_007,0
2024,다다223002,to_in_008,0
2024,다다223003,to_in_001,58
2024,다다223003,to_in_007,33
2024,다다223003,to_in_008,28
2024,다다223005,to_in_001,5
2024,다다223005,to_in_007,5
2024,다다223005,to_in_008,0
2024,다다223006,to_in_001,33
2024,다다223006,to_in_007,18
2024,다다223006,to_in_008,18
2024,다다223012,to_in_001,0
2024,다다223012,to_in_007,0
2024,다다223012,to_in_008,0
2024,다다223017,to_in_001,5
2024,다다223017,to_in_007,0
2024,다다223017,to_in_008,5
2024,다다223024,to_in_001,8
2024,다다223024,to_in_007,5
2024,다다223024,to_in_008,5
2024,다다223030,to_in_001,8
2024,다다223030,to_in_007,5
2024,다다223030,to_in_008,5
2024,다다223031,to_in_001,5
2024,다다223031,to_in_007,0
2024,다다223031,to_in_008,5
2024,다다223033,to_in_001,5
2024,다다223033,to_in_007,0
2024,다다223033,to_in_008,5
2024,다다223034,to_in_001,5
2024,다다223034,to_in_007,0
2024,다다223034,to_in_008,0
2024,다다223037,to_in_001,5
2024,다다223037,to_in_007,0
2024,다다223037,to_in_008,0
2024,다다223038,to_in_001,5
2024,다다223038,to_in_007,5
2024,다다223038,to_in_008,0
2024,다다223045,to_in_001,8
2024,다다223045,to_in_007,5
2024,다다223045,to_in_008,8
2024,다다223049,to_in_001,5
2024,다다223049,to_in_007,0
2024,다다223049,to_in_008,0
2024,다다223052,to_in_001,0
2024,다다223052,to_in_007,0
2024,다다223052,to_in_008,0
2024,다다223053,to_in_001,13
2024,다다223053,to_in_007,5
2024,다다223053,to_in_008,8
2024,다다223054,to_in_001,103
2024,다다223054,to_in_007,45
2024,다다223054,to_in_008,56
2024,다다223055,to_in_001,38
2024,다다223055,to_in_007,23
2024,다다223055,to_in_008,18
2024,다다223056,to_in_001,49
2024,다다223056,to_in_007,29
2024,다다223056,to_in_008,18
2024,다다223057,to_in_001,88
2024,다다223057,to_in_007,38
2024,다다223057,to_in_008,48
2024,다다223058,to_in_001,94
2024,다다223058,to_in_007,43
2024,다다223058,to_in_008,49
2024,다다223059,to_in_001,43
2024,다다223059,to_in_007,18
2024,다다223059,to_in_008,23
2024,다다223060,to_in_001,8
2024,다다223060,to_in_007,5
2024,다다223060,to_in_008,5
2024,다다223758,to_in_001,5
2024,다다223758,to_in_007,5
2024,다다223758,to_in_008,0
2024,다다223783,to_in_001,13
2024,다다223783,to_in_007,13
2024,다다223783,to_in_008,5
2024,다다223784,to_in_001,8
2024,다다223784,to_in_007,8
2024,다다223784,to_in_008,5
2024,다다223931,to_in_001,8
2024,다다223931,to_in_007,8
2024,다다223931,to_in_008,0
2024,다다223932,to_in_001,18
2024,다다223932,to_in_007,13
2024,다다223932,to_in_008,8
2024,다다223980,to_in_001,5
2024,다다223980,to_in_007,0
2024,다다223980,to_in_008,5
2024,다다224001,to_in_001,18
2024,다다224001,to_in_007,8
2024,다다224001,to_in_008,8
2024,다다228006,to_in_001,8
2024,다다228006,to_in_007,5
2024,다다228006,to_in_008,5
2024,다다226946,to_in_008,5
2024,다다226947,to_in_001,5
2024,다다226947,to_in_007,0
2024,다다226947,to_in_008,5
2024,다다226950,to_in_001,5
2024,다다226950,to_in_007,0
2024,다다226950,to_in_008,5
2024,다다226977,to_in_001,5
2024,다다226977,to_in_007,5
2024,다다226977,to_in_008,0
2024,다다226980,to_in_001,5
2024,다다226980,to_in_007,0
2024,다다226980,to_in_008,5
2024,다다226981,to_in_001,8
2024,다다226981,to_in_007,5
2024,다다226981,to_in_008,5
2024,다다226982,to_in_001,5
2024,다다226982,to_in_007,0
2024,다다226982,to_in_008,0
2024,다다227003,to_in_001,5
2024,다다227003,to_in_007,5
2024,다다227003,to_in_008,0
2024,다다227004,to_in_001,5
2024,다다227004,to_in_007,5
2024,다다227004,to_in_008,0
2024,다다227005,to_in_001,8
2024,다다227005,to_in_007,5
2024,다다227005,to_in_008,5
2024,다다227006,to_in_001,5
2024,다다227006,to_in_007,5
2024,다다227006,to_in_008,0
2024,다다227007,to_in_001,5
2024,다다227007,to_in_007,5
2024,다다227007,to_in_008,0
2024,다다227012,to_in_001,5
2024,다다227012,to_in_007,5
2024,다다227012,to_in_008,0
2024,다다227022,to_in_001,5
2024,다다227022,to_in_007,5
2024,다다227022,to_in_008,0
2024,다다227023,to_in_001,5
2024,다다227023,to_in_007,5
2024,다다227023,to_in_008,0
2024,다다227028,to_in_001,5
2024,다다227028,to_in_007,5
2024,다다227028,to_in_008,0
2024,다다227043,to_in_001,5
2024,다다227043,to_in_007,5
2024,다다227043,to_in_008,5
2024,다다227044,to_in_001,8
2024,다다227044,to_in_007,5
2024,다다227044,to_in_008,5
2024,다다227049,to_in_001,5
2024,다다227049,to_in_007,0
2024,다다227049,to_in_008,5
2024,다다227054,to_in_001,23
2024,다다227054,to_in_007,13
2024,다다227054,to_in_008,8
2024,다다227055,to_in_001,44
2024,다다227055,to_in_007,18
2024,다다227055,to_in_008,24
2024,다다227056,to_in_001,33
2024,다다227056,to_in_007,18
2024,다다227056,to_in_008,18
2024,다다227057,to_in_001,53
2024,다다227057,to_in_007,28
2024,다다227057,to_in_008,23
2024,다다227058,to_in_001,23
2024,다다227058,to_in_007,8
2024,다다227058,to_in_008,13
2024,다다227059,to_in_001,8
2024,다다227059,to_in_007,8
2024,다다227059,to_in_008,5
2024,다다227723,to_in_001,0
2024,다다227723,to_in_007,0
2024,다다227723,to_in_008,0
2024,다다227747,to_in_001,5
2024,다다227747,to_in_007,5
2024,다다227747,to_in_008,0
2024,다다227932,to_in_001,8
2024,다다227932,to_in_007,8
2024,다다227932,to_in_008,0
2024,다다227933,to_in_001,18
2024,다다227933,to_in_007,13
2024,다다227933,to_in_008,8
2024,다다227934,to_in_001,5
2024,다다227934,to_in_007,5
2024,다다227934,to_in_008,5
2024,다다227935,to_in_001,0
2024,다다227935,to_in_007,0
2024,다다227935,to_in_008,0
2024,다다227946,to_in_001,5
2024,다다227946,to_in_007,0
2024,다다227946,to_in_008,5
2024,다다227947,to_in_001,5
2024,다다227947,to_in_007,5
2024,다다227947,to_in_008,0
2024,다다227950,to_in_001,5
2024,다다227950,to_in_007,5
2024,다다227950,to_in_008,0
2024,다다227951,to_in_001,0
2024,다다227951,to_in_007,0
2024,다다227951,to_in_008,0
2024,다다227982,to_in_001,5
2024,다다227982,to_in_007,0
2024,다다227982,to_in_008,5
2024,다다228005,to_in_001,8
2024,다다228005,to_in_007,5
2024,다다228005,to_in_008,5
2024,다다236042,to_in_001,8
2024,다다211030,to_in_007,0
2024,다다211030,to_in_008,0
2024,다다211031,to_in_001,8
2024,다다211031,to_in_007,5
2024,다다211031,to_in_008,5
2024,다다218060,to_in_001,18
2024,다다218060,to_in_007,8
2024,다다218060,to_in_008,8
2024,다다218061,to_in_001,28
2024,다다218061,to_in_007,18
2024,다다218061,to_in_008,13
2024,다다218706,to_in_001,5
2024,다다218706,to_in_007,5
2024,다다218706,to_in_008,5
2024,다다218708,to_in_001,0
2024,다다218708,to_in_007,0
2024,다다218708,to_in_008,0
2024,다다218709,to_in_001,5
2024,다다218709,to_in_007,0
2024,다다218709,to_in_008,0
2024,다다218749,to_in_001,5
2024,다다218749,to_in_007,5
2024,다다218749,to_in_008,0
2024,다다218750,to_in_001,28
2024,다다218750,to_in_007,18
2024,다다218750,to_in_008,13
2024,다다218751,to_in_001,8
2024,다다218751,to_in_007,8
2024,다다218751,to_in_008,5
2024,다다218752,to_in_001,0
2024,다다218752,to_in_007,0
2024,다다218752,to_in_008,0
2024,다다218753,to_in_001,8
2024,다다218753,to_in_007,5
2024,다다218753,to_in_008,5
2024,다다218754,to_in_001,8
2024,다다218754,to_in_007,5
2024,다다218754,to_in_008,5
2024,다다218755,to_in_001,5
2024,다다218755,to_in_007,0
2024,다다218755,to_in_008,5
2024,다다218756,to_in_001,5
2024,다다218756,to_in_007,0
2024,다다218756,to_in_008,5
2024,다다218757,to_in_001,18
2024,다다218757,to_in_007,13
2024,다다218757,to_in_008,8
2024,다다218758,to_in_001,33
2024,다다218758,to_in_007,18
2024,다다218758,to_in_008,18
2024,다다218759,to_in_001,5
2024,다다218759,to_in_007,5
2024,다다218759,to_in_008,5
2024,다다218784,to_in_001,5
2024,다다218784,to_in_007,5
2024,다다218784,to_in_008,0
2024,다다218932,to_in_001,18
2024,다다218932,to_in_007,13
2024,다다218932,to_in_008,8
2024,다다218933,to_in_001,14
2024,다다218933,to_in_007,14
2024,다다218933,to_in_008,0
2024,다다218934,to_in_001,8
2024,다다218934,to_in_007,8
2024,다다218934,to_in_008,0
2024,다다218935,to_in_001,41
2024,다다218935,to_in_007,31
2024,다다218935,to_in_008,8
2024,다다218936,to_in_001,5
2024,다다218936,to_in_007,5
2024,다다218936,to_in_008,5
2024,다다218937,to_in_001,5
2024,다다218937,to_in_007,5
2024,다다218937,to_in_008,0
2024,다다218950,to_in_001,18
2024,다다218950,to_in_007,8
2024,다다218950,to_in_008,8
2024,다다218951,to_in_001,18
2024,다다218951,to_in_007,8
2024,다다218951,to_in_008,8
2024,다다218985,to_in_001,8
2024,다다218985,to_in_007,5
2024,다다218985,to_in_008,5
2024,다다218986,to_in_001,5
2024,다다218986,to_in_007,0
2024,다다218986,to_in_008,5
2024,다다218987,to_in_001,5
2024,다다218987,to_in_007,5
2024,다다218987,to_in_008,5
2024,다다218992,to_in_001,5
2024,다다218992,to_in_007,0
2024,다다218992,to_in_008,0
2024,다다218993,to_in_001,5
2024,다다218993,to_in_007,5
2024,다다218993,to_in_008,5
2024,다다218996,to_in_001,13
2024,다다218996,to_in_007,8
2024,다다218996,to_in_008,8
2024,다다218997,to_in_001,28
2024,다다218997,to_in_007,18
2024,다다218997,to_in_008,8
2024,다다218998,to_in_001,5
2024,다다218998,to_in_007,0
2024,다다218998,to_in_008,5
2024,다다218999,to_in_001,8
2024,다다218999,to_in_007,8
2024,다다218999,to_in_008,5
2024,다다219000,to_in_001,0
2024,다다219000,to_in_007,0
2024,다다219000,to_in_008,0
2024,다다219007,to_in_001,0
2024,다다219007,to_in_007,0
2024,다다219007,to_in_008,0
2024,다다219009,to_in_001,5
2024,다다219009,to_in_007,0
2024,다다219009,to_in_008,0
2024,다다219010,to_in_001,8
2024,다다219010,to_in_007,8
2024,다다219010,to_in_008,5
2024,다다219011,to_in_001,5
2024,다다219011,to_in_007,5
2024,다다219011,to_in_008,5
2024,다다219012,to_in_001,5
2024,다다219012,to_in_007,0
2024,다다219012,to_in_008,0
2024,다다219018,to_in_001,8
2024,다다219018,to_in_007,5
2024,다다219018,to_in_008,8
2024,다다221952,to_in_001,0
2024,다다221952,to_in_007,0
2024,다다221952,to_in_008,0
2024,다다221967,to_in_001,5
2024,다다221967,to_in_007,0
2024,다다221967,to_in_008,0
2024,다다221983,to_in_001,5
2024,다다221983,to_in_007,0
2024,다다221983,to_in_008,0
2024,다다221999,to_in_001,5
2024,다다221999,to_in_007,0
2024,다다221999,to_in_008,5
2024,다다222004,to_in_001,8
2024,다다222004,to_in_007,5
2024,다다222004,to_in_008,5
2024,다다222005,to_in_001,5
2024,다다222005,to_in_007,5
2024,다다222005,to_in_008,0
2024,다다222008,to_in_001,5
2024,다다222008,to_in_007,5
2024,다다222008,to_in_008,5
2024,다다222023,to_in_001,0
2024,다다222023,to_in_007,0
2024,다다222023,to_in_008,0
2024,다다222031,to_in_001,5
2024,다다222031,to_in_007,5
2024,다다222031,to_in_008,0
2024,다다222035,to_in_001,0
2024,다다222035,to_in_007,0
2024,다다222035,to_in_008,0
2024,다다222044,to_in_001,8
2024,다다222044,to_in_007,5
2024,다다222044,to_in_008,5
2024,다다222045,to_in_001,5
2024,다다222045,to_in_007,5
2024,다다222045,to_in_008,5
2024,다다222049,to_in_001,8
2024,다다222049,to_in_007,5
2024,다다222049,to_in_008,5
2024,다다222050,to_in_001,13
2024,다다222050,to_in_007,8
2024,다다222050,to_in_008,8
2024,다다222051,to_in_001,5
2024,다다222051,to_in_007,5
2024,다다222051,to_in_008,5
2024,다다222052,to_in_001,8
2024,다다222052,to_in_007,5
2024,다다222052,to_in_008,0
2024,다다222053,to_in_001,8
2024,다다222053,to_in_007,5
2024,다다222053,to_in_008,8
2024,다다222054,to_in_001,38
2024,다다222054,to_in_007,18
2024,다다222054,to_in_008,18
2024,다다222055,to_in_001,64
2024,다다222055,to_in_007,34
2024,다다222055,to_in_008,28
2024,다다222056,to_in_001,28
2024,다다222056,to_in_007,13
2024,다다222056,to_in_008,13
2024,다다222057,to_in_001,43
2024,다다222057,to_in_007,23
2024,다다222057,to_in_008,18
2024,다다222058,to_in_001,97
2024,다다222058,to_in_007,52
2024,다다222058,to_in_008,48
2024,다다222059,to_in_001,38
2024,다다222059,to_in_007,18
2024,다다222059,to_in_008,23
2024,다다222060,to_in_001,13
2024,다다222060,to_in_007,8
2024,다다222060,to_in_008,8
2024,다다222062,to_in_001,23
2024,다다222062,to_in_007,8
2024,다다222062,to_in_008,13
2024,다다222747,to_in_001,13
2024,다다222747,to_in_007,5
2024,다다222747,to_in_008,8
2024,다다222748,to_in_001,18
2024,다다222748,to_in_007,8
2024,다다222748,to_in_008,8
2024,다다222749,to_in_001,8
2024,다다222749,to_in_007,5
2024,다다222749,to_in_008,5
2024,다다222759,to_in_001,23
2024,다다222759,to_in_007,13
2024,다다222759,to_in_008,8
2024,다다222760,to_in_001,13
2024,다다222760,to_in_007,8
2024,다다222760,to_in_008,5
2024,다다222761,to_in_001,0
2024,다다222761,to_in_007,0
2024,다다222761,to_in_008,0
2024,다다222950,to_in_001,5
2024,다다222950,to_in_007,0
2024,다다222950,to_in_008,0
2024,다다222951,to_in_001,8
2024,다다222951,to_in_007,8
2024,다다222951,to_in_008,5
2024,다다222981,to_in_001,5
2024,다다222981,to_in_007,0
2024,다다222981,to_in_008,5
2024,다다230001,to_in_001,5
2024,다다230001,to_in_007,0
2024,다다230001,to_in_008,0
2024,다다230002,to_in_001,13
2024,다다230002,to_in_007,5
2024,다다230002,to_in_008,8
2024,다다230003,to_in_001,5
2024,다다230003,to_in_007,0
2024,다다230003,to_in_008,5
2024,다다230005,to_in_001,5
2024,다다230005,to_in_007,0
2024,다다230005,to_in_008,5
2024,다다230006,to_in_001,8
2024,다다230006,to_in_007,5
2024,다다230006,to_in_008,8
2024,다다230007,to_in_001,8
2024,다다230007,to_in_007,8
2024,다다230007,to_in_008,5
2024,다다230009,to_in_001,8
2024,다다230009,to_in_007,5
2024,다다230009,to_in_008,5
2024,다다230014,to_in_001,5
2024,다다230014,to_in_007,0
2024,다다230014,to_in_008,0
2024,다다230019,to_in_001,5
2024,다다230019,to_in_007,0
2024,다다230019,to_in_008,5
2024,다다230020,to_in_001,5
2024,다다230020,to_in_007,0
2024,다다230020,to_in_008,0
2024,다다230025,to_in_001,5
2024,다다230025,to_in_007,5
2024,다다230025,to_in_008,5
2024,다다230027,to_in_001,18
2024,다다230027,to_in_007,8
2024,다다230027,to_in_008,8
2024,다다230028,to_in_001,13
2024,다다230028,to_in_007,5
2024,다다230028,to_in_008,8
2024,다다230029,to_in_001,13
2024,다다230029,to_in_007,8
2024,다다230029,to_in_008,8
2024,다다230035,to_in_001,5
2024,다다230035,to_in_007,5
2024,다다230035,to_in_008,0
2024,다다230051,to_in_001,13
2024,다다230051,to_in_007,8
2024,다다230051,to_in_008,8
2024,다다230052,to_in_001,13
2024,다다230052,to_in_007,5
2024,다다230052,to_in_008,8
2024,다다230053,to_in_001,0
2024,다다230053,to_in_007,0
2024,다다230053,to_in_008,0
2024,다다230054,to_in_001,5
2024,다다230054,to_in_007,0
2024,다다230054,to_in_008,5
2024,다다230055,to_in_001,38
2024,다다230055,to_in_007,23
2024,다다230055,to_in_008,18
2024,다다230056,to_in_001,13
2024,다다230056,to_in_007,8
2024,다다230056,to_in_008,8
2024,다다236042,to_in_007,8
2024,다다236042,to_in_008,0
2024,다다236051,to_in_001,50
2024,다다236051,to_in_007,23
2024,다다236051,to_in_008,30
2024,다다236052,to_in_001,79
2024,다다236052,to_in_007,37
2024,다다236052,to_in_008,45
2024,다다236053,to_in_001,97
2024,다다236053,to_in_007,51
2024,다다236053,to_in_008,44
2024,다다236054,to_in_001,210
2024,다다236054,to_in_007,102
2024,다다236054,to_in_008,111
2024,다다236055,to_in_001,39
2024,다다236055,to_in_007,13
2024,다다236055,to_in_008,24
2024,다다236056,to_in_001,82
2024,다다236056,to_in_007,39
2024,다다236056,to_in_008,41
2024,다다236057,to_in_001,33
2024,다다236057,to_in_007,18
2024,다다236057,to_in_008,18
2024,다다236729,to_in_001,5
2024,다다236729,to_in_007,0
2024,다다236729,to_in_008,5
2024,다다236924,to_in_001,5
2024,다다236924,to_in_007,0
2024,다다221024,to_in_008,0
2024,다다221040,to_in_001,5
2024,다다221040,to_in_007,5
2024,다다221040,to_in_008,0
2024,다다221045,to_in_001,5
2024,다다221045,to_in_007,0
2024,다다221045,to_in_008,5
2024,다다221050,to_in_001,18
2024,다다221050,to_in_007,8
2024,다다221050,to_in_008,8
2024,다다221051,to_in_001,8
2024,다다221051,to_in_007,8
2024,다다221051,to_in_008,5
2024,다다221052,to_in_001,5
2024,다다221052,to_in_007,5
2024,다다221052,to_in_008,0
2024,다다221053,to_in_001,0
2024,다다221053,to_in_007,0
2024,다다221053,to_in_008,0
2024,다다221054,to_in_001,28
2024,다다221054,to_in_007,13
2024,다다221054,to_in_008,13
2024,다다221055,to_in_001,18
2024,다다221055,to_in_007,8
2024,다다221055,to_in_008,13
2024,다다221056,to_in_001,53
2024,다다221056,to_in_007,28
2024,다다221056,to_in_008,23
2024,다다221057,to_in_001,135
2024,다다221057,to_in_007,66
2024,다다221057,to_in_008,72
2024,다다221058,to_in_001,48
2024,다다221058,to_in_007,23
2024,다다221058,to_in_008,23
2024,다다221059,to_in_001,53
2024,다다221059,to_in_007,28
2024,다다221059,to_in_008,28
2024,다다221060,to_in_001,48
2024,다다221060,to_in_007,23
2024,다다221060,to_in_008,23
2024,다다221061,to_in_001,43
2024,다다221061,to_in_007,23
2024,다다221061,to_in_008,23
2024,다다221062,to_in_001,13
2024,다다221062,to_in_007,8
2024,다다221062,to_in_008,5
2024,다다221063,to_in_001,5
2024,다다221063,to_in_007,0
2024,다다221063,to_in_008,5
2024,다다221700,to_in_001,23
2024,다다221700,to_in_007,8
2024,다다221700,to_in_008,13
2024,다다221701,to_in_001,8
2024,다다221701,to_in_007,5
2024,다다221701,to_in_008,5
2024,다다221749,to_in_001,8
2024,다다221749,to_in_007,5
2024,다다221749,to_in_008,5
2024,다다221750,to_in_001,5
2024,다다221750,to_in_007,5
2024,다다221750,to_in_008,5
2024,다다221756,to_in_001,8
2024,다다221756,to_in_007,5
2024,다다221756,to_in_008,5
2024,다다221757,to_in_001,13
2024,다다221757,to_in_007,8
2024,다다221757,to_in_008,5
2024,다다221758,to_in_001,13
2024,다다221758,to_in_007,8
2024,다다221758,to_in_008,8
2024,다다221759,to_in_001,63
2024,다다221759,to_in_007,33
2024,다다221759,to_in_008,28
2024,다다221760,to_in_001,33
2024,다다221760,to_in_007,18
2024,다다221760,to_in_008,18
2024,다다221761,to_in_001,13
2024,다다221761,to_in_007,5
2024,다다221761,to_in_008,8
2024,다다221930,to_in_001,5
2024,다다221930,to_in_007,5
2024,다다221930,to_in_008,0
2024,다다221934,to_in_001,5
2024,다다221934,to_in_007,5
2024,다다221934,to_in_008,0
2024,다다221935,to_in_001,8
2024,다다221935,to_in_007,8
2024,다다221935,to_in_008,5
2024,다다221950,to_in_001,5
2024,다다221950,to_in_007,0
2024,다다221950,to_in_008,0
2024,다다221951,to_in_001,13
2024,다다221951,to_in_007,8
2024,다다221951,to_in_008,8
2024,다다225018,to_in_001,8
2024,다다225018,to_in_007,5
2024,다다225018,to_in_008,5
2024,다다225022,to_in_001,5
2024,다다225022,to_in_007,5
2024,다다225022,to_in_008,0
2024,다다225024,to_in_001,5
2024,다다225024,to_in_007,0
2024,다다225024,to_in_008,0
2024,다다225031,to_in_001,5
2024,다다225031,to_in_007,0
2024,다다225031,to_in_008,5
2024,다다225046,to_in_001,114
2024,다다225046,to_in_007,51
2024,다다225046,to_in_008,61
2024,다다225051,to_in_001,8
2024,다다225051,to_in_007,5
2024,다다225051,to_in_008,5
2024,다다225053,to_in_001,58
2024,다다225053,to_in_007,33
2024,다다225053,to_in_008,28
2024,다다225054,to_in_001,139
2024,다다225054,to_in_007,71
2024,다다225054,to_in_008,66
2024,다다225055,to_in_001,90
2024,다다225055,to_in_007,43
2024,다다225055,to_in_008,50
2024,다다225056,to_in_001,58
2024,다다225056,to_in_007,33
2024,다다225056,to_in_008,28
2024,다다225057,to_in_001,39
2024,다다225057,to_in_007,18
2024,다다225057,to_in_008,24
2024,다다225058,to_in_001,48
2024,다다225058,to_in_007,23
2024,다다225058,to_in_008,23
2024,다다225059,to_in_001,8
2024,다다225059,to_in_007,5
2024,다다225059,to_in_008,5
2024,다다225931,to_in_001,18
2024,다다225931,to_in_007,13
2024,다다225931,to_in_008,8
2024,다다225932,to_in_001,0
2024,다다225932,to_in_007,0
2024,다다225932,to_in_008,0
2024,다다225947,to_in_001,5
2024,다다225947,to_in_007,0
2024,다다225947,to_in_008,5
2024,다다225976,to_in_001,0
2024,다다225976,to_in_007,0
2024,다다225976,to_in_008,0
2024,다다225978,to_in_001,8
2024,다다225978,to_in_007,5
2024,다다225978,to_in_008,5
2024,다다225979,to_in_001,5
2024,다다225979,to_in_007,0
2024,다다225979,to_in_008,0
2024,다다225980,to_in_001,8
2024,다다225980,to_in_007,8
2024,다다225980,to_in_008,5
2024,다다225981,to_in_001,13
2024,다다225981,to_in_007,8
2024,다다225981,to_in_008,8
2024,다다225982,to_in_001,5
2024,다다225982,to_in_007,5
2024,다다225982,to_in_008,0
2024,다다225983,to_in_001,8
2024,다다225983,to_in_007,8
2024,다다225983,to_in_008,5
2024,다다225999,to_in_001,5
2024,다다225999,to_in_007,5
2024,다다225999,to_in_008,5
2024,다다226000,to_in_001,8
2024,다다226000,to_in_007,5
2024,다다226000,to_in_008,5
2024,다다226005,to_in_001,18
2024,다다226005,to_in_007,8
2024,다다226005,to_in_008,13
2024,다다226019,to_in_001,5
2024,다다226019,to_in_007,0
2024,다다226019,to_in_008,0
2024,다다226021,to_in_001,8
2024,다다226021,to_in_007,8
2024,다다226021,to_in_008,8
2024,다다226022,to_in_001,8
2024,다다226022,to_in_007,8
2024,다다226022,to_in_008,5
2024,다다226052,to_in_001,8
2024,다다226052,to_in_007,5
2024,다다226052,to_in_008,8
2024,다다226054,to_in_001,173
2024,다다226054,to_in_007,73
2024,다다226054,to_in_008,98
2024,다다226055,to_in_001,8
2024,다다226055,to_in_007,8
2024,다다226055,to_in_008,5
2024,다다226056,to_in_001,43
2024,다다226056,to_in_007,18
2024,다다226056,to_in_008,23
2024,다다226057,to_in_001,75
2024,다다226057,to_in_007,35
2024,다다226057,to_in_008,38
2024,다다226058,to_in_001,28
2024,다다226058,to_in_007,13
2024,다다226058,to_in_008,13
2024,다다226059,to_in_001,13
2024,다다226059,to_in_007,8
2024,다다226059,to_in_008,5
2024,다다231028,to_in_001,5
2024,다다231028,to_in_007,0
2024,다다231028,to_in_008,5
2024,다다231049,to_in_001,5
2024,다다231049,to_in_007,5
2024,다다231049,to_in_008,0
2024,다다231050,to_in_001,8
2024,다다231050,to_in_007,5
2024,다다231050,to_in_008,5
2024,다다231058,to_in_001,18
2024,다다231058,to_in_007,8
2024,다다231058,to_in_008,8
2024,다다231059,to_in_001,13
2024,다다231059,to_in_007,5
2024,다다231059,to_in_008,8
2024,다다231060,to_in_001,5
2024,다다231060,to_in_007,0
2024,다다231060,to_in_008,0
2024,다다231708,to_in_001,0
2024,다다231708,to_in_007,0
2024,다다231708,to_in_008,0
2024,다다231709,to_in_001,8
2024,다다231709,to_in_007,8
2024,다다231709,to_in_008,0
2024,다다231725,to_in_001,5
2024,다다231725,to_in_007,5
2024,다다231725,to_in_008,0
2024,다다231726,to_in_001,13
2024,다다231726,to_in_007,8
2024,다다231726,to_in_008,5
2024,다다231727,to_in_001,33
2024,다다231727,to_in_007,18
2024,다다231727,to_in_008,13
2024,다다231728,to_in_001,23
2024,다다231728,to_in_007,18
2024,다다231728,to_in_008,8
2024,다다231729,to_in_001,8
2024,다다231729,to_in_007,5
2024,다다231729,to_in_008,8
2024,다다231776,to_in_001,13
2024,다다231776,to_in_007,8
2024,다다231776,to_in_008,5
2024,다다231777,to_in_001,18
2024,다다231777,to_in_007,13
2024,다다231777,to_in_008,8
2024,다다231949,to_in_001,5
2024,다다231949,to_in_007,0
2024,다다231949,to_in_008,5
2024,다다231983,to_in_001,0
2024,다다231983,to_in_007,0
2024,다다231983,to_in_008,0
2024,다다232002,to_in_001,5
2024,다다232002,to_in_007,0
2024,다다232002,to_in_008,5
2024,다다232003,to_in_001,8
2024,다다232003,to_in_007,8
2024,다다232003,to_in_008,8
2024,다다232005,to_in_001,5
2024,다다232005,to_in_007,5
2024,다다232005,to_in_008,5
2024,다다232008,to_in_001,5
2024,다다232008,to_in_007,5
2024,다다232008,to_in_008,5
2024,다다232009,to_in_001,5
2024,다다232009,to_in_007,5
2024,다다232009,to_in_008,0
2024,다다232017,to_in_001,8
2024,다다232017,to_in_007,5
2024,다다232017,to_in_008,5
2024,다다232018,to_in_001,5
2024,다다232018,to_in_007,0
2024,다다232018,to_in_008,0
2024,다다232024,to_in_001,8
2024,다다232024,to_in_007,8
2024,다다232024,to_in_008,5
2024,다다232025,to_in_001,5
2024,다다232025,to_in_007,5
2024,다다232025,to_in_008,0
2024,다다232043,to_in_001,5
2024,다다232043,to_in_007,5
2024,다다232043,to_in_008,5
2024,다다232048,to_in_001,265
2024,다다232048,to_in_007,118
2024,다다232048,to_in_008,147
2024,다다232049,to_in_001,43
2024,다다232049,to_in_007,23
2024,다다232049,to_in_008,23
2024,다다232050,to_in_001,58
2024,다다232050,to_in_007,33
2024,다다232050,to_in_008,28
2024,다다232051,to_in_001,8
2024,다다224947,to_in_001,0
2024,다다224947,to_in_007,0
2024,다다224947,to_in_008,0
2024,다다224948,to_in_001,0
2024,다다224948,to_in_007,0
2024,다다224948,to_in_008,0
2024,다다224949,to_in_001,0
2024,다다224949,to_in_007,0
2024,다다224949,to_in_008,0
2024,다다224999,to_in_001,5
2024,다다224999,to_in_007,0
2024,다다224999,to_in_008,0
2024,다다225003,to_in_001,23
2024,다다225003,to_in_007,8
2024,다다225003,to_in_008,18
2024,다다225004,to_in_001,28
2024,다다225004,to_in_007,13
2024,다다225004,to_in_008,13
2024,다다225005,to_in_001,13
2024,다다225005,to_in_007,5
2024,다다225005,to_in_008,8
2024,다다225008,to_in_001,8
2024,다다225008,to_in_007,5
2024,다다225008,to_in_008,5
2024,다다225015,to_in_001,5
2024,다다225015,to_in_007,0
2024,다다225015,to_in_008,0
2024,다다225017,to_in_001,18
2024,다다225017,to_in_007,8
2024,다다225017,to_in_008,13
2024,다다229002,to_in_001,23
2024,다다229002,to_in_007,13
2024,다다229002,to_in_008,8
2024,다다229006,to_in_001,0
2024,다다229006,to_in_007,0
2024,다다229006,to_in_008,0
2024,다다229007,to_in_001,5
2024,다다229007,to_in_007,5
2024,다다229007,to_in_008,0
2024,다다229008,to_in_001,5
2024,다다229008,to_in_007,0
2024,다다229008,to_in_008,0
2024,다다229009,to_in_001,5
2024,다다229009,to_in_007,5
2024,다다229009,to_in_008,0
2024,다다229010,to_in_001,0
2024,다다229010,to_in_007,0
2024,다다229010,to_in_008,0
2024,다다229019,to_in_001,13
2024,다다229019,to_in_007,8
2024,다다229019,to_in_008,5
2024,다다229020,to_in_001,18
2024,다다229020,to_in_007,13
2024,다다229020,to_in_008,8
2024,다다229024,to_in_001,5
2024,다다229024,to_in_007,0
2024,다다229024,to_in_008,0
2024,다다229025,to_in_001,5
2024,다다229025,to_in_007,0
2024,다다229025,to_in_008,5
2024,다다229026,to_in_001,8
2024,다다229026,to_in_007,5
2024,다다229026,to_in_008,5
2024,다다229027,to_in_001,13
2024,다다229027,to_in_007,8
2024,다다229027,to_in_008,8
2024,다다229028,to_in_001,8
2024,다다229028,to_in_007,5
2024,다다229028,to_in_008,8
2024,다다229038,to_in_001,5
2024,다다229038,to_in_007,0
2024,다다229038,to_in_008,0
2024,다다229045,to_in_001,5
2024,다다229045,to_in_007,0
2024,다다229045,to_in_008,0
2024,다다229052,to_in_001,8
2024,다다229052,to_in_007,5
2024,다다229052,to_in_008,5
2024,다다229053,to_in_001,5
2024,다다229053,to_in_007,5
2024,다다229053,to_in_008,0
2024,다다229054,to_in_001,48
2024,다다229054,to_in_007,23
2024,다다229054,to_in_008,23
2024,다다229055,to_in_001,43
2024,다다229055,to_in_007,23
2024,다다229055,to_in_008,18
2024,다다229056,to_in_001,33
2024,다다229056,to_in_007,18
2024,다다229056,to_in_008,13
2024,다다229057,to_in_001,28
2024,다다229057,to_in_007,13
2024,다다229057,to_in_008,13
2024,다다229058,to_in_001,5
2024,다다229058,to_in_007,5
2024,다다229058,to_in_008,5
2024,다다229059,to_in_001,0
2024,다다229059,to_in_007,0
2024,다다229059,to_in_008,0
2024,다다229709,to_in_001,13
2024,다다229709,to_in_007,8
2024,다다229709,to_in_008,5
2024,다다229710,to_in_001,28
2024,다다229710,to_in_007,18
2024,다다229710,to_in_008,13
2024,다다229711,to_in_001,13
2024,다다229711,to_in_007,8
2024,다다229711,to_in_008,5
2024,다다229724,to_in_001,5
2024,다다229724,to_in_007,5
2024,다다229724,to_in_008,0
2024,다다229725,to_in_001,8
2024,다다229725,to_in_007,8
2024,다다229725,to_in_008,0
2024,다다229727,to_in_001,13
2024,다다229727,to_in_007,8
2024,다다229727,to_in_008,8
2024,다다229932,to_in_001,5
2024,다다229932,to_in_007,0
2024,다다229932,to_in_008,5
2024,다다229933,to_in_001,5
2024,다다229933,to_in_007,5
2024,다다229933,to_in_008,5
2024,다다229934,to_in_001,0
2024,다다229934,to_in_007,0
2024,다다229934,to_in_008,0
2024,다다229951,to_in_001,5
2024,다다229951,to_in_007,5
2024,다다229951,to_in_008,5
2024,다다229952,to_in_001,8
2024,다다229952,to_in_007,5
2024,다다229952,to_in_008,5
2024,다다229969,to_in_001,5
2024,다다229969,to_in_007,5
2024,다다229969,to_in_008,0
2024,다다229983,to_in_001,13
2024,다다229983,to_in_007,8
2024,다다229983,to_in_008,8
2024,다다229984,to_in_001,13
2024,다다229984,to_in_007,5
2024,다다229984,to_in_008,8
2024,다다229999,to_in_001,0
2024,다다229999,to_in_007,0
2024,다다229999,to_in_008,0
2024,다다234052,to_in_001,5
2024,다다234052,to_in_007,0
2024,다다234052,to_in_008,0
2024,다다234053,to_in_001,0
2024,다다234053,to_in_007,0
2024,다다234053,to_in_008,0
2024,다다234054,to_in_001,13
2024,다다234054,to_in_007,8
2024,다다234054,to_in_008,8
2024,다다234055,to_in_001,33
2024,다다234055,to_in_007,13
2024,다다234055,to_in_008,18
2024,다다234056,to_in_001,5
2024,다다234056,to_in_007,0
2024,다다234056,to_in_008,5
2024,다다234057,to_in_001,23
2024,다다234057,to_in_007,8
2024,다다234057,to_in_008,13
2024,다다234058,to_in_001,18
2024,다다234058,to_in_007,8
2024,다다234058,to_in_008,8
2024,다다234059,to_in_001,5
2024,다다234059,to_in_007,0
2024,다다234059,to_in_008,5
2024,다다234728,to_in_001,5
2024,다다234728,to_in_007,0
2024,다다234728,to_in_008,5
2024,다다234729,to_in_001,13
2024,다다234729,to_in_007,8
2024,다다234729,to_in_008,5
2024,다다234730,to_in_001,8
2024,다다234730,to_in_007,5
2024,다다234730,to_in_008,8
2024,다다234731,to_in_001,5
2024,다다234731,to_in_007,5
2024,다다234731,to_in_008,5
2024,다다234937,to_in_001,0
2024,다다234937,to_in_007,0
2024,다다234937,to_in_008,0
2024,다다235002,to_in_001,8
2024,다다235002,to_in_007,0
2024,다다235002,to_in_008,8
2024,다다235005,to_in_001,13
2024,다다235005,to_in_007,8
2024,다다235005,to_in_008,8
2024,다다235006,to_in_001,8
2024,다다235006,to_in_007,5
2024,다다235006,to_in_008,5
2024,다다235010,to_in_001,5
2024,다다235010,to_in_007,0
2024,다다235010,to_in_008,5
2024,다다235012,to_in_001,8
2024,다다235012,to_in_007,0
2024,다다235012,to_in_008,8
2024,다다235013,to_in_001,5
2024,다다235013,to_in_007,5
2024,다다235013,to_in_008,0
2024,다다235021,to_in_001,8
2024,다다235021,to_in_007,5
2024,다다235021,to_in_008,5
2024,다다235026,to_in_001,13
2024,다다235026,to_in_007,8
2024,다다235026,to_in_008,8
2024,다다235027,to_in_001,13
2024,다다235027,to_in_007,8
2024,다다235027,to_in_008,8
2024,다다235028,to_in_001,13
2024,다다235028,to_in_007,8
2024,다다235028,to_in_008,5
2024,다다235040,to_in_001,0
2024,다다235040,to_in_007,0
2024,다다235040,to_in_008,0
2024,다다235049,to_in_001,8
2024,다다235049,to_in_007,5
2024,다다235049,to_in_008,5
2024,다다235050,to_in_001,28
2024,다다235050,to_in_007,18
2024,다다235050,to_in_008,13
2024,다다235052,to_in_001,13
2024,다다235052,to_in_007,8
2024,다다235052,to_in_008,8
2024,다다235053,to_in_001,8
2024,다다235053,to_in_007,5
2024,다다235053,to_in_008,8
2024,다다235054,to_in_001,23
2024,다다235054,to_in_007,13
2024,다다235054,to_in_008,13
2024,다다235055,to_in_001,28
2024,다다235055,to_in_007,13
2024,다다235055,to_in_008,13
2024,다다235056,to_in_001,57
2024,다다235056,to_in_007,36
2024,다다235056,to_in_008,24
2024,다다235057,to_in_001,5
2024,다다235057,to_in_007,0
2024,다다235057,to_in_008,0
2024,다다235728,to_in_001,8
2024,다다235728,to_in_007,8
2024,다다235728,to_in_008,5
2024,다다235729,to_in_001,13
2024,다다235729,to_in_007,8
2024,다다235729,to_in_008,8
2024,다다235773,to_in_001,0
2024,다다235773,to_in_007,0
2024,다다235773,to_in_008,0
2024,다다235992,to_in_001,5
2024,다다235992,to_in_007,5
2024,다다235992,to_in_008,5
2024,다다236000,to_in_001,18
2024,다다236000,to_in_007,8
2024,다다236000,to_in_008,8
2024,다다236002,to_in_001,5
2024,다다236002,to_in_007,0
2024,다다236002,to_in_008,5
2024,다다236005,to_in_001,13
2024,다다236005,to_in_007,5
2024,다다236005,to_in_008,8
2024,다다236006,to_in_001,5
2024,다다236006,to_in_007,0
2024,다다236006,to_in_008,5
2024,다다236009,to_in_001,14
2024,다다236009,to_in_007,14
2024,다다236009,to_in_008,0
2024,다다236010,to_in_001,5
2024,다다236010,to_in_007,5
2024,다다236010,to_in_008,5
2024,다다236025,to_in_001,5
2024,다다236025,to_in_007,0
2024,다다236025,to_in_008,5
2024,다다236028,to_in_001,8
2024,다다236028,to_in_007,5
2024,다다236028,to_in_008,5
2024,다다236040,to_in_001,5
2024,다다236040,to_in_007,5
2024,다다236040,to_in_008,0
2024,다다242065,to_in_001,8
2024,다다242065,to_in_007,5
2024,다다242065,to_in_008,5
2024,다다242066,to_in_001,8
2024,다다242066,to_in_007,5
2024,다다242066,to_in_008,5
2024,다다242724,to_in_001,0
2024,다다242724,to_in_007,0
2024,다다242724,to_in_008,0
2024,다다242995,to_in_001,5
2024,다다242995,to_in_007,5
2024,다다242995,to_in_008,0
2024,다다242996,to_in_001,5
2024,다다242996,to_in_007,5
2024,다다228007,to_in_001,13
2024,다다228007,to_in_007,8
2024,다다228007,to_in_008,5
2024,다다228008,to_in_001,8
2024,다다228008,to_in_007,5
2024,다다228008,to_in_008,5
2024,다다228009,to_in_001,8
2024,다다228009,to_in_007,5
2024,다다228009,to_in_008,8
2024,다다228019,to_in_001,0
2024,다다228019,to_in_007,0
2024,다다228019,to_in_008,0
2024,다다228024,to_in_001,8
2024,다다228024,to_in_007,5
2024,다다228024,to_in_008,8
2024,다다228027,to_in_001,5
2024,다다228027,to_in_007,0
2024,다다228027,to_in_008,0
2024,다다228028,to_in_001,5
2024,다다228028,to_in_007,5
2024,다다228028,to_in_008,0
2024,다다228029,to_in_001,8
2024,다다228029,to_in_007,5
2024,다다228029,to_in_008,5
2024,다다228030,to_in_001,0
2024,다다228030,to_in_007,0
2024,다다228030,to_in_008,0
2024,다다228043,to_in_001,8
2024,다다228043,to_in_007,5
2024,다다228043,to_in_008,5
2024,다다228044,to_in_001,0
2024,다다228044,to_in_007,0
2024,다다228044,to_in_008,0
2024,다다228045,to_in_001,8
2024,다다228045,to_in_007,5
2024,다다228045,to_in_008,5
2024,다다228046,to_in_001,8
2024,다다228046,to_in_007,8
2024,다다228046,to_in_008,5
2024,다다228049,to_in_001,5
2024,다다228049,to_in_007,0
2024,다다228049,to_in_008,0
2024,다다228052,to_in_001,23
2024,다다228052,to_in_007,8
2024,다다228052,to_in_008,13
2024,다다228053,to_in_001,33
2024,다다228053,to_in_007,18
2024,다다228053,to_in_008,18
2024,다다228054,to_in_001,33
2024,다다228054,to_in_007,18
2024,다다228054,to_in_008,18
2024,다다228055,to_in_001,86
2024,다다228055,to_in_007,42
2024,다다228055,to_in_008,42
2024,다다228056,to_in_001,48
2024,다다228056,to_in_007,28
2024,다다228056,to_in_008,23
2024,다다228057,to_in_001,38
2024,다다228057,to_in_007,18
2024,다다228057,to_in_008,18
2024,다다228059,to_in_001,13
2024,다다228059,to_in_007,5
2024,다다228059,to_in_008,8
2024,다다228709,to_in_001,13
2024,다다228709,to_in_007,8
2024,다다228709,to_in_008,5
2024,다다228710,to_in_001,13
2024,다다228710,to_in_007,8
2024,다다228710,to_in_008,8
2024,다다228711,to_in_001,8
2024,다다228711,to_in_007,5
2024,다다228711,to_in_008,8
2024,다다228722,to_in_001,5
2024,다다228722,to_in_007,5
2024,다다228722,to_in_008,5
2024,다다228723,to_in_001,8
2024,다다228723,to_in_007,5
2024,다다228723,to_in_008,5
2024,다다228725,to_in_001,5
2024,다다228725,to_in_007,0
2024,다다228725,to_in_008,0
2024,다다228933,to_in_001,13
2024,다다228933,to_in_007,8
2024,다다228933,to_in_008,8
2024,다다228949,to_in_001,0
2024,다다228949,to_in_007,0
2024,다다228949,to_in_008,0
2024,다다228951,to_in_001,0
2024,다다228951,to_in_007,0
2024,다다228951,to_in_008,0
2024,다다228969,to_in_001,8
2024,다다228969,to_in_007,5
2024,다다228969,to_in_008,5
2024,다다228982,to_in_001,0
2024,다다228982,to_in_007,0
2024,다다228982,to_in_008,0
2024,다다228983,to_in_001,5
2024,다다228983,to_in_007,5
2024,다다228983,to_in_008,5
2024,다다228984,to_in_001,5
2024,다다228984,to_in_007,0
2024,다다228984,to_in_008,0
2024,다다228999,to_in_001,5
2024,다다228999,to_in_007,5
2024,다다228999,to_in_008,0
2024,다다229000,to_in_001,5
2024,다다229000,to_in_007,5
2024,다다229000,to_in_008,0
2024,다다229001,to_in_001,23
2024,다다229001,to_in_007,8
2024,다다229001,to_in_008,13
2024,다다232731,to_in_001,5
2024,다다232731,to_in_007,0
2024,다다232731,to_in_008,0
2024,다다232776,to_in_001,33
2024,다다232776,to_in_007,23
2024,다다232776,to_in_008,8
2024,다다232777,to_in_001,36
2024,다다232777,to_in_007,21
2024,다다232777,to_in_008,13
2024,다다233006,to_in_001,0
2024,다다233006,to_in_007,0
2024,다다233006,to_in_008,0
2024,다다233007,to_in_001,13
2024,다다233007,to_in_007,8
2024,다다233007,to_in_008,8
2024,다다233008,to_in_001,8
2024,다다233008,to_in_007,5
2024,다다233008,to_in_008,5
2024,다다233017,to_in_001,5
2024,다다233017,to_in_007,5
2024,다다233017,to_in_008,5
2024,다다233022,to_in_001,5
2024,다다233022,to_in_007,0
2024,다다233022,to_in_008,5
2024,다다233023,to_in_001,5
2024,다다233023,to_in_007,5
2024,다다233023,to_in_008,5
2024,다다233024,to_in_001,13
2024,다다233024,to_in_007,13
2024,다다233024,to_in_008,0
2024,다다233025,to_in_001,5
2024,다다233025,to_in_007,5
2024,다다233025,to_in_008,5
2024,다다233029,to_in_001,5
2024,다다233029,to_in_007,5
2024,다다233029,to_in_008,5
2024,다다233030,to_in_001,5
2024,다다233030,to_in_007,0
2024,다다233030,to_in_008,0
2024,다다233048,to_in_001,128
2024,다다233048,to_in_007,61
2024,다다233048,to_in_008,70
2024,다다233049,to_in_001,151
2024,다다233049,to_in_007,80
2024,다다233049,to_in_008,74
2024,다다233050,to_in_001,53
2024,다다233050,to_in_007,28
2024,다다233050,to_in_008,23
2024,다다233051,to_in_001,33
2024,다다233051,to_in_007,13
2024,다다233051,to_in_008,18
2024,다다233052,to_in_001,18
2024,다다233052,to_in_007,13
2024,다다233052,to_in_008,8
2024,다다233053,to_in_001,13
2024,다다233053,to_in_007,8
2024,다다233053,to_in_008,5
2024,다다233054,to_in_001,59
2024,다다233054,to_in_007,28
2024,다다233054,to_in_008,29
2024,다다233055,to_in_001,33
2024,다다233055,to_in_007,18
2024,다다233055,to_in_008,13
2024,다다233056,to_in_001,33
2024,다다233056,to_in_007,13
2024,다다233056,to_in_008,18
2024,다다233057,to_in_001,43
2024,다다233057,to_in_007,23
2024,다다233057,to_in_008,18
2024,다다233058,to_in_001,38
2024,다다233058,to_in_007,28
2024,다다233058,to_in_008,8
2024,다다233059,to_in_001,28
2024,다다233059,to_in_007,18
2024,다다233059,to_in_008,13
2024,다다233060,to_in_001,38
2024,다다233060,to_in_007,18
2024,다다233060,to_in_008,23
2024,다다233728,to_in_001,8
2024,다다233728,to_in_007,8
2024,다다233728,to_in_008,8
2024,다다233729,to_in_001,8
2024,다다233729,to_in_007,8
2024,다다233729,to_in_008,5
2024,다다233730,to_in_001,13
2024,다다233730,to_in_007,8
2024,다다233730,to_in_008,8
2024,다다233731,to_in_001,13
2024,다다233731,to_in_007,8
2024,다다233731,to_in_008,5
2024,다다233732,to_in_001,5
2024,다다233732,to_in_007,5
2024,다다233732,to_in_008,0
2024,다다233776,to_in_001,8
2024,다다233776,to_in_007,5
2024,다다233776,to_in_008,5
2024,다다233777,to_in_001,8
2024,다다233777,to_in_007,8
2024,다다233777,to_in_008,5
2024,다다233989,to_in_001,5
2024,다다233989,to_in_007,0
2024,다다233989,to_in_008,0
2024,다다234001,to_in_001,8
2024,다다234001,to_in_007,5
2024,다다234001,to_in_008,5
2024,다다234003,to_in_001,5
2024,다다234003,to_in_007,0
2024,다다234003,to_in_008,0
2024,다다234005,to_in_001,18
2024,다다234005,to_in_007,8
2024,다다234005,to_in_008,13
2024,다다234006,to_in_001,8
2024,다다234006,to_in_007,5
2024,다다234006,to_in_008,5
2024,다다234007,to_in_001,5
2024,다다234007,to_in_007,0
2024,다다234007,to_in_008,5
2024,다다234010,to_in_001,5
2024,다다234010,to_in_007,5
2024,다다234010,to_in_008,0
2024,다다234025,to_in_001,8
2024,다다234025,to_in_007,8
2024,다다234025,to_in_008,5
2024,다다234026,to_in_001,38
2024,다다234026,to_in_007,18
2024,다다234026,to_in_008,18
2024,다다234027,to_in_001,18
2024,다다234027,to_in_007,8
2024,다다234027,to_in_008,8
2024,다다234042,to_in_001,0
2024,다다234042,to_in_007,0
2024,다다234042,to_in_008,0
2024,다다234049,to_in_001,74
2024,다다234049,to_in_007,39
2024,다다234049,to_in_008,38
2024,다다234050,to_in_001,43
2024,다다234050,to_in_007,18
2024,다다234050,to_in_008,23
2024,다다234051,to_in_001,13
2024,다다234051,to_in_007,8
2024,다다234051,to_in_008,8
2024,다다239027,to_in_001,8
2024,다다239027,to_in_007,5
2024,다다239027,to_in_008,8
2024,다다239045,to_in_001,8
2024,다다239045,to_in_007,8
2024,다다239045,to_in_008,0
2024,다다239051,to_in_001,38
2024,다다239051,to_in_007,18
2024,다다239051,to_in_008,18
2024,다다239052,to_in_001,48
2024,다다239052,to_in_007,23
2024,다다239052,to_in_008,23
2024,다다239055,to_in_001,13
2024,다다239055,to_in_007,13
2024,다다239055,to_in_008,0
2024,다다239991,to_in_001,5
2024,다다239991,to_in_007,0
2024,다다239991,to_in_008,0
2024,다다239992,to_in_001,0
2024,다다239992,to_in_007,0
2024,다다239992,to_in_008,0
2024,다다239993,to_in_001,0
2024,다다239993,to_in_007,0
2024,다다239993,to_in_008,0
2024,다다239994,to_in_001,5
2024,다다239994,to_in_007,0
2024,다다239994,to_in_008,0
2024,다다239996,to_in_001,5
2024,다다239996,to_in_007,0
2024,다다239996,to_in_008,0
2024,다다239997,to_in_001,5
2024,다다239997,to_in_007,0
2024,다다239997,to_in_008,5
2024,다다240000,to_in_001,18
2024,다다240000,to_in_007,8
2024,다다240000,to_in_008,8
2024,다다240001,to_in_001,18
2024,다다240001,to_in_007,8
2024,다다240001,to_in_008,8
2024,다다240002,to_in_001,8
2024,다다240002,to_in_007,5
2024,다다236924,to_in_008,0
2024,다다236926,to_in_001,0
2024,다다236926,to_in_007,0
2024,다다236926,to_in_008,0
2024,다다236928,to_in_001,5
2024,다다236928,to_in_007,0
2024,다다236928,to_in_008,5
2024,다다236953,to_in_001,5
2024,다다236953,to_in_007,0
2024,다다236953,to_in_008,0
2024,다다237002,to_in_001,5
2024,다다237002,to_in_007,5
2024,다다237002,to_in_008,5
2024,다다237003,to_in_001,8
2024,다다237003,to_in_007,5
2024,다다237003,to_in_008,5
2024,다다237007,to_in_001,13
2024,다다237007,to_in_007,8
2024,다다237007,to_in_008,5
2024,다다237008,to_in_001,5
2024,다다237008,to_in_007,5
2024,다다237008,to_in_008,0
2024,다다237009,to_in_001,5
2024,다다237009,to_in_007,5
2024,다다237009,to_in_008,0
2024,다다237030,to_in_001,35
2024,다다237030,to_in_007,21
2024,다다237030,to_in_008,17
2024,다다237037,to_in_001,0
2024,다다237037,to_in_007,0
2024,다다237037,to_in_008,0
2024,다다237039,to_in_001,13
2024,다다237039,to_in_007,8
2024,다다237039,to_in_008,8
2024,다다237052,to_in_001,28
2024,다다237052,to_in_007,13
2024,다다237052,to_in_008,13
2024,다다237053,to_in_001,83
2024,다다237053,to_in_007,38
2024,다다237053,to_in_008,43
2024,다다237055,to_in_001,13
2024,다다237055,to_in_007,5
2024,다다237055,to_in_008,8
2024,다다237057,to_in_001,52
2024,다다237057,to_in_007,30
2024,다다237057,to_in_008,25
2024,다다237729,to_in_001,5
2024,다다237729,to_in_007,0
2024,다다237729,to_in_008,0
2024,다다237927,to_in_001,8
2024,다다237927,to_in_007,5
2024,다다237927,to_in_008,5
2024,다다237928,to_in_001,8
2024,다다237928,to_in_007,8
2024,다다237928,to_in_008,8
2024,다다237950,to_in_001,5
2024,다다237950,to_in_007,0
2024,다다237950,to_in_008,0
2024,다다238001,to_in_001,0
2024,다다238001,to_in_007,0
2024,다다238001,to_in_008,0
2024,다다238002,to_in_001,8
2024,다다238002,to_in_007,5
2024,다다238002,to_in_008,5
2024,다다238003,to_in_001,8
2024,다다238003,to_in_007,8
2024,다다238003,to_in_008,8
2024,다다238005,to_in_001,5
2024,다다238005,to_in_007,5
2024,다다238005,to_in_008,0
2024,다다238020,to_in_001,0
2024,다다238020,to_in_007,0
2024,다다238020,to_in_008,0
2024,다다238026,to_in_001,18
2024,다다238026,to_in_007,8
2024,다다238026,to_in_008,13
2024,다다238027,to_in_001,18
2024,다다238027,to_in_007,8
2024,다다238027,to_in_008,13
2024,다다238044,to_in_001,0
2024,다다238044,to_in_007,0
2024,다다238044,to_in_008,0
2024,다다238051,to_in_001,5
2024,다다238051,to_in_007,0
2024,다다238051,to_in_008,0
2024,다다238052,to_in_001,0
2024,다다238052,to_in_007,0
2024,다다238052,to_in_008,0
2024,다다238053,to_in_001,8
2024,다다238053,to_in_007,5
2024,다다238053,to_in_008,8
2024,다다238057,to_in_001,5
2024,다다238057,to_in_007,0
2024,다다238057,to_in_008,0
2024,다다238729,to_in_001,5
2024,다다238729,to_in_007,5
2024,다다238729,to_in_008,0
2024,다다238994,to_in_001,0
2024,다다238994,to_in_007,0
2024,다다238994,to_in_008,0
2024,다다239000,to_in_001,33
2024,다다239000,to_in_007,13
2024,다다239000,to_in_008,18
2024,다다239001,to_in_001,18
2024,다다239001,to_in_007,5
2024,다다239001,to_in_008,13
2024,다다239002,to_in_001,8
2024,다다239002,to_in_007,5
2024,다다239002,to_in_008,8
2024,다다239003,to_in_001,8
2024,다다239003,to_in_007,8
2024,다다239003,to_in_008,8
2024,다다239004,to_in_001,8
2024,다다239004,to_in_007,5
2024,다다239004,to_in_008,8
2024,다다239009,to_in_001,5
2024,다다239009,to_in_007,0
2024,다다239009,to_in_008,5
2024,다다239010,to_in_001,8
2024,다다239010,to_in_007,8
2024,다다239010,to_in_008,0
2024,다다239019,to_in_001,0
2024,다다239019,to_in_007,0
2024,다다239019,to_in_008,0
2024,다다256063,to_in_001,53
2024,다다256063,to_in_007,23
2024,다다256063,to_in_008,28
2024,다다256064,to_in_001,38
2024,다다256064,to_in_007,18
2024,다다256064,to_in_008,18
2024,다다256065,to_in_001,18
2024,다다256065,to_in_007,8
2024,다다256065,to_in_008,8
2024,다다256066,to_in_001,23
2024,다다256066,to_in_007,8
2024,다다256066,to_in_008,13
2024,다다256067,to_in_001,18
2024,다다256067,to_in_007,8
2024,다다256067,to_in_008,13
2024,다다256070,to_in_001,8
2024,다다256070,to_in_007,8
2024,다다256070,to_in_008,5
2024,다다256927,to_in_001,0
2024,다다256927,to_in_007,0
2024,다다256927,to_in_008,0
2024,다다257003,to_in_001,5
2024,다다257003,to_in_007,5
2024,다다257003,to_in_008,0
2024,다다257019,to_in_001,5
2024,다다257019,to_in_007,0
2024,다다257019,to_in_008,0
2024,다다257027,to_in_001,5
2024,다다257027,to_in_007,5
2024,다다257027,to_in_008,0
2024,다다257054,to_in_001,8
2024,다다257054,to_in_007,5
2024,다다257054,to_in_008,5
2024,다다257055,to_in_001,5
2024,다다257055,to_in_007,5
2024,다다257055,to_in_008,5
2024,다다257058,to_in_001,5
2024,다다257058,to_in_007,5
2024,다다257058,to_in_008,0
2024,다다257063,to_in_001,13
2024,다다257063,to_in_007,8
2024,다다257063,to_in_008,8
2024,다다257067,to_in_001,5
2024,다다257067,to_in_007,0
2024,다다257067,to_in_008,5
2024,다다257992,to_in_001,5
2024,다다257992,to_in_007,0
2024,다다257992,to_in_008,5
2024,다다258002,to_in_001,8
2024,다다258002,to_in_007,8
2024,다다258002,to_in_008,5
2024,다다258023,to_in_001,0
2024,다다258023,to_in_007,0
2024,다다258023,to_in_008,0
2024,다다258026,to_in_001,18
2024,다다258026,to_in_007,8
2024,다다258026,to_in_008,13
2024,다다258028,to_in_001,5
2024,다다258028,to_in_007,5
2024,다다258028,to_in_008,0
2024,다다258053,to_in_001,18
2024,다다258053,to_in_007,8
2024,다다258053,to_in_008,8
2024,다다258055,to_in_001,5
2024,다다258055,to_in_007,5
2024,다다258055,to_in_008,0
2024,다다258056,to_in_001,5
2024,다다258056,to_in_007,5
2024,다다258056,to_in_008,0
2024,다다258058,to_in_001,5
2024,다다258058,to_in_007,5
2024,다다258058,to_in_008,0
2024,다다258061,to_in_001,77
2024,다다258061,to_in_007,46
2024,다다258061,to_in_008,34
2024,다다258068,to_in_001,48
2024,다다258068,to_in_007,23
2024,다다258068,to_in_008,23
2024,다다258069,to_in_001,8
2024,다다258069,to_in_007,8
2024,다다258069,to_in_008,0
2024,다다258927,to_in_001,0
2024,다다258927,to_in_007,0
2024,다다258927,to_in_008,0
2024,다다258994,to_in_001,0
2024,다다258994,to_in_007,0
2024,다다258994,to_in_008,0
2024,다다258995,to_in_001,5
2024,다다258995,to_in_007,0
2024,다다258995,to_in_008,0
2024,다다259001,to_in_001,5
2024,다다259001,to_in_007,5
2024,다다259001,to_in_008,0
2024,다다259003,to_in_001,5
2024,다다259003,to_in_007,5
2024,다다259003,to_in_008,0
2024,다다259015,to_in_001,5
2024,다다259015,to_in_007,5
2024,다다259015,to_in_008,0
2024,다다259023,to_in_001,5
2024,다다259023,to_in_007,0
2024,다다259023,to_in_008,0
2024,다다261997,to_in_001,5
2024,다다261997,to_in_007,5
2024,다다261997,to_in_008,0
2024,다다261998,to_in_001,5
2024,다다261998,to_in_007,5
2024,다다261998,to_in_008,0
2024,다다262022,to_in_001,8
2024,다다262022,to_in_007,8
2024,다다262022,to_in_008,5
2024,다다262023,to_in_001,8
2024,다다262023,to_in_007,5
2024,다다262023,to_in_008,5
2024,다다262024,to_in_001,38
2024,다다262024,to_in_007,23
2024,다다262024,to_in_008,18
2024,다다262025,to_in_001,33
2024,다다262025,to_in_007,18
2024,다다262025,to_in_008,13
2024,다다262026,to_in_001,38
2024,다다262026,to_in_007,18
2024,다다262026,to_in_008,18
2024,다다262027,to_in_001,8
2024,다다262027,to_in_007,5
2024,다다262027,to_in_008,8
2024,다다262028,to_in_001,8
2024,다다262028,to_in_007,5
2024,다다262028,to_in_008,5
2024,다다262029,to_in_001,5
2024,다다262029,to_in_007,0
2024,다다262029,to_in_008,5
2024,다다262069,to_in_001,5
2024,다다262069,to_in_007,0
2024,다다262069,to_in_008,5
2024,다다262900,to_in_001,8
2024,다다262900,to_in_007,5
2024,다다262900,to_in_008,5
2024,다다262901,to_in_001,8
2024,다다262901,to_in_007,5
2024,다다262901,to_in_008,5
2024,다다262902,to_in_001,28
2024,다다262902,to_in_007,13
2024,다다262902,to_in_008,13
2024,다다262920,to_in_001,5
2024,다다262920,to_in_007,0
2024,다다262920,to_in_008,0
2024,다다262921,to_in_001,5
2024,다다262921,to_in_007,0
2024,다다262921,to_in_008,5
2024,다다262922,to_in_001,8
2024,다다262922,to_in_007,5
2024,다다262922,to_in_008,8
2024,다다262923,to_in_001,8
2024,다다262923,to_in_007,5
2024,다다262923,to_in_008,8
2024,다다262924,to_in_001,18
2024,다다262924,to_in_007,13
2024,다다262924,to_in_008,8
2024,다다262925,to_in_001,13
2024,다다262925,to_in_007,5
2024,다다262925,to_in_008,8
2024,다다262926,to_in_001,8
2024,다다262926,to_in_007,5
2024,다다262926,to_in_008,5
2024,다다262927,to_in_001,5
2024,다다262927,to_in_007,0
2024,다다262927,to_in_008,0
2024,다다262997,to_in_001,0
2024,다다262997,to_in_007,0
2024,다다262997,to_in_008,0
2024,다다263022,to_in_001,13
2024,다다263022,to_in_007,8
2024,다다263022,to_in_008,8
2024,다다263023,to_in_001,5
2024,다다263023,to_in_007,0
2024,다다263023,to_in_008,0
2024,다다263024,to_in_001,8
2024,다다263024,to_in_007,5
2024,다다263024,to_in_008,5
2024,다다263025,to_in_001,5
2024,다다263025,to_in_007,5
2024,다다263025,to_in_008,5
2024,다다263026,to_in_001,5
2024,다다263026,to_in_007,5
2024,다다263026,to_in_008,5
2024,다다263027,to_in_001,5
2024,다다263027,to_in_007,5
2024,다다263027,to_in_008,0
2024,다다263028,to_in_001,5
2024,다다263028,to_in_007,0
2024,다다263028,to_in_008,5
2024,다다263029,to_in_001,0
2024,다다263029,to_in_007,0
2024,다다263029,to_in_008,0
2024,다다263063,to_in_001,5
2024,다다263063,to_in_007,0
2024,다다263063,to_in_008,0
2024,다다263064,to_in_001,45
2024,다다263064,to_in_007,25
2024,다다263064,to_in_008,18
2024,다다263065,to_in_001,96
2024,다다263065,to_in_007,53
2024,다다263065,to_in_008,41
2024,다다267925,to_in_001,18
2024,다다242996,to_in_008,0
2024,다다243002,to_in_001,0
2024,다다243002,to_in_007,0
2024,다다243002,to_in_008,0
2024,다다243003,to_in_001,8
2024,다다243003,to_in_007,5
2024,다다243003,to_in_008,5
2024,다다243056,to_in_001,5
2024,다다243056,to_in_007,0
2024,다다243056,to_in_008,0
2024,다다243058,to_in_001,5
2024,다다243058,to_in_007,5
2024,다다243058,to_in_008,0
2024,다다243062,to_in_001,5
2024,다다243062,to_in_007,0
2024,다다243062,to_in_008,5
2024,다다243065,to_in_001,48
2024,다다243065,to_in_007,23
2024,다다243065,to_in_008,23
2024,다다243066,to_in_001,13
2024,다다243066,to_in_007,8
2024,다다243066,to_in_008,5
2024,다다243929,to_in_001,5
2024,다다243929,to_in_007,5
2024,다다243929,to_in_008,5
2024,다다243995,to_in_001,5
2024,다다243995,to_in_007,5
2024,다다243995,to_in_008,5
2024,다다243996,to_in_001,5
2024,다다243996,to_in_007,5
2024,다다243996,to_in_008,5
2024,다다244003,to_in_001,8
2024,다다244003,to_in_007,5
2024,다다244003,to_in_008,5
2024,다다244004,to_in_001,8
2024,다다244004,to_in_007,5
2024,다다244004,to_in_008,5
2024,다다244005,to_in_001,5
2024,다다244005,to_in_007,5
2024,다다244005,to_in_008,5
2024,다다244006,to_in_001,0
2024,다다244006,to_in_007,0
2024,다다244006,to_in_008,0
2024,다다244007,to_in_001,5
2024,다다244007,to_in_007,5
2024,다다244007,to_in_008,0
2024,다다244012,to_in_001,0
2024,다다244012,to_in_007,0
2024,다다244012,to_in_008,0
2024,다다244042,to_in_001,18
2024,다다244042,to_in_007,8
2024,다다244042,to_in_008,8
2024,다다244062,to_in_001,5
2024,다다244062,to_in_007,0
2024,다다244062,to_in_008,0
2024,다다244065,to_in_001,33
2024,다다244065,to_in_007,18
2024,다다244065,to_in_008,13
2024,다다244905,to_in_001,0
2024,다다244905,to_in_007,0
2024,다다244905,to_in_008,0
2024,다다244928,to_in_001,0
2024,다다244928,to_in_007,0
2024,다다244928,to_in_008,0
2024,다다244994,to_in_001,0
2024,다다244994,to_in_007,0
2024,다다244994,to_in_008,0
2024,다다244995,to_in_001,0
2024,다다244995,to_in_007,0
2024,다다244995,to_in_008,0
2024,다다244996,to_in_001,5
2024,다다244996,to_in_007,0
2024,다다244996,to_in_008,5
2024,다다245007,to_in_001,5
2024,다다245007,to_in_007,5
2024,다다245007,to_in_008,0
2024,다다245035,to_in_001,0
2024,다다245035,to_in_007,0
2024,다다245035,to_in_008,0
2024,다다245037,to_in_001,5
2024,다다245037,to_in_007,5
2024,다다245037,to_in_008,0
2024,다다245041,to_in_001,0
2024,다다245041,to_in_007,0
2024,다다245041,to_in_008,0
2024,다다245042,to_in_001,0
2024,다다245042,to_in_007,0
2024,다다245042,to_in_008,0
2024,다다245050,to_in_001,5
2024,다다245050,to_in_007,5
2024,다다245050,to_in_008,0
2024,다다245062,to_in_001,8
2024,다다245062,to_in_007,5
2024,다다245062,to_in_008,5
2024,다다245065,to_in_001,0
2024,다다245065,to_in_007,0
2024,다다245065,to_in_008,0
2024,다다245904,to_in_001,5
2024,다다245904,to_in_007,0
2024,다다245904,to_in_008,0
2024,다다245928,to_in_001,8
2024,다다245928,to_in_007,8
2024,다다245928,to_in_008,5
2024,다다245929,to_in_001,5
2024,다다245929,to_in_007,0
2024,다다245929,to_in_008,5
2024,다다245993,to_in_001,5
2024,다다245993,to_in_007,0
2024,다다245993,to_in_008,5
2024,다다245994,to_in_001,0
2024,다다245994,to_in_007,0
2024,다다245994,to_in_008,0
2024,다다246002,to_in_001,5
2024,다다246002,to_in_007,5
2024,다다246002,to_in_008,5
2024,다다246017,to_in_001,5
2024,다다246017,to_in_007,5
2024,다다246017,to_in_008,0
2024,다다246018,to_in_001,5
2024,다다246018,to_in_007,5
2024,다다246018,to_in_008,5
2024,다다246019,to_in_001,0
2024,다다246019,to_in_007,0
2024,다다246019,to_in_008,0
2024,다다246041,to_in_001,5
2024,다다246041,to_in_007,0
2024,다다246041,to_in_008,5
2024,다다246055,to_in_001,8
2024,다다246055,to_in_007,8
2024,다다246055,to_in_008,5
2024,다다246056,to_in_001,8
2024,다다246056,to_in_007,8
2024,다다246056,to_in_008,5
2024,다다246058,to_in_001,5
2024,다다246058,to_in_007,5
2024,다다246058,to_in_008,5
2024,다다252027,to_in_001,5
2024,다다252027,to_in_007,5
2024,다다252027,to_in_008,0
2024,다다252028,to_in_001,5
2024,다다252028,to_in_007,5
2024,다다252028,to_in_008,0
2024,다다252046,to_in_001,5
2024,다다252046,to_in_007,5
2024,다다252046,to_in_008,0
2024,다다252063,to_in_001,8
2024,다다252063,to_in_007,8
2024,다다252063,to_in_008,0
2024,다다252064,to_in_001,8
2024,다다252064,to_in_007,0
2024,다다252064,to_in_008,5
2024,다다252065,to_in_001,18
2024,다다252065,to_in_007,8
2024,다다252065,to_in_008,8
2024,다다252066,to_in_001,48
2024,다다252066,to_in_007,28
2024,다다252066,to_in_008,23
2024,다다252067,to_in_001,48
2024,다다252067,to_in_007,23
2024,다다252067,to_in_008,23
2024,다다252928,to_in_001,5
2024,다다252928,to_in_007,5
2024,다다252928,to_in_008,0
2024,다다252930,to_in_001,5
2024,다다252930,to_in_007,5
2024,다다252930,to_in_008,5
2024,다다252998,to_in_001,5
2024,다다252998,to_in_007,5
2024,다다252998,to_in_008,0
2024,다다253003,to_in_001,8
2024,다다253003,to_in_007,5
2024,다다253003,to_in_008,5
2024,다다253016,to_in_001,0
2024,다다253016,to_in_007,0
2024,다다253016,to_in_008,0
2024,다다253017,to_in_001,5
2024,다다253017,to_in_007,5
2024,다다253017,to_in_008,5
2024,다다253020,to_in_001,5
2024,다다253020,to_in_007,5
2024,다다253020,to_in_008,0
2024,다다253024,to_in_001,5
2024,다다253024,to_in_007,0
2024,다다253024,to_in_008,0
2024,다다253025,to_in_001,13
2024,다다253025,to_in_007,8
2024,다다253025,to_in_008,8
2024,다다253027,to_in_001,13
2024,다다253027,to_in_007,8
2024,다다253027,to_in_008,8
2024,다다253028,to_in_001,5
2024,다다253028,to_in_007,5
2024,다다253028,to_in_008,5
2024,다다253029,to_in_001,0
2024,다다253029,to_in_007,0
2024,다다253029,to_in_008,0
2024,다다253063,to_in_001,8
2024,다다253063,to_in_007,8
2024,다다253063,to_in_008,5
2024,다다253064,to_in_001,8
2024,다다253064,to_in_007,5
2024,다다253064,to_in_008,5
2024,다다253065,to_in_001,13
2024,다다253065,to_in_007,8
2024,다다253065,to_in_008,8
2024,다다253066,to_in_001,53
2024,다다253066,to_in_007,28
2024,다다253066,to_in_008,28
2024,다다253067,to_in_001,28
2024,다다253067,to_in_007,13
2024,다다253067,to_in_008,13
2024,다다253068,to_in_001,28
2024,다다253068,to_in_007,18
2024,다다253068,to_in_008,8
2024,다다253928,to_in_001,8
2024,다다253928,to_in_007,5
2024,다다253928,to_in_008,5
2024,다다254022,to_in_001,5
2024,다다254022,to_in_007,5
2024,다다254022,to_in_008,5
2024,다다254026,to_in_001,5
2024,다다254026,to_in_007,5
2024,다다254026,to_in_008,0
2024,다다254027,to_in_001,5
2024,다다254027,to_in_007,0
2024,다다254027,to_in_008,0
2024,다다254031,to_in_001,5
2024,다다254031,to_in_007,5
2024,다다254031,to_in_008,0
2024,다다254065,to_in_001,23
2024,다다254065,to_in_007,13
2024,다다254065,to_in_008,8
2024,다다254066,to_in_001,8
2024,다다254066,to_in_007,8
2024,다다254066,to_in_008,0
2024,다다254067,to_in_001,5
2024,다다254067,to_in_007,0
2024,다다254067,to_in_008,5
2024,다다254068,to_in_001,8
2024,다다254068,to_in_007,5
2024,다다254068,to_in_008,5
2024,다다265067,to_in_001,5
2024,다다265067,to_in_007,5
2024,다다265067,to_in_008,0
2024,다다265068,to_in_001,5
2024,다다265068,to_in_007,0
2024,다다265068,to_in_008,5
2024,다다265900,to_in_001,8
2024,다다265900,to_in_007,8
2024,다다265900,to_in_008,5
2024,다다265919,to_in_001,5
2024,다다265919,to_in_007,5
2024,다다265919,to_in_008,5
2024,다다265922,to_in_001,5
2024,다다265922,to_in_007,5
2024,다다265922,to_in_008,0
2024,다다265923,to_in_001,5
2024,다다265923,to_in_007,5
2024,다다265923,to_in_008,0
2024,다다265925,to_in_001,8
2024,다다265925,to_in_007,8
2024,다다265925,to_in_008,5
2024,다다265927,to_in_001,13
2024,다다265927,to_in_007,5
2024,다다265927,to_in_008,8
2024,다다265928,to_in_001,8
2024,다다265928,to_in_007,5
2024,다다265928,to_in_008,5
2024,다다265929,to_in_001,8
2024,다다265929,to_in_007,8
2024,다다265929,to_in_008,5
2024,다다265932,to_in_001,5
2024,다다265932,to_in_007,0
2024,다다265932,to_in_008,0
2024,다다265933,to_in_001,5
2024,다다265933,to_in_007,0
2024,다다265933,to_in_008,5
2024,다다265934,to_in_001,5
2024,다다265934,to_in_007,0
2024,다다265934,to_in_008,5
2024,다다266022,to_in_001,8
2024,다다266022,to_in_007,0
2024,다다266022,to_in_008,8
2024,다다266026,to_in_001,5
2024,다다266026,to_in_007,5
2024,다다266026,to_in_008,0
2024,다다266063,to_in_001,8
2024,다다266063,to_in_007,5
2024,다다266063,to_in_008,5
2024,다다266065,to_in_001,8
2024,다다266065,to_in_007,8
2024,다다266065,to_in_008,0
2024,다다266066,to_in_001,18
2024,다다232051,to_in_007,5
2024,다다232051,to_in_008,5
2024,다다232052,to_in_001,13
2024,다다232052,to_in_007,8
2024,다다232052,to_in_008,5
2024,다다232054,to_in_001,5
2024,다다232054,to_in_007,5
2024,다다232054,to_in_008,5
2024,다다232055,to_in_001,8
2024,다다232055,to_in_007,8
2024,다다232055,to_in_008,8
2024,다다232056,to_in_001,48
2024,다다232056,to_in_007,23
2024,다다232056,to_in_008,23
2024,다다232057,to_in_001,8
2024,다다232057,to_in_007,5
2024,다다232057,to_in_008,5
2024,다다232058,to_in_001,58
2024,다다232058,to_in_007,28
2024,다다232058,to_in_008,28
2024,다다232059,to_in_001,89
2024,다다232059,to_in_007,48
2024,다다232059,to_in_008,39
2024,다다232060,to_in_001,49
2024,다다232060,to_in_007,29
2024,다다232060,to_in_008,18
2024,다다232726,to_in_001,5
2024,다다232726,to_in_007,5
2024,다다232726,to_in_008,5
2024,다다232727,to_in_001,13
2024,다다232727,to_in_007,8
2024,다다232727,to_in_008,8
2024,다다232728,to_in_001,28
2024,다다232728,to_in_007,18
2024,다다232728,to_in_008,13
2024,다다232729,to_in_001,33
2024,다다232729,to_in_007,18
2024,다다232729,to_in_008,13
2024,다다232730,to_in_001,28
2024,다다232730,to_in_007,13
2024,다다232730,to_in_008,13
2024,다다248924,to_in_001,5
2024,다다248924,to_in_007,0
2024,다다248924,to_in_008,0
2024,다다248926,to_in_001,28
2024,다다248926,to_in_007,13
2024,다다248926,to_in_008,13
2024,다다248927,to_in_001,44
2024,다다248927,to_in_007,24
2024,다다248927,to_in_008,23
2024,다다248928,to_in_001,8
2024,다다248928,to_in_007,5
2024,다다248928,to_in_008,8
2024,다다248929,to_in_001,8
2024,다다248929,to_in_007,5
2024,다다248929,to_in_008,8
2024,다다248930,to_in_001,5
2024,다다248930,to_in_007,0
2024,다다248930,to_in_008,5
2024,다다249027,to_in_001,8
2024,다다249027,to_in_007,5
2024,다다249027,to_in_008,5
2024,다다249028,to_in_001,5
2024,다다249028,to_in_007,0
2024,다다249028,to_in_008,0
2024,다다249049,to_in_001,0
2024,다다249049,to_in_007,0
2024,다다249049,to_in_008,0
2024,다다249057,to_in_001,5
2024,다다249057,to_in_007,5
2024,다다249057,to_in_008,0
2024,다다249058,to_in_001,5
2024,다다249058,to_in_007,5
2024,다다249058,to_in_008,0
2024,다다249063,to_in_001,5
2024,다다249063,to_in_007,0
2024,다다249063,to_in_008,0
2024,다다249065,to_in_001,60
2024,다다249065,to_in_007,28
2024,다다249065,to_in_008,30
2024,다다249066,to_in_001,33
2024,다다249066,to_in_007,13
2024,다다249066,to_in_008,18
2024,다다249067,to_in_001,13
2024,다다249067,to_in_007,8
2024,다다249067,to_in_008,8
2024,다다249068,to_in_001,8
2024,다다249068,to_in_007,5
2024,다다249068,to_in_008,8
2024,다다249902,to_in_001,5
2024,다다249902,to_in_007,5
2024,다다249902,to_in_008,0
2024,다다249925,to_in_001,8
2024,다다249925,to_in_007,5
2024,다다249925,to_in_008,5
2024,다다249926,to_in_001,5
2024,다다249926,to_in_007,0
2024,다다249926,to_in_008,5
2024,다다249927,to_in_001,18
2024,다다249927,to_in_007,8
2024,다다249927,to_in_008,8
2024,다다249928,to_in_001,8
2024,다다249928,to_in_007,5
2024,다다249928,to_in_008,5
2024,다다249929,to_in_001,5
2024,다다249929,to_in_007,0
2024,다다249929,to_in_008,0
2024,다다249930,to_in_001,5
2024,다다249930,to_in_007,0
2024,다다249930,to_in_008,5
2024,다다249935,to_in_001,5
2024,다다249935,to_in_007,0
2024,다다249935,to_in_008,5
2024,다다250021,to_in_001,5
2024,다다250021,to_in_007,0
2024,다다250021,to_in_008,5
2024,다다250023,to_in_001,0
2024,다다250023,to_in_007,0
2024,다다250023,to_in_008,0
2024,다다250028,to_in_001,5
2024,다다250028,to_in_007,5
2024,다다250028,to_in_008,5
2024,다다250029,to_in_001,13
2024,다다250029,to_in_007,8
2024,다다250029,to_in_008,8
2024,다다250030,to_in_001,5
2024,다다250030,to_in_007,0
2024,다다250030,to_in_008,5
2024,다다250037,to_in_001,0
2024,다다250037,to_in_007,0
2024,다다250037,to_in_008,0
2024,다다250054,to_in_001,5
2024,다다250054,to_in_007,0
2024,다다250054,to_in_008,0
2024,다다250064,to_in_001,13
2024,다다250064,to_in_007,8
2024,다다250064,to_in_008,5
2024,다다250065,to_in_001,0
2024,다다250065,to_in_007,0
2024,다다250065,to_in_008,0
2024,다다250066,to_in_001,44
2024,다다250066,to_in_007,29
2024,다다250066,to_in_008,18
2024,다다250067,to_in_001,38
2024,다다250067,to_in_007,23
2024,다다250067,to_in_008,18
2024,다다250068,to_in_001,13
2024,다다250068,to_in_007,8
2024,다다250068,to_in_008,8
2024,다다254927,to_in_001,5
2024,다다254927,to_in_007,5
2024,다다254927,to_in_008,0
2024,다다254928,to_in_001,18
2024,다다254928,to_in_007,8
2024,다다254928,to_in_008,8
2024,다다254929,to_in_001,0
2024,다다254929,to_in_007,0
2024,다다254929,to_in_008,0
2024,다다254930,to_in_001,8
2024,다다254930,to_in_007,8
2024,다다254930,to_in_008,5
2024,다다254999,to_in_001,5
2024,다다254999,to_in_007,5
2024,다다254999,to_in_008,0
2024,다다255004,to_in_001,0
2024,다다255004,to_in_007,0
2024,다다255004,to_in_008,0
2024,다다255013,to_in_001,5
2024,다다255013,to_in_007,0
2024,다다255013,to_in_008,5
2024,다다255021,to_in_001,8
2024,다다255021,to_in_007,5
2024,다다255021,to_in_008,5
2024,다다255022,to_in_001,8
2024,다다255022,to_in_007,5
2024,다다255022,to_in_008,5
2024,다다255024,to_in_001,5
2024,다다255024,to_in_007,5
2024,다다255024,to_in_008,0
2024,다다255025,to_in_001,8
2024,다다255025,to_in_007,8
2024,다다255025,to_in_008,5
2024,다다255060,to_in_001,0
2024,다다255060,to_in_007,0
2024,다다255060,to_in_008,0
2024,다다255062,to_in_001,8
2024,다다255062,to_in_007,8
2024,다다255062,to_in_008,5
2024,다다255063,to_in_001,8
2024,다다255063,to_in_007,5
2024,다다255063,to_in_008,5
2024,다다255064,to_in_001,13
2024,다다255064,to_in_007,8
2024,다다255064,to_in_008,8
2024,다다255065,to_in_001,8
2024,다다255065,to_in_007,5
2024,다다255065,to_in_008,5
2024,다다255066,to_in_001,8
2024,다다255066,to_in_007,5
2024,다다255066,to_in_008,5
2024,다다255069,to_in_001,8
2024,다다255069,to_in_007,8
2024,다다255069,to_in_008,0
2024,다다255927,to_in_001,5
2024,다다255927,to_in_007,0
2024,다다255927,to_in_008,5
2024,다다255928,to_in_001,5
2024,다다255928,to_in_007,0
2024,다다255928,to_in_008,0
2024,다다255993,to_in_001,5
2024,다다255993,to_in_007,5
2024,다다255993,to_in_008,5
2024,다다256003,to_in_001,8
2024,다다256003,to_in_007,5
2024,다다256003,to_in_008,5
2024,다다256004,to_in_001,5
2024,다다256004,to_in_007,5
2024,다다256004,to_in_008,5
2024,다다256005,to_in_001,5
2024,다다256005,to_in_007,0
2024,다다256005,to_in_008,5
2024,다다256006,to_in_001,5
2024,다다256006,to_in_007,5
2024,다다256006,to_in_008,5
2024,다다256013,to_in_001,5
2024,다다256013,to_in_007,5
2024,다다256013,to_in_008,5
2024,다다256018,to_in_001,5
2024,다다256018,to_in_007,5
2024,다다256018,to_in_008,0
2024,다다256019,to_in_001,5
2024,다다256019,to_in_007,5
2024,다다256019,to_in_008,5
2024,다다256025,to_in_001,8
2024,다다256025,to_in_007,5
2024,다다256025,to_in_008,8
2024,다다256028,to_in_001,5
2024,다다256028,to_in_007,5
2024,다다256028,to_in_008,0
2024,다다256029,to_in_001,5
2024,다다256029,to_in_007,0
2024,다다256029,to_in_008,0
2024,다다256054,to_in_001,5
2024,다다256054,to_in_007,0
2024,다다256054,to_in_008,0
2024,다다256055,to_in_001,8
2024,다다256055,to_in_007,8
2024,다다256055,to_in_008,5
2024,다다256062,to_in_001,8
2024,다다256062,to_in_007,8
2024,다다256062,to_in_008,0
2024,다다270071,to_in_001,18
2024,다다270071,to_in_007,8
2024,다다270071,to_in_008,8
2024,다다270072,to_in_001,13
2024,다다270072,to_in_007,8
2024,다다270072,to_in_008,5
2024,다다270898,to_in_001,5
2024,다다270898,to_in_007,0
2024,다다270898,to_in_008,0
2024,다다270900,to_in_001,13
2024,다다270900,to_in_007,8
2024,다다270900,to_in_008,5
2024,다다270901,to_in_001,8
2024,다다270901,to_in_007,5
2024,다다270901,to_in_008,5
2024,다다270913,to_in_001,5
2024,다다270913,to_in_007,0
2024,다다270913,to_in_008,5
2024,다다270917,to_in_001,5
2024,다다270917,to_in_007,0
2024,다다270917,to_in_008,0
2024,다다270998,to_in_001,8
2024,다다270998,to_in_007,5
2024,다다270998,to_in_008,5
2024,다다270999,to_in_001,5
2024,다다270999,to_in_007,5
2024,다다270999,to_in_008,5
2024,다다271017,to_in_001,5
2024,다다271017,to_in_007,5
2024,다다271017,to_in_008,0
2024,다다271062,to_in_001,0
2024,다다271062,to_in_007,0
2024,다다271062,to_in_008,0
2024,다다271063,to_in_001,5
2024,다다271063,to_in_007,5
2024,다다271063,to_in_008,0
2024,다다271069,to_in_001,5
2024,다다271069,to_in_007,5
2024,다다271069,to_in_008,0
2024,다다271070,to_in_001,23
2024,다다271070,to_in_007,8
2024,다다271070,to_in_008,13
2024,다다230057,to_in_001,8
2024,다다230057,to_in_007,5
2024,다다230057,to_in_008,5
2024,다다230059,to_in_001,8
2024,다다230059,to_in_007,5
2024,다다230059,to_in_008,8
2024,다다230708,to_in_001,5
2024,다다230708,to_in_007,0
2024,다다230708,to_in_008,5
2024,다다230709,to_in_001,5
2024,다다230709,to_in_007,5
2024,다다230709,to_in_008,0
2024,다다230710,to_in_001,5
2024,다다230710,to_in_007,5
2024,다다230710,to_in_008,5
2024,다다230711,to_in_001,5
2024,다다230711,to_in_007,0
2024,다다230711,to_in_008,0
2024,다다230725,to_in_001,0
2024,다다230725,to_in_007,0
2024,다다230725,to_in_008,0
2024,다다230726,to_in_001,8
2024,다다230726,to_in_007,8
2024,다다230726,to_in_008,5
2024,다다230727,to_in_001,28
2024,다다230727,to_in_007,13
2024,다다230727,to_in_008,13
2024,다다230932,to_in_001,0
2024,다다230932,to_in_007,0
2024,다다230932,to_in_008,0
2024,다다230933,to_in_001,0
2024,다다230933,to_in_007,0
2024,다다230933,to_in_008,0
2024,다다230949,to_in_001,0
2024,다다230949,to_in_007,0
2024,다다230949,to_in_008,0
2024,다다230966,to_in_001,5
2024,다다230966,to_in_007,5
2024,다다230966,to_in_008,0
2024,다다230982,to_in_001,5
2024,다다230982,to_in_007,5
2024,다다230982,to_in_008,5
2024,다다230983,to_in_001,13
2024,다다230983,to_in_007,5
2024,다다230983,to_in_008,8
2024,다다231001,to_in_001,5
2024,다다231001,to_in_007,0
2024,다다231001,to_in_008,5
2024,다다231002,to_in_001,8
2024,다다231002,to_in_007,5
2024,다다231002,to_in_008,8
2024,다다231003,to_in_001,5
2024,다다231003,to_in_007,5
2024,다다231003,to_in_008,5
2024,다다231004,to_in_001,8
2024,다다231004,to_in_007,8
2024,다다231004,to_in_008,0
2024,다다231010,to_in_001,5
2024,다다231010,to_in_007,0
2024,다다231010,to_in_008,0
2024,다다231016,to_in_001,5
2024,다다231016,to_in_007,5
2024,다다231016,to_in_008,0
2024,다다231018,to_in_001,8
2024,다다231018,to_in_007,5
2024,다다231018,to_in_008,5
2024,다다231025,to_in_001,8
2024,다다231025,to_in_007,8
2024,다다231025,to_in_008,5
2024,다다246062,to_in_001,8
2024,다다246062,to_in_007,5
2024,다다246062,to_in_008,5
2024,다다246063,to_in_001,5
2024,다다246063,to_in_007,5
2024,다다246063,to_in_008,0
2024,다다246064,to_in_001,5
2024,다다246064,to_in_007,5
2024,다다246064,to_in_008,0
2024,다다246905,to_in_001,0
2024,다다246905,to_in_007,0
2024,다다246905,to_in_008,0
2024,다다246927,to_in_001,5
2024,다다246927,to_in_007,5
2024,다다246927,to_in_008,0
2024,다다246928,to_in_001,8
2024,다다246928,to_in_007,5
2024,다다246928,to_in_008,5
2024,다다246930,to_in_001,5
2024,다다246930,to_in_007,0
2024,다다246930,to_in_008,5
2024,다다246993,to_in_001,5
2024,다다246993,to_in_007,5
2024,다다246993,to_in_008,0
2024,다다247002,to_in_001,0
2024,다다247002,to_in_007,0
2024,다다247002,to_in_008,0
2024,다다247012,to_in_001,0
2024,다다247012,to_in_007,0
2024,다다247012,to_in_008,0
2024,다다247020,to_in_001,5
2024,다다247020,to_in_007,5
2024,다다247020,to_in_008,5
2024,다다247021,to_in_001,8
2024,다다247021,to_in_007,5
2024,다다247021,to_in_008,5
2024,다다247022,to_in_001,5
2024,다다247022,to_in_007,0
2024,다다247022,to_in_008,0
2024,다다247025,to_in_001,5
2024,다다247025,to_in_007,5
2024,다다247025,to_in_008,5
2024,다다247033,to_in_001,58
2024,다다247033,to_in_007,25
2024,다다247033,to_in_008,31
2024,다다247034,to_in_001,0
2024,다다247034,to_in_007,0
2024,다다247034,to_in_008,0
2024,다다247038,to_in_001,5
2024,다다247038,to_in_007,5
2024,다다247038,to_in_008,0
2024,다다247040,to_in_001,5
2024,다다247040,to_in_007,0
2024,다다247040,to_in_008,0
2024,다다247050,to_in_001,8
2024,다다247050,to_in_007,5
2024,다다247050,to_in_008,5
2024,다다247051,to_in_001,5
2024,다다247051,to_in_007,0
2024,다다247051,to_in_008,0
2024,다다247056,to_in_001,8
2024,다다247056,to_in_007,8
2024,다다247056,to_in_008,0
2024,다다247057,to_in_001,8
2024,다다247057,to_in_007,8
2024,다다247057,to_in_008,0
2024,다다247058,to_in_001,5
2024,다다247058,to_in_007,5
2024,다다247058,to_in_008,5
2024,다다247065,to_in_001,0
2024,다다247065,to_in_007,0
2024,다다247065,to_in_008,0
2024,다다247925,to_in_001,5
2024,다다247925,to_in_007,5
2024,다다247925,to_in_008,0
2024,다다247926,to_in_001,13
2024,다다247926,to_in_007,8
2024,다다247926,to_in_008,8
2024,다다247927,to_in_001,8
2024,다다247927,to_in_007,8
2024,다다247927,to_in_008,5
2024,다다247928,to_in_001,8
2024,다다247928,to_in_007,8
2024,다다247928,to_in_008,5
2024,다다247929,to_in_001,5
2024,다다247929,to_in_007,0
2024,다다247929,to_in_008,5
2024,다다247930,to_in_001,5
2024,다다247930,to_in_007,5
2024,다다247930,to_in_008,0
2024,다다247949,to_in_001,0
2024,다다247949,to_in_007,0
2024,다다247949,to_in_008,0
2024,다다248005,to_in_001,5
2024,다다248005,to_in_007,5
2024,다다248005,to_in_008,5
2024,다다248023,to_in_001,5
2024,다다248023,to_in_007,5
2024,다다248023,to_in_008,5
2024,다다248025,to_in_001,5
2024,다다248025,to_in_007,0
2024,다다248025,to_in_008,0
2024,다다248026,to_in_001,5
2024,다다248026,to_in_007,5
2024,다다248026,to_in_008,0
2024,다다248027,to_in_001,5
2024,다다248027,to_in_007,0
2024,다다248027,to_in_008,5
2024,다다248028,to_in_001,0
2024,다다248028,to_in_007,0
2024,다다248028,to_in_008,0
2024,다다248030,to_in_001,8
2024,다다248030,to_in_007,8
2024,다다248030,to_in_008,0
2024,다다248033,to_in_001,18
2024,다다248033,to_in_007,8
2024,다다248033,to_in_008,8
2024,다다248034,to_in_001,0
2024,다다248034,to_in_007,0
2024,다다248034,to_in_008,0
2024,다다248037,to_in_001,5
2024,다다248037,to_in_007,0
2024,다다248037,to_in_008,5
2024,다다248058,to_in_001,5
2024,다다248058,to_in_007,0
2024,다다248058,to_in_008,0
2024,다다248059,to_in_001,0
2024,다다248059,to_in_007,0
2024,다다248059,to_in_008,0
2024,다다248063,to_in_001,23
2024,다다248063,to_in_007,13
2024,다다248063,to_in_008,13
2024,다다248064,to_in_001,13
2024,다다248064,to_in_007,5
2024,다다248064,to_in_008,8
2024,다다248065,to_in_001,8
2024,다다248065,to_in_007,5
2024,다다248065,to_in_008,5
2024,다다248066,to_in_001,0
2024,다다248066,to_in_007,0
2024,다다248066,to_in_008,0
2024,다다248068,to_in_001,5
2024,다다248068,to_in_007,5
2024,다다248068,to_in_008,0
2024,다다248922,to_in_001,0
2024,다다248922,to_in_007,0
2024,다다248922,to_in_008,0
2024,다다263071,to_in_001,5
2024,다다263071,to_in_007,0
2024,다다263071,to_in_008,0
2024,다다263895,to_in_001,0
2024,다다263895,to_in_007,0
2024,다다263895,to_in_008,0
2024,다다263896,to_in_001,5
2024,다다263896,to_in_007,5
2024,다다263896,to_in_008,0
2024,다다263901,to_in_001,13
2024,다다263901,to_in_007,13
2024,다다263901,to_in_008,8
2024,다다263902,to_in_001,8
2024,다다263902,to_in_007,5
2024,다다263902,to_in_008,8
2024,다다263903,to_in_001,13
2024,다다263903,to_in_007,8
2024,다다263903,to_in_008,5
2024,다다263919,to_in_001,5
2024,다다263919,to_in_007,5
2024,다다263919,to_in_008,5
2024,다다263923,to_in_001,5
2024,다다263923,to_in_007,5
2024,다다263923,to_in_008,5
2024,다다263924,to_in_001,13
2024,다다263924,to_in_007,8
2024,다다263924,to_in_008,8
2024,다다263926,to_in_001,13
2024,다다263926,to_in_007,8
2024,다다263926,to_in_008,8
2024,다다263927,to_in_001,8
2024,다다263927,to_in_007,5
2024,다다263927,to_in_008,5
2024,다다263929,to_in_001,5
2024,다다263929,to_in_007,0
2024,다다263929,to_in_008,5
2024,다다264014,to_in_001,0
2024,다다264014,to_in_007,0
2024,다다264014,to_in_008,0
2024,다다264017,to_in_001,8
2024,다다264017,to_in_007,5
2024,다다264017,to_in_008,5
2024,다다264021,to_in_001,5
2024,다다264021,to_in_007,5
2024,다다264021,to_in_008,5
2024,다다264025,to_in_001,5
2024,다다264025,to_in_007,0
2024,다다264025,to_in_008,0
2024,다다264028,to_in_001,5
2024,다다264028,to_in_007,0
2024,다다264028,to_in_008,0
2024,다다264069,to_in_001,5
2024,다다264069,to_in_007,5
2024,다다264069,to_in_008,0
2024,다다264071,to_in_001,5
2024,다다264071,to_in_007,5
2024,다다264071,to_in_008,0
2024,다다264901,to_in_001,5
2024,다다264901,to_in_007,5
2024,다다264901,to_in_008,0
2024,다다264902,to_in_001,8
2024,다다264902,to_in_007,8
2024,다다264902,to_in_008,5
2024,다다264903,to_in_001,5
2024,다다264903,to_in_007,5
2024,다다264903,to_in_008,5
2024,다다264919,to_in_001,5
2024,다다264919,to_in_007,5
2024,다다264919,to_in_008,0
2024,다다264922,to_in_001,8
2024,다다264922,to_in_007,5
2024,다다264922,to_in_008,5
2024,다다264923,to_in_001,5
2024,다다264923,to_in_007,0
2024,다다264923,to_in_008,5
2024,다다264924,to_in_001,5
2024,다다264924,to_in_007,5
2024,다다240002,to_in_008,5
2024,다다240003,to_in_001,5
2024,다다240003,to_in_007,5
2024,다다240003,to_in_008,5
2024,다다240004,to_in_001,5
2024,다다240004,to_in_007,0
2024,다다240004,to_in_008,0
2024,다다240018,to_in_001,0
2024,다다240018,to_in_007,0
2024,다다240018,to_in_008,0
2024,다다240041,to_in_001,5
2024,다다240041,to_in_007,5
2024,다다240041,to_in_008,0
2024,다다240046,to_in_001,5
2024,다다240046,to_in_007,0
2024,다다240046,to_in_008,5
2024,다다240052,to_in_001,23
2024,다다240052,to_in_007,8
2024,다다240052,to_in_008,13
2024,다다240725,to_in_001,13
2024,다다240725,to_in_007,8
2024,다다240725,to_in_008,5
2024,다다240920,to_in_001,0
2024,다다240920,to_in_007,0
2024,다다240920,to_in_008,0
2024,다다240991,to_in_001,0
2024,다다240991,to_in_007,0
2024,다다240991,to_in_008,0
2024,다다240993,to_in_001,8
2024,다다240993,to_in_007,5
2024,다다240993,to_in_008,5
2024,다다240994,to_in_001,8
2024,다다240994,to_in_007,5
2024,다다240994,to_in_008,8
2024,다다240999,to_in_001,5
2024,다다240999,to_in_007,0
2024,다다240999,to_in_008,0
2024,다다241000,to_in_001,13
2024,다다241000,to_in_007,8
2024,다다241000,to_in_008,8
2024,다다241001,to_in_001,13
2024,다다241001,to_in_007,8
2024,다다241001,to_in_008,8
2024,다다241016,to_in_001,5
2024,다다241016,to_in_007,5
2024,다다241016,to_in_008,5
2024,다다241017,to_in_001,8
2024,다다241017,to_in_007,5
2024,다다241017,to_in_008,5
2024,다다241024,to_in_001,5
2024,다다241024,to_in_007,5
2024,다다241024,to_in_008,5
2024,다다241033,to_in_001,0
2024,다다241033,to_in_007,0
2024,다다241033,to_in_008,0
2024,다다241041,to_in_001,0
2024,다다241041,to_in_007,0
2024,다다241041,to_in_008,0
2024,다다241046,to_in_001,8
2024,다다241046,to_in_007,5
2024,다다241046,to_in_008,5
2024,다다241050,to_in_001,5
2024,다다241050,to_in_007,5
2024,다다241050,to_in_008,0
2024,다다241051,to_in_001,0
2024,다다241051,to_in_007,0
2024,다다241051,to_in_008,0
2024,다다241724,to_in_001,5
2024,다다241724,to_in_007,5
2024,다다241724,to_in_008,0
2024,다다241992,to_in_001,0
2024,다다241992,to_in_007,0
2024,다다241992,to_in_008,0
2024,다다241993,to_in_001,0
2024,다다241993,to_in_007,0
2024,다다241993,to_in_008,0
2024,다다241994,to_in_001,13
2024,다다241994,to_in_007,8
2024,다다241994,to_in_008,5
2024,다다242002,to_in_001,8
2024,다다242002,to_in_007,5
2024,다다242002,to_in_008,5
2024,다다242005,to_in_001,5
2024,다다242005,to_in_007,5
2024,다다242005,to_in_008,0
2024,다다242006,to_in_001,5
2024,다다242006,to_in_007,5
2024,다다242006,to_in_008,0
2024,다다242047,to_in_001,8
2024,다다242047,to_in_007,5
2024,다다242047,to_in_008,5
2024,다다242056,to_in_001,8
2024,다다242056,to_in_007,5
2024,다다242056,to_in_008,5
2024,다다242060,to_in_001,5
2024,다다242060,to_in_007,5
2024,다다242060,to_in_008,5
2024,다다250901,to_in_001,5
2024,다다250901,to_in_007,0
2024,다다250901,to_in_008,0
2024,다다250926,to_in_001,13
2024,다다250926,to_in_007,8
2024,다다250926,to_in_008,8
2024,다다250927,to_in_001,13
2024,다다250927,to_in_007,8
2024,다다250927,to_in_008,8
2024,다다250928,to_in_001,8
2024,다다250928,to_in_007,8
2024,다다250928,to_in_008,5
2024,다다250929,to_in_001,5
2024,다다250929,to_in_007,5
2024,다다250929,to_in_008,0
2024,다다250931,to_in_001,5
2024,다다250931,to_in_007,5
2024,다다250931,to_in_008,0
2024,다다250932,to_in_001,5
2024,다다250932,to_in_007,0
2024,다다250932,to_in_008,5
2024,다다250933,to_in_001,5
2024,다다250933,to_in_007,5
2024,다다250933,to_in_008,0
2024,다다251004,to_in_001,5
2024,다다251004,to_in_007,5
2024,다다251004,to_in_008,0
2024,다다251007,to_in_001,8
2024,다다251007,to_in_007,5
2024,다다251007,to_in_008,5
2024,다다251008,to_in_001,0
2024,다다251008,to_in_007,0
2024,다다251008,to_in_008,0
2024,다다251011,to_in_001,5
2024,다다251011,to_in_007,0
2024,다다251011,to_in_008,0
2024,다다251013,to_in_001,5
2024,다다251013,to_in_007,0
2024,다다251013,to_in_008,5
2024,다다251021,to_in_001,18
2024,다다251021,to_in_007,13
2024,다다251021,to_in_008,8
2024,다다251022,to_in_001,8
2024,다다251022,to_in_007,5
2024,다다251022,to_in_008,5
2024,다다251027,to_in_001,5
2024,다다251027,to_in_007,5
2024,다다251027,to_in_008,5
2024,다다251028,to_in_001,18
2024,다다251028,to_in_007,8
2024,다다251028,to_in_008,8
2024,다다251029,to_in_001,5
2024,다다251029,to_in_007,5
2024,다다251029,to_in_008,0
2024,다다251030,to_in_001,5
2024,다다251030,to_in_007,5
2024,다다251030,to_in_008,0
2024,다다251033,to_in_001,5
2024,다다251033,to_in_007,0
2024,다다251033,to_in_008,5
2024,다다251034,to_in_001,8
2024,다다251034,to_in_007,0
2024,다다251034,to_in_008,8
2024,다다251062,to_in_001,8
2024,다다251062,to_in_007,5
2024,다다251062,to_in_008,5
2024,다다251065,to_in_001,13
2024,다다251065,to_in_007,8
2024,다다251065,to_in_008,8
2024,다다251066,to_in_001,33
2024,다다251066,to_in_007,18
2024,다다251066,to_in_008,18
2024,다다251067,to_in_001,18
2024,다다251067,to_in_007,13
2024,다다251067,to_in_008,8
2024,다다251068,to_in_001,5
2024,다다251068,to_in_007,0
2024,다다251068,to_in_008,0
2024,다다251925,to_in_001,5
2024,다다251925,to_in_007,0
2024,다다251925,to_in_008,5
2024,다다251926,to_in_001,8
2024,다다251926,to_in_007,5
2024,다다251926,to_in_008,5
2024,다다251927,to_in_001,54
2024,다다251927,to_in_007,8
2024,다다251927,to_in_008,44
2024,다다251930,to_in_001,8
2024,다다251930,to_in_007,5
2024,다다251930,to_in_008,5
2024,다다251931,to_in_001,8
2024,다다251931,to_in_007,8
2024,다다251931,to_in_008,0
2024,다다251999,to_in_001,8
2024,다다251999,to_in_007,8
2024,다다251999,to_in_008,0
2024,다다252003,to_in_001,5
2024,다다252003,to_in_007,0
2024,다다252003,to_in_008,5
2024,다다252004,to_in_001,0
2024,다다252004,to_in_007,0
2024,다다252004,to_in_008,0
2024,다다252017,to_in_001,5
2024,다다252017,to_in_007,0
2024,다다252017,to_in_008,5
2024,다다252022,to_in_001,0
2024,다다252022,to_in_007,0
2024,다다252022,to_in_008,0
2024,다다252023,to_in_001,5
2024,다다252023,to_in_007,5
2024,다다252023,to_in_008,0
2024,다다259024,to_in_001,18
2024,다다259024,to_in_007,8
2024,다다259024,to_in_008,8
2024,다다259029,to_in_001,5
2024,다다259029,to_in_007,5
2024,다다259029,to_in_008,0
2024,다다259050,to_in_001,5
2024,다다259050,to_in_007,0
2024,다다259050,to_in_008,0
2024,다다259053,to_in_001,8
2024,다다259053,to_in_007,5
2024,다다259053,to_in_008,5
2024,다다259058,to_in_001,8
2024,다다259058,to_in_007,5
2024,다다259058,to_in_008,5
2024,다다259068,to_in_001,8
2024,다다259068,to_in_007,5
2024,다다259068,to_in_008,5
2024,다다260024,to_in_001,5
2024,다다260024,to_in_007,0
2024,다다260024,to_in_008,0
2024,다다260025,to_in_001,5
2024,다다260025,to_in_007,0
2024,다다260025,to_in_008,0
2024,다다260026,to_in_001,5
2024,다다260026,to_in_007,5
2024,다다260026,to_in_008,0
2024,다다260027,to_in_001,18
2024,다다260027,to_in_007,8
2024,다다260027,to_in_008,8
2024,다다260028,to_in_001,25
2024,다다260028,to_in_007,15
2024,다다260028,to_in_008,8
2024,다다260069,to_in_001,5
2024,다다260069,to_in_007,5
2024,다다260069,to_in_008,5
2024,다다260070,to_in_001,8
2024,다다260070,to_in_007,8
2024,다다260070,to_in_008,0
2024,다다260925,to_in_001,0
2024,다다260925,to_in_007,0
2024,다다260925,to_in_008,0
2024,다다260994,to_in_001,5
2024,다다260994,to_in_007,5
2024,다다260994,to_in_008,0
2024,다다260995,to_in_001,8
2024,다다260995,to_in_007,5
2024,다다260995,to_in_008,8
2024,다다260996,to_in_001,8
2024,다다260996,to_in_007,0
2024,다다260996,to_in_008,5
2024,다다261017,to_in_001,8
2024,다다261017,to_in_007,5
2024,다다261017,to_in_008,5
2024,다다261020,to_in_001,13
2024,다다261020,to_in_007,5
2024,다다261020,to_in_008,8
2024,다다261021,to_in_001,8
2024,다다261021,to_in_007,5
2024,다다261021,to_in_008,5
2024,다다261022,to_in_001,0
2024,다다261022,to_in_007,0
2024,다다261022,to_in_008,0
2024,다다261023,to_in_001,33
2024,다다261023,to_in_007,13
2024,다다261023,to_in_008,18
2024,다다261024,to_in_001,8
2024,다다261024,to_in_007,5
2024,다다261024,to_in_008,8
2024,다다261025,to_in_001,18
2024,다다261025,to_in_007,8
2024,다다261025,to_in_008,8
2024,다다261026,to_in_001,43
2024,다다261026,to_in_007,23
2024,다다261026,to_in_008,23
2024,다다261027,to_in_001,18
2024,다다261027,to_in_007,8
2024,다다261027,to_in_008,8
2024,다다261899,to_in_001,5
2024,다다261899,to_in_007,5
2024,다다261899,to_in_008,0
2024,다다261901,to_in_001,0
2024,다다261901,to_in_007,0
2024,다다261901,to_in_008,0
2024,다다261905,to_in_001,0
2024,다다267925,to_in_007,8
2024,다다267925,to_in_008,8
2024,다다267926,to_in_001,5
2024,다다267926,to_in_007,0
2024,다다267926,to_in_008,5
2024,다다267927,to_in_001,18
2024,다다267927,to_in_007,13
2024,다다267927,to_in_008,8
2024,다다267928,to_in_001,5
2024,다다267928,to_in_007,5
2024,다다267928,to_in_008,0
2024,다다267934,to_in_001,5
2024,다다267934,to_in_007,5
2024,다다267934,to_in_008,5
2024,다다268020,to_in_001,5
2024,다다268020,to_in_007,0
2024,다다268020,to_in_008,5
2024,다다268021,to_in_001,8
2024,다다268021,to_in_007,5
2024,다다268021,to_in_008,8
2024,다다268022,to_in_001,13
2024,다다268022,to_in_007,5
2024,다다268022,to_in_008,8
2024,다다268023,to_in_001,0
2024,다다268023,to_in_007,0
2024,다다268023,to_in_008,0
2024,다다268024,to_in_001,8
2024,다다268024,to_in_007,5
2024,다다268024,to_in_008,5
2024,다다268063,to_in_001,13
2024,다다268063,to_in_007,8
2024,다다268063,to_in_008,5
2024,다다268067,to_in_001,5
2024,다다268067,to_in_007,5
2024,다다268067,to_in_008,0
2024,다다268069,to_in_001,8
2024,다다268069,to_in_007,5
2024,다다268069,to_in_008,5
2024,다다268070,to_in_001,38
2024,다다268070,to_in_007,18
2024,다다268070,to_in_008,18
2024,다다268071,to_in_001,38
2024,다다268071,to_in_007,23
2024,다다268071,to_in_008,13
2024,다다268898,to_in_001,5
2024,다다268898,to_in_007,0
2024,다다268898,to_in_008,0
2024,다다268899,to_in_001,5
2024,다다268899,to_in_007,5
2024,다다268899,to_in_008,5
2024,다다268900,to_in_001,13
2024,다다268900,to_in_007,8
2024,다다268900,to_in_008,5
2024,다다268901,to_in_001,5
2024,다다268901,to_in_007,0
2024,다다268901,to_in_008,0
2024,다다268924,to_in_001,5
2024,다다268924,to_in_007,5
2024,다다268924,to_in_008,5
2024,다다268925,to_in_001,8
2024,다다268925,to_in_007,5
2024,다다268925,to_in_008,5
2024,다다268926,to_in_001,18
2024,다다268926,to_in_007,8
2024,다다268926,to_in_008,8
2024,다다268927,to_in_001,28
2024,다다268927,to_in_007,13
2024,다다268927,to_in_008,13
2024,다다269008,to_in_001,8
2024,다다269008,to_in_007,5
2024,다다269008,to_in_008,5
2024,다다269016,to_in_001,8
2024,다다269016,to_in_007,8
2024,다다269016,to_in_008,5
2024,다다269017,to_in_001,0
2024,다다269017,to_in_007,0
2024,다다269017,to_in_008,0
2024,다다269018,to_in_001,13
2024,다다269018,to_in_007,8
2024,다다269018,to_in_008,8
2024,다다269061,to_in_001,5
2024,다다269061,to_in_007,5
2024,다다269061,to_in_008,0
2024,다다269064,to_in_001,5
2024,다다269064,to_in_007,5
2024,다다269064,to_in_008,0
2024,다다269066,to_in_001,8
2024,다다269066,to_in_007,5
2024,다다269066,to_in_008,5
2024,다다269067,to_in_001,18
2024,다다269067,to_in_007,8
2024,다다269067,to_in_008,13
2024,다다269068,to_in_001,8
2024,다다269068,to_in_007,8
2024,다다269068,to_in_008,5
2024,다다269069,to_in_001,8
2024,다다269069,to_in_007,5
2024,다다269069,to_in_008,5
2024,다다269070,to_in_001,43
2024,다다269070,to_in_007,23
2024,다다269070,to_in_008,18
2024,다다269071,to_in_001,38
2024,다다269071,to_in_007,18
2024,다다269071,to_in_008,18
2024,다다269072,to_in_001,18
2024,다다269072,to_in_007,8
2024,다다269072,to_in_008,8
2024,다다269900,to_in_001,8
2024,다다269900,to_in_007,8
2024,다다269900,to_in_008,5
2024,다다269901,to_in_001,5
2024,다다269901,to_in_007,0
2024,다다269901,to_in_008,0
2024,다다269923,to_in_001,8
2024,다다269923,to_in_007,5
2024,다다269923,to_in_008,5
2024,다다269925,to_in_001,5
2024,다다269925,to_in_007,5
2024,다다269925,to_in_008,0
2024,다다269926,to_in_001,5
2024,다다269926,to_in_007,5
2024,다다269926,to_in_008,5
2024,다다269927,to_in_001,8
2024,다다269927,to_in_007,5
2024,다다269927,to_in_008,5
2024,다다270005,to_in_001,0
2024,다다266066,to_in_007,8
2024,다다266066,to_in_008,13
2024,다다266068,to_in_001,5
2024,다다266068,to_in_007,0
2024,다다266068,to_in_008,5
2024,다다266070,to_in_001,18
2024,다다266070,to_in_007,8
2024,다다266070,to_in_008,8
2024,다다266071,to_in_001,13
2024,다다266071,to_in_007,8
2024,다다266071,to_in_008,8
2024,다다266897,to_in_001,5
2024,다다266897,to_in_007,5
2024,다다266897,to_in_008,0
2024,다다266901,to_in_001,5
2024,다다266901,to_in_007,5
2024,다다266901,to_in_008,0
2024,다다266902,to_in_001,5
2024,다다266902,to_in_007,0
2024,다다266902,to_in_008,5
2024,다다266921,to_in_001,8
2024,다다266921,to_in_007,8
2024,다다266921,to_in_008,8
2024,다다266923,to_in_001,5
2024,다다266923,to_in_007,5
2024,다다266923,to_in_008,0
2024,다다266926,to_in_001,5
2024,다다266926,to_in_007,0
2024,다다266926,to_in_008,0
2024,다다266927,to_in_001,0
2024,다다266927,to_in_007,0
2024,다다266927,to_in_008,0
2024,다다266931,to_in_001,5
2024,다다266931,to_in_007,0
2024,다다266931,to_in_008,5
2024,다다266932,to_in_001,8
2024,다다266932,to_in_007,5
2024,다다266932,to_in_008,5
2024,다다266933,to_in_001,5
2024,다다266933,to_in_007,0
2024,다다266933,to_in_008,0
2024,다다267022,to_in_001,0
2024,다다267022,to_in_007,0
2024,다다267022,to_in_008,0
2024,다다267023,to_in_001,0
2024,다다267023,to_in_007,0
2024,다다267023,to_in_008,0
2024,다다267063,to_in_001,5
2024,다다267063,to_in_007,0
2024,다다267063,to_in_008,5
2024,다다267067,to_in_001,0
2024,다다267067,to_in_007,0
2024,다다267067,to_in_008,0
2024,다다267068,to_in_001,8
2024,다다267068,to_in_007,5
2024,다다267068,to_in_008,5
2024,다다267070,to_in_001,23
2024,다다267070,to_in_007,13
2024,다다267070,to_in_008,8
2024,다다267071,to_in_001,38
2024,다다267071,to_in_007,18
2024,다다267071,to_in_008,18
2024,다다267072,to_in_001,5
2024,다다267072,to_in_007,0
2024,다다267072,to_in_008,5
2024,다다267899,to_in_001,8
2024,다다267899,to_in_007,8
2024,다다267899,to_in_008,8
2024,다다267900,to_in_001,18
2024,다다267900,to_in_007,13
2024,다다267900,to_in_008,8
2024,다다267901,to_in_001,8
2024,다다267901,to_in_007,8
2024,다다267901,to_in_008,5
2024,다다267902,to_in_001,5
2024,다다267902,to_in_007,0
2024,다다267902,to_in_008,0
2024,다다267920,to_in_001,8
2024,다다267920,to_in_007,5
2024,다다267920,to_in_008,5
2024,다다267921,to_in_001,0
2024,다다267921,to_in_007,0
2024,다다267921,to_in_008,0
2024,다다279990,to_in_001,0
2024,다다279990,to_in_007,0
2024,다다279990,to_in_008,0
2024,다다279991,to_in_001,8
2024,다다279991,to_in_007,8
2024,다다279991,to_in_008,5
2024,다다279992,to_in_001,5
2024,다다279992,to_in_007,0
2024,다다279992,to_in_008,5
2024,다다280074,to_in_001,5
2024,다다280074,to_in_007,0
2024,다다280074,to_in_008,0
2024,다다280075,to_in_001,8
2024,다다280075,to_in_007,8
2024,다다280075,to_in_008,0
2024,다다280903,to_in_001,5
2024,다다280903,to_in_007,5
2024,다다280903,to_in_008,5
2024,다다280904,to_in_001,18
2024,다다280904,to_in_007,8
2024,다다280904,to_in_008,8
2024,다다280905,to_in_001,5
2024,다다280905,to_in_007,5
2024,다다280905,to_in_008,5
2024,다다280918,to_in_001,5
2024,다다280918,to_in_007,5
2024,다다280918,to_in_008,0
2024,다다280988,to_in_001,5
2024,다다280988,to_in_007,0
2024,다다280988,to_in_008,0
2024,다다280989,to_in_001,8
2024,다다280989,to_in_007,5
2024,다다280989,to_in_008,5
2024,다다280991,to_in_001,8
2024,다다280991,to_in_007,5
2024,다다280991,to_in_008,5
2024,다다280992,to_in_001,13
2024,다다280992,to_in_007,5
2024,다다280992,to_in_008,8
2024,다다280993,to_in_001,8
2024,다다280993,to_in_007,5
2024,다다280993,to_in_008,8
2024,다다281054,to_in_001,5
2024,다다281054,to_in_007,0
2024,다다281054,to_in_008,5
2024,다다281066,to_in_001,5
2024,다다281066,to_in_007,5
2024,다다281066,to_in_008,0
2024,다다281072,to_in_001,5
2024,다다281072,to_in_007,5
2024,다다281072,to_in_008,0
2024,다다281075,to_in_001,5
2024,다다281075,to_in_007,5
2024,다다281075,to_in_008,0
2024,다다281903,to_in_001,5
2024,다다281903,to_in_007,0
2024,다다281903,to_in_008,5
2024,다다281904,to_in_001,13
2024,다다281904,to_in_007,8
2024,다다281904,to_in_008,8
2024,다다281905,to_in_001,18
2024,다다281905,to_in_007,8
2024,다다281905,to_in_008,13
2024,다다281906,to_in_001,8
2024,다다281906,to_in_007,5
2024,다다281906,to_in_008,5
2024,다다281907,to_in_001,5
2024,다다281907,to_in_007,0
2024,다다281907,to_in_008,5
2024,다다281917,to_in_001,8
2024,다다281917,to_in_007,5
2024,다다281917,to_in_008,5
2024,다다281918,to_in_001,0
2024,다다281918,to_in_007,0
2024,다다281918,to_in_008,0
2024,다다281929,to_in_001,0
2024,다다281929,to_in_007,0
2024,다다281929,to_in_008,0
2024,다다281972,to_in_001,8
2024,다다281972,to_in_007,5
2024,다다281972,to_in_008,5
2024,다다281987,to_in_001,5
2024,다다281987,to_in_007,5
2024,다다281987,to_in_008,5
2024,다다281992,to_in_001,5
2024,다다281992,to_in_007,0
2024,다다281992,to_in_008,0
2024,다다281993,to_in_001,8
2024,다다281993,to_in_007,0
2024,다다281993,to_in_008,8
2024,다다282054,to_in_001,5
2024,다다282054,to_in_007,0
2024,다다282054,to_in_008,5
2024,다다282055,to_in_001,5
2024,다다282055,to_in_007,0
2024,다다282055,to_in_008,0
2024,다다282904,to_in_001,5
2024,다다282904,to_in_007,0
2024,다다282904,to_in_008,5
2024,다다282905,to_in_001,13
2024,다다282905,to_in_007,8
2024,다다282905,to_in_008,5
2024,다다282906,to_in_001,5
2024,다다282906,to_in_007,0
2024,다다282906,to_in_008,5
2024,다다282928,to_in_001,8
2024,다다282928,to_in_007,5
2024,다다282928,to_in_008,5
2024,다다282929,to_in_001,5
2024,다다282929,to_in_007,5
2024,다다282929,to_in_008,0
2024,다다282930,to_in_001,8
2024,다다282930,to_in_007,0
2024,다다282930,to_in_008,8
2024,다다282972,to_in_001,8
2024,다다282972,to_in_007,5
2024,다다282972,to_in_008,5
2024,다다282973,to_in_001,0
2024,다다282973,to_in_007,0
2024,다다282973,to_in_008,0
2024,다다282974,to_in_001,8
2024,다다282974,to_in_007,8
2024,다다282974,to_in_008,5
2024,다다282986,to_in_001,5
2024,다다282986,to_in_007,0
2024,다다282986,to_in_008,5
2024,다다282992,to_in_001,8
2024,다다282992,to_in_007,5
2024,다다282992,to_in_008,5
2024,다다282993,to_in_001,0
2024,다다282993,to_in_007,0
2024,다다282993,to_in_008,0
2024,다다282994,to_in_001,5
2024,다다282994,to_in_007,5
2024,다다282994,to_in_008,5
2024,다다283056,to_in_001,5
2024,다다283056,to_in_007,5
2024,다다283056,to_in_008,0
2024,다다289978,to_in_001,13
2024,다다289978,to_in_007,5
2024,다다289978,to_in_008,8
2024,다다289979,to_in_001,5
2024,다다289979,to_in_007,0
2024,다다289979,to_in_008,0
2024,다다289980,to_in_001,13
2024,다다289980,to_in_007,8
2024,다다289980,to_in_008,8
2024,다다289988,to_in_001,11
2024,다다289988,to_in_007,11
2024,다다289988,to_in_008,0
2024,다다290064,to_in_001,0
2024,다다290064,to_in_007,0
2024,다다290064,to_in_008,0
2024,다다290065,to_in_001,5
2024,다다290065,to_in_007,0
2024,다다290065,to_in_008,0
2024,다다290070,to_in_001,5
2024,다다290070,to_in_007,5
2024,다다290070,to_in_008,5
2024,다다290071,to_in_001,8
2024,다다290071,to_in_007,5
2024,다다290071,to_in_008,5
2024,다다290072,to_in_001,8
2024,다다290072,to_in_007,8
2024,다다290072,to_in_008,5
2024,다다290906,to_in_001,5
2024,다다290906,to_in_007,5
2024,다다290906,to_in_008,5
2024,다다290911,to_in_001,5
2024,다다290911,to_in_007,0
2024,다다290911,to_in_008,0
2024,다다290915,to_in_001,0
2024,다다290915,to_in_007,0
2024,다다290915,to_in_008,0
2024,다다290916,to_in_001,13
2024,다다290916,to_in_007,8
2024,다다290916,to_in_008,8
2024,다다290925,to_in_001,5
2024,다다290925,to_in_007,5
2024,다다290925,to_in_008,0
2024,다다290929,to_in_001,8
2024,다다290929,to_in_007,5
2024,다다290929,to_in_008,5
2024,다다290930,to_in_001,8
2024,다다290930,to_in_007,5
2024,다다290930,to_in_008,5
2024,다다290931,to_in_001,0
2024,다다290931,to_in_007,0
2024,다다290931,to_in_008,0
2024,다다290944,to_in_001,5
2024,다다290944,to_in_007,0
2024,다다290944,to_in_008,5
2024,다다290945,to_in_001,13
2024,다다290945,to_in_007,8
2024,다다290945,to_in_008,5
2024,다다290946,to_in_001,5
2024,다다290946,to_in_007,0
2024,다다290946,to_in_008,0
2024,다다290947,to_in_001,43
2024,다다290947,to_in_007,23
2024,다다290947,to_in_008,18
2024,다다290948,to_in_001,13
2024,다다290948,to_in_007,8
2024,다다290948,to_in_008,8
2024,다다290949,to_in_001,38
2024,다다290949,to_in_007,18
2024,다다290949,to_in_008,23
2024,다다290950,to_in_001,13
2024,다다290950,to_in_007,8
2024,다다290950,to_in_008,5
2024,다다261905,to_in_007,0
2024,다다261905,to_in_008,0
2024,다다261920,to_in_001,5
2024,다다261920,to_in_007,5
2024,다다261920,to_in_008,0
2024,다다261921,to_in_001,5
2024,다다261921,to_in_007,5
2024,다다261921,to_in_008,0
2024,다다261924,to_in_001,5
2024,다다261924,to_in_007,5
2024,다다261924,to_in_008,0
2024,다다261925,to_in_001,5
2024,다다261925,to_in_007,5
2024,다다261925,to_in_008,5
2024,다다261994,to_in_001,0
2024,다다261994,to_in_007,0
2024,다다261994,to_in_008,0
2024,다다261996,to_in_001,5
2024,다다261996,to_in_007,0
2024,다다261996,to_in_008,0
2024,다다274999,to_in_001,0
2024,다다274999,to_in_007,0
2024,다다274999,to_in_008,0
2024,다다275001,to_in_001,5
2024,다다275001,to_in_007,0
2024,다다275001,to_in_008,0
2024,다다275005,to_in_001,0
2024,다다275005,to_in_007,0
2024,다다275005,to_in_008,0
2024,다다275006,to_in_001,5
2024,다다275006,to_in_007,5
2024,다다275006,to_in_008,5
2024,다다275057,to_in_001,5
2024,다다275057,to_in_007,0
2024,다다275057,to_in_008,5
2024,다다275061,to_in_001,0
2024,다다275061,to_in_007,0
2024,다다275061,to_in_008,0
2024,다다275073,to_in_001,5
2024,다다275073,to_in_007,5
2024,다다275073,to_in_008,0
2024,다다275897,to_in_001,5
2024,다다275897,to_in_007,0
2024,다다275897,to_in_008,0
2024,다다275898,to_in_001,8
2024,다다275898,to_in_007,5
2024,다다275898,to_in_008,5
2024,다다275900,to_in_001,5
2024,다다275900,to_in_007,0
2024,다다275900,to_in_008,5
2024,다다275902,to_in_001,8
2024,다다275902,to_in_007,5
2024,다다275902,to_in_008,5
2024,다다275903,to_in_001,8
2024,다다275903,to_in_007,0
2024,다다275903,to_in_008,8
2024,다다275904,to_in_001,13
2024,다다275904,to_in_007,8
2024,다다275904,to_in_008,5
2024,다다275905,to_in_001,5
2024,다다275905,to_in_007,0
2024,다다275905,to_in_008,0
2024,다다275906,to_in_001,5
2024,다다275906,to_in_007,5
2024,다다275906,to_in_008,0
2024,다다275983,to_in_001,0
2024,다다275983,to_in_007,0
2024,다다275983,to_in_008,0
2024,다다275994,to_in_001,0
2024,다다275994,to_in_007,0
2024,다다275994,to_in_008,0
2024,다다275998,to_in_001,5
2024,다다275998,to_in_007,5
2024,다다275998,to_in_008,0
2024,다다275999,to_in_001,5
2024,다다275999,to_in_007,5
2024,다다275999,to_in_008,0
2024,다다276006,to_in_001,13
2024,다다276006,to_in_007,8
2024,다다276006,to_in_008,8
2024,다다276054,to_in_001,5
2024,다다276054,to_in_007,0
2024,다다276054,to_in_008,5
2024,다다276069,to_in_001,8
2024,다다276069,to_in_007,5
2024,다다276069,to_in_008,8
2024,다다276072,to_in_001,5
2024,다다276072,to_in_007,5
2024,다다276072,to_in_008,0
2024,다다276073,to_in_001,13
2024,다다276073,to_in_007,8
2024,다다276073,to_in_008,8
2024,다다276074,to_in_001,13
2024,다다276074,to_in_007,8
2024,다다276074,to_in_008,5
2024,다다276898,to_in_001,0
2024,다다276898,to_in_007,0
2024,다다276898,to_in_008,0
2024,다다276903,to_in_001,5
2024,다다276903,to_in_007,5
2024,다다276903,to_in_008,0
2024,다다276904,to_in_001,5
2024,다다276904,to_in_007,5
2024,다다276904,to_in_008,0
2024,다다276905,to_in_001,5
2024,다다276905,to_in_007,5
2024,다다276905,to_in_008,5
2024,다다276994,to_in_001,5
2024,다다276994,to_in_007,5
2024,다다276994,to_in_008,0
2024,다다277006,to_in_001,5
2024,다다277006,to_in_007,0
2024,다다277006,to_in_008,5
2024,다다277055,to_in_001,8
2024,다다277055,to_in_007,5
2024,다다277055,to_in_008,8
2024,다다277068,to_in_001,8
2024,다다277068,to_in_007,5
2024,다다277068,to_in_008,5
2024,다다277069,to_in_001,18
2024,다다277069,to_in_007,13
2024,다다277069,to_in_008,5
2024,다다277072,to_in_001,5
2024,다다277072,to_in_007,5
2024,다다277072,to_in_008,0
2024,다다277073,to_in_001,5
2024,다다277073,to_in_007,0
2024,다다277073,to_in_008,0
2024,다다277979,to_in_001,0
2024,다다277979,to_in_007,0
2024,다다277979,to_in_008,0
2024,다다277983,to_in_001,5
2024,다다277983,to_in_007,0
2024,다다277983,to_in_008,0
2024,다다277994,to_in_001,5
2024,다다277994,to_in_007,5
2024,다다277994,to_in_008,0
2024,다다278067,to_in_001,13
2024,다다278067,to_in_007,8
2024,다다278067,to_in_008,8
2024,다다278069,to_in_001,8
2024,다다278069,to_in_007,5
2024,다다278069,to_in_008,5
2024,다다278995,to_in_001,0
2024,다다278995,to_in_007,0
2024,다다278995,to_in_008,0
2024,다다279066,to_in_001,5
2024,다다279066,to_in_007,5
2024,다다279066,to_in_008,0
2024,다다279069,to_in_001,18
2024,다다279069,to_in_007,8
2024,다다279069,to_in_008,8
2024,다다279075,to_in_001,5
2024,다다279075,to_in_007,5
2024,다다279075,to_in_008,0
2024,다다279903,to_in_001,5
2024,다다279903,to_in_007,5
2024,다다279903,to_in_008,5
2024,다다279904,to_in_001,5
2024,다다279904,to_in_007,5
2024,다다279904,to_in_008,0
2024,다다279918,to_in_001,5
2024,다다279918,to_in_007,0
2024,다다279918,to_in_008,5
2024,다다279919,to_in_001,5
2024,다다279919,to_in_007,5
2024,다다279919,to_in_008,0
2024,다다279973,to_in_001,0
2024,다다279973,to_in_007,0
2024,다다279973,to_in_008,0
2024,다다286062,to_in_001,5
2024,다다286062,to_in_007,0
2024,다다286062,to_in_008,5
2024,다다286063,to_in_001,5
2024,다다286063,to_in_007,5
2024,다다286063,to_in_008,0
2024,다다286064,to_in_001,70
2024,다다286064,to_in_007,8
2024,다다286064,to_in_008,60
2024,다다286065,to_in_001,5
2024,다다286065,to_in_007,0
2024,다다286065,to_in_008,0
2024,다다286077,to_in_001,0
2024,다다286077,to_in_007,0
2024,다다286077,to_in_008,0
2024,다다286901,to_in_001,5
2024,다다286901,to_in_007,0
2024,다다286901,to_in_008,5
2024,다다286912,to_in_001,5
2024,다다286912,to_in_007,5
2024,다다286912,to_in_008,0
2024,다다286913,to_in_001,5
2024,다다286913,to_in_007,0
2024,다다286913,to_in_008,5
2024,다다286914,to_in_001,8
2024,다다286914,to_in_007,5
2024,다다286914,to_in_008,5
2024,다다286915,to_in_001,13
2024,다다286915,to_in_007,5
2024,다다286915,to_in_008,8
2024,다다286925,to_in_001,18
2024,다다286925,to_in_007,8
2024,다다286925,to_in_008,13
2024,다다286926,to_in_001,8
2024,다다286926,to_in_007,5
2024,다다286926,to_in_008,5
2024,다다286930,to_in_001,13
2024,다다286930,to_in_007,5
2024,다다286930,to_in_008,13
2024,다다286946,to_in_001,13
2024,다다286946,to_in_007,8
2024,다다286946,to_in_008,8
2024,다다286947,to_in_001,8
2024,다다286947,to_in_007,8
2024,다다286947,to_in_008,5
2024,다다286957,to_in_001,5
2024,다다286957,to_in_007,5
2024,다다286957,to_in_008,0
2024,다다286961,to_in_001,0
2024,다다286961,to_in_007,0
2024,다다286961,to_in_008,0
2024,다다286972,to_in_001,13
2024,다다286972,to_in_007,5
2024,다다286972,to_in_008,8
2024,다다286975,to_in_001,5
2024,다다286975,to_in_007,0
2024,다다286975,to_in_008,0
2024,다다286976,to_in_001,13
2024,다다286976,to_in_007,8
2024,다다286976,to_in_008,5
2024,다다286987,to_in_001,5
2024,다다286987,to_in_007,5
2024,다다286987,to_in_008,0
2024,다다286988,to_in_001,8
2024,다다286988,to_in_007,5
2024,다다286988,to_in_008,5
2024,다다286989,to_in_001,5
2024,다다286989,to_in_007,5
2024,다다286989,to_in_008,0
2024,다다286990,to_in_001,8
2024,다다286990,to_in_007,8
2024,다다286990,to_in_008,0
2024,다다287064,to_in_001,5
2024,다다287064,to_in_007,0
2024,다다287064,to_in_008,0
2024,다다287912,to_in_001,5
2024,다다287912,to_in_007,5
2024,다다287912,to_in_008,5
2024,다다287916,to_in_001,5
2024,다다287916,to_in_007,0
2024,다다287916,to_in_008,0
2024,다다287925,to_in_001,5
2024,다다287925,to_in_007,0
2024,다다287925,to_in_008,0
2024,다다287929,to_in_001,0
2024,다다287929,to_in_007,0
2024,다다287929,to_in_008,0
2024,다다287930,to_in_001,18
2024,다다287930,to_in_007,13
2024,다다287930,to_in_008,8
2024,다다287931,to_in_001,8
2024,다다287931,to_in_007,5
2024,다다287931,to_in_008,5
2024,다다287938,to_in_001,5
2024,다다287938,to_in_007,5
2024,다다287938,to_in_008,5
2024,다다287939,to_in_001,8
2024,다다287939,to_in_007,5
2024,다다287939,to_in_008,5
2024,다다287946,to_in_001,8
2024,다다287946,to_in_007,8
2024,다다287946,to_in_008,5
2024,다다287947,to_in_001,8
2024,다다287947,to_in_007,8
2024,다다287947,to_in_008,8
2024,다다287961,to_in_001,5
2024,다다287961,to_in_007,0
2024,다다287961,to_in_008,5
2024,다다287963,to_in_001,8
2024,다다287963,to_in_007,5
2024,다다287963,to_in_008,5
2024,다다287970,to_in_001,5
2024,다다287970,to_in_007,0
2024,다다287970,to_in_008,5
2024,다다287971,to_in_001,8
2024,다다287971,to_in_007,5
2024,다다287971,to_in_008,8
2024,다다287972,to_in_001,0
2024,다다287972,to_in_007,0
2024,다다287972,to_in_008,0
2024,다다287973,to_in_001,8
2024,다다287973,to_in_007,5
2024,다다287973,to_in_008,8
2024,다다270005,to_in_007,0
2024,다다270005,to_in_008,0
2024,다다270021,to_in_001,5
2024,다다270021,to_in_007,0
2024,다다270021,to_in_008,0
2024,다다270060,to_in_001,8
2024,다다270060,to_in_007,8
2024,다다270060,to_in_008,0
2024,다다270065,to_in_001,49
2024,다다270065,to_in_007,19
2024,다다270065,to_in_008,28
2024,다다270066,to_in_001,8
2024,다다270066,to_in_007,5
2024,다다270066,to_in_008,5
2024,다다270067,to_in_001,5
2024,다다270067,to_in_007,5
2024,다다270067,to_in_008,0
2024,다다270070,to_in_001,43
2024,다다270070,to_in_007,18
2024,다다270070,to_in_008,23
2024,다다295073,to_in_001,0
2024,다다295073,to_in_007,0
2024,다다295073,to_in_008,0
2024,다다295904,to_in_001,18
2024,다다295904,to_in_007,13
2024,다다295904,to_in_008,8
2024,다다295905,to_in_001,5
2024,다다295905,to_in_007,0
2024,다다295905,to_in_008,0
2024,다다295917,to_in_001,5
2024,다다295917,to_in_007,5
2024,다다295917,to_in_008,5
2024,다다295918,to_in_001,23
2024,다다295918,to_in_007,13
2024,다다295918,to_in_008,13
2024,다다295928,to_in_001,5
2024,다다295928,to_in_007,5
2024,다다295928,to_in_008,0
2024,다다295929,to_in_001,43
2024,다다295929,to_in_007,23
2024,다다295929,to_in_008,18
2024,다다295930,to_in_001,43
2024,다다295930,to_in_007,18
2024,다다295930,to_in_008,23
2024,다다295931,to_in_001,18
2024,다다295931,to_in_007,8
2024,다다295931,to_in_008,8
2024,다다295936,to_in_001,5
2024,다다295936,to_in_007,5
2024,다다295936,to_in_008,0
2024,다다295937,to_in_001,8
2024,다다295937,to_in_007,8
2024,다다295937,to_in_008,0
2024,다다295938,to_in_001,5
2024,다다295938,to_in_007,5
2024,다다295938,to_in_008,5
2024,다다295940,to_in_001,5
2024,다다295940,to_in_007,5
2024,다다295940,to_in_008,5
2024,다다295941,to_in_001,8
2024,다다295941,to_in_007,8
2024,다다295941,to_in_008,0
2024,다다295942,to_in_001,5
2024,다다295942,to_in_007,5
2024,다다295942,to_in_008,0
2024,다다296065,to_in_001,5
2024,다다296065,to_in_007,5
2024,다다296065,to_in_008,5
2024,다다296070,to_in_001,13
2024,다다296070,to_in_007,8
2024,다다296070,to_in_008,8
2024,다다296073,to_in_001,5
2024,다다296073,to_in_007,0
2024,다다296073,to_in_008,0
2024,다다296903,to_in_001,0
2024,다다296903,to_in_007,0
2024,다다296903,to_in_008,0
2024,다다296904,to_in_001,18
2024,다다296904,to_in_007,8
2024,다다296904,to_in_008,8
2024,다다296905,to_in_001,18
2024,다다296905,to_in_007,8
2024,다다296905,to_in_008,8
2024,다다296918,to_in_001,5
2024,다다296918,to_in_007,5
2024,다다296918,to_in_008,5
2024,다다296928,to_in_001,5
2024,다다296928,to_in_007,0
2024,다다296928,to_in_008,0
2024,다다296929,to_in_001,20
2024,다다296929,to_in_007,5
2024,다다296929,to_in_008,15
2024,다다296930,to_in_001,13
2024,다다296930,to_in_007,8
2024,다다296930,to_in_008,8
2024,다다296931,to_in_001,8
2024,다다296931,to_in_007,5
2024,다다296931,to_in_008,5
2024,다다296932,to_in_001,5
2024,다다296932,to_in_007,5
2024,다다296932,to_in_008,0
2024,다다296936,to_in_001,5
2024,다다296936,to_in_007,5
2024,다다296936,to_in_008,0
2024,다다296937,to_in_001,0
2024,다다296937,to_in_007,0
2024,다다296937,to_in_008,0
2024,다다296938,to_in_001,13
2024,다다296938,to_in_007,8
2024,다다296938,to_in_008,8
2024,다다296940,to_in_001,5
2024,다다296940,to_in_007,0
2024,다다296940,to_in_008,5
2024,다다296941,to_in_001,5
2024,다다296941,to_in_007,0
2024,다다296941,to_in_008,0
2024,다다296942,to_in_001,23
2024,다다296942,to_in_007,8
2024,다다296942,to_in_008,18
2024,다다296948,to_in_001,5
2024,다다296948,to_in_007,0
2024,다다296948,to_in_008,0
2024,다다296949,to_in_001,5
2024,다다296949,to_in_007,5
2024,다다296949,to_in_008,0
2024,다다297065,to_in_001,0
2024,다다297065,to_in_007,0
2024,다다297065,to_in_008,0
2024,다다297067,to_in_001,5
2024,다다297067,to_in_007,0
2024,다다297067,to_in_008,5
2024,다다297069,to_in_001,5
2024,다다297069,to_in_007,0
2024,다다297069,to_in_008,5
2024,다다301913,to_in_001,8
2024,다다271071,to_in_001,5
2024,다다271071,to_in_007,5
2024,다다271071,to_in_008,0
2024,다다271898,to_in_001,8
2024,다다271898,to_in_007,5
2024,다다271898,to_in_008,5
2024,다다271916,to_in_001,0
2024,다다271916,to_in_007,0
2024,다다271916,to_in_008,0
2024,다다271917,to_in_001,8
2024,다다271917,to_in_007,8
2024,다다271917,to_in_008,5
2024,다다271918,to_in_001,5
2024,다다271918,to_in_007,0
2024,다다271918,to_in_008,5
2024,다다271923,to_in_001,5
2024,다다271923,to_in_007,5
2024,다다271923,to_in_008,5
2024,다다271928,to_in_001,5
2024,다다271928,to_in_007,5
2024,다다271928,to_in_008,5
2024,다다271978,to_in_001,0
2024,다다271978,to_in_007,0
2024,다다271978,to_in_008,0
2024,다다271997,to_in_001,8
2024,다다271997,to_in_007,5
2024,다다271997,to_in_008,8
2024,다다271999,to_in_001,18
2024,다다271999,to_in_007,8
2024,다다271999,to_in_008,8
2024,다다272004,to_in_001,5
2024,다다272004,to_in_007,5
2024,다다272004,to_in_008,0
2024,다다272900,to_in_001,5
2024,다다272900,to_in_007,5
2024,다다272900,to_in_008,0
2024,다다272901,to_in_001,0
2024,다다272901,to_in_007,0
2024,다다272901,to_in_008,0
2024,다다272916,to_in_001,5
2024,다다272916,to_in_007,0
2024,다다272916,to_in_008,0
2024,다다272917,to_in_001,13
2024,다다272917,to_in_007,8
2024,다다272917,to_in_008,5
2024,다다272918,to_in_001,18
2024,다다272918,to_in_007,13
2024,다다272918,to_in_008,8
2024,다다272919,to_in_001,0
2024,다다272919,to_in_007,0
2024,다다272919,to_in_008,0
2024,다다272920,to_in_001,0
2024,다다272920,to_in_007,0
2024,다다272920,to_in_008,0
2024,다다272998,to_in_001,5
2024,다다272998,to_in_007,5
2024,다다272998,to_in_008,5
2024,다다272999,to_in_001,13
2024,다다272999,to_in_007,8
2024,다다272999,to_in_008,8
2024,다다273017,to_in_001,5
2024,다다273017,to_in_007,0
2024,다다273017,to_in_008,5
2024,다다273069,to_in_001,0
2024,다다273069,to_in_007,0
2024,다다273069,to_in_008,0
2024,다다273897,to_in_001,5
2024,다다273897,to_in_007,5
2024,다다273897,to_in_008,0
2024,다다273898,to_in_001,8
2024,다다273898,to_in_007,5
2024,다다273898,to_in_008,5
2024,다다273917,to_in_001,5
2024,다다273917,to_in_007,5
2024,다다273917,to_in_008,5
2024,다다273918,to_in_001,5
2024,다다273918,to_in_007,0
2024,다다273918,to_in_008,0
2024,다다273921,to_in_001,0
2024,다다273921,to_in_007,0
2024,다다273921,to_in_008,0
2024,다다274071,to_in_001,5
2024,다다274071,to_in_007,5
2024,다다274071,to_in_008,0
2024,다다274897,to_in_001,18
2024,다다274897,to_in_007,13
2024,다다274897,to_in_008,5
2024,다다274898,to_in_001,18
2024,다다274898,to_in_007,13
2024,다다274898,to_in_008,5
2024,다다274899,to_in_001,18
2024,다다274899,to_in_007,8
2024,다다274899,to_in_008,8
2024,다다274900,to_in_001,13
2024,다다274900,to_in_007,8
2024,다다274900,to_in_008,8
2024,다다274902,to_in_001,8
2024,다다274902,to_in_007,8
2024,다다274902,to_in_008,0
2024,다다274903,to_in_001,5
2024,다다274903,to_in_007,5
2024,다다274903,to_in_008,5
2024,다다274904,to_in_001,8
2024,다다274904,to_in_007,5
2024,다다274904,to_in_008,5
2024,다다274983,to_in_001,5
2024,다다274983,to_in_007,0
2024,다다274983,to_in_008,0
2024,다다274995,to_in_001,5
2024,다다274995,to_in_007,0
2024,다다274995,to_in_008,0
2024,다다288060,to_in_001,5
2024,다다288060,to_in_007,0
2024,다다288060,to_in_008,0
2024,다다288911,to_in_001,5
2024,다다288911,to_in_007,0
2024,다다288911,to_in_008,0
2024,다다288912,to_in_001,5
2024,다다288912,to_in_007,0
2024,다다288912,to_in_008,5
2024,다다288931,to_in_001,0
2024,다다288931,to_in_007,0
2024,다다288931,to_in_008,0
2024,다다288932,to_in_001,8
2024,다다288932,to_in_007,5
2024,다다288932,to_in_008,5
2024,다다288938,to_in_001,5
2024,다다288938,to_in_007,5
2024,다다288938,to_in_008,0
2024,다다288939,to_in_001,18
2024,다다288939,to_in_007,13
2024,다다288939,to_in_008,5
2024,다다288946,to_in_001,0
2024,다다288946,to_in_007,0
2024,다다288946,to_in_008,0
2024,다다288947,to_in_001,5
2024,다다288947,to_in_007,0
2024,다다288947,to_in_008,5
2024,다다288948,to_in_001,13
2024,다다288948,to_in_007,5
2024,다다288948,to_in_008,8
2024,다다288949,to_in_001,5
2024,다다288949,to_in_007,5
2024,다다288949,to_in_008,0
2024,다다288962,to_in_001,5
2024,다다288962,to_in_007,0
2024,다다288962,to_in_008,0
2024,다다288964,to_in_001,5
2024,다다288964,to_in_007,0
2024,다다288964,to_in_008,0
2024,다다288965,to_in_001,5
2024,다다288965,to_in_007,0
2024,다다288965,to_in_008,0
2024,다다288970,to_in_001,13
2024,다다288970,to_in_007,5
2024,다다288970,to_in_008,8
2024,다다288971,to_in_001,18
2024,다다288971,to_in_007,8
2024,다다288971,to_in_008,8
2024,다다288977,to_in_001,13
2024,다다288977,to_in_007,8
2024,다다288977,to_in_008,8
2024,다다288978,to_in_001,18
2024,다다288978,to_in_007,8
2024,다다288978,to_in_008,8
2024,다다288979,to_in_001,23
2024,다다288979,to_in_007,8
2024,다다288979,to_in_008,13
2024,다다288980,to_in_001,8
2024,다다288980,to_in_007,5
2024,다다288980,to_in_008,5
2024,다다288988,to_in_001,0
2024,다다288988,to_in_007,0
2024,다다288988,to_in_008,0
2024,다다288989,to_in_001,5
2024,다다288989,to_in_007,5
2024,다다288989,to_in_008,0
2024,다다288991,to_in_001,5
2024,다다288991,to_in_007,5
2024,다다288991,to_in_008,0
2024,다다289076,to_in_001,8
2024,다다289076,to_in_007,8
2024,다다289076,to_in_008,0
2024,다다289909,to_in_001,5
2024,다다289909,to_in_007,0
2024,다다289909,to_in_008,0
2024,다다289911,to_in_001,8
2024,다다289911,to_in_007,5
2024,다다289911,to_in_008,5
2024,다다289912,to_in_001,5
2024,다다289912,to_in_007,5
2024,다다289912,to_in_008,5
2024,다다289930,to_in_001,13
2024,다다289930,to_in_007,8
2024,다다289930,to_in_008,8
2024,다다289938,to_in_001,5
2024,다다289938,to_in_007,0
2024,다다289938,to_in_008,5
2024,다다289940,to_in_001,5
2024,다다289940,to_in_007,0
2024,다다289940,to_in_008,0
2024,다다289943,to_in_001,5
2024,다다289943,to_in_007,0
2024,다다289943,to_in_008,0
2024,다다289944,to_in_001,5
2024,다다289944,to_in_007,0
2024,다다289944,to_in_008,5
2024,다다289945,to_in_001,8
2024,다다289945,to_in_007,5
2024,다다289945,to_in_008,5
2024,다다289946,to_in_001,13
2024,다다289946,to_in_007,8
2024,다다289946,to_in_008,5
2024,다다289947,to_in_001,8
2024,다다289947,to_in_007,5
2024,다다289947,to_in_008,5
2024,다다289948,to_in_001,13
2024,다다289948,to_in_007,8
2024,다다289948,to_in_008,8
2024,다다289949,to_in_001,8
2024,다다289949,to_in_007,5
2024,다다289949,to_in_008,8
2024,다다289950,to_in_001,5
2024,다다289950,to_in_007,5
2024,다다289950,to_in_008,5
2024,다다289964,to_in_001,5
2024,다다289964,to_in_007,0
2024,다다289964,to_in_008,5
2024,다다289965,to_in_001,13
2024,다다289965,to_in_007,8
2024,다다289965,to_in_008,8
2024,다다289966,to_in_001,5
2024,다다289966,to_in_007,5
2024,다다289966,to_in_008,0
2024,다다289969,to_in_001,5
2024,다다289969,to_in_007,5
2024,다다289969,to_in_008,5
2024,다다289970,to_in_001,13
2024,다다289970,to_in_007,8
2024,다다289970,to_in_008,8
2024,다다289971,to_in_001,33
2024,다다289971,to_in_007,18
2024,다다289971,to_in_008,18
2024,다다289972,to_in_001,8
2024,다다289972,to_in_007,5
2024,다다289972,to_in_008,8
2024,다다289974,to_in_001,5
2024,다다289974,to_in_007,0
2024,다다289974,to_in_008,5
2024,다다289977,to_in_001,8
2024,다다289977,to_in_007,0
2024,다다289977,to_in_008,8
2024,다다297070,to_in_001,24
2024,다다297070,to_in_007,14
2024,다다297070,to_in_008,8
2024,다다297071,to_in_001,58
2024,다다297071,to_in_007,23
2024,다다297071,to_in_008,33
2024,다다297072,to_in_001,33
2024,다다297072,to_in_007,13
2024,다다297072,to_in_008,18
2024,다다297073,to_in_001,0
2024,다다297073,to_in_007,0
2024,다다297073,to_in_008,0
2024,다다297901,to_in_001,5
2024,다다297901,to_in_007,5
2024,다다297901,to_in_008,0
2024,다다297903,to_in_001,5
2024,다다297903,to_in_007,0
2024,다다297903,to_in_008,0
2024,다다297904,to_in_001,8
2024,다다297904,to_in_007,8
2024,다다297904,to_in_008,5
2024,다다297905,to_in_001,8
2024,다다297905,to_in_007,5
2024,다다297905,to_in_008,5
2024,다다297918,to_in_001,8
2024,다다297918,to_in_007,5
2024,다다297918,to_in_008,5
2024,다다297928,to_in_001,5
2024,다다297928,to_in_007,0
2024,다다297928,to_in_008,0
2024,다다297929,to_in_001,8
2024,다다297929,to_in_007,5
2024,다다297929,to_in_008,5
2024,다다297930,to_in_001,53
2024,다다297930,to_in_007,23
2024,다다297930,to_in_008,28
2024,다다297931,to_in_001,18
2024,다다297931,to_in_007,8
2024,다다297931,to_in_008,13
2024,다다297937,to_in_001,5
2024,다다297937,to_in_007,5
2024,다다301913,to_in_007,5
2024,다다301913,to_in_008,8
2024,다다301914,to_in_001,13
2024,다다301914,to_in_007,8
2024,다다301914,to_in_008,5
2024,다다301923,to_in_001,123
2024,다다301923,to_in_007,65
2024,다다301923,to_in_008,56
2024,다다301924,to_in_001,61
2024,다다301924,to_in_007,28
2024,다다301924,to_in_008,36
2024,다다301926,to_in_001,5
2024,다다301926,to_in_007,0
2024,다다301926,to_in_008,0
2024,다다301929,to_in_001,13
2024,다다301929,to_in_007,5
2024,다다301929,to_in_008,8
2024,다다301934,to_in_001,8
2024,다다301934,to_in_007,5
2024,다다301934,to_in_008,5
2024,다다301937,to_in_001,5
2024,다다301937,to_in_007,0
2024,다다301937,to_in_008,5
2024,다다301938,to_in_001,5
2024,다다301938,to_in_007,5
2024,다다301938,to_in_008,0
2024,다다302063,to_in_001,13
2024,다다302063,to_in_007,5
2024,다다302063,to_in_008,8
2024,다다302069,to_in_001,8
2024,다다302069,to_in_007,8
2024,다다302069,to_in_008,8
2024,다다302070,to_in_001,5
2024,다다302070,to_in_007,5
2024,다다302070,to_in_008,0
2024,다다302071,to_in_001,28
2024,다다302071,to_in_007,13
2024,다다302071,to_in_008,13
2024,다다302072,to_in_001,43
2024,다다302072,to_in_007,18
2024,다다302072,to_in_008,23
2024,다다302073,to_in_001,68
2024,다다302073,to_in_007,33
2024,다다302073,to_in_008,33
2024,다다302074,to_in_001,38
2024,다다302074,to_in_007,18
2024,다다302074,to_in_008,23
2024,다다302075,to_in_001,33
2024,다다302075,to_in_007,18
2024,다다302075,to_in_008,18
2024,다다302076,to_in_001,5
2024,다다302076,to_in_007,0
2024,다다302076,to_in_008,5
2024,다다302912,to_in_001,5
2024,다다302912,to_in_007,5
2024,다다302912,to_in_008,0
2024,다다302914,to_in_001,28
2024,다다302914,to_in_007,18
2024,다다302914,to_in_008,13
2024,다다302915,to_in_001,43
2024,다다302915,to_in_007,23
2024,다다302915,to_in_008,18
2024,다다302916,to_in_001,13
2024,다다302916,to_in_007,8
2024,다다302916,to_in_008,8
2024,다다302917,to_in_001,13
2024,다다302917,to_in_007,8
2024,다다302917,to_in_008,8
2024,다다302920,to_in_001,28
2024,다다302920,to_in_007,13
2024,다다302920,to_in_008,13
2024,다다302921,to_in_001,121
2024,다다302921,to_in_007,69
2024,다다302921,to_in_008,50
2024,다다302922,to_in_001,406
2024,다다302922,to_in_007,191
2024,다다302922,to_in_008,213
2024,다다302923,to_in_001,285
2024,다다302923,to_in_007,138
2024,다다302923,to_in_008,145
2024,다다307074,to_in_001,43
2024,다다290962,to_in_001,0
2024,다다290962,to_in_007,0
2024,다다290962,to_in_008,0
2024,다다290964,to_in_001,5
2024,다다290964,to_in_007,0
2024,다다290964,to_in_008,0
2024,다다290965,to_in_001,8
2024,다다290965,to_in_007,5
2024,다다290965,to_in_008,5
2024,다다290966,to_in_001,5
2024,다다290966,to_in_007,5
2024,다다290966,to_in_008,0
2024,다다290968,to_in_001,5
2024,다다290968,to_in_007,5
2024,다다290968,to_in_008,5
2024,다다290969,to_in_001,13
2024,다다290969,to_in_007,8
2024,다다290969,to_in_008,5
2024,다다290970,to_in_001,13
2024,다다290970,to_in_007,5
2024,다다290970,to_in_008,13
2024,다다290971,to_in_001,18
2024,다다290971,to_in_007,8
2024,다다290971,to_in_008,13
2024,다다290972,to_in_001,0
2024,다다290972,to_in_007,0
2024,다다290972,to_in_008,0
2024,다다290973,to_in_001,5
2024,다다290973,to_in_007,0
2024,다다290973,to_in_008,5
2024,다다290976,to_in_001,0
2024,다다290976,to_in_007,0
2024,다다290976,to_in_008,0
2024,다다290980,to_in_001,0
2024,다다290980,to_in_007,0
2024,다다290980,to_in_008,0
2024,다다290981,to_in_001,8
2024,다다290981,to_in_007,8
2024,다다290981,to_in_008,5
2024,다다291070,to_in_001,5
2024,다다291070,to_in_007,0
2024,다다291070,to_in_008,5
2024,다다291075,to_in_001,0
2024,다다291075,to_in_007,0
2024,다다291075,to_in_008,0
2024,다다291897,to_in_001,0
2024,다다291897,to_in_007,0
2024,다다291897,to_in_008,0
2024,다다292947,to_in_001,23
2024,다다292947,to_in_007,13
2024,다다292947,to_in_008,13
2024,다다292948,to_in_001,18
2024,다다292948,to_in_007,8
2024,다다292948,to_in_008,8
2024,다다292952,to_in_001,5
2024,다다292952,to_in_007,5
2024,다다292952,to_in_008,0
2024,다다292954,to_in_001,5
2024,다다292954,to_in_007,0
2024,다다292954,to_in_008,0
2024,다다292955,to_in_001,8
2024,다다292955,to_in_007,5
2024,다다292955,to_in_008,8
2024,다다292960,to_in_001,5
2024,다다292960,to_in_007,0
2024,다다292960,to_in_008,0
2024,다다292961,to_in_001,5
2024,다다292961,to_in_007,5
2024,다다292961,to_in_008,0
2024,다다292962,to_in_001,8
2024,다다292962,to_in_007,5
2024,다다292962,to_in_008,5
2024,다다292963,to_in_001,18
2024,다다292963,to_in_007,8
2024,다다292963,to_in_008,13
2024,다다292964,to_in_001,43
2024,다다292964,to_in_007,23
2024,다다292964,to_in_008,18
2024,다다292965,to_in_001,33
2024,다다292965,to_in_007,13
2024,다다292965,to_in_008,18
2024,다다292971,to_in_001,5
2024,다다292971,to_in_007,5
2024,다다292971,to_in_008,0
2024,다다292973,to_in_001,8
2024,다다292973,to_in_007,5
2024,다다292973,to_in_008,5
2024,다다292974,to_in_001,0
2024,다다292974,to_in_007,0
2024,다다292974,to_in_008,0
2024,다다292975,to_in_001,13
2024,다다292975,to_in_007,8
2024,다다292975,to_in_008,0
2024,다다292976,to_in_001,8
2024,다다292976,to_in_007,5
2024,다다292976,to_in_008,5
2024,다다292980,to_in_001,13
2024,다다292980,to_in_007,13
2024,다다292980,to_in_008,0
2024,다다292981,to_in_001,5
2024,다다292981,to_in_007,5
2024,다다292981,to_in_008,5
2024,다다293065,to_in_001,5
2024,다다293065,to_in_007,0
2024,다다293065,to_in_008,0
2024,다다293066,to_in_001,8
2024,다다293066,to_in_007,0
2024,다다293066,to_in_008,8
2024,다다293067,to_in_001,13
2024,다다293067,to_in_007,5
2024,다다293067,to_in_008,8
2024,다다293071,to_in_001,5
2024,다다293071,to_in_007,5
2024,다다293071,to_in_008,5
2024,다다293899,to_in_001,0
2024,다다293899,to_in_007,0
2024,다다293899,to_in_008,0
2024,다다293902,to_in_001,0
2024,다다293902,to_in_007,0
2024,다다293902,to_in_008,0
2024,다다293903,to_in_001,5
2024,다다293903,to_in_007,0
2024,다다293903,to_in_008,0
2024,다다293904,to_in_001,5
2024,다다293904,to_in_007,0
2024,다다293904,to_in_008,5
2024,다다293917,to_in_001,8
2024,다다293917,to_in_007,5
2024,다다293917,to_in_008,5
2024,다다293918,to_in_001,13
2024,다다293918,to_in_007,8
2024,다다293918,to_in_008,5
2024,다다293919,to_in_001,28
2024,다다293919,to_in_007,13
2024,다다293919,to_in_008,13
2024,다다293920,to_in_001,8
2024,다다293920,to_in_007,5
2024,다다293920,to_in_008,5
2024,다다293921,to_in_001,5
2024,다다293921,to_in_007,5
2024,다다293921,to_in_008,0
2024,다다293924,to_in_001,5
2024,다다293924,to_in_007,5
2024,다다293924,to_in_008,0
2024,다다293929,to_in_001,8
2024,다다293929,to_in_007,5
2024,다다293929,to_in_008,5
2024,다다293930,to_in_001,18
2024,다다293930,to_in_007,8
2024,다다293930,to_in_008,8
2024,다다293936,to_in_001,5
2024,다다293936,to_in_007,5
2024,다다293936,to_in_008,0
2024,다다293939,to_in_001,5
2024,다다293939,to_in_007,5
2024,다다293939,to_in_008,0
2024,다다293941,to_in_001,8
2024,다다293941,to_in_007,5
2024,다다293941,to_in_008,8
2024,다다293942,to_in_001,5
2024,다다293942,to_in_007,5
2024,다다293942,to_in_008,5
2024,다다293943,to_in_001,5
2024,다다293943,to_in_007,5
2024,다다293943,to_in_008,0
2024,다다300073,to_in_001,48
2024,다다300073,to_in_007,23
2024,다다300073,to_in_008,28
2024,다다300074,to_in_001,53
2024,다다300074,to_in_007,28
2024,다다300074,to_in_008,23
2024,다다300075,to_in_001,48
2024,다다300075,to_in_007,23
2024,다다300075,to_in_008,23
2024,다다300076,to_in_001,18
2024,다다300076,to_in_007,8
2024,다다300076,to_in_008,8
2024,다다300907,to_in_001,0
2024,다다300907,to_in_007,0
2024,다다300907,to_in_008,0
2024,다다300911,to_in_001,5
2024,다다300911,to_in_007,5
2024,다다300911,to_in_008,0
2024,다다300912,to_in_001,212
2024,다다300912,to_in_007,106
2024,다다300912,to_in_008,104
2024,다다300913,to_in_001,247
2024,다다300913,to_in_007,119
2024,다다300913,to_in_008,126
2024,다다300914,to_in_001,108
2024,다다300914,to_in_007,50
2024,다다300914,to_in_008,61
2024,다다300922,to_in_001,13
2024,다다300922,to_in_007,5
2024,다다300922,to_in_008,8
2024,다다300924,to_in_001,44
2024,다다300924,to_in_007,18
2024,다다300924,to_in_008,24
2024,다다300926,to_in_001,0
2024,다다300926,to_in_007,0
2024,다다300926,to_in_008,0
2024,다다300927,to_in_001,0
2024,다다300927,to_in_007,0
2024,다다300927,to_in_008,0
2024,다다300928,to_in_001,0
2024,다다300928,to_in_007,0
2024,다다300928,to_in_008,0
2024,다다300929,to_in_001,33
2024,다다300929,to_in_007,18
2024,다다300929,to_in_008,13
2024,다다300938,to_in_001,5
2024,다다300938,to_in_007,5
2024,다다300938,to_in_008,0
2024,다다300939,to_in_001,13
2024,다다300939,to_in_007,5
2024,다다300939,to_in_008,8
2024,다다301057,to_in_001,5
2024,다다301057,to_in_007,0
2024,다다301057,to_in_008,5
2024,다다301063,to_in_001,5
2024,다다301063,to_in_007,5
2024,다다301063,to_in_008,0
2024,다다301068,to_in_001,8
2024,다다301068,to_in_007,5
2024,다다301068,to_in_008,5
2024,다다301069,to_in_001,13
2024,다다301069,to_in_007,8
2024,다다301069,to_in_008,8
2024,다다301070,to_in_001,18
2024,다다301070,to_in_007,8
2024,다다301070,to_in_008,8
2024,다다301071,to_in_001,38
2024,다다301071,to_in_007,18
2024,다다301071,to_in_008,18
2024,다다301072,to_in_001,49
2024,다다301072,to_in_007,23
2024,다다301072,to_in_008,29
2024,다다301073,to_in_001,63
2024,다다301073,to_in_007,33
2024,다다301073,to_in_008,28
2024,다다301074,to_in_001,58
2024,다다301074,to_in_007,28
2024,다다301074,to_in_008,28
2024,다다301075,to_in_001,13
2024,다다301075,to_in_007,8
2024,다다301075,to_in_008,8
2024,다다301895,to_in_001,5
2024,다다301895,to_in_007,0
2024,다다301895,to_in_008,5
2024,다다301900,to_in_001,5
2024,다다301900,to_in_007,0
2024,다다301900,to_in_008,5
2024,다다301901,to_in_001,5
2024,다다301901,to_in_007,5
2024,다다301901,to_in_008,5
2024,다다301902,to_in_001,5
2024,다다301902,to_in_007,0
2024,다다301902,to_in_008,0
2024,다다301907,to_in_001,8
2024,다다301907,to_in_007,0
2024,다다301907,to_in_008,8
2024,다다301909,to_in_001,5
2024,다다301909,to_in_007,0
2024,다다301909,to_in_008,5
2024,다다301912,to_in_001,5
2024,다다301912,to_in_007,5
2024,다다301912,to_in_008,0
2024,다다303919,to_in_001,38
2024,다다303919,to_in_007,18
2024,다다303919,to_in_008,18
2024,다다303920,to_in_001,100
2024,다다303920,to_in_007,50
2024,다다303920,to_in_008,48
2024,다다303921,to_in_001,169
2024,다다303921,to_in_007,77
2024,다다303921,to_in_008,90
2024,다다303922,to_in_001,53
2024,다다303922,to_in_007,23
2024,다다303922,to_in_008,28
2024,다다303923,to_in_001,100
2024,다다303923,to_in_007,48
2024,다다303923,to_in_008,50
2024,다다303924,to_in_001,33
2024,다다303924,to_in_007,18
2024,다다303924,to_in_008,13
2024,다다303927,to_in_001,5
2024,다다303927,to_in_007,0
2024,다다303927,to_in_008,5
2024,다다303929,to_in_001,5
2024,다다303929,to_in_007,0
2024,다다303929,to_in_008,5
2024,다다303930,to_in_001,8
2024,다다303930,to_in_007,5
2024,다다264924,to_in_008,0
2024,다다264926,to_in_001,5
2024,다다264926,to_in_007,5
2024,다다264926,to_in_008,0
2024,다다264929,to_in_001,5
2024,다다264929,to_in_007,5
2024,다다264929,to_in_008,0
2024,다다264930,to_in_001,13
2024,다다264930,to_in_007,8
2024,다다264930,to_in_008,8
2024,다다264932,to_in_001,5
2024,다다264932,to_in_007,5
2024,다다264932,to_in_008,5
2024,다다264933,to_in_001,0
2024,다다264933,to_in_007,0
2024,다다264933,to_in_008,0
2024,다다264934,to_in_001,5
2024,다다264934,to_in_007,5
2024,다다264934,to_in_008,0
2024,다다265021,to_in_001,5
2024,다다265021,to_in_007,5
2024,다다265021,to_in_008,5
2024,다다265022,to_in_001,18
2024,다다265022,to_in_007,5
2024,다다265022,to_in_008,13
2024,다다265028,to_in_001,5
2024,다다265028,to_in_007,0
2024,다다265028,to_in_008,0
2024,다다265029,to_in_001,5
2024,다다265029,to_in_007,0
2024,다다265029,to_in_008,0
2024,다다265065,to_in_001,0
2024,다다265065,to_in_007,0
2024,다다265065,to_in_008,0
2024,다다265066,to_in_001,18
2024,다다265066,to_in_007,8
2024,다다265066,to_in_008,8
2024,다다283077,to_in_001,5
2024,다다283077,to_in_007,0
2024,다다283077,to_in_008,5
2024,다다283904,to_in_001,5
2024,다다283904,to_in_007,5
2024,다다283904,to_in_008,5
2024,다다283905,to_in_001,8
2024,다다283905,to_in_007,5
2024,다다283905,to_in_008,0
2024,다다283907,to_in_001,5
2024,다다283907,to_in_007,0
2024,다다283907,to_in_008,0
2024,다다283917,to_in_001,13
2024,다다283917,to_in_007,8
2024,다다283917,to_in_008,5
2024,다다283928,to_in_001,5
2024,다다283928,to_in_007,0
2024,다다283928,to_in_008,0
2024,다다283929,to_in_001,8
2024,다다283929,to_in_007,8
2024,다다283929,to_in_008,5
2024,다다283930,to_in_001,5
2024,다다283930,to_in_007,5
2024,다다283930,to_in_008,5
2024,다다283972,to_in_001,8
2024,다다283972,to_in_007,5
2024,다다283972,to_in_008,8
2024,다다283973,to_in_001,5
2024,다다283973,to_in_007,5
2024,다다283973,to_in_008,5
2024,다다283986,to_in_001,5
2024,다다283986,to_in_007,5
2024,다다283986,to_in_008,5
2024,다다283987,to_in_001,5
2024,다다283987,to_in_007,0
2024,다다283987,to_in_008,0
2024,다다283991,to_in_001,5
2024,다다283991,to_in_007,0
2024,다다283991,to_in_008,0
2024,다다284073,to_in_001,5
2024,다다284073,to_in_007,5
2024,다다284073,to_in_008,0
2024,다다284074,to_in_001,8
2024,다다284074,to_in_007,5
2024,다다284074,to_in_008,5
2024,다다284916,to_in_001,5
2024,다다284916,to_in_007,5
2024,다다284916,to_in_008,5
2024,다다284917,to_in_001,5
2024,다다284917,to_in_007,0
2024,다다284917,to_in_008,5
2024,다다284925,to_in_001,8
2024,다다284925,to_in_007,5
2024,다다284925,to_in_008,5
2024,다다284929,to_in_001,0
2024,다다284929,to_in_007,0
2024,다다284929,to_in_008,0
2024,다다284930,to_in_001,5
2024,다다284930,to_in_007,5
2024,다다284930,to_in_008,0
2024,다다284946,to_in_001,5
2024,다다284946,to_in_007,0
2024,다다284946,to_in_008,5
2024,다다284971,to_in_001,0
2024,다다284971,to_in_007,0
2024,다다284971,to_in_008,0
2024,다다284972,to_in_001,5
2024,다다284972,to_in_007,0
2024,다다284972,to_in_008,5
2024,다다284975,to_in_001,5
2024,다다284975,to_in_007,5
2024,다다284975,to_in_008,0
2024,다다284976,to_in_001,8
2024,다다284976,to_in_007,5
2024,다다284976,to_in_008,5
2024,다다284986,to_in_001,0
2024,다다284986,to_in_007,0
2024,다다284986,to_in_008,0
2024,다다284987,to_in_001,5
2024,다다284987,to_in_007,5
2024,다다284987,to_in_008,5
2024,다다284988,to_in_001,5
2024,다다284988,to_in_007,0
2024,다다284988,to_in_008,0
2024,다다285056,to_in_001,5
2024,다다285056,to_in_007,5
2024,다다285056,to_in_008,0
2024,다다285062,to_in_001,0
2024,다다285062,to_in_007,0
2024,다다285062,to_in_008,0
2024,다다285063,to_in_001,18
2024,다다285063,to_in_007,13
2024,다다285063,to_in_008,5
2024,다다285066,to_in_001,5
2024,다다285066,to_in_007,5
2024,다다285066,to_in_008,0
2024,다다285902,to_in_001,5
2024,다다285902,to_in_007,5
2024,다다285902,to_in_008,5
2024,다다285914,to_in_001,0
2024,다다285914,to_in_007,0
2024,다다285914,to_in_008,0
2024,다다285915,to_in_001,5
2024,다다285915,to_in_007,5
2024,다다285915,to_in_008,5
2024,다다285916,to_in_001,8
2024,다다285916,to_in_007,8
2024,다다285916,to_in_008,5
2024,다다285924,to_in_001,8
2024,다다285924,to_in_007,5
2024,다다285924,to_in_008,5
2024,다다285925,to_in_001,33
2024,다다285925,to_in_007,18
2024,다다285925,to_in_008,18
2024,다다285926,to_in_001,8
2024,다다285926,to_in_007,5
2024,다다285926,to_in_008,5
2024,다다285929,to_in_001,5
2024,다다285929,to_in_007,0
2024,다다285929,to_in_008,5
2024,다다285930,to_in_001,0
2024,다다285930,to_in_007,0
2024,다다285930,to_in_008,0
2024,다다285946,to_in_001,5
2024,다다285946,to_in_007,5
2024,다다285946,to_in_008,5
2024,다다285969,to_in_001,5
2024,다다285969,to_in_007,0
2024,다다285969,to_in_008,0
2024,다다285975,to_in_001,0
2024,다다285975,to_in_007,0
2024,다다285975,to_in_008,0
2024,다다285977,to_in_001,8
2024,다다285977,to_in_007,5
2024,다다285977,to_in_008,5
2024,다다285987,to_in_001,13
2024,다다285987,to_in_007,8
2024,다다285987,to_in_008,8
2024,다다285988,to_in_001,8
2024,다다285988,to_in_007,5
2024,다다285988,to_in_008,8
2024,다다286005,to_in_001,5
2024,다다286005,to_in_007,0
2024,다다286005,to_in_008,0
2024,다다286060,to_in_001,5
2024,다다286060,to_in_007,5
2024,다다286060,to_in_008,0
2024,다다293948,to_in_001,8
2024,다다293948,to_in_007,5
2024,다다293948,to_in_008,5
2024,다다293954,to_in_001,5
2024,다다293954,to_in_007,0
2024,다다293954,to_in_008,0
2024,다다293955,to_in_001,5
2024,다다293955,to_in_007,0
2024,다다293955,to_in_008,5
2024,다다293963,to_in_001,8
2024,다다293963,to_in_007,5
2024,다다293963,to_in_008,8
2024,다다293964,to_in_001,23
2024,다다293964,to_in_007,8
2024,다다293964,to_in_008,13
2024,다다293965,to_in_001,5
2024,다다293965,to_in_007,5
2024,다다293965,to_in_008,0
2024,다다293972,to_in_001,13
2024,다다293972,to_in_007,8
2024,다다293972,to_in_008,0
2024,다다293973,to_in_001,18
2024,다다293973,to_in_007,13
2024,다다293973,to_in_008,5
2024,다다293974,to_in_001,22
2024,다다293974,to_in_007,22
2024,다다293974,to_in_008,0
2024,다다293975,to_in_001,8
2024,다다293975,to_in_007,8
2024,다다293975,to_in_008,0
2024,다다293977,to_in_001,5
2024,다다293977,to_in_007,5
2024,다다293977,to_in_008,0
2024,다다293983,to_in_001,5
2024,다다293983,to_in_007,5
2024,다다293983,to_in_008,0
2024,다다294053,to_in_001,0
2024,다다294053,to_in_007,0
2024,다다294053,to_in_008,0
2024,다다294059,to_in_001,5
2024,다다294059,to_in_007,5
2024,다다294059,to_in_008,0
2024,다다294061,to_in_001,13
2024,다다294061,to_in_007,8
2024,다다294061,to_in_008,8
2024,다다294066,to_in_001,8
2024,다다294066,to_in_007,5
2024,다다294066,to_in_008,0
2024,다다294067,to_in_001,18
2024,다다294067,to_in_007,13
2024,다다294067,to_in_008,8
2024,다다294069,to_in_001,5
2024,다다294069,to_in_007,5
2024,다다294069,to_in_008,5
2024,다다294070,to_in_001,5
2024,다다294070,to_in_007,5
2024,다다294070,to_in_008,0
2024,다다294894,to_in_001,5
2024,다다294894,to_in_007,5
2024,다다294894,to_in_008,5
2024,다다294896,to_in_001,5
2024,다다294896,to_in_007,0
2024,다다294896,to_in_008,0
2024,다다294898,to_in_001,5
2024,다다294898,to_in_007,5
2024,다다294898,to_in_008,0
2024,다다294918,to_in_001,33
2024,다다294918,to_in_007,13
2024,다다294918,to_in_008,18
2024,다다294919,to_in_001,5
2024,다다294919,to_in_007,5
2024,다다294919,to_in_008,5
2024,다다294920,to_in_001,5
2024,다다294920,to_in_007,5
2024,다다294920,to_in_008,0
2024,다다294921,to_in_001,5
2024,다다294921,to_in_007,5
2024,다다294921,to_in_008,0
2024,다다294930,to_in_001,23
2024,다다294930,to_in_007,13
2024,다다294930,to_in_008,8
2024,다다294935,to_in_001,5
2024,다다294935,to_in_007,5
2024,다다294935,to_in_008,5
2024,다다294936,to_in_001,8
2024,다다294936,to_in_007,5
2024,다다294936,to_in_008,5
2024,다다294939,to_in_001,13
2024,다다294939,to_in_007,13
2024,다다294939,to_in_008,0
2024,다다294940,to_in_001,8
2024,다다294940,to_in_007,5
2024,다다294940,to_in_008,5
2024,다다294942,to_in_001,5
2024,다다294942,to_in_007,0
2024,다다294942,to_in_008,0
2024,다다294943,to_in_001,8
2024,다다294943,to_in_007,8
2024,다다294943,to_in_008,0
2024,다다294944,to_in_001,5
2024,다다294944,to_in_007,0
2024,다다294944,to_in_008,5
2024,다다294949,to_in_001,15
2024,다다294949,to_in_007,5
2024,다다294949,to_in_008,15
2024,다다294963,to_in_001,5
2024,다다294963,to_in_007,0
2024,다다294963,to_in_008,0
2024,다다294964,to_in_001,5
2024,다다287977,to_in_001,5
2024,다다287977,to_in_007,5
2024,다다287977,to_in_008,5
2024,다다287979,to_in_001,0
2024,다다287979,to_in_007,0
2024,다다287979,to_in_008,0
2024,다다287988,to_in_001,8
2024,다다287988,to_in_007,5
2024,다다287988,to_in_008,5
2024,다다287990,to_in_001,8
2024,다다287990,to_in_007,5
2024,다다287990,to_in_008,5
2024,다다291906,to_in_001,5
2024,다다291906,to_in_007,0
2024,다다291906,to_in_008,5
2024,다다291910,to_in_001,5
2024,다다291910,to_in_007,5
2024,다다291910,to_in_008,0
2024,다다291917,to_in_001,5
2024,다다291917,to_in_007,5
2024,다다291917,to_in_008,5
2024,다다291918,to_in_001,5
2024,다다291918,to_in_007,5
2024,다다291918,to_in_008,0
2024,다다291924,to_in_001,0
2024,다다291924,to_in_007,0
2024,다다291924,to_in_008,0
2024,다다291925,to_in_001,18
2024,다다291925,to_in_007,13
2024,다다291925,to_in_008,8
2024,다다291926,to_in_001,5
2024,다다291926,to_in_007,0
2024,다다291926,to_in_008,5
2024,다다291930,to_in_001,18
2024,다다291930,to_in_007,8
2024,다다291930,to_in_008,8
2024,다다291931,to_in_001,0
2024,다다291931,to_in_007,0
2024,다다291931,to_in_008,0
2024,다다291945,to_in_001,8
2024,다다291945,to_in_007,5
2024,다다291945,to_in_008,5
2024,다다291946,to_in_001,8
2024,다다291946,to_in_007,5
2024,다다291946,to_in_008,5
2024,다다291947,to_in_001,8
2024,다다291947,to_in_007,5
2024,다다291947,to_in_008,5
2024,다다291948,to_in_001,18
2024,다다291948,to_in_007,8
2024,다다291948,to_in_008,8
2024,다다291949,to_in_001,8
2024,다다291949,to_in_007,5
2024,다다291949,to_in_008,5
2024,다다291953,to_in_001,8
2024,다다291953,to_in_007,5
2024,다다291953,to_in_008,5
2024,다다291956,to_in_001,5
2024,다다291956,to_in_007,0
2024,다다291956,to_in_008,0
2024,다다291958,to_in_001,5
2024,다다291958,to_in_007,0
2024,다다291958,to_in_008,0
2024,다다291959,to_in_001,5
2024,다다291959,to_in_007,0
2024,다다291959,to_in_008,5
2024,다다291960,to_in_001,5
2024,다다291960,to_in_007,0
2024,다다291960,to_in_008,0
2024,다다291962,to_in_001,5
2024,다다291962,to_in_007,5
2024,다다291962,to_in_008,5
2024,다다291963,to_in_001,5
2024,다다291963,to_in_007,0
2024,다다291963,to_in_008,5
2024,다다291964,to_in_001,23
2024,다다291964,to_in_007,8
2024,다다291964,to_in_008,13
2024,다다291965,to_in_001,33
2024,다다291965,to_in_007,13
2024,다다291965,to_in_008,18
2024,다다291966,to_in_001,13
2024,다다291966,to_in_007,8
2024,다다291966,to_in_008,5
2024,다다291969,to_in_001,14
2024,다다291969,to_in_007,14
2024,다다291969,to_in_008,8
2024,다다291970,to_in_001,5
2024,다다291970,to_in_007,5
2024,다다291970,to_in_008,5
2024,다다291971,to_in_001,8
2024,다다291971,to_in_007,5
2024,다다291971,to_in_008,5
2024,다다291981,to_in_001,8
2024,다다291981,to_in_007,8
2024,다다291981,to_in_008,5
2024,다다292065,to_in_001,5
2024,다다292065,to_in_007,0
2024,다다292065,to_in_008,0
2024,다다292900,to_in_001,8
2024,다다292900,to_in_007,5
2024,다다292900,to_in_008,5
2024,다다292917,to_in_001,8
2024,다다292917,to_in_007,5
2024,다다292917,to_in_008,5
2024,다다292918,to_in_001,8
2024,다다292918,to_in_007,5
2024,다다292918,to_in_008,8
2024,다다292919,to_in_001,13
2024,다다292919,to_in_007,8
2024,다다292919,to_in_008,8
2024,다다292924,to_in_001,5
2024,다다292924,to_in_007,0
2024,다다292924,to_in_008,5
2024,다다292925,to_in_001,5
2024,다다292925,to_in_007,5
2024,다다292925,to_in_008,5
2024,다다292929,to_in_001,8
2024,다다292929,to_in_007,5
2024,다다292929,to_in_008,5
2024,다다292930,to_in_001,8
2024,다다292930,to_in_007,5
2024,다다292930,to_in_008,5
2024,다다292939,to_in_001,8
2024,다다292939,to_in_007,5
2024,다다292939,to_in_008,5
2024,다다292944,to_in_001,5
2024,다다292944,to_in_007,5
2024,다다292944,to_in_008,5
2024,다다292946,to_in_001,5
2024,다다292946,to_in_007,0
2024,다다292946,to_in_008,5
2024,다다298938,to_in_001,8
2024,다다298938,to_in_007,8
2024,다다298938,to_in_008,5
2024,다다298939,to_in_001,8
2024,다다298939,to_in_007,5
2024,다다298939,to_in_008,5
2024,다다298941,to_in_001,13
2024,다다298941,to_in_007,13
2024,다다298941,to_in_008,0
2024,다다298942,to_in_001,5
2024,다다298942,to_in_007,5
2024,다다298942,to_in_008,0
2024,다다298943,to_in_001,14
2024,다다298943,to_in_007,14
2024,다다298943,to_in_008,0
2024,다다298947,to_in_001,13
2024,다다298947,to_in_007,13
2024,다다298947,to_in_008,5
2024,다다298948,to_in_001,0
2024,다다298948,to_in_007,0
2024,다다298948,to_in_008,0
2024,다다298950,to_in_001,8
2024,다다298950,to_in_007,8
2024,다다298950,to_in_008,5
2024,다다298951,to_in_001,8
2024,다다298951,to_in_007,8
2024,다다298951,to_in_008,0
2024,다다299000,to_in_001,13
2024,다다299000,to_in_007,8
2024,다다299000,to_in_008,8
2024,다다299001,to_in_001,8
2024,다다299001,to_in_007,5
2024,다다299001,to_in_008,5
2024,다다299068,to_in_001,0
2024,다다299068,to_in_007,0
2024,다다299068,to_in_008,0
2024,다다299071,to_in_001,5
2024,다다299071,to_in_007,5
2024,다다299071,to_in_008,5
2024,다다299072,to_in_001,8
2024,다다299072,to_in_007,5
2024,다다299072,to_in_008,5
2024,다다299073,to_in_001,8
2024,다다299073,to_in_007,5
2024,다다299073,to_in_008,8
2024,다다299074,to_in_001,8
2024,다다299074,to_in_007,5
2024,다다299074,to_in_008,8
2024,다다299075,to_in_001,33
2024,다다299075,to_in_007,18
2024,다다299075,to_in_008,13
2024,다다299076,to_in_001,5
2024,다다299076,to_in_007,0
2024,다다299076,to_in_008,5
2024,다다299902,to_in_001,0
2024,다다299902,to_in_007,0
2024,다다299902,to_in_008,0
2024,다다299911,to_in_001,8
2024,다다299911,to_in_007,5
2024,다다299911,to_in_008,5
2024,다다299912,to_in_001,282
2024,다다299912,to_in_007,141
2024,다다299912,to_in_008,144
2024,다다299913,to_in_001,273
2024,다다299913,to_in_007,136
2024,다다299913,to_in_008,135
2024,다다299927,to_in_001,0
2024,다다299927,to_in_007,0
2024,다다299927,to_in_008,0
2024,다다299929,to_in_001,5
2024,다다299929,to_in_007,0
2024,다다299929,to_in_008,5
2024,다다299937,to_in_001,0
2024,다다299937,to_in_007,0
2024,다다299937,to_in_008,0
2024,다다299941,to_in_001,5
2024,다다299941,to_in_007,5
2024,다다299941,to_in_008,0
2024,다다300061,to_in_001,5
2024,다다300061,to_in_007,0
2024,다다300061,to_in_008,0
2024,다다300066,to_in_001,5
2024,다다300066,to_in_007,5
2024,다다300066,to_in_008,0
2024,다다300067,to_in_001,8
2024,다다300067,to_in_007,8
2024,다다300067,to_in_008,0
2024,다다300068,to_in_001,8
2024,다다300068,to_in_007,5
2024,다다300068,to_in_008,5
2024,다다300069,to_in_001,13
2024,다다300069,to_in_007,8
2024,다다300069,to_in_008,5
2024,다다300070,to_in_001,13
2024,다다300070,to_in_007,5
2024,다다300070,to_in_008,8
2024,다다300071,to_in_001,23
2024,다다300071,to_in_007,8
2024,다다300071,to_in_008,13
2024,다다300072,to_in_001,53
2024,다다300072,to_in_007,18
2024,다다300072,to_in_008,33
2024,다다302924,to_in_001,72
2024,다다302924,to_in_007,28
2024,다다302924,to_in_008,42
2024,다다302926,to_in_001,15
2024,다다302926,to_in_007,0
2024,다다302926,to_in_008,15
2024,다다302928,to_in_001,8
2024,다다302928,to_in_007,5
2024,다다302928,to_in_008,8
2024,다다302929,to_in_001,8
2024,다다302929,to_in_007,8
2024,다다302929,to_in_008,5
2024,다다302930,to_in_001,0
2024,다다302930,to_in_007,0
2024,다다302930,to_in_008,0
2024,다다302932,to_in_001,5
2024,다다302932,to_in_007,0
2024,다다302932,to_in_008,5
2024,다다302938,to_in_001,5
2024,다다302938,to_in_007,5
2024,다다302938,to_in_008,5
2024,다다303068,to_in_001,8
2024,다다303068,to_in_007,5
2024,다다303068,to_in_008,5
2024,다다303070,to_in_001,5
2024,다다303070,to_in_007,0
2024,다다303070,to_in_008,5
2024,다다303071,to_in_001,13
2024,다다303071,to_in_007,5
2024,다다303071,to_in_008,8
2024,다다303072,to_in_001,18
2024,다다303072,to_in_007,8
2024,다다303072,to_in_008,8
2024,다다303073,to_in_001,53
2024,다다303073,to_in_007,23
2024,다다303073,to_in_008,28
2024,다다303074,to_in_001,33
2024,다다303074,to_in_007,18
2024,다다303074,to_in_008,18
2024,다다303075,to_in_001,43
2024,다다303075,to_in_007,23
2024,다다303075,to_in_008,23
2024,다다303076,to_in_001,18
2024,다다303076,to_in_007,13
2024,다다303076,to_in_008,8
2024,다다303893,to_in_001,5
2024,다다303893,to_in_007,5
2024,다다303893,to_in_008,0
2024,다다303897,to_in_001,0
2024,다다303897,to_in_007,0
2024,다다303897,to_in_008,0
2024,다다303901,to_in_001,5
2024,다다303901,to_in_007,5
2024,다다303901,to_in_008,0
2024,다다303902,to_in_001,5
2024,다다303902,to_in_007,5
2024,다다303902,to_in_008,5
2024,다다303903,to_in_001,5
2024,다다303903,to_in_007,0
2024,다다307074,to_in_007,23
2024,다다307074,to_in_008,18
2024,다다307075,to_in_001,38
2024,다다307075,to_in_007,18
2024,다다307075,to_in_008,18
2024,다다307076,to_in_001,8
2024,다다307076,to_in_007,5
2024,다다307076,to_in_008,5
2024,다다307903,to_in_001,33
2024,다다307903,to_in_007,18
2024,다다307903,to_in_008,13
2024,다다307904,to_in_001,5
2024,다다307904,to_in_007,5
2024,다다307904,to_in_008,0
2024,다다307905,to_in_001,5
2024,다다307905,to_in_007,0
2024,다다307905,to_in_008,5
2024,다다307906,to_in_001,8
2024,다다307906,to_in_007,8
2024,다다307906,to_in_008,0
2024,다다307914,to_in_001,13
2024,다다307914,to_in_007,8
2024,다다307914,to_in_008,5
2024,다다307915,to_in_001,8
2024,다다307915,to_in_007,8
2024,다다307915,to_in_008,8
2024,다다307916,to_in_001,155
2024,다다307916,to_in_007,70
2024,다다307916,to_in_008,83
2024,다다307917,to_in_001,58
2024,다다307917,to_in_007,30
2024,다다307917,to_in_008,26
2024,다다307918,to_in_001,33
2024,다다307918,to_in_007,18
2024,다다307918,to_in_008,13
2024,다다307919,to_in_001,28
2024,다다307919,to_in_007,13
2024,다다307919,to_in_008,13
2024,다다307920,to_in_001,82
2024,다다307920,to_in_007,46
2024,다다307920,to_in_008,39
2024,다다307921,to_in_001,62
2024,다다307921,to_in_007,23
2024,다다307921,to_in_008,37
2024,다다307922,to_in_001,49
2024,다다307922,to_in_007,29
2024,다다307922,to_in_008,23
2024,다다307923,to_in_001,99
2024,다다307923,to_in_007,50
2024,다다307923,to_in_008,52
2024,다다307924,to_in_001,163
2024,다다307924,to_in_007,109
2024,다다307924,to_in_008,57
2024,다다307925,to_in_001,74
2024,다다307925,to_in_007,38
2024,다다307925,to_in_008,39
2024,다다307926,to_in_001,202
2024,다다307926,to_in_007,94
2024,다다307926,to_in_008,111
2024,다다307927,to_in_001,153
2024,다다307927,to_in_007,79
2024,다다307927,to_in_008,72
2024,다다307928,to_in_001,5
2024,다다307928,to_in_007,0
2024,다다307928,to_in_008,0
2024,다다308009,to_in_001,5
2024,다다308009,to_in_007,5
2024,다다308009,to_in_008,0
2024,다다308011,to_in_001,8
2024,다다308011,to_in_007,5
2024,다다308011,to_in_008,5
2024,다다308056,to_in_001,5
2024,다다308056,to_in_007,0
2024,다다308056,to_in_008,5
2024,다다308061,to_in_001,0
2024,다다308061,to_in_007,0
2024,다다308061,to_in_008,0
2024,다다308069,to_in_001,5
2024,다다308069,to_in_007,5
2024,다다308069,to_in_008,5
2024,다다308071,to_in_001,5
2024,다다308071,to_in_007,0
2024,다다308071,to_in_008,5
2024,다다308072,to_in_001,13
2024,다다308072,to_in_007,8
2024,다다308072,to_in_008,8
2024,다다308073,to_in_001,13
2024,다다308073,to_in_007,8
2024,다다308073,to_in_008,8
2024,다다308074,to_in_001,48
2024,다다308074,to_in_007,18
2024,다다308074,to_in_008,28
2024,다다308075,to_in_001,18
2024,다다308075,to_in_007,13
2024,다다308075,to_in_008,8
2024,다다308903,to_in_001,43
2024,다다308903,to_in_007,23
2024,다다308903,to_in_008,18
2024,다다308904,to_in_001,5
2024,다다308904,to_in_007,0
2024,다다308904,to_in_008,0
2024,다다308907,to_in_001,75
2024,다다308907,to_in_007,35
2024,다다308907,to_in_008,38
2024,다다308914,to_in_001,18
2024,다다308914,to_in_007,13
2024,다다308914,to_in_008,8
2024,다다308915,to_in_001,8
2024,다다308915,to_in_007,5
2024,다다308915,to_in_008,8
2024,다다308916,to_in_001,64
2024,다다308916,to_in_007,29
2024,다다308916,to_in_008,33
2024,다다308917,to_in_001,38
2024,다다308917,to_in_007,18
2024,다다308917,to_in_008,18
2024,다다308918,to_in_001,56
2024,다다308918,to_in_007,28
2024,다다308918,to_in_008,26
2024,다다308919,to_in_001,28
2024,다다308919,to_in_007,13
2024,다다308919,to_in_008,18
2024,다다308920,to_in_001,136
2024,다다308920,to_in_007,66
2024,다다308920,to_in_008,68
2024,다다308921,to_in_001,29
2024,다다308921,to_in_007,19
2024,다다308921,to_in_008,8
2024,다다308924,to_in_001,13
2024,다다308924,to_in_007,8
2024,다다308924,to_in_008,8
2024,다다308925,to_in_001,13
2024,다다308925,to_in_007,8
2024,다다308925,to_in_008,5
2024,다다308926,to_in_001,110
2024,다다308926,to_in_007,68
2024,다다308926,to_in_008,45
2024,다다308927,to_in_001,58
2024,다다308927,to_in_007,33
2024,다다308927,to_in_008,23
2024,다다308928,to_in_001,120
2024,다다308928,to_in_007,63
2024,다다308928,to_in_008,60
2024,다다309006,to_in_001,5
2024,다다309006,to_in_007,0
2024,다다309006,to_in_008,5
2024,다다321912,to_in_001,13
2024,다다321912,to_in_007,5
2024,다다321912,to_in_008,8
2024,다다321913,to_in_001,48
2024,다다321913,to_in_007,23
2024,다다321913,to_in_008,28
2024,다다321914,to_in_001,8
2024,다다321914,to_in_007,5
2024,다다321914,to_in_008,8
2024,다다321915,to_in_001,8
2024,다다321915,to_in_007,5
2024,다다321915,to_in_008,5
2024,다다322012,to_in_001,8
2024,다다322012,to_in_007,5
2024,다다322012,to_in_008,8
2024,다다322013,to_in_001,5
2024,다다322013,to_in_007,5
2024,다다322013,to_in_008,5
2024,다다322014,to_in_001,18
2024,다다322014,to_in_007,8
2024,다다322014,to_in_008,13
2024,다다322015,to_in_001,8
2024,다다322015,to_in_007,5
2024,다다322015,to_in_008,5
2024,다다322017,to_in_001,5
2024,다다322017,to_in_007,5
2024,다다322017,to_in_008,5
2024,다다322068,to_in_001,8
2024,다다322068,to_in_007,5
2024,다다322068,to_in_008,5
2024,다다322895,to_in_001,8
2024,다다322895,to_in_007,5
2024,다다322895,to_in_008,8
2024,다다322903,to_in_001,5
2024,다다322903,to_in_007,5
2024,다다322903,to_in_008,5
2024,다다322915,to_in_001,5
2024,다다322915,to_in_007,5
2024,다다322915,to_in_008,0
2024,다다322916,to_in_001,0
2024,다다322916,to_in_007,0
2024,다다322916,to_in_008,0
2024,다다322990,to_in_001,0
2024,다다322990,to_in_007,0
2024,다다322990,to_in_008,0
2024,다다323011,to_in_001,8
2024,다다323011,to_in_007,5
2024,다다323011,to_in_008,5
2024,다다323013,to_in_001,8
2024,다다323013,to_in_007,5
2024,다다323013,to_in_008,5
2024,다다323014,to_in_001,18
2024,다다323014,to_in_007,8
2024,다다323014,to_in_008,8
2024,다다323015,to_in_001,8
2024,다다323015,to_in_007,5
2024,다다323015,to_in_008,8
2024,다다323016,to_in_001,0
2024,다다323016,to_in_007,0
2024,다다323016,to_in_008,0
2024,다다323067,to_in_001,5
2024,다다323067,to_in_007,5
2024,다다323067,to_in_008,0
2024,다다323068,to_in_001,5
2024,다다323068,to_in_007,0
2024,다다323068,to_in_008,5
2024,다다323915,to_in_001,5
2024,다다323915,to_in_007,0
2024,다다323915,to_in_008,0
2024,다다324012,to_in_001,0
2024,다다324012,to_in_007,0
2024,다다324012,to_in_008,0
2024,다다324013,to_in_001,8
2024,다다303930,to_in_008,5
2024,다다303932,to_in_001,8
2024,다다303932,to_in_007,5
2024,다다303932,to_in_008,5
2024,다다304006,to_in_001,5
2024,다다304006,to_in_007,5
2024,다다304006,to_in_008,5
2024,다다304062,to_in_001,5
2024,다다304062,to_in_007,5
2024,다다304062,to_in_008,5
2024,다다304067,to_in_001,5
2024,다다304067,to_in_007,5
2024,다다304067,to_in_008,5
2024,다다304070,to_in_001,5
2024,다다304070,to_in_007,5
2024,다다304070,to_in_008,5
2024,다다304071,to_in_001,44
2024,다다304071,to_in_007,19
2024,다다304071,to_in_008,23
2024,다다304072,to_in_001,8
2024,다다304072,to_in_007,5
2024,다다304072,to_in_008,5
2024,다다304073,to_in_001,18
2024,다다304073,to_in_007,8
2024,다다304073,to_in_008,8
2024,다다304074,to_in_001,49
2024,다다304074,to_in_007,24
2024,다다304074,to_in_008,23
2024,다다304075,to_in_001,23
2024,다다304075,to_in_007,13
2024,다다304075,to_in_008,13
2024,다다304076,to_in_001,8
2024,다다304076,to_in_007,5
2024,다다304076,to_in_008,5
2024,다다304895,to_in_001,8
2024,다다304895,to_in_007,5
2024,다다304895,to_in_008,5
2024,다다304902,to_in_001,5
2024,다다304902,to_in_007,0
2024,다다304902,to_in_008,0
2024,다다304906,to_in_001,0
2024,다다304906,to_in_007,0
2024,다다304906,to_in_008,0
2024,다다304912,to_in_001,5
2024,다다304912,to_in_007,0
2024,다다304912,to_in_008,0
2024,다다304913,to_in_001,8
2024,다다304913,to_in_007,5
2024,다다304913,to_in_008,5
2024,다다304914,to_in_001,28
2024,다다304914,to_in_007,13
2024,다다304914,to_in_008,18
2024,다다304915,to_in_001,5
2024,다다304915,to_in_007,0
2024,다다304915,to_in_008,5
2024,다다304916,to_in_001,53
2024,다다304916,to_in_007,28
2024,다다304916,to_in_008,28
2024,다다304917,to_in_001,123
2024,다다304917,to_in_007,63
2024,다다304917,to_in_008,63
2024,다다304918,to_in_001,116
2024,다다304918,to_in_007,53
2024,다다304918,to_in_008,61
2024,다다304919,to_in_001,59
2024,다다304919,to_in_007,34
2024,다다304919,to_in_008,23
2024,다다304920,to_in_001,94
2024,다다304920,to_in_007,49
2024,다다304920,to_in_008,43
2024,다다304921,to_in_001,155
2024,다다304921,to_in_007,75
2024,다다304921,to_in_008,78
2024,다다304922,to_in_001,132
2024,다다304922,to_in_007,67
2024,다다304922,to_in_008,68
2024,다다304923,to_in_001,8
2024,다다304923,to_in_007,8
2024,다다304923,to_in_008,5
2024,다다304924,to_in_001,5
2024,다다304924,to_in_007,5
2024,다다304924,to_in_008,5
2024,다다304925,to_in_001,5
2024,다다304925,to_in_007,5
2024,다다304925,to_in_008,5
2024,다다304930,to_in_001,8
2024,다다304930,to_in_007,5
2024,다다304930,to_in_008,5
2024,다다304931,to_in_001,0
2024,다다304931,to_in_007,0
2024,다다304931,to_in_008,0
2024,다다304932,to_in_001,5
2024,다다304932,to_in_007,5
2024,다다304932,to_in_008,0
2024,다다305005,to_in_001,5
2024,다다305005,to_in_007,5
2024,다다305005,to_in_008,5
2024,다다305006,to_in_001,18
2024,다다305006,to_in_007,13
2024,다다305006,to_in_008,8
2024,다다305070,to_in_001,5
2024,다다305070,to_in_007,5
2024,다다305070,to_in_008,0
2024,다다305072,to_in_001,28
2024,다다305072,to_in_007,18
2024,다다305072,to_in_008,8
2024,다다305073,to_in_001,40
2024,다다305073,to_in_007,18
2024,다다305073,to_in_008,20
2024,다다305074,to_in_001,84
2024,다다305074,to_in_007,38
2024,다다305074,to_in_008,44
2024,다다305075,to_in_001,43
2024,다다305075,to_in_007,23
2024,다다305075,to_in_008,23
2024,다다313901,to_in_001,13
2024,다다313901,to_in_007,8
2024,다다313901,to_in_008,5
2024,다다313902,to_in_001,8
2024,다다313902,to_in_007,8
2024,다다313902,to_in_008,5
2024,다다313907,to_in_001,5
2024,다다313907,to_in_007,0
2024,다다313907,to_in_008,0
2024,다다313908,to_in_001,5
2024,다다313908,to_in_007,5
2024,다다313908,to_in_008,5
2024,다다313909,to_in_001,28
2024,다다313909,to_in_007,13
2024,다다313909,to_in_008,13
2024,다다313910,to_in_001,54
2024,다다313910,to_in_007,34
2024,다다313910,to_in_008,23
2024,다다313911,to_in_001,5
2024,다다313911,to_in_007,0
2024,다다313911,to_in_008,0
2024,다다313912,to_in_001,28
2024,다다313912,to_in_007,18
2024,다다313912,to_in_008,13
2024,다다313913,to_in_001,62
2024,다다313913,to_in_007,28
2024,다다313913,to_in_008,37
2024,다다313914,to_in_001,75
2024,다다313914,to_in_007,39
2024,다다313914,to_in_008,34
2024,다다313915,to_in_001,80
2024,다다313915,to_in_007,45
2024,다다313915,to_in_008,38
2024,다다313916,to_in_001,28
2024,다다313916,to_in_007,18
2024,다다313916,to_in_008,8
2024,다다313987,to_in_001,8
2024,다다313987,to_in_007,5
2024,다다313987,to_in_008,5
2024,다다313992,to_in_001,8
2024,다다313992,to_in_007,5
2024,다다313992,to_in_008,5
2024,다다314011,to_in_001,5
2024,다다314011,to_in_007,0
2024,다다314011,to_in_008,5
2024,다다314055,to_in_001,5
2024,다다314055,to_in_007,0
2024,다다314055,to_in_008,5
2024,다다314059,to_in_001,0
2024,다다314059,to_in_007,0
2024,다다314059,to_in_008,0
2024,다다314900,to_in_001,5
2024,다다314900,to_in_007,0
2024,다다314900,to_in_008,0
2024,다다314902,to_in_001,8
2024,다다314902,to_in_007,0
2024,다다314902,to_in_008,8
2024,다다314903,to_in_001,5
2024,다다314903,to_in_007,5
2024,다다314903,to_in_008,5
2024,다다314906,to_in_001,0
2024,다다314906,to_in_007,0
2024,다다314906,to_in_008,0
2024,다다314907,to_in_001,5
2024,다다314907,to_in_007,5
2024,다다314907,to_in_008,5
2024,다다314908,to_in_001,13
2024,다다314908,to_in_007,8
2024,다다314908,to_in_008,8
2024,다다314909,to_in_001,54
2024,다다314909,to_in_007,33
2024,다다314909,to_in_008,24
2024,다다314910,to_in_001,5
2024,다다314910,to_in_007,5
2024,다다314910,to_in_008,0
2024,다다314911,to_in_001,38
2024,다다314911,to_in_007,23
2024,다다314911,to_in_008,18
2024,다다314912,to_in_001,28
2024,다다314912,to_in_007,13
2024,다다314912,to_in_008,13
2024,다다314913,to_in_001,90
2024,다다314913,to_in_007,52
2024,다다314913,to_in_008,41
2024,다다316992,to_in_001,8
2024,다다316992,to_in_007,5
2024,다다316992,to_in_008,5
2024,다다316996,to_in_001,8
2024,다다316996,to_in_007,5
2024,다다316996,to_in_008,5
2024,다다316998,to_in_001,27
2024,다다316998,to_in_007,22
2024,다다316998,to_in_008,5
2024,다다316999,to_in_001,13
2024,다다316999,to_in_007,13
2024,다다316999,to_in_008,5
2024,다다317014,to_in_001,0
2024,다다317014,to_in_007,0
2024,다다317014,to_in_008,0
2024,다다317067,to_in_001,8
2024,다다317067,to_in_007,5
2024,다다317067,to_in_008,8
2024,다다317909,to_in_001,28
2024,다다317909,to_in_007,13
2024,다다317909,to_in_008,18
2024,다다317910,to_in_001,48
2024,다다317910,to_in_007,23
2024,다다317910,to_in_008,23
2024,다다317911,to_in_001,72
2024,다다317911,to_in_007,36
2024,다다317911,to_in_008,39
2024,다다317912,to_in_001,200
2024,다다317912,to_in_007,107
2024,다다317912,to_in_008,96
2024,다다317913,to_in_001,67
2024,다다317913,to_in_007,52
2024,다다317913,to_in_008,13
2024,다다317914,to_in_001,23
2024,다다317914,to_in_007,13
2024,다다317914,to_in_008,8
2024,다다317915,to_in_001,5
2024,다다317915,to_in_007,5
2024,다다317915,to_in_008,5
2024,다다317936,to_in_001,5
2024,다다317936,to_in_007,5
2024,다다317936,to_in_008,0
2024,다다317991,to_in_001,13
2024,다다317991,to_in_007,8
2024,다다317991,to_in_008,5
2024,다다317992,to_in_001,18
2024,다다317992,to_in_007,8
2024,다다317992,to_in_008,8
2024,다다317993,to_in_001,5
2024,다다317993,to_in_007,5
2024,다다317993,to_in_008,0
2024,다다317997,to_in_001,0
2024,다다317997,to_in_007,0
2024,다다317997,to_in_008,0
2024,다다317998,to_in_001,5
2024,다다317998,to_in_007,0
2024,다다317998,to_in_008,0
2024,다다317999,to_in_001,8
2024,다다317999,to_in_007,8
2024,다다317999,to_in_008,5
2024,다다318013,to_in_001,5
2024,다다318013,to_in_007,5
2024,다다318013,to_in_008,0
2024,다다318014,to_in_001,13
2024,다다318014,to_in_007,8
2024,다다318014,to_in_008,8
2024,다다318015,to_in_001,5
2024,다다318015,to_in_007,5
2024,다다318015,to_in_008,0
2024,다다318067,to_in_001,5
2024,다다318067,to_in_007,0
2024,다다318067,to_in_008,5
2024,다다318908,to_in_001,60
2024,다다318908,to_in_007,38
2024,다다318908,to_in_008,25
2024,다다318909,to_in_001,44
2024,다다318909,to_in_007,24
2024,다다318909,to_in_008,18
2024,다다318910,to_in_001,100
2024,다다318910,to_in_007,43
2024,다다318910,to_in_008,55
2024,다다325894,to_in_001,8
2024,다다325894,to_in_007,8
2024,다다325894,to_in_008,5
2024,다다325895,to_in_001,0
2024,다다325895,to_in_007,0
2024,다다325895,to_in_008,0
2024,다다326008,to_in_001,5
2024,다다326008,to_in_007,5
2024,다다326008,to_in_008,0
2024,다다326081,to_in_001,18
2024,다다326081,to_in_007,13
2024,다다326081,to_in_008,5
2024,다다326783,to_in_001,8
2024,다다297937,to_in_008,5
2024,다다297938,to_in_001,0
2024,다다297938,to_in_007,0
2024,다다297938,to_in_008,0
2024,다다297940,to_in_001,5
2024,다다297940,to_in_007,5
2024,다다297940,to_in_008,0
2024,다다297941,to_in_001,8
2024,다다297941,to_in_007,8
2024,다다297941,to_in_008,5
2024,다다297944,to_in_001,25
2024,다다297944,to_in_007,25
2024,다다297944,to_in_008,0
2024,다다297947,to_in_001,13
2024,다다297947,to_in_007,13
2024,다다297947,to_in_008,5
2024,다다297948,to_in_001,5
2024,다다297948,to_in_007,5
2024,다다297948,to_in_008,5
2024,다다297949,to_in_001,5
2024,다다297949,to_in_007,0
2024,다다297949,to_in_008,5
2024,다다297952,to_in_001,8
2024,다다297952,to_in_007,8
2024,다다297952,to_in_008,0
2024,다다297953,to_in_001,5
2024,다다297953,to_in_007,5
2024,다다297953,to_in_008,0
2024,다다298000,to_in_001,5
2024,다다298000,to_in_007,5
2024,다다298000,to_in_008,5
2024,다다298066,to_in_001,24
2024,다다298066,to_in_007,14
2024,다다298066,to_in_008,13
2024,다다298067,to_in_001,28
2024,다다298067,to_in_007,13
2024,다다298067,to_in_008,13
2024,다다298070,to_in_001,28
2024,다다298070,to_in_007,18
2024,다다298070,to_in_008,13
2024,다다298071,to_in_001,23
2024,다다298071,to_in_007,8
2024,다다298071,to_in_008,13
2024,다다298072,to_in_001,28
2024,다다298072,to_in_007,13
2024,다다298072,to_in_008,13
2024,다다298902,to_in_001,5
2024,다다298902,to_in_007,5
2024,다다298902,to_in_008,0
2024,다다298912,to_in_001,194
2024,다다298912,to_in_007,94
2024,다다298912,to_in_008,98
2024,다다298927,to_in_001,5
2024,다다298927,to_in_007,5
2024,다다298927,to_in_008,0
2024,다다298928,to_in_001,8
2024,다다298928,to_in_007,5
2024,다다298928,to_in_008,8
2024,다다298929,to_in_001,0
2024,다다298929,to_in_007,0
2024,다다298929,to_in_008,0
2024,다다298930,to_in_001,13
2024,다다298930,to_in_007,8
2024,다다298930,to_in_008,8
2024,다다298936,to_in_001,5
2024,다다298936,to_in_007,5
2024,다다298936,to_in_008,0
2024,다다298937,to_in_001,0
2024,다다298937,to_in_007,0
2024,다다298937,to_in_008,0
2024,다다305076,to_in_001,5
2024,다다305076,to_in_007,0
2024,다다305076,to_in_008,5
2024,다다305903,to_in_001,5
2024,다다305903,to_in_007,0
2024,다다305903,to_in_008,5
2024,다다305906,to_in_001,5
2024,다다305906,to_in_007,0
2024,다다305906,to_in_008,5
2024,다다305913,to_in_001,8
2024,다다305913,to_in_007,5
2024,다다305913,to_in_008,5
2024,다다305914,to_in_001,23
2024,다다305914,to_in_007,13
2024,다다305914,to_in_008,8
2024,다다305915,to_in_001,13
2024,다다305915,to_in_007,8
2024,다다305915,to_in_008,8
2024,다다305917,to_in_001,18
2024,다다305917,to_in_007,8
2024,다다305917,to_in_008,13
2024,다다305918,to_in_001,43
2024,다다305918,to_in_007,18
2024,다다305918,to_in_008,23
2024,다다305919,to_in_001,65
2024,다다305919,to_in_007,33
2024,다다305919,to_in_008,30
2024,다다305920,to_in_001,78
2024,다다305920,to_in_007,34
2024,다다305920,to_in_008,42
2024,다다305921,to_in_001,23
2024,다다305921,to_in_007,13
2024,다다305921,to_in_008,8
2024,다다305922,to_in_001,5
2024,다다305922,to_in_007,5
2024,다다305922,to_in_008,5
2024,다다305924,to_in_001,38
2024,다다305924,to_in_007,27
2024,다다305924,to_in_008,11
2024,다다305925,to_in_001,5
2024,다다305925,to_in_007,0
2024,다다305925,to_in_008,5
2024,다다305929,to_in_001,8
2024,다다305929,to_in_007,5
2024,다다305929,to_in_008,5
2024,다다305930,to_in_001,23
2024,다다305930,to_in_007,13
2024,다다305930,to_in_008,8
2024,다다305931,to_in_001,23
2024,다다305931,to_in_007,8
2024,다다305931,to_in_008,18
2024,다다305932,to_in_001,5
2024,다다305932,to_in_007,0
2024,다다305932,to_in_008,0
2024,다다306005,to_in_001,8
2024,다다306005,to_in_007,8
2024,다다306005,to_in_008,5
2024,다다306006,to_in_001,5
2024,다다306006,to_in_007,0
2024,다다306006,to_in_008,5
2024,다다306063,to_in_001,5
2024,다다306063,to_in_007,5
2024,다다306063,to_in_008,5
2024,다다306068,to_in_001,5
2024,다다306068,to_in_007,5
2024,다다306068,to_in_008,5
2024,다다306069,to_in_001,8
2024,다다306069,to_in_007,8
2024,다다306069,to_in_008,8
2024,다다306070,to_in_001,13
2024,다다306070,to_in_007,8
2024,다다306070,to_in_008,5
2024,다다306072,to_in_001,33
2024,다다306072,to_in_007,18
2024,다다306072,to_in_008,13
2024,다다306073,to_in_001,67
2024,다다306073,to_in_007,36
2024,다다306073,to_in_008,29
2024,다다306074,to_in_001,50
2024,다다306074,to_in_007,25
2024,다다306074,to_in_008,23
2024,다다306075,to_in_001,23
2024,다다306075,to_in_007,8
2024,다다306075,to_in_008,13
2024,다다306903,to_in_001,5
2024,다다306903,to_in_007,5
2024,다다306903,to_in_008,0
2024,다다306906,to_in_001,0
2024,다다306906,to_in_007,0
2024,다다306906,to_in_008,0
2024,다다306914,to_in_001,18
2024,다다306914,to_in_007,8
2024,다다306914,to_in_008,8
2024,다다306915,to_in_001,13
2024,다다306915,to_in_007,8
2024,다다306915,to_in_008,5
2024,다다306916,to_in_001,8
2024,다다306916,to_in_007,8
2024,다다306916,to_in_008,8
2024,다다306917,to_in_001,98
2024,다다306917,to_in_007,51
2024,다다306917,to_in_008,50
2024,다다306918,to_in_001,125
2024,다다306918,to_in_007,71
2024,다다306918,to_in_008,57
2024,다다306919,to_in_001,91
2024,다다306919,to_in_007,50
2024,다다306919,to_in_008,44
2024,다다306920,to_in_001,8
2024,다다306920,to_in_007,5
2024,다다306920,to_in_008,5
2024,다다306921,to_in_001,97
2024,다다306921,to_in_007,53
2024,다다306921,to_in_008,47
2024,다다306922,to_in_001,59
2024,다다306922,to_in_007,34
2024,다다306922,to_in_008,28
2024,다다306923,to_in_001,76
2024,다다306923,to_in_007,46
2024,다다306923,to_in_008,33
2024,다다306924,to_in_001,170
2024,다다306924,to_in_007,85
2024,다다306924,to_in_008,83
2024,다다306925,to_in_001,33
2024,다다306925,to_in_007,13
2024,다다306925,to_in_008,18
2024,다다306928,to_in_001,5
2024,다다306928,to_in_007,5
2024,다다306928,to_in_008,0
2024,다다307005,to_in_001,5
2024,다다307005,to_in_007,0
2024,다다307005,to_in_008,0
2024,다다307006,to_in_001,8
2024,다다307006,to_in_007,5
2024,다다307006,to_in_008,5
2024,다다307009,to_in_001,5
2024,다다307009,to_in_007,0
2024,다다307009,to_in_008,5
2024,다다307069,to_in_001,8
2024,다다307069,to_in_007,5
2024,다다307069,to_in_008,5
2024,다다307070,to_in_001,8
2024,다다307070,to_in_007,5
2024,다다307070,to_in_008,5
2024,다다307071,to_in_001,8
2024,다다307071,to_in_007,5
2024,다다307071,to_in_008,8
2024,다다307072,to_in_001,18
2024,다다307072,to_in_007,8
2024,다다307072,to_in_008,8
2024,다다307073,to_in_001,38
2024,다다307073,to_in_007,18
2024,다다307073,to_in_008,23
2024,다다319937,to_in_001,5
2024,다다319937,to_in_007,5
2024,다다319937,to_in_008,5
2024,다다320014,to_in_001,8
2024,다다320014,to_in_007,8
2024,다다320014,to_in_008,5
2024,다다320894,to_in_001,5
2024,다다320894,to_in_007,0
2024,다다320894,to_in_008,0
2024,다다320895,to_in_001,8
2024,다다320895,to_in_007,5
2024,다다320895,to_in_008,5
2024,다다320896,to_in_001,28
2024,다다320896,to_in_007,18
2024,다다320896,to_in_008,8
2024,다다320897,to_in_001,8
2024,다다320897,to_in_007,5
2024,다다320897,to_in_008,5
2024,다다320898,to_in_001,8
2024,다다320898,to_in_007,5
2024,다다320898,to_in_008,5
2024,다다320901,to_in_001,5
2024,다다320901,to_in_007,0
2024,다다320901,to_in_008,0
2024,다다320905,to_in_001,28
2024,다다320905,to_in_007,13
2024,다다320905,to_in_008,13
2024,다다320906,to_in_001,8
2024,다다320906,to_in_007,8
2024,다다320906,to_in_008,5
2024,다다320908,to_in_001,95
2024,다다320908,to_in_007,55
2024,다다320908,to_in_008,38
2024,다다320909,to_in_001,390
2024,다다320909,to_in_007,196
2024,다다320909,to_in_008,192
2024,다다320910,to_in_001,18
2024,다다320910,to_in_007,8
2024,다다320910,to_in_008,8
2024,다다320911,to_in_001,23
2024,다다320911,to_in_007,13
2024,다다320911,to_in_008,8
2024,다다320912,to_in_001,13
2024,다다320912,to_in_007,8
2024,다다320912,to_in_008,8
2024,다다320913,to_in_001,43
2024,다다320913,to_in_007,18
2024,다다320913,to_in_008,28
2024,다다320914,to_in_001,8
2024,다다320914,to_in_007,8
2024,다다320914,to_in_008,5
2024,다다320915,to_in_001,8
2024,다다320915,to_in_007,5
2024,다다320915,to_in_008,5
2024,다다320938,to_in_001,0
2024,다다320938,to_in_007,0
2024,다다320938,to_in_008,0
2024,다다321014,to_in_001,13
2024,다다321014,to_in_007,8
2024,다다321014,to_in_008,5
2024,다다321067,to_in_001,8
2024,다다321067,to_in_007,5
2024,다다321067,to_in_008,5
2024,다다321068,to_in_001,8
2024,다다321068,to_in_007,8
2024,다다321068,to_in_008,8
2024,다다321895,to_in_001,23
2024,다다321895,to_in_007,13
2024,다다321895,to_in_008,8
2024,다다321896,to_in_001,8
2024,다다303903,to_in_008,5
2024,다다303904,to_in_001,8
2024,다다303904,to_in_007,5
2024,다다303904,to_in_008,5
2024,다다303913,to_in_001,8
2024,다다303913,to_in_007,5
2024,다다303913,to_in_008,5
2024,다다303914,to_in_001,100
2024,다다303914,to_in_007,52
2024,다다303914,to_in_008,46
2024,다다303915,to_in_001,80
2024,다다303915,to_in_007,44
2024,다다303915,to_in_008,34
2024,다다303916,to_in_001,160
2024,다다303916,to_in_007,76
2024,다다303916,to_in_008,87
2024,다다303917,to_in_001,91
2024,다다303917,to_in_007,46
2024,다다303917,to_in_008,48
2024,다다303918,to_in_001,69
2024,다다303918,to_in_007,33
2024,다다303918,to_in_008,39
2024,다다311916,to_in_001,61
2024,다다311916,to_in_007,36
2024,다다311916,to_in_008,23
2024,다다311917,to_in_001,104
2024,다다311917,to_in_007,51
2024,다다311917,to_in_008,51
2024,다다311987,to_in_001,8
2024,다다311987,to_in_007,8
2024,다다311987,to_in_008,5
2024,다다312012,to_in_001,0
2024,다다312012,to_in_007,0
2024,다다312012,to_in_008,0
2024,다다312013,to_in_001,8
2024,다다312013,to_in_007,5
2024,다다312013,to_in_008,5
2024,다다312788,to_in_001,8
2024,다다312788,to_in_007,5
2024,다다312788,to_in_008,5
2024,다다312789,to_in_001,23
2024,다다312789,to_in_007,13
2024,다다312789,to_in_008,8
2024,다다312790,to_in_001,8
2024,다다312790,to_in_007,8
2024,다다312790,to_in_008,5
2024,다다312791,to_in_001,33
2024,다다312791,to_in_007,23
2024,다다312791,to_in_008,8
2024,다다312792,to_in_001,5
2024,다다312792,to_in_007,0
2024,다다312792,to_in_008,0
2024,다다312901,to_in_001,8
2024,다다312901,to_in_007,5
2024,다다312901,to_in_008,5
2024,다다312902,to_in_001,18
2024,다다312902,to_in_007,8
2024,다다312902,to_in_008,8
2024,다다312903,to_in_001,0
2024,다다312903,to_in_007,0
2024,다다312903,to_in_008,0
2024,다다312907,to_in_001,5
2024,다다312907,to_in_007,0
2024,다다312907,to_in_008,0
2024,다다312908,to_in_001,33
2024,다다312908,to_in_007,13
2024,다다312908,to_in_008,18
2024,다다312909,to_in_001,53
2024,다다312909,to_in_007,28
2024,다다312909,to_in_008,23
2024,다다312910,to_in_001,23
2024,다다312910,to_in_007,13
2024,다다312910,to_in_008,8
2024,다다312912,to_in_001,38
2024,다다312912,to_in_007,23
2024,다다312912,to_in_008,18
2024,다다312913,to_in_001,13
2024,다다312913,to_in_007,8
2024,다다312913,to_in_008,8
2024,다다312914,to_in_001,0
2024,다다312914,to_in_007,0
2024,다다312914,to_in_008,0
2024,다다312915,to_in_001,54
2024,다다312915,to_in_007,23
2024,다다312915,to_in_008,29
2024,다다312916,to_in_001,18
2024,다다312916,to_in_007,8
2024,다다312916,to_in_008,8
2024,다다312917,to_in_001,0
2024,다다312917,to_in_007,0
2024,다다312917,to_in_008,0
2024,다다312987,to_in_001,8
2024,다다312987,to_in_007,5
2024,다다312987,to_in_008,5
2024,다다312988,to_in_001,0
2024,다다312988,to_in_007,0
2024,다다312988,to_in_008,0
2024,다다313067,to_in_001,8
2024,다다313067,to_in_007,5
2024,다다313067,to_in_008,5
2024,다다313791,to_in_001,5
2024,다다313791,to_in_007,5
2024,다다313791,to_in_008,5
2024,다다313900,to_in_001,5
2024,다다313900,to_in_007,0
2024,다다313900,to_in_008,0
2024,다다314914,to_in_001,97
2024,다다314914,to_in_007,57
2024,다다314914,to_in_008,43
2024,다다314915,to_in_001,18
2024,다다314915,to_in_007,8
2024,다다314915,to_in_008,8
2024,다다314988,to_in_001,5
2024,다다314988,to_in_007,5
2024,다다314988,to_in_008,5
2024,다다315055,to_in_001,5
2024,다다315055,to_in_007,0
2024,다다315055,to_in_008,0
2024,다다315907,to_in_001,8
2024,다다315907,to_in_007,0
2024,다다315907,to_in_008,8
2024,다다315908,to_in_001,13
2024,다다315908,to_in_007,5
2024,다다315908,to_in_008,8
2024,다다315909,to_in_001,23
2024,다다315909,to_in_007,13
2024,다다315909,to_in_008,13
2024,다다315910,to_in_001,23
2024,다다315910,to_in_007,13
2024,다다315910,to_in_008,13
2024,다다315911,to_in_001,48
2024,다다315911,to_in_007,23
2024,다다315911,to_in_008,23
2024,다다315912,to_in_001,216
2024,다다315912,to_in_007,119
2024,다다315912,to_in_008,100
2024,다다315913,to_in_001,80
2024,다다315913,to_in_007,44
2024,다다315913,to_in_008,34
2024,다다315914,to_in_001,63
2024,다다315914,to_in_007,28
2024,다다315914,to_in_008,33
2024,다다315989,to_in_001,0
2024,다다315989,to_in_007,0
2024,다다315989,to_in_008,0
2024,다다315990,to_in_001,8
2024,다다315990,to_in_007,5
2024,다다315990,to_in_008,5
2024,다다315991,to_in_001,13
2024,다다315991,to_in_007,8
2024,다다315991,to_in_008,5
2024,다다315992,to_in_001,8
2024,다다315992,to_in_007,8
2024,다다315992,to_in_008,5
2024,다다315994,to_in_001,8
2024,다다315994,to_in_007,8
2024,다다315994,to_in_008,0
2024,다다316054,to_in_001,8
2024,다다316054,to_in_007,0
2024,다다316054,to_in_008,5
2024,다다316077,to_in_001,8
2024,다다316077,to_in_007,5
2024,다다316077,to_in_008,5
2024,다다316903,to_in_001,8
2024,다다316903,to_in_007,8
2024,다다316903,to_in_008,8
2024,다다316904,to_in_001,0
2024,다다316904,to_in_007,0
2024,다다316904,to_in_008,0
2024,다다316910,to_in_001,8
2024,다다316910,to_in_007,5
2024,다다316910,to_in_008,5
2024,다다316911,to_in_001,43
2024,다다316911,to_in_007,18
2024,다다316911,to_in_008,23
2024,다다316912,to_in_001,49
2024,다다316912,to_in_007,13
2024,다다316912,to_in_008,34
2024,다다316913,to_in_001,87
2024,다다316913,to_in_007,51
2024,다다316913,to_in_008,34
2024,다다316914,to_in_001,46
2024,다다316914,to_in_007,24
2024,다다316914,to_in_008,25
2024,다다316991,to_in_001,8
2024,다다316991,to_in_007,8
2024,다다316991,to_in_008,5
2024,다다318911,to_in_001,91
2024,다다318911,to_in_007,53
2024,다다318911,to_in_008,41
2024,다다318912,to_in_001,80
2024,다다318912,to_in_007,34
2024,다다318912,to_in_008,44
2024,다다318913,to_in_001,63
2024,다다318913,to_in_007,33
2024,다다318913,to_in_008,28
2024,다다318914,to_in_001,8
2024,다다318914,to_in_007,5
2024,다다318914,to_in_008,5
2024,다다318915,to_in_001,8
2024,다다318915,to_in_007,5
2024,다다318915,to_in_008,5
2024,다다318935,to_in_001,13
2024,다다318935,to_in_007,8
2024,다다318935,to_in_008,5
2024,다다318936,to_in_001,33
2024,다다318936,to_in_007,18
2024,다다318936,to_in_008,13
2024,다다318937,to_in_001,18
2024,다다318937,to_in_007,8
2024,다다318937,to_in_008,8
2024,다다318991,to_in_001,5
2024,다다318991,to_in_007,5
2024,다다318991,to_in_008,5
2024,다다318997,to_in_001,0
2024,다다318997,to_in_007,0
2024,다다318997,to_in_008,0
2024,다다318998,to_in_001,8
2024,다다318998,to_in_007,5
2024,다다318998,to_in_008,5
2024,다다319013,to_in_001,5
2024,다다319013,to_in_007,0
2024,다다319013,to_in_008,5
2024,다다319896,to_in_001,5
2024,다다319896,to_in_007,5
2024,다다319896,to_in_008,0
2024,다다319897,to_in_001,5
2024,다다319897,to_in_007,5
2024,다다319897,to_in_008,5
2024,다다319898,to_in_001,5
2024,다다319898,to_in_007,0
2024,다다319898,to_in_008,5
2024,다다319899,to_in_001,5
2024,다다319899,to_in_007,5
2024,다다319899,to_in_008,0
2024,다다319906,to_in_001,93
2024,다다319906,to_in_007,47
2024,다다319906,to_in_008,49
2024,다다319907,to_in_001,5
2024,다다319907,to_in_007,5
2024,다다319907,to_in_008,0
2024,다다319908,to_in_001,23
2024,다다319908,to_in_007,13
2024,다다319908,to_in_008,8
2024,다다319909,to_in_001,57
2024,다다319909,to_in_007,24
2024,다다319909,to_in_008,36
2024,다다319910,to_in_001,67
2024,다다319910,to_in_007,36
2024,다다319910,to_in_008,34
2024,다다319911,to_in_001,64
2024,다다319911,to_in_007,33
2024,다다319911,to_in_008,34
2024,다다319913,to_in_001,70
2024,다다319913,to_in_007,40
2024,다다319913,to_in_008,28
2024,다다319914,to_in_001,18
2024,다다319914,to_in_007,8
2024,다다319914,to_in_008,8
2024,다다319935,to_in_001,5
2024,다다319935,to_in_007,5
2024,다다319935,to_in_008,5
2024,다다319936,to_in_001,13
2024,다다319936,to_in_007,8
2024,다다319936,to_in_008,8
2024,다다336930,to_in_001,5
2024,다다336930,to_in_007,0
2024,다다336930,to_in_008,5
2024,다다336933,to_in_001,5
2024,다다336933,to_in_007,5
2024,다다336933,to_in_008,0
2024,다다336957,to_in_001,5
2024,다다336957,to_in_007,0
2024,다다336957,to_in_008,5
2024,다다336967,to_in_001,0
2024,다다336967,to_in_007,0
2024,다다336967,to_in_008,0
2024,다다336968,to_in_001,0
2024,다다336968,to_in_007,0
2024,다다336968,to_in_008,0
2024,다다336976,to_in_001,0
2024,다다336976,to_in_007,0
2024,다다336976,to_in_008,0
2024,다다336977,to_in_001,28
2024,다다336977,to_in_007,13
2024,다다336977,to_in_008,13
2024,다다336978,to_in_001,38
2024,다다336978,to_in_007,23
2024,다다336978,to_in_008,13
2024,다다336979,to_in_001,18
2024,다다336979,to_in_007,8
2024,다다336979,to_in_008,13
2024,다다336985,to_in_001,5
2024,다다324013,to_in_007,5
2024,다다324013,to_in_008,5
2024,다다324015,to_in_001,8
2024,다다324015,to_in_007,5
2024,다다324015,to_in_008,5
2024,다다324019,to_in_001,8
2024,다다324019,to_in_007,5
2024,다다324019,to_in_008,5
2024,다다324064,to_in_001,5
2024,다다324064,to_in_007,0
2024,다다324064,to_in_008,5
2024,다다324065,to_in_001,5
2024,다다324065,to_in_007,5
2024,다다324065,to_in_008,0
2024,다다324781,to_in_001,0
2024,다다324781,to_in_007,0
2024,다다324781,to_in_008,0
2024,다다324782,to_in_001,5
2024,다다324782,to_in_007,5
2024,다다324782,to_in_008,0
2024,다다324783,to_in_001,8
2024,다다324783,to_in_007,8
2024,다다324783,to_in_008,0
2024,다다324904,to_in_001,5
2024,다다324904,to_in_007,5
2024,다다324904,to_in_008,0
2024,다다325012,to_in_001,5
2024,다다325012,to_in_007,5
2024,다다325012,to_in_008,0
2024,다다325016,to_in_001,8
2024,다다325016,to_in_007,5
2024,다다325016,to_in_008,5
2024,다다325782,to_in_001,8
2024,다다325782,to_in_007,5
2024,다다325782,to_in_008,5
2024,다다325783,to_in_001,28
2024,다다325783,to_in_007,18
2024,다다325783,to_in_008,8
2024,다다325784,to_in_001,5
2024,다다325784,to_in_007,5
2024,다다325784,to_in_008,5
2024,다다325893,to_in_001,18
2024,다다325893,to_in_007,13
2024,다다325893,to_in_008,8
2024,다다353999,to_in_001,13
2024,다다353999,to_in_007,5
2024,다다353999,to_in_008,8
2024,다다354040,to_in_001,0
2024,다다354040,to_in_007,0
2024,다다294964,to_in_007,0
2024,다다294964,to_in_008,5
2024,다다294971,to_in_001,5
2024,다다294971,to_in_007,0
2024,다다294971,to_in_008,5
2024,다다294973,to_in_001,5
2024,다다294973,to_in_007,5
2024,다다294973,to_in_008,0
2024,다다295053,to_in_001,5
2024,다다295053,to_in_007,5
2024,다다295053,to_in_008,0
2024,다다295060,to_in_001,5
2024,다다295060,to_in_007,5
2024,다다295060,to_in_008,0
2024,다다295067,to_in_001,5
2024,다다295067,to_in_007,5
2024,다다295067,to_in_008,5
2024,다다309010,to_in_001,5
2024,다다309010,to_in_007,5
2024,다다309010,to_in_008,0
2024,다다309054,to_in_001,5
2024,다다309054,to_in_007,5
2024,다다309054,to_in_008,0
2024,다다309055,to_in_001,5
2024,다다309055,to_in_007,0
2024,다다309055,to_in_008,0
2024,다다309056,to_in_001,5
2024,다다309056,to_in_007,0
2024,다다309056,to_in_008,5
2024,다다309072,to_in_001,5
2024,다다309072,to_in_007,0
2024,다다309072,to_in_008,5
2024,다다309073,to_in_001,13
2024,다다309073,to_in_007,8
2024,다다309073,to_in_008,8
2024,다다309074,to_in_001,5
2024,다다309074,to_in_007,5
2024,다다309074,to_in_008,5
2024,다다309903,to_in_001,13
2024,다다309903,to_in_007,8
2024,다다309903,to_in_008,5
2024,다다309904,to_in_001,5
2024,다다309904,to_in_007,5
2024,다다309904,to_in_008,5
2024,다다309907,to_in_001,5
2024,다다309907,to_in_007,5
2024,다다309907,to_in_008,5
2024,다다309914,to_in_001,13
2024,다다309914,to_in_007,8
2024,다다309914,to_in_008,8
2024,다다309916,to_in_001,33
2024,다다309916,to_in_007,23
2024,다다309916,to_in_008,13
2024,다다309917,to_in_001,75
2024,다다309917,to_in_007,43
2024,다다309917,to_in_008,35
2024,다다309918,to_in_001,43
2024,다다309918,to_in_007,18
2024,다다309918,to_in_008,23
2024,다다309919,to_in_001,38
2024,다다309919,to_in_007,18
2024,다다309919,to_in_008,18
2024,다다309920,to_in_001,8
2024,다다309920,to_in_007,5
2024,다다309920,to_in_008,5
2024,다다309926,to_in_001,5
2024,다다309926,to_in_007,0
2024,다다309926,to_in_008,5
2024,다다309927,to_in_001,363
2024,다다309927,to_in_007,179
2024,다다309927,to_in_008,184
2024,다다309928,to_in_001,438
2024,다다309928,to_in_007,230
2024,다다309928,to_in_008,206
2024,다다310011,to_in_001,0
2024,다다310011,to_in_007,0
2024,다다310011,to_in_008,0
2024,다다310053,to_in_001,8
2024,다다310053,to_in_007,8
2024,다다310053,to_in_008,5
2024,다다310055,to_in_001,13
2024,다다310055,to_in_007,5
2024,다다310055,to_in_008,8
2024,다다310073,to_in_001,5
2024,다다310073,to_in_007,5
2024,다다310073,to_in_008,5
2024,다다310891,to_in_001,8
2024,다다310891,to_in_007,8
2024,다다310891,to_in_008,0
2024,다다310902,to_in_001,5
2024,다다310902,to_in_007,0
2024,다다310902,to_in_008,5
2024,다다310903,to_in_001,18
2024,다다310903,to_in_007,8
2024,다다310903,to_in_008,8
2024,다다310904,to_in_001,8
2024,다다310904,to_in_007,5
2024,다다310904,to_in_008,8
2024,다다310912,to_in_001,5
2024,다다310912,to_in_007,0
2024,다다310912,to_in_008,5
2024,다다310913,to_in_001,5
2024,다다310913,to_in_007,5
2024,다다310913,to_in_008,5
2024,다다310914,to_in_001,5
2024,다다310914,to_in_007,5
2024,다다310914,to_in_008,0
2024,다다310916,to_in_001,13
2024,다다310916,to_in_007,5
2024,다다310916,to_in_008,8
2024,다다310917,to_in_001,48
2024,다다310917,to_in_007,23
2024,다다310917,to_in_008,23
2024,다다310918,to_in_001,28
2024,다다310918,to_in_007,13
2024,다다310918,to_in_008,13
2024,다다310986,to_in_001,8
2024,다다310986,to_in_007,5
2024,다다310986,to_in_008,5
2024,다다310987,to_in_001,8
2024,다다310987,to_in_007,8
2024,다다310987,to_in_008,0
2024,다다311788,to_in_001,5
2024,다다311788,to_in_007,0
2024,다다311788,to_in_008,0
2024,다다311789,to_in_001,13
2024,다다311789,to_in_007,8
2024,다다311789,to_in_008,8
2024,다다311790,to_in_001,8
2024,다다311790,to_in_007,8
2024,다다311790,to_in_008,5
2024,다다311791,to_in_001,5
2024,다다311791,to_in_007,5
2024,다다311791,to_in_008,0
2024,다다311890,to_in_001,13
2024,다다311890,to_in_007,8
2024,다다311890,to_in_008,5
2024,다다311891,to_in_001,5
2024,다다311891,to_in_007,0
2024,다다311891,to_in_008,5
2024,다다311901,to_in_001,0
2024,다다311901,to_in_007,0
2024,다다311901,to_in_008,0
2024,다다311902,to_in_001,25
2024,다다311902,to_in_007,15
2024,다다311902,to_in_008,8
2024,다다311903,to_in_001,18
2024,다다311903,to_in_007,8
2024,다다311903,to_in_008,8
2024,다다311904,to_in_001,5
2024,다다311904,to_in_007,0
2024,다다311904,to_in_008,5
2024,다다311905,to_in_001,5
2024,다다311905,to_in_007,5
2024,다다311905,to_in_008,0
2024,다다311908,to_in_001,5
2024,다다311908,to_in_007,5
2024,다다311908,to_in_008,5
2024,다다311909,to_in_001,8
2024,다다311909,to_in_007,5
2024,다다311909,to_in_008,5
2024,다다311910,to_in_001,8
2024,다다311910,to_in_007,8
2024,다다311910,to_in_008,5
2024,다다311912,to_in_001,18
2024,다다311912,to_in_007,8
2024,다다311912,to_in_008,8
2024,다다311913,to_in_001,13
2024,다다311913,to_in_007,8
2024,다다311913,to_in_008,8
2024,다다331996,to_in_001,18
2024,다다331996,to_in_007,8
2024,다다331996,to_in_008,8
2024,다다332018,to_in_001,5
2024,다다332018,to_in_007,5
2024,다다332018,to_in_008,0
2024,다다332035,to_in_001,0
2024,다다332035,to_in_007,0
2024,다다332035,to_in_008,0
2024,다다332040,to_in_001,8
2024,다다332040,to_in_007,8
2024,다다332040,to_in_008,0
2024,다다332981,to_in_001,5
2024,다다332981,to_in_007,5
2024,다다332981,to_in_008,0
2024,다다332992,to_in_001,5
2024,다다332992,to_in_007,0
2024,다다332992,to_in_008,5
2024,다다332996,to_in_001,8
2024,다다332996,to_in_007,5
2024,다다332996,to_in_008,5
2024,다다332997,to_in_001,5
2024,다다332997,to_in_007,0
2024,다다332997,to_in_008,0
2024,다다333067,to_in_001,5
2024,다다333067,to_in_007,0
2024,다다333067,to_in_008,5
2024,다다333068,to_in_001,13
2024,다다333068,to_in_007,8
2024,다다333068,to_in_008,8
2024,다다333960,to_in_001,13
2024,다다333960,to_in_007,13
2024,다다333960,to_in_008,5
2024,다다333961,to_in_001,0
2024,다다333961,to_in_007,0
2024,다다333961,to_in_008,0
2024,다다333962,to_in_001,5
2024,다다333962,to_in_007,5
2024,다다333962,to_in_008,0
2024,다다333963,to_in_001,8
2024,다다333963,to_in_007,8
2024,다다333963,to_in_008,5
2024,다다333966,to_in_001,5
2024,다다333966,to_in_007,5
2024,다다333966,to_in_008,0
2024,다다333968,to_in_001,5
2024,다다333968,to_in_007,0
2024,다다333968,to_in_008,0
2024,다다333997,to_in_001,5
2024,다다333997,to_in_007,0
2024,다다333997,to_in_008,5
2024,다다334015,to_in_001,5
2024,다다334015,to_in_007,0
2024,다다334015,to_in_008,0
2024,다다334016,to_in_001,5
2024,다다334016,to_in_007,0
2024,다다334016,to_in_008,5
2024,다다334068,to_in_001,0
2024,다다334068,to_in_007,0
2024,다다334068,to_in_008,0
2024,다다334929,to_in_001,5
2024,다다334929,to_in_007,5
2024,다다334929,to_in_008,0
2024,다다334959,to_in_001,8
2024,다다334959,to_in_007,5
2024,다다334959,to_in_008,5
2024,다다334962,to_in_001,0
2024,다다334962,to_in_007,0
2024,다다334962,to_in_008,0
2024,다다334963,to_in_001,5
2024,다다334963,to_in_007,5
2024,다다334963,to_in_008,0
2024,다다334999,to_in_001,5
2024,다다334999,to_in_007,0
2024,다다334999,to_in_008,5
2024,다다335035,to_in_001,5
2024,다다335035,to_in_007,5
2024,다다335035,to_in_008,0
2024,다다335930,to_in_001,0
2024,다다335930,to_in_007,0
2024,다다335930,to_in_008,0
2024,다다335958,to_in_001,13
2024,다다335958,to_in_007,13
2024,다다335958,to_in_008,0
2024,다다335974,to_in_001,0
2024,다다335974,to_in_007,0
2024,다다335974,to_in_008,0
2024,다다335978,to_in_001,5
2024,다다335978,to_in_007,5
2024,다다335978,to_in_008,0
2024,다다335979,to_in_001,8
2024,다다335979,to_in_007,5
2024,다다335979,to_in_008,5
2024,다다335989,to_in_001,0
2024,다다335989,to_in_007,0
2024,다다335989,to_in_008,0
2024,다다335990,to_in_001,0
2024,다다335990,to_in_007,0
2024,다다335990,to_in_008,0
2024,다다336018,to_in_001,5
2024,다다336018,to_in_007,5
2024,다다336018,to_in_008,5
2024,다다336029,to_in_001,8
2024,다다336029,to_in_007,5
2024,다다336029,to_in_008,8
2024,다다336031,to_in_001,5
2024,다다336031,to_in_007,5
2024,다다336031,to_in_008,0
2024,다다336034,to_in_001,5
2024,다다336034,to_in_007,0
2024,다다336034,to_in_008,5
2024,다다336068,to_in_001,5
2024,다다336068,to_in_007,5
2024,다다336068,to_in_008,0
2024,다다336079,to_in_001,5
2024,다다336079,to_in_007,5
2024,다다336079,to_in_008,0
2024,다다347999,to_in_001,5
2024,다다347999,to_in_007,0
2024,다다347999,to_in_008,5
2024,다다348000,to_in_001,0
2024,다다348000,to_in_007,0
2024,다다348000,to_in_008,0
2024,다다354040,to_in_008,0
2024,다다354061,to_in_001,5
2024,다다354061,to_in_007,0
2024,다다354061,to_in_008,5
2024,다다354063,to_in_001,0
2024,다다354063,to_in_007,0
2024,다다354063,to_in_008,0
2024,다다354064,to_in_001,8
2024,다다354064,to_in_007,5
2024,다다354064,to_in_008,5
2024,다다354067,to_in_001,5
2024,다다354067,to_in_007,0
2024,다다354067,to_in_008,5
2024,다다354069,to_in_001,0
2024,다다354069,to_in_007,0
2024,다다354069,to_in_008,0
2024,다다354070,to_in_001,8
2024,다다354070,to_in_007,5
2024,다다354070,to_in_008,5
2024,다다354071,to_in_001,18
2024,다다354071,to_in_007,8
2024,다다354071,to_in_008,8
2024,다다354072,to_in_001,5
2024,다다354072,to_in_007,5
2024,다다354072,to_in_008,5
2024,다다354073,to_in_001,18
2024,다다354073,to_in_007,13
2024,다다354073,to_in_008,8
2024,다다354074,to_in_001,5
2024,다다354074,to_in_007,0
2024,다다354074,to_in_008,5
2024,다다354999,to_in_001,8
2024,다다354999,to_in_007,5
2024,다다354999,to_in_008,5
2024,다다355008,to_in_001,13
2024,다다355008,to_in_007,5
2024,다다355008,to_in_008,8
2024,다다355009,to_in_001,5
2024,다다355009,to_in_007,5
2024,다다355009,to_in_008,5
2024,다다355066,to_in_001,0
2024,다다355066,to_in_007,0
2024,다다355066,to_in_008,0
2024,다다355067,to_in_001,8
2024,다다355067,to_in_007,5
2024,다다355067,to_in_008,5
2024,다다355068,to_in_001,18
2024,다다355068,to_in_007,8
2024,다다355068,to_in_008,13
2024,다다355069,to_in_001,23
2024,다다355069,to_in_007,18
2024,다다355069,to_in_008,8
2024,다다355070,to_in_001,13
2024,다다355070,to_in_007,8
2024,다다355070,to_in_008,8
2024,다다355071,to_in_001,5
2024,다다355071,to_in_007,0
2024,다다326783,to_in_007,5
2024,다다326783,to_in_008,5
2024,다다326784,to_in_001,8
2024,다다326784,to_in_007,0
2024,다다326784,to_in_008,5
2024,다다326892,to_in_001,5
2024,다다326892,to_in_007,0
2024,다다326892,to_in_008,5
2024,다다326937,to_in_001,0
2024,다다326937,to_in_007,0
2024,다다326937,to_in_008,0
2024,다다327020,to_in_001,8
2024,다다327020,to_in_007,8
2024,다다327020,to_in_008,0
2024,다다327913,to_in_001,8
2024,다다327913,to_in_007,0
2024,다다327913,to_in_008,8
2024,다다327937,to_in_001,5
2024,다다327937,to_in_007,5
2024,다다327937,to_in_008,0
2024,다다327961,to_in_001,24
2024,다다327961,to_in_007,19
2024,다다327961,to_in_008,5
2024,다다328019,to_in_001,5
2024,다다328019,to_in_007,0
2024,다다328019,to_in_008,0
2024,다다328022,to_in_001,5
2024,다다328022,to_in_007,5
2024,다다328022,to_in_008,0
2024,다다328079,to_in_001,5
2024,다다328079,to_in_007,5
2024,다다328079,to_in_008,0
2024,다다328990,to_in_001,0
2024,다다328990,to_in_007,0
2024,다다328990,to_in_008,0
2024,다다329016,to_in_001,5
2024,다다329016,to_in_007,5
2024,다다329016,to_in_008,5
2024,다다329022,to_in_001,5
2024,다다329022,to_in_007,5
2024,다다329022,to_in_008,0
2024,다다329025,to_in_001,5
2024,다다329025,to_in_007,0
2024,다다329025,to_in_008,5
2024,다다329026,to_in_001,5
2024,다다329026,to_in_007,0
2024,다다329026,to_in_008,5
2024,다다329081,to_in_001,5
2024,다다329081,to_in_007,5
2024,다다329081,to_in_008,0
2024,다다329817,to_in_001,8
2024,다다329817,to_in_007,8
2024,다다329817,to_in_008,5
2024,다다329818,to_in_001,5
2024,다다329818,to_in_007,5
2024,다다329818,to_in_008,0
2024,다다329932,to_in_001,0
2024,다다329932,to_in_007,0
2024,다다329932,to_in_008,0
2024,다다329962,to_in_001,14
2024,다다329962,to_in_007,14
2024,다다329962,to_in_008,0
2024,다다329995,to_in_001,5
2024,다다329995,to_in_007,5
2024,다다329995,to_in_008,5
2024,다다330025,to_in_001,8
2024,다다330025,to_in_007,8
2024,다다330025,to_in_008,8
2024,다다330026,to_in_001,8
2024,다다330026,to_in_007,8
2024,다다330026,to_in_008,5
2024,다다330817,to_in_001,5
2024,다다330817,to_in_007,5
2024,다다330817,to_in_008,0
2024,다다330932,to_in_001,8
2024,다다330932,to_in_007,5
2024,다다330932,to_in_008,5
2024,다다330962,to_in_001,8
2024,다다330962,to_in_007,8
2024,다다330962,to_in_008,0
2024,다다330994,to_in_001,5
2024,다다330994,to_in_007,5
2024,다다330994,to_in_008,0
2024,다다330995,to_in_001,8
2024,다다330995,to_in_007,5
2024,다다330995,to_in_008,8
2024,다다330996,to_in_001,8
2024,다다330996,to_in_007,8
2024,다다330996,to_in_008,8
2024,다다331016,to_in_001,5
2024,다다331016,to_in_007,5
2024,다다331016,to_in_008,0
2024,다다331037,to_in_001,0
2024,다다331037,to_in_007,0
2024,다다331037,to_in_008,0
2024,다다331817,to_in_001,0
2024,다다331817,to_in_007,0
2024,다다331817,to_in_008,0
2024,다다331992,to_in_001,8
2024,다다331992,to_in_007,5
2024,다다331992,to_in_008,5
2024,다다331993,to_in_001,13
2024,다다331993,to_in_007,8
2024,다다331993,to_in_008,8
2024,다다331995,to_in_001,5
2024,다다331995,to_in_007,0
2024,다다331995,to_in_008,5
2024,다다340938,to_in_001,5
2024,다다340938,to_in_007,0
2024,다다340938,to_in_008,0
2024,다다340941,to_in_001,13
2024,다다340941,to_in_007,8
2024,다다340941,to_in_008,5
2024,다다340946,to_in_001,5
2024,다다340946,to_in_007,0
2024,다다340946,to_in_008,0
2024,다다340975,to_in_001,16
2024,다다340975,to_in_007,16
2024,다다340975,to_in_008,5
2024,다다340979,to_in_001,5
2024,다다340979,to_in_007,5
2024,다다340979,to_in_008,5
2024,다다340985,to_in_001,5
2024,다다340985,to_in_007,5
2024,다다340985,to_in_008,5
2024,다다340986,to_in_001,18
2024,다다340986,to_in_007,8
2024,다다340986,to_in_008,8
2024,다다340987,to_in_001,5
2024,다다340987,to_in_007,5
2024,다다340987,to_in_008,5
2024,다다340988,to_in_001,13
2024,다다340988,to_in_007,8
2024,다다340988,to_in_008,8
2024,다다340989,to_in_001,5
2024,다다340989,to_in_007,5
2024,다다340989,to_in_008,0
2024,다다341064,to_in_001,5
2024,다다341064,to_in_007,0
2024,다다341064,to_in_008,0
2024,다다341066,to_in_001,5
2024,다다341066,to_in_007,5
2024,다다341066,to_in_008,5
2024,다다341068,to_in_001,5
2024,다다341068,to_in_007,5
2024,다다341068,to_in_008,0
2024,다다341069,to_in_001,13
2024,다다341069,to_in_007,5
2024,다다341069,to_in_008,8
2024,다다341070,to_in_001,8
2024,다다341070,to_in_007,5
2024,다다341070,to_in_008,8
2024,다다341071,to_in_001,8
2024,다다341071,to_in_007,5
2024,다다341071,to_in_008,5
2024,다다341076,to_in_001,8
2024,다다341076,to_in_007,8
2024,다다341076,to_in_008,0
2024,다다341940,to_in_001,8
2024,다다341940,to_in_007,5
2024,다다341940,to_in_008,5
2024,다다341941,to_in_001,5
2024,다다341941,to_in_007,5
2024,다다341941,to_in_008,5
2024,다다341942,to_in_001,0
2024,다다341942,to_in_007,0
2024,다다341942,to_in_008,0
2024,다다341945,to_in_001,5
2024,다다341945,to_in_007,0
2024,다다341945,to_in_008,5
2024,다다341986,to_in_001,8
2024,다다341986,to_in_007,5
2024,다다341986,to_in_008,5
2024,다다341989,to_in_001,18
2024,다다341989,to_in_007,8
2024,다다341989,to_in_008,8
2024,다다341990,to_in_001,8
2024,다다341990,to_in_007,8
2024,다다341990,to_in_008,5
2024,다다342047,to_in_001,8
2024,다다342047,to_in_007,8
2024,다다342047,to_in_008,0
2024,다다342063,to_in_001,8
2024,다다342063,to_in_007,0
2024,다다342063,to_in_008,8
2024,다다342069,to_in_001,18
2024,다다342069,to_in_007,8
2024,다다342069,to_in_008,13
2024,다다342071,to_in_001,5
2024,다다342071,to_in_007,0
2024,다다342071,to_in_008,0
2024,다다342072,to_in_001,8
2024,다다342072,to_in_007,8
2024,다다342072,to_in_008,5
2024,다다342074,to_in_001,13
2024,다다342074,to_in_007,8
2024,다다342074,to_in_008,8
2024,다다342075,to_in_001,13
2024,다다342075,to_in_007,8
2024,다다342075,to_in_008,5
2024,다다342076,to_in_001,8
2024,다다342076,to_in_007,5
2024,다다342076,to_in_008,5
2024,다다342077,to_in_001,8
2024,다다342077,to_in_007,8
2024,다다342077,to_in_008,0
2024,다다342942,to_in_001,0
2024,다다342942,to_in_007,0
2024,다다342942,to_in_008,0
2024,다다342943,to_in_001,13
2024,다다342943,to_in_007,8
2024,다다342943,to_in_008,8
2024,다다342944,to_in_001,18
2024,다다342944,to_in_007,8
2024,다다342944,to_in_008,8
2024,다다342990,to_in_001,5
2024,다다342990,to_in_007,5
2024,다다342990,to_in_008,5
2024,다다343044,to_in_001,5
2024,다다343044,to_in_007,0
2024,다다343044,to_in_008,5
2024,다다360073,to_in_001,5
2024,다다360073,to_in_007,5
2024,다다360073,to_in_008,0
2024,다다360927,to_in_001,0
2024,다다360927,to_in_007,0
2024,다다360927,to_in_008,0
2024,다다360928,to_in_001,18
2024,다다360928,to_in_007,8
2024,다다360928,to_in_008,8
2024,다다360993,to_in_001,5
2024,다다360993,to_in_007,5
2024,다다360993,to_in_008,0
2024,다다361002,to_in_001,5
2024,다다361002,to_in_007,0
2024,다다361002,to_in_008,5
2024,다다361005,to_in_001,13
2024,다다361005,to_in_007,8
2024,다다361005,to_in_008,8
2024,다다361006,to_in_001,8
2024,다다361006,to_in_007,8
2024,다다361006,to_in_008,5
2024,다다361013,to_in_001,5
2024,다다361013,to_in_007,5
2024,다다361013,to_in_008,0
2024,다다361044,to_in_001,5
2024,다다361044,to_in_007,0
2024,다다361044,to_in_008,0
2024,다다361069,to_in_001,0
2024,다다361069,to_in_007,0
2024,다다361069,to_in_008,0
2024,다다361071,to_in_001,5
2024,다다361071,to_in_007,0
2024,다다361071,to_in_008,0
2024,다다361074,to_in_001,5
2024,다다361074,to_in_007,5
2024,다다361074,to_in_008,0
2024,다다361928,to_in_001,8
2024,다다361928,to_in_007,5
2024,다다361928,to_in_008,5
2024,다다361929,to_in_001,5
2024,다다361929,to_in_007,5
2024,다다361929,to_in_008,0
2024,다다361993,to_in_001,5
2024,다다361993,to_in_007,5
2024,다다361993,to_in_008,5
2024,다다361999,to_in_001,5
2024,다다361999,to_in_007,5
2024,다다361999,to_in_008,5
2024,다다362000,to_in_001,5
2024,다다362000,to_in_007,0
2024,다다362000,to_in_008,0
2024,다다362001,to_in_001,5
2024,다다362001,to_in_007,0
2024,다다362001,to_in_008,0
2024,다다362002,to_in_001,18
2024,다다362002,to_in_007,8
2024,다다362002,to_in_008,13
2024,다다362003,to_in_001,8
2024,다다362003,to_in_007,5
2024,다다362003,to_in_008,5
2024,다다362017,to_in_001,8
2024,다다362017,to_in_007,5
2024,다다362017,to_in_008,0
2024,다다362042,to_in_001,0
2024,다다362042,to_in_007,0
2024,다다362042,to_in_008,0
2024,다다362075,to_in_001,8
2024,다다362075,to_in_007,8
2024,다다362075,to_in_008,0
2024,다다362076,to_in_001,5
2024,다다362076,to_in_007,5
2024,다다362076,to_in_008,5
2024,다다336985,to_in_007,0
2024,다다336985,to_in_008,5
2024,다다336986,to_in_001,5
2024,다다336986,to_in_007,5
2024,다다336986,to_in_008,0
2024,다다337019,to_in_001,0
2024,다다337019,to_in_007,0
2024,다다337019,to_in_008,0
2024,다다337042,to_in_001,5
2024,다다337042,to_in_007,5
2024,다다337042,to_in_008,0
2024,다다337043,to_in_001,8
2024,다다337043,to_in_007,5
2024,다다337043,to_in_008,5
2024,다다337053,to_in_001,13
2024,다다337053,to_in_007,8
2024,다다337053,to_in_008,5
2024,다다337054,to_in_001,5
2024,다다337054,to_in_007,5
2024,다다337054,to_in_008,0
2024,다다337064,to_in_001,5
2024,다다337064,to_in_007,5
2024,다다337064,to_in_008,0
2024,다다337069,to_in_001,0
2024,다다337069,to_in_007,0
2024,다다337069,to_in_008,0
2024,다다337079,to_in_001,5
2024,다다337079,to_in_007,5
2024,다다337079,to_in_008,0
2024,다다337930,to_in_001,8
2024,다다337930,to_in_007,5
2024,다다337930,to_in_008,5
2024,다다337936,to_in_001,5
2024,다다337936,to_in_007,0
2024,다다337936,to_in_008,5
2024,다다337938,to_in_001,5
2024,다다337938,to_in_007,5
2024,다다337938,to_in_008,0
2024,다다337956,to_in_001,5
2024,다다337956,to_in_007,5
2024,다다337956,to_in_008,0
2024,다다337966,to_in_001,8
2024,다다337966,to_in_007,8
2024,다다337966,to_in_008,0
2024,다다337971,to_in_001,5
2024,다다337971,to_in_007,5
2024,다다337971,to_in_008,0
2024,다다337975,to_in_001,14
2024,다다337975,to_in_007,14
2024,다다337975,to_in_008,0
2024,다다337977,to_in_001,23
2024,다다337977,to_in_007,13
2024,다다337977,to_in_008,13
2024,다다337978,to_in_001,28
2024,다다337978,to_in_007,13
2024,다다337978,to_in_008,13
2024,다다337979,to_in_001,13
2024,다다337979,to_in_007,8
2024,다다337979,to_in_008,8
2024,다다337989,to_in_001,5
2024,다다337989,to_in_007,5
2024,다다337989,to_in_008,5
2024,다다338019,to_in_001,8
2024,다다338019,to_in_007,5
2024,다다338019,to_in_008,5
2024,다다338020,to_in_001,5
2024,다다338020,to_in_007,5
2024,다다338020,to_in_008,0
2024,다다338034,to_in_001,8
2024,다다338034,to_in_007,5
2024,다다338034,to_in_008,5
2024,다다338035,to_in_001,0
2024,다다338035,to_in_007,0
2024,다다338035,to_in_008,0
2024,다다338037,to_in_001,5
2024,다다338037,to_in_007,5
2024,다다338037,to_in_008,5
2024,다다338042,to_in_001,5
2024,다다338042,to_in_007,5
2024,다다338042,to_in_008,5
2024,다다338043,to_in_001,13
2024,다다338043,to_in_007,8
2024,다다338043,to_in_008,8
2024,다다338053,to_in_001,8
2024,다다338053,to_in_007,5
2024,다다338053,to_in_008,5
2024,다다338056,to_in_001,5
2024,다다338056,to_in_007,0
2024,다다338056,to_in_008,5
2024,다다343046,to_in_001,8
2024,다다343046,to_in_007,5
2024,다다343046,to_in_008,8
2024,다다343071,to_in_001,0
2024,다다343071,to_in_007,0
2024,다다343071,to_in_008,0
2024,다다343072,to_in_001,28
2024,다다343072,to_in_007,13
2024,다다343072,to_in_008,18
2024,다다343073,to_in_001,48
2024,다다343073,to_in_007,23
2024,다다343073,to_in_008,23
2024,다다343074,to_in_001,18
2024,다다343074,to_in_007,8
2024,다다343074,to_in_008,8
2024,다다343075,to_in_001,43
2024,다다343075,to_in_007,23
2024,다다343075,to_in_008,18
2024,다다343076,to_in_001,33
2024,다다343076,to_in_007,18
2024,다다343076,to_in_008,13
2024,다다343077,to_in_001,8
2024,다다343077,to_in_007,8
2024,다다343077,to_in_008,5
2024,다다343942,to_in_001,8
2024,다다343942,to_in_007,5
2024,다다343942,to_in_008,5
2024,다다343943,to_in_001,33
2024,다다343943,to_in_007,18
2024,다다343943,to_in_008,18
2024,다다343944,to_in_001,5
2024,다다343944,to_in_007,5
2024,다다343944,to_in_008,0
2024,다다343947,to_in_001,5
2024,다다343947,to_in_007,5
2024,다다343947,to_in_008,0
2024,다다344046,to_in_001,8
2024,다다344046,to_in_007,5
2024,다다344046,to_in_008,5
2024,다다344050,to_in_001,5
2024,다다344050,to_in_007,5
2024,다다344050,to_in_008,0
2024,다다344051,to_in_001,13
2024,다다344051,to_in_007,8
2024,다다344051,to_in_008,8
2024,다다344071,to_in_001,13
2024,다다344071,to_in_007,5
2024,다다344071,to_in_008,8
2024,다다344072,to_in_001,28
2024,다다344072,to_in_007,13
2024,다다344072,to_in_008,13
2024,다다344073,to_in_001,23
2024,다다344073,to_in_007,13
2024,다다344073,to_in_008,13
2024,다다344074,to_in_001,28
2024,다다344074,to_in_007,13
2024,다다344074,to_in_008,18
2024,다다344075,to_in_001,45
2024,다다344075,to_in_007,20
2024,다다344075,to_in_008,23
2024,다다344076,to_in_001,23
2024,다다344076,to_in_007,13
2024,다다344076,to_in_008,13
2024,다다344940,to_in_001,5
2024,다다344940,to_in_007,0
2024,다다344940,to_in_008,0
2024,다다344941,to_in_001,5
2024,다다344941,to_in_007,5
2024,다다344941,to_in_008,5
2024,다다344942,to_in_001,33
2024,다다344942,to_in_007,23
2024,다다344942,to_in_008,13
2024,다다344943,to_in_001,38
2024,다다344943,to_in_007,23
2024,다다344943,to_in_008,18
2024,다다344944,to_in_001,13
2024,다다344944,to_in_007,8
2024,다다344944,to_in_008,5
2024,다다344982,to_in_001,5
2024,다다344982,to_in_007,0
2024,다다344982,to_in_008,5
2024,다다344989,to_in_001,0
2024,다다344989,to_in_007,0
2024,다다344989,to_in_008,0
2024,다다345047,to_in_001,0
2024,다다345047,to_in_007,0
2024,다다345047,to_in_008,0
2024,다다345048,to_in_001,8
2024,다다345048,to_in_007,5
2024,다다345048,to_in_008,5
2024,다다345050,to_in_001,13
2024,다다345050,to_in_007,5
2024,다다345050,to_in_008,8
2024,다다345051,to_in_001,8
2024,다다345051,to_in_007,8
2024,다다345051,to_in_008,5
2024,다다345070,to_in_001,8
2024,다다345070,to_in_007,5
2024,다다345070,to_in_008,8
2024,다다345071,to_in_001,13
2024,다다345071,to_in_007,8
2024,다다345071,to_in_008,8
2024,다다345072,to_in_001,33
2024,다다345072,to_in_007,18
2024,다다345072,to_in_008,18
2024,다다345073,to_in_001,23
2024,다다345073,to_in_007,13
2024,다다345073,to_in_008,8
2024,다다345074,to_in_001,0
2024,다다345074,to_in_007,0
2024,다다345074,to_in_008,0
2024,다다357043,to_in_001,13
2024,다다357043,to_in_007,8
2024,다다357043,to_in_008,8
2024,다다357068,to_in_001,5
2024,다다357068,to_in_007,0
2024,다다357068,to_in_008,0
2024,다다357069,to_in_001,33
2024,다다357069,to_in_007,23
2024,다다357069,to_in_008,13
2024,다다357070,to_in_001,13
2024,다다357070,to_in_007,8
2024,다다357070,to_in_008,8
2024,다다357071,to_in_001,18
2024,다다357071,to_in_007,8
2024,다다357071,to_in_008,8
2024,다다357072,to_in_001,28
2024,다다357072,to_in_007,13
2024,다다357072,to_in_008,18
2024,다다357073,to_in_001,23
2024,다다357073,to_in_007,13
2024,다다357073,to_in_008,8
2024,다다357999,to_in_001,5
2024,다다357999,to_in_007,5
2024,다다357999,to_in_008,0
2024,다다358005,to_in_001,5
2024,다다358005,to_in_007,0
2024,다다358005,to_in_008,5
2024,다다358041,to_in_001,5
2024,다다358041,to_in_007,5
2024,다다358041,to_in_008,0
2024,다다358069,to_in_001,13
2024,다다358069,to_in_007,8
2024,다다358069,to_in_008,5
2024,다다358070,to_in_001,23
2024,다다358070,to_in_007,13
2024,다다358070,to_in_008,13
2024,다다358071,to_in_001,28
2024,다다358071,to_in_007,13
2024,다다358071,to_in_008,13
2024,다다358072,to_in_001,38
2024,다다358072,to_in_007,18
2024,다다358072,to_in_008,18
2024,다다358073,to_in_001,0
2024,다다358073,to_in_007,0
2024,다다358073,to_in_008,0
2024,다다358934,to_in_001,0
2024,다다358934,to_in_007,0
2024,다다358934,to_in_008,0
2024,다다358996,to_in_001,5
2024,다다358996,to_in_007,5
2024,다다358996,to_in_008,0
2024,다다359001,to_in_001,5
2024,다다359001,to_in_007,0
2024,다다359001,to_in_008,0
2024,다다359003,to_in_001,5
2024,다다359003,to_in_007,5
2024,다다359003,to_in_008,0
2024,다다359004,to_in_001,5
2024,다다359004,to_in_007,5
2024,다다359004,to_in_008,0
2024,다다359057,to_in_001,5
2024,다다359057,to_in_007,5
2024,다다359057,to_in_008,0
2024,다다359058,to_in_001,8
2024,다다359058,to_in_007,5
2024,다다359058,to_in_008,5
2024,다다359071,to_in_001,44
2024,다다359071,to_in_007,24
2024,다다359071,to_in_008,18
2024,다다359072,to_in_001,8
2024,다다359072,to_in_007,8
2024,다다359072,to_in_008,5
2024,다다359073,to_in_001,8
2024,다다359073,to_in_007,5
2024,다다359073,to_in_008,8
2024,다다359927,to_in_001,5
2024,다다359927,to_in_007,5
2024,다다359927,to_in_008,0
2024,다다359928,to_in_001,8
2024,다다359928,to_in_007,5
2024,다다359928,to_in_008,5
2024,다다359934,to_in_001,5
2024,다다359934,to_in_007,0
2024,다다359934,to_in_008,5
2024,다다360001,to_in_001,0
2024,다다360001,to_in_007,0
2024,다다360001,to_in_008,0
2024,다다360003,to_in_001,5
2024,다다360003,to_in_007,0
2024,다다360003,to_in_008,5
2024,다다360005,to_in_001,0
2024,다다360005,to_in_007,0
2024,다다360005,to_in_008,0
2024,다다355071,to_in_008,5
2024,다다355072,to_in_001,8
2024,다다355072,to_in_007,5
2024,다다355072,to_in_008,5
2024,다다355073,to_in_001,18
2024,다다355073,to_in_007,8
2024,다다355073,to_in_008,13
2024,다다355074,to_in_001,5
2024,다다355074,to_in_007,0
2024,다다355074,to_in_008,5
2024,다다355938,to_in_001,8
2024,다다355938,to_in_007,8
2024,다다355938,to_in_008,5
2024,다다355998,to_in_001,8
2024,다다355998,to_in_007,5
2024,다다355998,to_in_008,5
2024,다다356006,to_in_001,8
2024,다다356006,to_in_007,5
2024,다다356006,to_in_008,5
2024,다다356066,to_in_001,5
2024,다다356066,to_in_007,5
2024,다다356066,to_in_008,0
2024,다다356067,to_in_001,8
2024,다다356067,to_in_007,5
2024,다다356067,to_in_008,5
2024,다다356068,to_in_001,33
2024,다다356068,to_in_007,18
2024,다다356068,to_in_008,13
2024,다다356069,to_in_001,33
2024,다다356069,to_in_007,18
2024,다다356069,to_in_008,18
2024,다다356070,to_in_001,18
2024,다다356070,to_in_007,8
2024,다다356070,to_in_008,8
2024,다다356071,to_in_001,18
2024,다다356071,to_in_007,8
2024,다다356071,to_in_008,8
2024,다다356072,to_in_001,18
2024,다다356072,to_in_007,8
2024,다다356072,to_in_008,8
2024,다다356073,to_in_001,23
2024,다다356073,to_in_007,13
2024,다다356073,to_in_008,8
2024,다다357005,to_in_001,8
2024,다다321896,to_in_007,5
2024,다다321896,to_in_008,5
2024,다다321903,to_in_001,5
2024,다다321903,to_in_007,5
2024,다다321903,to_in_008,0
2024,다다321908,to_in_001,5
2024,다다321908,to_in_007,5
2024,다다321908,to_in_008,0
2024,다다321910,to_in_001,0
2024,다다321910,to_in_007,0
2024,다다321910,to_in_008,0
2024,다다338933,to_in_001,5
2024,다다338933,to_in_007,0
2024,다다338933,to_in_008,0
2024,다다338939,to_in_001,5
2024,다다338939,to_in_007,5
2024,다다338939,to_in_008,0
2024,다다338970,to_in_001,13
2024,다다338970,to_in_007,8
2024,다다338970,to_in_008,8
2024,다다338975,to_in_001,5
2024,다다338975,to_in_007,0
2024,다다338975,to_in_008,0
2024,다다338976,to_in_001,8
2024,다다338976,to_in_007,8
2024,다다338976,to_in_008,5
2024,다다338977,to_in_001,5
2024,다다338977,to_in_007,0
2024,다다338977,to_in_008,5
2024,다다338978,to_in_001,0
2024,다다338978,to_in_007,0
2024,다다338978,to_in_008,0
2024,다다338979,to_in_001,8
2024,다다338979,to_in_007,5
2024,다다338979,to_in_008,8
2024,다다338988,to_in_001,13
2024,다다338988,to_in_007,8
2024,다다338988,to_in_008,8
2024,다다339040,to_in_001,5
2024,다다339040,to_in_007,0
2024,다다339040,to_in_008,0
2024,다다339042,to_in_001,0
2024,다다339042,to_in_007,0
2024,다다339042,to_in_008,0
2024,다다339043,to_in_001,5
2024,다다339043,to_in_007,5
2024,다다339043,to_in_008,0
2024,다다339044,to_in_001,8
2024,다다339044,to_in_007,5
2024,다다339044,to_in_008,5
2024,다다339045,to_in_001,0
2024,다다339045,to_in_007,0
2024,다다339045,to_in_008,0
2024,다다339046,to_in_001,8
2024,다다339046,to_in_007,8
2024,다다339046,to_in_008,5
2024,다다339048,to_in_001,8
2024,다다339048,to_in_007,8
2024,다다339048,to_in_008,0
2024,다다339050,to_in_001,8
2024,다다339050,to_in_007,5
2024,다다339050,to_in_008,5
2024,다다339053,to_in_001,5
2024,다다339053,to_in_007,0
2024,다다339053,to_in_008,5
2024,다다339058,to_in_001,0
2024,다다339058,to_in_007,0
2024,다다339058,to_in_008,0
2024,다다339072,to_in_001,5
2024,다다339072,to_in_007,5
2024,다다339072,to_in_008,5
2024,다다339073,to_in_001,5
2024,다다339073,to_in_007,5
2024,다다339073,to_in_008,0
2024,다다339935,to_in_001,5
2024,다다339935,to_in_007,0
2024,다다339935,to_in_008,5
2024,다다339939,to_in_001,5
2024,다다339939,to_in_007,5
2024,다다339939,to_in_008,0
2024,다다339940,to_in_001,5
2024,다다339940,to_in_007,0
2024,다다339940,to_in_008,0
2024,다다339975,to_in_001,8
2024,다다339975,to_in_007,5
2024,다다339975,to_in_008,8
2024,다다339978,to_in_001,13
2024,다다339978,to_in_007,8
2024,다다339978,to_in_008,8
2024,다다339979,to_in_001,18
2024,다다339979,to_in_007,8
2024,다다339979,to_in_008,8
2024,다다339986,to_in_001,0
2024,다다339986,to_in_007,0
2024,다다339986,to_in_008,0
2024,다다339987,to_in_001,39
2024,다다339987,to_in_007,24
2024,다다339987,to_in_008,13
2024,다다339988,to_in_001,13
2024,다다339988,to_in_007,8
2024,다다339988,to_in_008,8
2024,다다339989,to_in_001,5
2024,다다339989,to_in_007,0
2024,다다339989,to_in_008,5
2024,다다340034,to_in_001,0
2024,다다340034,to_in_007,0
2024,다다340034,to_in_008,0
2024,다다340035,to_in_001,5
2024,다다340035,to_in_007,5
2024,다다340035,to_in_008,0
2024,다다340048,to_in_001,0
2024,다다340048,to_in_007,0
2024,다다340048,to_in_008,0
2024,다다340050,to_in_001,5
2024,다다340050,to_in_007,5
2024,다다340050,to_in_008,0
2024,다다340060,to_in_001,8
2024,다다340060,to_in_007,5
2024,다다340060,to_in_008,5
2024,다다340069,to_in_001,5
2024,다다340069,to_in_007,0
2024,다다340069,to_in_008,5
2024,다다340075,to_in_001,0
2024,다다340075,to_in_007,0
2024,다다340075,to_in_008,0
2024,다다345075,to_in_001,8
2024,다다345075,to_in_007,5
2024,다다345075,to_in_008,8
2024,다다345076,to_in_001,5
2024,다다345076,to_in_007,5
2024,다다345076,to_in_008,0
2024,다다345940,to_in_001,5
2024,다다345940,to_in_007,5
2024,다다345940,to_in_008,0
2024,다다345941,to_in_001,5
2024,다다345941,to_in_007,5
2024,다다345941,to_in_008,5
2024,다다345942,to_in_001,13
2024,다다345942,to_in_007,8
2024,다다345942,to_in_008,5
2024,다다345943,to_in_001,18
2024,다다345943,to_in_007,8
2024,다다345943,to_in_008,8
2024,다다345944,to_in_001,8
2024,다다345944,to_in_007,5
2024,다다345944,to_in_008,5
2024,다다345983,to_in_001,5
2024,다다345983,to_in_007,5
2024,다다345983,to_in_008,0
2024,다다346045,to_in_001,5
2024,다다346045,to_in_007,5
2024,다다346045,to_in_008,0
2024,다다346046,to_in_001,18
2024,다다346046,to_in_007,8
2024,다다346046,to_in_008,8
2024,다다346049,to_in_001,5
2024,다다346049,to_in_007,5
2024,다다346049,to_in_008,5
2024,다다346050,to_in_001,8
2024,다다346050,to_in_007,8
2024,다다346050,to_in_008,5
2024,다다346069,to_in_001,5
2024,다다346069,to_in_007,0
2024,다다346069,to_in_008,5
2024,다다346070,to_in_001,0
2024,다다346070,to_in_007,0
2024,다다346070,to_in_008,0
2024,다다346071,to_in_001,5
2024,다다346071,to_in_007,0
2024,다다346071,to_in_008,5
2024,다다346072,to_in_001,18
2024,다다346072,to_in_007,13
2024,다다346072,to_in_008,8
2024,다다346941,to_in_001,8
2024,다다346941,to_in_007,5
2024,다다346941,to_in_008,5
2024,다다346943,to_in_001,8
2024,다다346943,to_in_007,5
2024,다다346943,to_in_008,8
2024,다다346944,to_in_001,5
2024,다다346944,to_in_007,5
2024,다다346944,to_in_008,0
2024,다다346989,to_in_001,19
2024,다다346989,to_in_007,19
2024,다다346989,to_in_008,5
2024,다다346991,to_in_001,0
2024,다다346991,to_in_007,0
2024,다다346991,to_in_008,0
2024,다다346994,to_in_001,5
2024,다다346994,to_in_007,5
2024,다다346994,to_in_008,5
2024,다다346995,to_in_001,8
2024,다다346995,to_in_007,5
2024,다다346995,to_in_008,5
2024,다다346997,to_in_001,5
2024,다다346997,to_in_007,0
2024,다다346997,to_in_008,0
2024,다다347046,to_in_001,8
2024,다다347046,to_in_007,8
2024,다다347046,to_in_008,5
2024,다다347049,to_in_001,5
2024,다다347049,to_in_007,0
2024,다다347049,to_in_008,0
2024,다다347069,to_in_001,5
2024,다다347069,to_in_007,0
2024,다다347069,to_in_008,0
2024,다다347070,to_in_001,18
2024,다다347070,to_in_007,8
2024,다다347070,to_in_008,8
2024,다다347071,to_in_001,28
2024,다다347071,to_in_007,13
2024,다다347071,to_in_008,13
2024,다다347072,to_in_001,18
2024,다다347072,to_in_007,8
2024,다다347072,to_in_008,8
2024,다다347922,to_in_001,0
2024,다다347922,to_in_007,0
2024,다다347922,to_in_008,0
2024,다다347930,to_in_001,5
2024,다다347930,to_in_007,5
2024,다다347930,to_in_008,5
2024,다다347986,to_in_001,13
2024,다다347986,to_in_007,8
2024,다다347986,to_in_008,5
2024,다다347992,to_in_001,8
2024,다다347992,to_in_007,0
2024,다다347992,to_in_008,8
2024,다다347993,to_in_001,8
2024,다다347993,to_in_007,5
2024,다다347993,to_in_008,8
2024,다다347994,to_in_001,5
2024,다다347994,to_in_007,0
2024,다다347994,to_in_008,0
2024,다다347995,to_in_001,5
2024,다다347995,to_in_007,5
2024,다다347995,to_in_008,0
2024,다다347997,to_in_001,5
2024,다다347997,to_in_007,5
2024,다다347997,to_in_008,5
2024,다다369935,to_in_001,5
2024,다다369935,to_in_007,0
2024,다다369935,to_in_008,5
2024,다다369936,to_in_001,23
2024,다다369936,to_in_007,8
2024,다다369936,to_in_008,13
2024,다다369937,to_in_001,18
2024,다다369937,to_in_007,8
2024,다다369937,to_in_008,8
2024,다다369938,to_in_001,5
2024,다다369938,to_in_007,0
2024,다다369938,to_in_008,0
2024,다다370021,to_in_001,5
2024,다다370021,to_in_007,0
2024,다다370021,to_in_008,0
2024,다다370046,to_in_001,8
2024,다다370046,to_in_007,5
2024,다다370046,to_in_008,8
2024,다다370047,to_in_001,8
2024,다다370047,to_in_007,5
2024,다다370047,to_in_008,5
2024,다다370048,to_in_001,18
2024,다다370048,to_in_007,8
2024,다다370048,to_in_008,8
2024,다다370049,to_in_001,13
2024,다다370049,to_in_007,8
2024,다다370049,to_in_008,8
2024,다다370050,to_in_001,23
2024,다다370050,to_in_007,13
2024,다다370050,to_in_008,8
2024,다다370051,to_in_001,8
2024,다다370051,to_in_007,5
2024,다다370051,to_in_008,5
2024,다다370056,to_in_001,5
2024,다다370056,to_in_007,0
2024,다다370056,to_in_008,0
2024,다다370932,to_in_001,5
2024,다다370932,to_in_007,0
2024,다다370932,to_in_008,0
2024,다다370934,to_in_001,8
2024,다다370934,to_in_007,5
2024,다다370934,to_in_008,8
2024,다다370935,to_in_001,13
2024,다다370935,to_in_007,8
2024,다다370935,to_in_008,8
2024,다다370936,to_in_001,0
2024,다다370936,to_in_007,0
2024,다다370936,to_in_008,0
2024,다다370937,to_in_001,5
2024,다다370937,to_in_007,0
2024,다다370937,to_in_008,5
2024,다다370998,to_in_001,5
2024,다다370998,to_in_007,5
2024,다다370998,to_in_008,5
2024,다다357005,to_in_007,0
2024,다다357005,to_in_008,8
2024,다다357006,to_in_001,18
2024,다다357006,to_in_007,8
2024,다다357006,to_in_008,8
2024,다다381936,to_in_001,28
2024,다다381936,to_in_007,13
2024,다다381936,to_in_008,13
2024,다다381937,to_in_001,38
2024,다다381937,to_in_007,23
2024,다다381937,to_in_008,18
2024,다다381938,to_in_001,18
2024,다다381938,to_in_007,8
2024,다다381938,to_in_008,8
2024,다다381939,to_in_001,5
2024,다다381939,to_in_007,5
2024,다다381939,to_in_008,0
2024,다다381940,to_in_001,13
2024,다다381940,to_in_007,8
2024,다다381940,to_in_008,8
2024,다다381941,to_in_001,8
2024,다다381941,to_in_007,5
2024,다다381941,to_in_008,5
2024,다다381942,to_in_001,13
2024,다다381942,to_in_007,8
2024,다다381942,to_in_008,8
2024,다다381943,to_in_001,5
2024,다다381943,to_in_007,0
2024,다다381943,to_in_008,5
2024,다다381944,to_in_001,8
2024,다다381944,to_in_007,5
2024,다다381944,to_in_008,8
2024,다다381945,to_in_001,8
2024,다다381945,to_in_007,5
2024,다다381945,to_in_008,8
2024,다다382034,to_in_001,8
2024,다다382034,to_in_007,5
2024,다다382034,to_in_008,5
2024,다다382041,to_in_001,5
2024,다다382041,to_in_007,0
2024,다다382041,to_in_008,5
2024,다다382050,to_in_001,5
2024,다다382050,to_in_007,5
2024,다다382050,to_in_008,5
2024,다다382051,to_in_001,0
2024,다다382051,to_in_007,0
2024,다다382051,to_in_008,0
2024,다다382052,to_in_001,18
2024,다다382052,to_in_007,8
2024,다다382052,to_in_008,8
2024,다다382053,to_in_001,28
2024,다다382053,to_in_007,18
2024,다다382053,to_in_008,13
2024,다다382054,to_in_001,33
2024,다다382054,to_in_007,18
2024,다다382054,to_in_008,18
2024,다다382055,to_in_001,13
2024,다다382055,to_in_007,8
2024,다다382055,to_in_008,8
2024,다다382926,to_in_001,0
2024,다다382926,to_in_007,0
2024,다다382926,to_in_008,0
2024,다다382929,to_in_001,5
2024,다다382929,to_in_007,0
2024,다다382929,to_in_008,5
2024,다다382933,to_in_001,5
2024,다다382933,to_in_007,5
2024,다다382933,to_in_008,0
2024,다다382935,to_in_001,13
2024,다다382935,to_in_007,5
2024,다다382935,to_in_008,8
2024,다다382936,to_in_001,8
2024,다다382936,to_in_007,8
2024,다다382936,to_in_008,0
2024,다다382937,to_in_001,38
2024,다다382937,to_in_007,18
2024,다다382937,to_in_008,18
2024,다다382938,to_in_001,5
2024,다다382938,to_in_007,0
2024,다다382938,to_in_008,5
2024,다다382939,to_in_001,13
2024,다다382939,to_in_007,5
2024,다다382939,to_in_008,8
2024,다다382940,to_in_001,8
2024,다다382940,to_in_007,8
2024,다다382940,to_in_008,5
2024,다다382941,to_in_001,8
2024,다다382941,to_in_007,8
2024,다다382941,to_in_008,5
2024,다다382942,to_in_001,8
2024,다다382942,to_in_007,8
2024,다다382942,to_in_008,5
2024,다다382943,to_in_001,5
2024,다다382943,to_in_007,0
2024,다다382943,to_in_008,0
2024,다다382995,to_in_001,0
2024,다다382995,to_in_007,0
2024,다다382995,to_in_008,0
2024,다다382996,to_in_001,0
2024,다다382996,to_in_007,0
2024,다다382996,to_in_008,0
2024,다다383032,to_in_001,5
2024,다다383032,to_in_007,5
2024,다다383032,to_in_008,5
2024,다다383035,to_in_001,0
2024,다다383035,to_in_007,0
2024,다다383035,to_in_008,0
2024,다다383038,to_in_001,0
2024,다다383038,to_in_007,0
2024,다다383038,to_in_008,0
2024,다다383041,to_in_001,0
2024,다다383041,to_in_007,0
2024,다다383041,to_in_008,0
2024,다다383042,to_in_001,5
2024,다다383042,to_in_007,0
2024,다다383042,to_in_008,0
2024,다다383043,to_in_001,8
2024,다다383043,to_in_007,5
2024,다다383043,to_in_008,5
2024,다다383044,to_in_001,13
2024,다다383044,to_in_007,8
2024,다다383044,to_in_008,8
2024,다다383050,to_in_001,5
2024,다다383050,to_in_007,0
2024,다다383050,to_in_008,5
2024,다다383051,to_in_001,8
2024,다다383051,to_in_007,8
2024,다다383051,to_in_008,5
2024,다다383052,to_in_001,18
2024,다다383052,to_in_007,8
2024,다다383052,to_in_008,8
2024,다다383053,to_in_001,13
2024,다다383053,to_in_007,8
2024,다다383053,to_in_008,8
2024,다다383054,to_in_001,18
2024,다다383054,to_in_007,8
2024,다다383054,to_in_008,8
2024,다다383055,to_in_001,8
2024,다다383055,to_in_007,8
2024,다다383055,to_in_008,0
2024,다다383926,to_in_001,18
2024,다다383926,to_in_007,8
2024,다다383926,to_in_008,13
2024,다다383927,to_in_001,8
2024,다다383927,to_in_007,5
2024,다다383927,to_in_008,5
2024,다다383933,to_in_001,5
2024,다다383933,to_in_007,0
2024,다다383933,to_in_008,0
2024,다다383935,to_in_001,5
2024,다다383935,to_in_007,5
2024,다다383935,to_in_008,0
2024,다다383936,to_in_001,5
2024,다다383936,to_in_007,5
2024,다다383936,to_in_008,5
2024,다다385939,to_in_001,8
2024,다다385939,to_in_007,5
2024,다다385939,to_in_008,5
2024,다다385987,to_in_001,8
2024,다다385987,to_in_007,5
2024,다다385987,to_in_008,8
2024,다다385989,to_in_001,5
2024,다다385989,to_in_007,0
2024,다다385989,to_in_008,5
2024,다다385990,to_in_001,18
2024,다다385990,to_in_007,13
2024,다다385990,to_in_008,8
2024,다다385991,to_in_001,8
2024,다다385991,to_in_007,5
2024,다다385991,to_in_008,8
2024,다다385992,to_in_001,8
2024,다다385992,to_in_007,5
2024,다다385992,to_in_008,5
2024,다다385993,to_in_001,5
2024,다다385993,to_in_007,5
2024,다다385993,to_in_008,5
2024,다다386041,to_in_001,13
2024,다다386041,to_in_007,8
2024,다다386041,to_in_008,8
2024,다다386042,to_in_001,8
2024,다다386042,to_in_007,5
2024,다다386042,to_in_008,5
2024,다다386043,to_in_001,13
2024,다다386043,to_in_007,8
2024,다다386043,to_in_008,8
2024,다다386044,to_in_001,5
2024,다다386044,to_in_007,5
2024,다다386044,to_in_008,5
2024,다다386047,to_in_001,13
2024,다다386047,to_in_007,8
2024,다다362928,to_in_001,5
2024,다다362928,to_in_007,5
2024,다다362928,to_in_008,0
2024,다다362929,to_in_001,5
2024,다다362929,to_in_007,0
2024,다다362929,to_in_008,5
2024,다다362930,to_in_001,5
2024,다다362930,to_in_007,5
2024,다다362930,to_in_008,5
2024,다다362931,to_in_001,5
2024,다다362931,to_in_007,0
2024,다다362931,to_in_008,0
2024,다다362935,to_in_001,5
2024,다다362935,to_in_007,5
2024,다다362935,to_in_008,0
2024,다다362990,to_in_001,5
2024,다다362990,to_in_007,5
2024,다다362990,to_in_008,0
2024,다다362991,to_in_001,8
2024,다다362991,to_in_007,5
2024,다다362991,to_in_008,5
2024,다다362992,to_in_001,8
2024,다다362992,to_in_007,8
2024,다다362992,to_in_008,0
2024,다다362993,to_in_001,5
2024,다다362993,to_in_007,5
2024,다다362993,to_in_008,5
2024,다다362994,to_in_001,5
2024,다다362994,to_in_007,5
2024,다다362994,to_in_008,5
2024,다다363000,to_in_001,8
2024,다다363000,to_in_007,5
2024,다다363000,to_in_008,8
2024,다다363010,to_in_001,8
2024,다다363010,to_in_007,5
2024,다다363010,to_in_008,5
2024,다다363011,to_in_001,5
2024,다다363011,to_in_007,0
2024,다다363011,to_in_008,5
2024,다다363016,to_in_001,12
2024,다다363016,to_in_007,12
2024,다다363016,to_in_008,0
2024,다다366070,to_in_001,5
2024,다다366070,to_in_007,5
2024,다다366070,to_in_008,5
2024,다다366074,to_in_001,5
2024,다다366074,to_in_007,5
2024,다다366074,to_in_008,0
2024,다다366075,to_in_001,8
2024,다다366075,to_in_007,8
2024,다다366075,to_in_008,0
2024,다다366076,to_in_001,0
2024,다다366076,to_in_007,0
2024,다다366076,to_in_008,0
2024,다다366931,to_in_001,5
2024,다다366931,to_in_007,5
2024,다다366931,to_in_008,0
2024,다다366932,to_in_001,8
2024,다다366932,to_in_007,5
2024,다다366932,to_in_008,8
2024,다다366933,to_in_001,5
2024,다다366933,to_in_007,5
2024,다다366933,to_in_008,5
2024,다다366934,to_in_001,8
2024,다다366934,to_in_007,5
2024,다다366934,to_in_008,5
2024,다다366935,to_in_001,8
2024,다다366935,to_in_007,5
2024,다다366935,to_in_008,8
2024,다다366936,to_in_001,8
2024,다다366936,to_in_007,8
2024,다다366936,to_in_008,5
2024,다다366994,to_in_001,13
2024,다다366994,to_in_007,8
2024,다다366994,to_in_008,8
2024,다다366995,to_in_001,28
2024,다다366995,to_in_007,18
2024,다다366995,to_in_008,8
2024,다다366996,to_in_001,5
2024,다다366996,to_in_007,0
2024,다다366996,to_in_008,0
2024,다다366998,to_in_001,13
2024,다다366998,to_in_007,8
2024,다다366998,to_in_008,8
2024,다다366999,to_in_001,8
2024,다다366999,to_in_007,5
2024,다다366999,to_in_008,5
2024,다다367046,to_in_001,5
2024,다다367046,to_in_007,5
2024,다다367046,to_in_008,0
2024,다다367047,to_in_001,5
2024,다다367047,to_in_007,5
2024,다다367047,to_in_008,5
2024,다다367048,to_in_001,5
2024,다다367048,to_in_007,5
2024,다다367048,to_in_008,0
2024,다다367049,to_in_001,33
2024,다다367049,to_in_007,18
2024,다다367049,to_in_008,13
2024,다다367074,to_in_001,5
2024,다다367074,to_in_007,5
2024,다다367074,to_in_008,0
2024,다다367075,to_in_001,5
2024,다다367075,to_in_007,5
2024,다다367075,to_in_008,0
2024,다다367931,to_in_001,5
2024,다다367931,to_in_007,5
2024,다다367931,to_in_008,5
2024,다다367935,to_in_001,8
2024,다다367935,to_in_007,5
2024,다다367935,to_in_008,5
2024,다다367936,to_in_001,8
2024,다다367936,to_in_007,5
2024,다다367936,to_in_008,5
2024,다다367937,to_in_001,13
2024,다다367937,to_in_007,8
2024,다다367937,to_in_008,8
2024,다다367994,to_in_001,8
2024,다다367994,to_in_007,5
2024,다다367994,to_in_008,8
2024,다다367995,to_in_001,5
2024,다다367995,to_in_007,5
2024,다다367995,to_in_008,0
2024,다다367996,to_in_001,5
2024,다다367996,to_in_007,5
2024,다다367996,to_in_008,0
2024,다다368015,to_in_001,5
2024,다다368015,to_in_007,5
2024,다다368015,to_in_008,0
2024,다다368047,to_in_001,8
2024,다다368047,to_in_007,5
2024,다다368047,to_in_008,5
2024,다다368048,to_in_001,18
2024,다다368048,to_in_007,8
2024,다다368048,to_in_008,8
2024,다다368049,to_in_001,13
2024,다다368049,to_in_007,8
2024,다다368049,to_in_008,5
2024,다다368050,to_in_001,5
2024,다다368050,to_in_007,0
2024,다다368050,to_in_008,5
2024,다다368934,to_in_001,5
2024,다다368934,to_in_007,5
2024,다다368934,to_in_008,5
2024,다다368935,to_in_001,8
2024,다다368935,to_in_007,5
2024,다다368935,to_in_008,5
2024,다다368936,to_in_001,5
2024,다다368936,to_in_007,5
2024,다다368936,to_in_008,5
2024,다다368937,to_in_001,5
2024,다다368937,to_in_007,5
2024,다다368937,to_in_008,0
2024,다다369046,to_in_001,8
2024,다다369046,to_in_007,5
2024,다다369046,to_in_008,8
2024,다다369047,to_in_001,13
2024,다다369047,to_in_007,8
2024,다다369047,to_in_008,8
2024,다다369048,to_in_001,28
2024,다다369048,to_in_007,18
2024,다다369048,to_in_008,13
2024,다다369049,to_in_001,8
2024,다다369049,to_in_007,5
2024,다다369049,to_in_008,5
2024,다다369050,to_in_001,8
2024,다다369050,to_in_007,5
2024,다다369050,to_in_008,5
2024,다다377935,to_in_001,5
2024,다다377935,to_in_007,0
2024,다다377935,to_in_008,0
2024,다다377936,to_in_001,8
2024,다다377936,to_in_007,5
2024,다다377936,to_in_008,8
2024,다다377937,to_in_001,5
2024,다다377937,to_in_007,0
2024,다다377937,to_in_008,0
2024,다다377943,to_in_001,5
2024,다다377943,to_in_007,0
2024,다다377943,to_in_008,0
2024,다다377944,to_in_001,5
2024,다다377944,to_in_007,0
2024,다다377944,to_in_008,0
2024,다다377953,to_in_001,5
2024,다다377953,to_in_007,5
2024,다다377953,to_in_008,0
2024,다다377995,to_in_001,5
2024,다다377995,to_in_007,5
2024,다다377995,to_in_008,0
2024,다다377996,to_in_001,0
2024,다다377996,to_in_007,0
2024,다다377996,to_in_008,0
2024,다다378039,to_in_001,5
2024,다다378039,to_in_007,5
2024,다다378039,to_in_008,0
2024,다다378052,to_in_001,8
2024,다다378052,to_in_007,5
2024,다다378052,to_in_008,5
2024,다다378053,to_in_001,5
2024,다다378053,to_in_007,5
2024,다다378053,to_in_008,0
2024,다다378054,to_in_001,8
2024,다다378054,to_in_007,5
2024,다다378054,to_in_008,5
2024,다다378055,to_in_001,8
2024,다다378055,to_in_007,5
2024,다다378055,to_in_008,8
2024,다다378056,to_in_001,5
2024,다다378056,to_in_007,0
2024,다다378056,to_in_008,5
2024,다다378057,to_in_001,18
2024,다다378057,to_in_007,8
2024,다다378057,to_in_008,8
2024,다다378058,to_in_001,5
2024,다다378058,to_in_007,5
2024,다다378058,to_in_008,5
2024,다다378931,to_in_001,5
2024,다다378931,to_in_007,5
2024,다다378931,to_in_008,0
2024,다다378936,to_in_001,5
2024,다다378936,to_in_007,0
2024,다다378936,to_in_008,0
2024,다다378942,to_in_001,13
2024,다다378942,to_in_007,5
2024,다다378942,to_in_008,8
2024,다다378943,to_in_001,5
2024,다다378943,to_in_007,5
2024,다다378943,to_in_008,0
2024,다다378944,to_in_001,5
2024,다다378944,to_in_007,0
2024,다다378944,to_in_008,5
2024,다다378954,to_in_001,22
2024,다다378954,to_in_007,22
2024,다다378954,to_in_008,0
2024,다다379051,to_in_001,5
2024,다다379051,to_in_007,5
2024,다다379051,to_in_008,0
2024,다다379052,to_in_001,8
2024,다다379052,to_in_007,8
2024,다다379052,to_in_008,0
2024,다다379055,to_in_001,5
2024,다다379055,to_in_007,0
2024,다다379055,to_in_008,5
2024,다다379935,to_in_001,8
2024,다다379935,to_in_007,5
2024,다다379935,to_in_008,5
2024,다다379940,to_in_001,5
2024,다다379940,to_in_007,5
2024,다다379940,to_in_008,0
2024,다다379942,to_in_001,18
2024,다다379942,to_in_007,8
2024,다다379942,to_in_008,8
2024,다다379943,to_in_001,13
2024,다다379943,to_in_007,8
2024,다다379943,to_in_008,8
2024,다다380033,to_in_001,8
2024,다다380033,to_in_007,5
2024,다다380033,to_in_008,5
2024,다다380054,to_in_001,8
2024,다다380054,to_in_007,5
2024,다다380054,to_in_008,5
2024,다다380055,to_in_001,5
2024,다다380055,to_in_007,0
2024,다다380055,to_in_008,5
2024,다다380930,to_in_001,5
2024,다다380930,to_in_007,0
2024,다다380930,to_in_008,0
2024,다다380934,to_in_001,5
2024,다다380934,to_in_007,0
2024,다다380934,to_in_008,0
2024,다다380935,to_in_001,18
2024,다다380935,to_in_007,8
2024,다다380935,to_in_008,8
2024,다다380936,to_in_001,8
2024,다다380936,to_in_007,5
2024,다다380936,to_in_008,5
2024,다다380941,to_in_001,5
2024,다다380941,to_in_007,5
2024,다다380941,to_in_008,5
2024,다다380943,to_in_001,33
2024,다다380943,to_in_007,13
2024,다다380943,to_in_008,18
2024,다다380944,to_in_001,5
2024,다다380944,to_in_007,5
2024,다다380944,to_in_008,5
2024,다다381030,to_in_001,5
2024,다다381030,to_in_007,0
2024,다다381030,to_in_008,5
2024,다다381034,to_in_001,5
2024,다다381034,to_in_007,0
2024,다다381034,to_in_008,5
2024,다다381052,to_in_001,5
2024,다다381052,to_in_007,5
2024,다다360007,to_in_001,5
2024,다다360007,to_in_007,5
2024,다다360007,to_in_008,0
2024,다다360057,to_in_001,5
2024,다다360057,to_in_007,5
2024,다다360057,to_in_008,0
2024,다다360058,to_in_001,14
2024,다다360058,to_in_007,14
2024,다다360058,to_in_008,8
2024,다다360059,to_in_001,0
2024,다다360059,to_in_007,0
2024,다다360059,to_in_008,0
2024,다다360060,to_in_001,5
2024,다다360060,to_in_007,0
2024,다다360060,to_in_008,0
2024,다다360068,to_in_001,0
2024,다다360068,to_in_007,0
2024,다다360068,to_in_008,0
2024,다다360071,to_in_001,23
2024,다다360071,to_in_007,13
2024,다다360071,to_in_008,13
2024,다다363028,to_in_001,5
2024,다다363028,to_in_007,0
2024,다다363028,to_in_008,5
2024,다다363064,to_in_001,8
2024,다다363064,to_in_007,5
2024,다다363064,to_in_008,5
2024,다다363065,to_in_001,5
2024,다다363065,to_in_007,5
2024,다다363065,to_in_008,5
2024,다다363073,to_in_001,5
2024,다다363073,to_in_007,0
2024,다다363073,to_in_008,5
2024,다다363928,to_in_001,5
2024,다다363928,to_in_007,5
2024,다다363928,to_in_008,0
2024,다다363929,to_in_001,5
2024,다다363929,to_in_007,5
2024,다다363929,to_in_008,5
2024,다다363934,to_in_001,5
2024,다다363934,to_in_007,0
2024,다다363934,to_in_008,5
2024,다다363935,to_in_001,8
2024,다다363935,to_in_007,5
2024,다다363935,to_in_008,5
2024,다다363990,to_in_001,5
2024,다다363990,to_in_007,0
2024,다다363990,to_in_008,0
2024,다다363992,to_in_001,0
2024,다다363992,to_in_007,0
2024,다다363992,to_in_008,0
2024,다다363993,to_in_001,8
2024,다다363993,to_in_007,8
2024,다다363993,to_in_008,8
2024,다다363999,to_in_001,5
2024,다다363999,to_in_007,0
2024,다다363999,to_in_008,5
2024,다다364008,to_in_001,8
2024,다다364008,to_in_007,5
2024,다다364008,to_in_008,5
2024,다다364044,to_in_001,5
2024,다다364044,to_in_007,0
2024,다다364044,to_in_008,0
2024,다다364067,to_in_001,5
2024,다다364067,to_in_007,5
2024,다다364067,to_in_008,5
2024,다다364071,to_in_001,5
2024,다다364071,to_in_007,5
2024,다다364071,to_in_008,0
2024,다다364072,to_in_001,8
2024,다다364072,to_in_007,8
2024,다다364072,to_in_008,0
2024,다다364076,to_in_001,8
2024,다다364076,to_in_007,8
2024,다다364076,to_in_008,0
2024,다다364077,to_in_001,5
2024,다다364077,to_in_007,5
2024,다다364077,to_in_008,0
2024,다다364929,to_in_001,5
2024,다다364929,to_in_007,5
2024,다다364929,to_in_008,0
2024,다다364930,to_in_001,5
2024,다다364930,to_in_007,5
2024,다다364930,to_in_008,0
2024,다다364933,to_in_001,5
2024,다다364933,to_in_007,5
2024,다다364933,to_in_008,5
2024,다다364934,to_in_001,28
2024,다다364934,to_in_007,13
2024,다다364934,to_in_008,13
2024,다다364935,to_in_001,18
2024,다다364935,to_in_007,8
2024,다다364935,to_in_008,8
2024,다다364990,to_in_001,8
2024,다다364990,to_in_007,8
2024,다다364990,to_in_008,5
2024,다다364998,to_in_001,5
2024,다다364998,to_in_007,0
2024,다다364998,to_in_008,5
2024,다다365029,to_in_001,0
2024,다다365029,to_in_007,0
2024,다다365029,to_in_008,0
2024,다다365051,to_in_001,5
2024,다다365051,to_in_007,5
2024,다다365051,to_in_008,0
2024,다다365070,to_in_001,8
2024,다다365070,to_in_007,8
2024,다다365070,to_in_008,0
2024,다다365075,to_in_001,20
2024,다다365075,to_in_007,20
2024,다다365075,to_in_008,5
2024,다다365076,to_in_001,5
2024,다다365076,to_in_007,5
2024,다다365076,to_in_008,0
2024,다다365931,to_in_001,5
2024,다다365931,to_in_007,5
2024,다다365931,to_in_008,0
2024,다다365933,to_in_001,8
2024,다다365933,to_in_007,5
2024,다다365933,to_in_008,8
2024,다다365934,to_in_001,23
2024,다다365934,to_in_007,13
2024,다다365934,to_in_008,8
2024,다다365935,to_in_001,13
2024,다다365935,to_in_007,8
2024,다다365935,to_in_008,8
2024,다다365936,to_in_001,8
2024,다다365936,to_in_007,5
2024,다다365936,to_in_008,5
2024,다다365991,to_in_001,5
2024,다다365991,to_in_007,0
2024,다다365991,to_in_008,0
2024,다다365998,to_in_001,8
2024,다다365998,to_in_007,5
2024,다다365998,to_in_008,5
2024,다다365999,to_in_001,0
2024,다다365999,to_in_007,0
2024,다다365999,to_in_008,0
2024,다다366045,to_in_001,5
2024,다다366045,to_in_007,0
2024,다다366045,to_in_008,5
2024,다다366050,to_in_001,5
2024,다다366050,to_in_007,5
2024,다다366050,to_in_008,5
2024,다다366051,to_in_001,8
2024,다다366051,to_in_007,8
2024,다다366051,to_in_008,8
2024,다다366067,to_in_001,14
2024,다다366067,to_in_007,14
2024,다다366067,to_in_008,0
2024,다다375063,to_in_001,14
2024,다다375063,to_in_007,11
2024,다다375063,to_in_008,5
2024,다다375065,to_in_001,24
2024,다다375065,to_in_007,19
2024,다다375065,to_in_008,5
2024,다다375067,to_in_001,5
2024,다다375067,to_in_007,5
2024,다다375067,to_in_008,0
2024,다다375068,to_in_001,5
2024,다다375068,to_in_007,0
2024,다다375068,to_in_008,0
2024,다다375931,to_in_001,5
2024,다다375931,to_in_007,0
2024,다다375931,to_in_008,5
2024,다다375932,to_in_001,5
2024,다다375932,to_in_007,5
2024,다다375932,to_in_008,0
2024,다다375934,to_in_001,13
2024,다다375934,to_in_007,8
2024,다다375934,to_in_008,5
2024,다다375935,to_in_001,23
2024,다다375935,to_in_007,13
2024,다다375935,to_in_008,8
2024,다다375936,to_in_001,8
2024,다다375936,to_in_007,5
2024,다다375936,to_in_008,8
2024,다다375937,to_in_001,5
2024,다다375937,to_in_007,5
2024,다다375937,to_in_008,5
2024,다다375949,to_in_001,18
2024,다다375949,to_in_007,8
2024,다다375949,to_in_008,8
2024,다다375950,to_in_001,5
2024,다다375950,to_in_007,5
2024,다다375950,to_in_008,5
2024,다다375952,to_in_001,8
2024,다다375952,to_in_007,8
2024,다다375952,to_in_008,5
2024,다다375993,to_in_001,8
2024,다다375993,to_in_007,8
2024,다다375993,to_in_008,5
2024,다다375994,to_in_001,18
2024,다다375994,to_in_007,8
2024,다다375994,to_in_008,8
2024,다다375995,to_in_001,5
2024,다다375995,to_in_007,5
2024,다다375995,to_in_008,5
2024,다다376023,to_in_001,0
2024,다다376023,to_in_007,0
2024,다다376023,to_in_008,0
2024,다다376040,to_in_001,21
2024,다다376040,to_in_007,21
2024,다다376040,to_in_008,5
2024,다다376041,to_in_001,0
2024,다다376041,to_in_007,0
2024,다다376041,to_in_008,0
2024,다다376047,to_in_001,13
2024,다다376047,to_in_007,8
2024,다다376047,to_in_008,5
2024,다다376048,to_in_001,5
2024,다다376048,to_in_007,5
2024,다다376048,to_in_008,0
2024,다다376051,to_in_001,5
2024,다다376051,to_in_007,5
2024,다다376051,to_in_008,5
2024,다다376052,to_in_001,13
2024,다다376052,to_in_007,8
2024,다다376052,to_in_008,8
2024,다다376055,to_in_001,8
2024,다다376055,to_in_007,5
2024,다다376055,to_in_008,5
2024,다다376056,to_in_001,23
2024,다다376056,to_in_007,8
2024,다다376056,to_in_008,13
2024,다다376057,to_in_001,5
2024,다다376057,to_in_007,5
2024,다다376057,to_in_008,5
2024,다다376061,to_in_001,5
2024,다다376061,to_in_007,0
2024,다다376061,to_in_008,0
2024,다다376066,to_in_001,18
2024,다다376066,to_in_007,13
2024,다다376066,to_in_008,5
2024,다다376068,to_in_001,11
2024,다다376068,to_in_007,11
2024,다다376068,to_in_008,0
2024,다다376929,to_in_001,0
2024,다다376929,to_in_007,0
2024,다다376929,to_in_008,0
2024,다다376932,to_in_001,8
2024,다다376932,to_in_007,5
2024,다다376932,to_in_008,5
2024,다다376934,to_in_001,5
2024,다다376934,to_in_007,5
2024,다다376934,to_in_008,0
2024,다다376935,to_in_001,38
2024,다다376935,to_in_007,18
2024,다다376935,to_in_008,18
2024,다다376936,to_in_001,13
2024,다다376936,to_in_007,8
2024,다다376936,to_in_008,8
2024,다다376943,to_in_001,5
2024,다다376943,to_in_007,0
2024,다다376943,to_in_008,5
2024,다다376944,to_in_001,5
2024,다다376944,to_in_007,5
2024,다다376944,to_in_008,0
2024,다다376948,to_in_001,5
2024,다다376948,to_in_007,0
2024,다다376948,to_in_008,5
2024,다다376993,to_in_001,5
2024,다다376993,to_in_007,0
2024,다다376993,to_in_008,0
2024,다다376994,to_in_001,0
2024,다다376994,to_in_007,0
2024,다다376994,to_in_008,0
2024,다다376995,to_in_001,5
2024,다다376995,to_in_007,5
2024,다다376995,to_in_008,0
2024,다다377024,to_in_001,5
2024,다다377024,to_in_007,5
2024,다다377024,to_in_008,0
2024,다다377025,to_in_001,0
2024,다다377025,to_in_007,0
2024,다다377025,to_in_008,0
2024,다다377052,to_in_001,8
2024,다다377052,to_in_007,5
2024,다다377052,to_in_008,5
2024,다다377053,to_in_001,8
2024,다다377053,to_in_007,5
2024,다다377053,to_in_008,5
2024,다다377056,to_in_001,5
2024,다다377056,to_in_007,5
2024,다다377056,to_in_008,5
2024,다다377057,to_in_001,8
2024,다다377057,to_in_007,8
2024,다다377057,to_in_008,5
2024,다다377058,to_in_001,5
2024,다다377058,to_in_007,0
2024,다다377058,to_in_008,5
2024,다다377932,to_in_001,5
2024,다다377932,to_in_007,0
2024,다다348066,to_in_001,8
2024,다다348066,to_in_007,8
2024,다다348066,to_in_008,5
2024,다다348070,to_in_001,18
2024,다다348070,to_in_007,13
2024,다다348070,to_in_008,8
2024,다다348071,to_in_001,13
2024,다다348071,to_in_007,8
2024,다다348071,to_in_008,8
2024,다다348072,to_in_001,5
2024,다다348072,to_in_007,0
2024,다다348072,to_in_008,5
2024,다다348988,to_in_001,8
2024,다다348988,to_in_007,8
2024,다다348988,to_in_008,0
2024,다다348989,to_in_001,5
2024,다다348989,to_in_007,5
2024,다다348989,to_in_008,0
2024,다다348990,to_in_001,5
2024,다다348990,to_in_007,5
2024,다다348990,to_in_008,0
2024,다다348991,to_in_001,8
2024,다다348991,to_in_007,5
2024,다다348991,to_in_008,5
2024,다다348992,to_in_001,5
2024,다다348992,to_in_007,0
2024,다다348992,to_in_008,5
2024,다다348993,to_in_001,13
2024,다다348993,to_in_007,8
2024,다다348993,to_in_008,8
2024,다다349005,to_in_001,8
2024,다다349005,to_in_007,5
2024,다다349005,to_in_008,5
2024,다다349066,to_in_001,8
2024,다다349066,to_in_007,5
2024,다다349066,to_in_008,8
2024,다다349067,to_in_001,0
2024,다다349067,to_in_007,0
2024,다다349067,to_in_008,0
2024,다다349068,to_in_001,8
2024,다다349068,to_in_007,5
2024,다다349068,to_in_008,8
2024,다다349069,to_in_001,5
2024,다다349069,to_in_007,5
2024,다다349069,to_in_008,0
2024,다다349989,to_in_001,5
2024,다다349989,to_in_007,0
2024,다다349989,to_in_008,0
2024,다다350005,to_in_001,8
2024,다다350005,to_in_007,5
2024,다다350005,to_in_008,5
2024,다다350068,to_in_001,8
2024,다다350068,to_in_007,5
2024,다다350068,to_in_008,8
2024,다다350071,to_in_001,28
2024,다다350071,to_in_007,13
2024,다다350071,to_in_008,13
2024,다다350072,to_in_001,8
2024,다다350072,to_in_007,8
2024,다다350072,to_in_008,5
2024,다다350942,to_in_001,5
2024,다다350942,to_in_007,0
2024,다다350942,to_in_008,0
2024,다다350989,to_in_001,5
2024,다다350989,to_in_007,0
2024,다다350989,to_in_008,0
2024,다다350990,to_in_001,0
2024,다다350990,to_in_007,0
2024,다다350990,to_in_008,0
2024,다다351070,to_in_001,8
2024,다다351070,to_in_007,5
2024,다다351070,to_in_008,5
2024,다다351072,to_in_001,8
2024,다다351072,to_in_007,5
2024,다다351072,to_in_008,0
2024,다다351073,to_in_001,8
2024,다다351073,to_in_007,5
2024,다다351073,to_in_008,5
2024,다다351074,to_in_001,5
2024,다다351074,to_in_007,5
2024,다다351074,to_in_008,0
2024,다다352074,to_in_001,5
2024,다다352074,to_in_007,5
2024,다다352074,to_in_008,0
2024,다다353062,to_in_001,5
2024,다다353062,to_in_007,0
2024,다다353062,to_in_008,0
2024,다다353063,to_in_001,8
2024,다다353063,to_in_007,5
2024,다다353063,to_in_008,5
2024,다다353067,to_in_001,0
2024,다다353067,to_in_007,0
2024,다다353067,to_in_008,0
2024,다다353073,to_in_001,8
2024,다다353073,to_in_007,5
2024,다다353073,to_in_008,5
2024,다다353922,to_in_001,13
2024,다다353922,to_in_007,8
2024,다다353922,to_in_008,5
2024,다다353991,to_in_001,5
2024,다다353991,to_in_007,5
2024,다다353991,to_in_008,0
2024,다다353998,to_in_001,5
2024,다다353998,to_in_007,0
2024,다다353998,to_in_008,5
2024,다다373028,to_in_001,8
2024,다다373028,to_in_007,5
2024,다다373028,to_in_008,5
2024,다다373049,to_in_001,18
2024,다다373049,to_in_007,13
2024,다다373049,to_in_008,8
2024,다다373050,to_in_001,28
2024,다다373050,to_in_007,13
2024,다다373050,to_in_008,13
2024,다다373051,to_in_001,8
2024,다다373051,to_in_007,5
2024,다다373051,to_in_008,5
2024,다다373053,to_in_001,5
2024,다다373053,to_in_007,0
2024,다다373053,to_in_008,5
2024,다다373072,to_in_001,5
2024,다다373072,to_in_007,0
2024,다다373072,to_in_008,5
2024,다다373073,to_in_001,5
2024,다다373073,to_in_007,5
2024,다다373073,to_in_008,0
2024,다다373935,to_in_001,13
2024,다다373935,to_in_007,8
2024,다다373935,to_in_008,8
2024,다다373936,to_in_001,13
2024,다다373936,to_in_007,8
2024,다다373936,to_in_008,8
2024,다다373937,to_in_001,8
2024,다다373937,to_in_007,5
2024,다다373937,to_in_008,5
2024,다다373944,to_in_001,5
2024,다다373944,to_in_007,0
2024,다다373944,to_in_008,0
2024,다다373945,to_in_001,5
2024,다다373945,to_in_007,5
2024,다다373945,to_in_008,5
2024,다다373950,to_in_001,5
2024,다다373950,to_in_007,0
2024,다다373950,to_in_008,5
2024,다다374048,to_in_001,8
2024,다다374048,to_in_007,8
2024,다다374048,to_in_008,5
2024,다다374049,to_in_001,23
2024,다다374049,to_in_007,13
2024,다다374049,to_in_008,13
2024,다다374050,to_in_001,23
2024,다다374050,to_in_007,13
2024,다다374050,to_in_008,8
2024,다다374051,to_in_001,5
2024,다다374051,to_in_007,5
2024,다다374051,to_in_008,0
2024,다다374054,to_in_001,8
2024,다다374054,to_in_007,8
2024,다다374054,to_in_008,5
2024,다다374055,to_in_001,28
2024,다다374055,to_in_007,13
2024,다다374055,to_in_008,13
2024,다다374056,to_in_001,5
2024,다다374056,to_in_007,5
2024,다다374056,to_in_008,0
2024,다다374063,to_in_001,5
2024,다다374063,to_in_007,5
2024,다다374063,to_in_008,0
2024,다다374064,to_in_001,8
2024,다다374064,to_in_007,5
2024,다다374064,to_in_008,5
2024,다다374069,to_in_001,5
2024,다다374069,to_in_007,5
2024,다다374069,to_in_008,0
2024,다다374070,to_in_001,5
2024,다다374070,to_in_007,0
2024,다다374070,to_in_008,5
2024,다다374934,to_in_001,5
2024,다다374934,to_in_007,5
2024,다다374934,to_in_008,0
2024,다다374935,to_in_001,38
2024,다다374935,to_in_007,23
2024,다다374935,to_in_008,13
2024,다다374936,to_in_001,18
2024,다다374936,to_in_007,8
2024,다다374936,to_in_008,8
2024,다다374937,to_in_001,5
2024,다다374937,to_in_007,5
2024,다다374937,to_in_008,0
2024,다다374949,to_in_001,5
2024,다다374949,to_in_007,5
2024,다다374949,to_in_008,5
2024,다다374950,to_in_001,5
2024,다다374950,to_in_007,0
2024,다다374950,to_in_008,5
2024,다다374952,to_in_001,0
2024,다다374952,to_in_007,0
2024,다다374952,to_in_008,0
2024,다다374993,to_in_001,8
2024,다다374993,to_in_007,5
2024,다다374993,to_in_008,8
2024,다다374997,to_in_001,5
2024,다다374997,to_in_007,0
2024,다다374997,to_in_008,0
2024,다다375006,to_in_001,5
2024,다다375006,to_in_007,0
2024,다다375006,to_in_008,0
2024,다다375023,to_in_001,5
2024,다다375023,to_in_007,5
2024,다다375023,to_in_008,0
2024,다다375047,to_in_001,8
2024,다다375047,to_in_007,5
2024,다다375047,to_in_008,5
2024,다다375048,to_in_001,8
2024,다다375048,to_in_007,0
2024,다다375048,to_in_008,8
2024,다다375051,to_in_001,47
2024,다다375051,to_in_007,22
2024,다다375051,to_in_008,23
2024,다다375053,to_in_001,5
2024,다다375053,to_in_007,5
2024,다다375053,to_in_008,0
2024,다다375054,to_in_001,5
2024,다다375054,to_in_007,5
2024,다다375054,to_in_008,5
2024,다다375055,to_in_001,38
2024,다다375055,to_in_007,23
2024,다다375055,to_in_008,18
2024,다다375056,to_in_001,18
2024,다다375056,to_in_007,8
2024,다다375056,to_in_008,13
2024,다다375061,to_in_001,8
2024,다다375061,to_in_007,8
2024,다다375061,to_in_008,0
2024,다다375062,to_in_001,5
2024,다다375062,to_in_007,5
2024,다다375062,to_in_008,0
2024,다다388932,to_in_001,5
2024,다다388932,to_in_007,5
2024,다다388932,to_in_008,0
2024,다다388933,to_in_001,5
2024,다다388933,to_in_007,0
2024,다다388933,to_in_008,0
2024,다다388935,to_in_001,5
2024,다다388935,to_in_007,0
2024,다다388935,to_in_008,5
2024,다다388960,to_in_001,0
2024,다다388960,to_in_007,0
2024,다다388960,to_in_008,0
2024,다다389013,to_in_001,5
2024,다다389013,to_in_007,5
2024,다다389013,to_in_008,0
2024,다다389038,to_in_001,5
2024,다다389038,to_in_007,0
2024,다다389038,to_in_008,0
2024,다다389041,to_in_001,8
2024,다다389041,to_in_007,0
2024,다다389041,to_in_008,8
2024,다다389042,to_in_001,5
2024,다다389042,to_in_007,5
2024,다다389042,to_in_008,5
2024,다다389044,to_in_001,8
2024,다다389044,to_in_007,5
2024,다다389044,to_in_008,5
2024,다다389045,to_in_001,28
2024,다다389045,to_in_007,13
2024,다다389045,to_in_008,13
2024,다다389046,to_in_001,23
2024,다다389046,to_in_007,13
2024,다다389046,to_in_008,8
2024,다다389047,to_in_001,13
2024,다다389047,to_in_007,8
2024,다다389047,to_in_008,8
2024,다다389959,to_in_001,21
2024,다다389959,to_in_007,21
2024,다다389959,to_in_008,0
2024,다다390012,to_in_001,0
2024,다다390012,to_in_007,0
2024,다다390012,to_in_008,0
2024,다다390035,to_in_001,5
2024,다다390035,to_in_007,5
2024,다다390035,to_in_008,0
2024,다다390040,to_in_001,5
2024,다다390040,to_in_007,5
2024,다다390040,to_in_008,5
2024,다다390041,to_in_001,5
2024,다다390041,to_in_007,5
2024,다다390041,to_in_008,0
2024,다다390042,to_in_001,23
2024,다다390042,to_in_007,13
2024,다다390042,to_in_008,13
2024,다다390043,to_in_001,18
2024,다다390043,to_in_007,8
2024,다다386047,to_in_008,8
2024,다다386048,to_in_001,23
2024,다다386048,to_in_007,13
2024,다다386048,to_in_008,13
2024,다다386049,to_in_001,8
2024,다다386049,to_in_007,8
2024,다다386049,to_in_008,0
2024,다다386050,to_in_001,18
2024,다다386050,to_in_007,8
2024,다다386050,to_in_008,8
2024,다다386051,to_in_001,18
2024,다다386051,to_in_007,8
2024,다다386051,to_in_008,8
2024,다다386925,to_in_001,5
2024,다다386925,to_in_007,5
2024,다다386925,to_in_008,0
2024,다다386926,to_in_001,5
2024,다다386926,to_in_007,0
2024,다다386926,to_in_008,0
2024,다다386930,to_in_001,8
2024,다다386930,to_in_007,5
2024,다다386930,to_in_008,5
2024,다다386932,to_in_001,5
2024,다다386932,to_in_007,0
2024,다다386932,to_in_008,0
2024,다다386938,to_in_001,8
2024,다다386938,to_in_007,5
2024,다다386938,to_in_008,5
2024,다다386987,to_in_001,8
2024,다다386987,to_in_007,8
2024,다다386987,to_in_008,5
2024,다다386991,to_in_001,18
2024,다다386991,to_in_007,8
2024,다다386991,to_in_008,8
2024,다다387037,to_in_001,5
2024,다다387037,to_in_007,5
2024,다다387037,to_in_008,5
2024,다다387042,to_in_001,5
2024,다다387042,to_in_007,0
2024,다다387042,to_in_008,5
2024,다다387043,to_in_001,5
2024,다다387043,to_in_007,5
2024,다다387043,to_in_008,0
2024,다다387044,to_in_001,18
2024,다다387044,to_in_007,8
2024,다다387044,to_in_008,8
2024,다다387045,to_in_001,5
2024,다다387045,to_in_007,0
2024,다다387045,to_in_008,5
2024,다다387046,to_in_001,8
2024,다다387046,to_in_007,5
2024,다다387046,to_in_008,5
2024,다다387047,to_in_001,18
2024,다다387047,to_in_007,8
2024,다다387047,to_in_008,8
2024,다다387048,to_in_001,8
2024,다다387048,to_in_007,5
2024,다다387048,to_in_008,8
2024,다다387049,to_in_001,8
2024,다다387049,to_in_007,5
2024,다다387049,to_in_008,5
2024,다다387050,to_in_001,5
2024,다다387050,to_in_007,0
2024,다다387050,to_in_008,0
2024,다다387051,to_in_001,8
2024,다다387051,to_in_007,5
2024,다다387051,to_in_008,5
2024,다다387927,to_in_001,5
2024,다다387927,to_in_007,5
2024,다다387927,to_in_008,0
2024,다다387931,to_in_001,5
2024,다다387931,to_in_007,5
2024,다다387931,to_in_008,0
2024,다다387935,to_in_001,5
2024,다다387935,to_in_007,5
2024,다다387935,to_in_008,0
2024,다다387962,to_in_001,5
2024,다다387962,to_in_007,5
2024,다다387962,to_in_008,0
2024,다다387991,to_in_001,0
2024,다다387991,to_in_007,0
2024,다다387991,to_in_008,0
2024,다다387993,to_in_001,8
2024,다다387993,to_in_007,5
2024,다다387993,to_in_008,5
2024,다다388021,to_in_001,5
2024,다다388021,to_in_007,0
2024,다다388021,to_in_008,0
2024,다다388036,to_in_001,5
2024,다다388036,to_in_007,5
2024,다다388036,to_in_008,5
2024,다다388044,to_in_001,8
2024,다다388044,to_in_007,8
2024,다다388044,to_in_008,5
2024,다다388045,to_in_001,13
2024,다다388045,to_in_007,13
2024,다다388045,to_in_008,5
2024,다다388046,to_in_001,23
2024,다다388046,to_in_007,13
2024,다다388046,to_in_008,13
2024,다다388047,to_in_001,8
2024,다다388047,to_in_007,5
2024,다다388047,to_in_008,5
2024,다다403920,to_in_001,13
2024,다다403920,to_in_007,8
2024,다다403920,to_in_008,8
2024,다다403927,to_in_001,5
2024,다다403927,to_in_007,5
2024,다다403927,to_in_008,0
2024,다다403928,to_in_001,5
2024,다다403928,to_in_007,5
2024,다다403928,to_in_008,5
2024,다다403933,to_in_001,0
2024,다다403933,to_in_007,0
2024,다다403933,to_in_008,0
2024,다다403997,to_in_001,5
2024,다다403997,to_in_007,5
2024,다다403997,to_in_008,0
2024,다다404025,to_in_001,13
2024,다다404025,to_in_007,8
2024,다다404025,to_in_008,5
2024,다다404026,to_in_001,5
2024,다다404026,to_in_007,0
2024,다다404026,to_in_008,5
2024,다다404027,to_in_001,5
2024,다다404027,to_in_007,5
2024,다다404027,to_in_008,0
2024,다다404028,to_in_001,8
2024,다다404028,to_in_007,5
2024,다다404028,to_in_008,5
2024,다다404029,to_in_001,13
2024,다다404029,to_in_007,8
2024,다다404029,to_in_008,8
2024,다다404030,to_in_001,0
2024,다다404030,to_in_007,0
2024,다다404030,to_in_008,0
2024,다다404031,to_in_001,5
2024,다다404031,to_in_007,0
2024,다다404031,to_in_008,0
2024,다다404032,to_in_001,28
2024,다다404032,to_in_007,18
2024,다다404032,to_in_008,8
2024,다다404033,to_in_001,38
2024,다다404033,to_in_007,18
2024,다다404033,to_in_008,23
2024,다다404034,to_in_001,43
2024,다다404034,to_in_007,23
2024,다다404034,to_in_008,18
2024,다다404036,to_in_001,13
2024,다다404036,to_in_007,8
2024,다다404036,to_in_008,8
2024,다다404037,to_in_001,0
2024,다다404037,to_in_007,0
2024,다다404037,to_in_008,0
2024,다다404038,to_in_001,13
2024,다다404038,to_in_007,5
2024,다다404038,to_in_008,8
2024,다다404755,to_in_001,8
2024,다다404755,to_in_007,5
2024,다다404755,to_in_008,5
2024,다다404758,to_in_001,8
2024,다다404758,to_in_007,5
2024,다다404758,to_in_008,5
2024,다다404761,to_in_001,8
2024,다다404761,to_in_007,5
2024,다다404761,to_in_008,5
2024,다다404767,to_in_001,5
2024,다다404767,to_in_007,5
2024,다다404767,to_in_008,0
2024,다다404907,to_in_001,5
2024,다다404907,to_in_007,5
2024,다다404907,to_in_008,0
2024,다다404908,to_in_001,5
2024,다다404908,to_in_007,5
2024,다다404908,to_in_008,0
2024,다다404911,to_in_001,5
2024,다다404911,to_in_007,5
2024,다다404911,to_in_008,0
2024,다다404951,to_in_001,5
2024,다다404951,to_in_007,5
2024,다다404951,to_in_008,0
2024,다다404998,to_in_001,0
2024,다다404998,to_in_007,0
2024,다다404998,to_in_008,0
2024,다다404999,to_in_001,8
2024,다다404999,to_in_007,5
2024,다다404999,to_in_008,5
2024,다다405017,to_in_001,5
2024,다다405017,to_in_007,0
2024,다다405017,to_in_008,5
2024,다다405025,to_in_001,5
2024,다다370999,to_in_001,13
2024,다다370999,to_in_007,5
2024,다다370999,to_in_008,8
2024,다다371048,to_in_001,5
2024,다다371048,to_in_007,0
2024,다다371048,to_in_008,5
2024,다다371049,to_in_001,13
2024,다다371049,to_in_007,8
2024,다다371049,to_in_008,8
2024,다다371050,to_in_001,43
2024,다다371050,to_in_007,28
2024,다다371050,to_in_008,18
2024,다다371051,to_in_001,18
2024,다다371051,to_in_007,8
2024,다다371051,to_in_008,13
2024,다다371052,to_in_001,0
2024,다다371052,to_in_007,0
2024,다다371052,to_in_008,0
2024,다다371070,to_in_001,8
2024,다다371070,to_in_007,5
2024,다다371070,to_in_008,5
2024,다다371934,to_in_001,5
2024,다다371934,to_in_007,0
2024,다다371934,to_in_008,5
2024,다다371935,to_in_001,23
2024,다다371935,to_in_007,13
2024,다다371935,to_in_008,13
2024,다다371936,to_in_001,23
2024,다다371936,to_in_007,13
2024,다다371936,to_in_008,13
2024,다다371937,to_in_001,0
2024,다다371937,to_in_007,0
2024,다다371937,to_in_008,0
2024,다다371999,to_in_001,8
2024,다다371999,to_in_007,8
2024,다다371999,to_in_008,5
2024,다다372028,to_in_001,8
2024,다다372028,to_in_007,5
2024,다다372028,to_in_008,8
2024,다다372044,to_in_001,0
2024,다다372044,to_in_007,0
2024,다다372044,to_in_008,0
2024,다다372046,to_in_001,5
2024,다다372046,to_in_007,5
2024,다다372046,to_in_008,0
2024,다다372049,to_in_001,18
2024,다다372049,to_in_007,8
2024,다다372049,to_in_008,8
2024,다다372050,to_in_001,23
2024,다다372050,to_in_007,13
2024,다다372050,to_in_008,8
2024,다다372051,to_in_001,18
2024,다다372051,to_in_007,8
2024,다다372051,to_in_008,8
2024,다다372052,to_in_001,8
2024,다다372052,to_in_007,8
2024,다다372052,to_in_008,5
2024,다다372053,to_in_001,23
2024,다다372053,to_in_007,13
2024,다다372053,to_in_008,8
2024,다다372071,to_in_001,8
2024,다다372071,to_in_007,5
2024,다다372071,to_in_008,5
2024,다다372075,to_in_001,5
2024,다다372075,to_in_007,5
2024,다다372075,to_in_008,0
2024,다다372931,to_in_001,0
2024,다다372931,to_in_007,0
2024,다다372931,to_in_008,0
2024,다다372935,to_in_001,8
2024,다다372935,to_in_007,5
2024,다다372935,to_in_008,5
2024,다다372936,to_in_001,18
2024,다다372936,to_in_007,8
2024,다다372936,to_in_008,8
2024,다다372939,to_in_001,5
2024,다다372939,to_in_007,0
2024,다다372939,to_in_008,5
2024,다다372944,to_in_001,5
2024,다다372944,to_in_007,0
2024,다다372944,to_in_008,0
2024,다다383937,to_in_001,18
2024,다다383937,to_in_007,8
2024,다다383937,to_in_008,8
2024,다다383938,to_in_001,8
2024,다다383938,to_in_007,5
2024,다다383938,to_in_008,5
2024,다다383939,to_in_001,13
2024,다다383939,to_in_007,8
2024,다다383939,to_in_008,8
2024,다다383940,to_in_001,5
2024,다다383940,to_in_007,5
2024,다다383940,to_in_008,5
2024,다다383941,to_in_001,8
2024,다다383941,to_in_007,5
2024,다다383941,to_in_008,5
2024,다다384042,to_in_001,8
2024,다다384042,to_in_007,5
2024,다다384042,to_in_008,8
2024,다다384043,to_in_001,28
2024,다다384043,to_in_007,18
2024,다다384043,to_in_008,13
2024,다다384044,to_in_001,8
2024,다다384044,to_in_007,5
2024,다다384044,to_in_008,5
2024,다다384047,to_in_001,8
2024,다다384047,to_in_007,8
2024,다다384047,to_in_008,0
2024,다다384049,to_in_001,5
2024,다다384049,to_in_007,5
2024,다다384049,to_in_008,5
2024,다다384050,to_in_001,13
2024,다다384050,to_in_007,8
2024,다다384050,to_in_008,5
2024,다다384051,to_in_001,13
2024,다다384051,to_in_007,8
2024,다다384051,to_in_008,8
2024,다다384052,to_in_001,8
2024,다다384052,to_in_007,5
2024,다다384052,to_in_008,5
2024,다다384926,to_in_001,28
2024,다다384926,to_in_007,13
2024,다다384926,to_in_008,13
2024,다다384927,to_in_001,5
2024,다다384927,to_in_007,0
2024,다다384927,to_in_008,5
2024,다다384928,to_in_001,5
2024,다다384928,to_in_007,5
2024,다다384928,to_in_008,5
2024,다다384929,to_in_001,5
2024,다다384929,to_in_007,5
2024,다다384929,to_in_008,5
2024,다다384930,to_in_001,5
2024,다다384930,to_in_007,0
2024,다다384930,to_in_008,5
2024,다다384933,to_in_001,8
2024,다다384933,to_in_007,5
2024,다다384933,to_in_008,5
2024,다다384934,to_in_001,8
2024,다다384934,to_in_007,5
2024,다다384934,to_in_008,5
2024,다다384937,to_in_001,8
2024,다다384937,to_in_007,8
2024,다다384937,to_in_008,0
2024,다다384938,to_in_001,13
2024,다다384938,to_in_007,8
2024,다다384938,to_in_008,8
2024,다다384939,to_in_001,5
2024,다다384939,to_in_007,5
2024,다다384939,to_in_008,0
2024,다다384958,to_in_001,5
2024,다다384958,to_in_007,5
2024,다다384958,to_in_008,5
2024,다다384959,to_in_001,5
2024,다다384959,to_in_007,5
2024,다다384959,to_in_008,0
2024,다다384988,to_in_001,5
2024,다다384988,to_in_007,5
2024,다다384988,to_in_008,0
2024,다다384989,to_in_001,13
2024,다다384989,to_in_007,5
2024,다다384989,to_in_008,8
2024,다다384990,to_in_001,8
2024,다다384990,to_in_007,5
2024,다다384990,to_in_008,8
2024,다다384993,to_in_001,8
2024,다다384993,to_in_007,5
2024,다다384993,to_in_008,8
2024,다다384994,to_in_001,8
2024,다다384994,to_in_007,5
2024,다다384994,to_in_008,5
2024,다다385043,to_in_001,13
2024,다다385043,to_in_007,8
2024,다다385043,to_in_008,5
2024,다다385044,to_in_001,8
2024,다다385044,to_in_007,5
2024,다다385044,to_in_008,5
2024,다다385045,to_in_001,0
2024,다다385045,to_in_007,0
2024,다다385045,to_in_008,0
2024,다다385046,to_in_001,8
2024,다다385046,to_in_007,8
2024,다다385046,to_in_008,5
2024,다다385047,to_in_001,8
2024,다다385047,to_in_007,8
2024,다다385047,to_in_008,5
2024,다다385048,to_in_001,23
2024,다다385048,to_in_007,13
2024,다다385048,to_in_008,8
2024,다다385049,to_in_001,8
2024,다다385049,to_in_007,5
2024,다다385049,to_in_008,5
2024,다다385050,to_in_001,8
2024,다다385050,to_in_007,5
2024,다다385050,to_in_008,8
2024,다다385051,to_in_001,8
2024,다다385051,to_in_007,8
2024,다다385051,to_in_008,8
2024,다다385052,to_in_001,5
2024,다다385052,to_in_007,5
2024,다다385052,to_in_008,5
2024,다다385925,to_in_001,5
2024,다다385925,to_in_007,5
2024,다다385925,to_in_008,5
2024,다다385926,to_in_001,8
2024,다다385926,to_in_007,5
2024,다다385926,to_in_008,5
2024,다다385929,to_in_001,5
2024,다다385929,to_in_007,5
2024,다다385929,to_in_008,5
2024,다다385931,to_in_001,8
2024,다다385931,to_in_007,8
2024,다다385931,to_in_008,0
2024,다다385934,to_in_001,8
2024,다다385934,to_in_007,5
2024,다다385934,to_in_008,8
2024,다다385935,to_in_001,8
2024,다다385935,to_in_007,5
2024,다다385935,to_in_008,8
2024,다다385936,to_in_001,8
2024,다다385936,to_in_007,5
2024,다다385936,to_in_008,5
2024,다다385938,to_in_001,8
2024,다다385938,to_in_007,5
2024,다다385938,to_in_008,5
2024,다다402037,to_in_001,28
2024,다다402037,to_in_007,13
2024,다다402037,to_in_008,13
2024,다다402038,to_in_001,5
2024,다다402038,to_in_007,5
2024,다다402038,to_in_008,0
2024,다다402039,to_in_001,18
2024,다다402039,to_in_007,8
2024,다다402039,to_in_008,13
2024,다다402040,to_in_001,18
2024,다다402040,to_in_007,8
2024,다다402040,to_in_008,8
2024,다다402904,to_in_001,0
2024,다다402904,to_in_007,0
2024,다다402904,to_in_008,0
2024,다다402912,to_in_001,5
2024,다다402912,to_in_007,5
2024,다다402912,to_in_008,0
2024,다다402913,to_in_001,5
2024,다다402913,to_in_007,0
2024,다다402913,to_in_008,0
2024,다다402914,to_in_001,5
2024,다다402914,to_in_007,5
2024,다다402914,to_in_008,0
2024,다다402915,to_in_001,13
2024,다다402915,to_in_007,8
2024,다다402915,to_in_008,8
2024,다다402916,to_in_001,23
2024,다다402916,to_in_007,13
2024,다다402916,to_in_008,8
2024,다다402917,to_in_001,18
2024,다다402917,to_in_007,8
2024,다다402917,to_in_008,8
2024,다다402918,to_in_001,5
2024,다다402918,to_in_007,0
2024,다다402918,to_in_008,0
2024,다다402919,to_in_001,8
2024,다다402919,to_in_007,5
2024,다다402919,to_in_008,5
2024,다다402920,to_in_001,23
2024,다다402920,to_in_007,13
2024,다다402920,to_in_008,8
2024,다다402921,to_in_001,5
2024,다다402921,to_in_007,5
2024,다다402921,to_in_008,5
2024,다다402929,to_in_001,8
2024,다다402929,to_in_007,5
2024,다다402929,to_in_008,0
2024,다다402930,to_in_001,18
2024,다다402930,to_in_007,13
2024,다다402930,to_in_008,8
2024,다다402931,to_in_001,23
2024,다다402931,to_in_007,13
2024,다다402931,to_in_008,13
2024,다다402932,to_in_001,5
2024,다다402932,to_in_007,0
2024,다다402932,to_in_008,5
2024,다다402938,to_in_001,5
2024,다다402938,to_in_007,5
2024,다다402938,to_in_008,0
2024,다다403010,to_in_001,5
2024,다다403010,to_in_007,5
2024,다다403010,to_in_008,5
2024,다다403025,to_in_001,8
2024,다다403025,to_in_007,8
2024,다다403025,to_in_008,8
2024,다다403028,to_in_001,8
2024,다다403028,to_in_007,5
2024,다다377932,to_in_008,0
2024,다다377934,to_in_001,5
2024,다다377934,to_in_007,5
2024,다다377934,to_in_008,5
2024,다다392045,to_in_001,5
2024,다다392045,to_in_007,5
2024,다다392045,to_in_008,5
2024,다다392046,to_in_001,5
2024,다다392046,to_in_007,5
2024,다다392046,to_in_008,5
2024,다다392047,to_in_001,0
2024,다다392047,to_in_007,0
2024,다다392047,to_in_008,0
2024,다다392913,to_in_001,13
2024,다다392913,to_in_007,5
2024,다다392913,to_in_008,8
2024,다다392914,to_in_001,5
2024,다다392914,to_in_007,5
2024,다다392914,to_in_008,5
2024,다다392935,to_in_001,5
2024,다다392935,to_in_007,5
2024,다다392935,to_in_008,0
2024,다다392956,to_in_001,5
2024,다다392956,to_in_007,5
2024,다다392956,to_in_008,0
2024,다다393016,to_in_001,5
2024,다다393016,to_in_007,5
2024,다다393016,to_in_008,5
2024,다다393021,to_in_001,5
2024,다다393021,to_in_007,0
2024,다다393021,to_in_008,5
2024,다다393022,to_in_001,8
2024,다다393022,to_in_007,5
2024,다다393022,to_in_008,5
2024,다다393023,to_in_001,5
2024,다다393023,to_in_007,5
2024,다다393023,to_in_008,0
2024,다다393031,to_in_001,5
2024,다다393031,to_in_007,0
2024,다다393031,to_in_008,0
2024,다다393033,to_in_001,5
2024,다다393033,to_in_007,0
2024,다다393033,to_in_008,5
2024,다다393034,to_in_001,5
2024,다다393034,to_in_007,5
2024,다다393034,to_in_008,5
2024,다다393035,to_in_001,8
2024,다다393035,to_in_007,8
2024,다다393035,to_in_008,5
2024,다다393036,to_in_001,8
2024,다다393036,to_in_007,8
2024,다다393036,to_in_008,5
2024,다다393037,to_in_001,8
2024,다다393037,to_in_007,5
2024,다다393037,to_in_008,8
2024,다다393045,to_in_001,5
2024,다다393045,to_in_007,0
2024,다다393045,to_in_008,5
2024,다다393046,to_in_001,5
2024,다다393046,to_in_007,5
2024,다다393046,to_in_008,0
2024,다다393911,to_in_001,13
2024,다다393911,to_in_007,8
2024,다다393911,to_in_008,5
2024,다다393912,to_in_001,8
2024,다다393912,to_in_007,0
2024,다다393912,to_in_008,8
2024,다다393913,to_in_001,8
2024,다다393913,to_in_007,5
2024,다다393913,to_in_008,5
2024,다다393914,to_in_001,13
2024,다다393914,to_in_007,8
2024,다다393914,to_in_008,5
2024,다다393955,to_in_001,5
2024,다다393955,to_in_007,5
2024,다다393955,to_in_008,0
2024,다다394011,to_in_001,5
2024,다다394011,to_in_007,5
2024,다다394011,to_in_008,0
2024,다다394019,to_in_001,0
2024,다다394019,to_in_007,0
2024,다다394019,to_in_008,0
2024,다다394023,to_in_001,5
2024,다다394023,to_in_007,5
2024,다다394023,to_in_008,5
2024,다다394027,to_in_001,5
2024,다다394027,to_in_007,0
2024,다다394027,to_in_008,5
2024,다다394035,to_in_001,0
2024,다다394035,to_in_007,0
2024,다다394035,to_in_008,0
2024,다다394037,to_in_001,5
2024,다다394037,to_in_007,5
2024,다다394037,to_in_008,0
2024,다다394038,to_in_001,0
2024,다다394038,to_in_007,0
2024,다다394038,to_in_008,0
2024,다다394913,to_in_001,5
2024,다다394913,to_in_007,0
2024,다다394913,to_in_008,0
2024,다다394917,to_in_001,0
2024,다다394917,to_in_007,0
2024,다다394917,to_in_008,0
2024,다다394955,to_in_001,5
2024,다다394955,to_in_007,5
2024,다다394955,to_in_008,0
2024,다다395000,to_in_001,0
2024,다다395000,to_in_007,0
2024,다다395000,to_in_008,0
2024,다다395021,to_in_001,5
2024,다다395021,to_in_007,0
2024,다다395021,to_in_008,5
2024,다다395027,to_in_001,5
2024,다다395027,to_in_007,0
2024,다다395027,to_in_008,0
2024,다다395038,to_in_001,8
2024,다다395038,to_in_007,8
2024,다다395038,to_in_008,5
2024,다다395039,to_in_001,8
2024,다다395039,to_in_007,5
2024,다다395039,to_in_008,5
2024,다다395040,to_in_001,5
2024,다다395040,to_in_007,0
2024,다다395040,to_in_008,5
2024,다다395044,to_in_001,5
2024,다다395044,to_in_007,5
2024,다다395044,to_in_008,0
2024,다다395046,to_in_001,8
2024,다다395046,to_in_007,5
2024,다다395046,to_in_008,5
2024,다다395911,to_in_001,5
2024,다다395911,to_in_007,0
2024,다다395911,to_in_008,5
2024,다다395915,to_in_001,5
2024,다다395915,to_in_007,5
2024,다다395915,to_in_008,5
2024,다다395955,to_in_001,13
2024,다다395955,to_in_007,8
2024,다다395955,to_in_008,5
2024,다다396010,to_in_001,13
2024,다다396010,to_in_007,8
2024,다다396010,to_in_008,5
2024,다다399041,to_in_001,23
2024,다다399041,to_in_007,8
2024,다다399041,to_in_008,13
2024,다다399043,to_in_001,8
2024,다다399043,to_in_007,8
2024,다다399043,to_in_008,0
2024,다다399903,to_in_001,8
2024,다다399903,to_in_007,5
2024,다다399903,to_in_008,5
2024,다다399904,to_in_001,8
2024,다다399904,to_in_007,5
2024,다다399904,to_in_008,5
2024,다다399918,to_in_001,28
2024,다다399918,to_in_007,13
2024,다다399918,to_in_008,13
2024,다다399919,to_in_001,8
2024,다다399919,to_in_007,5
2024,다다399919,to_in_008,8
2024,다다399920,to_in_001,5
2024,다다399920,to_in_007,5
2024,다다399920,to_in_008,5
2024,다다399940,to_in_001,5
2024,다다399940,to_in_007,5
2024,다다399940,to_in_008,0
2024,다다399999,to_in_001,0
2024,다다399999,to_in_007,0
2024,다다399999,to_in_008,0
2024,다다400007,to_in_001,0
2024,다다400007,to_in_007,0
2024,다다400007,to_in_008,0
2024,다다400029,to_in_001,5
2024,다다400029,to_in_007,0
2024,다다400029,to_in_008,5
2024,다다400030,to_in_001,8
2024,다다400030,to_in_007,5
2024,다다400030,to_in_008,5
2024,다다400035,to_in_001,88
2024,다다400035,to_in_007,51
2024,다다400035,to_in_008,40
2024,다다400036,to_in_001,18
2024,다다400036,to_in_007,8
2024,다다400036,to_in_008,8
2024,다다400037,to_in_001,48
2024,다다400037,to_in_007,18
2024,다다400037,to_in_008,28
2024,다다400038,to_in_001,13
2024,다다400038,to_in_007,8
2024,다다400038,to_in_008,8
2024,다다400039,to_in_001,44
2024,다다400039,to_in_007,23
2024,다다400039,to_in_008,19
2024,다다400040,to_in_001,63
2024,다다400040,to_in_007,33
2024,다다400040,to_in_008,28
2024,다다400041,to_in_001,38
2024,다다400041,to_in_007,18
2024,다다400041,to_in_008,18
2024,다다400903,to_in_001,13
2024,다다400903,to_in_007,8
2024,다다400903,to_in_008,8
2024,다다400904,to_in_001,5
2024,다다400904,to_in_007,5
2024,다다400904,to_in_008,0
2024,다다400915,to_in_001,5
2024,다다400915,to_in_007,5
2024,다다400915,to_in_008,0
2024,다다400916,to_in_001,5
2024,다다400916,to_in_007,5
2024,다다400916,to_in_008,0
2024,다다400918,to_in_001,13
2024,다다400918,to_in_007,8
2024,다다400918,to_in_008,8
2024,다다400919,to_in_001,18
2024,다다400919,to_in_007,8
2024,다다400919,to_in_008,8
2024,다다400920,to_in_001,5
2024,다다400920,to_in_007,0
2024,다다400920,to_in_008,5
2024,다다400921,to_in_001,8
2024,다다400921,to_in_007,8
2024,다다400921,to_in_008,5
2024,다다400922,to_in_001,5
2024,다다400922,to_in_007,0
2024,다다400922,to_in_008,5
2024,다다400923,to_in_001,0
2024,다다400923,to_in_007,0
2024,다다400923,to_in_008,0
2024,다다400929,to_in_001,0
2024,다다400929,to_in_007,0
2024,다다400929,to_in_008,0
2024,다다400930,to_in_001,5
2024,다다400930,to_in_007,0
2024,다다400930,to_in_008,5
2024,다다400938,to_in_001,5
2024,다다400938,to_in_007,5
2024,다다400938,to_in_008,5
2024,다다400939,to_in_001,23
2024,다다400939,to_in_007,13
2024,다다400939,to_in_008,8
2024,다다400940,to_in_001,23
2024,다다400940,to_in_007,8
2024,다다400940,to_in_008,13
2024,다다400941,to_in_001,5
2024,다다400941,to_in_007,0
2024,다다400941,to_in_008,5
2024,다다400946,to_in_001,5
2024,다다400946,to_in_007,5
2024,다다400946,to_in_008,5
2024,다다400998,to_in_001,5
2024,다다400998,to_in_007,5
2024,다다400998,to_in_008,0
2024,다다400999,to_in_001,0
2024,다다400999,to_in_007,0
2024,다다400999,to_in_008,0
2024,다다401029,to_in_001,5
2024,다다401029,to_in_007,5
2024,다다401029,to_in_008,5
2024,다다405756,to_in_001,8
2024,다다405756,to_in_007,8
2024,다다405756,to_in_008,0
2024,다다405757,to_in_001,8
2024,다다405757,to_in_007,5
2024,다다405757,to_in_008,8
2024,다다405758,to_in_001,5
2024,다다405758,to_in_007,0
2024,다다405758,to_in_008,0
2024,다다405760,to_in_001,5
2024,다다405760,to_in_007,5
2024,다다405760,to_in_008,5
2024,다다405766,to_in_001,28
2024,다다405766,to_in_007,18
2024,다다405766,to_in_008,13
2024,다다405906,to_in_001,28
2024,다다405906,to_in_007,18
2024,다다405906,to_in_008,8
2024,다다405907,to_in_001,8
2024,다다405907,to_in_007,8
2024,다다405907,to_in_008,5
2024,다다405908,to_in_001,13
2024,다다405908,to_in_007,8
2024,다다405908,to_in_008,8
2024,다다405909,to_in_001,8
2024,다다405909,to_in_007,5
2024,다다405909,to_in_008,8
2024,다다405921,to_in_001,5
2024,다다405921,to_in_007,5
2024,다다405921,to_in_008,0
2024,다다405952,to_in_001,5
2024,다다405952,to_in_007,5
2024,다다405952,to_in_008,0
2024,다다405999,to_in_001,5
2024,다다381052,to_in_008,5
2024,다다381053,to_in_001,8
2024,다다381053,to_in_007,8
2024,다다381053,to_in_008,8
2024,다다381054,to_in_001,13
2024,다다381054,to_in_007,5
2024,다다381054,to_in_008,8
2024,다다381055,to_in_001,8
2024,다다381055,to_in_007,5
2024,다다381055,to_in_008,5
2024,다다381933,to_in_001,0
2024,다다381933,to_in_007,0
2024,다다381933,to_in_008,0
2024,다다381934,to_in_001,0
2024,다다381934,to_in_007,0
2024,다다381934,to_in_008,0
2024,다다381935,to_in_001,44
2024,다다381935,to_in_007,23
2024,다다381935,to_in_008,24
2024,다다396023,to_in_001,5
2024,다다396023,to_in_007,5
2024,다다396023,to_in_008,0
2024,다다396028,to_in_001,5
2024,다다396028,to_in_007,5
2024,다다396028,to_in_008,0
2024,다다396036,to_in_001,18
2024,다다396036,to_in_007,8
2024,다다396036,to_in_008,8
2024,다다396037,to_in_001,28
2024,다다396037,to_in_007,13
2024,다다396037,to_in_008,13
2024,다다396038,to_in_001,18
2024,다다396038,to_in_007,8
2024,다다396038,to_in_008,8
2024,다다396039,to_in_001,8
2024,다다396039,to_in_007,8
2024,다다396039,to_in_008,5
2024,다다396040,to_in_001,5
2024,다다396040,to_in_007,0
2024,다다396040,to_in_008,5
2024,다다396044,to_in_001,13
2024,다다396044,to_in_007,8
2024,다다396044,to_in_008,5
2024,다다396045,to_in_001,8
2024,다다396045,to_in_007,8
2024,다다396045,to_in_008,0
2024,다다396911,to_in_001,5
2024,다다396911,to_in_007,5
2024,다다396911,to_in_008,0
2024,다다396912,to_in_001,0
2024,다다396912,to_in_007,0
2024,다다396912,to_in_008,0
2024,다다396916,to_in_001,5
2024,다다396916,to_in_007,0
2024,다다396916,to_in_008,5
2024,다다396917,to_in_001,0
2024,다다396917,to_in_007,0
2024,다다396917,to_in_008,0
2024,다다396918,to_in_001,5
2024,다다396918,to_in_007,5
2024,다다396918,to_in_008,5
2024,다다396930,to_in_001,5
2024,다다396930,to_in_007,5
2024,다다396930,to_in_008,0
2024,다다397009,to_in_001,5
2024,다다397009,to_in_007,5
2024,다다397009,to_in_008,0
2024,다다397037,to_in_001,13
2024,다다397037,to_in_007,5
2024,다다397037,to_in_008,8
2024,다다397038,to_in_001,13
2024,다다397038,to_in_007,8
2024,다다397038,to_in_008,8
2024,다다397039,to_in_001,5
2024,다다397039,to_in_007,5
2024,다다397039,to_in_008,5
2024,다다397040,to_in_001,8
2024,다다397040,to_in_007,5
2024,다다397040,to_in_008,5
2024,다다397041,to_in_001,8
2024,다다397041,to_in_007,5
2024,다다397041,to_in_008,8
2024,다다397903,to_in_001,5
2024,다다397903,to_in_007,5
2024,다다397903,to_in_008,0
2024,다다397915,to_in_001,0
2024,다다397915,to_in_007,0
2024,다다397915,to_in_008,0
2024,다다397916,to_in_001,5
2024,다다397916,to_in_007,0
2024,다다397916,to_in_008,5
2024,다다397917,to_in_001,5
2024,다다397917,to_in_007,5
2024,다다397917,to_in_008,5
2024,다다397918,to_in_001,5
2024,다다397918,to_in_007,0
2024,다다397918,to_in_008,0
2024,다다398013,to_in_001,26
2024,다다398013,to_in_007,26
2024,다다398013,to_in_008,0
2024,다다398028,to_in_001,5
2024,다다398028,to_in_007,5
2024,다다398028,to_in_008,5
2024,다다398032,to_in_001,5
2024,다다398032,to_in_007,5
2024,다다398032,to_in_008,0
2024,다다398035,to_in_001,80
2024,다다398035,to_in_007,13
2024,다다398035,to_in_008,65
2024,다다398036,to_in_001,5
2024,다다398036,to_in_007,5
2024,다다398036,to_in_008,0
2024,다다398037,to_in_001,8
2024,다다398037,to_in_007,5
2024,다다398037,to_in_008,8
2024,다다398038,to_in_001,23
2024,다다398038,to_in_007,8
2024,다다398038,to_in_008,13
2024,다다398039,to_in_001,18
2024,다다398039,to_in_007,8
2024,다다398039,to_in_008,8
2024,다다398040,to_in_001,18
2024,다다398040,to_in_007,8
2024,다다398040,to_in_008,8
2024,다다398043,to_in_001,8
2024,다다398043,to_in_007,8
2024,다다398043,to_in_008,0
2024,다다398793,to_in_001,5
2024,다다398793,to_in_007,5
2024,다다398793,to_in_008,0
2024,다다398902,to_in_001,5
2024,다다398902,to_in_007,5
2024,다다398902,to_in_008,0
2024,다다398903,to_in_001,18
2024,다다398903,to_in_007,8
2024,다다398903,to_in_008,8
2024,다다398904,to_in_001,28
2024,다다398904,to_in_007,18
2024,다다398904,to_in_008,13
2024,다다398916,to_in_001,5
2024,다다398916,to_in_007,0
2024,다다398916,to_in_008,0
2024,다다398917,to_in_001,5
2024,다다398917,to_in_007,0
2024,다다398917,to_in_008,5
2024,다다399035,to_in_001,108
2024,다다399035,to_in_007,52
2024,다다399035,to_in_008,59
2024,다다399036,to_in_001,8
2024,다다399036,to_in_007,5
2024,다다399036,to_in_008,5
2024,다다399037,to_in_001,13
2024,다다399037,to_in_007,5
2024,다다399037,to_in_008,8
2024,다다399038,to_in_001,13
2024,다다399038,to_in_007,5
2024,다다399038,to_in_008,8
2024,다다399039,to_in_001,38
2024,다다399039,to_in_007,23
2024,다다399039,to_in_008,13
2024,다다399040,to_in_001,13
2024,다다399040,to_in_007,8
2024,다다399040,to_in_008,8
2024,다다401031,to_in_001,8
2024,다다401031,to_in_007,0
2024,다다401031,to_in_008,5
2024,다다401032,to_in_001,8
2024,다다401032,to_in_007,5
2024,다다401032,to_in_008,8
2024,다다401033,to_in_001,5
2024,다다401033,to_in_007,5
2024,다다401033,to_in_008,5
2024,다다401034,to_in_001,23
2024,다다401034,to_in_007,8
2024,다다401034,to_in_008,13
2024,다다401035,to_in_001,95
2024,다다401035,to_in_007,50
2024,다다401035,to_in_008,48
2024,다다401036,to_in_001,57
2024,다다401036,to_in_007,28
2024,다다401036,to_in_008,32
2024,다다401037,to_in_001,51
2024,다다401037,to_in_007,23
2024,다다401037,to_in_008,31
2024,다다401038,to_in_001,13
2024,다다401038,to_in_007,5
2024,다다401038,to_in_008,8
2024,다다401039,to_in_001,101
2024,다다401039,to_in_007,46
2024,다다401039,to_in_008,58
2024,다다401040,to_in_001,63
2024,다다401040,to_in_007,33
2024,다다401040,to_in_008,28
2024,다다401041,to_in_001,8
2024,다다401041,to_in_007,5
2024,다다401041,to_in_008,5
2024,다다401042,to_in_001,22
2024,다다401042,to_in_007,22
2024,다다401042,to_in_008,5
2024,다다401903,to_in_001,8
2024,다다401903,to_in_007,5
2024,다다401903,to_in_008,5
2024,다다401904,to_in_001,5
2024,다다401904,to_in_007,0
2024,다다401904,to_in_008,0
2024,다다401916,to_in_001,23
2024,다다401916,to_in_007,13
2024,다다401916,to_in_008,8
2024,다다401917,to_in_001,13
2024,다다401917,to_in_007,5
2024,다다401917,to_in_008,8
2024,다다401918,to_in_001,5
2024,다다401918,to_in_007,0
2024,다다401918,to_in_008,5
2024,다다401919,to_in_001,5
2024,다다401919,to_in_007,5
2024,다다401919,to_in_008,0
2024,다다401920,to_in_001,18
2024,다다401920,to_in_007,13
2024,다다401920,to_in_008,8
2024,다다401921,to_in_001,13
2024,다다401921,to_in_007,5
2024,다다401921,to_in_008,8
2024,다다401928,to_in_001,18
2024,다다401928,to_in_007,13
2024,다다401928,to_in_008,8
2024,다다401929,to_in_001,5
2024,다다401929,to_in_007,5
2024,다다401929,to_in_008,5
2024,다다401930,to_in_001,18
2024,다다401930,to_in_007,13
2024,다다401930,to_in_008,8
2024,다다401931,to_in_001,5
2024,다다401931,to_in_007,5
2024,다다401931,to_in_008,5
2024,다다401938,to_in_001,5
2024,다다401938,to_in_007,0
2024,다다401938,to_in_008,0
2024,다다401939,to_in_001,18
2024,다다401939,to_in_007,5
2024,다다401939,to_in_008,13
2024,다다401940,to_in_001,18
2024,다다401940,to_in_007,13
2024,다다401940,to_in_008,8
2024,다다402009,to_in_001,5
2024,다다402009,to_in_007,5
2024,다다402009,to_in_008,0
2024,다다402010,to_in_001,5
2024,다다402010,to_in_007,5
2024,다다402010,to_in_008,0
2024,다다402025,to_in_001,5
2024,다다402025,to_in_007,0
2024,다다402025,to_in_008,5
2024,다다402026,to_in_001,5
2024,다다402026,to_in_007,0
2024,다다402026,to_in_008,5
2024,다다402028,to_in_001,5
2024,다다402028,to_in_007,0
2024,다다402028,to_in_008,0
2024,다다402029,to_in_001,5
2024,다다402029,to_in_007,0
2024,다다402029,to_in_008,5
2024,다다402030,to_in_001,18
2024,다다402030,to_in_007,8
2024,다다402030,to_in_008,8
2024,다다402031,to_in_001,8
2024,다다402031,to_in_007,8
2024,다다402031,to_in_008,5
2024,다다402032,to_in_001,13
2024,다다402032,to_in_007,8
2024,다다402032,to_in_008,8
2024,다다402033,to_in_001,13
2024,다다402033,to_in_007,8
2024,다다402033,to_in_008,5
2024,다다402034,to_in_001,23
2024,다다402034,to_in_007,8
2024,다다402034,to_in_008,13
2024,다다402035,to_in_001,58
2024,다다402035,to_in_007,23
2024,다다402035,to_in_008,33
2024,다다402036,to_in_001,28
2024,다다402036,to_in_007,18
2024,다다402036,to_in_008,13
2024,다다408767,to_in_001,8
2024,다다408767,to_in_007,5
2024,다다408767,to_in_008,5
2024,다다408940,to_in_001,5
2024,다다408940,to_in_007,0
2024,다다408940,to_in_008,0
2024,다다408946,to_in_001,5
2024,다다408946,to_in_007,5
2024,다다408946,to_in_008,0
2024,다다408948,to_in_001,5
2024,다다405025,to_in_007,0
2024,다다405025,to_in_008,0
2024,다다405026,to_in_001,8
2024,다다405026,to_in_007,5
2024,다다405026,to_in_008,5
2024,다다405027,to_in_001,8
2024,다다405027,to_in_007,8
2024,다다405027,to_in_008,5
2024,다다405028,to_in_001,23
2024,다다405028,to_in_007,13
2024,다다405028,to_in_008,13
2024,다다405029,to_in_001,8
2024,다다405029,to_in_007,5
2024,다다405029,to_in_008,5
2024,다다405032,to_in_001,33
2024,다다405032,to_in_007,18
2024,다다405032,to_in_008,18
2024,다다405033,to_in_001,23
2024,다다405033,to_in_007,8
2024,다다405033,to_in_008,13
2024,다다405034,to_in_001,8
2024,다다405034,to_in_007,5
2024,다다405034,to_in_008,5
2024,다다405036,to_in_001,5
2024,다다405036,to_in_007,0
2024,다다405036,to_in_008,5
2024,다다405037,to_in_001,49
2024,다다405037,to_in_007,29
2024,다다405037,to_in_008,18
2024,다다405038,to_in_001,8
2024,다다405038,to_in_007,8
2024,다다405038,to_in_008,0
2024,다다416988,to_in_001,5
2024,다다416988,to_in_007,0
2024,다다416988,to_in_008,0
2024,다다416998,to_in_001,13
2024,다다416998,to_in_007,8
2024,다다416998,to_in_008,5
2024,다다416999,to_in_001,13
2024,다다416999,to_in_007,8
2024,다다416999,to_in_008,5
2024,다다417025,to_in_001,5
2024,다다417025,to_in_007,5
2024,다다417025,to_in_008,0
2024,다다417759,to_in_001,5
2024,다다417759,to_in_007,5
2024,다다417759,to_in_008,5
2024,다다417782,to_in_001,13
2024,다다417782,to_in_007,13
2024,다다417782,to_in_008,5
2024,다다417783,to_in_001,18
2024,다다417783,to_in_007,13
2024,다다417783,to_in_008,8
2024,다다417784,to_in_001,23
2024,다다417784,to_in_007,8
2024,다다417784,to_in_008,13
2024,다다417785,to_in_001,8
2024,다다417785,to_in_007,5
2024,다다417785,to_in_008,5
2024,다다417923,to_in_001,18
2024,다다417923,to_in_007,8
2024,다다417923,to_in_008,8
2024,다다417924,to_in_001,5
2024,다다417924,to_in_007,5
2024,다다417924,to_in_008,5
2024,다다417978,to_in_001,5
2024,다다417978,to_in_007,5
2024,다다417978,to_in_008,0
2024,다다417988,to_in_001,5
2024,다다417988,to_in_007,5
2024,다다417988,to_in_008,0
2024,다다417989,to_in_001,8
2024,다다417989,to_in_007,5
2024,다다417989,to_in_008,8
2024,다다417993,to_in_001,8
2024,다다417993,to_in_007,8
2024,다다417993,to_in_008,5
2024,다다417999,to_in_001,5
2024,다다417999,to_in_007,0
2024,다다417999,to_in_008,5
2024,다다418027,to_in_001,5
2024,다다418027,to_in_007,0
2024,다다418027,to_in_008,0
2024,다다418033,to_in_001,5
2024,다다418033,to_in_007,0
2024,다다418033,to_in_008,5
2024,다다418041,to_in_001,8
2024,다다418041,to_in_007,8
2024,다다418041,to_in_008,0
2024,다다418760,to_in_001,5
2024,다다418760,to_in_007,5
2024,다다418760,to_in_008,5
2024,다다418761,to_in_001,5
2024,다다418761,to_in_007,5
2024,다다418761,to_in_008,5
2024,다다418785,to_in_001,0
2024,다다418785,to_in_007,0
2024,다다418785,to_in_008,0
2024,다다418923,to_in_001,18
2024,다다418923,to_in_007,8
2024,다다418923,to_in_008,8
2024,다다418924,to_in_001,8
2024,다다418924,to_in_007,5
2024,다다418924,to_in_008,5
2024,다다418975,to_in_001,0
2024,다다418975,to_in_007,0
2024,다다418975,to_in_008,0
2024,다다418987,to_in_001,8
2024,다다418987,to_in_007,5
2024,다다418987,to_in_008,5
2024,다다418988,to_in_001,8
2024,다다418988,to_in_007,5
2024,다다418988,to_in_008,5
2024,다다418989,to_in_001,8
2024,다다418989,to_in_007,8
2024,다다418989,to_in_008,5
2024,다다419020,to_in_001,8
2024,다다419020,to_in_007,8
2024,다다419020,to_in_008,5
2024,다다423034,to_in_001,8
2024,다다423034,to_in_007,5
2024,다다423034,to_in_008,5
2024,다다423036,to_in_001,5
2024,다다423036,to_in_007,0
2024,다다423036,to_in_008,0
2024,다다423041,to_in_001,5
2024,다다423041,to_in_007,5
2024,다다423041,to_in_008,0
2024,다다423042,to_in_001,5
2024,다다423042,to_in_007,0
2024,다다423042,to_in_008,5
2024,다다423746,to_in_001,5
2024,다다423746,to_in_007,0
2024,다다423746,to_in_008,5
2024,다다423947,to_in_001,15
2024,다다423947,to_in_007,15
2024,다다423947,to_in_008,5
2024,다다423995,to_in_001,5
2024,다다423995,to_in_007,0
2024,다다423995,to_in_008,0
2024,다다423996,to_in_001,5
2024,다다423996,to_in_007,5
2024,다다423996,to_in_008,5
2024,다다423997,to_in_001,8
2024,다다423997,to_in_007,5
2024,다다423997,to_in_008,8
2024,다다424031,to_in_001,5
2024,다다424031,to_in_007,5
2024,다다424031,to_in_008,0
2024,다다424032,to_in_001,8
2024,다다424032,to_in_007,8
2024,다다424032,to_in_008,5
2024,다다424033,to_in_001,13
2024,다다424033,to_in_007,5
2024,다다424033,to_in_008,8
2024,다다424034,to_in_001,5
2024,다다424034,to_in_007,5
2024,다다424034,to_in_008,5
2024,다다424036,to_in_001,5
2024,다다424036,to_in_007,0
2024,다다424036,to_in_008,0
2024,다다424039,to_in_001,5
2024,다다424039,to_in_007,5
2024,다다424039,to_in_008,0
2024,다다424040,to_in_001,23
2024,다다424040,to_in_007,13
2024,다다424040,to_in_008,13
2024,다다424041,to_in_001,8
2024,다다424041,to_in_007,5
2024,다다424041,to_in_008,5
2024,다다424042,to_in_001,5
2024,다다424042,to_in_007,0
2024,다다424042,to_in_008,5
2024,다다424748,to_in_001,0
2024,다다424748,to_in_007,0
2024,다다424748,to_in_008,0
2024,다다424944,to_in_001,5
2024,다다424944,to_in_007,5
2024,다다424944,to_in_008,5
2024,다다424990,to_in_001,8
2024,다다424990,to_in_007,5
2024,다다424990,to_in_008,5
2024,다다425035,to_in_001,13
2024,다다425035,to_in_007,8
2024,다다425035,to_in_008,8
2024,다다425039,to_in_001,8
2024,다다425039,to_in_007,5
2024,다다425039,to_in_008,5
2024,다다425040,to_in_001,18
2024,다다425040,to_in_007,8
2024,다다425040,to_in_008,8
2024,다다425041,to_in_001,18
2024,다다425041,to_in_007,8
2024,다다425041,to_in_008,8
2024,다다425042,to_in_001,8
2024,다다425042,to_in_007,8
2024,다다425042,to_in_008,5
2024,다다425747,to_in_001,5
2024,다다425747,to_in_007,0
2024,다다425747,to_in_008,5
2024,다다428926,to_in_001,5
2024,다다428926,to_in_007,0
2024,다다428926,to_in_008,0
2024,다다428930,to_in_001,23
2024,다다428930,to_in_007,13
2024,다다428930,to_in_008,13
2024,다다428931,to_in_001,5
2024,다다428931,to_in_007,5
2024,다다428931,to_in_008,5
2024,다다428934,to_in_001,5
2024,다다428934,to_in_007,0
2024,다다428934,to_in_008,0
2024,다다428939,to_in_001,5
2024,다다428939,to_in_007,5
2024,다다428939,to_in_008,5
2024,다다429016,to_in_001,8
2024,다다429016,to_in_007,5
2024,다다429016,to_in_008,5
2024,다다429017,to_in_001,13
2024,다다429017,to_in_007,5
2024,다다429017,to_in_008,8
2024,다다429021,to_in_001,8
2024,다다429021,to_in_007,5
2024,다다429021,to_in_008,8
2024,다다429022,to_in_001,5
2024,다다429022,to_in_007,0
2024,다다429022,to_in_008,5
2024,다다429027,to_in_001,18
2024,다다429027,to_in_007,8
2024,다다429027,to_in_008,8
2024,다다429028,to_in_001,18
2024,다다429028,to_in_007,8
2024,다다429028,to_in_008,8
2024,다다429029,to_in_001,5
2024,다다429029,to_in_007,5
2024,다다429029,to_in_008,5
2024,다다429030,to_in_001,8
2024,다다429030,to_in_007,5
2024,다다429030,to_in_008,5
2024,다다429031,to_in_001,18
2024,다다429031,to_in_007,8
2024,다다429031,to_in_008,13
2024,다다429032,to_in_001,33
2024,다다429032,to_in_007,23
2024,다다429032,to_in_008,13
2024,다다429033,to_in_001,8
2024,다다429033,to_in_007,8
2024,다다429033,to_in_008,5
2024,다다429034,to_in_001,8
2024,다다429034,to_in_007,5
2024,다다429034,to_in_008,8
2024,다다429035,to_in_001,8
2024,다다429035,to_in_007,5
2024,다다429035,to_in_008,8
2024,다다429036,to_in_001,5
2024,다다429036,to_in_007,0
2024,다다429036,to_in_008,5
2024,다다429040,to_in_001,13
2024,다다405999,to_in_007,0
2024,다다405999,to_in_008,5
2024,다다406023,to_in_001,5
2024,다다406023,to_in_007,0
2024,다다406023,to_in_008,0
2024,다다406026,to_in_001,5
2024,다다406026,to_in_007,5
2024,다다406026,to_in_008,5
2024,다다406027,to_in_001,18
2024,다다406027,to_in_007,8
2024,다다406027,to_in_008,8
2024,다다406029,to_in_001,8
2024,다다406029,to_in_007,5
2024,다다406029,to_in_008,5
2024,다다406030,to_in_001,63
2024,다다406030,to_in_007,33
2024,다다406030,to_in_008,33
2024,다다406031,to_in_001,5
2024,다다406031,to_in_007,5
2024,다다406031,to_in_008,0
2024,다다406032,to_in_001,5
2024,다다406032,to_in_007,0
2024,다다406032,to_in_008,5
2024,다다406033,to_in_001,18
2024,다다406033,to_in_007,8
2024,다다406033,to_in_008,8
2024,다다406034,to_in_001,13
2024,다다406034,to_in_007,5
2024,다다406034,to_in_008,8
2024,다다406035,to_in_001,18
2024,다다406035,to_in_007,13
2024,다다406035,to_in_008,8
2024,다다406036,to_in_001,13
2024,다다406036,to_in_007,8
2024,다다406036,to_in_008,8
2024,다다406037,to_in_001,18
2024,다다406037,to_in_007,8
2024,다다406037,to_in_008,8
2024,다다406038,to_in_001,5
2024,다다406038,to_in_007,0
2024,다다406038,to_in_008,0
2024,다다406757,to_in_001,24
2024,다다406757,to_in_007,19
2024,다다406757,to_in_008,8
2024,다다406759,to_in_001,5
2024,다다406759,to_in_007,5
2024,다다406759,to_in_008,0
2024,다다406760,to_in_001,18
2024,다다406760,to_in_007,8
2024,다다406760,to_in_008,8
2024,다다406766,to_in_001,67
2024,다다406766,to_in_007,37
2024,다다406766,to_in_008,33
2024,다다406908,to_in_001,5
2024,다다406908,to_in_007,5
2024,다다406908,to_in_008,0
2024,다다406909,to_in_001,18
2024,다다406909,to_in_007,13
2024,다다406909,to_in_008,8
2024,다다406910,to_in_001,8
2024,다다406910,to_in_007,8
2024,다다406910,to_in_008,0
2024,다다406927,to_in_001,5
2024,다다406927,to_in_007,5
2024,다다406927,to_in_008,0
2024,다다407024,to_in_001,8
2024,다다407024,to_in_007,8
2024,다다407024,to_in_008,5
2024,다다407029,to_in_001,15
2024,다다407029,to_in_007,8
2024,다다407029,to_in_008,7
2024,다다407030,to_in_001,5
2024,다다407030,to_in_007,0
2024,다다407030,to_in_008,0
2024,다다407033,to_in_001,5
2024,다다407033,to_in_007,0
2024,다다407033,to_in_008,0
2024,다다407034,to_in_001,18
2024,다다407034,to_in_007,13
2024,다다407034,to_in_008,8
2024,다다407035,to_in_001,8
2024,다다407035,to_in_007,5
2024,다다407035,to_in_008,5
2024,다다407036,to_in_001,13
2024,다다407036,to_in_007,8
2024,다다407036,to_in_008,5
2024,다다407037,to_in_001,18
2024,다다407037,to_in_007,8
2024,다다407037,to_in_008,8
2024,다다407038,to_in_001,5
2024,다다407038,to_in_007,0
2024,다다407038,to_in_008,0
2024,다다407757,to_in_001,5
2024,다다407757,to_in_007,5
2024,다다407757,to_in_008,0
2024,다다407758,to_in_001,23
2024,다다407758,to_in_007,13
2024,다다407758,to_in_008,8
2024,다다407759,to_in_001,23
2024,다다407759,to_in_007,13
2024,다다407759,to_in_008,8
2024,다다407760,to_in_001,5
2024,다다407760,to_in_007,5
2024,다다407760,to_in_008,5
2024,다다407761,to_in_001,8
2024,다다407761,to_in_007,5
2024,다다407761,to_in_008,5
2024,다다407765,to_in_001,13
2024,다다407765,to_in_007,8
2024,다다407765,to_in_008,5
2024,다다407766,to_in_001,60
2024,다다407766,to_in_007,35
2024,다다407766,to_in_008,23
2024,다다414758,to_in_001,13
2024,다다414758,to_in_007,5
2024,다다414758,to_in_008,8
2024,다다414780,to_in_001,5
2024,다다414780,to_in_007,5
2024,다다414780,to_in_008,5
2024,다다414781,to_in_001,5
2024,다다414781,to_in_007,5
2024,다다414781,to_in_008,0
2024,다다414918,to_in_001,5
2024,다다414918,to_in_007,0
2024,다다414918,to_in_008,0
2024,다다414998,to_in_001,13
2024,다다414998,to_in_007,13
2024,다다414998,to_in_008,5
2024,다다414999,to_in_001,28
2024,다다414999,to_in_007,13
2024,다다414999,to_in_008,13
2024,다다415032,to_in_001,13
2024,다다415032,to_in_007,8
2024,다다415032,to_in_008,8
2024,다다415033,to_in_001,5
2024,다다415033,to_in_007,5
2024,다다415033,to_in_008,0
2024,다다415037,to_in_001,5
2024,다다415037,to_in_007,0
2024,다다415037,to_in_008,5
2024,다다415042,to_in_001,5
2024,다다415042,to_in_007,5
2024,다다415042,to_in_008,0
2024,다다415757,to_in_001,5
2024,다다415757,to_in_007,0
2024,다다415757,to_in_008,5
2024,다다415781,to_in_001,5
2024,다다415781,to_in_007,5
2024,다다415781,to_in_008,5
2024,다다415782,to_in_001,5
2024,다다415782,to_in_007,5
2024,다다415782,to_in_008,0
2024,다다415783,to_in_001,13
2024,다다415783,to_in_007,13
2024,다다415783,to_in_008,0
2024,다다415784,to_in_001,13
2024,다다415784,to_in_007,13
2024,다다415784,to_in_008,5
2024,다다415785,to_in_001,8
2024,다다415785,to_in_007,8
2024,다다415785,to_in_008,5
2024,다다415917,to_in_001,8
2024,다다415917,to_in_007,8
2024,다다415917,to_in_008,5
2024,다다415922,to_in_001,8
2024,다다415922,to_in_007,8
2024,다다415922,to_in_008,0
2024,다다415997,to_in_001,8
2024,다다415997,to_in_007,5
2024,다다415997,to_in_008,5
2024,다다415998,to_in_001,8
2024,다다415998,to_in_007,5
2024,다다415998,to_in_008,5
2024,다다415999,to_in_001,28
2024,다다415999,to_in_007,18
2024,다다415999,to_in_008,8
2024,다다416040,to_in_001,8
2024,다다416040,to_in_007,5
2024,다다416040,to_in_008,8
2024,다다416779,to_in_001,0
2024,다다416779,to_in_007,0
2024,다다416779,to_in_008,0
2024,다다416782,to_in_001,8
2024,다다416782,to_in_007,5
2024,다다416782,to_in_008,5
2024,다다416783,to_in_001,13
2024,다다416783,to_in_007,8
2024,다다416783,to_in_008,5
2024,다다416784,to_in_001,8
2024,다다416784,to_in_007,5
2024,다다416784,to_in_008,5
2024,다다416785,to_in_001,8
2024,다다416785,to_in_007,5
2024,다다416785,to_in_008,5
2024,다다416923,to_in_001,8
2024,다다416923,to_in_007,5
2024,다다416923,to_in_008,5
2024,다다416951,to_in_001,8
2024,다다416951,to_in_007,8
2024,다다416951,to_in_008,0
2024,다다421761,to_in_001,5
2024,다다421761,to_in_007,0
2024,다다421761,to_in_008,5
2024,다다421790,to_in_001,13
2024,다다421790,to_in_007,8
2024,다다421790,to_in_008,5
2024,다다421791,to_in_001,0
2024,다다421791,to_in_007,0
2024,다다421791,to_in_008,0
2024,다다421792,to_in_001,0
2024,다다421792,to_in_007,0
2024,다다421792,to_in_008,0
2024,다다421990,to_in_001,5
2024,다다421990,to_in_007,0
2024,다다421990,to_in_008,5
2024,다다421991,to_in_001,8
2024,다다421991,to_in_007,5
2024,다다421991,to_in_008,8
2024,다다422008,to_in_001,5
2024,다다422008,to_in_007,5
2024,다다422008,to_in_008,5
2024,다다422012,to_in_001,5
2024,다다422012,to_in_007,5
2024,다다422012,to_in_008,0
2024,다다422016,to_in_001,8
2024,다다422016,to_in_007,8
2024,다다422016,to_in_008,0
2024,다다422031,to_in_001,5
2024,다다422031,to_in_007,5
2024,다다422031,to_in_008,5
2024,다다422032,to_in_001,5
2024,다다422032,to_in_007,0
2024,다다422032,to_in_008,5
2024,다다422033,to_in_001,13
2024,다다422033,to_in_007,8
2024,다다422033,to_in_008,5
2024,다다422034,to_in_001,5
2024,다다422034,to_in_007,0
2024,다다422034,to_in_008,5
2024,다다422036,to_in_001,5
2024,다다422036,to_in_007,0
2024,다다422036,to_in_008,0
2024,다다422040,to_in_001,8
2024,다다422040,to_in_007,5
2024,다다422040,to_in_008,8
2024,다다422746,to_in_001,5
2024,다다422746,to_in_007,5
2024,다다422746,to_in_008,0
2024,다다422747,to_in_001,8
2024,다다422747,to_in_007,8
2024,다다422747,to_in_008,5
2024,다다422792,to_in_001,8
2024,다다422792,to_in_007,8
2024,다다422792,to_in_008,5
2024,다다422793,to_in_001,5
2024,다다422793,to_in_007,5
2024,다다422793,to_in_008,0
2024,다다422918,to_in_001,5
2024,다다422918,to_in_007,0
2024,다다422918,to_in_008,0
2024,다다422984,to_in_001,0
2024,다다422984,to_in_007,0
2024,다다422984,to_in_008,0
2024,다다422995,to_in_001,0
2024,다다422995,to_in_007,0
2024,다다422995,to_in_008,0
2024,다다422996,to_in_001,19
2024,다다422996,to_in_007,19
2024,다다422996,to_in_008,0
2024,다다422997,to_in_001,5
2024,다다422997,to_in_007,0
2024,다다422997,to_in_008,5
2024,다다423017,to_in_001,5
2024,다다423017,to_in_007,0
2024,다다423017,to_in_008,0
2024,다다423025,to_in_001,0
2024,다다423025,to_in_007,0
2024,다다423025,to_in_008,0
2024,다다423031,to_in_001,8
2024,다다423031,to_in_007,8
2024,다다423031,to_in_008,8
2024,다다423032,to_in_001,8
2024,다다423032,to_in_007,5
2024,다다423032,to_in_008,5
2024,다다423033,to_in_001,18
2024,다다423033,to_in_007,8
2024,다다423033,to_in_008,8
2024,다다430933,to_in_001,43
2024,다다430933,to_in_007,23
2024,다다430933,to_in_008,23
2024,다다430934,to_in_001,18
2024,다다430934,to_in_007,13
2024,다다430934,to_in_008,5
2024,다다408948,to_in_007,0
2024,다다408948,to_in_008,5
2024,다다408953,to_in_001,5
2024,다다408953,to_in_007,0
2024,다다408953,to_in_008,0
2024,다다408954,to_in_001,8
2024,다다408954,to_in_007,8
2024,다다408954,to_in_008,0
2024,다다409023,to_in_001,0
2024,다다409023,to_in_007,0
2024,다다409023,to_in_008,0
2024,다다409024,to_in_001,8
2024,다다409024,to_in_007,5
2024,다다409024,to_in_008,5
2024,다다409025,to_in_001,8
2024,다다409025,to_in_007,5
2024,다다409025,to_in_008,5
2024,다다409028,to_in_001,8
2024,다다409028,to_in_007,5
2024,다다409028,to_in_008,5
2024,다다409029,to_in_001,8
2024,다다409029,to_in_007,8
2024,다다409029,to_in_008,5
2024,다다409030,to_in_001,5
2024,다다409030,to_in_007,0
2024,다다409030,to_in_008,5
2024,다다409031,to_in_001,8
2024,다다409031,to_in_007,5
2024,다다409031,to_in_008,5
2024,다다409032,to_in_001,8
2024,다다409032,to_in_007,8
2024,다다409032,to_in_008,5
2024,다다409033,to_in_001,33
2024,다다409033,to_in_007,13
2024,다다409033,to_in_008,18
2024,다다409034,to_in_001,0
2024,다다409034,to_in_007,0
2024,다다409034,to_in_008,0
2024,다다409037,to_in_001,8
2024,다다409037,to_in_007,5
2024,다다409037,to_in_008,5
2024,다다409038,to_in_001,13
2024,다다409038,to_in_007,8
2024,다다409038,to_in_008,8
2024,다다409758,to_in_001,8
2024,다다409758,to_in_007,8
2024,다다409758,to_in_008,5
2024,다다409759,to_in_001,5
2024,다다409759,to_in_007,0
2024,다다409759,to_in_008,5
2024,다다409760,to_in_001,5
2024,다다409760,to_in_007,5
2024,다다409760,to_in_008,5
2024,다다409764,to_in_001,13
2024,다다409764,to_in_007,5
2024,다다409764,to_in_008,13
2024,다다409765,to_in_001,39
2024,다다409765,to_in_007,24
2024,다다409765,to_in_008,13
2024,다다409766,to_in_001,53
2024,다다409766,to_in_007,33
2024,다다409766,to_in_008,18
2024,다다409767,to_in_001,13
2024,다다409767,to_in_007,8
2024,다다409767,to_in_008,8
2024,다다409785,to_in_001,0
2024,다다409785,to_in_007,0
2024,다다409785,to_in_008,0
2024,다다411040,to_in_001,5
2024,다다411040,to_in_007,0
2024,다다411040,to_in_008,0
2024,다다411766,to_in_001,18
2024,다다411766,to_in_007,8
2024,다다411766,to_in_008,8
2024,다다411767,to_in_001,13
2024,다다411767,to_in_007,8
2024,다다411767,to_in_008,5
2024,다다411770,to_in_001,0
2024,다다411770,to_in_007,0
2024,다다411770,to_in_008,0
2024,다다411771,to_in_001,5
2024,다다411771,to_in_007,0
2024,다다411771,to_in_008,0
2024,다다411772,to_in_001,0
2024,다다411772,to_in_007,0
2024,다다411772,to_in_008,0
2024,다다411779,to_in_001,8
2024,다다411779,to_in_007,5
2024,다다411779,to_in_008,0
2024,다다411785,to_in_001,5
2024,다다411785,to_in_007,0
2024,다다411785,to_in_008,5
2024,다다411786,to_in_001,5
2024,다다411786,to_in_007,0
2024,다다411786,to_in_008,5
2024,다다411919,to_in_001,8
2024,다다411919,to_in_007,5
2024,다다411919,to_in_008,5
2024,다다411920,to_in_001,23
2024,다다411920,to_in_007,18
2024,다다411920,to_in_008,5
2024,다다411921,to_in_001,5
2024,다다411921,to_in_007,0
2024,다다411921,to_in_008,5
2024,다다411999,to_in_001,8
2024,다다411999,to_in_007,8
2024,다다411999,to_in_008,5
2024,다다412022,to_in_001,5
2024,다다412022,to_in_007,0
2024,다다412022,to_in_008,5
2024,다다412023,to_in_001,0
2024,다다412023,to_in_007,0
2024,다다412023,to_in_008,0
2024,다다412024,to_in_001,13
2024,다다412024,to_in_007,5
2024,다다412024,to_in_008,8
2024,다다412025,to_in_001,0
2024,다다412025,to_in_007,0
2024,다다412025,to_in_008,0
2024,다다412026,to_in_001,8
2024,다다412026,to_in_007,5
2024,다다412026,to_in_008,5
2024,다다412028,to_in_001,8
2024,다다412028,to_in_007,5
2024,다다412028,to_in_008,5
2024,다다412029,to_in_001,8
2024,다다412029,to_in_007,5
2024,다다412029,to_in_008,5
2024,다다412031,to_in_001,13
2024,다다412031,to_in_007,5
2024,다다412031,to_in_008,8
2024,다다412033,to_in_001,8
2024,다다412033,to_in_007,5
2024,다다412033,to_in_008,0
2024,다다412034,to_in_001,13
2024,다다412034,to_in_007,8
2024,다다412034,to_in_008,5
2024,다다412035,to_in_001,5
2024,다다412035,to_in_007,0
2024,다다412035,to_in_008,0
2024,다다412036,to_in_001,13
2024,다다412036,to_in_007,8
2024,다다412036,to_in_008,5
2024,다다412037,to_in_001,23
2024,다다412037,to_in_007,13
2024,다다412037,to_in_008,8
2024,다다412038,to_in_001,8
2024,다다412038,to_in_007,8
2024,다다412038,to_in_008,0
2024,다다412042,to_in_001,5
2024,다다412042,to_in_007,5
2024,다다412042,to_in_008,0
2024,다다412756,to_in_001,0
2024,다다412756,to_in_007,0
2024,다다412756,to_in_008,0
2024,다다412757,to_in_001,13
2024,다다412757,to_in_007,8
2024,다다412757,to_in_008,8
2024,다다412766,to_in_001,5
2024,다다412766,to_in_007,5
2024,다다412766,to_in_008,0
2024,다다412767,to_in_001,0
2024,다다412767,to_in_007,0
2024,다다412767,to_in_008,0
2024,다다412779,to_in_001,8
2024,다다412779,to_in_007,5
2024,다다412779,to_in_008,5
2024,다다412780,to_in_001,5
2024,다다412780,to_in_007,5
2024,다다412780,to_in_008,0
2024,다다412781,to_in_001,5
2024,다다412781,to_in_007,0
2024,다다412781,to_in_008,0
2024,다다412785,to_in_001,5
2024,다다412785,to_in_007,5
2024,다다412785,to_in_008,0
2024,다다412787,to_in_001,13
2024,다다412787,to_in_007,8
2024,다다412787,to_in_008,5
2024,다다412919,to_in_001,8
2024,다다412919,to_in_007,8
2024,다다412919,to_in_008,5
2024,다다412920,to_in_001,13
2024,다다412920,to_in_007,5
2024,다다412920,to_in_008,8
2024,다다413024,to_in_001,8
2024,다다413024,to_in_007,8
2024,다다413024,to_in_008,5
2024,다다413025,to_in_001,8
2024,다다413025,to_in_007,8
2024,다다413025,to_in_008,0
2024,다다413026,to_in_001,5
2024,다다413026,to_in_007,0
2024,다다413026,to_in_008,0
2024,다다413028,to_in_001,13
2024,다다413028,to_in_007,5
2024,다다413028,to_in_008,8
2024,다다413029,to_in_001,13
2024,다다413029,to_in_007,8
2024,다다413029,to_in_008,8
2024,다다413030,to_in_001,58
2024,다다413030,to_in_007,23
2024,다다413030,to_in_008,33
2024,다다419759,to_in_001,8
2024,다다419759,to_in_007,0
2024,다다419759,to_in_008,5
2024,다다419760,to_in_001,23
2024,다다419760,to_in_007,13
2024,다다419760,to_in_008,8
2024,다다419761,to_in_001,13
2024,다다419761,to_in_007,8
2024,다다419761,to_in_008,8
2024,다다419762,to_in_001,0
2024,다다419762,to_in_007,0
2024,다다419762,to_in_008,0
2024,다다419922,to_in_001,0
2024,다다419922,to_in_007,0
2024,다다419922,to_in_008,0
2024,다다419923,to_in_001,0
2024,다다419923,to_in_007,0
2024,다다419923,to_in_008,0
2024,다다419952,to_in_001,5
2024,다다419952,to_in_007,5
2024,다다419952,to_in_008,0
2024,다다419974,to_in_001,5
2024,다다419974,to_in_007,5
2024,다다419974,to_in_008,0
2024,다다419986,to_in_001,5
2024,다다419986,to_in_007,0
2024,다다419986,to_in_008,5
2024,다다419990,to_in_001,5
2024,다다419990,to_in_007,5
2024,다다419990,to_in_008,5
2024,다다420020,to_in_001,8
2024,다다420020,to_in_007,5
2024,다다420020,to_in_008,5
2024,다다420042,to_in_001,8
2024,다다420042,to_in_007,5
2024,다다420042,to_in_008,8
2024,다다420043,to_in_001,5
2024,다다420043,to_in_007,5
2024,다다420043,to_in_008,0
2024,다다420759,to_in_001,5
2024,다다420759,to_in_007,0
2024,다다420759,to_in_008,0
2024,다다420760,to_in_001,8
2024,다다420760,to_in_007,8
2024,다다420760,to_in_008,8
2024,다다420761,to_in_001,8
2024,다다420761,to_in_007,5
2024,다다420761,to_in_008,5
2024,다다420952,to_in_001,8
2024,다다420952,to_in_007,8
2024,다다420952,to_in_008,0
2024,다다420990,to_in_001,8
2024,다다420990,to_in_007,5
2024,다다420990,to_in_008,5
2024,다다420991,to_in_001,8
2024,다다420991,to_in_007,5
2024,다다420991,to_in_008,5
2024,다다421006,to_in_001,5
2024,다다421006,to_in_007,0
2024,다다421006,to_in_008,5
2024,다다421035,to_in_001,5
2024,다다421035,to_in_007,0
2024,다다421035,to_in_008,5
2024,다다421041,to_in_001,5
2024,다다421041,to_in_007,0
2024,다다421041,to_in_008,5
2024,다다421042,to_in_001,5
2024,다다421042,to_in_007,0
2024,다다421042,to_in_008,0
2024,다다421745,to_in_001,5
2024,다다421745,to_in_007,5
2024,다다421745,to_in_008,5
2024,다다421746,to_in_001,5
2024,다다421746,to_in_007,0
2024,다다421746,to_in_008,5
2024,다다421747,to_in_001,5
2024,다다421747,to_in_007,5
2024,다다421747,to_in_008,0
2024,다다421748,to_in_001,5
2024,다다421748,to_in_007,5
2024,다다421748,to_in_008,0
2024,다다432021,to_in_001,8
2024,다다432021,to_in_007,5
2024,다다432021,to_in_008,5
2024,다다432022,to_in_001,13
2024,다다432022,to_in_007,5
2024,다다432022,to_in_008,8
2024,다다432026,to_in_001,5
2024,다다432026,to_in_007,0
2024,다다432026,to_in_008,5
2024,다다403028,to_in_008,5
2024,다다403029,to_in_001,5
2024,다다403029,to_in_007,0
2024,다다403029,to_in_008,0
2024,다다403030,to_in_001,18
2024,다다403030,to_in_007,8
2024,다다403030,to_in_008,8
2024,다다403031,to_in_001,8
2024,다다403031,to_in_007,5
2024,다다403031,to_in_008,8
2024,다다403032,to_in_001,8
2024,다다403032,to_in_007,5
2024,다다403032,to_in_008,5
2024,다다403033,to_in_001,23
2024,다다403033,to_in_007,18
2024,다다403033,to_in_008,8
2024,다다403034,to_in_001,38
2024,다다403034,to_in_007,18
2024,다다403034,to_in_008,18
2024,다다403035,to_in_001,78
2024,다다403035,to_in_007,33
2024,다다403035,to_in_008,43
2024,다다403036,to_in_001,23
2024,다다403036,to_in_007,8
2024,다다403036,to_in_008,13
2024,다다403037,to_in_001,28
2024,다다403037,to_in_007,13
2024,다다403037,to_in_008,13
2024,다다403038,to_in_001,5
2024,다다403038,to_in_007,0
2024,다다403038,to_in_008,5
2024,다다403039,to_in_001,5
2024,다다403039,to_in_007,0
2024,다다403039,to_in_008,5
2024,다다403761,to_in_001,8
2024,다다403761,to_in_007,5
2024,다다403761,to_in_008,8
2024,다다403905,to_in_001,8
2024,다다403905,to_in_007,8
2024,다다403905,to_in_008,0
2024,다다403912,to_in_001,5
2024,다다403912,to_in_007,5
2024,다다403912,to_in_008,0
2024,다다403914,to_in_001,0
2024,다다403914,to_in_007,0
2024,다다403914,to_in_008,0
2024,다다403915,to_in_001,5
2024,다다403915,to_in_007,0
2024,다다403915,to_in_008,0
2024,다다409919,to_in_001,5
2024,다다409919,to_in_007,5
2024,다다409919,to_in_008,0
2024,다다410018,to_in_001,5
2024,다다410018,to_in_007,0
2024,다다410018,to_in_008,5
2024,다다410022,to_in_001,8
2024,다다410022,to_in_007,5
2024,다다410022,to_in_008,5
2024,다다410023,to_in_001,8
2024,다다410023,to_in_007,5
2024,다다410023,to_in_008,8
2024,다다410024,to_in_001,5
2024,다다410024,to_in_007,5
2024,다다410024,to_in_008,0
2024,다다410025,to_in_001,8
2024,다다410025,to_in_007,5
2024,다다410025,to_in_008,5
2024,다다410026,to_in_001,8
2024,다다410026,to_in_007,5
2024,다다410026,to_in_008,5
2024,다다410027,to_in_001,8
2024,다다410027,to_in_007,5
2024,다다410027,to_in_008,5
2024,다다410028,to_in_001,0
2024,다다410028,to_in_007,0
2024,다다410028,to_in_008,0
2024,다다410030,to_in_001,13
2024,다다410030,to_in_007,8
2024,다다410030,to_in_008,8
2024,다다410031,to_in_001,8
2024,다다410031,to_in_007,5
2024,다다410031,to_in_008,5
2024,다다410032,to_in_001,5
2024,다다410032,to_in_007,5
2024,다다410032,to_in_008,0
2024,다다410033,to_in_001,33
2024,다다410033,to_in_007,18
2024,다다410033,to_in_008,13
2024,다다410034,to_in_001,0
2024,다다410034,to_in_007,0
2024,다다410034,to_in_008,0
2024,다다410036,to_in_001,13
2024,다다410036,to_in_007,8
2024,다다410036,to_in_008,5
2024,다다410037,to_in_001,8
2024,다다410037,to_in_007,5
2024,다다410037,to_in_008,5
2024,다다410038,to_in_001,13
2024,다다410038,to_in_007,8
2024,다다410038,to_in_008,8
2024,다다410039,to_in_001,8
2024,다다410039,to_in_007,8
2024,다다410039,to_in_008,5
2024,다다410759,to_in_001,5
2024,다다410759,to_in_007,5
2024,다다410759,to_in_008,0
2024,다다410765,to_in_001,13
2024,다다410765,to_in_007,8
2024,다다410765,to_in_008,5
2024,다다410766,to_in_001,33
2024,다다410766,to_in_007,18
2024,다다410766,to_in_008,13
2024,다다410767,to_in_001,18
2024,다다410767,to_in_007,8
2024,다다410767,to_in_008,13
2024,다다410768,to_in_001,8
2024,다다410768,to_in_007,8
2024,다다410768,to_in_008,8
2024,다다410769,to_in_001,8
2024,다다410769,to_in_007,5
2024,다다410769,to_in_008,0
2024,다다410778,to_in_001,0
2024,다다410778,to_in_007,0
2024,다다410778,to_in_008,0
2024,다다410786,to_in_001,5
2024,다다410786,to_in_007,0
2024,다다410786,to_in_008,5
2024,다다410910,to_in_001,5
2024,다다410910,to_in_007,0
2024,다다410910,to_in_008,0
2024,다다410911,to_in_001,5
2024,다다410911,to_in_007,5
2024,다다410911,to_in_008,0
2024,다다410921,to_in_001,5
2024,다다410921,to_in_007,5
2024,다다410921,to_in_008,0
2024,다다410944,to_in_001,5
2024,다다410944,to_in_007,0
2024,다다410944,to_in_008,5
2024,다다410946,to_in_001,0
2024,다다410946,to_in_007,0
2024,다다410946,to_in_008,0
2024,다다410947,to_in_001,13
2024,다다410947,to_in_007,13
2024,다다410947,to_in_008,0
2024,다다410999,to_in_001,5
2024,다다410999,to_in_007,0
2024,다다410999,to_in_008,5
2024,다다411022,to_in_001,5
2024,다다411022,to_in_007,5
2024,다다411022,to_in_008,5
2024,다다411024,to_in_001,5
2024,다다411024,to_in_007,5
2024,다다411024,to_in_008,0
2024,다다411025,to_in_001,0
2024,다다411025,to_in_007,0
2024,다다411025,to_in_008,0
2024,다다411026,to_in_001,28
2024,다다411026,to_in_007,18
2024,다다411026,to_in_008,13
2024,다다411027,to_in_001,18
2024,다다411027,to_in_007,8
2024,다다411027,to_in_008,13
2024,다다411028,to_in_001,13
2024,다다411028,to_in_007,8
2024,다다411028,to_in_008,5
2024,다다411029,to_in_001,13
2024,다다411029,to_in_007,8
2024,다다411029,to_in_008,5
2024,다다411032,to_in_001,28
2024,다다411032,to_in_007,13
2024,다다411032,to_in_008,13
2024,다다411033,to_in_001,5
2024,다다411033,to_in_007,5
2024,다다411033,to_in_008,5
2024,다다411034,to_in_001,5
2024,다다411034,to_in_007,5
2024,다다411034,to_in_008,5
2024,다다411036,to_in_001,13
2024,다다411036,to_in_007,8
2024,다다411036,to_in_008,8
2024,다다411037,to_in_001,23
2024,다다411037,to_in_007,13
2024,다다411037,to_in_008,13
2024,다다411038,to_in_001,8
2024,다다411038,to_in_007,5
2024,다다411038,to_in_008,5
2024,다다427038,to_in_001,13
2024,다다427038,to_in_007,8
2024,다다427038,to_in_008,5
2024,다다427039,to_in_001,13
2024,다다427039,to_in_007,8
2024,다다427039,to_in_008,5
2024,다다427040,to_in_001,8
2024,다다427040,to_in_007,5
2024,다다427040,to_in_008,0
2024,다다427747,to_in_001,5
2024,다다427747,to_in_007,0
2024,다다427747,to_in_008,0
2024,다다427748,to_in_001,8
2024,다다427748,to_in_007,5
2024,다다427748,to_in_008,5
2024,다다427749,to_in_001,8
2024,다다427749,to_in_007,5
2024,다다427749,to_in_008,5
2024,다다427926,to_in_001,8
2024,다다427926,to_in_007,8
2024,다다427926,to_in_008,5
2024,다다427927,to_in_001,13
2024,다다427927,to_in_007,8
2024,다다427927,to_in_008,0
2024,다다427928,to_in_001,5
2024,다다427928,to_in_007,5
2024,다다427928,to_in_008,0
2024,다다427929,to_in_001,8
2024,다다427929,to_in_007,5
2024,다다427929,to_in_008,5
2024,다다427930,to_in_001,5
2024,다다427930,to_in_007,5
2024,다다427930,to_in_008,0
2024,다다427939,to_in_001,5
2024,다다427939,to_in_007,5
2024,다다427939,to_in_008,0
2024,다다428016,to_in_001,13
2024,다다428016,to_in_007,5
2024,다다428016,to_in_008,8
2024,다다428027,to_in_001,8
2024,다다428027,to_in_007,5
2024,다다428027,to_in_008,5
2024,다다428028,to_in_001,8
2024,다다428028,to_in_007,5
2024,다다428028,to_in_008,8
2024,다다428029,to_in_001,8
2024,다다428029,to_in_007,5
2024,다다428029,to_in_008,5
2024,다다428030,to_in_001,13
2024,다다428030,to_in_007,8
2024,다다428030,to_in_008,13
2024,다다428031,to_in_001,23
2024,다다428031,to_in_007,13
2024,다다428031,to_in_008,13
2024,다다428032,to_in_001,24
2024,다다428032,to_in_007,14
2024,다다428032,to_in_008,8
2024,다다428033,to_in_001,8
2024,다다428033,to_in_007,8
2024,다다428033,to_in_008,5
2024,다다428034,to_in_001,18
2024,다다428034,to_in_007,8
2024,다다428034,to_in_008,8
2024,다다428035,to_in_001,23
2024,다다428035,to_in_007,13
2024,다다428035,to_in_008,8
2024,다다428036,to_in_001,13
2024,다다428036,to_in_007,8
2024,다다428036,to_in_008,8
2024,다다428038,to_in_001,8
2024,다다428038,to_in_007,5
2024,다다428038,to_in_008,8
2024,다다428040,to_in_001,8
2024,다다428040,to_in_007,5
2024,다다428040,to_in_008,8
2024,다다428923,to_in_001,5
2024,다다428923,to_in_007,0
2024,다다428923,to_in_008,0
2024,다다433761,to_in_001,5
2024,다다433761,to_in_007,0
2024,다다433761,to_in_008,5
2024,다다433768,to_in_001,5
2024,다다433768,to_in_007,5
2024,다다433768,to_in_008,5
2024,다다433799,to_in_001,8
2024,다다433799,to_in_007,5
2024,다다433799,to_in_008,5
2024,다다433800,to_in_001,8
2024,다다433800,to_in_007,5
2024,다다433800,to_in_008,5
2024,다다433801,to_in_001,5
2024,다다433801,to_in_007,5
2024,다다433801,to_in_008,0
2024,다다433802,to_in_001,0
2024,다다433802,to_in_007,0
2024,다다433802,to_in_008,0
2024,다다434001,to_in_001,8
2024,다다434001,to_in_007,5
2024,다다434001,to_in_008,8
2024,다다434002,to_in_001,5
2024,다다434002,to_in_007,5
2024,다다434002,to_in_008,0
2024,다다434017,to_in_001,5
2024,다다434017,to_in_007,5
2024,다다434017,to_in_008,0
2024,다다434023,to_in_001,8
2024,다다390043,to_in_008,8
2024,다다390044,to_in_001,13
2024,다다390044,to_in_007,8
2024,다다390044,to_in_008,8
2024,다다390045,to_in_001,13
2024,다다390045,to_in_007,5
2024,다다390045,to_in_008,8
2024,다다390046,to_in_001,13
2024,다다390046,to_in_007,8
2024,다다390046,to_in_008,8
2024,다다390047,to_in_001,8
2024,다다390047,to_in_007,5
2024,다다390047,to_in_008,5
2024,다다390048,to_in_001,5
2024,다다390048,to_in_007,5
2024,다다390048,to_in_008,0
2024,다다390903,to_in_001,8
2024,다다390903,to_in_007,5
2024,다다390903,to_in_008,5
2024,다다390958,to_in_001,8
2024,다다390958,to_in_007,8
2024,다다390958,to_in_008,0
2024,다다391020,to_in_001,0
2024,다다391020,to_in_007,0
2024,다다391020,to_in_008,0
2024,다다391029,to_in_001,8
2024,다다391029,to_in_007,5
2024,다다391029,to_in_008,5
2024,다다391034,to_in_001,5
2024,다다391034,to_in_007,0
2024,다다391034,to_in_008,5
2024,다다391035,to_in_001,18
2024,다다391035,to_in_007,8
2024,다다391035,to_in_008,8
2024,다다391036,to_in_001,23
2024,다다391036,to_in_007,13
2024,다다391036,to_in_008,8
2024,다다391041,to_in_001,5
2024,다다391041,to_in_007,0
2024,다다391041,to_in_008,5
2024,다다391042,to_in_001,0
2024,다다391042,to_in_007,0
2024,다다391042,to_in_008,0
2024,다다391043,to_in_001,5
2024,다다391043,to_in_007,5
2024,다다391043,to_in_008,0
2024,다다391044,to_in_001,8
2024,다다391044,to_in_007,5
2024,다다391044,to_in_008,8
2024,다다391045,to_in_001,5
2024,다다391045,to_in_007,5
2024,다다391045,to_in_008,5
2024,다다391046,to_in_001,8
2024,다다391046,to_in_007,5
2024,다다391046,to_in_008,5
2024,다다391047,to_in_001,8
2024,다다391047,to_in_007,5
2024,다다391047,to_in_008,5
2024,다다391904,to_in_001,5
2024,다다391904,to_in_007,0
2024,다다391904,to_in_008,0
2024,다다392009,to_in_001,0
2024,다다392009,to_in_007,0
2024,다다392009,to_in_008,0
2024,다다392031,to_in_001,0
2024,다다392031,to_in_007,0
2024,다다392031,to_in_008,0
2024,다다392032,to_in_001,8
2024,다다392032,to_in_007,5
2024,다다392032,to_in_008,8
2024,다다392033,to_in_001,8
2024,다다392033,to_in_007,8
2024,다다392033,to_in_008,5
2024,다다392034,to_in_001,5
2024,다다392034,to_in_007,0
2024,다다392034,to_in_008,0
2024,다다392035,to_in_001,5
2024,다다392035,to_in_007,0
2024,다다392035,to_in_008,5
2024,다다392036,to_in_001,23
2024,다다392036,to_in_007,18
2024,다다392036,to_in_008,8
2024,다다392037,to_in_001,0
2024,다다392037,to_in_007,0
2024,다다392037,to_in_008,0
2024,다다407767,to_in_001,8
2024,다다407767,to_in_007,5
2024,다다407767,to_in_008,8
2024,다다407909,to_in_001,5
2024,다다407909,to_in_007,5
2024,다다407909,to_in_008,0
2024,다다407910,to_in_001,5
2024,다다407910,to_in_007,5
2024,다다407910,to_in_008,5
2024,다다407919,to_in_001,8
2024,다다407919,to_in_007,8
2024,다다407919,to_in_008,5
2024,다다407948,to_in_001,5
2024,다다407948,to_in_007,0
2024,다다407948,to_in_008,0
2024,다다407952,to_in_001,8
2024,다다407952,to_in_007,8
2024,다다407952,to_in_008,0
2024,다다407954,to_in_001,8
2024,다다407954,to_in_007,8
2024,다다407954,to_in_008,5
2024,다다408025,to_in_001,5
2024,다다408025,to_in_007,0
2024,다다408025,to_in_008,0
2024,다다408029,to_in_001,8
2024,다다408029,to_in_007,8
2024,다다408029,to_in_008,5
2024,다다408030,to_in_001,5
2024,다다408030,to_in_007,0
2024,다다408030,to_in_008,0
2024,다다408033,to_in_001,18
2024,다다408033,to_in_007,8
2024,다다408033,to_in_008,13
2024,다다408034,to_in_001,5
2024,다다408034,to_in_007,5
2024,다다408034,to_in_008,5
2024,다다408035,to_in_001,5
2024,다다408035,to_in_007,0
2024,다다408035,to_in_008,5
2024,다다408036,to_in_001,8
2024,다다408036,to_in_007,8
2024,다다408036,to_in_008,5
2024,다다408037,to_in_001,8
2024,다다408037,to_in_007,5
2024,다다408037,to_in_008,5
2024,다다408038,to_in_001,13
2024,다다408038,to_in_007,5
2024,다다408038,to_in_008,8
2024,다다408757,to_in_001,5
2024,다다408757,to_in_007,0
2024,다다408757,to_in_008,5
2024,다다408758,to_in_001,18
2024,다다408758,to_in_007,13
2024,다다408758,to_in_008,8
2024,다다408759,to_in_001,13
2024,다다408759,to_in_007,8
2024,다다408759,to_in_008,8
2024,다다408760,to_in_001,8
2024,다다408760,to_in_007,5
2024,다다408760,to_in_008,8
2024,다다408761,to_in_001,5
2024,다다408761,to_in_007,0
2024,다다408761,to_in_008,5
2024,다다408762,to_in_001,5
2024,다다408762,to_in_007,5
2024,다다408762,to_in_008,0
2024,다다408763,to_in_001,5
2024,다다408763,to_in_007,5
2024,다다408763,to_in_008,0
2024,다다408764,to_in_001,38
2024,다다408764,to_in_007,23
2024,다다408764,to_in_008,18
2024,다다408765,to_in_001,73
2024,다다408765,to_in_007,48
2024,다다408765,to_in_008,28
2024,다다408766,to_in_001,80
2024,다다408766,to_in_007,50
2024,다다408766,to_in_008,28
2024,다다413031,to_in_001,55
2024,다다413031,to_in_007,23
2024,다다413031,to_in_008,35
2024,다다413033,to_in_001,13
2024,다다413033,to_in_007,8
2024,다다413033,to_in_008,8
2024,다다413034,to_in_001,8
2024,다다413034,to_in_007,8
2024,다다413034,to_in_008,8
2024,다다413035,to_in_001,8
2024,다다413035,to_in_007,5
2024,다다413035,to_in_008,5
2024,다다413036,to_in_001,5
2024,다다413036,to_in_007,0
2024,다다413036,to_in_008,5
2024,다다413037,to_in_001,8
2024,다다413037,to_in_007,8
2024,다다413037,to_in_008,5
2024,다다413040,to_in_001,8
2024,다다413040,to_in_007,5
2024,다다413040,to_in_008,5
2024,다다413041,to_in_001,8
2024,다다413041,to_in_007,5
2024,다다413041,to_in_008,5
2024,다다413756,to_in_001,13
2024,다다413756,to_in_007,8
2024,다다413756,to_in_008,8
2024,다다413757,to_in_001,18
2024,다다413757,to_in_007,8
2024,다다413757,to_in_008,8
2024,다다413758,to_in_001,0
2024,다다413758,to_in_007,0
2024,다다413758,to_in_008,0
2024,다다413766,to_in_001,18
2024,다다413766,to_in_007,13
2024,다다413766,to_in_008,8
2024,다다413778,to_in_001,8
2024,다다413778,to_in_007,5
2024,다다413778,to_in_008,5
2024,다다413779,to_in_001,8
2024,다다413779,to_in_007,5
2024,다다413779,to_in_008,5
2024,다다413780,to_in_001,8
2024,다다413780,to_in_007,5
2024,다다413780,to_in_008,0
2024,다다413784,to_in_001,8
2024,다다413784,to_in_007,8
2024,다다413784,to_in_008,0
2024,다다413918,to_in_001,28
2024,다다413918,to_in_007,18
2024,다다413918,to_in_008,8
2024,다다413919,to_in_001,0
2024,다다413919,to_in_007,0
2024,다다413919,to_in_008,0
2024,다다413949,to_in_001,8
2024,다다413949,to_in_007,8
2024,다다413949,to_in_008,0
2024,다다413999,to_in_001,5
2024,다다413999,to_in_007,5
2024,다다413999,to_in_008,5
2024,다다414029,to_in_001,0
2024,다다414029,to_in_007,0
2024,다다414029,to_in_008,0
2024,다다414032,to_in_001,8
2024,다다414032,to_in_007,8
2024,다다414032,to_in_008,5
2024,다다414033,to_in_001,13
2024,다다414033,to_in_007,8
2024,다다414033,to_in_008,8
2024,다다414035,to_in_001,5
2024,다다414035,to_in_007,5
2024,다다414035,to_in_008,5
2024,다다414037,to_in_001,0
2024,다다414037,to_in_007,0
2024,다다414037,to_in_008,0
2024,다다414041,to_in_001,8
2024,다다414041,to_in_007,5
2024,다다414041,to_in_008,5
2024,다다414042,to_in_001,5
2024,다다414042,to_in_007,0
2024,다다414042,to_in_008,5
2024,다다414756,to_in_001,5
2024,다다414756,to_in_007,5
2024,다다414756,to_in_008,5
2024,다다414757,to_in_001,18
2024,다다414757,to_in_007,13
2024,다다414757,to_in_008,8
2024,다다425748,to_in_001,8
2024,다다425748,to_in_007,5
2024,다다425748,to_in_008,5
2024,다다425749,to_in_001,0
2024,다다425749,to_in_007,0
2024,다다425749,to_in_008,0
2024,다다425926,to_in_001,5
2024,다다425926,to_in_007,5
2024,다다425926,to_in_008,5
2024,다다425948,to_in_001,5
2024,다다425948,to_in_007,5
2024,다다425948,to_in_008,0
2024,다다426010,to_in_001,5
2024,다다426010,to_in_007,5
2024,다다426010,to_in_008,5
2024,다다426031,to_in_001,5
2024,다다426031,to_in_007,0
2024,다다426031,to_in_008,0
2024,다다426033,to_in_001,0
2024,다다426033,to_in_007,0
2024,다다426033,to_in_008,0
2024,다다426034,to_in_001,23
2024,다다426034,to_in_007,18
2024,다다426034,to_in_008,8
2024,다다426035,to_in_001,8
2024,다다426035,to_in_007,8
2024,다다426035,to_in_008,5
2024,다다426039,to_in_001,8
2024,다다426039,to_in_007,5
2024,다다426039,to_in_008,8
2024,다다426040,to_in_001,8
2024,다다426040,to_in_007,5
2024,다다426040,to_in_008,5
2024,다다426041,to_in_001,5
2024,다다426041,to_in_007,5
2024,다다426041,to_in_008,5
2024,다다426748,to_in_001,0
2024,다다426748,to_in_007,0
2024,다다426748,to_in_008,0
2024,다다426749,to_in_001,0
2024,다다426749,to_in_007,0
2024,다다426749,to_in_008,0
2024,다다426922,to_in_001,5
2024,다다429040,to_in_007,8
2024,다다429040,to_in_008,5
2024,다다429737,to_in_001,5
2024,다다429737,to_in_007,0
2024,다다429737,to_in_008,0
2024,다다429738,to_in_001,5
2024,다다429738,to_in_007,0
2024,다다429738,to_in_008,5
2024,다다429912,to_in_001,5
2024,다다429912,to_in_007,5
2024,다다429912,to_in_008,0
2024,다다429926,to_in_001,5
2024,다다429926,to_in_007,5
2024,다다429926,to_in_008,5
2024,다다429930,to_in_001,18
2024,다다429930,to_in_007,8
2024,다다429930,to_in_008,8
2024,다다429931,to_in_001,23
2024,다다429931,to_in_007,18
2024,다다429931,to_in_008,8
2024,다다429932,to_in_001,18
2024,다다429932,to_in_007,13
2024,다다429932,to_in_008,8
2024,다다429933,to_in_001,23
2024,다다429933,to_in_007,13
2024,다다429933,to_in_008,8
2024,다다429934,to_in_001,8
2024,다다429934,to_in_007,5
2024,다다429934,to_in_008,5
2024,다다429937,to_in_001,5
2024,다다429937,to_in_007,0
2024,다다429937,to_in_008,5
2024,다다429938,to_in_001,8
2024,다다429938,to_in_007,8
2024,다다429938,to_in_008,5
2024,다다430026,to_in_001,8
2024,다다430026,to_in_007,5
2024,다다430026,to_in_008,5
2024,다다430027,to_in_001,13
2024,다다430027,to_in_007,8
2024,다다430027,to_in_008,8
2024,다다430028,to_in_001,18
2024,다다430028,to_in_007,8
2024,다다430028,to_in_008,8
2024,다다430029,to_in_001,18
2024,다다430029,to_in_007,8
2024,다다430029,to_in_008,13
2024,다다430030,to_in_001,23
2024,다다430030,to_in_007,13
2024,다다430030,to_in_008,8
2024,다다430031,to_in_001,13
2024,다다430031,to_in_007,13
2024,다다430031,to_in_008,5
2024,다다430032,to_in_001,13
2024,다다430032,to_in_007,8
2024,다다430032,to_in_008,8
2024,다다430033,to_in_001,18
2024,다다430033,to_in_007,8
2024,다다430033,to_in_008,8
2024,다다430034,to_in_001,5
2024,다다430034,to_in_007,5
2024,다다430034,to_in_008,0
2024,다다430040,to_in_001,0
2024,다다430040,to_in_007,0
2024,다다430040,to_in_008,0
2024,다다430736,to_in_001,8
2024,다다430736,to_in_007,5
2024,다다430736,to_in_008,5
2024,다다430737,to_in_001,8
2024,다다430737,to_in_007,5
2024,다다430737,to_in_008,5
2024,다다430738,to_in_001,0
2024,다다430738,to_in_007,0
2024,다다430738,to_in_008,0
2024,다다430924,to_in_001,8
2024,다다430924,to_in_007,8
2024,다다430924,to_in_008,5
2024,다다430925,to_in_001,5
2024,다다430925,to_in_007,5
2024,다다430925,to_in_008,0
2024,다다430932,to_in_001,23
2024,다다430932,to_in_007,13
2024,다다430932,to_in_008,8
2024,다다452007,to_in_001,23
2024,다다452007,to_in_007,13
2024,다다452007,to_in_008,8
2024,다다452009,to_in_001,0
2024,다다452009,to_in_007,0
2024,다다452009,to_in_008,0
2024,다다452760,to_in_001,8
2024,다다452760,to_in_007,0
2024,다다452760,to_in_008,5
2024,다다452761,to_in_001,23
2024,다다452761,to_in_007,13
2024,다다452761,to_in_008,8
2024,다다452762,to_in_001,5
2024,다다452762,to_in_007,0
2024,다다452762,to_in_008,5
2024,다다452768,to_in_001,5
2024,다다452768,to_in_007,5
2024,다다452768,to_in_008,5
2024,다다452769,to_in_001,23
2024,다다452769,to_in_007,13
2024,다다452769,to_in_008,8
2024,다다452770,to_in_001,5
2024,다다452770,to_in_007,0
2024,다다452770,to_in_008,5
2024,다다452969,to_in_001,5
2024,다다452969,to_in_007,0
2024,다다452969,to_in_008,5
2024,다다452970,to_in_001,5
2024,다다452970,to_in_007,0
2024,다다452970,to_in_008,5
2024,다다452997,to_in_001,5
2024,다다452997,to_in_007,0
2024,다다452997,to_in_008,0
2024,다다453008,to_in_001,5
2024,다다453008,to_in_007,5
2024,다다453008,to_in_008,0
2024,다다453011,to_in_001,0
2024,다다453011,to_in_007,0
2024,다다453011,to_in_008,0
2024,다다453012,to_in_001,8
2024,다다453012,to_in_007,8
2024,다다453012,to_in_008,5
2024,다다453013,to_in_001,5
2024,다다453013,to_in_007,0
2024,다다430935,to_in_001,18
2024,다다430935,to_in_007,13
2024,다다430935,to_in_008,8
2024,다다430936,to_in_001,5
2024,다다430936,to_in_007,0
2024,다다430936,to_in_008,5
2024,다다430937,to_in_001,8
2024,다다430937,to_in_007,5
2024,다다430937,to_in_008,5
2024,다다431000,to_in_001,5
2024,다다431000,to_in_007,0
2024,다다431000,to_in_008,0
2024,다다431012,to_in_001,0
2024,다다431012,to_in_007,0
2024,다다431012,to_in_008,0
2024,다다431019,to_in_001,8
2024,다다431019,to_in_007,5
2024,다다431019,to_in_008,5
2024,다다431020,to_in_001,18
2024,다다431020,to_in_007,8
2024,다다431020,to_in_008,8
2024,다다431021,to_in_001,0
2024,다다431021,to_in_007,0
2024,다다431021,to_in_008,0
2024,다다431026,to_in_001,8
2024,다다431026,to_in_007,5
2024,다다431026,to_in_008,8
2024,다다431028,to_in_001,18
2024,다다431028,to_in_007,8
2024,다다431028,to_in_008,8
2024,다다431030,to_in_001,13
2024,다다431030,to_in_007,8
2024,다다431030,to_in_008,8
2024,다다431031,to_in_001,13
2024,다다431031,to_in_007,8
2024,다다431031,to_in_008,5
2024,다다431032,to_in_001,0
2024,다다431032,to_in_007,0
2024,다다431032,to_in_008,0
2024,다다431033,to_in_001,8
2024,다다431033,to_in_007,0
2024,다다431033,to_in_008,8
2024,다다431040,to_in_001,5
2024,다다431040,to_in_007,0
2024,다다431040,to_in_008,0
2024,다다431735,to_in_001,5
2024,다다431735,to_in_007,0
2024,다다431735,to_in_008,5
2024,다다431737,to_in_001,8
2024,다다431737,to_in_007,5
2024,다다431737,to_in_008,8
2024,다다431738,to_in_001,5
2024,다다431738,to_in_007,0
2024,다다431738,to_in_008,5
2024,다다431739,to_in_001,8
2024,다다431739,to_in_007,8
2024,다다431739,to_in_008,5
2024,다다431923,to_in_001,8
2024,다다431923,to_in_007,8
2024,다다431923,to_in_008,0
2024,다다431933,to_in_001,36
2024,다다431933,to_in_007,26
2024,다다431933,to_in_008,13
2024,다다431934,to_in_001,8
2024,다다431934,to_in_007,8
2024,다다431934,to_in_008,5
2024,다다432004,to_in_001,5
2024,다다432004,to_in_007,5
2024,다다432004,to_in_008,0
2024,다다432020,to_in_001,5
2024,다다432020,to_in_007,0
2024,다다432020,to_in_008,0
2024,다다438994,to_in_001,5
2024,다다438994,to_in_007,5
2024,다다438994,to_in_008,5
2024,다다438995,to_in_001,5
2024,다다438995,to_in_007,0
2024,다다438995,to_in_008,0
2024,다다439000,to_in_001,0
2024,다다439000,to_in_007,0
2024,다다439000,to_in_008,0
2024,다다439001,to_in_001,13
2024,다다439001,to_in_007,8
2024,다다439001,to_in_008,8
2024,다다439002,to_in_001,8
2024,다다439002,to_in_007,8
2024,다다439002,to_in_008,5
2024,다다439003,to_in_001,23
2024,다다439003,to_in_007,13
2024,다다439003,to_in_008,13
2024,다다439004,to_in_001,5
2024,다다439004,to_in_007,5
2024,다다439004,to_in_008,0
2024,다다439005,to_in_001,8
2024,다다439005,to_in_007,5
2024,다다439005,to_in_008,5
2024,다다439027,to_in_001,0
2024,다다439027,to_in_007,0
2024,다다439027,to_in_008,0
2024,다다439034,to_in_001,5
2024,다다439034,to_in_007,5
2024,다다439034,to_in_008,5
2024,다다439035,to_in_001,0
2024,다다439035,to_in_007,0
2024,다다439035,to_in_008,0
2024,다다439756,to_in_001,18
2024,다다439756,to_in_007,8
2024,다다439756,to_in_008,8
2024,다다439757,to_in_001,5
2024,다다439757,to_in_007,0
2024,다다439757,to_in_008,5
2024,다다439765,to_in_001,5
2024,다다439765,to_in_007,5
2024,다다439765,to_in_008,0
2024,다다439935,to_in_001,8
2024,다다439935,to_in_007,5
2024,다다439935,to_in_008,5
2024,다다439943,to_in_001,8
2024,다다439943,to_in_007,8
2024,다다439943,to_in_008,0
2024,다다439944,to_in_001,5
2024,다다439944,to_in_007,5
2024,다다439944,to_in_008,5
2024,다다439975,to_in_001,5
2024,다다439975,to_in_007,0
2024,다다439975,to_in_008,5
2024,다다439976,to_in_001,5
2024,다다439976,to_in_007,5
2024,다다439976,to_in_008,5
2024,다다439977,to_in_001,8
2024,다다439977,to_in_007,5
2024,다다439977,to_in_008,5
2024,다다439978,to_in_001,0
2024,다다439978,to_in_007,0
2024,다다439978,to_in_008,0
2024,다다439979,to_in_001,5
2024,다다439979,to_in_007,0
2024,다다439979,to_in_008,5
2024,다다439989,to_in_001,8
2024,다다439989,to_in_007,5
2024,다다439989,to_in_008,5
2024,다다439990,to_in_001,8
2024,다다439990,to_in_007,5
2024,다다439990,to_in_008,5
2024,다다439991,to_in_001,13
2024,다다439991,to_in_007,8
2024,다다439991,to_in_008,5
2024,다다439994,to_in_001,8
2024,다다439994,to_in_007,5
2024,다다439994,to_in_008,8
2024,다다439995,to_in_001,8
2024,다다439995,to_in_007,8
2024,다다439995,to_in_008,5
2024,다다440000,to_in_001,5
2024,다다440000,to_in_007,5
2024,다다440000,to_in_008,5
2024,다다440001,to_in_001,23
2024,다다440001,to_in_007,13
2024,다다440001,to_in_008,13
2024,다다440002,to_in_001,8
2024,다다440002,to_in_007,5
2024,다다440002,to_in_008,8
2024,다다440003,to_in_001,8
2024,다다440003,to_in_007,5
2024,다다440003,to_in_008,5
2024,다다440004,to_in_001,8
2024,다다440004,to_in_007,0
2024,다다440004,to_in_008,8
2024,다다440005,to_in_001,18
2024,다다440005,to_in_007,8
2024,다다440005,to_in_008,13
2024,다다440024,to_in_001,5
2024,다다440024,to_in_007,0
2024,다다440024,to_in_008,5
2024,다다440025,to_in_001,8
2024,다다440025,to_in_007,5
2024,다다440025,to_in_008,5
2024,다다440030,to_in_001,5
2024,다다440030,to_in_007,5
2024,다다440030,to_in_008,0
2024,다다440034,to_in_001,5
2024,다다440034,to_in_007,5
2024,다다440034,to_in_008,5
2024,다다440035,to_in_001,0
2024,다다440035,to_in_007,0
2024,다다440035,to_in_008,0
2024,다다440756,to_in_001,5
2024,다다440756,to_in_007,5
2024,다다440756,to_in_008,5
2024,다다440757,to_in_001,13
2024,다다440757,to_in_007,5
2024,다다440757,to_in_008,8
2024,다다440764,to_in_001,8
2024,다다440764,to_in_007,5
2024,다다440764,to_in_008,5
2024,다다440765,to_in_001,8
2024,다다440765,to_in_007,5
2024,다다440765,to_in_008,5
2024,다다440766,to_in_001,8
2024,다다440766,to_in_007,5
2024,다다440766,to_in_008,5
2024,다다440767,to_in_001,5
2024,다다440767,to_in_007,0
2024,다다440767,to_in_008,0
2024,다다440768,to_in_001,0
2024,다다440768,to_in_007,0
2024,다다440768,to_in_008,0
2024,다다440940,to_in_001,5
2024,다다440940,to_in_007,5
2024,다다440940,to_in_008,0
2024,다다441756,to_in_001,13
2024,다다441756,to_in_007,8
2024,다다441756,to_in_008,5
2024,다다441757,to_in_001,13
2024,다다441757,to_in_007,8
2024,다다441757,to_in_008,8
2024,다다441765,to_in_001,5
2024,다다441765,to_in_007,0
2024,다다441765,to_in_008,0
2024,다다441766,to_in_001,8
2024,다다441766,to_in_007,5
2024,다다441766,to_in_008,5
2024,다다441767,to_in_001,8
2024,다다441767,to_in_007,5
2024,다다441767,to_in_008,5
2024,다다441768,to_in_001,5
2024,다다441768,to_in_007,5
2024,다다441768,to_in_008,0
2024,다다441939,to_in_001,5
2024,다다441939,to_in_007,5
2024,다다441939,to_in_008,0
2024,다다441965,to_in_001,18
2024,다다441965,to_in_007,13
2024,다다441965,to_in_008,5
2024,다다441967,to_in_001,8
2024,다다441967,to_in_007,5
2024,다다441967,to_in_008,5
2024,다다441968,to_in_001,8
2024,다다441968,to_in_007,5
2024,다다441968,to_in_008,5
2024,다다441976,to_in_001,5
2024,다다441976,to_in_007,0
2024,다다441976,to_in_008,0
2024,다다441986,to_in_001,5
2024,다다441986,to_in_007,0
2024,다다441986,to_in_008,0
2024,다다441987,to_in_001,8
2024,다다441987,to_in_007,5
2024,다다441987,to_in_008,5
2024,다다441989,to_in_001,8
2024,다다441989,to_in_007,5
2024,다다441989,to_in_008,5
2024,다다441990,to_in_001,0
2024,다다441990,to_in_007,0
2024,다다441990,to_in_008,0
2024,다다441991,to_in_001,5
2024,다다441991,to_in_007,5
2024,다다441991,to_in_008,0
2024,다다441998,to_in_001,18
2024,다다441998,to_in_007,8
2024,다다441998,to_in_008,8
2024,다다441999,to_in_001,5
2024,다다441999,to_in_007,5
2024,다다441999,to_in_008,5
2024,다다442000,to_in_001,8
2024,다다442000,to_in_007,5
2024,다다442000,to_in_008,5
2024,다다442001,to_in_001,8
2024,다다442001,to_in_007,5
2024,다다442001,to_in_008,5
2024,다다442002,to_in_001,28
2024,다다442002,to_in_007,13
2024,다다442002,to_in_008,13
2024,다다442003,to_in_001,43
2024,다다442003,to_in_007,23
2024,다다442003,to_in_008,23
2024,다다442004,to_in_001,43
2024,다다442004,to_in_007,18
2024,다다442004,to_in_008,23
2024,다다442005,to_in_001,38
2024,다다442005,to_in_007,18
2024,다다442005,to_in_008,18
2024,다다442006,to_in_001,8
2024,다다442006,to_in_007,5
2024,다다442006,to_in_008,5
2024,다다442020,to_in_001,5
2024,다다442020,to_in_007,0
2024,다다442020,to_in_008,0
2024,다다455771,to_in_001,8
2024,다다455771,to_in_007,8
2024,다다455771,to_in_008,0
2024,다다455777,to_in_001,5
2024,다다455777,to_in_007,0
2024,다다432027,to_in_001,0
2024,다다432027,to_in_007,0
2024,다다432027,to_in_008,0
2024,다다432028,to_in_001,8
2024,다다432028,to_in_007,5
2024,다다432028,to_in_008,5
2024,다다432032,to_in_001,8
2024,다다432032,to_in_007,8
2024,다다432032,to_in_008,5
2024,다다432034,to_in_001,5
2024,다다432034,to_in_007,5
2024,다다432034,to_in_008,5
2024,다다432037,to_in_001,8
2024,다다432037,to_in_007,8
2024,다다432037,to_in_008,5
2024,다다432039,to_in_001,5
2024,다다432039,to_in_007,5
2024,다다432039,to_in_008,5
2024,다다432040,to_in_001,5
2024,다다432040,to_in_007,0
2024,다다432040,to_in_008,5
2024,다다432738,to_in_001,5
2024,다다432738,to_in_007,5
2024,다다432738,to_in_008,5
2024,다다432739,to_in_001,13
2024,다다432739,to_in_007,8
2024,다다432739,to_in_008,5
2024,다다432799,to_in_001,5
2024,다다432799,to_in_007,5
2024,다다432799,to_in_008,5
2024,다다432800,to_in_001,13
2024,다다432800,to_in_007,8
2024,다다432800,to_in_008,5
2024,다다432938,to_in_001,8
2024,다다432938,to_in_007,5
2024,다다432938,to_in_008,5
2024,다다432939,to_in_001,5
2024,다다432939,to_in_007,5
2024,다다432939,to_in_008,0
2024,다다432995,to_in_001,5
2024,다다432995,to_in_007,0
2024,다다432995,to_in_008,5
2024,다다432996,to_in_001,5
2024,다다432996,to_in_007,0
2024,다다432996,to_in_008,5
2024,다다433012,to_in_001,13
2024,다다433012,to_in_007,8
2024,다다433012,to_in_008,5
2024,다다433013,to_in_001,5
2024,다다433013,to_in_007,0
2024,다다433013,to_in_008,5
2024,다다433021,to_in_001,8
2024,다다433021,to_in_007,5
2024,다다433021,to_in_008,5
2024,다다433023,to_in_001,5
2024,다다433023,to_in_007,5
2024,다다433023,to_in_008,5
2024,다다433025,to_in_001,0
2024,다다433025,to_in_007,0
2024,다다433025,to_in_008,0
2024,다다433034,to_in_001,8
2024,다다433034,to_in_007,5
2024,다다433034,to_in_008,5
2024,다다433039,to_in_001,5
2024,다다433039,to_in_007,5
2024,다다433039,to_in_008,0
2024,다다433040,to_in_001,5
2024,다다433040,to_in_007,5
2024,다다433040,to_in_008,0
2024,다다436987,to_in_001,5
2024,다다436987,to_in_007,5
2024,다다436987,to_in_008,0
2024,다다436988,to_in_001,5
2024,다다436988,to_in_007,0
2024,다다436988,to_in_008,0
2024,다다437002,to_in_001,8
2024,다다437002,to_in_007,8
2024,다다437002,to_in_008,5
2024,다다437004,to_in_001,0
2024,다다437004,to_in_007,0
2024,다다437004,to_in_008,0
2024,다다437023,to_in_001,8
2024,다다437023,to_in_007,5
2024,다다437023,to_in_008,5
2024,다다437024,to_in_001,5
2024,다다437024,to_in_007,5
2024,다다437024,to_in_008,0
2024,다다437030,to_in_001,5
2024,다다437030,to_in_007,5
2024,다다437030,to_in_008,0
2024,다다437031,to_in_001,13
2024,다다437031,to_in_007,8
2024,다다437031,to_in_008,8
2024,다다437032,to_in_001,0
2024,다다437032,to_in_007,0
2024,다다437032,to_in_008,0
2024,다다437035,to_in_001,5
2024,다다437035,to_in_007,5
2024,다다437035,to_in_008,0
2024,다다437038,to_in_001,5
2024,다다437038,to_in_007,5
2024,다다437038,to_in_008,0
2024,다다437763,to_in_001,0
2024,다다437763,to_in_007,0
2024,다다437763,to_in_008,0
2024,다다437764,to_in_001,8
2024,다다437764,to_in_007,5
2024,다다437764,to_in_008,5
2024,다다437936,to_in_001,8
2024,다다437936,to_in_007,8
2024,다다437936,to_in_008,5
2024,다다437970,to_in_001,0
2024,다다437970,to_in_007,0
2024,다다437970,to_in_008,0
2024,다다437976,to_in_001,0
2024,다다437976,to_in_007,0
2024,다다437976,to_in_008,0
2024,다다437977,to_in_001,0
2024,다다437977,to_in_007,0
2024,다다437977,to_in_008,0
2024,다다437978,to_in_001,8
2024,다다437978,to_in_007,0
2024,다다437978,to_in_008,8
2024,다다437979,to_in_001,5
2024,다다437979,to_in_007,5
2024,다다437979,to_in_008,0
2024,다다437988,to_in_001,8
2024,다다437988,to_in_007,8
2024,다다437988,to_in_008,5
2024,다다437989,to_in_001,0
2024,다다437989,to_in_007,0
2024,다다437989,to_in_008,0
2024,다다437990,to_in_001,5
2024,다다437990,to_in_007,0
2024,다다437990,to_in_008,5
2024,다다437991,to_in_001,8
2024,다다437991,to_in_007,5
2024,다다437991,to_in_008,5
2024,다다438000,to_in_001,8
2024,다다438000,to_in_007,5
2024,다다438000,to_in_008,5
2024,다다438001,to_in_001,13
2024,다다438001,to_in_007,8
2024,다다438001,to_in_008,5
2024,다다438002,to_in_001,13
2024,다다438002,to_in_007,5
2024,다다438002,to_in_008,8
2024,다다438003,to_in_001,5
2024,다다438003,to_in_007,5
2024,다다438003,to_in_008,5
2024,다다438004,to_in_001,38
2024,다다438004,to_in_007,18
2024,다다438004,to_in_008,23
2024,다다438005,to_in_001,0
2024,다다438005,to_in_007,0
2024,다다438005,to_in_008,0
2024,다다438031,to_in_001,5
2024,다다438031,to_in_007,0
2024,다다438031,to_in_008,5
2024,다다438034,to_in_001,5
2024,다다438034,to_in_007,5
2024,다다438034,to_in_008,0
2024,다다438035,to_in_001,5
2024,다다438035,to_in_007,5
2024,다다438035,to_in_008,0
2024,다다438036,to_in_001,5
2024,다다438036,to_in_007,0
2024,다다438036,to_in_008,0
2024,다다438755,to_in_001,8
2024,다다438755,to_in_007,5
2024,다다438755,to_in_008,5
2024,다다438774,to_in_001,5
2024,다다438774,to_in_007,0
2024,다다438774,to_in_008,5
2024,다다438936,to_in_001,5
2024,다다438936,to_in_007,5
2024,다다438936,to_in_008,5
2024,다다438942,to_in_001,5
2024,다다438942,to_in_007,5
2024,다다438942,to_in_008,0
2024,다다438944,to_in_001,5
2024,다다438944,to_in_007,0
2024,다다438944,to_in_008,0
2024,다다438969,to_in_001,8
2024,다다438969,to_in_007,8
2024,다다438969,to_in_008,0
2024,다다438977,to_in_001,8
2024,다다438977,to_in_007,5
2024,다다438977,to_in_008,5
2024,다다438978,to_in_001,5
2024,다다438978,to_in_007,0
2024,다다438978,to_in_008,0
2024,다다438979,to_in_001,8
2024,다다438979,to_in_007,5
2024,다다438979,to_in_008,5
2024,다다438987,to_in_001,5
2024,다다438987,to_in_007,0
2024,다다438987,to_in_008,5
2024,다다438988,to_in_001,5
2024,다다438988,to_in_007,5
2024,다다438988,to_in_008,0
2024,다다438989,to_in_001,8
2024,다다438989,to_in_007,5
2024,다다438989,to_in_008,8
2024,다다438990,to_in_001,8
2024,다다438990,to_in_007,5
2024,다다438990,to_in_008,5
2024,다다438991,to_in_001,5
2024,다다438991,to_in_007,0
2024,다다438991,to_in_008,5
2024,다다444965,to_in_001,5
2024,다다444965,to_in_007,0
2024,다다444965,to_in_008,5
2024,다다444966,to_in_001,8
2024,다다444966,to_in_007,5
2024,다다444966,to_in_008,5
2024,다다444967,to_in_001,13
2024,다다444967,to_in_007,8
2024,다다444967,to_in_008,8
2024,다다444968,to_in_001,8
2024,다다444968,to_in_007,5
2024,다다444968,to_in_008,5
2024,다다444982,to_in_001,5
2024,다다444982,to_in_007,5
2024,다다444982,to_in_008,0
2024,다다444987,to_in_001,5
2024,다다444987,to_in_007,5
2024,다다444987,to_in_008,5
2024,다다444996,to_in_001,8
2024,다다444996,to_in_007,5
2024,다다444996,to_in_008,5
2024,다다444997,to_in_001,8
2024,다다444997,to_in_007,5
2024,다다444997,to_in_008,5
2024,다다445000,to_in_001,8
2024,다다445000,to_in_007,8
2024,다다445000,to_in_008,5
2024,다다445001,to_in_001,41
2024,다다445001,to_in_007,21
2024,다다445001,to_in_008,18
2024,다다445004,to_in_001,13
2024,다다445004,to_in_007,5
2024,다다445004,to_in_008,8
2024,다다445005,to_in_001,5
2024,다다445005,to_in_007,5
2024,다다445005,to_in_008,5
2024,다다445021,to_in_001,8
2024,다다445021,to_in_007,8
2024,다다445021,to_in_008,5
2024,다다445965,to_in_001,18
2024,다다445965,to_in_007,8
2024,다다445965,to_in_008,8
2024,다다445966,to_in_001,8
2024,다다445966,to_in_007,5
2024,다다445966,to_in_008,5
2024,다다445967,to_in_001,8
2024,다다445967,to_in_007,5
2024,다다445967,to_in_008,5
2024,다다445969,to_in_001,5
2024,다다445969,to_in_007,5
2024,다다445969,to_in_008,0
2024,다다445997,to_in_001,5
2024,다다445997,to_in_007,0
2024,다다445997,to_in_008,0
2024,다다446000,to_in_001,8
2024,다다446000,to_in_007,5
2024,다다446000,to_in_008,5
2024,다다446766,to_in_001,8
2024,다다446766,to_in_007,5
2024,다다446766,to_in_008,5
2024,다다446964,to_in_001,8
2024,다다446964,to_in_007,5
2024,다다446964,to_in_008,8
2024,다다446965,to_in_001,0
2024,다다446965,to_in_007,0
2024,다다446965,to_in_008,0
2024,다다446966,to_in_001,5
2024,다다446966,to_in_007,0
2024,다다446966,to_in_008,5
2024,다다446967,to_in_001,13
2024,다다446967,to_in_007,5
2024,다다446967,to_in_008,8
2024,다다447000,to_in_001,8
2024,다다447000,to_in_007,5
2024,다다447000,to_in_008,5
2024,다다447766,to_in_001,13
2024,다다447766,to_in_007,8
2024,다다447766,to_in_008,5
2024,다다447767,to_in_001,5
2024,다다447767,to_in_007,5
2024,다다447767,to_in_008,5
2024,다다447964,to_in_001,5
2024,다다447964,to_in_007,5
2024,다다453013,to_in_008,0
2024,다다453014,to_in_001,0
2024,다다453014,to_in_007,0
2024,다다453014,to_in_008,0
2024,다다453015,to_in_001,5
2024,다다453015,to_in_007,0
2024,다다453015,to_in_008,5
2024,다다453760,to_in_001,8
2024,다다453760,to_in_007,8
2024,다다453760,to_in_008,0
2024,다다453761,to_in_001,5
2024,다다453761,to_in_007,0
2024,다다453761,to_in_008,5
2024,다다453763,to_in_001,5
2024,다다453763,to_in_007,5
2024,다다453763,to_in_008,0
2024,다다453764,to_in_001,5
2024,다다453764,to_in_007,0
2024,다다453764,to_in_008,5
2024,다다453769,to_in_001,8
2024,다다453769,to_in_007,8
2024,다다453769,to_in_008,5
2024,다다453770,to_in_001,5
2024,다다453770,to_in_007,5
2024,다다453770,to_in_008,5
2024,다다453963,to_in_001,5
2024,다다453963,to_in_007,5
2024,다다453963,to_in_008,5
2024,다다453969,to_in_001,8
2024,다다453969,to_in_007,5
2024,다다453969,to_in_008,8
2024,다다453970,to_in_001,13
2024,다다453970,to_in_007,8
2024,다다453970,to_in_008,8
2024,다다453998,to_in_001,13
2024,다다453998,to_in_007,5
2024,다다453998,to_in_008,8
2024,다다453999,to_in_001,8
2024,다다453999,to_in_007,5
2024,다다453999,to_in_008,5
2024,다다454763,to_in_001,13
2024,다다454763,to_in_007,8
2024,다다454763,to_in_008,8
2024,다다454764,to_in_001,18
2024,다다454764,to_in_007,8
2024,다다454764,to_in_008,8
2024,다다454765,to_in_001,5
2024,다다454765,to_in_007,0
2024,다다454765,to_in_008,5
2024,다다454770,to_in_001,13
2024,다다454770,to_in_007,8
2024,다다454770,to_in_008,5
2024,다다454970,to_in_001,5
2024,다다454970,to_in_007,5
2024,다다454970,to_in_008,5
2024,다다454997,to_in_001,5
2024,다다454997,to_in_007,5
2024,다다454997,to_in_008,5
2024,다다454998,to_in_001,8
2024,다다454998,to_in_007,5
2024,다다454998,to_in_008,5
2024,다다454999,to_in_001,13
2024,다다454999,to_in_007,8
2024,다다454999,to_in_008,5
2024,다다455763,to_in_001,5
2024,다다455763,to_in_007,5
2024,다다455763,to_in_008,5
2024,다다455764,to_in_001,8
2024,다다455764,to_in_007,8
2024,다다455764,to_in_008,5
2024,다다455765,to_in_001,5
2024,다다455765,to_in_007,0
2024,다다455765,to_in_008,5
2024,다다455770,to_in_001,5
2024,다다455770,to_in_007,5
2024,다다455770,to_in_008,0
2024,다다489033,to_in_001,5
2024,다다489033,to_in_007,5
2024,다다489033,to_in_008,0
2024,다다489035,to_in_001,5
2024,다다489035,to_in_007,0
2024,다다489035,to_in_008,5
2024,다다490002,to_in_001,13
2024,다다490002,to_in_007,8
2024,다다490002,to_in_008,5
2024,다다490003,to_in_001,18
2024,다다490003,to_in_007,13
2024,다다490003,to_in_008,5
2024,다다490004,to_in_001,18
2024,다다490004,to_in_007,8
2024,다다490004,to_in_008,8
2024,다다490005,to_in_001,5
2024,다다490005,to_in_007,0
2024,다다490005,to_in_008,5
2024,다다490006,to_in_001,5
2024,다다490006,to_in_007,5
2024,다다490006,to_in_008,0
2024,다다490007,to_in_001,8
2024,다다490007,to_in_007,5
2024,다다490007,to_in_008,8
2024,다다490009,to_in_001,5
2024,다다490009,to_in_007,0
2024,다다490009,to_in_008,0
2024,다다490016,to_in_001,5
2024,다다490016,to_in_007,0
2024,다다490016,to_in_008,5
2024,다다490021,to_in_001,0
2024,다다490021,to_in_007,0
2024,다다490021,to_in_008,0
2024,다다490028,to_in_001,5
2024,다다490028,to_in_007,0
2024,다다490028,to_in_008,0
2024,다다490029,to_in_001,8
2024,다다490029,to_in_007,8
2024,다다490029,to_in_008,5
2024,다다490030,to_in_001,8
2024,다다434023,to_in_007,5
2024,다다434023,to_in_008,5
2024,다다434028,to_in_001,5
2024,다다434028,to_in_007,5
2024,다다434028,to_in_008,5
2024,다다434034,to_in_001,5
2024,다다434034,to_in_007,0
2024,다다434034,to_in_008,5
2024,다다434765,to_in_001,5
2024,다다434765,to_in_007,0
2024,다다434765,to_in_008,0
2024,다다434767,to_in_001,13
2024,다다434767,to_in_007,5
2024,다다434767,to_in_008,8
2024,다다434768,to_in_001,5
2024,다다434768,to_in_007,5
2024,다다434768,to_in_008,0
2024,다다434799,to_in_001,8
2024,다다434799,to_in_007,5
2024,다다434799,to_in_008,5
2024,다다434800,to_in_001,13
2024,다다434800,to_in_007,8
2024,다다434800,to_in_008,5
2024,다다434939,to_in_001,5
2024,다다434939,to_in_007,5
2024,다다434939,to_in_008,0
2024,다다434941,to_in_001,8
2024,다다434941,to_in_007,5
2024,다다434941,to_in_008,5
2024,다다435009,to_in_001,5
2024,다다435009,to_in_007,5
2024,다다435009,to_in_008,5
2024,다다435018,to_in_001,5
2024,다다435018,to_in_007,5
2024,다다435018,to_in_008,5
2024,다다435020,to_in_001,5
2024,다다435020,to_in_007,5
2024,다다435020,to_in_008,5
2024,다다435021,to_in_001,13
2024,다다435021,to_in_007,8
2024,다다435021,to_in_008,5
2024,다다435022,to_in_001,13
2024,다다435022,to_in_007,8
2024,다다435022,to_in_008,8
2024,다다435023,to_in_001,13
2024,다다435023,to_in_007,8
2024,다다435023,to_in_008,5
2024,다다435038,to_in_001,8
2024,다다435038,to_in_007,5
2024,다다435038,to_in_008,5
2024,다다435761,to_in_001,5
2024,다다435761,to_in_007,5
2024,다다435761,to_in_008,0
2024,다다435762,to_in_001,13
2024,다다435762,to_in_007,8
2024,다다435762,to_in_008,5
2024,다다435764,to_in_001,0
2024,다다435764,to_in_007,0
2024,다다435764,to_in_008,0
2024,다다435765,to_in_001,0
2024,다다435765,to_in_007,0
2024,다다435765,to_in_008,0
2024,다다435766,to_in_001,5
2024,다다435766,to_in_007,0
2024,다다435766,to_in_008,0
2024,다다435767,to_in_001,5
2024,다다435767,to_in_007,5
2024,다다435767,to_in_008,0
2024,다다435983,to_in_001,0
2024,다다435983,to_in_007,0
2024,다다435983,to_in_008,0
2024,다다436001,to_in_001,13
2024,다다436001,to_in_007,8
2024,다다436001,to_in_008,8
2024,다다436002,to_in_001,5
2024,다다436002,to_in_007,0
2024,다다436002,to_in_008,5
2024,다다436004,to_in_001,8
2024,다다436004,to_in_007,8
2024,다다436004,to_in_008,5
2024,다다436005,to_in_001,5
2024,다다436005,to_in_007,0
2024,다다436005,to_in_008,5
2024,다다436020,to_in_001,5
2024,다다436020,to_in_007,0
2024,다다436020,to_in_008,5
2024,다다436021,to_in_001,8
2024,다다436021,to_in_007,8
2024,다다436021,to_in_008,5
2024,다다436022,to_in_001,8
2024,다다436022,to_in_007,8
2024,다다436022,to_in_008,0
2024,다다436023,to_in_001,18
2024,다다436023,to_in_007,13
2024,다다436023,to_in_008,8
2024,다다436035,to_in_001,8
2024,다다436035,to_in_007,5
2024,다다436035,to_in_008,5
2024,다다436038,to_in_001,8
2024,다다436038,to_in_007,8
2024,다다436038,to_in_008,5
2024,다다436039,to_in_001,0
2024,다다436039,to_in_007,0
2024,다다436039,to_in_008,0
2024,다다436761,to_in_001,13
2024,다다436761,to_in_007,5
2024,다다436761,to_in_008,8
2024,다다436764,to_in_001,5
2024,다다436764,to_in_007,0
2024,다다436764,to_in_008,0
2024,다다436936,to_in_001,5
2024,다다436936,to_in_007,5
2024,다다436936,to_in_008,0
2024,다다436977,to_in_001,5
2024,다다436977,to_in_007,0
2024,다다436977,to_in_008,5
2024,다다448999,to_in_001,13
2024,다다448999,to_in_007,8
2024,다다448999,to_in_008,8
2024,다다449000,to_in_001,18
2024,다다449000,to_in_007,8
2024,다다449000,to_in_008,8
2024,다다449001,to_in_001,5
2024,다다449001,to_in_007,5
2024,다다449001,to_in_008,5
2024,다다449006,to_in_001,8
2024,다다449006,to_in_007,5
2024,다다449006,to_in_008,5
2024,다다449007,to_in_001,8
2024,다다449007,to_in_007,5
2024,다다449007,to_in_008,5
2024,다다449763,to_in_001,8
2024,다다449763,to_in_007,5
2024,다다449763,to_in_008,8
2024,다다449764,to_in_001,8
2024,다다449764,to_in_007,5
2024,다다449764,to_in_008,5
2024,다다449765,to_in_001,5
2024,다다449765,to_in_007,5
2024,다다449765,to_in_008,0
2024,다다449766,to_in_001,5
2024,다다449766,to_in_007,0
2024,다다449766,to_in_008,5
2024,다다449767,to_in_001,5
2024,다다449767,to_in_007,0
2024,다다449767,to_in_008,0
2024,다다449768,to_in_001,5
2024,다다449768,to_in_007,0
2024,다다449768,to_in_008,5
2024,다다449789,to_in_001,13
2024,다다449789,to_in_007,8
2024,다다449789,to_in_008,5
2024,다다449790,to_in_001,8
2024,다다449790,to_in_007,5
2024,다다449790,to_in_008,5
2024,다다449791,to_in_001,8
2024,다다449791,to_in_007,8
2024,다다449791,to_in_008,0
2024,다다449792,to_in_001,5
2024,다다449792,to_in_007,0
2024,다다449792,to_in_008,5
2024,다다449793,to_in_001,5
2024,다다449793,to_in_007,5
2024,다다449793,to_in_008,0
2024,다다449794,to_in_001,5
2024,다다449794,to_in_007,0
2024,다다449794,to_in_008,5
2024,다다450000,to_in_001,0
2024,다다450000,to_in_007,0
2024,다다450000,to_in_008,0
2024,다다450003,to_in_001,0
2024,다다450003,to_in_007,0
2024,다다450003,to_in_008,0
2024,다다450005,to_in_001,13
2024,다다450005,to_in_007,5
2024,다다450005,to_in_008,8
2024,다다450006,to_in_001,18
2024,다다450006,to_in_007,13
2024,다다450006,to_in_008,8
2024,다다450007,to_in_001,5
2024,다다450007,to_in_007,5
2024,다다450007,to_in_008,0
2024,다다450762,to_in_001,0
2024,다다450762,to_in_007,0
2024,다다450762,to_in_008,0
2024,다다450763,to_in_001,13
2024,다다450763,to_in_007,5
2024,다다450763,to_in_008,8
2024,다다450764,to_in_001,8
2024,다다450764,to_in_007,5
2024,다다450764,to_in_008,5
2024,다다450767,to_in_001,0
2024,다다450767,to_in_007,0
2024,다다450767,to_in_008,0
2024,다다450768,to_in_001,8
2024,다다450768,to_in_007,5
2024,다다450768,to_in_008,5
2024,다다450788,to_in_001,5
2024,다다450788,to_in_007,5
2024,다다450788,to_in_008,5
2024,다다450791,to_in_001,0
2024,다다450791,to_in_007,0
2024,다다450791,to_in_008,0
2024,다다450792,to_in_001,8
2024,다다450792,to_in_007,8
2024,다다450792,to_in_008,5
2024,다다450793,to_in_001,18
2024,다다450793,to_in_007,13
2024,다다450793,to_in_008,5
2024,다다451002,to_in_001,8
2024,다다451002,to_in_007,5
2024,다다451002,to_in_008,5
2024,다다451003,to_in_001,0
2024,다다451003,to_in_007,0
2024,다다451003,to_in_008,0
2024,다다451006,to_in_001,5
2024,다다451006,to_in_007,5
2024,다다451006,to_in_008,0
2024,다다451007,to_in_001,13
2024,다다451007,to_in_007,5
2024,다다451007,to_in_008,8
2024,다다451761,to_in_001,5
2024,다다451761,to_in_007,5
2024,다다451761,to_in_008,0
2024,다다451768,to_in_001,13
2024,다다451768,to_in_007,5
2024,다다451768,to_in_008,8
2024,다다451769,to_in_001,5
2024,다다451769,to_in_007,5
2024,다다451769,to_in_008,5
2024,다다451964,to_in_001,5
2024,다다451964,to_in_007,5
2024,다다451964,to_in_008,0
2024,다다451969,to_in_001,8
2024,다다451969,to_in_007,5
2024,다다451969,to_in_008,5
2024,다다476989,to_in_001,5
2024,다다476989,to_in_007,0
2024,다다476989,to_in_008,5
2024,다다476990,to_in_001,8
2024,다다476990,to_in_007,5
2024,다다476990,to_in_008,5
2024,다다476991,to_in_001,13
2024,다다476991,to_in_007,8
2024,다다476991,to_in_008,8
2024,다다476992,to_in_001,5
2024,다다476992,to_in_007,5
2024,다다476992,to_in_008,0
2024,다다476997,to_in_001,8
2024,다다476997,to_in_007,5
2024,다다476997,to_in_008,5
2024,다다477989,to_in_001,8
2024,다다477989,to_in_007,8
2024,다다477989,to_in_008,5
2024,다다477990,to_in_001,23
2024,다다477990,to_in_007,13
2024,다다477990,to_in_008,13
2024,다다477991,to_in_001,5
2024,다다477991,to_in_007,5
2024,다다477991,to_in_008,0
2024,다다478987,to_in_001,5
2024,다다478987,to_in_007,5
2024,다다478987,to_in_008,0
2024,다다478988,to_in_001,5
2024,다다478988,to_in_007,5
2024,다다478988,to_in_008,0
2024,다다478989,to_in_001,13
2024,다다478989,to_in_007,8
2024,다다478989,to_in_008,8
2024,다다478990,to_in_001,18
2024,다다478990,to_in_007,13
2024,다다478990,to_in_008,8
2024,다다478991,to_in_001,5
2024,다다478991,to_in_007,0
2024,다다478991,to_in_008,5
2024,다다479985,to_in_001,0
2024,다다479985,to_in_007,0
2024,다다479985,to_in_008,0
2024,다다479989,to_in_001,5
2024,다다479989,to_in_007,0
2024,다다479989,to_in_008,5
2024,다다479990,to_in_001,8
2024,다다479990,to_in_007,5
2024,다다479990,to_in_008,5
2024,다다479991,to_in_001,8
2024,다다479991,to_in_007,5
2024,다다479991,to_in_008,5
2024,다다480984,to_in_001,8
2024,다다480984,to_in_007,0
2024,다다480984,to_in_008,8
2024,다다480986,to_in_001,8
2024,다다480986,to_in_007,5
2024,다다480986,to_in_008,8
2024,다다426922,to_in_007,0
2024,다다426922,to_in_008,5
2024,다다426923,to_in_001,5
2024,다다426923,to_in_007,0
2024,다다426923,to_in_008,0
2024,다다426940,to_in_001,5
2024,다다426940,to_in_007,5
2024,다다426940,to_in_008,0
2024,다다427011,to_in_001,8
2024,다다427011,to_in_007,5
2024,다다427011,to_in_008,5
2024,다다427016,to_in_001,5
2024,다다427016,to_in_007,5
2024,다다427016,to_in_008,0
2024,다다427030,to_in_001,13
2024,다다427030,to_in_007,8
2024,다다427030,to_in_008,5
2024,다다427031,to_in_001,18
2024,다다427031,to_in_007,13
2024,다다427031,to_in_008,8
2024,다다427033,to_in_001,5
2024,다다427033,to_in_007,5
2024,다다427033,to_in_008,0
2024,다다427034,to_in_001,23
2024,다다427034,to_in_007,8
2024,다다427034,to_in_008,13
2024,다다427035,to_in_001,13
2024,다다427035,to_in_007,5
2024,다다427035,to_in_008,8
2024,다다427036,to_in_001,23
2024,다다427036,to_in_007,13
2024,다다427036,to_in_008,13
2024,다다427037,to_in_001,23
2024,다다427037,to_in_007,13
2024,다다427037,to_in_008,8
2024,다다440965,to_in_001,8
2024,다다440965,to_in_007,5
2024,다다440965,to_in_008,5
2024,다다440967,to_in_001,28
2024,다다440967,to_in_007,18
2024,다다440967,to_in_008,8
2024,다다440968,to_in_001,8
2024,다다440968,to_in_007,5
2024,다다440968,to_in_008,8
2024,다다440969,to_in_001,5
2024,다다440969,to_in_007,0
2024,다다440969,to_in_008,5
2024,다다440975,to_in_001,18
2024,다다440975,to_in_007,8
2024,다다440975,to_in_008,8
2024,다다440976,to_in_001,8
2024,다다440976,to_in_007,8
2024,다다440976,to_in_008,5
2024,다다440978,to_in_001,5
2024,다다440978,to_in_007,0
2024,다다440978,to_in_008,5
2024,다다440980,to_in_001,0
2024,다다440980,to_in_007,0
2024,다다440980,to_in_008,0
2024,다다440987,to_in_001,13
2024,다다440987,to_in_007,8
2024,다다440987,to_in_008,8
2024,다다440988,to_in_001,5
2024,다다440988,to_in_007,0
2024,다다440988,to_in_008,5
2024,다다440989,to_in_001,8
2024,다다440989,to_in_007,5
2024,다다440989,to_in_008,5
2024,다다440990,to_in_001,8
2024,다다440990,to_in_007,5
2024,다다440990,to_in_008,5
2024,다다440991,to_in_001,8
2024,다다440991,to_in_007,8
2024,다다440991,to_in_008,5
2024,다다440994,to_in_001,0
2024,다다440994,to_in_007,0
2024,다다440994,to_in_008,0
2024,다다440995,to_in_001,0
2024,다다440995,to_in_007,0
2024,다다440995,to_in_008,0
2024,다다441000,to_in_001,23
2024,다다441000,to_in_007,13
2024,다다441000,to_in_008,13
2024,다다441001,to_in_001,43
2024,다다441001,to_in_007,23
2024,다다441001,to_in_008,23
2024,다다441002,to_in_001,38
2024,다다441002,to_in_007,18
2024,다다441002,to_in_008,23
2024,다다441003,to_in_001,43
2024,다다441003,to_in_007,23
2024,다다441003,to_in_008,18
2024,다다441004,to_in_001,33
2024,다다441004,to_in_007,13
2024,다다441004,to_in_008,18
2024,다다441005,to_in_001,38
2024,다다441005,to_in_007,18
2024,다다441005,to_in_008,18
2024,다다441006,to_in_001,5
2024,다다441006,to_in_007,5
2024,다다441006,to_in_008,5
2024,다다441020,to_in_001,5
2024,다다441020,to_in_007,0
2024,다다441020,to_in_008,0
2024,다다441028,to_in_001,8
2024,다다441028,to_in_007,5
2024,다다441028,to_in_008,5
2024,다다441034,to_in_001,0
2024,다다441034,to_in_007,0
2024,다다441034,to_in_008,0
2024,다다441035,to_in_001,5
2024,다다441035,to_in_007,5
2024,다다441035,to_in_008,5
2024,다다442021,to_in_001,5
2024,다다442021,to_in_007,0
2024,다다442021,to_in_008,5
2024,다다442026,to_in_001,5
2024,다다442026,to_in_007,0
2024,다다442026,to_in_008,0
2024,다다442029,to_in_001,5
2024,다다442029,to_in_007,0
2024,다다442029,to_in_008,0
2024,다다442032,to_in_001,5
2024,다다442032,to_in_007,5
2024,다다442032,to_in_008,0
2024,다다442945,to_in_001,5
2024,다다442945,to_in_007,5
2024,다다442945,to_in_008,5
2024,다다442946,to_in_001,19
2024,다다442946,to_in_007,14
2024,다다442946,to_in_008,5
2024,다다442965,to_in_001,0
2024,다다442965,to_in_007,0
2024,다다442965,to_in_008,0
2024,다다442967,to_in_001,5
2024,다다442967,to_in_007,0
2024,다다442967,to_in_008,0
2024,다다442986,to_in_001,13
2024,다다442986,to_in_007,8
2024,다다442986,to_in_008,8
2024,다다442987,to_in_001,13
2024,다다442987,to_in_007,8
2024,다다442987,to_in_008,5
2024,다다442988,to_in_001,8
2024,다다442988,to_in_007,5
2024,다다442988,to_in_008,5
2024,다다442989,to_in_001,8
2024,다다442989,to_in_007,5
2024,다다442989,to_in_008,5
2024,다다442990,to_in_001,5
2024,다다442990,to_in_007,0
2024,다다442990,to_in_008,5
2024,다다442991,to_in_001,8
2024,다다442991,to_in_007,5
2024,다다442991,to_in_008,5
2024,다다442992,to_in_001,0
2024,다다442992,to_in_007,0
2024,다다442992,to_in_008,0
2024,다다442996,to_in_001,5
2024,다다442996,to_in_007,5
2024,다다442996,to_in_008,5
2024,다다442998,to_in_001,13
2024,다다442998,to_in_007,8
2024,다다442998,to_in_008,5
2024,다다442999,to_in_001,0
2024,다다442999,to_in_007,0
2024,다다442999,to_in_008,0
2024,다다443002,to_in_001,5
2024,다다443002,to_in_007,0
2024,다다443002,to_in_008,5
2024,다다443003,to_in_001,33
2024,다다443003,to_in_007,18
2024,다다443003,to_in_008,18
2024,다다443004,to_in_001,43
2024,다다443004,to_in_007,28
2024,다다443004,to_in_008,18
2024,다다443005,to_in_001,18
2024,다다443005,to_in_007,8
2024,다다443005,to_in_008,13
2024,다다443006,to_in_001,8
2024,다다443006,to_in_007,5
2024,다다443006,to_in_008,8
2024,다다443027,to_in_001,5
2024,다다443027,to_in_007,0
2024,다다443027,to_in_008,0
2024,다다443946,to_in_001,5
2024,다다443946,to_in_007,0
2024,다다443946,to_in_008,0
2024,다다443965,to_in_001,18
2024,다다443965,to_in_007,8
2024,다다443965,to_in_008,8
2024,다다443966,to_in_001,0
2024,다다443966,to_in_007,0
2024,다다443966,to_in_008,0
2024,다다443967,to_in_001,13
2024,다다443967,to_in_007,8
2024,다다443967,to_in_008,8
2024,다다443971,to_in_001,5
2024,다다443971,to_in_007,0
2024,다다443971,to_in_008,5
2024,다다443991,to_in_001,5
2024,다다443991,to_in_007,0
2024,다다443991,to_in_008,5
2024,다다443996,to_in_001,8
2024,다다443996,to_in_007,5
2024,다다443996,to_in_008,5
2024,다다443997,to_in_001,5
2024,다다443997,to_in_007,0
2024,다다443997,to_in_008,5
2024,다다443998,to_in_001,13
2024,다다443998,to_in_007,8
2024,다다443998,to_in_008,5
2024,다다443999,to_in_001,8
2024,다다443999,to_in_007,5
2024,다다443999,to_in_008,5
2024,다다444000,to_in_001,5
2024,다다444000,to_in_007,0
2024,다다444000,to_in_008,5
2024,다다444001,to_in_001,8
2024,다다444001,to_in_007,5
2024,다다444001,to_in_008,5
2024,다다444003,to_in_001,5
2024,다다444003,to_in_007,0
2024,다다444003,to_in_008,0
2024,다다444004,to_in_001,33
2024,다다444004,to_in_007,18
2024,다다444004,to_in_008,18
2024,다다444005,to_in_001,13
2024,다다444005,to_in_007,5
2024,다다444005,to_in_008,8
2024,다다444006,to_in_001,5
2024,다다444006,to_in_007,5
2024,다다444006,to_in_008,5
2024,다다444019,to_in_001,8
2024,다다444019,to_in_007,5
2024,다다444019,to_in_008,5
2024,다다487019,to_in_001,8
2024,다다487019,to_in_007,5
2024,다다487019,to_in_008,5
2024,다다487020,to_in_001,23
2024,다다487020,to_in_007,13
2024,다다487020,to_in_008,8
2024,다다487021,to_in_001,18
2024,다다487021,to_in_007,8
2024,다다487021,to_in_008,8
2024,다다487024,to_in_001,8
2024,다다487024,to_in_007,5
2024,다다487024,to_in_008,5
2024,다다487025,to_in_001,0
2024,다다487025,to_in_007,0
2024,다다487025,to_in_008,0
2024,다다487032,to_in_001,8
2024,다다487032,to_in_007,5
2024,다다487032,to_in_008,8
2024,다다487033,to_in_001,13
2024,다다487033,to_in_007,8
2024,다다487033,to_in_008,8
2024,다다487986,to_in_001,8
2024,다다487986,to_in_007,8
2024,다다487986,to_in_008,5
2024,다다488004,to_in_001,5
2024,다다488004,to_in_007,0
2024,다다488004,to_in_008,5
2024,다다488005,to_in_001,5
2024,다다488005,to_in_007,0
2024,다다488005,to_in_008,5
2024,다다488007,to_in_001,5
2024,다다488007,to_in_007,5
2024,다다488007,to_in_008,5
2024,다다488008,to_in_001,5
2024,다다488008,to_in_007,5
2024,다다488008,to_in_008,5
2024,다다488009,to_in_001,0
2024,다다488009,to_in_007,0
2024,다다488009,to_in_008,0
2024,다다488016,to_in_001,13
2024,다다488016,to_in_007,8
2024,다다488016,to_in_008,8
2024,다다488017,to_in_001,5
2024,다다488017,to_in_007,0
2024,다다488017,to_in_008,5
2024,다다488019,to_in_001,8
2024,다다488019,to_in_007,8
2024,다다488019,to_in_008,5
2024,다다488020,to_in_001,5
2024,다다488020,to_in_007,5
2024,다다488020,to_in_008,5
2024,다다488021,to_in_001,5
2024,다다488021,to_in_007,5
2024,다다488021,to_in_008,5
2024,다다488024,to_in_001,5
2024,다다488024,to_in_007,5
2024,다다488024,to_in_008,0
2024,다다455777,to_in_008,0
2024,다다455997,to_in_001,5
2024,다다455997,to_in_007,5
2024,다다455997,to_in_008,0
2024,다다455999,to_in_001,18
2024,다다455999,to_in_007,8
2024,다다455999,to_in_008,8
2024,다다456771,to_in_001,8
2024,다다456771,to_in_007,5
2024,다다456771,to_in_008,5
2024,다다456776,to_in_001,8
2024,다다456776,to_in_007,8
2024,다다456776,to_in_008,0
2024,다다456777,to_in_001,5
2024,다다456777,to_in_007,5
2024,다다456777,to_in_008,0
2024,다다456970,to_in_001,5
2024,다다456970,to_in_007,5
2024,다다456970,to_in_008,0
2024,다다457777,to_in_001,18
2024,다다457777,to_in_007,13
2024,다다457777,to_in_008,5
2024,다다457963,to_in_001,8
2024,다다457963,to_in_007,8
2024,다다457963,to_in_008,5
2024,다다457969,to_in_001,0
2024,다다457969,to_in_007,0
2024,다다457969,to_in_008,0
2024,다다457971,to_in_001,5
2024,다다457971,to_in_007,0
2024,다다457971,to_in_008,5
2024,다다457998,to_in_001,5
2024,다다457998,to_in_007,0
2024,다다457998,to_in_008,5
2024,다다458767,to_in_001,0
2024,다다458767,to_in_007,0
2024,다다458767,to_in_008,0
2024,다다458963,to_in_001,5
2024,다다458963,to_in_007,0
2024,다다458963,to_in_008,5
2024,다다459961,to_in_001,8
2024,다다459961,to_in_007,8
2024,다다459961,to_in_008,0
2024,다다459962,to_in_001,5
2024,다다459962,to_in_007,5
2024,다다459962,to_in_008,0
2024,다다464547,to_in_001,5
2024,다다464547,to_in_007,5
2024,다다464547,to_in_008,0
2024,다다464548,to_in_001,8
2024,다다464548,to_in_007,5
2024,다다464548,to_in_008,5
2024,다다464550,to_in_001,5
2024,다다464550,to_in_007,5
2024,다다464550,to_in_008,0
2024,다다465547,to_in_001,8
2024,다다465547,to_in_007,8
2024,다다465547,to_in_008,5
2024,다다465548,to_in_001,28
2024,다다465548,to_in_007,18
2024,다다465548,to_in_008,8
2024,다다465549,to_in_001,8
2024,다다465549,to_in_007,5
2024,다다465549,to_in_008,5
2024,다다465969,to_in_001,5
2024,다다465969,to_in_007,0
2024,다다465969,to_in_008,5
2024,다다465970,to_in_001,0
2024,다다465970,to_in_007,0
2024,다다465970,to_in_008,0
2024,다다466548,to_in_001,18
2024,다다466548,to_in_007,8
2024,다다466548,to_in_008,8
2024,다다466549,to_in_001,8
2024,다다466549,to_in_007,5
2024,다다466549,to_in_008,5
2024,다다466997,to_in_001,5
2024,다다466997,to_in_007,0
2024,다다466997,to_in_008,5
2024,다다467549,to_in_001,8
2024,다다467549,to_in_007,8
2024,다다467549,to_in_008,5
2024,다다467550,to_in_001,5
2024,다다467550,to_in_007,5
2024,다다467550,to_in_008,5
2024,다다467998,to_in_001,5
2024,다다467998,to_in_007,0
2024,다다467998,to_in_008,5
2024,다다468998,to_in_001,8
2024,다다468998,to_in_007,8
2024,다다468998,to_in_008,0
2024,다다469968,to_in_001,5
2024,다다469968,to_in_007,0
2024,다다469968,to_in_008,5
2024,다다469975,to_in_001,5
2024,다다469975,to_in_007,5
2024,다다469975,to_in_008,0
2024,다다470973,to_in_001,8
2024,다다470973,to_in_007,5
2024,다다470973,to_in_008,0
2024,다다470976,to_in_001,0
2024,다다470976,to_in_007,0
2024,다다470976,to_in_008,0
2024,다다470977,to_in_001,5
2024,다다470977,to_in_007,0
2024,다다470977,to_in_008,0
2024,다다470997,to_in_001,8
2024,다다470997,to_in_007,5
2024,다다470997,to_in_008,8
2024,다다471974,to_in_001,5
2024,다다471974,to_in_007,0
2024,다다471974,to_in_008,0
2024,다다471977,to_in_001,5
2024,다다471977,to_in_007,0
2024,다다471977,to_in_008,5
2024,다다483019,to_in_001,8
2024,다다483019,to_in_007,5
2024,다다483019,to_in_008,5
2024,다다483020,to_in_001,8
2024,다다483020,to_in_007,5
2024,다다483020,to_in_008,5
2024,다다483021,to_in_001,18
2024,다다483021,to_in_007,8
2024,다다483021,to_in_008,8
2024,다다483023,to_in_001,13
2024,다다483023,to_in_007,8
2024,다다483023,to_in_008,5
2024,다다483988,to_in_001,18
2024,다다483988,to_in_007,8
2024,다다483988,to_in_008,8
2024,다다483992,to_in_001,5
2024,다다483992,to_in_007,5
2024,다다483992,to_in_008,0
2024,다다484004,to_in_001,13
2024,다다484004,to_in_007,8
2024,다다484004,to_in_008,8
2024,다다484009,to_in_001,5
2024,다다484009,to_in_007,0
2024,다다484009,to_in_008,0
2024,다다484024,to_in_001,5
2024,다다484024,to_in_007,0
2024,다다484024,to_in_008,0
2024,다다484987,to_in_001,5
2024,다다484987,to_in_007,5
2024,다다484987,to_in_008,5
2024,다다484988,to_in_001,8
2024,다다484988,to_in_007,5
2024,다다484988,to_in_008,5
2024,다다484992,to_in_001,8
2024,다다484992,to_in_007,8
2024,다다484992,to_in_008,5
2024,다다485004,to_in_001,5
2024,다다485004,to_in_007,5
2024,다다485004,to_in_008,5
2024,다다485007,to_in_001,8
2024,다다485007,to_in_007,5
2024,다다485007,to_in_008,5
2024,다다485009,to_in_001,5
2024,다다485009,to_in_007,5
2024,다다485009,to_in_008,0
2024,다다485019,to_in_001,5
2024,다다485019,to_in_007,5
2024,다다485019,to_in_008,0
2024,다다485021,to_in_001,8
2024,다다485021,to_in_007,5
2024,다다485021,to_in_008,5
2024,다다485024,to_in_001,8
2024,다다485024,to_in_007,8
2024,다다485024,to_in_008,5
2024,다다485987,to_in_001,5
2024,다다485987,to_in_007,5
2024,다다485987,to_in_008,0
2024,다다485992,to_in_001,8
2024,다다485992,to_in_007,8
2024,다다485992,to_in_008,0
2024,다다486003,to_in_001,5
2024,다다486003,to_in_007,5
2024,다다486003,to_in_008,0
2024,다다486004,to_in_001,5
2024,다다486004,to_in_007,0
2024,다다486004,to_in_008,5
2024,다다486007,to_in_001,0
2024,다다486007,to_in_007,0
2024,다다486007,to_in_008,0
2024,다다486008,to_in_001,8
2024,다다486008,to_in_007,8
2024,다다486008,to_in_008,5
2024,다다486009,to_in_001,8
2024,다다486009,to_in_007,5
2024,다다486009,to_in_008,8
2024,다다486015,to_in_001,5
2024,다다486015,to_in_007,5
2024,다다486015,to_in_008,0
2024,다다486020,to_in_001,18
2024,다다486020,to_in_007,8
2024,다다486020,to_in_008,8
2024,다다486021,to_in_001,8
2024,다다486021,to_in_007,5
2024,다다486021,to_in_008,5
2024,다다486992,to_in_001,5
2024,다다486992,to_in_007,5
2024,다다486992,to_in_008,5
2024,다다487003,to_in_001,0
2024,다다487003,to_in_007,0
2024,다다487003,to_in_008,0
2024,다다487004,to_in_001,5
2024,다다487004,to_in_007,5
2024,다다487004,to_in_008,5
2024,다다487005,to_in_001,0
2024,다다487005,to_in_007,0
2024,다다487005,to_in_008,0
2024,다다487007,to_in_001,5
2024,다다487007,to_in_007,5
2024,다다487007,to_in_008,0
2024,다다487008,to_in_001,18
2024,다다487008,to_in_007,13
2024,다다487008,to_in_008,8
2024,다다487009,to_in_001,5
2024,다다487009,to_in_007,5
2024,다다487009,to_in_008,0
2024,다다487015,to_in_001,8
2024,다다487015,to_in_007,5
2024,다다487015,to_in_008,5
2024,다다487016,to_in_001,13
2024,다다487016,to_in_007,5
2024,다다487016,to_in_008,8
2024,다다487017,to_in_001,0
2024,다다487017,to_in_007,0
2024,다다487017,to_in_008,0
2024,다다495027,to_in_001,13
2024,다다495027,to_in_007,8
2024,다다495027,to_in_008,8
2024,다다495028,to_in_001,8
2024,다다495028,to_in_007,5
2024,다다495028,to_in_008,5
2024,다다496007,to_in_001,8
2024,다다496007,to_in_007,5
2024,다다496007,to_in_008,5
2024,다다496024,to_in_001,8
2024,다다496024,to_in_007,5
2024,다다496024,to_in_008,5
2024,다다496025,to_in_001,5
2024,다다496025,to_in_007,0
2024,다다496025,to_in_008,0
2024,다다496027,to_in_001,13
2024,다다496027,to_in_007,8
2024,다다496027,to_in_008,8
2024,다다496028,to_in_001,18
2024,다다496028,to_in_007,8
2024,다다496028,to_in_008,13
2024,다다496029,to_in_001,5
2024,다다496029,to_in_007,0
2024,다다496029,to_in_008,5
2024,다다496032,to_in_001,5
2024,다다496032,to_in_007,5
2024,다다496032,to_in_008,0
2024,다다497003,to_in_001,8
2024,다다497003,to_in_007,5
2024,다다497003,to_in_008,5
2024,다다497010,to_in_001,5
2024,다다497010,to_in_007,5
2024,다다497010,to_in_008,5
2024,다다497020,to_in_001,5
2024,다다497020,to_in_007,5
2024,다다497020,to_in_008,0
2024,다다497023,to_in_001,13
2024,다다497023,to_in_007,8
2024,다다497023,to_in_008,5
2024,다다497024,to_in_001,5
2024,다다497024,to_in_007,5
2024,다다497024,to_in_008,0
2024,다다497029,to_in_001,5
2024,다다497029,to_in_007,0
2024,다다497029,to_in_008,5
2024,다다497031,to_in_001,5
2024,다다497031,to_in_007,5
2024,다다497031,to_in_008,0
2024,다다498009,to_in_001,5
2024,다다498009,to_in_007,5
2024,다다498009,to_in_008,5
2024,다다498012,to_in_001,5
2024,다다498012,to_in_007,0
2024,다다498012,to_in_008,5
2024,다다498019,to_in_001,5
2024,다다498019,to_in_007,5
2024,다다498019,to_in_008,0
2024,다다498020,to_in_001,5
2024,다다498020,to_in_007,5
2024,다다498020,to_in_008,0
2024,다다498021,to_in_001,5
2024,다다498021,to_in_007,5
2024,다다498021,to_in_008,0
2024,다다498030,to_in_001,0
2024,다다447964,to_in_008,0
2024,다다447965,to_in_001,8
2024,다다447965,to_in_007,5
2024,다다447965,to_in_008,5
2024,다다447966,to_in_001,5
2024,다다447966,to_in_007,5
2024,다다447966,to_in_008,5
2024,다다447967,to_in_001,5
2024,다다447967,to_in_007,5
2024,다다447967,to_in_008,5
2024,다다447968,to_in_001,0
2024,다다447968,to_in_007,0
2024,다다447968,to_in_008,0
2024,다다448004,to_in_001,5
2024,다다448004,to_in_007,5
2024,다다448004,to_in_008,5
2024,다다448006,to_in_001,8
2024,다다448006,to_in_007,8
2024,다다448006,to_in_008,5
2024,다다448765,to_in_001,5
2024,다다448765,to_in_007,0
2024,다다448765,to_in_008,5
2024,다다448766,to_in_001,8
2024,다다448766,to_in_007,5
2024,다다448766,to_in_008,5
2024,다다448767,to_in_001,5
2024,다다448767,to_in_007,5
2024,다다448767,to_in_008,5
2024,다다448787,to_in_001,8
2024,다다448787,to_in_007,5
2024,다다448787,to_in_008,5
2024,다다448788,to_in_001,5
2024,다다448788,to_in_007,0
2024,다다448788,to_in_008,5
2024,다다448790,to_in_001,29
2024,다다448790,to_in_007,24
2024,다다448790,to_in_008,8
2024,다다448792,to_in_001,5
2024,다다448792,to_in_007,5
2024,다다448792,to_in_008,0
2024,다다448964,to_in_001,8
2024,다다448964,to_in_007,5
2024,다다448964,to_in_008,8
2024,다다448968,to_in_001,8
2024,다다448968,to_in_007,5
2024,다다448968,to_in_008,5
2024,다다471994,to_in_001,5
2024,다다471994,to_in_007,0
2024,다다471994,to_in_008,0
2024,다다471995,to_in_001,8
2024,다다471995,to_in_007,5
2024,다다471995,to_in_008,5
2024,다다471997,to_in_001,5
2024,다다471997,to_in_007,0
2024,다다471997,to_in_008,5
2024,다다471998,to_in_001,5
2024,다다471998,to_in_007,0
2024,다다471998,to_in_008,0
2024,다다471999,to_in_001,8
2024,다다471999,to_in_007,8
2024,다다471999,to_in_008,5
2024,다다472974,to_in_001,0
2024,다다472974,to_in_007,0
2024,다다472974,to_in_008,0
2024,다다472975,to_in_001,5
2024,다다472975,to_in_007,5
2024,다다472975,to_in_008,5
2024,다다472976,to_in_001,5
2024,다다472976,to_in_007,5
2024,다다472976,to_in_008,0
2024,다다472977,to_in_001,5
2024,다다472977,to_in_007,5
2024,다다472977,to_in_008,0
2024,다다472978,to_in_001,8
2024,다다472978,to_in_007,5
2024,다다472978,to_in_008,5
2024,다다472980,to_in_001,5
2024,다다472980,to_in_007,5
2024,다다472980,to_in_008,0
2024,다다472981,to_in_001,5
2024,다다472981,to_in_007,5
2024,다다472981,to_in_008,5
2024,다다472993,to_in_001,5
2024,다다472993,to_in_007,5
2024,다다472993,to_in_008,5
2024,다다472994,to_in_001,8
2024,다다472994,to_in_007,8
2024,다다472994,to_in_008,5
2024,다다472995,to_in_001,18
2024,다다472995,to_in_007,13
2024,다다472995,to_in_008,8
2024,다다472996,to_in_001,5
2024,다다472996,to_in_007,0
2024,다다472996,to_in_008,5
2024,다다472997,to_in_001,5
2024,다다472997,to_in_007,5
2024,다다472997,to_in_008,0
2024,다다473975,to_in_001,8
2024,다다473975,to_in_007,5
2024,다다473975,to_in_008,5
2024,다다473976,to_in_001,5
2024,다다473976,to_in_007,5
2024,다다473976,to_in_008,5
2024,다다473982,to_in_001,13
2024,다다473982,to_in_007,8
2024,다다473982,to_in_008,5
2024,다다473983,to_in_001,0
2024,다다473983,to_in_007,0
2024,다다473983,to_in_008,0
2024,다다473991,to_in_001,5
2024,다다473991,to_in_007,0
2024,다다473991,to_in_008,0
2024,다다473993,to_in_001,8
2024,다다473993,to_in_007,8
2024,다다473993,to_in_008,0
2024,다다473994,to_in_001,8
2024,다다473994,to_in_007,5
2024,다다473994,to_in_008,5
2024,다다473995,to_in_001,0
2024,다다473995,to_in_007,0
2024,다다473995,to_in_008,0
2024,다다473996,to_in_001,8
2024,다다473996,to_in_007,8
2024,다다473996,to_in_008,5
2024,다다473997,to_in_001,5
2024,다다473997,to_in_007,5
2024,다다473997,to_in_008,0
2024,다다473998,to_in_001,0
2024,다다473998,to_in_007,0
2024,다다473998,to_in_008,0
2024,다다474976,to_in_001,8
2024,다다474976,to_in_007,5
2024,다다474976,to_in_008,5
2024,다다474977,to_in_001,5
2024,다다474977,to_in_007,5
2024,다다474977,to_in_008,0
2024,다다474982,to_in_001,8
2024,다다474982,to_in_007,5
2024,다다474982,to_in_008,5
2024,다다474990,to_in_001,5
2024,다다474990,to_in_007,0
2024,다다474990,to_in_008,5
2024,다다474991,to_in_001,5
2024,다다474991,to_in_007,0
2024,다다474991,to_in_008,0
2024,다다474992,to_in_001,5
2024,다다474992,to_in_007,0
2024,다다474992,to_in_008,0
2024,다다474994,to_in_001,5
2024,다다474994,to_in_007,5
2024,다다474994,to_in_008,5
2024,다다474995,to_in_001,13
2024,다다474995,to_in_007,8
2024,다다474995,to_in_008,8
2024,다다474997,to_in_001,8
2024,다다474997,to_in_007,5
2024,다다474997,to_in_008,5
2024,다다475990,to_in_001,5
2024,다다475990,to_in_007,0
2024,다다475990,to_in_008,0
2024,다다475991,to_in_001,8
2024,다다475991,to_in_007,8
2024,다다475991,to_in_008,5
2024,다다475997,to_in_001,8
2024,다다475997,to_in_007,5
2024,다다475997,to_in_008,5
2024,다다476982,to_in_001,5
2024,다다476982,to_in_007,5
2024,다다476982,to_in_008,0
2024,다다492006,to_in_001,5
2024,다다492006,to_in_007,5
2024,다다492006,to_in_008,0
2024,다다492007,to_in_001,8
2024,다다492007,to_in_007,8
2024,다다492007,to_in_008,5
2024,다다492008,to_in_001,13
2024,다다492008,to_in_007,8
2024,다다492008,to_in_008,8
2024,다다492009,to_in_001,5
2024,다다492009,to_in_007,5
2024,다다492009,to_in_008,0
2024,다다492010,to_in_001,5
2024,다다492010,to_in_007,5
2024,다다492010,to_in_008,0
2024,다다492011,to_in_001,5
2024,다다492011,to_in_007,5
2024,다다492011,to_in_008,0
2024,다다492015,to_in_001,5
2024,다다492015,to_in_007,0
2024,다다492015,to_in_008,0
2024,다다492016,to_in_001,8
2024,다다492016,to_in_007,5
2024,다다492016,to_in_008,5
2024,다다492017,to_in_001,5
2024,다다492017,to_in_007,5
2024,다다492017,to_in_008,0
2024,다다492019,to_in_001,18
2024,다다492019,to_in_007,8
2024,다다492019,to_in_008,8
2024,다다492020,to_in_001,28
2024,다다492020,to_in_007,18
2024,다다492020,to_in_008,13
2024,다다492021,to_in_001,5
2024,다다492021,to_in_007,0
2024,다다492021,to_in_008,0
2024,다다492027,to_in_001,0
2024,다다492027,to_in_007,0
2024,다다492027,to_in_008,0
2024,다다492028,to_in_001,8
2024,다다492028,to_in_007,5
2024,다다492028,to_in_008,5
2024,다다492029,to_in_001,23
2024,다다492029,to_in_007,13
2024,다다492029,to_in_008,13
2024,다다492030,to_in_001,23
2024,다다492030,to_in_007,13
2024,다다492030,to_in_008,8
2024,다다492034,to_in_001,13
2024,다다492034,to_in_007,8
2024,다다492034,to_in_008,8
2024,다다492035,to_in_001,5
2024,다다492035,to_in_007,5
2024,다다492035,to_in_008,0
2024,다다493003,to_in_001,0
2024,다다493003,to_in_007,0
2024,다다493003,to_in_008,0
2024,다다493017,to_in_001,0
2024,다다493017,to_in_007,0
2024,다다493017,to_in_008,0
2024,다다493018,to_in_001,18
2024,다다493018,to_in_007,8
2024,다다493018,to_in_008,13
2024,다다493019,to_in_001,13
2024,다다493019,to_in_007,5
2024,다다493019,to_in_008,8
2024,다다493020,to_in_001,8
2024,다다493020,to_in_007,5
2024,다다493020,to_in_008,5
2024,다다493026,to_in_001,5
2024,다다493026,to_in_007,0
2024,다다493026,to_in_008,0
2024,다다493027,to_in_001,5
2024,다다493027,to_in_007,5
2024,다다493027,to_in_008,0
2024,다다493028,to_in_001,8
2024,다다493028,to_in_007,5
2024,다다493028,to_in_008,5
2024,다다493029,to_in_001,8
2024,다다493029,to_in_007,5
2024,다다493029,to_in_008,5
2024,다다493036,to_in_001,5
2024,다다493036,to_in_007,5
2024,다다493036,to_in_008,5
2024,다다494016,to_in_001,18
2024,다다494016,to_in_007,8
2024,다다494016,to_in_008,8
2024,다다494017,to_in_001,5
2024,다다494017,to_in_007,5
2024,다다494017,to_in_008,0
2024,다다494018,to_in_001,5
2024,다다494018,to_in_007,5
2024,다다494018,to_in_008,0
2024,다다494022,to_in_001,8
2024,다다494022,to_in_007,8
2024,다다494022,to_in_008,0
2024,다다494028,to_in_001,5
2024,다다494028,to_in_007,0
2024,다다494028,to_in_008,5
2024,다다494034,to_in_001,5
2024,다다494034,to_in_007,5
2024,다다494034,to_in_008,0
2024,다다495011,to_in_001,5
2024,다다495011,to_in_007,0
2024,다다495011,to_in_008,0
2024,다다495024,to_in_001,5
2024,다다495024,to_in_007,5
2024,다다495024,to_in_008,0
2024,다다495025,to_in_001,8
2024,다다495025,to_in_007,5
2024,다다495025,to_in_008,5
2024,다다495026,to_in_001,5
2024,다다495026,to_in_007,5
2024,다다495026,to_in_008,5
2024,다다505026,to_in_001,5
2024,다다505026,to_in_007,0
2024,다다505026,to_in_008,5
2024,다다505911,to_in_001,5
2024,다다505911,to_in_007,0
2024,다다505911,to_in_008,0
2024,다다505917,to_in_001,5
2024,다다505917,to_in_007,0
2024,다다505917,to_in_008,0
2024,다다505919,to_in_001,18
2024,다다490030,to_in_007,5
2024,다다490030,to_in_008,5
2024,다다490031,to_in_001,23
2024,다다490031,to_in_007,13
2024,다다490031,to_in_008,13
2024,다다490032,to_in_001,8
2024,다다490032,to_in_007,5
2024,다다490032,to_in_008,5
2024,다다490983,to_in_001,5
2024,다다490983,to_in_007,5
2024,다다490983,to_in_008,0
2024,다다491002,to_in_001,8
2024,다다491002,to_in_007,5
2024,다다491002,to_in_008,8
2024,다다491003,to_in_001,8
2024,다다491003,to_in_007,5
2024,다다491003,to_in_008,5
2024,다다491004,to_in_001,8
2024,다다491004,to_in_007,5
2024,다다491004,to_in_008,5
2024,다다491005,to_in_001,5
2024,다다491005,to_in_007,5
2024,다다491005,to_in_008,5
2024,다다491006,to_in_001,5
2024,다다491006,to_in_007,0
2024,다다491006,to_in_008,5
2024,다다491007,to_in_001,13
2024,다다491007,to_in_007,8
2024,다다491007,to_in_008,5
2024,다다491008,to_in_001,0
2024,다다491008,to_in_007,0
2024,다다491008,to_in_008,0
2024,다다491009,to_in_001,0
2024,다다491009,to_in_007,0
2024,다다491009,to_in_008,0
2024,다다491010,to_in_001,8
2024,다다491010,to_in_007,5
2024,다다491010,to_in_008,8
2024,다다491017,to_in_001,5
2024,다다491017,to_in_007,5
2024,다다491017,to_in_008,0
2024,다다491019,to_in_001,13
2024,다다491019,to_in_007,8
2024,다다491019,to_in_008,8
2024,다다491020,to_in_001,13
2024,다다491020,to_in_007,8
2024,다다491020,to_in_008,5
2024,다다491021,to_in_001,5
2024,다다491021,to_in_007,0
2024,다다491021,to_in_008,5
2024,다다491023,to_in_001,5
2024,다다491023,to_in_007,5
2024,다다491023,to_in_008,0
2024,다다491028,to_in_001,5
2024,다다491028,to_in_007,0
2024,다다491028,to_in_008,5
2024,다다491029,to_in_001,5
2024,다다491029,to_in_007,5
2024,다다491029,to_in_008,5
2024,다다491030,to_in_001,23
2024,다다491030,to_in_007,13
2024,다다491030,to_in_008,8
2024,다다491031,to_in_001,8
2024,다다491031,to_in_007,5
2024,다다491031,to_in_008,5
2024,다다491037,to_in_001,0
2024,다다491037,to_in_007,0
2024,다다491037,to_in_008,0
2024,다다491982,to_in_001,8
2024,다다491982,to_in_007,8
2024,다다491982,to_in_008,8
2024,다다491983,to_in_001,5
2024,다다491983,to_in_007,5
2024,다다491983,to_in_008,0
2024,다다492003,to_in_001,5
2024,다다492003,to_in_007,5
2024,다다492003,to_in_008,5
2024,다다566948,to_in_001,5
2024,다다566948,to_in_007,5
2024,다다566948,to_in_008,5
2024,다다566950,to_in_001,8
2024,다다566950,to_in_007,5
2024,다다566950,to_in_008,8
2024,다다566951,to_in_001,23
2024,다다566951,to_in_007,13
2024,다다566951,to_in_008,8
2024,다다566952,to_in_001,18
2024,다다566952,to_in_007,8
2024,다다566952,to_in_008,8
2024,다다566953,to_in_001,28
2024,다다566953,to_in_007,18
2024,다다566953,to_in_008,13
2024,다다566954,to_in_001,0
2024,다다566954,to_in_007,0
2024,다다566954,to_in_008,0
2024,다다566964,to_in_001,18
2024,다다566964,to_in_007,13
2024,다다566964,to_in_008,8
2024,다다566965,to_in_001,35
2024,다다566965,to_in_007,20
2024,다다566965,to_in_008,13
2024,다다566966,to_in_001,28
2024,다다566966,to_in_007,18
2024,다다566966,to_in_008,13
2024,다다566967,to_in_001,18
2024,다다566967,to_in_007,8
2024,다다566967,to_in_008,8
2024,다다566975,to_in_001,5
2024,다다566975,to_in_007,5
2024,다다566975,to_in_008,5
2024,다다566976,to_in_001,8
2024,다다566976,to_in_007,8
2024,다다566976,to_in_008,0
2024,다다567950,to_in_001,23
2024,다다567950,to_in_007,18
2024,다다567950,to_in_008,8
2024,다다567951,to_in_001,28
2024,다다567951,to_in_007,18
2024,다다567951,to_in_008,13
2024,다다567952,to_in_001,33
2024,다다567952,to_in_007,18
2024,다다567952,to_in_008,13
2024,다다567953,to_in_001,5
2024,다다567953,to_in_007,0
2024,다다567953,to_in_008,5
2024,다다568950,to_in_001,23
2024,다다568950,to_in_007,13
2024,다다568950,to_in_008,13
2024,다다568951,to_in_001,33
2024,다다568951,to_in_007,23
2024,다다568951,to_in_008,8
2024,다다569938,to_in_001,5
2024,다다569938,to_in_007,5
2024,다다569938,to_in_008,0
2024,다다569941,to_in_001,0
2024,다다569941,to_in_007,0
2024,다다569941,to_in_008,0
2024,다다569946,to_in_001,5
2024,다다569946,to_in_007,0
2024,다다569946,to_in_008,0
2024,다다569950,to_in_001,5
2024,다다569950,to_in_007,0
2024,다다569950,to_in_008,0
2024,다다569951,to_in_001,43
2024,다다569951,to_in_007,23
2024,다다569951,to_in_008,18
2024,다다569954,to_in_001,13
2024,다다569954,to_in_007,5
2024,다다569954,to_in_008,8
2024,다다570949,to_in_001,17
2024,다다570949,to_in_007,0
2024,다다570949,to_in_008,17
2024,다다570952,to_in_001,13
2024,다다570952,to_in_007,8
2024,다다570952,to_in_008,8
2024,다다570953,to_in_001,5
2024,다다570953,to_in_007,5
2024,다다570953,to_in_008,5
2024,다다570956,to_in_001,0
2024,다다570956,to_in_007,0
2024,다다570956,to_in_008,0
2024,다다570957,to_in_001,13
2024,다다570957,to_in_007,5
2024,다다570957,to_in_008,8
2024,다다570958,to_in_001,18
2024,다다570958,to_in_007,13
2024,다다570958,to_in_008,8
2024,다다571953,to_in_001,8
2024,다다571953,to_in_007,5
2024,다다571953,to_in_008,5
2024,다다571954,to_in_001,5
2024,다다571954,to_in_007,0
2024,다다571954,to_in_008,5
2024,다다571955,to_in_001,18
2024,다다571955,to_in_007,8
2024,다다571955,to_in_008,8
2024,다다571956,to_in_001,8
2024,다다571956,to_in_007,5
2024,다다571956,to_in_008,8
2024,다다571957,to_in_001,13
2024,다다571957,to_in_007,8
2024,다다571957,to_in_008,5
2024,다다579947,to_in_001,23
2024,다다579947,to_in_007,18
2024,다다579947,to_in_008,8
2024,다다579948,to_in_001,18
2024,다다579948,to_in_007,8
2024,다다579948,to_in_008,8
2024,다다579949,to_in_001,13
2024,다다579949,to_in_007,13
2024,다다579949,to_in_008,5
2024,다다579960,to_in_001,13
2024,다다579960,to_in_007,8
2024,다다579960,to_in_008,5
2024,다다579961,to_in_001,0
2024,다다579961,to_in_007,0
2024,다다579961,to_in_008,0
2024,다다579967,to_in_001,5
2024,다다579967,to_in_007,5
2024,다다579967,to_in_008,0
2024,다다579968,to_in_001,5
2024,다다579968,to_in_007,5
2024,다다579968,to_in_008,0
2024,다다580949,to_in_001,5
2024,다다580949,to_in_007,5
2024,다다580949,to_in_008,0
2024,다다581928,to_in_001,8
2024,다다581928,to_in_007,5
2024,다다581928,to_in_008,8
2024,다다581964,to_in_001,8
2024,다다581964,to_in_007,8
2024,다다581964,to_in_008,5
2024,다다582926,to_in_001,8
2024,다다582926,to_in_007,5
2024,다다582926,to_in_008,5
2024,다다582927,to_in_001,5
2024,다다582927,to_in_007,5
2024,다다582927,to_in_008,5
2024,다다582928,to_in_001,13
2024,다다582928,to_in_007,8
2024,다다582928,to_in_008,8
2024,다다582951,to_in_001,5
2024,다다582951,to_in_007,0
2024,다다582951,to_in_008,0
2024,다다582963,to_in_001,5
2024,다다582963,to_in_007,5
2024,다다582963,to_in_008,0
2024,다다582993,to_in_001,8
2024,다다582993,to_in_007,5
2024,다다582993,to_in_008,5
2024,다다582994,to_in_001,8
2024,다다582994,to_in_007,5
2024,다다582994,to_in_008,8
2024,다다583925,to_in_001,13
2024,다다583925,to_in_007,8
2024,다다583925,to_in_008,5
2024,다다583926,to_in_001,38
2024,다다583926,to_in_007,18
2024,다다583926,to_in_008,18
2024,다다583927,to_in_001,56
2024,다다583927,to_in_007,30
2024,다다583927,to_in_008,24
2024,다다583928,to_in_001,28
2024,다다583928,to_in_007,13
2024,다다583928,to_in_008,13
2024,다다583962,to_in_001,13
2024,다다583962,to_in_007,8
2024,다다583962,to_in_008,0
2024,다다583994,to_in_001,5
2024,다다583994,to_in_007,5
2024,다다583994,to_in_008,0
2024,다다584925,to_in_001,13
2024,다다584925,to_in_007,8
2024,다다584925,to_in_008,8
2024,다다584927,to_in_001,68
2024,다다584927,to_in_007,33
2024,다다584927,to_in_008,33
2024,다다584928,to_in_001,46
2024,다다584928,to_in_007,31
2024,다다584928,to_in_008,13
2024,다다584942,to_in_001,13
2024,다다584942,to_in_007,8
2024,다다584942,to_in_008,5
2024,다다584994,to_in_001,8
2024,다다584994,to_in_007,8
2024,다다584994,to_in_008,0
2024,다다585924,to_in_001,0
2024,다다585924,to_in_007,0
2024,다다585924,to_in_008,0
2024,다다585925,to_in_001,5
2024,다다585925,to_in_007,5
2024,다다585925,to_in_008,5
2024,다다585926,to_in_001,8
2024,다다585926,to_in_007,5
2024,다다585926,to_in_008,5
2024,다다585927,to_in_001,18
2024,다다585927,to_in_007,8
2024,다다585927,to_in_008,8
2024,다다585942,to_in_001,5
2024,다다585942,to_in_007,5
2024,다다585942,to_in_008,0
2024,다다585954,to_in_001,5
2024,다다585954,to_in_007,0
2024,다다585954,to_in_008,5
2024,다다586924,to_in_001,5
2024,다다586924,to_in_007,5
2024,다다586924,to_in_008,5
2024,다다606939,to_in_001,8
2024,다다606939,to_in_007,5
2024,다다606939,to_in_008,5
2024,다다606948,to_in_001,0
2024,다다606948,to_in_007,0
2024,다다606948,to_in_008,0
2024,다다607776,to_in_001,0
2024,다다607776,to_in_007,0
2024,다다607776,to_in_008,0
2024,다다607777,to_in_001,5
2024,다다607777,to_in_007,0
2024,다다607777,to_in_008,0
2024,다다505919,to_in_007,13
2024,다다505919,to_in_008,8
2024,다다505920,to_in_001,13
2024,다다505920,to_in_007,8
2024,다다505920,to_in_008,8
2024,다다505921,to_in_001,0
2024,다다505921,to_in_007,0
2024,다다505921,to_in_008,0
2024,다다506007,to_in_001,8
2024,다다506007,to_in_007,8
2024,다다506007,to_in_008,5
2024,다다506914,to_in_001,5
2024,다다506914,to_in_007,0
2024,다다506914,to_in_008,5
2024,다다506918,to_in_001,5
2024,다다506918,to_in_007,5
2024,다다506918,to_in_008,5
2024,다다506919,to_in_001,23
2024,다다506919,to_in_007,13
2024,다다506919,to_in_008,8
2024,다다506920,to_in_001,8
2024,다다506920,to_in_007,5
2024,다다506920,to_in_008,8
2024,다다506921,to_in_001,5
2024,다다506921,to_in_007,0
2024,다다506921,to_in_008,5
2024,다다506934,to_in_001,5
2024,다다506934,to_in_007,5
2024,다다506934,to_in_008,0
2024,다다507012,to_in_001,5
2024,다다507012,to_in_007,5
2024,다다507012,to_in_008,0
2024,다다507911,to_in_001,5
2024,다다507911,to_in_007,5
2024,다다507911,to_in_008,5
2024,다다507919,to_in_001,8
2024,다다507919,to_in_007,5
2024,다다507919,to_in_008,5
2024,다다507932,to_in_001,5
2024,다다507932,to_in_007,0
2024,다다507932,to_in_008,0
2024,다다508911,to_in_001,5
2024,다다508911,to_in_007,0
2024,다다508911,to_in_008,5
2024,다다509910,to_in_001,5
2024,다다509910,to_in_007,5
2024,다다509910,to_in_008,0
2024,다다509911,to_in_001,5
2024,다다509911,to_in_007,5
2024,다다509911,to_in_008,5
2024,다다511939,to_in_001,8
2024,다다511939,to_in_007,5
2024,다다511939,to_in_008,5
2024,다다512909,to_in_001,5
2024,다다512909,to_in_007,0
2024,다다512909,to_in_008,5
2024,다다512938,to_in_001,0
2024,다다512938,to_in_007,0
2024,다다512938,to_in_008,0
2024,다다514938,to_in_001,5
2024,다다514938,to_in_007,0
2024,다다514938,to_in_008,5
2024,다다516938,to_in_001,5
2024,다다516938,to_in_007,5
2024,다다516938,to_in_008,0
2024,다다518936,to_in_001,5
2024,다다518936,to_in_007,0
2024,다다518936,to_in_008,5
2024,다다518937,to_in_001,8
2024,다다518937,to_in_007,8
2024,다다518937,to_in_008,0
2024,다다519937,to_in_001,5
2024,다다519937,to_in_007,5
2024,다다519937,to_in_008,0
2024,다다520935,to_in_001,5
2024,다다520935,to_in_007,5
2024,다다520935,to_in_008,0
2024,다다520937,to_in_001,5
2024,다다520937,to_in_007,0
2024,다다520937,to_in_008,5
2024,다다520938,to_in_001,5
2024,다다520938,to_in_007,0
2024,다다520938,to_in_008,0
2024,다다525937,to_in_001,5
2024,다다525937,to_in_007,5
2024,다다525937,to_in_008,0
2024,다다525938,to_in_001,5
2024,다다525938,to_in_007,5
2024,다다525938,to_in_008,0
2024,다다526937,to_in_001,8
2024,다다526937,to_in_007,8
2024,다다526937,to_in_008,5
2024,다다526938,to_in_001,8
2024,다다526938,to_in_007,8
2024,다다526938,to_in_008,5
2024,다다526939,to_in_001,13
2024,다다526939,to_in_007,8
2024,다다526939,to_in_008,8
2024,다다526940,to_in_001,5
2024,다다526940,to_in_007,0
2024,다다526940,to_in_008,0
2024,다다527909,to_in_001,0
2024,다다527909,to_in_007,0
2024,다다527909,to_in_008,0
2024,다다552843,to_in_001,13
2024,다다552843,to_in_007,8
2024,다다552843,to_in_008,8
2024,다다552844,to_in_001,8
2024,다다552844,to_in_007,8
2024,다다552844,to_in_008,8
2024,다다552924,to_in_001,5
2024,다다552924,to_in_007,5
2024,다다552924,to_in_008,0
2024,다다552931,to_in_001,5
2024,다다552931,to_in_007,5
2024,다다552931,to_in_008,0
2024,다다552968,to_in_001,5
2024,다다552968,to_in_007,5
2024,다다552968,to_in_008,5
2024,다다553839,to_in_001,5
2024,다다553839,to_in_007,5
2024,다다553839,to_in_008,0
2024,다다553840,to_in_001,5
2024,다다553840,to_in_007,5
2024,다다553840,to_in_008,5
2024,다다553841,to_in_001,13
2024,다다553841,to_in_007,8
2024,다다553841,to_in_008,8
2024,다다553842,to_in_001,18
2024,다다553842,to_in_007,8
2024,다다553842,to_in_008,8
2024,다다553843,to_in_001,23
2024,다다553843,to_in_007,13
2024,다다553843,to_in_008,8
2024,다다553844,to_in_001,0
2024,다다553844,to_in_007,0
2024,다다553844,to_in_008,0
2024,다다553967,to_in_001,16
2024,다다553967,to_in_007,16
2024,다다553967,to_in_008,0
2024,다다553968,to_in_001,18
2024,다다553968,to_in_007,13
2024,다다553968,to_in_008,5
2024,다다554958,to_in_001,5
2024,다다554958,to_in_007,5
2024,다다554958,to_in_008,0
2024,다다554967,to_in_001,8
2024,다다554967,to_in_007,0
2024,다다554967,to_in_008,8
2024,다다554968,to_in_001,8
2024,다다554968,to_in_007,5
2024,다다554968,to_in_008,5
2024,다다554969,to_in_001,23
2024,다다554969,to_in_007,13
2024,다다554969,to_in_008,8
2024,다다555966,to_in_001,8
2024,다다555966,to_in_007,5
2024,다다555966,to_in_008,5
2024,다다555967,to_in_001,5
2024,다다555967,to_in_007,5
2024,다다555967,to_in_008,0
2024,다다555968,to_in_001,23
2024,다다555968,to_in_007,13
2024,다다555968,to_in_008,13
2024,다다555969,to_in_001,18
2024,다다555969,to_in_007,13
2024,다다555969,to_in_008,8
2024,다다555970,to_in_001,5
2024,다다555970,to_in_007,5
2024,다다555970,to_in_008,0
2024,다다556957,to_in_001,5
2024,다다556957,to_in_007,0
2024,다다556957,to_in_008,0
2024,다다556965,to_in_001,5
2024,다다556965,to_in_007,0
2024,다다556965,to_in_008,5
2024,다다556966,to_in_001,50
2024,다다556966,to_in_007,30
2024,다다556966,to_in_008,18
2024,다다556967,to_in_001,28
2024,다다556967,to_in_007,18
2024,다다556967,to_in_008,13
2024,다다556968,to_in_001,18
2024,다다556968,to_in_007,8
2024,다다556968,to_in_008,8
2024,다다557957,to_in_001,43
2024,다다557957,to_in_007,18
2024,다다557957,to_in_008,28
2024,다다557958,to_in_001,13
2024,다다557958,to_in_007,8
2024,다다557958,to_in_008,8
2024,다다557964,to_in_001,5
2024,다다557964,to_in_007,0
2024,다다557964,to_in_008,0
2024,다다557965,to_in_001,13
2024,다다557965,to_in_007,8
2024,다다557965,to_in_008,5
2024,다다557966,to_in_001,53
2024,다다557966,to_in_007,33
2024,다다557966,to_in_008,18
2024,다다557967,to_in_001,39
2024,다다557967,to_in_007,29
2024,다다557967,to_in_008,8
2024,다다558955,to_in_001,5
2024,다다558955,to_in_007,5
2024,다다558955,to_in_008,0
2024,다다558956,to_in_001,38
2024,다다558956,to_in_007,23
2024,다다558956,to_in_008,13
2024,다다558957,to_in_001,33
2024,다다558957,to_in_007,18
2024,다다558957,to_in_008,13
2024,다다558958,to_in_001,5
2024,다다558958,to_in_007,5
2024,다다558958,to_in_008,0
2024,다다558965,to_in_001,0
2024,다다558965,to_in_007,0
2024,다다558965,to_in_008,0
2024,다다558967,to_in_001,0
2024,다다558967,to_in_007,0
2024,다다558967,to_in_008,0
2024,다다559955,to_in_001,13
2024,다다559955,to_in_007,8
2024,다다559955,to_in_008,5
2024,다다559956,to_in_001,18
2024,다다559956,to_in_007,8
2024,다다559956,to_in_008,8
2024,다다559957,to_in_001,28
2024,다다559957,to_in_007,18
2024,다다559957,to_in_008,13
2024,다다586926,to_in_001,18
2024,다다586926,to_in_007,13
2024,다다586926,to_in_008,5
2024,다다586942,to_in_001,13
2024,다다586942,to_in_007,5
2024,다다586942,to_in_008,8
2024,다다586943,to_in_001,8
2024,다다586943,to_in_007,5
2024,다다586943,to_in_008,8
2024,다다587928,to_in_001,13
2024,다다587928,to_in_007,8
2024,다다587928,to_in_008,8
2024,다다587941,to_in_001,8
2024,다다587941,to_in_007,5
2024,다다587941,to_in_008,5
2024,다다587942,to_in_001,48
2024,다다587942,to_in_007,28
2024,다다587942,to_in_008,23
2024,다다587943,to_in_001,23
2024,다다587943,to_in_007,13
2024,다다587943,to_in_008,13
2024,다다588929,to_in_001,5
2024,다다588929,to_in_007,5
2024,다다588929,to_in_008,5
2024,다다588930,to_in_001,8
2024,다다588930,to_in_007,5
2024,다다588930,to_in_008,5
2024,다다588940,to_in_001,5
2024,다다588940,to_in_007,0
2024,다다588940,to_in_008,5
2024,다다588941,to_in_001,28
2024,다다588941,to_in_007,13
2024,다다588941,to_in_008,13
2024,다다588942,to_in_001,28
2024,다다588942,to_in_007,13
2024,다다588942,to_in_008,13
2024,다다588943,to_in_001,18
2024,다다588943,to_in_007,8
2024,다다588943,to_in_008,8
2024,다다589932,to_in_001,5
2024,다다589932,to_in_007,5
2024,다다589932,to_in_008,5
2024,다다589940,to_in_001,0
2024,다다589940,to_in_007,0
2024,다다589940,to_in_008,0
2024,다다589941,to_in_001,34
2024,다다589941,to_in_007,19
2024,다다589941,to_in_008,13
2024,다다589942,to_in_001,48
2024,다다589942,to_in_007,28
2024,다다589942,to_in_008,18
2024,다다589955,to_in_001,5
2024,다다589955,to_in_007,5
2024,다다589955,to_in_008,0
2024,다다590930,to_in_001,0
2024,다다590930,to_in_007,0
2024,다다590930,to_in_008,0
2024,다다590931,to_in_001,8
2024,다다590931,to_in_007,0
2024,다다590931,to_in_008,8
2024,다다590936,to_in_001,5
2024,다다590936,to_in_007,5
2024,다다590936,to_in_008,0
2024,다다480987,to_in_001,8
2024,다다480987,to_in_007,8
2024,다다480987,to_in_008,5
2024,다다480988,to_in_001,5
2024,다다480988,to_in_007,0
2024,다다480988,to_in_008,5
2024,다다480989,to_in_001,8
2024,다다480989,to_in_007,8
2024,다다480989,to_in_008,5
2024,다다480990,to_in_001,8
2024,다다480990,to_in_007,5
2024,다다480990,to_in_008,8
2024,다다481014,to_in_001,0
2024,다다481014,to_in_007,0
2024,다다481014,to_in_008,0
2024,다다481017,to_in_001,5
2024,다다481017,to_in_007,5
2024,다다481017,to_in_008,5
2024,다다481987,to_in_001,28
2024,다다481987,to_in_007,13
2024,다다481987,to_in_008,13
2024,다다481988,to_in_001,43
2024,다다481988,to_in_007,18
2024,다다481988,to_in_008,23
2024,다다481989,to_in_001,13
2024,다다481989,to_in_007,5
2024,다다481989,to_in_008,8
2024,다다482014,to_in_001,8
2024,다다482014,to_in_007,5
2024,다다482014,to_in_008,5
2024,다다482015,to_in_001,5
2024,다다482015,to_in_007,5
2024,다다482015,to_in_008,0
2024,다다482017,to_in_001,5
2024,다다482017,to_in_007,0
2024,다다482017,to_in_008,0
2024,다다482018,to_in_001,5
2024,다다482018,to_in_007,5
2024,다다482018,to_in_008,0
2024,다다482987,to_in_001,5
2024,다다482987,to_in_007,5
2024,다다482987,to_in_008,5
2024,다다482988,to_in_001,28
2024,다다482988,to_in_007,18
2024,다다482988,to_in_008,13
2024,다다482991,to_in_001,8
2024,다다482991,to_in_007,5
2024,다다482991,to_in_008,5
2024,다다483005,to_in_001,5
2024,다다483005,to_in_007,5
2024,다다483005,to_in_008,5
2024,다다483013,to_in_001,8
2024,다다483013,to_in_007,8
2024,다다483013,to_in_008,8
2024,다다483018,to_in_001,5
2024,다다483018,to_in_007,5
2024,다다483018,to_in_008,0
2024,다다502017,to_in_001,5
2024,다다502017,to_in_007,0
2024,다다502017,to_in_008,5
2024,다다502019,to_in_001,0
2024,다다502019,to_in_007,0
2024,다다502019,to_in_008,0
2024,다다502020,to_in_001,18
2024,다다502020,to_in_007,8
2024,다다502020,to_in_008,8
2024,다다502021,to_in_001,13
2024,다다502021,to_in_007,8
2024,다다502021,to_in_008,5
2024,다다502022,to_in_001,18
2024,다다502022,to_in_007,8
2024,다다502022,to_in_008,8
2024,다다502023,to_in_001,28
2024,다다502023,to_in_007,13
2024,다다502023,to_in_008,13
2024,다다502024,to_in_001,13
2024,다다502024,to_in_007,8
2024,다다502024,to_in_008,5
2024,다다502025,to_in_001,8
2024,다다502025,to_in_007,5
2024,다다502025,to_in_008,8
2024,다다502918,to_in_001,5
2024,다다502918,to_in_007,5
2024,다다502918,to_in_008,5
2024,다다502921,to_in_001,0
2024,다다502921,to_in_007,0
2024,다다502921,to_in_008,0
2024,다다502922,to_in_001,0
2024,다다502922,to_in_007,0
2024,다다502922,to_in_008,0
2024,다다503009,to_in_001,5
2024,다다503009,to_in_007,0
2024,다다503009,to_in_008,5
2024,다다503012,to_in_001,5
2024,다다503012,to_in_007,5
2024,다다503012,to_in_008,0
2024,다다503013,to_in_001,5
2024,다다503013,to_in_007,0
2024,다다503013,to_in_008,5
2024,다다503014,to_in_001,23
2024,다다503014,to_in_007,8
2024,다다503014,to_in_008,13
2024,다다503017,to_in_001,8
2024,다다503017,to_in_007,5
2024,다다503017,to_in_008,8
2024,다다503021,to_in_001,5
2024,다다503021,to_in_007,5
2024,다다503021,to_in_008,0
2024,다다503022,to_in_001,13
2024,다다503022,to_in_007,8
2024,다다503022,to_in_008,8
2024,다다503023,to_in_001,18
2024,다다503023,to_in_007,8
2024,다다503023,to_in_008,13
2024,다다503919,to_in_001,8
2024,다다503919,to_in_007,5
2024,다다503919,to_in_008,5
2024,다다503920,to_in_001,8
2024,다다503920,to_in_007,5
2024,다다503920,to_in_008,5
2024,다다503921,to_in_001,5
2024,다다503921,to_in_007,5
2024,다다503921,to_in_008,0
2024,다다504012,to_in_001,5
2024,다다504012,to_in_007,5
2024,다다504012,to_in_008,0
2024,다다504013,to_in_001,13
2024,다다504013,to_in_007,8
2024,다다504013,to_in_008,5
2024,다다504017,to_in_001,8
2024,다다504017,to_in_007,5
2024,다다504017,to_in_008,5
2024,다다504019,to_in_001,5
2024,다다504019,to_in_007,0
2024,다다504019,to_in_008,0
2024,다다504020,to_in_001,0
2024,다다504020,to_in_007,0
2024,다다504020,to_in_008,0
2024,다다504919,to_in_001,8
2024,다다504919,to_in_007,8
2024,다다504919,to_in_008,5
2024,다다504920,to_in_001,8
2024,다다504920,to_in_007,8
2024,다다504920,to_in_008,0
2024,다다504921,to_in_001,5
2024,다다504921,to_in_007,5
2024,다다504921,to_in_008,0
2024,다다505007,to_in_001,13
2024,다다505007,to_in_007,8
2024,다다505007,to_in_008,5
2024,다다505008,to_in_001,13
2024,다다505008,to_in_007,8
2024,다다505008,to_in_008,8
2024,다다505009,to_in_001,5
2024,다다505009,to_in_007,0
2024,다다505009,to_in_008,5
2024,다다505010,to_in_001,8
2024,다다505010,to_in_007,5
2024,다다505010,to_in_008,5
2024,다다505011,to_in_001,8
2024,다다505011,to_in_007,5
2024,다다505011,to_in_008,5
2024,다다505012,to_in_001,8
2024,다다505012,to_in_007,8
2024,다다505012,to_in_008,8
2024,다다505013,to_in_001,5
2024,다다505013,to_in_007,5
2024,다다505013,to_in_008,5
2024,다다505014,to_in_001,8
2024,다다505014,to_in_007,0
2024,다다505014,to_in_008,8
2024,다다559958,to_in_001,8
2024,다다559958,to_in_007,8
2024,다다559958,to_in_008,0
2024,다다559964,to_in_001,5
2024,다다559964,to_in_007,5
2024,다다559964,to_in_008,5
2024,다다560955,to_in_001,5
2024,다다560955,to_in_007,0
2024,다다560955,to_in_008,0
2024,다다560957,to_in_001,5
2024,다다560957,to_in_007,5
2024,다다560957,to_in_008,0
2024,다다560958,to_in_001,5
2024,다다560958,to_in_007,0
2024,다다560958,to_in_008,5
2024,다다560959,to_in_001,5
2024,다다560959,to_in_007,5
2024,다다560959,to_in_008,5
2024,다다560962,to_in_001,5
2024,다다560962,to_in_007,5
2024,다다560962,to_in_008,5
2024,다다560981,to_in_001,5
2024,다다560981,to_in_007,0
2024,다다560981,to_in_008,0
2024,다다561954,to_in_001,5
2024,다다561954,to_in_007,0
2024,다다561954,to_in_008,5
2024,다다561955,to_in_001,8
2024,다다561955,to_in_007,8
2024,다다561955,to_in_008,0
2024,다다562952,to_in_001,5
2024,다다562952,to_in_007,0
2024,다다562952,to_in_008,0
2024,다다562953,to_in_001,5
2024,다다562953,to_in_007,5
2024,다다562953,to_in_008,5
2024,다다562954,to_in_001,13
2024,다다562954,to_in_007,8
2024,다다562954,to_in_008,5
2024,다다562960,to_in_001,5
2024,다다562960,to_in_007,5
2024,다다562960,to_in_008,5
2024,다다562962,to_in_001,8
2024,다다562962,to_in_007,8
2024,다다562962,to_in_008,0
2024,다다563953,to_in_001,13
2024,다다563953,to_in_007,8
2024,다다563953,to_in_008,5
2024,다다563954,to_in_001,5
2024,다다563954,to_in_007,5
2024,다다563954,to_in_008,0
2024,다다563960,to_in_001,18
2024,다다563960,to_in_007,8
2024,다다563960,to_in_008,8
2024,다다563961,to_in_001,18
2024,다다563961,to_in_007,13
2024,다다563961,to_in_008,8
2024,다다563962,to_in_001,8
2024,다다563962,to_in_007,8
2024,다다563962,to_in_008,5
2024,다다563963,to_in_001,5
2024,다다563963,to_in_007,5
2024,다다563963,to_in_008,0
2024,다다563964,to_in_001,13
2024,다다563964,to_in_007,8
2024,다다563964,to_in_008,5
2024,다다563965,to_in_001,8
2024,다다563965,to_in_007,5
2024,다다563965,to_in_008,5
2024,다다564950,to_in_001,5
2024,다다564950,to_in_007,5
2024,다다564950,to_in_008,0
2024,다다564951,to_in_001,5
2024,다다564951,to_in_007,5
2024,다다564951,to_in_008,0
2024,다다564952,to_in_001,8
2024,다다564952,to_in_007,5
2024,다다564952,to_in_008,5
2024,다다564953,to_in_001,23
2024,다다564953,to_in_007,13
2024,다다564953,to_in_008,13
2024,다다564960,to_in_001,8
2024,다다564960,to_in_007,5
2024,다다564960,to_in_008,5
2024,다다564961,to_in_001,0
2024,다다564961,to_in_007,0
2024,다다564961,to_in_008,0
2024,다다564964,to_in_001,5
2024,다다564964,to_in_007,5
2024,다다564964,to_in_008,0
2024,다다564965,to_in_001,23
2024,다다564965,to_in_007,13
2024,다다564965,to_in_008,8
2024,다다564966,to_in_001,18
2024,다다564966,to_in_007,13
2024,다다564966,to_in_008,8
2024,다다564967,to_in_001,0
2024,다다564967,to_in_007,0
2024,다다564967,to_in_008,0
2024,다다564975,to_in_001,13
2024,다다564975,to_in_007,8
2024,다다564975,to_in_008,5
2024,다다565950,to_in_001,8
2024,다다565950,to_in_007,5
2024,다다565950,to_in_008,5
2024,다다565951,to_in_001,8
2024,다다565951,to_in_007,5
2024,다다565951,to_in_008,5
2024,다다565952,to_in_001,5
2024,다다565952,to_in_007,5
2024,다다565952,to_in_008,0
2024,다다565953,to_in_001,18
2024,다다565953,to_in_007,8
2024,다다565953,to_in_008,13
2024,다다565964,to_in_001,5
2024,다다565964,to_in_007,5
2024,다다565964,to_in_008,0
2024,다다565965,to_in_001,60
2024,다다565965,to_in_007,35
2024,다다565965,to_in_008,28
2024,다다565966,to_in_001,38
2024,다다565966,to_in_007,23
2024,다다498030,to_in_007,0
2024,다다498030,to_in_008,0
2024,다다499017,to_in_001,5
2024,다다499017,to_in_007,0
2024,다다499017,to_in_008,0
2024,다다500011,to_in_001,13
2024,다다500011,to_in_007,5
2024,다다500011,to_in_008,8
2024,다다500012,to_in_001,8
2024,다다500012,to_in_007,5
2024,다다500012,to_in_008,5
2024,다다500013,to_in_001,5
2024,다다500013,to_in_007,5
2024,다다500013,to_in_008,0
2024,다다500014,to_in_001,5
2024,다다500014,to_in_007,5
2024,다다500014,to_in_008,0
2024,다다500015,to_in_001,5
2024,다다500015,to_in_007,5
2024,다다500015,to_in_008,0
2024,다다500019,to_in_001,8
2024,다다500019,to_in_007,5
2024,다다500019,to_in_008,5
2024,다다500020,to_in_001,5
2024,다다500020,to_in_007,0
2024,다다500020,to_in_008,0
2024,다다500021,to_in_001,0
2024,다다500021,to_in_007,0
2024,다다500021,to_in_008,0
2024,다다501011,to_in_001,8
2024,다다501011,to_in_007,5
2024,다다501011,to_in_008,5
2024,다다501012,to_in_001,13
2024,다다501012,to_in_007,8
2024,다다501012,to_in_008,8
2024,다다501020,to_in_001,5
2024,다다501020,to_in_007,5
2024,다다501020,to_in_008,0
2024,다다501021,to_in_001,18
2024,다다501021,to_in_007,8
2024,다다501021,to_in_008,8
2024,다다501022,to_in_001,5
2024,다다501022,to_in_007,0
2024,다다501022,to_in_008,5
2024,다다502011,to_in_001,8
2024,다다502011,to_in_007,5
2024,다다502011,to_in_008,5
2024,다다502012,to_in_001,5
2024,다다502012,to_in_007,0
2024,다다502012,to_in_008,5
2024,다다502013,to_in_001,5
2024,다다502013,to_in_007,5
2024,다다502013,to_in_008,0
2024,다다536914,to_in_001,8
2024,다다536914,to_in_007,5
2024,다다536914,to_in_008,5
2024,다다536915,to_in_001,23
2024,다다536915,to_in_007,13
2024,다다536915,to_in_008,8
2024,다다536916,to_in_001,8
2024,다다536916,to_in_007,5
2024,다다536916,to_in_008,8
2024,다다536933,to_in_001,8
2024,다다536933,to_in_007,8
2024,다다536933,to_in_008,5
2024,다다536934,to_in_001,28
2024,다다536934,to_in_007,18
2024,다다536934,to_in_008,8
2024,다다536936,to_in_001,8
2024,다다536936,to_in_007,5
2024,다다536936,to_in_008,5
2024,다다536937,to_in_001,8
2024,다다536937,to_in_007,5
2024,다다536937,to_in_008,8
2024,다다536959,to_in_001,5
2024,다다536959,to_in_007,0
2024,다다536959,to_in_008,0
2024,다다537912,to_in_001,0
2024,다다537912,to_in_007,0
2024,다다537912,to_in_008,0
2024,다다537913,to_in_001,8
2024,다다537913,to_in_007,8
2024,다다537913,to_in_008,5
2024,다다537915,to_in_001,23
2024,다다537915,to_in_007,13
2024,다다537915,to_in_008,8
2024,다다537933,to_in_001,8
2024,다다537933,to_in_007,5
2024,다다537933,to_in_008,5
2024,다다537934,to_in_001,5
2024,다다537934,to_in_007,5
2024,다다537934,to_in_008,0
2024,다다537959,to_in_001,23
2024,다다537959,to_in_007,13
2024,다다537959,to_in_008,8
2024,다다538932,to_in_001,5
2024,다다538932,to_in_007,0
2024,다다538932,to_in_008,5
2024,다다538933,to_in_001,5
2024,다다538933,to_in_007,5
2024,다다538933,to_in_008,0
2024,다다538934,to_in_001,8
2024,다다538934,to_in_007,0
2024,다다538934,to_in_008,5
2024,다다538959,to_in_001,8
2024,다다538959,to_in_007,5
2024,다다538959,to_in_008,5
2024,다다538960,to_in_001,5
2024,다다538960,to_in_007,0
2024,다다538960,to_in_008,5
2024,다다538961,to_in_001,5
2024,다다538961,to_in_007,5
2024,다다538961,to_in_008,0
2024,다다539961,to_in_001,5
2024,다다539961,to_in_007,5
2024,다다539961,to_in_008,0
2024,다다542916,to_in_001,0
2024,다다542916,to_in_007,0
2024,다다542916,to_in_008,0
2024,다다546959,to_in_001,8
2024,다다546959,to_in_007,8
2024,다다546959,to_in_008,0
2024,다다547932,to_in_001,5
2024,다다547932,to_in_007,5
2024,다다547932,to_in_008,0
2024,다다547960,to_in_001,0
2024,다다547960,to_in_007,0
2024,다다547960,to_in_008,0
2024,다다547961,to_in_001,8
2024,다다547961,to_in_007,8
2024,다다547961,to_in_008,5
2024,다다548959,to_in_001,13
2024,다다548959,to_in_007,8
2024,다다548959,to_in_008,5
2024,다다548960,to_in_001,23
2024,다다548960,to_in_007,13
2024,다다548960,to_in_008,8
2024,다다548961,to_in_001,5
2024,다다548961,to_in_007,5
2024,다다548961,to_in_008,5
2024,다다548969,to_in_001,8
2024,다다548969,to_in_007,5
2024,다다548969,to_in_008,8
2024,다다549957,to_in_001,8
2024,다다549957,to_in_007,5
2024,다다549957,to_in_008,5
2024,다다549972,to_in_001,8
2024,다다549972,to_in_007,5
2024,다다549972,to_in_008,8
2024,다다550969,to_in_001,5
2024,다다550969,to_in_007,5
2024,다다550969,to_in_008,5
2024,다다550970,to_in_001,0
2024,다다550970,to_in_007,0
2024,다다550970,to_in_008,0
2024,다다550978,to_in_001,0
2024,다다550978,to_in_007,0
2024,다다550978,to_in_008,0
2024,다다551923,to_in_001,5
2024,다다551923,to_in_007,5
2024,다다551923,to_in_008,0
2024,다다551968,to_in_001,5
2024,다다551968,to_in_007,5
2024,다다551968,to_in_008,5
2024,다다551969,to_in_001,23
2024,다다551969,to_in_007,13
2024,다다551969,to_in_008,8
2024,다다552840,to_in_001,8
2024,다다552840,to_in_007,8
2024,다다552840,to_in_008,0
2024,다다552841,to_in_001,5
2024,다다552841,to_in_007,5
2024,다다552841,to_in_008,0
2024,다다552842,to_in_001,5
2024,다다552842,to_in_007,5
2024,다다552842,to_in_008,5
2024,다다572937,to_in_001,5
2024,다다572937,to_in_007,0
2024,다다572937,to_in_008,0
2024,다다572938,to_in_001,18
2024,다다572938,to_in_007,13
2024,다다572938,to_in_008,8
2024,다다572955,to_in_001,18
2024,다다572955,to_in_007,8
2024,다다572955,to_in_008,8
2024,다다572956,to_in_001,28
2024,다다572956,to_in_007,18
2024,다다572956,to_in_008,8
2024,다다572957,to_in_001,8
2024,다다572957,to_in_007,8
2024,다다572957,to_in_008,5
2024,다다573940,to_in_001,5
2024,다다573940,to_in_007,0
2024,다다573940,to_in_008,0
2024,다다573954,to_in_001,23
2024,다다573954,to_in_007,13
2024,다다573954,to_in_008,13
2024,다다573955,to_in_001,28
2024,다다573955,to_in_007,8
2024,다다573955,to_in_008,18
2024,다다574951,to_in_001,5
2024,다다574951,to_in_007,5
2024,다다574951,to_in_008,0
2024,다다574952,to_in_001,5
2024,다다574952,to_in_007,5
2024,다다574952,to_in_008,0
2024,다다574953,to_in_001,13
2024,다다574953,to_in_007,13
2024,다다574953,to_in_008,5
2024,다다574954,to_in_001,18
2024,다다574954,to_in_007,8
2024,다다574954,to_in_008,13
2024,다다574956,to_in_001,5
2024,다다574956,to_in_007,0
2024,다다574956,to_in_008,0
2024,다다575947,to_in_001,5
2024,다다575947,to_in_007,0
2024,다다575947,to_in_008,0
2024,다다575948,to_in_001,23
2024,다다575948,to_in_007,8
2024,다다575948,to_in_008,13
2024,다다575949,to_in_001,13
2024,다다575949,to_in_007,8
2024,다다575949,to_in_008,5
2024,다다575950,to_in_001,5
2024,다다575950,to_in_007,0
2024,다다575950,to_in_008,5
2024,다다576926,to_in_001,0
2024,다다576926,to_in_007,0
2024,다다576926,to_in_008,0
2024,다다576942,to_in_001,8
2024,다다576942,to_in_007,5
2024,다다576942,to_in_008,5
2024,다다576944,to_in_001,8
2024,다다576944,to_in_007,0
2024,다다576944,to_in_008,8
2024,다다576947,to_in_001,8
2024,다다576947,to_in_007,8
2024,다다576947,to_in_008,0
2024,다다576948,to_in_001,8
2024,다다576948,to_in_007,5
2024,다다576948,to_in_008,5
2024,다다576949,to_in_001,0
2024,다다576949,to_in_007,0
2024,다다576949,to_in_008,0
2024,다다577942,to_in_001,13
2024,다다577942,to_in_007,8
2024,다다577942,to_in_008,0
2024,다다577943,to_in_001,8
2024,다다577943,to_in_007,5
2024,다다577943,to_in_008,5
2024,다다577948,to_in_001,8
2024,다다577948,to_in_007,8
2024,다다577948,to_in_008,5
2024,다다577949,to_in_001,5
2024,다다577949,to_in_007,0
2024,다다577949,to_in_008,5
2024,다다578943,to_in_001,18
2024,다다578943,to_in_007,8
2024,다다578943,to_in_008,13
2024,다다578944,to_in_001,5
2024,다다578944,to_in_007,5
2024,다다578944,to_in_008,5
2024,다다578947,to_in_001,13
2024,다다578947,to_in_007,8
2024,다다578947,to_in_008,5
2024,다다578948,to_in_001,18
2024,다다578948,to_in_007,8
2024,다다578948,to_in_008,8
2024,다다578949,to_in_001,8
2024,다다578949,to_in_007,8
2024,다다578949,to_in_008,5
2024,다다578960,to_in_001,8
2024,다다578960,to_in_007,8
2024,다다578960,to_in_008,5
2024,다다578967,to_in_001,5
2024,다다578967,to_in_007,0
2024,다다578967,to_in_008,0
2024,다다578968,to_in_001,5
2024,다다578968,to_in_007,0
2024,다다578968,to_in_008,5
2024,다다579927,to_in_001,5
2024,다다579927,to_in_007,0
2024,다다579927,to_in_008,0
2024,다다579943,to_in_001,0
2024,다다579943,to_in_007,0
2024,다다579943,to_in_008,0
2024,다다613947,to_in_001,8
2024,다다613947,to_in_007,5
2024,다다613947,to_in_008,0
2024,다다613955,to_in_001,5
2024,다다613955,to_in_007,5
2024,다다613955,to_in_008,5
2024,다다488025,to_in_001,18
2024,다다488025,to_in_007,8
2024,다다488025,to_in_008,8
2024,다다488026,to_in_001,8
2024,다다488026,to_in_007,5
2024,다다488026,to_in_008,5
2024,다다488028,to_in_001,13
2024,다다488028,to_in_007,8
2024,다다488028,to_in_008,5
2024,다다488029,to_in_001,23
2024,다다488029,to_in_007,18
2024,다다488029,to_in_008,5
2024,다다488032,to_in_001,38
2024,다다488032,to_in_007,23
2024,다다488032,to_in_008,18
2024,다다488033,to_in_001,0
2024,다다488033,to_in_007,0
2024,다다488033,to_in_008,0
2024,다다488035,to_in_001,0
2024,다다488035,to_in_007,0
2024,다다488035,to_in_008,0
2024,다다488986,to_in_001,13
2024,다다488986,to_in_007,8
2024,다다488986,to_in_008,5
2024,다다489003,to_in_001,8
2024,다다489003,to_in_007,5
2024,다다489003,to_in_008,5
2024,다다489004,to_in_001,8
2024,다다489004,to_in_007,8
2024,다다489004,to_in_008,0
2024,다다489005,to_in_001,0
2024,다다489005,to_in_007,0
2024,다다489005,to_in_008,0
2024,다다489007,to_in_001,8
2024,다다489007,to_in_007,5
2024,다다489007,to_in_008,5
2024,다다489009,to_in_001,5
2024,다다489009,to_in_007,0
2024,다다489009,to_in_008,0
2024,다다489016,to_in_001,5
2024,다다489016,to_in_007,5
2024,다다489016,to_in_008,5
2024,다다489017,to_in_001,5
2024,다다489017,to_in_007,5
2024,다다489017,to_in_008,0
2024,다다489018,to_in_001,5
2024,다다489018,to_in_007,5
2024,다다489018,to_in_008,5
2024,다다489028,to_in_001,13
2024,다다489028,to_in_007,8
2024,다다489028,to_in_008,5
2024,다다489029,to_in_001,13
2024,다다489029,to_in_007,8
2024,다다489029,to_in_008,8
2024,다다489031,to_in_001,18
2024,다다489031,to_in_007,8
2024,다다489031,to_in_008,8
2024,다다489032,to_in_001,13
2024,다다489032,to_in_007,8
2024,다다489032,to_in_008,5
2024,다다527910,to_in_001,13
2024,다다527910,to_in_007,8
2024,다다527910,to_in_008,8
2024,다다527911,to_in_001,8
2024,다다527911,to_in_007,5
2024,다다527911,to_in_008,5
2024,다다527926,to_in_001,0
2024,다다527926,to_in_007,0
2024,다다527926,to_in_008,0
2024,다다527936,to_in_001,5
2024,다다527936,to_in_007,5
2024,다다527936,to_in_008,5
2024,다다527937,to_in_001,5
2024,다다527937,to_in_007,5
2024,다다527937,to_in_008,5
2024,다다527938,to_in_001,28
2024,다다527938,to_in_007,13
2024,다다527938,to_in_008,13
2024,다다527939,to_in_001,18
2024,다다527939,to_in_007,8
2024,다다527939,to_in_008,13
2024,다다527940,to_in_001,8
2024,다다527940,to_in_007,5
2024,다다527940,to_in_008,5
2024,다다528909,to_in_001,23
2024,다다528909,to_in_007,8
2024,다다528909,to_in_008,13
2024,다다528910,to_in_001,5
2024,다다528910,to_in_007,5
2024,다다528910,to_in_008,5
2024,다다529908,to_in_001,8
2024,다다529908,to_in_007,8
2024,다다529908,to_in_008,5
2024,다다529909,to_in_001,13
2024,다다529909,to_in_007,8
2024,다다529909,to_in_008,8
2024,다다529910,to_in_001,5
2024,다다529910,to_in_007,5
2024,다다529910,to_in_008,5
2024,다다530907,to_in_001,5
2024,다다530907,to_in_007,0
2024,다다530907,to_in_008,0
2024,다다530908,to_in_001,5
2024,다다530908,to_in_007,0
2024,다다530908,to_in_008,5
2024,다다530935,to_in_001,5
2024,다다530935,to_in_007,5
2024,다다530935,to_in_008,5
2024,다다530936,to_in_001,0
2024,다다530936,to_in_007,0
2024,다다530936,to_in_008,0
2024,다다530937,to_in_001,5
2024,다다530937,to_in_007,0
2024,다다530937,to_in_008,5
2024,다다530964,to_in_001,5
2024,다다530964,to_in_007,0
2024,다다530964,to_in_008,0
2024,다다531908,to_in_001,8
2024,다다531908,to_in_007,8
2024,다다531908,to_in_008,5
2024,다다531909,to_in_001,0
2024,다다531909,to_in_007,0
2024,다다531909,to_in_008,0
2024,다다532935,to_in_001,5
2024,다다532935,to_in_007,5
2024,다다532935,to_in_008,0
2024,다다532936,to_in_001,8
2024,다다532936,to_in_007,8
2024,다다532936,to_in_008,5
2024,다다533934,to_in_001,5
2024,다다533934,to_in_007,5
2024,다다533934,to_in_008,0
2024,다다533935,to_in_001,8
2024,다다533935,to_in_007,5
2024,다다533935,to_in_008,5
2024,다다533961,to_in_001,18
2024,다다533961,to_in_007,8
2024,다다533961,to_in_008,8
2024,다다533962,to_in_001,28
2024,다다533962,to_in_007,13
2024,다다533962,to_in_008,13
2024,다다534933,to_in_001,5
2024,다다534933,to_in_007,0
2024,다다534933,to_in_008,5
2024,다다534934,to_in_001,8
2024,다다534934,to_in_007,0
2024,다다534934,to_in_008,8
2024,다다534935,to_in_001,18
2024,다다534935,to_in_007,8
2024,다다534935,to_in_008,8
2024,다다534936,to_in_001,13
2024,다다534936,to_in_007,8
2024,다다534936,to_in_008,5
2024,다다534961,to_in_001,38
2024,다다534961,to_in_007,23
2024,다다534961,to_in_008,18
2024,다다534962,to_in_001,60
2024,다다534962,to_in_007,34
2024,다다534962,to_in_008,24
2024,다다535911,to_in_001,5
2024,다다535911,to_in_007,5
2024,다다535911,to_in_008,0
2024,다다535915,to_in_001,5
2024,다다535915,to_in_007,0
2024,다다535915,to_in_008,0
2024,다다535933,to_in_001,5
2024,다다535933,to_in_007,5
2024,다다535933,to_in_008,0
2024,다다535934,to_in_001,54
2024,다다535934,to_in_007,28
2024,다다535934,to_in_008,24
2024,다다535935,to_in_001,33
2024,다다535935,to_in_007,13
2024,다다535935,to_in_008,23
2024,다다535936,to_in_001,23
2024,다다535936,to_in_007,13
2024,다다535936,to_in_008,8
2024,다다535938,to_in_001,5
2024,다다535938,to_in_007,0
2024,다다535938,to_in_008,0
2024,다다535961,to_in_001,18
2024,다다535961,to_in_007,8
2024,다다535961,to_in_008,8
2024,다다536912,to_in_001,8
2024,다다536912,to_in_007,5
2024,다다536912,to_in_008,5
2024,다다593952,to_in_001,0
2024,다다593952,to_in_007,0
2024,다다593952,to_in_008,0
2024,다다593953,to_in_001,23
2024,다다593953,to_in_007,13
2024,다다593953,to_in_008,8
2024,다다593954,to_in_001,28
2024,다다593954,to_in_007,13
2024,다다593954,to_in_008,13
2024,다다593955,to_in_001,13
2024,다다593955,to_in_007,5
2024,다다593955,to_in_008,8
2024,다다594951,to_in_001,5
2024,다다594951,to_in_007,5
2024,다다594951,to_in_008,0
2024,다다594952,to_in_001,5
2024,다다594952,to_in_007,5
2024,다다594952,to_in_008,0
2024,다다594953,to_in_001,13
2024,다다594953,to_in_007,8
2024,다다594953,to_in_008,8
2024,다다594954,to_in_001,8
2024,다다594954,to_in_007,5
2024,다다594954,to_in_008,5
2024,다다594955,to_in_001,5
2024,다다594955,to_in_007,5
2024,다다594955,to_in_008,5
2024,다다595934,to_in_001,0
2024,다다595934,to_in_007,0
2024,다다595934,to_in_008,0
2024,다다595952,to_in_001,5
2024,다다595952,to_in_007,5
2024,다다595952,to_in_008,0
2024,다다595953,to_in_001,8
2024,다다595953,to_in_007,8
2024,다다595953,to_in_008,5
2024,다다595954,to_in_001,5
2024,다다595954,to_in_007,0
2024,다다595954,to_in_008,5
2024,다다595955,to_in_001,5
2024,다다595955,to_in_007,5
2024,다다595955,to_in_008,5
2024,다다595956,to_in_001,13
2024,다다595956,to_in_007,8
2024,다다595956,to_in_008,5
2024,다다596955,to_in_001,0
2024,다다596955,to_in_007,0
2024,다다596955,to_in_008,0
2024,다다596956,to_in_001,5
2024,다다596956,to_in_007,5
2024,다다596956,to_in_008,5
2024,다다596957,to_in_001,8
2024,다다596957,to_in_007,5
2024,다다596957,to_in_008,5
2024,다다597909,to_in_001,5
2024,다다597909,to_in_007,0
2024,다다597909,to_in_008,0
2024,다다597958,to_in_001,0
2024,다다597958,to_in_007,0
2024,다다597958,to_in_008,0
2024,다다598909,to_in_001,0
2024,다다598909,to_in_007,0
2024,다다598909,to_in_008,0
2024,다다598936,to_in_001,5
2024,다다598936,to_in_007,5
2024,다다598936,to_in_008,5
2024,다다598959,to_in_001,5
2024,다다598959,to_in_007,5
2024,다다598959,to_in_008,0
2024,다다601935,to_in_001,0
2024,다다601935,to_in_007,0
2024,다다601935,to_in_008,0
2024,다다602937,to_in_001,5
2024,다다602937,to_in_007,5
2024,다다602937,to_in_008,0
2024,다다603935,to_in_001,5
2024,다다603935,to_in_007,0
2024,다다603935,to_in_008,5
2024,다다604935,to_in_001,5
2024,다다604935,to_in_007,5
2024,다다604935,to_in_008,5
2024,다다604936,to_in_001,0
2024,다다604936,to_in_007,0
2024,다다604936,to_in_008,0
2024,다다604939,to_in_001,5
2024,다다604939,to_in_007,5
2024,다다604939,to_in_008,5
2024,다다605936,to_in_001,5
2024,다다605936,to_in_007,0
2024,다다605936,to_in_008,0
2024,다다605937,to_in_001,8
2024,다다605937,to_in_007,5
2024,다다605937,to_in_008,5
2024,다다605938,to_in_001,8
2024,다다605938,to_in_007,8
2024,다다605938,to_in_008,5
2024,다다605940,to_in_001,5
2024,다다605940,to_in_007,5
2024,다다605940,to_in_008,0
2024,다다605979,to_in_001,5
2024,다다605979,to_in_007,5
2024,다다605979,to_in_008,5
2024,다다606934,to_in_001,5
2024,다다606934,to_in_007,5
2024,다다606934,to_in_008,5
2024,다다606935,to_in_001,13
2024,다다606935,to_in_007,8
2024,다다607933,to_in_001,8
2024,다다607933,to_in_007,8
2024,다다607933,to_in_008,0
2024,다다607934,to_in_001,23
2024,다다607934,to_in_007,13
2024,다다607934,to_in_008,13
2024,다다607935,to_in_001,13
2024,다다607935,to_in_007,8
2024,다다607935,to_in_008,8
2024,다다607936,to_in_001,18
2024,다다607936,to_in_007,8
2024,다다607936,to_in_008,8
2024,다다607939,to_in_001,5
2024,다다607939,to_in_007,5
2024,다다607939,to_in_008,0
2024,다다607947,to_in_001,5
2024,다다607947,to_in_007,5
2024,다다607947,to_in_008,0
2024,다다607983,to_in_001,8
2024,다다607983,to_in_007,8
2024,다다607983,to_in_008,5
2024,다다608935,to_in_001,23
2024,다다608935,to_in_007,13
2024,다다608935,to_in_008,8
2024,다다608936,to_in_001,18
2024,다다608936,to_in_007,13
2024,다다608936,to_in_008,8
2024,다다608947,to_in_001,5
2024,다다608947,to_in_007,5
2024,다다608947,to_in_008,5
2024,다다608958,to_in_001,5
2024,다다608958,to_in_007,5
2024,다다608958,to_in_008,0
2024,다다609935,to_in_001,18
2024,다다609935,to_in_007,8
2024,다다609935,to_in_008,8
2024,다다609984,to_in_001,13
2024,다다609984,to_in_007,8
2024,다다609984,to_in_008,5
2024,다다610936,to_in_001,8
2024,다다610936,to_in_007,5
2024,다다610936,to_in_008,5
2024,다다610937,to_in_001,18
2024,다다610937,to_in_007,13
2024,다다610937,to_in_008,5
2024,다다610945,to_in_001,8
2024,다다610945,to_in_007,8
2024,다다610945,to_in_008,0
2024,다다610949,to_in_001,8
2024,다다610949,to_in_007,8
2024,다다610949,to_in_008,0
2024,다다610955,to_in_001,13
2024,다다610955,to_in_007,13
2024,다다610955,to_in_008,0
2024,다다610984,to_in_001,18
2024,다다610984,to_in_007,13
2024,다다610984,to_in_008,5
2024,다다610985,to_in_001,13
2024,다다610985,to_in_007,8
2024,다다610985,to_in_008,8
2024,다다611936,to_in_001,5
2024,다다611936,to_in_007,5
2024,다다611936,to_in_008,5
2024,다다611945,to_in_001,5
2024,다다611945,to_in_007,5
2024,다다611945,to_in_008,0
2024,다다611946,to_in_001,8
2024,다다611946,to_in_007,5
2024,다다611946,to_in_008,5
2024,다다611955,to_in_001,18
2024,다다611955,to_in_007,8
2024,다다611955,to_in_008,8
2024,다다611956,to_in_001,13
2024,다다611956,to_in_007,8
2024,다다611956,to_in_008,8
2024,다다611984,to_in_001,28
2024,다다611984,to_in_007,18
2024,다다611984,to_in_008,8
2024,다다611985,to_in_001,33
2024,다다611985,to_in_007,18
2024,다다611985,to_in_008,13
2024,다다612945,to_in_001,13
2024,다다612945,to_in_007,8
2024,다다612945,to_in_008,5
2024,다다612946,to_in_001,13
2024,다다612946,to_in_007,5
2024,다다612946,to_in_008,8
2024,다다612955,to_in_001,8
2024,다다612955,to_in_007,8
2024,다다612955,to_in_008,0
2024,다다612956,to_in_001,23
2024,다다612956,to_in_007,18
2024,다다612956,to_in_008,8
2024,다다612983,to_in_001,5
2024,다다612983,to_in_007,5
2024,다다612983,to_in_008,5
2024,다다612984,to_in_001,8
2024,다다612984,to_in_007,8
2024,다다612984,to_in_008,5
2024,다다612985,to_in_001,13
2024,다다612985,to_in_007,8
2024,다다612985,to_in_008,8
2024,다다613928,to_in_001,8
2024,다다613928,to_in_007,8
2024,다다613928,to_in_008,5
2024,다다613946,to_in_001,28
2024,다다613946,to_in_007,13
2024,다다613946,to_in_008,13
2024,다다613956,to_in_001,13
2024,다다613956,to_in_007,8
2024,다다613956,to_in_008,8
2024,다다613957,to_in_001,18
2024,다다613957,to_in_007,8
2024,다다613957,to_in_008,8
2024,다다613985,to_in_001,5
2024,다다613985,to_in_007,0
2024,다다613985,to_in_008,0
2024,다다614928,to_in_001,5
2024,다다614928,to_in_007,0
2024,다다614928,to_in_008,0
2024,다다614929,to_in_001,0
2024,다다614929,to_in_007,0
2024,다다614929,to_in_008,0
2024,다다614946,to_in_001,8
2024,다다614946,to_in_007,5
2024,다다614946,to_in_008,5
2024,다다614956,to_in_001,8
2024,다다614956,to_in_007,5
2024,다다614956,to_in_008,5
2024,다다614957,to_in_001,8
2024,다다614957,to_in_007,5
2024,다다614957,to_in_008,5
2024,다다615927,to_in_001,5
2024,다다615927,to_in_007,0
2024,다다615927,to_in_008,0
2024,다다615928,to_in_001,5
2024,다다615928,to_in_007,5
2024,다다615928,to_in_008,0
2024,다다615929,to_in_001,5
2024,다다615929,to_in_007,5
2024,다다615929,to_in_008,0
2024,다다615946,to_in_001,18
2024,다다615946,to_in_007,13
2024,다다615946,to_in_008,5
2024,다다615955,to_in_001,5
2024,다다615955,to_in_007,5
2024,다다615955,to_in_008,0
2024,다다616928,to_in_001,8
2024,다다616928,to_in_007,5
2024,다다616928,to_in_008,8
2024,다다616929,to_in_001,8
2024,다다616929,to_in_007,5
2024,다다616929,to_in_008,5
2024,다다617928,to_in_001,8
2024,다다617928,to_in_007,8
2024,다다617928,to_in_008,5
2024,다다617929,to_in_001,23
2024,다다617929,to_in_007,13
2024,다다617929,to_in_008,8
2024,다다617930,to_in_001,0
2024,다다617930,to_in_007,0
2024,다다617930,to_in_008,0
2024,다다618928,to_in_001,5
2024,다다618928,to_in_007,0
2024,다다618928,to_in_008,0
2024,다다618929,to_in_001,18
2024,다다618929,to_in_007,13
2024,다다618929,to_in_008,8
2024,다다618930,to_in_001,0
2024,다다618930,to_in_007,0
2024,다다618930,to_in_008,0
2024,다다620944,to_in_001,14
2024,다다620944,to_in_007,14
2024,다다620944,to_in_008,0
2024,다다629903,to_in_001,5
2024,다다629903,to_in_007,0
2024,다다629903,to_in_008,5
2024,다다630903,to_in_001,5
2024,다다630903,to_in_007,5
2024,다다630903,to_in_008,5
2024,다다657901,to_in_001,0
2024,다다657901,to_in_007,0
2024,다다657901,to_in_008,0
2024,다다697795,to_in_001,0
2024,다다697795,to_in_007,0
2024,다다697795,to_in_008,0
2024,다다721811,to_in_001,0
2024,다다721811,to_in_007,0
2024,다다721811,to_in_008,0
2024,다다752816,to_in_001,0
2024,다다752816,to_in_007,0
2024,다다752816,to_in_008,0
2024,다다752817,to_in_001,5
2024,다다752817,to_in_007,0
2024,다다752817,to_in_008,0
2024,다다753816,to_in_001,8
2024,다다753816,to_in_007,8
2024,다다753816,to_in_008,5
2024,다다753817,to_in_001,5
2024,다다753817,to_in_007,0
2024,다다753817,to_in_008,0
2024,다다754816,to_in_001,13
2024,다다754816,to_in_007,8
2024,다다754816,to_in_008,8
2024,다다754817,to_in_001,33
2024,다다754817,to_in_007,18
2024,다다754817,to_in_008,18
2024,다다755807,to_in_001,0
2024,다다755807,to_in_007,0
2024,다다755807,to_in_008,0
2024,다다755817,to_in_001,0
2024,다다755817,to_in_007,0
2024,다다755817,to_in_008,0
2024,다다756806,to_in_001,8
2024,다다756806,to_in_007,8
2024,다다756806,to_in_008,0
2024,다다758822,to_in_001,8
2024,다다758822,to_in_007,5
2024,다다758822,to_in_008,5
2024,다다820590,to_in_001,8
2024,다다820590,to_in_007,5
2024,다다820590,to_in_008,5
2024,다다820591,to_in_001,18
2024,다다820591,to_in_007,8
2024,다다820591,to_in_008,8
2024,다다820592,to_in_001,30
2024,다다820592,to_in_007,20
2024,다다820592,to_in_008,13
2024,다다820593,to_in_001,5
2024,다다820593,to_in_007,0
2024,다다820593,to_in_008,0
2024,다다821588,to_in_001,5
2024,다다821588,to_in_007,0
2024,다다821588,to_in_008,0
2024,다다821589,to_in_001,5
2024,다다821589,to_in_007,5
2024,다다821589,to_in_008,5
2024,다다822624,to_in_001,5
2024,다다822624,to_in_007,5
2024,다다822624,to_in_008,5
2024,다다823593,to_in_001,5
2024,다다823593,to_in_007,5
2024,다다823593,to_in_008,0
2024,다다823594,to_in_001,47
2024,다다823594,to_in_007,42
2024,다다823594,to_in_008,8
2024,다다824591,to_in_001,5
2024,다다824591,to_in_007,5
2024,다다824591,to_in_008,5
2024,다다824592,to_in_001,13
2024,다다824592,to_in_007,8
2024,다다824592,to_in_008,8
2024,다다824593,to_in_001,8
2024,다다824593,to_in_007,8
2024,다다824593,to_in_008,5
2024,다다824594,to_in_001,121
2024,다다824594,to_in_007,69
2024,다다824594,to_in_008,50
2024,다다824595,to_in_001,18
2024,다다824595,to_in_007,8
2024,다다824595,to_in_008,8
2024,다다825591,to_in_001,54
2024,다다825591,to_in_007,34
2024,다다825591,to_in_008,23
2024,다다825592,to_in_001,55
2024,다다825592,to_in_007,29
2024,다다825592,to_in_008,29
2024,다다825593,to_in_001,48
2024,다다825593,to_in_007,28
2024,다다825593,to_in_008,18
2024,다다825594,to_in_001,18
2024,다다825594,to_in_007,8
2024,다다825594,to_in_008,8
2024,다다825619,to_in_001,23
2024,다다825619,to_in_007,8
2024,다다825619,to_in_008,13
2024,다다825620,to_in_001,52
2024,다다825620,to_in_007,37
2024,다다825620,to_in_008,18
2024,다다826591,to_in_001,5
2024,다다826591,to_in_007,0
2024,다다826591,to_in_008,0
2024,다다826592,to_in_001,38
2024,다다826592,to_in_007,23
2024,다다826592,to_in_008,18
2024,다다826593,to_in_001,8
2024,다다826593,to_in_007,8
2024,다다826593,to_in_008,0
2024,다다826595,to_in_001,5
2024,다다826595,to_in_007,0
2024,다다826595,to_in_008,5
2024,다다826618,to_in_001,18
2024,다다826618,to_in_007,8
2024,다다826618,to_in_008,8
2024,다다826619,to_in_001,48
2024,다다826619,to_in_007,28
2024,다다826619,to_in_008,18
2024,다다826620,to_in_001,18
2024,다다826620,to_in_007,8
2024,다다826620,to_in_008,8
2024,다다827592,to_in_001,0
2024,다다827592,to_in_007,0
2024,다다827592,to_in_008,0
2024,다다827614,to_in_001,13
2024,다다827614,to_in_007,13
2024,다다827614,to_in_008,0
2024,다다827619,to_in_001,8
2024,다다827619,to_in_007,8
2024,다다827619,to_in_008,5
2024,다다828612,to_in_001,23
2024,다다828612,to_in_007,13
2024,다다828612,to_in_008,8
2024,다다828613,to_in_001,28
2024,다다828613,to_in_007,13
2024,다다828613,to_in_008,13
2024,다다828614,to_in_001,33
2024,다다828614,to_in_007,18
2024,다다828614,to_in_008,13
2024,다다829612,to_in_001,8
2024,다다829612,to_in_007,8
2024,다다829612,to_in_008,0
2024,다다829613,to_in_001,18
2024,다다829613,to_in_007,8
2024,다다829613,to_in_008,8
2024,다다829614,to_in_001,23
2024,다다829614,to_in_007,13
2024,다다829614,to_in_008,8
2024,다다829615,to_in_001,5
2024,다다829615,to_in_007,5
2024,다다829615,to_in_008,0
2024,다다835571,to_in_001,5
2024,다다835571,to_in_007,5
2024,다다835571,to_in_008,0
2024,다다862883,to_in_001,0
2024,다다862883,to_in_007,0
2024,다다862883,to_in_008,0
2024,다다869876,to_in_001,5
2024,다다869876,to_in_007,5
2024,다다869876,to_in_008,5
2024,다다870878,to_in_001,5
2024,다다870878,to_in_007,0
2024,다다870878,to_in_008,0
2024,다다590938,to_in_001,0
2024,다다590938,to_in_007,0
2024,다다590938,to_in_008,0
2024,다다590940,to_in_001,8
2024,다다590940,to_in_007,5
2024,다다590940,to_in_008,5
2024,다다590941,to_in_001,28
2024,다다590941,to_in_007,13
2024,다다590941,to_in_008,13
2024,다다590942,to_in_001,54
2024,다다590942,to_in_007,34
2024,다다590942,to_in_008,23
2024,다다590943,to_in_001,8
2024,다다590943,to_in_007,5
2024,다다590943,to_in_008,8
2024,다다590953,to_in_001,0
2024,다다590953,to_in_007,0
2024,다다590953,to_in_008,0
2024,다다591931,to_in_001,0
2024,다다591931,to_in_007,0
2024,다다591931,to_in_008,0
2024,다다591940,to_in_001,5
2024,다다591940,to_in_007,0
2024,다다591940,to_in_008,5
2024,다다591942,to_in_001,5
2024,다다591942,to_in_007,5
2024,다다591942,to_in_008,0
2024,다다591953,to_in_001,0
2024,다다591953,to_in_007,0
2024,다다591953,to_in_008,0
2024,다다591954,to_in_001,18
2024,다다591954,to_in_007,13
2024,다다591954,to_in_008,5
2024,다다591955,to_in_001,18
2024,다다591955,to_in_007,13
2024,다다591955,to_in_008,5
2024,다다592938,to_in_001,0
2024,다다592938,to_in_007,0
2024,다다592938,to_in_008,0
2024,다다592955,to_in_001,13
2024,다다592955,to_in_007,8
2024,다다592955,to_in_008,8
2024,다다593937,to_in_001,5
2024,다다593937,to_in_007,0
2024,다다593937,to_in_008,0
2024,다다778998,to_in_001,5
2024,다다778998,to_in_007,5
2024,다다778998,to_in_008,5
2024,다다778999,to_in_001,77
2024,다다778999,to_in_007,57
2024,다다778999,to_in_008,18
2024,다다779999,to_in_001,40
2024,다다779999,to_in_007,30
2024,다다779999,to_in_008,8
2024,다다780999,to_in_001,8
2024,다다780999,to_in_007,5
2024,다다780999,to_in_008,5
2024,다다806607,to_in_001,0
2024,다다806607,to_in_007,0
2024,다다806607,to_in_008,0
2024,다다807607,to_in_001,8
2024,다다807607,to_in_007,5
2024,다다807607,to_in_008,5
2024,다다807608,to_in_001,5
2024,다다807608,to_in_007,5
2024,다다807608,to_in_008,5
2024,다다807609,to_in_001,0
2024,다다807609,to_in_007,0
2024,다다807609,to_in_008,0
2024,다다807610,to_in_001,0
2024,다다807610,to_in_007,0
2024,다다807610,to_in_008,0
2024,다다808607,to_in_001,5
2024,다다808607,to_in_007,0
2024,다다808607,to_in_008,5
2024,다다808608,to_in_001,5
2024,다다808608,to_in_007,5
2024,다다808608,to_in_008,0
2024,다다808609,to_in_001,5
2024,다다808609,to_in_007,5
2024,다다808609,to_in_008,0
2024,다다808619,to_in_001,5
2024,다다808619,to_in_007,5
2024,다다808619,to_in_008,5
2024,다다808620,to_in_001,5
2024,다다808620,to_in_007,5
2024,다다808620,to_in_008,0
2024,다다808621,to_in_001,23
2024,다다808621,to_in_007,13
2024,다다808621,to_in_008,13
2024,다다808622,to_in_001,8
2024,다다808622,to_in_007,8
2024,다다808622,to_in_008,5
2024,다다809608,to_in_001,5
2024,다다809608,to_in_007,5
2024,다다809608,to_in_008,0
2024,다다809620,to_in_001,18
2024,다다809620,to_in_007,8
2024,다다809620,to_in_008,8
2024,다다809621,to_in_001,38
2024,다다809621,to_in_007,23
2024,다다809621,to_in_008,13
2024,다다809622,to_in_001,33
2024,다다809622,to_in_007,23
2024,다다809622,to_in_008,13
2024,다다810621,to_in_001,13
2024,다다810621,to_in_007,8
2024,다다810621,to_in_008,5
2024,다다810622,to_in_001,48
2024,다다810622,to_in_007,28
2024,다다810622,to_in_008,23
2024,다다810623,to_in_001,28
2024,다다810623,to_in_007,13
2024,다다810623,to_in_008,13
2024,다다810624,to_in_001,0
2024,다다810624,to_in_007,0
2024,다다810624,to_in_008,0
2024,다다811623,to_in_001,38
2024,다다811623,to_in_007,23
2024,다다811623,to_in_008,13
2024,다다811624,to_in_001,33
2024,다다811624,to_in_007,18
2024,다다811624,to_in_008,13
2024,다다812624,to_in_001,0
2024,다다812624,to_in_007,0
2024,다다812624,to_in_008,0
2024,다다812625,to_in_001,33
2024,다다812625,to_in_007,13
2024,다다812625,to_in_008,18
2024,다다817585,to_in_001,5
2024,다다817585,to_in_007,5
2024,다다817585,to_in_008,0
2024,다다817591,to_in_001,8
2024,다다817591,to_in_007,5
2024,다다817591,to_in_008,0
2024,다다818584,to_in_001,5
2024,다다818584,to_in_007,5
2024,다다818584,to_in_008,0
2024,다다818591,to_in_001,34
2024,다다818591,to_in_007,19
2024,다다818591,to_in_008,13
2024,다다818592,to_in_001,23
2024,다다818592,to_in_007,13
2024,다다818592,to_in_008,8
2024,다다818593,to_in_001,34
2024,다다818593,to_in_007,24
2024,다다818593,to_in_008,13
2024,다다818594,to_in_001,13
2024,다다818594,to_in_007,8
2024,다다818594,to_in_008,8
2024,다다819588,to_in_001,8
2024,다다819588,to_in_007,8
2024,다다819588,to_in_008,0
2024,다다819591,to_in_001,8
2024,다다819591,to_in_007,5
2024,다다819591,to_in_008,5
2024,다다819592,to_in_001,23
2024,다다819592,to_in_007,18
2024,다다819592,to_in_008,8
2024,다다819593,to_in_001,50
2024,다다819593,to_in_007,33
2024,다다819593,to_in_008,20
2024,다다819594,to_in_001,5
2024,다다819594,to_in_007,0
2024,다다819594,to_in_008,0
2024,다다820583,to_in_001,0
2024,다다820583,to_in_007,0
2024,다다820583,to_in_008,0
2024,다다565966,to_in_008,13
2024,다다565967,to_in_001,13
2024,다다565967,to_in_007,8
2024,다다565967,to_in_008,8
2024,다다565972,to_in_001,0
2024,다다565972,to_in_007,0
2024,다다565972,to_in_008,0
2024,다다566947,to_in_001,0
2024,다다566947,to_in_007,0
2024,다다566947,to_in_008,0
2024,다다759818,to_in_001,5
2024,다다759818,to_in_007,0
2024,다다759818,to_in_008,0
2024,다다759821,to_in_001,0
2024,다다759821,to_in_007,0
2024,다다759821,to_in_008,0
2024,다다760818,to_in_001,0
2024,다다760818,to_in_007,0
2024,다다760818,to_in_008,0
2024,다다763826,to_in_001,0
2024,다다763826,to_in_007,0
2024,다다763826,to_in_008,0
2024,다다764828,to_in_001,5
2024,다다764828,to_in_007,0
2024,다다764828,to_in_008,0
2024,다다765828,to_in_001,8
2024,다다765828,to_in_007,0
2024,다다765828,to_in_008,8
2024,다다766828,to_in_001,5
2024,다다766828,to_in_007,5
2024,다다766828,to_in_008,0
2024,다다766830,to_in_001,5
2024,다다766830,to_in_007,5
2024,다다766830,to_in_008,5
2024,다다767809,to_in_001,5
2024,다다767809,to_in_007,5
2024,다다767809,to_in_008,0
2024,다다767810,to_in_001,0
2024,다다767810,to_in_007,0
2024,다다767810,to_in_008,0
2024,다다767828,to_in_001,13
2024,다다767828,to_in_007,8
2024,다다767828,to_in_008,8
2024,다다767829,to_in_001,28
2024,다다767829,to_in_007,18
2024,다다767829,to_in_008,8
2024,다다768809,to_in_001,13
2024,다다768809,to_in_007,8
2024,다다768809,to_in_008,5
2024,다다768810,to_in_001,5
2024,다다768810,to_in_007,5
2024,다다768810,to_in_008,5
2024,다다768828,to_in_001,23
2024,다다768828,to_in_007,13
2024,다다768828,to_in_008,8
2024,다다768829,to_in_001,5
2024,다다768829,to_in_007,0
2024,다다768829,to_in_008,0
2024,다다769810,to_in_001,5
2024,다다769810,to_in_007,5
2024,다다769810,to_in_008,5
2024,다다769811,to_in_001,0
2024,다다769811,to_in_007,0
2024,다다769811,to_in_008,0
2024,다다769812,to_in_001,5
2024,다다769812,to_in_007,0
2024,다다769812,to_in_008,5
2024,다다769826,to_in_001,5
2024,다다769826,to_in_007,0
2024,다다769826,to_in_008,0
2024,다다769827,to_in_001,8
2024,다다769827,to_in_007,8
2024,다다769827,to_in_008,5
2024,다다769828,to_in_001,8
2024,다다769828,to_in_007,5
2024,다다769828,to_in_008,5
2024,다다770811,to_in_001,5
2024,다다770811,to_in_007,5
2024,다다770811,to_in_008,5
2024,다다770812,to_in_001,5
2024,다다770812,to_in_007,5
2024,다다770812,to_in_008,0
2024,다다770813,to_in_001,0
2024,다다770813,to_in_007,0
2024,다다770813,to_in_008,0
2024,다다770827,to_in_001,13
2024,다다770827,to_in_007,8
2024,다다770827,to_in_008,8
2024,다다770828,to_in_001,8
2024,다다770828,to_in_007,5
2024,다다770828,to_in_008,5
2024,다다770835,to_in_001,8
2024,다다770835,to_in_007,8
2024,다다770835,to_in_008,5
2024,다다770836,to_in_001,8
2024,다다770836,to_in_007,8
2024,다다770836,to_in_008,5
2024,다다770837,to_in_001,5
2024,다다770837,to_in_007,5
2024,다다770837,to_in_008,5
2024,다다771812,to_in_001,13
2024,다다771812,to_in_007,8
2024,다다771812,to_in_008,5
2024,다다771813,to_in_001,13
2024,다다771813,to_in_007,8
2024,다다771813,to_in_008,8
2024,다다771815,to_in_001,8
2024,다다771815,to_in_007,5
2024,다다771815,to_in_008,5
2024,다다771827,to_in_001,8
2024,다다771827,to_in_007,5
2024,다다771827,to_in_008,5
2024,다다771828,to_in_001,0
2024,다다771828,to_in_007,0
2024,다다771828,to_in_008,0
2024,다다772812,to_in_001,23
2024,다다772812,to_in_007,13
2024,다다772812,to_in_008,8
2024,다다772813,to_in_001,13
2024,다다772813,to_in_007,8
2024,다다772813,to_in_008,8
2024,다다772814,to_in_001,5
2024,다다772814,to_in_007,5
2024,다다772814,to_in_008,5
2024,다다773816,to_in_001,5
2024,다다773816,to_in_007,0
2024,다다773816,to_in_008,0
2024,다다776833,to_in_001,0
2024,다다776833,to_in_007,0
2024,다다776833,to_in_008,0
2024,다다606935,to_in_008,8
2024,다다606936,to_in_001,5
2024,다다606936,to_in_007,0
2024,다다606936,to_in_008,5
2024,다다606937,to_in_001,18
2024,다다606937,to_in_007,8
2024,다다606937,to_in_008,8
2024,다다606938,to_in_001,13
2024,다다606938,to_in_007,8
2024,다다606938,to_in_008,8
2024,다다870879,to_in_001,23
2024,다다870879,to_in_007,13
2024,다다870879,to_in_008,8
2024,다다870880,to_in_001,8
2024,다다870880,to_in_007,8
2024,다다870880,to_in_008,0
2024,다다871877,to_in_001,8
2024,다다871877,to_in_007,5
2024,다다871877,to_in_008,8
2024,다다871878,to_in_001,28
2024,다다871878,to_in_007,13
2024,다다871878,to_in_008,13
2024,다다871879,to_in_001,18
2024,다다871879,to_in_007,13
2024,다다871879,to_in_008,8
2024,다다871880,to_in_001,8
2024,다다871880,to_in_007,5
2024,다다871880,to_in_008,5
2024,다다872877,to_in_001,5
2024,다다872877,to_in_007,5
2024,다다872877,to_in_008,0
2024,다다872878,to_in_001,13
2024,다다872878,to_in_007,5
2024,다다872878,to_in_008,8
2024,다다872879,to_in_001,13
2024,다다872879,to_in_007,5
2024,다다872879,to_in_008,8
2024,다다872880,to_in_001,13
2024,다다872880,to_in_007,13
2024,다다872880,to_in_008,5
2024,다다872881,to_in_001,0
2024,다다872881,to_in_007,0
2024,다다872881,to_in_008,0
2024,다다872883,to_in_001,5
2024,다다872883,to_in_007,5
2024,다다872883,to_in_008,5
2024,다다872885,to_in_001,8
2024,다다872885,to_in_007,5
2024,다다872885,to_in_008,5
2024,다다899879,to_in_001,5
2024,다다899879,to_in_007,5
2024,다다899879,to_in_008,5
2024,다다900879,to_in_001,8
2024,다다900879,to_in_007,5
2024,다다900879,to_in_008,0
2024,다다901879,to_in_001,5
2024,다다901879,to_in_007,5
2024,다다901879,to_in_008,0
2024,다다952833,to_in_001,5
2024,다다952833,to_in_007,0
2024,다다952833,to_in_008,5
2024,다다953833,to_in_001,23
2024,다다953833,to_in_007,13
2024,다다953833,to_in_008,8
2024,다다953834,to_in_001,8
2024,다다953834,to_in_007,5
2024,다다953834,to_in_008,5
