2024,나나755780,to_in_001,25
2024,나나755780,to_in_007,25
2024,나나755780,to_in_008,0
2024,나나756779,to_in_001,5
2024,나나756779,to_in_007,5
2024,나나756779,to_in_008,0
2024,나나756784,to_in_001,8
2024,나나756784,to_in_007,8
2024,나나756784,to_in_008,5
2024,나나756803,to_in_001,5
2024,나나756803,to_in_007,5
2024,나나756803,to_in_008,0
2024,나나756804,to_in_001,8
2024,나나756804,to_in_007,8
2024,나나756804,to_in_008,8
2024,나나756821,to_in_001,5
2024,나나756821,to_in_007,5
2024,나나756821,to_in_008,0
2024,나나756822,to_in_001,5
2024,나나756822,to_in_007,5
2024,나나756822,to_in_008,5
2024,나나756824,to_in_001,5
2024,나나756824,to_in_007,0
2024,나나756824,to_in_008,5
2024,나나756825,to_in_001,5
2024,나나756825,to_in_007,5
2024,나나756825,to_in_008,5
2024,나나756833,to_in_001,8
2024,나나756833,to_in_007,8
2024,나나756833,to_in_008,5
2024,나나756834,to_in_001,20
2024,나나756834,to_in_007,20
2024,나나756834,to_in_008,0
2024,나나757779,to_in_001,5
2024,나나757779,to_in_007,5
2024,나나757779,to_in_008,0
2024,나나757780,to_in_001,5
2024,나나757780,to_in_007,5
2024,나나757780,to_in_008,0
2024,나나757781,to_in_001,8
2024,나나757781,to_in_007,8
2024,나나757781,to_in_008,0
2024,나나757783,to_in_001,8
2024,나나757783,to_in_007,8
2024,나나757783,to_in_008,5
2024,나나757784,to_in_001,8
2024,나나757784,to_in_007,5
2024,나나757784,to_in_008,5
2024,나나757785,to_in_001,5
2024,나나757785,to_in_007,5
2024,나나757785,to_in_008,0
2024,나나757804,to_in_001,33
2024,나나757804,to_in_007,18
2024,나나757804,to_in_008,18
2024,나나757805,to_in_001,13
2024,나나757805,to_in_007,5
2024,나나757805,to_in_008,8
2024,나나757822,to_in_001,28
2024,나나757822,to_in_007,13
2024,나나757822,to_in_008,13
2024,나나757825,to_in_001,0
2024,나나757825,to_in_007,0
2024,나나757825,to_in_008,0
2024,나나757827,to_in_001,0
2024,나나757827,to_in_007,0
2024,나나757827,to_in_008,0
2024,나나757836,to_in_001,8
2024,나나757836,to_in_007,0
2024,나나757836,to_in_008,8
2024,나나758778,to_in_001,5
2024,나나758778,to_in_007,5
2024,나나758778,to_in_008,0
2024,나나758779,to_in_001,8
2024,나나758779,to_in_007,8
2024,나나758779,to_in_008,5
2024,나나758780,to_in_001,0
2024,나나758780,to_in_007,0
2024,나나758780,to_in_008,0
2024,나나758781,to_in_001,13
2024,나나758781,to_in_007,5
2024,나나758781,to_in_008,8
2024,나나758783,to_in_001,8
2024,나나758783,to_in_007,5
2024,나나758783,to_in_008,5
2024,나나758784,to_in_001,13
2024,나나758784,to_in_007,8
2024,나나758784,to_in_008,8
2024,나나758785,to_in_001,5
2024,나나758785,to_in_007,0
2024,나나758785,to_in_008,5
2024,나나758804,to_in_001,0
2024,나나758804,to_in_007,0
2024,나나758804,to_in_008,0
2024,나나758822,to_in_001,38
2024,나나758822,to_in_007,23
2024,나나758822,to_in_008,13
2024,나나758823,to_in_001,18
2024,나나758823,to_in_007,13
2024,나나758823,to_in_008,8
2024,나나758824,to_in_001,5
2024,나나758824,to_in_007,5
2024,나나758824,to_in_008,5
2024,나나758827,to_in_001,8
2024,나나758827,to_in_007,5
2024,나나758827,to_in_008,5
2024,나나758830,to_in_001,0
2024,나나758830,to_in_007,0
2024,나나758830,to_in_008,0
2024,나나758831,to_in_001,5
2024,나나758831,to_in_007,5
2024,나나758831,to_in_008,5
2024,나나758834,to_in_001,8
2024,나나758834,to_in_007,8
2024,나나758834,to_in_008,0
2024,나나759777,to_in_001,5
2024,나나759777,to_in_007,5
2024,나나759777,to_in_008,0
2024,나나759778,to_in_001,5
2024,나나759778,to_in_007,0
2024,나나759778,to_in_008,0
2024,나나759779,to_in_001,8
2024,나나759779,to_in_007,8
2024,나나759779,to_in_008,0
2024,나나759780,to_in_001,5
2024,나나759780,to_in_007,5
2024,나나759780,to_in_008,5
2024,나나759781,to_in_001,5
2024,나나759781,to_in_007,5
2024,나나759781,to_in_008,0
2024,나나759782,to_in_001,5
2024,나나759782,to_in_007,0
2024,나나759782,to_in_008,0
2024,나나759784,to_in_001,8
2024,나나759784,to_in_007,0
2024,나나759784,to_in_008,8
2024,나나759785,to_in_001,0
2024,나나759785,to_in_007,0
2024,나나759785,to_in_008,0
2024,나나759789,to_in_001,8
2024,나나759789,to_in_007,5
2024,나나759789,to_in_008,5
2024,나나759791,to_in_001,0
2024,나나759791,to_in_007,0
2024,나나759791,to_in_008,0
2024,나나759802,to_in_001,5
2024,나나759802,to_in_007,0
2024,나나759802,to_in_008,0
2024,나나759820,to_in_001,5
2024,나나759820,to_in_007,5
2024,나나759820,to_in_008,0
2024,나나759821,to_in_001,8
2024,나나759821,to_in_007,8
2024,나나759821,to_in_008,5
2024,나나759822,to_in_001,8
2024,나나759822,to_in_007,5
2024,나나759822,to_in_008,5
2024,나나759823,to_in_001,5
2024,나나759823,to_in_007,0
2024,나나759823,to_in_008,0
2024,나나759824,to_in_001,5
2024,나나759824,to_in_007,0
2024,나나759824,to_in_008,5
2024,나나759825,to_in_001,0
2024,나나759825,to_in_007,0
2024,나나759825,to_in_008,0
2024,나나759837,to_in_001,0
2024,나나759837,to_in_007,0
2024,나나759837,to_in_008,0
2024,나나759840,to_in_001,0
2024,나나759840,to_in_007,0
2024,나나759840,to_in_008,0
2024,나나760780,to_in_001,8
2024,나나760780,to_in_007,8
2024,나나760780,to_in_008,5
2024,나나760786,to_in_001,8
2024,나나760786,to_in_007,5
2024,나나760786,to_in_008,8
2024,나나760787,to_in_001,5
2024,나나760787,to_in_007,0
2024,나나760787,to_in_008,5
2024,나나760789,to_in_001,5
2024,나나760789,to_in_007,5
2024,나나760789,to_in_008,0
2024,나나760802,to_in_001,5
2024,나나760802,to_in_007,0
2024,나나760802,to_in_008,5
2024,나나760803,to_in_001,5
2024,나나760803,to_in_007,5
2024,나나760803,to_in_008,0
2024,나나760818,to_in_001,5
2024,나나760818,to_in_007,0
2024,나나760818,to_in_008,5
2024,나나760819,to_in_001,13
2024,나나760819,to_in_007,8
2024,나나760819,to_in_008,8
2024,나나760820,to_in_001,8
2024,나나760820,to_in_007,5
2024,나나760820,to_in_008,5
2024,나나760821,to_in_001,5
2024,나나760821,to_in_007,5
2024,나나760821,to_in_008,5
2024,나나760822,to_in_001,8
2024,나나760822,to_in_007,8
2024,나나760822,to_in_008,5
2024,나나760823,to_in_001,8
2024,나나760823,to_in_007,5
2024,나나760823,to_in_008,5
2024,나나760824,to_in_001,8
2024,나나760824,to_in_007,8
2024,나나760824,to_in_008,5
2024,나나760826,to_in_001,5
2024,나나760826,to_in_007,0
2024,나나760826,to_in_008,5
2024,나나760827,to_in_001,8
2024,나나760827,to_in_007,5
2024,나나760827,to_in_008,5
2024,나나760839,to_in_001,5
2024,나나760839,to_in_007,5
2024,나나760839,to_in_008,0
2024,나나761770,to_in_001,5
2024,나나761770,to_in_007,0
2024,나나761770,to_in_008,0
2024,나나761772,to_in_001,0
2024,나나761772,to_in_007,0
2024,나나761772,to_in_008,0
2024,나나761789,to_in_001,5
2024,나나761789,to_in_007,0
2024,나나761789,to_in_008,5
2024,나나761814,to_in_001,0
2024,나나761814,to_in_007,0
2024,나나761814,to_in_008,0
2024,나나761817,to_in_001,5
2024,나나761817,to_in_007,5
2024,나나761817,to_in_008,0
2024,나나761818,to_in_001,0
2024,나나761818,to_in_007,0
2024,나나761818,to_in_008,0
2024,나나761819,to_in_001,13
2024,나나761819,to_in_007,8
2024,나나761819,to_in_008,8
2024,나나761820,to_in_001,8
2024,나나761820,to_in_007,5
2024,나나761820,to_in_008,5
2024,나나761821,to_in_001,13
2024,나나761821,to_in_007,8
2024,나나761821,to_in_008,8
2024,나나761822,to_in_001,13
2024,나나761822,to_in_007,8
2024,나나761822,to_in_008,8
2024,나나761823,to_in_001,5
2024,나나761823,to_in_007,5
2024,나나761823,to_in_008,0
2024,나나761825,to_in_001,8
2024,나나761825,to_in_007,8
2024,나나761825,to_in_008,5
2024,나나761826,to_in_001,5
2024,나나761826,to_in_007,0
2024,나나761826,to_in_008,5
2024,나나761835,to_in_001,0
2024,나나761835,to_in_007,0
2024,나나761835,to_in_008,0
2024,나나762768,to_in_001,0
2024,나나762768,to_in_007,0
2024,나나762768,to_in_008,0
2024,나나762769,to_in_001,18
2024,나나762769,to_in_007,8
2024,나나762769,to_in_008,8
2024,나나762770,to_in_001,18
2024,나나762770,to_in_007,8
2024,나나762770,to_in_008,13
2024,나나762784,to_in_001,5
2024,나나762784,to_in_007,0
2024,나나762784,to_in_008,0
2024,나나762785,to_in_001,5
2024,나나762785,to_in_007,0
2024,나나762785,to_in_008,5
2024,나나762789,to_in_001,13
2024,나나762789,to_in_007,8
2024,나나762789,to_in_008,5
2024,나나762816,to_in_001,5
2024,나나762816,to_in_007,0
2024,나나762816,to_in_008,5
2024,나나762819,to_in_001,8
2024,나나762819,to_in_007,5
2024,나나762819,to_in_008,5
2024,나나762820,to_in_001,23
2024,나나762820,to_in_007,13
2024,나나762820,to_in_008,13
2024,나나762821,to_in_001,13
2024,나나762821,to_in_007,8
2024,나나762821,to_in_008,8
2024,나나762822,to_in_001,0
2024,나나762822,to_in_007,0
2024,나나762822,to_in_008,0
2024,나나762824,to_in_001,8
2024,나나762824,to_in_007,5
2024,나나762824,to_in_008,8
2024,나나762825,to_in_001,8
2024,나나762825,to_in_007,5
2024,나나762825,to_in_008,8
2024,나나762827,to_in_001,0
2024,나나762827,to_in_007,0
2024,나나762827,to_in_008,0
2024,나나762828,to_in_001,5
2024,나나762828,to_in_007,5
2024,나나762828,to_in_008,5
2024,나나762830,to_in_001,5
2024,나나762830,to_in_007,5
2024,나나762830,to_in_008,5
2024,나나762832,to_in_001,8
2024,나나762832,to_in_007,8
2024,나나762832,to_in_008,8
2024,나나762838,to_in_001,8
2024,나나762838,to_in_007,5
2024,나나762838,to_in_008,5
2024,나나763767,to_in_001,5
2024,나나763767,to_in_007,5
2024,나나763767,to_in_008,5
2024,나나763768,to_in_001,18
2024,나나763768,to_in_007,13
2024,나나763768,to_in_008,8
2024,나나763769,to_in_001,23
2024,나나763769,to_in_007,13
2024,나나763769,to_in_008,8
2024,나나763770,to_in_001,8
2024,나나763770,to_in_007,5
2024,나나763770,to_in_008,5
2024,나나763789,to_in_001,0
2024,나나763789,to_in_007,0
2024,나나763789,to_in_008,0
2024,나나763814,to_in_001,0
2024,나나763814,to_in_007,0
2024,나나763814,to_in_008,0
2024,나나763815,to_in_001,5
2024,나나763815,to_in_007,0
2024,나나763815,to_in_008,5
2024,나나763816,to_in_001,0
2024,나나763816,to_in_007,0
2024,나나763816,to_in_008,0
2024,나나763818,to_in_001,13
2024,나나763818,to_in_007,8
2024,나나763818,to_in_008,8
2024,나나763819,to_in_001,8
2024,나나763819,to_in_007,5
2024,나나763819,to_in_008,5
2024,나나763821,to_in_001,18
2024,나나763821,to_in_007,8
2024,나나763821,to_in_008,13
2024,나나763824,to_in_001,5
2024,나나763824,to_in_007,5
2024,나나763824,to_in_008,5
2024,나나763826,to_in_001,5
2024,나나763826,to_in_007,5
2024,나나763826,to_in_008,5
2024,나나763827,to_in_001,5
2024,나나763827,to_in_007,0
2024,나나763827,to_in_008,5
2024,나나763828,to_in_001,8
2024,나나763828,to_in_007,5
2024,나나763828,to_in_008,8
2024,나나763829,to_in_001,5
2024,나나763829,to_in_007,5
2024,나나763829,to_in_008,5
2024,나나763831,to_in_001,8
2024,나나763831,to_in_007,8
2024,나나763831,to_in_008,5
2024,나나763836,to_in_001,0
2024,나나763836,to_in_007,0
2024,나나763836,to_in_008,0
2024,나나764766,to_in_001,0
2024,나나764766,to_in_007,0
2024,나나764766,to_in_008,0
2024,나나764767,to_in_001,5
2024,나나764767,to_in_007,5
2024,나나764767,to_in_008,5
2024,나나764768,to_in_001,5
2024,나나764768,to_in_007,0
2024,나나764768,to_in_008,5
2024,나나764769,to_in_001,13
2024,나나764769,to_in_007,8
2024,나나764769,to_in_008,5
2024,나나764814,to_in_001,13
2024,나나764814,to_in_007,5
2024,나나764814,to_in_008,8
2024,나나764815,to_in_001,0
2024,나나764815,to_in_007,0
2024,나나764815,to_in_008,0
2024,나나764817,to_in_001,5
2024,나나764817,to_in_007,0
2024,나나764817,to_in_008,5
2024,나나764820,to_in_001,5
2024,나나764820,to_in_007,5
2024,나나764820,to_in_008,0
2024,나나764825,to_in_001,8
2024,나나764825,to_in_007,5
2024,나나764825,to_in_008,8
2024,나나764827,to_in_001,8
2024,나나764827,to_in_007,8
2024,나나764827,to_in_008,0
2024,나나764829,to_in_001,5
2024,나나764829,to_in_007,5
2024,나나764829,to_in_008,0
2024,나나764830,to_in_001,5
2024,나나764830,to_in_007,5
2024,나나764830,to_in_008,5
2024,나나764831,to_in_001,5
2024,나나764831,to_in_007,5
2024,나나764831,to_in_008,0
2024,나나764833,to_in_001,5
2024,나나764833,to_in_007,0
2024,나나764833,to_in_008,0
2024,나나764839,to_in_001,5
2024,나나764839,to_in_007,0
2024,나나764839,to_in_008,5
2024,나나764840,to_in_001,0
2024,나나764840,to_in_007,0
2024,나나764840,to_in_008,0
2024,나나765766,to_in_001,0
2024,나나765766,to_in_007,0
2024,나나765766,to_in_008,0
2024,나나765767,to_in_001,8
2024,나나765767,to_in_007,5
2024,나나765767,to_in_008,5
2024,나나765770,to_in_001,5
2024,나나765770,to_in_007,0
2024,나나765770,to_in_008,5
2024,나나765771,to_in_001,8
2024,나나765771,to_in_007,5
2024,나나765771,to_in_008,8
2024,나나765772,to_in_001,23
2024,나나765772,to_in_007,13
2024,나나765772,to_in_008,13
2024,나나765796,to_in_001,5
2024,나나765796,to_in_007,0
2024,나나765796,to_in_008,5
2024,나나765800,to_in_001,0
2024,나나765800,to_in_007,0
2024,나나765800,to_in_008,0
2024,나나765817,to_in_001,0
2024,나나765817,to_in_007,0
2024,나나765817,to_in_008,0
2024,나나765822,to_in_001,5
2024,나나765822,to_in_007,0
2024,나나765822,to_in_008,5
2024,나나765826,to_in_001,0
2024,나나765826,to_in_007,0
2024,나나765826,to_in_008,0
2024,나나765827,to_in_001,5
2024,나나765827,to_in_007,0
2024,나나765827,to_in_008,5
2024,나나765829,to_in_001,5
2024,나나765829,to_in_007,5
2024,나나765829,to_in_008,5
2024,나나765830,to_in_001,5
2024,나나765830,to_in_007,0
2024,나나765830,to_in_008,5
2024,나나765831,to_in_001,0
2024,나나765831,to_in_007,0
2024,나나765831,to_in_008,0
2024,나나765833,to_in_001,5
2024,나나765833,to_in_007,0
2024,나나765833,to_in_008,0
2024,나나765839,to_in_001,5
2024,나나765839,to_in_007,5
2024,나나765839,to_in_008,0
2024,나나765840,to_in_001,8
2024,나나765840,to_in_007,8
2024,나나765840,to_in_008,5
2024,나나765842,to_in_001,5
2024,나나765842,to_in_007,5
2024,나나765842,to_in_008,0
2024,나나766763,to_in_001,0
2024,나나766763,to_in_007,0
2024,나나766763,to_in_008,0
2024,나나766764,to_in_001,5
2024,나나766764,to_in_007,5
2024,나나766764,to_in_008,5
2024,나나766765,to_in_001,5
2024,나나766765,to_in_007,5
2024,나나766765,to_in_008,0
2024,나나766770,to_in_001,8
2024,나나766770,to_in_007,5
2024,나나766770,to_in_008,5
2024,나나766771,to_in_001,0
2024,나나766771,to_in_007,0
2024,나나766771,to_in_008,0
2024,나나766772,to_in_001,13
2024,나나766772,to_in_007,8
2024,나나766772,to_in_008,8
2024,나나766798,to_in_001,5
2024,나나766798,to_in_007,5
2024,나나766798,to_in_008,0
2024,나나766800,to_in_001,5
2024,나나766800,to_in_007,0
2024,나나766800,to_in_008,5
2024,나나766801,to_in_001,0
2024,나나766801,to_in_007,0
2024,나나766801,to_in_008,0
2024,나나766822,to_in_001,5
2024,나나766822,to_in_007,0
2024,나나766822,to_in_008,0
2024,나나766826,to_in_001,5
2024,나나766826,to_in_007,0
2024,나나766826,to_in_008,0
2024,나나766827,to_in_001,5
2024,나나766827,to_in_007,5
2024,나나766827,to_in_008,5
2024,나나766828,to_in_001,0
2024,나나766828,to_in_007,0
2024,나나766828,to_in_008,0
2024,나나766830,to_in_001,8
2024,나나766830,to_in_007,5
2024,나나766830,to_in_008,5
2024,나나766831,to_in_001,5
2024,나나766831,to_in_007,5
2024,나나766831,to_in_008,0
2024,나나766833,to_in_001,8
2024,나나766833,to_in_007,5
2024,나나766833,to_in_008,5
2024,나나766834,to_in_001,5
2024,나나766834,to_in_007,0
2024,나나766834,to_in_008,5
2024,나나766835,to_in_001,5
2024,나나766835,to_in_007,0
2024,나나766835,to_in_008,5
2024,나나767762,to_in_001,5
2024,나나767762,to_in_007,5
2024,나나767762,to_in_008,0
2024,나나767763,to_in_001,0
2024,나나767763,to_in_007,0
2024,나나767763,to_in_008,0
2024,나나767764,to_in_001,5
2024,나나767764,to_in_007,5
2024,나나767764,to_in_008,0
2024,나나767770,to_in_001,0
2024,나나767770,to_in_007,0
2024,나나767770,to_in_008,0
2024,나나767772,to_in_001,13
2024,나나767772,to_in_007,8
2024,나나767772,to_in_008,5
2024,나나767773,to_in_001,5
2024,나나767773,to_in_007,5
2024,나나767773,to_in_008,0
2024,나나767774,to_in_001,13
2024,나나767774,to_in_007,8
2024,나나767774,to_in_008,8
2024,나나767776,to_in_001,5
2024,나나767776,to_in_007,0
2024,나나767776,to_in_008,5
2024,나나767794,to_in_001,5
2024,나나767794,to_in_007,0
2024,나나767794,to_in_008,5
2024,나나767797,to_in_001,8
2024,나나767797,to_in_007,5
2024,나나767797,to_in_008,8
2024,나나767798,to_in_001,8
2024,나나767798,to_in_007,8
2024,나나767798,to_in_008,5
2024,나나767809,to_in_001,8
2024,나나767809,to_in_007,5
2024,나나767809,to_in_008,0
2024,나나767822,to_in_001,13
2024,나나767822,to_in_007,8
2024,나나767822,to_in_008,8
2024,나나767825,to_in_001,0
2024,나나767825,to_in_007,0
2024,나나767825,to_in_008,0
2024,나나767833,to_in_001,13
2024,나나767833,to_in_007,8
2024,나나767833,to_in_008,8
2024,나나767834,to_in_001,8
2024,나나767834,to_in_007,5
2024,나나767834,to_in_008,5
2024,나나767835,to_in_001,56
2024,나나767835,to_in_007,23
2024,나나767835,to_in_008,36
2024,나나767836,to_in_001,49
2024,나나767836,to_in_007,29
2024,나나767836,to_in_008,23
2024,나나768761,to_in_001,8
2024,나나768761,to_in_007,8
2024,나나768761,to_in_008,5
2024,나나768770,to_in_001,5
2024,나나768770,to_in_007,5
2024,나나768770,to_in_008,0
2024,나나768772,to_in_001,0
2024,나나768772,to_in_007,0
2024,나나768772,to_in_008,0
2024,나나768773,to_in_001,0
2024,나나768773,to_in_007,0
2024,나나768773,to_in_008,0
2024,나나768774,to_in_001,0
2024,나나768774,to_in_007,0
2024,나나768774,to_in_008,0
2024,나나768794,to_in_001,5
2024,나나768794,to_in_007,5
2024,나나768794,to_in_008,0
2024,나나768795,to_in_001,8
2024,나나768795,to_in_007,5
2024,나나768795,to_in_008,5
2024,나나768796,to_in_001,5
2024,나나768796,to_in_007,0
2024,나나768796,to_in_008,5
2024,나나768798,to_in_001,5
2024,나나768798,to_in_007,5
2024,나나768798,to_in_008,0
2024,나나768800,to_in_001,5
2024,나나768800,to_in_007,5
2024,나나768800,to_in_008,5
2024,나나768802,to_in_001,23
2024,나나768802,to_in_007,13
2024,나나768802,to_in_008,13
2024,나나768803,to_in_001,8
2024,나나768803,to_in_007,5
2024,나나768803,to_in_008,8
2024,나나768804,to_in_001,33
2024,나나768804,to_in_007,18
2024,나나768804,to_in_008,18
2024,나나768809,to_in_001,5
2024,나나768809,to_in_007,0
2024,나나768809,to_in_008,0
2024,나나768813,to_in_001,5
2024,나나768813,to_in_007,0
2024,나나768813,to_in_008,5
2024,나나768833,to_in_001,5
2024,나나768833,to_in_007,5
2024,나나768833,to_in_008,5
2024,나나768834,to_in_001,0
2024,나나768834,to_in_007,0
2024,나나768834,to_in_008,0
2024,나나768835,to_in_001,8
2024,나나768835,to_in_007,8
2024,나나768835,to_in_008,5
2024,나나768838,to_in_001,5
2024,나나768838,to_in_007,5
2024,나나768838,to_in_008,0
2024,나나768842,to_in_001,5
2024,나나768842,to_in_007,5
2024,나나768842,to_in_008,0
2024,나나769771,to_in_001,5
2024,나나769771,to_in_007,0
2024,나나769771,to_in_008,0
2024,나나769772,to_in_001,8
2024,나나769772,to_in_007,8
2024,나나769772,to_in_008,0
2024,나나769785,to_in_001,5
2024,나나769785,to_in_007,5
2024,나나769785,to_in_008,5
2024,나나769793,to_in_001,5
2024,나나769793,to_in_007,0
2024,나나769793,to_in_008,5
2024,나나769794,to_in_001,8
2024,나나769794,to_in_007,5
2024,나나769794,to_in_008,5
2024,나나769795,to_in_001,8
2024,나나769795,to_in_007,5
2024,나나769795,to_in_008,5
2024,나나769796,to_in_001,13
2024,나나769796,to_in_007,8
2024,나나769796,to_in_008,8
2024,나나769798,to_in_001,13
2024,나나769798,to_in_007,5
2024,나나769798,to_in_008,8
2024,나나769799,to_in_001,33
2024,나나769799,to_in_007,18
2024,나나769799,to_in_008,18
2024,나나769800,to_in_001,53
2024,나나769800,to_in_007,33
2024,나나769800,to_in_008,23
2024,나나769801,to_in_001,28
2024,나나769801,to_in_007,13
2024,나나769801,to_in_008,13
2024,나나769802,to_in_001,18
2024,나나769802,to_in_007,8
2024,나나769802,to_in_008,8
2024,나나769803,to_in_001,23
2024,나나769803,to_in_007,13
2024,나나769803,to_in_008,8
2024,나나769817,to_in_001,0
2024,나나769817,to_in_007,0
2024,나나769817,to_in_008,0
2024,나나769831,to_in_001,5
2024,나나769831,to_in_007,5
2024,나나769831,to_in_008,5
2024,나나769833,to_in_001,5
2024,나나769833,to_in_007,5
2024,나나769833,to_in_008,5
2024,나나769834,to_in_001,5
2024,나나769834,to_in_007,0
2024,나나769834,to_in_008,5
2024,나나769835,to_in_001,0
2024,나나769835,to_in_007,0
2024,나나769835,to_in_008,0
2024,나나769836,to_in_001,8
2024,나나769836,to_in_007,0
2024,나나769836,to_in_008,8
2024,나나769837,to_in_001,5
2024,나나769837,to_in_007,5
2024,나나769837,to_in_008,0
2024,나나770760,to_in_001,0
2024,나나770760,to_in_007,0
2024,나나770760,to_in_008,0
2024,나나770771,to_in_001,8
2024,나나770771,to_in_007,5
2024,나나770771,to_in_008,8
2024,나나770792,to_in_001,8
2024,나나770792,to_in_007,5
2024,나나770792,to_in_008,5
2024,나나770794,to_in_001,8
2024,나나770794,to_in_007,5
2024,나나770794,to_in_008,5
2024,나나770795,to_in_001,13
2024,나나770795,to_in_007,8
2024,나나770795,to_in_008,8
2024,나나770796,to_in_001,13
2024,나나770796,to_in_007,8
2024,나나770796,to_in_008,8
2024,나나770797,to_in_001,18
2024,나나770797,to_in_007,13
2024,나나770797,to_in_008,8
2024,나나770798,to_in_001,28
2024,나나770798,to_in_007,18
2024,나나770798,to_in_008,13
2024,나나770799,to_in_001,28
2024,나나770799,to_in_007,13
2024,나나770799,to_in_008,13
2024,나나770800,to_in_001,28
2024,나나770800,to_in_007,18
2024,나나770800,to_in_008,13
2024,나나770801,to_in_001,54
2024,나나770801,to_in_007,23
2024,나나770801,to_in_008,34
2024,나나770802,to_in_001,53
2024,나나770802,to_in_007,28
2024,나나770802,to_in_008,23
2024,나나770803,to_in_001,33
2024,나나770803,to_in_007,18
2024,나나770803,to_in_008,13
2024,나나770830,to_in_001,5
2024,나나770830,to_in_007,0
2024,나나770830,to_in_008,0
2024,나나770831,to_in_001,13
2024,나나770831,to_in_007,8
2024,나나770831,to_in_008,8
2024,나나770832,to_in_001,8
2024,나나770832,to_in_007,5
2024,나나770832,to_in_008,5
2024,나나770833,to_in_001,8
2024,나나770833,to_in_007,5
2024,나나770833,to_in_008,5
2024,나나770837,to_in_001,5
2024,나나770837,to_in_007,0
2024,나나770837,to_in_008,0
2024,나나770839,to_in_001,5
2024,나나770839,to_in_007,0
2024,나나770839,to_in_008,5
2024,나나771775,to_in_001,5
2024,나나771775,to_in_007,0
2024,나나771775,to_in_008,0
2024,나나771776,to_in_001,5
2024,나나771776,to_in_007,0
2024,나나771776,to_in_008,5
2024,나나771794,to_in_001,5
2024,나나771794,to_in_007,5
2024,나나771794,to_in_008,5
2024,나나771795,to_in_001,8
2024,나나771795,to_in_007,5
2024,나나771795,to_in_008,5
2024,나나771796,to_in_001,8
2024,나나771796,to_in_007,5
2024,나나771796,to_in_008,5
2024,나나771797,to_in_001,18
2024,나나771797,to_in_007,8
2024,나나771797,to_in_008,8
2024,나나771798,to_in_001,28
2024,나나771798,to_in_007,13
2024,나나771798,to_in_008,13
2024,나나771799,to_in_001,38
2024,나나771799,to_in_007,23
2024,나나771799,to_in_008,13
2024,나나771800,to_in_001,48
2024,나나771800,to_in_007,23
2024,나나771800,to_in_008,23
2024,나나771801,to_in_001,44
2024,나나771801,to_in_007,19
2024,나나771801,to_in_008,23
2024,나나771802,to_in_001,18
2024,나나771802,to_in_007,8
2024,나나771802,to_in_008,8
2024,나나771803,to_in_001,13
2024,나나771803,to_in_007,8
2024,나나771803,to_in_008,8
2024,나나771804,to_in_001,5
2024,나나771804,to_in_007,5
2024,나나771804,to_in_008,5
2024,나나771809,to_in_001,0
2024,나나771809,to_in_007,0
2024,나나771809,to_in_008,0
2024,나나771817,to_in_001,5
2024,나나771817,to_in_007,5
2024,나나771817,to_in_008,0
2024,나나771828,to_in_001,0
2024,나나771828,to_in_007,0
2024,나나771828,to_in_008,0
2024,나나771831,to_in_001,8
2024,나나771831,to_in_007,5
2024,나나771831,to_in_008,5
2024,나나771832,to_in_001,13
2024,나나771832,to_in_007,8
2024,나나771832,to_in_008,8
2024,나나771833,to_in_001,5
2024,나나771833,to_in_007,5
2024,나나771833,to_in_008,0
2024,나나771852,to_in_001,0
2024,나나771852,to_in_007,0
2024,나나771852,to_in_008,0
2024,나나772752,to_in_001,5
2024,나나772752,to_in_007,5
2024,나나772752,to_in_008,0
2024,나나772753,to_in_001,5
2024,나나772753,to_in_007,5
2024,나나772753,to_in_008,0
2024,나나772754,to_in_001,5
2024,나나772754,to_in_007,0
2024,나나772754,to_in_008,0
2024,나나772757,to_in_001,5
2024,나나772757,to_in_007,5
2024,나나772757,to_in_008,0
2024,나나772775,to_in_001,5
2024,나나772775,to_in_007,0
2024,나나772775,to_in_008,0
2024,나나772776,to_in_001,8
2024,나나772776,to_in_007,5
2024,나나772776,to_in_008,8
2024,나나772777,to_in_001,0
2024,나나772777,to_in_007,0
2024,나나772777,to_in_008,0
2024,나나772779,to_in_001,5
2024,나나772779,to_in_007,0
2024,나나772779,to_in_008,5
2024,나나772798,to_in_001,23
2024,나나772798,to_in_007,8
2024,나나772798,to_in_008,13
2024,나나772799,to_in_001,5
2024,나나772799,to_in_007,5
2024,나나772799,to_in_008,5
2024,나나772800,to_in_001,43
2024,나나772800,to_in_007,13
2024,나나772800,to_in_008,28
2024,나나772801,to_in_001,18
2024,나나772801,to_in_007,8
2024,나나772801,to_in_008,13
2024,나나772802,to_in_001,8
2024,나나772802,to_in_007,5
2024,나나772802,to_in_008,5
2024,나나772803,to_in_001,8
2024,나나772803,to_in_007,5
2024,나나772803,to_in_008,5
2024,나나772826,to_in_001,5
2024,나나772826,to_in_007,0
2024,나나772826,to_in_008,0
2024,나나772830,to_in_001,5
2024,나나772830,to_in_007,0
2024,나나772830,to_in_008,5
2024,나나772831,to_in_001,13
2024,나나772831,to_in_007,8
2024,나나772831,to_in_008,8
2024,나나772832,to_in_001,28
2024,나나772832,to_in_007,23
2024,나나772832,to_in_008,8
2024,나나772833,to_in_001,8
2024,나나772833,to_in_007,5
2024,나나772833,to_in_008,5
2024,나나772834,to_in_001,5
2024,나나772834,to_in_007,5
2024,나나772834,to_in_008,0
2024,나나772844,to_in_001,8
2024,나나772844,to_in_007,5
2024,나나772844,to_in_008,5
2024,나나772847,to_in_001,5
2024,나나772847,to_in_007,0
2024,나나772847,to_in_008,5
2024,나나772849,to_in_001,13
2024,나나772849,to_in_007,8
2024,나나772849,to_in_008,8
2024,나나772850,to_in_001,13
2024,나나772850,to_in_007,5
2024,나나772850,to_in_008,8
2024,나나772851,to_in_001,8
2024,나나772851,to_in_007,5
2024,나나772851,to_in_008,5
2024,나나772852,to_in_001,8
2024,나나772852,to_in_007,5
2024,나나772852,to_in_008,8
2024,나나773753,to_in_001,0
2024,나나773753,to_in_007,0
2024,나나773753,to_in_008,0
2024,나나773763,to_in_001,0
2024,나나773763,to_in_007,0
2024,나나773763,to_in_008,0
2024,나나773776,to_in_001,13
2024,나나773776,to_in_007,5
2024,나나773776,to_in_008,8
2024,나나773777,to_in_001,18
2024,나나773777,to_in_007,13
2024,나나773777,to_in_008,8
2024,나나773778,to_in_001,5
2024,나나773778,to_in_007,5
2024,나나773778,to_in_008,0
2024,나나773795,to_in_001,8
2024,나나773795,to_in_007,5
2024,나나773795,to_in_008,8
2024,나나773796,to_in_001,5
2024,나나773796,to_in_007,0
2024,나나773796,to_in_008,5
2024,나나773797,to_in_001,5
2024,나나773797,to_in_007,0
2024,나나773797,to_in_008,0
2024,나나773798,to_in_001,13
2024,나나773798,to_in_007,8
2024,나나773798,to_in_008,5
2024,나나773799,to_in_001,28
2024,나나773799,to_in_007,18
2024,나나773799,to_in_008,8
2024,나나773800,to_in_001,5
2024,나나773800,to_in_007,5
2024,나나773800,to_in_008,0
2024,나나773801,to_in_001,18
2024,나나773801,to_in_007,8
2024,나나773801,to_in_008,8
2024,나나773802,to_in_001,13
2024,나나773802,to_in_007,8
2024,나나773802,to_in_008,8
2024,나나773806,to_in_001,5
2024,나나773806,to_in_007,5
2024,나나773806,to_in_008,0
2024,나나773828,to_in_001,5
2024,나나773828,to_in_007,5
2024,나나773828,to_in_008,5
2024,나나773829,to_in_001,5
2024,나나773829,to_in_007,5
2024,나나773829,to_in_008,0
2024,나나773830,to_in_001,5
2024,나나773830,to_in_007,5
2024,나나773830,to_in_008,5
2024,나나773832,to_in_001,5
2024,나나773832,to_in_007,5
2024,나나773832,to_in_008,0
2024,나나773833,to_in_001,0
2024,나나773833,to_in_007,0
2024,나나773833,to_in_008,0
2024,나나773841,to_in_001,5
2024,나나773841,to_in_007,0
2024,나나773841,to_in_008,5
2024,나나773845,to_in_001,5
2024,나나773845,to_in_007,0
2024,나나773845,to_in_008,5
2024,나나773847,to_in_001,13
2024,나나773847,to_in_007,5
2024,나나773847,to_in_008,8
2024,나나773848,to_in_001,18
2024,나나773848,to_in_007,13
2024,나나773848,to_in_008,8
2024,나나773849,to_in_001,43
2024,나나773849,to_in_007,23
2024,나나773849,to_in_008,23
2024,나나773850,to_in_001,28
2024,나나773850,to_in_007,13
2024,나나773850,to_in_008,13
2024,나나773851,to_in_001,13
2024,나나773851,to_in_007,8
2024,나나773851,to_in_008,8
2024,나나773852,to_in_001,5
2024,나나773852,to_in_007,5
2024,나나773852,to_in_008,5
2024,나나773856,to_in_001,5
2024,나나773856,to_in_007,5
2024,나나773856,to_in_008,0
2024,나나773857,to_in_001,8
2024,나나773857,to_in_007,5
2024,나나773857,to_in_008,5
2024,나나774750,to_in_001,8
2024,나나774750,to_in_007,8
2024,나나774750,to_in_008,0
2024,나나774777,to_in_001,28
2024,나나774777,to_in_007,13
2024,나나774777,to_in_008,13
2024,나나774778,to_in_001,13
2024,나나774778,to_in_007,5
2024,나나774778,to_in_008,8
2024,나나774780,to_in_001,5
2024,나나774780,to_in_007,5
2024,나나774780,to_in_008,0
2024,나나774789,to_in_001,5
2024,나나774789,to_in_007,0
2024,나나774789,to_in_008,0
2024,나나774794,to_in_001,76
2024,나나774794,to_in_007,40
2024,나나774794,to_in_008,34
2024,나나774799,to_in_001,13
2024,나나774799,to_in_007,8
2024,나나774799,to_in_008,5
2024,나나774800,to_in_001,18
2024,나나774800,to_in_007,8
2024,나나774800,to_in_008,8
2024,나나774801,to_in_001,8
2024,나나774801,to_in_007,5
2024,나나774801,to_in_008,5
2024,나나774802,to_in_001,23
2024,나나774802,to_in_007,13
2024,나나774802,to_in_008,8
2024,나나774803,to_in_001,5
2024,나나774803,to_in_007,5
2024,나나774803,to_in_008,5
2024,나나774804,to_in_001,13
2024,나나774804,to_in_007,8
2024,나나774804,to_in_008,5
2024,나나774805,to_in_001,5
2024,나나774805,to_in_007,0
2024,나나774805,to_in_008,0
2024,나나774814,to_in_001,5
2024,나나774814,to_in_007,5
2024,나나774814,to_in_008,0
2024,나나774828,to_in_001,5
2024,나나774828,to_in_007,5
2024,나나774828,to_in_008,0
2024,나나774833,to_in_001,5
2024,나나774833,to_in_007,5
2024,나나774833,to_in_008,5
2024,나나775802,to_in_001,23
2024,나나775802,to_in_007,13
2024,나나775802,to_in_008,8
2024,나나775803,to_in_001,18
2024,나나775803,to_in_007,8
2024,나나775803,to_in_008,8
2024,나나775804,to_in_001,13
2024,나나775804,to_in_007,5
2024,나나775804,to_in_008,8
2024,나나775825,to_in_001,0
2024,나나775825,to_in_007,0
2024,나나775825,to_in_008,0
2024,나나775836,to_in_001,13
2024,나나775836,to_in_007,8
2024,나나775836,to_in_008,8
2024,나나775837,to_in_001,23
2024,나나775837,to_in_007,13
2024,나나775837,to_in_008,13
2024,나나775838,to_in_001,18
2024,나나775838,to_in_007,8
2024,나나775838,to_in_008,8
2024,나나775839,to_in_001,0
2024,나나775839,to_in_007,0
2024,나나775839,to_in_008,0
2024,나나775846,to_in_001,18
2024,나나775846,to_in_007,8
2024,나나775846,to_in_008,13
2024,나나775847,to_in_001,5
2024,나나775847,to_in_007,5
2024,나나775847,to_in_008,5
2024,나나775848,to_in_001,8
2024,나나775848,to_in_007,5
2024,나나775848,to_in_008,5
2024,나나775850,to_in_001,8
2024,나나775850,to_in_007,8
2024,나나775850,to_in_008,5
2024,나나775851,to_in_001,53
2024,나나775851,to_in_007,33
2024,나나775851,to_in_008,18
2024,나나775852,to_in_001,28
2024,나나775852,to_in_007,18
2024,나나775852,to_in_008,13
2024,나나775853,to_in_001,8
2024,나나775853,to_in_007,5
2024,나나775853,to_in_008,5
2024,나나775854,to_in_001,8
2024,나나775854,to_in_007,5
2024,나나775854,to_in_008,5
2024,나나775855,to_in_001,8
2024,나나775855,to_in_007,5
2024,나나775855,to_in_008,5
2024,나나775856,to_in_001,13
2024,나나775856,to_in_007,8
2024,나나775856,to_in_008,8
2024,나나775858,to_in_001,5
2024,나나775858,to_in_007,5
2024,나나775858,to_in_008,0
2024,나나776748,to_in_001,20
2024,나나776748,to_in_007,20
2024,나나776748,to_in_008,0
2024,나나776749,to_in_001,8
2024,나나776749,to_in_007,8
2024,나나776749,to_in_008,0
2024,나나776764,to_in_001,8
2024,나나776764,to_in_007,5
2024,나나776764,to_in_008,5
2024,나나776767,to_in_001,5
2024,나나776767,to_in_007,5
2024,나나776767,to_in_008,0
2024,나나776777,to_in_001,5
2024,나나776777,to_in_007,0
2024,나나776777,to_in_008,5
2024,나나776779,to_in_001,8
2024,나나776779,to_in_007,8
2024,나나776779,to_in_008,8
2024,나나776780,to_in_001,18
2024,나나776780,to_in_007,8
2024,나나776780,to_in_008,8
2024,나나776856,to_in_001,23
2024,나나776856,to_in_007,13
2024,나나776856,to_in_008,8
2024,나나776857,to_in_001,8
2024,나나776857,to_in_007,8
2024,나나776857,to_in_008,0
2024,나나776858,to_in_001,5
2024,나나776858,to_in_007,5
2024,나나776858,to_in_008,5
2024,나나776859,to_in_001,8
2024,나나776859,to_in_007,5
2024,나나776859,to_in_008,5
2024,나나776860,to_in_001,8
2024,나나776860,to_in_007,5
2024,나나776860,to_in_008,5
2024,나나777747,to_in_001,8
2024,나나777747,to_in_007,8
2024,나나777747,to_in_008,0
2024,나나777766,to_in_001,5
2024,나나777766,to_in_007,5
2024,나나777766,to_in_008,0
2024,나나777767,to_in_001,8
2024,나나777767,to_in_007,5
2024,나나777767,to_in_008,5
2024,나나777779,to_in_001,5
2024,나나777779,to_in_007,0
2024,나나777779,to_in_008,5
2024,나나777780,to_in_001,13
2024,나나777780,to_in_007,8
2024,나나777780,to_in_008,8
2024,나나777781,to_in_001,13
2024,나나777781,to_in_007,8
2024,나나777781,to_in_008,8
2024,나나777785,to_in_001,8
2024,나나777785,to_in_007,5
2024,나나777785,to_in_008,5
2024,나나777796,to_in_001,8
2024,나나777796,to_in_007,5
2024,나나777796,to_in_008,5
2024,나나777797,to_in_001,8
2024,나나777797,to_in_007,8
2024,나나777797,to_in_008,5
2024,나나777798,to_in_001,38
2024,나나777798,to_in_007,18
2024,나나777798,to_in_008,18
2024,나나777799,to_in_001,5
2024,나나777799,to_in_007,5
2024,나나777799,to_in_008,0
2024,나나777801,to_in_001,5
2024,나나777801,to_in_007,5
2024,나나777801,to_in_008,0
2024,나나777829,to_in_001,5
2024,나나777829,to_in_007,5
2024,나나777829,to_in_008,0
2024,나나777835,to_in_001,5
2024,나나777835,to_in_007,5
2024,나나777835,to_in_008,5
2024,나나777836,to_in_001,5
2024,나나777836,to_in_007,0
2024,나나777836,to_in_008,5
2024,나나777838,to_in_001,5
2024,나나777838,to_in_007,0
2024,나나777838,to_in_008,0
2024,나나777840,to_in_001,5
2024,나나777840,to_in_007,0
2024,나나777840,to_in_008,5
2024,나나777844,to_in_001,5
2024,나나777844,to_in_007,0
2024,나나777844,to_in_008,0
2024,나나777845,to_in_001,5
2024,나나777845,to_in_007,5
2024,나나777845,to_in_008,0
2024,나나777846,to_in_001,5
2024,나나777846,to_in_007,0
2024,나나777846,to_in_008,5
2024,나나777847,to_in_001,13
2024,나나777847,to_in_007,8
2024,나나777847,to_in_008,5
2024,나나777848,to_in_001,5
2024,나나777848,to_in_007,5
2024,나나777848,to_in_008,0
2024,나나777849,to_in_001,8
2024,나나777849,to_in_007,5
2024,나나777849,to_in_008,5
2024,나나778853,to_in_001,5
2024,나나778853,to_in_007,5
2024,나나778853,to_in_008,5
2024,나나778856,to_in_001,5
2024,나나778856,to_in_007,0
2024,나나778856,to_in_008,5
2024,나나779767,to_in_001,5
2024,나나779767,to_in_007,0
2024,나나779767,to_in_008,0
2024,나나779768,to_in_001,13
2024,나나779768,to_in_007,5
2024,나나779768,to_in_008,8
2024,나나779769,to_in_001,5
2024,나나779769,to_in_007,5
2024,나나779769,to_in_008,5
2024,나나779770,to_in_001,8
2024,나나779770,to_in_007,5
2024,나나779770,to_in_008,5
2024,나나779771,to_in_001,8
2024,나나779771,to_in_007,5
2024,나나779771,to_in_008,5
2024,나나779772,to_in_001,8
2024,나나779772,to_in_007,8
2024,나나779772,to_in_008,5
2024,나나779778,to_in_001,5
2024,나나779778,to_in_007,5
2024,나나779778,to_in_008,0
2024,나나779789,to_in_001,5
2024,나나779789,to_in_007,5
2024,나나779789,to_in_008,0
2024,나나779790,to_in_001,13
2024,나나779790,to_in_007,8
2024,나나779790,to_in_008,5
2024,나나779797,to_in_001,13
2024,나나779797,to_in_007,8
2024,나나779797,to_in_008,8
2024,나나779798,to_in_001,18
2024,나나779798,to_in_007,13
2024,나나779798,to_in_008,8
2024,나나779799,to_in_001,8
2024,나나779799,to_in_007,5
2024,나나779799,to_in_008,5
2024,나나779800,to_in_001,8
2024,나나779800,to_in_007,0
2024,나나779800,to_in_008,8
2024,나나779801,to_in_001,5
2024,나나779801,to_in_007,5
2024,나나779801,to_in_008,0
2024,나나779831,to_in_001,5
2024,나나779831,to_in_007,5
2024,나나779831,to_in_008,0
2024,나나779846,to_in_001,8
2024,나나779846,to_in_007,5
2024,나나779846,to_in_008,5
2024,나나779848,to_in_001,5
2024,나나779848,to_in_007,5
2024,나나779848,to_in_008,5
2024,나나779850,to_in_001,8
2024,나나779850,to_in_007,5
2024,나나779850,to_in_008,5
2024,나나779854,to_in_001,5
2024,나나779854,to_in_007,0
2024,나나779854,to_in_008,0
2024,나나779859,to_in_001,5
2024,나나779859,to_in_007,0
2024,나나779859,to_in_008,0
2024,나나779861,to_in_001,12
2024,나나779861,to_in_007,12
2024,나나779861,to_in_008,0
2024,나나780746,to_in_001,8
2024,나나780746,to_in_007,0
2024,나나780746,to_in_008,5
2024,나나780747,to_in_001,5
2024,나나780747,to_in_007,5
2024,나나780747,to_in_008,0
2024,나나780767,to_in_001,5
2024,나나780767,to_in_007,5
2024,나나780767,to_in_008,0
2024,나나780768,to_in_001,18
2024,나나780768,to_in_007,8
2024,나나780768,to_in_008,8
2024,나나780769,to_in_001,18
2024,나나780769,to_in_007,8
2024,나나780769,to_in_008,13
2024,나나780770,to_in_001,23
2024,나나780770,to_in_007,8
2024,나나780770,to_in_008,13
2024,나나780771,to_in_001,8
2024,나나780771,to_in_007,0
2024,나나780771,to_in_008,8
2024,나나780772,to_in_001,8
2024,나나780772,to_in_007,5
2024,나나780772,to_in_008,5
2024,나나780797,to_in_001,33
2024,나나780797,to_in_007,18
2024,나나780797,to_in_008,13
2024,나나780798,to_in_001,23
2024,나나780798,to_in_007,8
2024,나나780798,to_in_008,13
2024,나나780799,to_in_001,5
2024,나나780799,to_in_007,0
2024,나나780799,to_in_008,5
2024,나나780809,to_in_001,0
2024,나나780809,to_in_007,0
2024,나나780809,to_in_008,0
2024,나나780842,to_in_001,5
2024,나나780842,to_in_007,5
2024,나나780842,to_in_008,5
2024,나나780850,to_in_001,5
2024,나나780850,to_in_007,0
2024,나나780850,to_in_008,0
2024,나나780852,to_in_001,8
2024,나나780852,to_in_007,0
2024,나나780852,to_in_008,8
2024,나나780859,to_in_001,5
2024,나나780859,to_in_007,0
2024,나나780859,to_in_008,5
2024,나나780860,to_in_001,5
2024,나나780860,to_in_007,0
2024,나나780860,to_in_008,0
2024,나나780862,to_in_001,13
2024,나나780862,to_in_007,13
2024,나나780862,to_in_008,5
2024,나나781745,to_in_001,8
2024,나나781745,to_in_007,8
2024,나나781745,to_in_008,0
2024,나나781746,to_in_001,8
2024,나나781746,to_in_007,8
2024,나나781746,to_in_008,0
2024,나나781752,to_in_001,8
2024,나나781752,to_in_007,5
2024,나나781752,to_in_008,8
2024,나나781767,to_in_001,8
2024,나나781767,to_in_007,5
2024,나나781767,to_in_008,5
2024,나나781768,to_in_001,23
2024,나나781768,to_in_007,13
2024,나나781768,to_in_008,13
2024,나나781769,to_in_001,23
2024,나나781769,to_in_007,8
2024,나나781769,to_in_008,13
2024,나나781770,to_in_001,38
2024,나나781770,to_in_007,23
2024,나나781770,to_in_008,18
2024,나나781771,to_in_001,0
2024,나나781771,to_in_007,0
2024,나나781771,to_in_008,0
2024,나나781796,to_in_001,8
2024,나나781796,to_in_007,8
2024,나나781796,to_in_008,8
2024,나나781798,to_in_001,13
2024,나나781798,to_in_007,8
2024,나나781798,to_in_008,8
2024,나나781802,to_in_001,8
2024,나나781802,to_in_007,8
2024,나나781802,to_in_008,5
2024,나나781803,to_in_001,5
2024,나나781803,to_in_007,5
2024,나나781803,to_in_008,0
2024,나나781840,to_in_001,5
2024,나나781840,to_in_007,5
2024,나나781840,to_in_008,5
2024,나나781851,to_in_001,5
2024,나나781851,to_in_007,5
2024,나나781851,to_in_008,0
2024,나나781861,to_in_001,0
2024,나나781861,to_in_007,0
2024,나나781861,to_in_008,0
2024,나나781863,to_in_001,8
2024,나나781863,to_in_007,5
2024,나나781863,to_in_008,8
2024,나나782744,to_in_001,8
2024,나나782744,to_in_007,8
2024,나나782744,to_in_008,0
2024,나나782745,to_in_001,14
2024,나나782745,to_in_007,14
2024,나나782745,to_in_008,5
2024,나나782748,to_in_001,0
2024,나나782748,to_in_007,0
2024,나나782748,to_in_008,0
2024,나나782749,to_in_001,8
2024,나나782749,to_in_007,5
2024,나나782749,to_in_008,8
2024,나나782750,to_in_001,5
2024,나나782750,to_in_007,0
2024,나나782750,to_in_008,0
2024,나나782752,to_in_001,5
2024,나나782752,to_in_007,0
2024,나나782752,to_in_008,5
2024,나나782762,to_in_001,13
2024,나나782762,to_in_007,8
2024,나나782762,to_in_008,8
2024,나나782763,to_in_001,8
2024,나나782763,to_in_007,5
2024,나나782763,to_in_008,5
2024,나나782767,to_in_001,5
2024,나나782767,to_in_007,5
2024,나나782767,to_in_008,5
2024,나나782768,to_in_001,13
2024,나나782768,to_in_007,8
2024,나나782768,to_in_008,8
2024,나나782769,to_in_001,8
2024,나나782769,to_in_007,8
2024,나나782769,to_in_008,5
2024,나나782770,to_in_001,23
2024,나나782770,to_in_007,13
2024,나나782770,to_in_008,13
2024,나나782771,to_in_001,18
2024,나나782771,to_in_007,8
2024,나나782771,to_in_008,13
2024,나나782772,to_in_001,8
2024,나나782772,to_in_007,8
2024,나나782772,to_in_008,5
2024,나나782795,to_in_001,5
2024,나나782795,to_in_007,5
2024,나나782795,to_in_008,5
2024,나나782796,to_in_001,38
2024,나나782796,to_in_007,23
2024,나나782796,to_in_008,18
2024,나나782797,to_in_001,8
2024,나나782797,to_in_007,5
2024,나나782797,to_in_008,5
2024,나나782803,to_in_001,8
2024,나나782803,to_in_007,5
2024,나나782803,to_in_008,8
2024,나나782839,to_in_001,5
2024,나나782839,to_in_007,5
2024,나나782839,to_in_008,0
2024,나나782840,to_in_001,5
2024,나나782840,to_in_007,0
2024,나나782840,to_in_008,5
2024,나나782842,to_in_001,5
2024,나나782842,to_in_007,5
2024,나나782842,to_in_008,0
2024,나나782856,to_in_001,0
2024,나나782856,to_in_007,0
2024,나나782856,to_in_008,0
2024,나나782857,to_in_001,0
2024,나나782857,to_in_007,0
2024,나나782857,to_in_008,0
2024,나나782861,to_in_001,0
2024,나나782861,to_in_007,0
2024,나나782861,to_in_008,0
2024,나나783745,to_in_001,5
2024,나나783745,to_in_007,5
2024,나나783745,to_in_008,0
2024,나나783749,to_in_001,8
2024,나나783749,to_in_007,5
2024,나나783749,to_in_008,0
2024,나나783762,to_in_001,0
2024,나나783762,to_in_007,0
2024,나나783762,to_in_008,0
2024,나나784768,to_in_001,8
2024,나나784768,to_in_007,5
2024,나나784768,to_in_008,8
2024,나나784769,to_in_001,8
2024,나나784769,to_in_007,5
2024,나나784769,to_in_008,5
2024,나나784792,to_in_001,18
2024,나나784792,to_in_007,8
2024,나나784792,to_in_008,8
2024,나나784795,to_in_001,5
2024,나나784795,to_in_007,0
2024,나나784795,to_in_008,0
2024,나나784797,to_in_001,8
2024,나나784797,to_in_007,5
2024,나나784797,to_in_008,5
2024,나나784802,to_in_001,8
2024,나나784802,to_in_007,5
2024,나나784802,to_in_008,8
2024,나나784803,to_in_001,0
2024,나나784803,to_in_007,0
2024,나나784803,to_in_008,0
2024,나나784823,to_in_001,8
2024,나나784823,to_in_007,5
2024,나나784823,to_in_008,5
2024,나나784834,to_in_001,5
2024,나나784834,to_in_007,0
2024,나나784834,to_in_008,5
2024,나나784840,to_in_001,5
2024,나나784840,to_in_007,0
2024,나나784840,to_in_008,5
2024,나나784842,to_in_001,5
2024,나나784842,to_in_007,0
2024,나나784842,to_in_008,0
2024,나나784843,to_in_001,8
2024,나나784843,to_in_007,5
2024,나나784843,to_in_008,5
2024,나나784844,to_in_001,23
2024,나나784844,to_in_007,13
2024,나나784844,to_in_008,8
2024,나나784845,to_in_001,0
2024,나나784845,to_in_007,0
2024,나나784845,to_in_008,0
2024,나나784849,to_in_001,8
2024,나나784849,to_in_007,5
2024,나나784849,to_in_008,5
2024,나나784850,to_in_001,8
2024,나나784850,to_in_007,8
2024,나나784850,to_in_008,5
2024,나나784853,to_in_001,5
2024,나나784853,to_in_007,0
2024,나나784853,to_in_008,5
2024,나나784855,to_in_001,5
2024,나나784855,to_in_007,5
2024,나나784855,to_in_008,5
2024,나나784860,to_in_001,5
2024,나나784860,to_in_007,5
2024,나나784860,to_in_008,0
2024,나나784862,to_in_001,8
2024,나나784862,to_in_007,5
2024,나나784862,to_in_008,5
2024,나나784863,to_in_001,5
2024,나나784863,to_in_007,5
2024,나나784863,to_in_008,0
2024,나나784865,to_in_001,5
2024,나나784865,to_in_007,5
2024,나나784865,to_in_008,5
2024,나나785742,to_in_001,13
2024,나나785742,to_in_007,8
2024,나나785742,to_in_008,5
2024,나나785743,to_in_001,13
2024,나나785743,to_in_007,5
2024,나나785743,to_in_008,8
2024,나나785754,to_in_001,5
2024,나나785754,to_in_007,5
2024,나나785754,to_in_008,5
2024,나나785755,to_in_001,5
2024,나나785755,to_in_007,0
2024,나나785755,to_in_008,5
2024,나나785757,to_in_001,8
2024,나나785757,to_in_007,5
2024,나나785757,to_in_008,5
2024,나나786761,to_in_001,8
2024,나나786761,to_in_007,5
2024,나나786761,to_in_008,5
2024,나나786762,to_in_001,8
2024,나나786762,to_in_007,5
2024,나나786762,to_in_008,5
2024,나나786763,to_in_001,8
2024,나나786763,to_in_007,8
2024,나나786763,to_in_008,8
2024,나나786788,to_in_001,5
2024,나나786788,to_in_007,5
2024,나나786788,to_in_008,5
2024,나나786792,to_in_001,0
2024,나나786792,to_in_007,0
2024,나나786792,to_in_008,0
2024,나나786793,to_in_001,5
2024,나나786793,to_in_007,5
2024,나나786793,to_in_008,0
2024,나나786797,to_in_001,5
2024,나나786797,to_in_007,5
2024,나나786797,to_in_008,0
2024,나나786830,to_in_001,5
2024,나나786830,to_in_007,0
2024,나나786830,to_in_008,0
2024,나나786831,to_in_001,5
2024,나나786831,to_in_007,0
2024,나나786831,to_in_008,0
2024,나나786832,to_in_001,5
2024,나나786832,to_in_007,5
2024,나나786832,to_in_008,0
2024,나나786833,to_in_001,0
2024,나나786833,to_in_007,0
2024,나나786833,to_in_008,0
2024,나나786834,to_in_001,23
2024,나나786834,to_in_007,13
2024,나나786834,to_in_008,8
2024,나나786835,to_in_001,18
2024,나나786835,to_in_007,8
2024,나나786835,to_in_008,8
2024,나나786836,to_in_001,5
2024,나나786836,to_in_007,0
2024,나나786836,to_in_008,0
2024,나나786844,to_in_001,5
2024,나나786844,to_in_007,0
2024,나나786844,to_in_008,0
2024,나나786845,to_in_001,5
2024,나나786845,to_in_007,5
2024,나나786845,to_in_008,0
2024,나나786855,to_in_001,5
2024,나나786855,to_in_007,5
2024,나나786855,to_in_008,0
2024,나나786856,to_in_001,8
2024,나나786856,to_in_007,5
2024,나나786856,to_in_008,5
2024,나나786858,to_in_001,8
2024,나나786858,to_in_007,8
2024,나나786858,to_in_008,0
2024,나나786859,to_in_001,8
2024,나나786859,to_in_007,5
2024,나나786859,to_in_008,5
2024,나나786860,to_in_001,13
2024,나나786860,to_in_007,8
2024,나나786860,to_in_008,8
2024,나나786861,to_in_001,13
2024,나나786861,to_in_007,8
2024,나나786861,to_in_008,8
2024,나나786862,to_in_001,8
2024,나나786862,to_in_007,5
2024,나나786862,to_in_008,5
2024,나나786863,to_in_001,5
2024,나나786863,to_in_007,0
2024,나나786863,to_in_008,0
2024,나나786864,to_in_001,8
2024,나나786864,to_in_007,5
2024,나나786864,to_in_008,5
2024,나나786865,to_in_001,5
2024,나나786865,to_in_007,5
2024,나나786865,to_in_008,0
2024,나나787739,to_in_001,23
2024,나나787739,to_in_007,23
2024,나나787739,to_in_008,0
2024,나나787749,to_in_001,5
2024,나나787749,to_in_007,5
2024,나나787749,to_in_008,5
2024,나나787754,to_in_001,5
2024,나나787754,to_in_007,5
2024,나나787754,to_in_008,5
2024,나나787758,to_in_001,13
2024,나나787758,to_in_007,8
2024,나나787758,to_in_008,5
2024,나나787862,to_in_001,5
2024,나나787862,to_in_007,5
2024,나나787862,to_in_008,0
2024,나나787864,to_in_001,8
2024,나나787864,to_in_007,5
2024,나나787864,to_in_008,5
2024,나나787865,to_in_001,8
2024,나나787865,to_in_007,5
2024,나나787865,to_in_008,5
2024,나나787866,to_in_001,13
2024,나나787866,to_in_007,8
2024,나나787866,to_in_008,5
2024,나나787867,to_in_001,8
2024,나나787867,to_in_007,5
2024,나나787867,to_in_008,5
2024,나나788739,to_in_001,18
2024,나나788739,to_in_007,18
2024,나나788739,to_in_008,5
2024,나나788740,to_in_001,8
2024,나나788740,to_in_007,8
2024,나나788740,to_in_008,5
2024,나나788754,to_in_001,8
2024,나나788754,to_in_007,5
2024,나나788754,to_in_008,8
2024,나나788755,to_in_001,13
2024,나나788755,to_in_007,8
2024,나나788755,to_in_008,8
2024,나나788757,to_in_001,5
2024,나나788757,to_in_007,5
2024,나나788757,to_in_008,5
2024,나나788758,to_in_001,13
2024,나나788758,to_in_007,5
2024,나나788758,to_in_008,8
2024,나나788759,to_in_001,8
2024,나나788759,to_in_007,5
2024,나나788759,to_in_008,5
2024,나나788760,to_in_001,18
2024,나나788760,to_in_007,8
2024,나나788760,to_in_008,8
2024,나나788761,to_in_001,13
2024,나나788761,to_in_007,8
2024,나나788761,to_in_008,5
2024,나나788762,to_in_001,8
2024,나나788762,to_in_007,5
2024,나나788762,to_in_008,5
2024,나나788766,to_in_001,5
2024,나나788766,to_in_007,5
2024,나나788766,to_in_008,5
2024,나나788798,to_in_001,8
2024,나나788798,to_in_007,5
2024,나나788798,to_in_008,5
2024,나나788799,to_in_001,5
2024,나나788799,to_in_007,0
2024,나나788799,to_in_008,0
2024,나나788817,to_in_001,5
2024,나나788817,to_in_007,0
2024,나나788817,to_in_008,5
2024,나나788818,to_in_001,8
2024,나나788818,to_in_007,5
2024,나나788818,to_in_008,5
2024,나나788827,to_in_001,5
2024,나나788827,to_in_007,0
2024,나나788827,to_in_008,5
2024,나나788831,to_in_001,5
2024,나나788831,to_in_007,0
2024,나나788831,to_in_008,0
2024,나나788832,to_in_001,13
2024,나나788832,to_in_007,8
2024,나나788832,to_in_008,8
2024,나나788833,to_in_001,13
2024,나나788833,to_in_007,5
2024,나나788833,to_in_008,8
2024,나나788834,to_in_001,0
2024,나나788834,to_in_007,0
2024,나나788834,to_in_008,0
2024,나나788835,to_in_001,5
2024,나나788835,to_in_007,0
2024,나나788835,to_in_008,5
2024,나나788839,to_in_001,5
2024,나나788839,to_in_007,0
2024,나나788839,to_in_008,5
2024,나나788850,to_in_001,5
2024,나나788850,to_in_007,0
2024,나나788850,to_in_008,5
2024,나나789842,to_in_001,5
2024,나나789842,to_in_007,5
2024,나나789842,to_in_008,5
2024,나나789852,to_in_001,8
2024,나나789852,to_in_007,8
2024,나나789852,to_in_008,5
2024,나나789859,to_in_001,0
2024,나나789859,to_in_007,0
2024,나나789859,to_in_008,0
2024,나나789864,to_in_001,5
2024,나나789864,to_in_007,0
2024,나나789864,to_in_008,5
2024,나나789865,to_in_001,13
2024,나나789865,to_in_007,8
2024,나나789865,to_in_008,5
2024,나나789866,to_in_001,5
2024,나나789866,to_in_007,5
2024,나나789866,to_in_008,0
2024,나나789867,to_in_001,0
2024,나나789867,to_in_007,0
2024,나나789867,to_in_008,0
2024,나나790736,to_in_001,11
2024,나나790736,to_in_007,11
2024,나나790736,to_in_008,0
2024,나나790737,to_in_001,5
2024,나나790737,to_in_007,5
2024,나나790737,to_in_008,5
2024,나나790741,to_in_001,8
2024,나나790741,to_in_007,5
2024,나나790741,to_in_008,5
2024,나나790742,to_in_001,8
2024,나나790742,to_in_007,5
2024,나나790742,to_in_008,5
2024,나나790748,to_in_001,5
2024,나나790748,to_in_007,0
2024,나나790748,to_in_008,0
2024,나나790752,to_in_001,5
2024,나나790752,to_in_007,5
2024,나나790752,to_in_008,5
2024,나나790753,to_in_001,5
2024,나나790753,to_in_007,0
2024,나나790753,to_in_008,0
2024,나나790757,to_in_001,0
2024,나나790757,to_in_007,0
2024,나나790757,to_in_008,0
2024,나나790759,to_in_001,5
2024,나나790759,to_in_007,0
2024,나나790759,to_in_008,0
2024,나나790760,to_in_001,0
2024,나나790760,to_in_007,0
2024,나나790760,to_in_008,0
2024,나나790761,to_in_001,5
2024,나나790761,to_in_007,5
2024,나나790761,to_in_008,5
2024,나나790762,to_in_001,8
2024,나나790762,to_in_007,5
2024,나나790762,to_in_008,5
2024,나나790763,to_in_001,5
2024,나나790763,to_in_007,0
2024,나나790763,to_in_008,5
2024,나나790799,to_in_001,18
2024,나나790799,to_in_007,8
2024,나나790799,to_in_008,8
2024,나나790811,to_in_001,5
2024,나나790811,to_in_007,0
2024,나나790811,to_in_008,0
2024,나나790826,to_in_001,5
2024,나나790826,to_in_007,5
2024,나나790826,to_in_008,0
2024,나나790841,to_in_001,5
2024,나나790841,to_in_007,0
2024,나나790841,to_in_008,5
2024,나나790855,to_in_001,0
2024,나나790855,to_in_007,0
2024,나나790855,to_in_008,0
2024,나나790858,to_in_001,5
2024,나나790858,to_in_007,0
2024,나나790858,to_in_008,0
2024,나나790859,to_in_001,5
2024,나나790859,to_in_007,0
2024,나나790859,to_in_008,5
2024,나나790862,to_in_001,5
2024,나나790862,to_in_007,0
2024,나나790862,to_in_008,0
2024,나나790864,to_in_001,0
2024,나나790864,to_in_007,0
2024,나나790864,to_in_008,0
2024,나나790865,to_in_001,13
2024,나나790865,to_in_007,5
2024,나나790865,to_in_008,8
2024,나나790866,to_in_001,5
2024,나나790866,to_in_007,0
2024,나나790866,to_in_008,5
2024,나나791739,to_in_001,8
2024,나나791739,to_in_007,5
2024,나나791739,to_in_008,5
2024,나나791740,to_in_001,5
2024,나나791740,to_in_007,0
2024,나나791740,to_in_008,0
2024,나나791741,to_in_001,8
2024,나나791741,to_in_007,5
2024,나나791741,to_in_008,5
2024,나나791742,to_in_001,13
2024,나나791742,to_in_007,8
2024,나나791742,to_in_008,8
2024,나나791743,to_in_001,13
2024,나나791743,to_in_007,8
2024,나나791743,to_in_008,8
2024,나나791748,to_in_001,5
2024,나나791748,to_in_007,5
2024,나나791748,to_in_008,5
2024,나나791749,to_in_001,5
2024,나나791749,to_in_007,0
2024,나나791749,to_in_008,5
2024,나나791761,to_in_001,5
2024,나나791761,to_in_007,0
2024,나나791761,to_in_008,5
2024,나나791762,to_in_001,13
2024,나나791762,to_in_007,8
2024,나나791762,to_in_008,8
2024,나나791763,to_in_001,18
2024,나나791763,to_in_007,8
2024,나나791763,to_in_008,8
2024,나나791764,to_in_001,5
2024,나나791764,to_in_007,5
2024,나나791764,to_in_008,0
2024,나나791790,to_in_001,5
2024,나나791790,to_in_007,5
2024,나나791790,to_in_008,0
2024,나나791798,to_in_001,5
2024,나나791798,to_in_007,0
2024,나나791798,to_in_008,5
2024,나나791799,to_in_001,5
2024,나나791799,to_in_007,0
2024,나나791799,to_in_008,5
2024,나나791831,to_in_001,0
2024,나나791831,to_in_007,0
2024,나나791831,to_in_008,0
2024,나나791834,to_in_001,5
2024,나나791834,to_in_007,5
2024,나나791834,to_in_008,5
2024,나나791839,to_in_001,8
2024,나나791839,to_in_007,5
2024,나나791839,to_in_008,5
2024,나나791840,to_in_001,13
2024,나나791840,to_in_007,8
2024,나나791840,to_in_008,8
2024,나나791846,to_in_001,8
2024,나나791846,to_in_007,8
2024,나나791846,to_in_008,0
2024,나나791856,to_in_001,5
2024,나나791856,to_in_007,5
2024,나나791856,to_in_008,5
2024,나나791857,to_in_001,5
2024,나나791857,to_in_007,5
2024,나나791857,to_in_008,0
2024,나나791858,to_in_001,28
2024,나나791858,to_in_007,13
2024,나나791858,to_in_008,13
2024,나나791859,to_in_001,13
2024,나나791859,to_in_007,8
2024,나나791859,to_in_008,8
2024,나나791860,to_in_001,8
2024,나나791860,to_in_007,5
2024,나나791860,to_in_008,8
2024,나나791861,to_in_001,0
2024,나나791861,to_in_007,0
2024,나나791861,to_in_008,0
2024,나나791862,to_in_001,5
2024,나나791862,to_in_007,5
2024,나나791862,to_in_008,5
2024,나나791863,to_in_001,8
2024,나나791863,to_in_007,5
2024,나나791863,to_in_008,5
2024,나나791864,to_in_001,8
2024,나나791864,to_in_007,5
2024,나나791864,to_in_008,8
2024,나나791865,to_in_001,8
2024,나나791865,to_in_007,8
2024,나나791865,to_in_008,5
2024,나나791866,to_in_001,5
2024,나나791866,to_in_007,5
2024,나나791866,to_in_008,5
2024,나나791867,to_in_001,5
2024,나나791867,to_in_007,0
2024,나나791867,to_in_008,5
2024,나나792739,to_in_001,18
2024,나나792739,to_in_007,8
2024,나나792739,to_in_008,8
2024,나나792741,to_in_001,13
2024,나나792741,to_in_007,5
2024,나나792741,to_in_008,8
2024,나나792742,to_in_001,5
2024,나나792742,to_in_007,0
2024,나나792742,to_in_008,5
2024,나나792745,to_in_001,0
2024,나나792745,to_in_007,0
2024,나나792745,to_in_008,0
2024,나나792761,to_in_001,8
2024,나나792761,to_in_007,5
2024,나나792761,to_in_008,5
2024,나나792762,to_in_001,33
2024,나나792762,to_in_007,18
2024,나나792762,to_in_008,18
2024,나나792763,to_in_001,18
2024,나나792763,to_in_007,13
2024,나나792763,to_in_008,8
2024,나나792764,to_in_001,5
2024,나나792764,to_in_007,0
2024,나나792764,to_in_008,5
2024,나나792765,to_in_001,5
2024,나나792765,to_in_007,5
2024,나나792765,to_in_008,5
2024,나나792774,to_in_001,5
2024,나나792774,to_in_007,5
2024,나나792774,to_in_008,5
2024,나나792831,to_in_001,5
2024,나나792831,to_in_007,5
2024,나나792831,to_in_008,5
2024,나나792832,to_in_001,5
2024,나나792832,to_in_007,0
2024,나나792832,to_in_008,0
2024,나나792834,to_in_001,5
2024,나나792834,to_in_007,0
2024,나나792834,to_in_008,5
2024,나나792835,to_in_001,5
2024,나나792835,to_in_007,0
2024,나나792835,to_in_008,0
2024,나나792836,to_in_001,5
2024,나나792836,to_in_007,5
2024,나나792836,to_in_008,0
2024,나나792839,to_in_001,5
2024,나나792839,to_in_007,5
2024,나나792839,to_in_008,5
2024,나나792840,to_in_001,8
2024,나나792840,to_in_007,8
2024,나나792840,to_in_008,5
2024,나나792841,to_in_001,5
2024,나나792841,to_in_007,5
2024,나나792841,to_in_008,5
2024,나나792844,to_in_001,5
2024,나나792844,to_in_007,0
2024,나나792844,to_in_008,5
2024,나나792848,to_in_001,5
2024,나나792848,to_in_007,0
2024,나나792848,to_in_008,0
2024,나나792849,to_in_001,5
2024,나나792849,to_in_007,0
2024,나나792849,to_in_008,0
2024,나나792856,to_in_001,8
2024,나나792856,to_in_007,5
2024,나나792856,to_in_008,5
2024,나나792857,to_in_001,8
2024,나나792857,to_in_007,5
2024,나나792857,to_in_008,5
2024,나나792858,to_in_001,8
2024,나나792858,to_in_007,5
2024,나나792858,to_in_008,8
2024,나나792859,to_in_001,5
2024,나나792859,to_in_007,5
2024,나나792859,to_in_008,0
2024,나나792860,to_in_001,18
2024,나나792860,to_in_007,8
2024,나나792860,to_in_008,13
2024,나나792861,to_in_001,13
2024,나나792861,to_in_007,8
2024,나나792861,to_in_008,8
2024,나나792862,to_in_001,23
2024,나나792862,to_in_007,8
2024,나나792862,to_in_008,13
2024,나나792863,to_in_001,5
2024,나나792863,to_in_007,5
2024,나나792863,to_in_008,0
2024,나나792864,to_in_001,8
2024,나나792864,to_in_007,8
2024,나나792864,to_in_008,5
2024,나나793763,to_in_001,5
2024,나나793763,to_in_007,0
2024,나나793763,to_in_008,5
2024,나나793764,to_in_001,5
2024,나나793764,to_in_007,5
2024,나나793764,to_in_008,5
2024,나나793765,to_in_001,5
2024,나나793765,to_in_007,5
2024,나나793765,to_in_008,5
2024,나나793790,to_in_001,8
2024,나나793790,to_in_007,5
2024,나나793790,to_in_008,5
2024,나나793791,to_in_001,8
2024,나나793791,to_in_007,5
2024,나나793791,to_in_008,8
2024,나나793811,to_in_001,8
2024,나나793811,to_in_007,8
2024,나나793811,to_in_008,0
2024,나나793831,to_in_001,0
2024,나나793831,to_in_007,0
2024,나나793831,to_in_008,0
2024,나나793836,to_in_001,0
2024,나나793836,to_in_007,0
2024,나나793836,to_in_008,0
2024,나나793839,to_in_001,0
2024,나나793839,to_in_007,0
2024,나나793839,to_in_008,0
2024,나나793840,to_in_001,5
2024,나나793840,to_in_007,0
2024,나나793840,to_in_008,5
2024,나나793845,to_in_001,5
2024,나나793845,to_in_007,5
2024,나나793845,to_in_008,0
2024,나나793855,to_in_001,0
2024,나나793855,to_in_007,0
2024,나나793855,to_in_008,0
2024,나나793856,to_in_001,8
2024,나나793856,to_in_007,8
2024,나나793856,to_in_008,0
2024,나나793858,to_in_001,8
2024,나나793858,to_in_007,5
2024,나나793858,to_in_008,5
2024,나나793859,to_in_001,13
2024,나나793859,to_in_007,8
2024,나나793859,to_in_008,8
2024,나나793861,to_in_001,13
2024,나나793861,to_in_007,5
2024,나나793861,to_in_008,8
2024,나나793862,to_in_001,5
2024,나나793862,to_in_007,5
2024,나나793862,to_in_008,5
2024,나나793863,to_in_001,8
2024,나나793863,to_in_007,5
2024,나나793863,to_in_008,5
2024,나나793864,to_in_001,8
2024,나나793864,to_in_007,8
2024,나나793864,to_in_008,0
2024,나나793865,to_in_001,8
2024,나나793865,to_in_007,5
2024,나나793865,to_in_008,8
2024,나나793866,to_in_001,5
2024,나나793866,to_in_007,0
2024,나나793866,to_in_008,5
2024,나나793867,to_in_001,5
2024,나나793867,to_in_007,5
2024,나나793867,to_in_008,0
2024,나나794735,to_in_001,5
2024,나나794735,to_in_007,5
2024,나나794735,to_in_008,5
2024,나나794736,to_in_001,5
2024,나나794736,to_in_007,0
2024,나나794736,to_in_008,5
2024,나나794737,to_in_001,0
2024,나나794737,to_in_007,0
2024,나나794737,to_in_008,0
2024,나나794738,to_in_001,5
2024,나나794738,to_in_007,5
2024,나나794738,to_in_008,0
2024,나나794743,to_in_001,5
2024,나나794743,to_in_007,0
2024,나나794743,to_in_008,0
2024,나나794764,to_in_001,5
2024,나나794764,to_in_007,0
2024,나나794764,to_in_008,0
2024,나나794788,to_in_001,8
2024,나나794788,to_in_007,8
2024,나나794788,to_in_008,5
2024,나나794789,to_in_001,8
2024,나나794789,to_in_007,5
2024,나나794789,to_in_008,5
2024,나나794790,to_in_001,8
2024,나나794790,to_in_007,5
2024,나나794790,to_in_008,5
2024,나나794791,to_in_001,8
2024,나나794791,to_in_007,5
2024,나나794791,to_in_008,5
2024,나나799745,to_in_001,18
2024,나나799745,to_in_007,8
2024,나나799745,to_in_008,8
2024,나나799746,to_in_001,5
2024,나나799746,to_in_007,5
2024,나나799746,to_in_008,5
2024,나나799747,to_in_001,18
2024,나나799747,to_in_007,8
2024,나나799747,to_in_008,8
2024,나나799748,to_in_001,18
2024,나나799748,to_in_007,8
2024,나나799748,to_in_008,8
2024,나나799750,to_in_001,13
2024,나나799750,to_in_007,8
2024,나나799750,to_in_008,5
2024,나나799820,to_in_001,5
2024,나나799820,to_in_007,5
2024,나나799820,to_in_008,0
2024,나나799830,to_in_001,5
2024,나나799830,to_in_007,0
2024,나나799830,to_in_008,0
2024,나나799831,to_in_001,0
2024,나나799831,to_in_007,0
2024,나나799831,to_in_008,0
2024,나나799842,to_in_001,5
2024,나나799842,to_in_007,0
2024,나나799842,to_in_008,0
2024,나나799843,to_in_001,8
2024,나나799843,to_in_007,5
2024,나나799843,to_in_008,5
2024,나나799845,to_in_001,5
2024,나나799845,to_in_007,5
2024,나나799845,to_in_008,0
2024,나나799847,to_in_001,8
2024,나나799847,to_in_007,5
2024,나나799847,to_in_008,5
2024,나나800731,to_in_001,8
2024,나나800731,to_in_007,8
2024,나나800731,to_in_008,0
2024,나나800733,to_in_001,5
2024,나나800733,to_in_007,5
2024,나나800733,to_in_008,0
2024,나나800737,to_in_001,5
2024,나나800737,to_in_007,0
2024,나나800737,to_in_008,5
2024,나나800739,to_in_001,5
2024,나나800739,to_in_007,0
2024,나나800739,to_in_008,0
2024,나나800742,to_in_001,5
2024,나나800742,to_in_007,0
2024,나나800742,to_in_008,0
2024,나나800743,to_in_001,5
2024,나나800743,to_in_007,5
2024,나나800743,to_in_008,5
2024,나나800745,to_in_001,8
2024,나나800745,to_in_007,5
2024,나나800745,to_in_008,5
2024,나나800746,to_in_001,0
2024,나나800746,to_in_007,0
2024,나나800746,to_in_008,0
2024,나나800747,to_in_001,5
2024,나나800747,to_in_007,0
2024,나나800747,to_in_008,0
2024,나나800748,to_in_001,5
2024,나나800748,to_in_007,0
2024,나나800748,to_in_008,0
2024,나나800749,to_in_001,5
2024,나나800749,to_in_007,5
2024,나나800749,to_in_008,5
2024,나나800763,to_in_001,5
2024,나나800763,to_in_007,5
2024,나나800763,to_in_008,0
2024,나나800764,to_in_001,0
2024,나나800764,to_in_007,0
2024,나나800764,to_in_008,0
2024,나나800786,to_in_001,5
2024,나나800786,to_in_007,5
2024,나나800786,to_in_008,0
2024,나나801842,to_in_001,5
2024,나나801842,to_in_007,5
2024,나나801842,to_in_008,5
2024,나나801843,to_in_001,8
2024,나나801843,to_in_007,5
2024,나나801843,to_in_008,5
2024,나나801856,to_in_001,5
2024,나나801856,to_in_007,5
2024,나나801856,to_in_008,0
2024,나나801872,to_in_001,8
2024,나나801872,to_in_007,5
2024,나나801872,to_in_008,5
2024,나나801875,to_in_001,0
2024,나나801875,to_in_007,0
2024,나나801875,to_in_008,0
2024,나나802732,to_in_001,13
2024,나나802732,to_in_007,13
2024,나나802732,to_in_008,5
2024,나나802748,to_in_001,5
2024,나나802748,to_in_007,5
2024,나나802748,to_in_008,0
2024,나나802750,to_in_001,5
2024,나나802750,to_in_007,5
2024,나나802750,to_in_008,0
2024,나나802751,to_in_001,5
2024,나나802751,to_in_007,5
2024,나나802751,to_in_008,5
2024,나나802787,to_in_001,8
2024,나나802787,to_in_007,5
2024,나나802787,to_in_008,5
2024,나나802788,to_in_001,5
2024,나나802788,to_in_007,0
2024,나나802788,to_in_008,5
2024,나나802789,to_in_001,0
2024,나나802789,to_in_007,0
2024,나나802789,to_in_008,0
2024,나나802827,to_in_001,5
2024,나나802827,to_in_007,0
2024,나나802827,to_in_008,0
2024,나나802843,to_in_001,8
2024,나나802843,to_in_007,5
2024,나나802843,to_in_008,5
2024,나나802854,to_in_001,5
2024,나나802854,to_in_007,5
2024,나나802854,to_in_008,5
2024,나나802872,to_in_001,5
2024,나나802872,to_in_007,5
2024,나나802872,to_in_008,5
2024,나나803732,to_in_001,8
2024,나나803732,to_in_007,8
2024,나나803732,to_in_008,0
2024,나나803733,to_in_001,13
2024,나나803733,to_in_007,13
2024,나나803733,to_in_008,0
2024,나나803781,to_in_001,5
2024,나나803781,to_in_007,5
2024,나나803781,to_in_008,5
2024,나나803784,to_in_001,8
2024,나나803784,to_in_007,8
2024,나나803784,to_in_008,5
2024,나나803787,to_in_001,5
2024,나나803787,to_in_007,5
2024,나나803787,to_in_008,5
2024,나나803788,to_in_001,5
2024,나나803788,to_in_007,5
2024,나나803788,to_in_008,0
2024,나나803836,to_in_001,8
2024,나나803836,to_in_007,5
2024,나나803836,to_in_008,5
2024,나나803839,to_in_001,0
2024,나나803839,to_in_007,0
2024,나나803839,to_in_008,0
2024,나나803852,to_in_001,5
2024,나나803852,to_in_007,5
2024,나나803852,to_in_008,5
2024,나나803863,to_in_001,5
2024,나나803863,to_in_007,0
2024,나나803863,to_in_008,0
2024,나나803877,to_in_001,5
2024,나나803877,to_in_007,5
2024,나나803877,to_in_008,0
2024,나나803878,to_in_001,8
2024,나나803878,to_in_007,5
2024,나나803878,to_in_008,8
2024,나나803879,to_in_001,8
2024,나나803879,to_in_007,5
2024,나나803879,to_in_008,5
2024,나나804733,to_in_001,18
2024,나나804733,to_in_007,13
2024,나나804733,to_in_008,0
2024,나나804739,to_in_001,5
2024,나나804739,to_in_007,0
2024,나나804739,to_in_008,0
2024,나나804743,to_in_001,5
2024,나나804743,to_in_007,0
2024,나나804743,to_in_008,0
2024,나나804744,to_in_001,5
2024,나나804744,to_in_007,0
2024,나나804744,to_in_008,5
2024,나나804752,to_in_001,5
2024,나나804752,to_in_007,5
2024,나나804752,to_in_008,5
2024,나나804754,to_in_001,5
2024,나나804754,to_in_007,0
2024,나나804754,to_in_008,5
2024,나나804782,to_in_001,8
2024,나나804782,to_in_007,8
2024,나나804782,to_in_008,5
2024,나나804784,to_in_001,5
2024,나나804784,to_in_007,5
2024,나나804784,to_in_008,0
2024,나나804788,to_in_001,5
2024,나나804788,to_in_007,5
2024,나나804788,to_in_008,0
2024,나나804827,to_in_001,5
2024,나나804827,to_in_007,5
2024,나나804827,to_in_008,5
2024,나나804830,to_in_001,5
2024,나나804830,to_in_007,5
2024,나나804830,to_in_008,0
2024,나나804838,to_in_001,5
2024,나나804838,to_in_007,5
2024,나나804838,to_in_008,5
2024,나나804839,to_in_001,5
2024,나나804839,to_in_007,5
2024,나나804839,to_in_008,5
2024,나나804840,to_in_001,0
2024,나나804840,to_in_007,0
2024,나나804840,to_in_008,0
2024,나나804842,to_in_001,8
2024,나나804842,to_in_007,5
2024,나나804842,to_in_008,5
2024,나나804852,to_in_001,5
2024,나나804852,to_in_007,0
2024,나나804852,to_in_008,0
2024,나나804876,to_in_001,5
2024,나나804876,to_in_007,0
2024,나나804876,to_in_008,5
2024,나나804878,to_in_001,18
2024,나나804878,to_in_007,8
2024,나나804878,to_in_008,13
2024,나나804879,to_in_001,35
2024,나나804879,to_in_007,20
2024,나나804879,to_in_008,13
2024,나나804880,to_in_001,13
2024,나나804880,to_in_007,8
2024,나나804880,to_in_008,5
2024,나나805732,to_in_001,13
2024,나나805732,to_in_007,13
2024,나나805732,to_in_008,5
2024,나나805733,to_in_001,5
2024,나나805733,to_in_007,5
2024,나나805733,to_in_008,5
2024,나나805749,to_in_001,5
2024,나나805749,to_in_007,5
2024,나나805749,to_in_008,5
2024,나나805750,to_in_001,5
2024,나나805750,to_in_007,0
2024,나나805750,to_in_008,5
2024,나나805752,to_in_001,5
2024,나나805752,to_in_007,0
2024,나나805752,to_in_008,5
2024,나나805754,to_in_001,8
2024,나나805754,to_in_007,5
2024,나나805754,to_in_008,8
2024,나나805755,to_in_001,0
2024,나나805755,to_in_007,0
2024,나나805755,to_in_008,0
2024,나나805766,to_in_001,5
2024,나나805766,to_in_007,5
2024,나나805766,to_in_008,0
2024,나나805789,to_in_001,8
2024,나나805789,to_in_007,8
2024,나나805789,to_in_008,8
2024,나나805808,to_in_001,5
2024,나나805808,to_in_007,0
2024,나나805808,to_in_008,0
2024,나나805815,to_in_001,0
2024,나나805815,to_in_007,0
2024,나나805815,to_in_008,0
2024,나나805821,to_in_001,5
2024,나나805821,to_in_007,0
2024,나나805821,to_in_008,5
2024,나나805822,to_in_001,5
2024,나나805822,to_in_007,0
2024,나나805822,to_in_008,5
2024,나나805838,to_in_001,5
2024,나나805838,to_in_007,5
2024,나나805838,to_in_008,0
2024,나나805841,to_in_001,0
2024,나나805841,to_in_007,0
2024,나나805841,to_in_008,0
2024,나나805876,to_in_001,5
2024,나나805876,to_in_007,5
2024,나나805876,to_in_008,0
2024,나나805877,to_in_001,8
2024,나나805877,to_in_007,8
2024,나나805877,to_in_008,5
2024,나나805878,to_in_001,13
2024,나나805878,to_in_007,8
2024,나나805878,to_in_008,8
2024,나나805879,to_in_001,43
2024,나나805879,to_in_007,23
2024,나나805879,to_in_008,23
2024,나나805880,to_in_001,23
2024,나나805880,to_in_007,13
2024,나나805880,to_in_008,8
2024,나나805881,to_in_001,8
2024,나나805881,to_in_007,5
2024,나나805881,to_in_008,5
2024,나나805883,to_in_001,5
2024,나나805883,to_in_007,5
2024,나나805883,to_in_008,0
2024,나나806732,to_in_001,0
2024,나나806732,to_in_007,0
2024,나나806732,to_in_008,0
2024,나나806733,to_in_001,8
2024,나나806733,to_in_007,5
2024,나나806733,to_in_008,5
2024,나나806752,to_in_001,8
2024,나나806752,to_in_007,5
2024,나나806752,to_in_008,5
2024,나나806753,to_in_001,8
2024,나나806753,to_in_007,5
2024,나나806753,to_in_008,5
2024,나나806786,to_in_001,5
2024,나나806786,to_in_007,0
2024,나나806786,to_in_008,0
2024,나나806789,to_in_001,5
2024,나나806789,to_in_007,0
2024,나나806789,to_in_008,5
2024,나나806790,to_in_001,8
2024,나나806790,to_in_007,5
2024,나나806790,to_in_008,8
2024,나나806822,to_in_001,5
2024,나나806822,to_in_007,5
2024,나나806822,to_in_008,0
2024,나나806837,to_in_001,5
2024,나나806837,to_in_007,0
2024,나나806837,to_in_008,0
2024,나나806838,to_in_001,5
2024,나나806838,to_in_007,0
2024,나나806838,to_in_008,5
2024,나나806845,to_in_001,0
2024,나나806845,to_in_007,0
2024,나나806845,to_in_008,0
2024,나나806849,to_in_001,5
2024,나나806849,to_in_007,5
2024,나나806849,to_in_008,0
2024,나나806852,to_in_001,0
2024,나나806852,to_in_007,0
2024,나나806852,to_in_008,0
2024,나나806877,to_in_001,13
2024,나나806877,to_in_007,8
2024,나나806877,to_in_008,8
2024,나나806878,to_in_001,13
2024,나나806878,to_in_007,8
2024,나나806878,to_in_008,8
2024,나나806879,to_in_001,8
2024,나나806879,to_in_007,8
2024,나나806879,to_in_008,8
2024,나나806880,to_in_001,8
2024,나나806880,to_in_007,5
2024,나나806880,to_in_008,8
2024,나나806881,to_in_001,23
2024,나나806881,to_in_007,13
2024,나나806881,to_in_008,8
2024,나나806882,to_in_001,8
2024,나나806882,to_in_007,8
2024,나나806882,to_in_008,5
2024,나나807732,to_in_001,13
2024,나나807732,to_in_007,8
2024,나나807732,to_in_008,8
2024,나나807733,to_in_001,8
2024,나나807733,to_in_007,8
2024,나나807733,to_in_008,0
2024,나나807738,to_in_001,5
2024,나나807738,to_in_007,5
2024,나나807738,to_in_008,5
2024,나나807752,to_in_001,0
2024,나나807752,to_in_007,0
2024,나나807752,to_in_008,0
2024,나나807753,to_in_001,18
2024,나나807753,to_in_007,8
2024,나나807753,to_in_008,8
2024,나나807754,to_in_001,5
2024,나나807754,to_in_007,0
2024,나나807754,to_in_008,0
2024,나나807769,to_in_001,5
2024,나나807769,to_in_007,5
2024,나나807769,to_in_008,0
2024,나나807781,to_in_001,5
2024,나나807781,to_in_007,5
2024,나나807781,to_in_008,0
2024,나나807788,to_in_001,8
2024,나나807788,to_in_007,5
2024,나나807788,to_in_008,5
2024,나나807789,to_in_001,5
2024,나나807789,to_in_007,5
2024,나나807789,to_in_008,0
2024,나나810736,to_in_001,5
2024,나나810736,to_in_007,0
2024,나나810736,to_in_008,5
2024,나나810737,to_in_001,5
2024,나나810737,to_in_007,5
2024,나나810737,to_in_008,0
2024,나나810739,to_in_001,5
2024,나나810739,to_in_007,5
2024,나나810739,to_in_008,0
2024,나나810773,to_in_001,8
2024,나나810773,to_in_007,8
2024,나나810773,to_in_008,5
2024,나나810774,to_in_001,8
2024,나나810774,to_in_007,8
2024,나나810774,to_in_008,0
2024,나나810776,to_in_001,23
2024,나나810776,to_in_007,8
2024,나나810776,to_in_008,13
2024,나나810779,to_in_001,5
2024,나나810779,to_in_007,5
2024,나나810779,to_in_008,5
2024,나나810784,to_in_001,5
2024,나나810784,to_in_007,0
2024,나나810784,to_in_008,0
2024,나나810791,to_in_001,5
2024,나나810791,to_in_007,0
2024,나나810791,to_in_008,5
2024,나나810806,to_in_001,8
2024,나나810806,to_in_007,5
2024,나나810806,to_in_008,5
2024,나나810807,to_in_001,0
2024,나나810807,to_in_007,0
2024,나나810807,to_in_008,0
2024,나나810811,to_in_001,8
2024,나나810811,to_in_007,5
2024,나나810811,to_in_008,5
2024,나나810824,to_in_001,5
2024,나나810824,to_in_007,0
2024,나나810824,to_in_008,0
2024,나나810825,to_in_001,0
2024,나나810825,to_in_007,0
2024,나나810825,to_in_008,0
2024,나나810826,to_in_001,5
2024,나나810826,to_in_007,0
2024,나나810826,to_in_008,5
2024,나나810827,to_in_001,5
2024,나나810827,to_in_007,0
2024,나나810827,to_in_008,5
2024,나나810838,to_in_001,5
2024,나나810838,to_in_007,5
2024,나나810838,to_in_008,5
2024,나나810839,to_in_001,0
2024,나나810839,to_in_007,0
2024,나나810839,to_in_008,0
2024,나나810848,to_in_001,5
2024,나나810848,to_in_007,0
2024,나나810848,to_in_008,5
2024,나나810875,to_in_001,8
2024,나나810875,to_in_007,8
2024,나나810875,to_in_008,5
2024,나나810878,to_in_001,8
2024,나나810878,to_in_007,5
2024,나나810878,to_in_008,5
2024,나나810889,to_in_001,5
2024,나나810889,to_in_007,5
2024,나나810889,to_in_008,0
2024,나나811730,to_in_001,5
2024,나나811730,to_in_007,5
2024,나나811730,to_in_008,0
2024,나나811735,to_in_001,8
2024,나나811735,to_in_007,5
2024,나나811735,to_in_008,5
2024,나나811736,to_in_001,8
2024,나나811736,to_in_007,5
2024,나나811736,to_in_008,8
2024,나나811737,to_in_001,5
2024,나나811737,to_in_007,0
2024,나나811737,to_in_008,5
2024,나나811740,to_in_001,0
2024,나나811740,to_in_007,0
2024,나나811740,to_in_008,0
2024,나나811751,to_in_001,5
2024,나나811751,to_in_007,5
2024,나나811751,to_in_008,0
2024,나나811773,to_in_001,28
2024,나나811773,to_in_007,13
2024,나나811773,to_in_008,18
2024,나나811774,to_in_001,28
2024,나나811774,to_in_007,13
2024,나나811774,to_in_008,13
2024,나나811775,to_in_001,8
2024,나나811775,to_in_007,5
2024,나나811775,to_in_008,8
2024,나나811777,to_in_001,8
2024,나나811777,to_in_007,5
2024,나나811777,to_in_008,5
2024,나나811779,to_in_001,5
2024,나나811779,to_in_007,0
2024,나나811779,to_in_008,0
2024,나나811805,to_in_001,5
2024,나나811805,to_in_007,5
2024,나나811805,to_in_008,5
2024,나나811806,to_in_001,5
2024,나나811806,to_in_007,5
2024,나나811806,to_in_008,5
2024,나나811815,to_in_001,5
2024,나나811815,to_in_007,0
2024,나나811815,to_in_008,0
2024,나나811817,to_in_001,5
2024,나나811817,to_in_007,0
2024,나나811817,to_in_008,5
2024,나나811821,to_in_001,0
2024,나나811821,to_in_007,0
2024,나나811821,to_in_008,0
2024,나나811825,to_in_001,0
2024,나나811825,to_in_007,0
2024,나나811825,to_in_008,0
2024,나나811846,to_in_001,0
2024,나나811846,to_in_007,0
2024,나나811846,to_in_008,0
2024,나나811848,to_in_001,8
2024,나나811848,to_in_007,5
2024,나나811848,to_in_008,8
2024,나나811863,to_in_001,5
2024,나나811863,to_in_007,5
2024,나나811863,to_in_008,0
2024,나나813824,to_in_001,13
2024,나나813824,to_in_007,8
2024,나나813824,to_in_008,5
2024,나나813825,to_in_001,0
2024,나나813825,to_in_007,0
2024,나나813825,to_in_008,0
2024,나나813826,to_in_001,0
2024,나나813826,to_in_007,0
2024,나나813826,to_in_008,0
2024,나나813828,to_in_001,8
2024,나나813828,to_in_007,5
2024,나나813828,to_in_008,5
2024,나나813829,to_in_001,5
2024,나나813829,to_in_007,5
2024,나나813829,to_in_008,0
2024,나나813830,to_in_001,8
2024,나나813830,to_in_007,5
2024,나나813830,to_in_008,5
2024,나나813837,to_in_001,0
2024,나나813837,to_in_007,0
2024,나나774837,to_in_001,0
2024,나나774837,to_in_007,0
2024,나나774837,to_in_008,0
2024,나나774838,to_in_001,8
2024,나나774838,to_in_007,5
2024,나나774838,to_in_008,0
2024,나나774844,to_in_001,33
2024,나나774844,to_in_007,8
2024,나나774844,to_in_008,23
2024,나나774845,to_in_001,8
2024,나나774845,to_in_007,8
2024,나나774845,to_in_008,5
2024,나나774846,to_in_001,13
2024,나나774846,to_in_007,8
2024,나나774846,to_in_008,8
2024,나나774847,to_in_001,28
2024,나나774847,to_in_007,18
2024,나나774847,to_in_008,13
2024,나나774848,to_in_001,33
2024,나나774848,to_in_007,18
2024,나나774848,to_in_008,18
2024,나나774849,to_in_001,23
2024,나나774849,to_in_007,13
2024,나나774849,to_in_008,13
2024,나나774850,to_in_001,18
2024,나나774850,to_in_007,8
2024,나나774850,to_in_008,8
2024,나나774851,to_in_001,8
2024,나나774851,to_in_007,5
2024,나나774851,to_in_008,5
2024,나나774852,to_in_001,8
2024,나나774852,to_in_007,5
2024,나나774852,to_in_008,5
2024,나나774853,to_in_001,23
2024,나나774853,to_in_007,13
2024,나나774853,to_in_008,13
2024,나나774854,to_in_001,8
2024,나나774854,to_in_007,5
2024,나나774854,to_in_008,5
2024,나나774855,to_in_001,8
2024,나나774855,to_in_007,8
2024,나나774855,to_in_008,5
2024,나나774856,to_in_001,8
2024,나나774856,to_in_007,5
2024,나나774856,to_in_008,8
2024,나나774857,to_in_001,5
2024,나나774857,to_in_007,5
2024,나나774857,to_in_008,0
2024,나나774858,to_in_001,8
2024,나나774858,to_in_007,5
2024,나나774858,to_in_008,5
2024,나나775748,to_in_001,5
2024,나나775748,to_in_007,5
2024,나나775748,to_in_008,0
2024,나나775771,to_in_001,5
2024,나나775771,to_in_007,0
2024,나나775771,to_in_008,5
2024,나나775777,to_in_001,13
2024,나나775777,to_in_007,8
2024,나나775777,to_in_008,5
2024,나나775778,to_in_001,13
2024,나나775778,to_in_007,8
2024,나나775778,to_in_008,8
2024,나나775793,to_in_001,0
2024,나나775793,to_in_007,0
2024,나나775793,to_in_008,0
2024,나나775796,to_in_001,0
2024,나나775796,to_in_007,0
2024,나나775796,to_in_008,0
2024,나나775798,to_in_001,0
2024,나나775798,to_in_007,0
2024,나나775798,to_in_008,0
2024,나나775799,to_in_001,5
2024,나나775799,to_in_007,0
2024,나나775799,to_in_008,5
2024,나나775800,to_in_001,8
2024,나나775800,to_in_007,5
2024,나나775800,to_in_008,8
2024,나나785760,to_in_001,8
2024,나나785760,to_in_007,8
2024,나나785760,to_in_008,5
2024,나나785761,to_in_001,5
2024,나나785761,to_in_007,5
2024,나나785761,to_in_008,0
2024,나나785763,to_in_001,5
2024,나나785763,to_in_007,5
2024,나나785763,to_in_008,5
2024,나나785765,to_in_001,18
2024,나나785765,to_in_007,8
2024,나나785765,to_in_008,8
2024,나나785792,to_in_001,13
2024,나나785792,to_in_007,8
2024,나나785792,to_in_008,8
2024,나나785793,to_in_001,8
2024,나나785793,to_in_007,5
2024,나나785793,to_in_008,5
2024,나나785828,to_in_001,5
2024,나나785828,to_in_007,0
2024,나나785828,to_in_008,0
2024,나나785831,to_in_001,5
2024,나나785831,to_in_007,5
2024,나나785831,to_in_008,0
2024,나나785833,to_in_001,5
2024,나나785833,to_in_007,5
2024,나나785833,to_in_008,0
2024,나나785834,to_in_001,13
2024,나나785834,to_in_007,8
2024,나나785834,to_in_008,5
2024,나나785835,to_in_001,8
2024,나나785835,to_in_007,5
2024,나나785835,to_in_008,5
2024,나나785838,to_in_001,5
2024,나나785838,to_in_007,0
2024,나나785838,to_in_008,0
2024,나나785839,to_in_001,0
2024,나나785839,to_in_007,0
2024,나나785839,to_in_008,0
2024,나나785844,to_in_001,5
2024,나나785844,to_in_007,5
2024,나나785844,to_in_008,5
2024,나나785845,to_in_001,8
2024,나나785845,to_in_007,8
2024,나나785845,to_in_008,0
2024,나나785853,to_in_001,5
2024,나나785853,to_in_007,5
2024,나나785853,to_in_008,0
2024,나나785856,to_in_001,0
2024,나나785856,to_in_007,0
2024,나나785856,to_in_008,0
2024,나나785858,to_in_001,5
2024,나나785858,to_in_007,5
2024,나나785858,to_in_008,0
2024,나나785861,to_in_001,8
2024,나나785861,to_in_007,5
2024,나나785861,to_in_008,5
2024,나나785862,to_in_001,13
2024,나나785862,to_in_007,8
2024,나나785862,to_in_008,8
2024,나나785863,to_in_001,5
2024,나나785863,to_in_007,5
2024,나나785863,to_in_008,5
2024,나나785864,to_in_001,13
2024,나나785864,to_in_007,8
2024,나나785864,to_in_008,5
2024,나나785865,to_in_001,8
2024,나나785865,to_in_007,8
2024,나나785865,to_in_008,0
2024,나나786746,to_in_001,5
2024,나나786746,to_in_007,5
2024,나나786746,to_in_008,0
2024,나나786753,to_in_001,5
2024,나나786753,to_in_007,5
2024,나나786753,to_in_008,0
2024,나나786754,to_in_001,8
2024,나나786754,to_in_007,5
2024,나나786754,to_in_008,5
2024,나나786758,to_in_001,5
2024,나나786758,to_in_007,0
2024,나나786758,to_in_008,5
2024,나나786759,to_in_001,5
2024,나나786759,to_in_007,5
2024,나나786759,to_in_008,5
2024,나나794796,to_in_001,8
2024,나나794796,to_in_007,5
2024,나나794796,to_in_008,5
2024,나나794816,to_in_001,5
2024,나나794816,to_in_007,5
2024,나나794816,to_in_008,5
2024,나나794817,to_in_001,5
2024,나나794817,to_in_007,0
2024,나나794817,to_in_008,5
2024,나나794828,to_in_001,5
2024,나나794828,to_in_007,5
2024,나나794828,to_in_008,0
2024,나나794829,to_in_001,5
2024,나나794829,to_in_007,5
2024,나나794829,to_in_008,0
2024,나나794830,to_in_001,0
2024,나나794830,to_in_007,0
2024,나나794830,to_in_008,0
2024,나나794838,to_in_001,0
2024,나나794838,to_in_007,0
2024,나나794838,to_in_008,0
2024,나나794840,to_in_001,5
2024,나나794840,to_in_007,5
2024,나나794840,to_in_008,0
2024,나나794841,to_in_001,0
2024,나나794841,to_in_007,0
2024,나나794841,to_in_008,0
2024,나나794846,to_in_001,5
2024,나나794846,to_in_007,0
2024,나나794846,to_in_008,0
2024,나나794851,to_in_001,8
2024,나나794851,to_in_007,5
2024,나나794851,to_in_008,5
2024,나나794858,to_in_001,5
2024,나나794858,to_in_007,0
2024,나나794858,to_in_008,5
2024,나나794860,to_in_001,8
2024,나나794860,to_in_007,5
2024,나나794860,to_in_008,8
2024,나나794862,to_in_001,5
2024,나나794862,to_in_007,0
2024,나나794862,to_in_008,5
2024,나나794867,to_in_001,5
2024,나나794867,to_in_007,0
2024,나나794867,to_in_008,0
2024,나나795734,to_in_001,23
2024,나나795734,to_in_007,23
2024,나나795734,to_in_008,0
2024,나나795735,to_in_001,8
2024,나나795735,to_in_007,5
2024,나나795735,to_in_008,5
2024,나나795741,to_in_001,0
2024,나나795741,to_in_007,0
2024,나나795741,to_in_008,0
2024,나나795744,to_in_001,8
2024,나나795744,to_in_007,5
2024,나나795744,to_in_008,5
2024,나나795748,to_in_001,0
2024,나나795748,to_in_007,0
2024,나나795748,to_in_008,0
2024,나나795749,to_in_001,5
2024,나나795749,to_in_007,5
2024,나나795749,to_in_008,0
2024,나나795788,to_in_001,8
2024,나나795788,to_in_007,8
2024,나나795788,to_in_008,5
2024,나나795789,to_in_001,8
2024,나나795789,to_in_007,8
2024,나나795789,to_in_008,8
2024,나나795790,to_in_001,5
2024,나나795790,to_in_007,5
2024,나나795790,to_in_008,0
2024,나나795813,to_in_001,0
2024,나나795813,to_in_007,0
2024,나나795813,to_in_008,0
2024,나나795815,to_in_001,0
2024,나나795815,to_in_007,0
2024,나나795815,to_in_008,0
2024,나나795837,to_in_001,5
2024,나나795837,to_in_007,0
2024,나나795837,to_in_008,0
2024,나나795838,to_in_001,5
2024,나나795838,to_in_007,0
2024,나나795838,to_in_008,5
2024,나나795844,to_in_001,0
2024,나나795844,to_in_007,0
2024,나나795844,to_in_008,0
2024,나나795845,to_in_001,8
2024,나나795845,to_in_007,5
2024,나나795845,to_in_008,5
2024,나나795846,to_in_001,5
2024,나나795846,to_in_007,0
2024,나나795846,to_in_008,0
2024,나나795847,to_in_001,5
2024,나나795847,to_in_007,5
2024,나나795847,to_in_008,0
2024,나나795858,to_in_001,5
2024,나나795858,to_in_007,5
2024,나나795858,to_in_008,0
2024,나나795859,to_in_001,5
2024,나나795859,to_in_007,0
2024,나나795859,to_in_008,5
2024,나나795860,to_in_001,5
2024,나나795860,to_in_007,5
2024,나나795860,to_in_008,0
2024,나나795862,to_in_001,5
2024,나나795862,to_in_007,0
2024,나나795862,to_in_008,0
2024,나나795868,to_in_001,0
2024,나나795868,to_in_007,0
2024,나나795868,to_in_008,0
2024,나나795869,to_in_001,8
2024,나나795869,to_in_007,5
2024,나나795869,to_in_008,5
2024,나나796734,to_in_001,23
2024,나나796734,to_in_007,13
2024,나나796734,to_in_008,8
2024,나나796736,to_in_001,18
2024,나나796736,to_in_007,18
2024,나나796736,to_in_008,0
2024,나나796749,to_in_001,13
2024,나나796749,to_in_007,8
2024,나나796749,to_in_008,8
2024,나나796751,to_in_001,28
2024,나나796751,to_in_007,13
2024,나나796751,to_in_008,13
2024,나나796811,to_in_001,8
2024,나나796811,to_in_007,0
2024,나나796811,to_in_008,8
2024,나나796812,to_in_001,5
2024,나나796812,to_in_007,5
2024,나나777852,to_in_001,8
2024,나나777852,to_in_007,5
2024,나나777852,to_in_008,8
2024,나나777853,to_in_001,5
2024,나나777853,to_in_007,0
2024,나나777853,to_in_008,5
2024,나나777854,to_in_001,8
2024,나나777854,to_in_007,5
2024,나나777854,to_in_008,5
2024,나나777855,to_in_001,5
2024,나나777855,to_in_007,5
2024,나나777855,to_in_008,0
2024,나나777856,to_in_001,18
2024,나나777856,to_in_007,5
2024,나나777856,to_in_008,13
2024,나나778747,to_in_001,0
2024,나나778747,to_in_007,0
2024,나나778747,to_in_008,0
2024,나나778750,to_in_001,8
2024,나나778750,to_in_007,8
2024,나나778750,to_in_008,5
2024,나나778778,to_in_001,5
2024,나나778778,to_in_007,0
2024,나나778778,to_in_008,0
2024,나나778780,to_in_001,5
2024,나나778780,to_in_007,0
2024,나나778780,to_in_008,5
2024,나나778790,to_in_001,5
2024,나나778790,to_in_007,5
2024,나나778790,to_in_008,0
2024,나나778794,to_in_001,5
2024,나나778794,to_in_007,5
2024,나나778794,to_in_008,0
2024,나나778795,to_in_001,8
2024,나나778795,to_in_007,5
2024,나나778795,to_in_008,5
2024,나나778796,to_in_001,5
2024,나나778796,to_in_007,5
2024,나나778796,to_in_008,0
2024,나나778797,to_in_001,23
2024,나나778797,to_in_007,13
2024,나나778797,to_in_008,13
2024,나나778798,to_in_001,8
2024,나나778798,to_in_007,8
2024,나나778798,to_in_008,5
2024,나나778799,to_in_001,8
2024,나나778799,to_in_007,8
2024,나나778799,to_in_008,5
2024,나나778801,to_in_001,5
2024,나나778801,to_in_007,5
2024,나나778801,to_in_008,0
2024,나나778826,to_in_001,5
2024,나나778826,to_in_007,0
2024,나나778826,to_in_008,0
2024,나나778830,to_in_001,0
2024,나나778830,to_in_007,0
2024,나나778830,to_in_008,0
2024,나나778835,to_in_001,8
2024,나나778835,to_in_007,8
2024,나나778835,to_in_008,5
2024,나나778842,to_in_001,5
2024,나나778842,to_in_007,5
2024,나나778842,to_in_008,5
2024,나나778843,to_in_001,13
2024,나나778843,to_in_007,8
2024,나나778843,to_in_008,5
2024,나나778844,to_in_001,5
2024,나나778844,to_in_007,0
2024,나나778844,to_in_008,5
2024,나나778846,to_in_001,5
2024,나나778846,to_in_007,0
2024,나나778846,to_in_008,5
2024,나나778847,to_in_001,5
2024,나나778847,to_in_007,5
2024,나나778847,to_in_008,5
2024,나나778848,to_in_001,28
2024,나나778848,to_in_007,23
2024,나나778848,to_in_008,8
2024,나나778849,to_in_001,13
2024,나나778849,to_in_007,8
2024,나나778849,to_in_008,8
2024,나나778850,to_in_001,5
2024,나나778850,to_in_007,0
2024,나나778850,to_in_008,5
2024,나나778852,to_in_001,5
2024,나나778852,to_in_007,0
2024,나나778852,to_in_008,5
2024,나나788852,to_in_001,5
2024,나나788852,to_in_007,0
2024,나나788852,to_in_008,5
2024,나나788864,to_in_001,5
2024,나나788864,to_in_007,0
2024,나나788864,to_in_008,5
2024,나나788865,to_in_001,8
2024,나나788865,to_in_007,5
2024,나나788865,to_in_008,5
2024,나나788866,to_in_001,18
2024,나나788866,to_in_007,8
2024,나나788866,to_in_008,13
2024,나나788867,to_in_001,18
2024,나나788867,to_in_007,8
2024,나나788867,to_in_008,13
2024,나나789737,to_in_001,8
2024,나나789737,to_in_007,8
2024,나나789737,to_in_008,5
2024,나나789742,to_in_001,13
2024,나나789742,to_in_007,8
2024,나나789742,to_in_008,8
2024,나나789753,to_in_001,5
2024,나나789753,to_in_007,5
2024,나나789753,to_in_008,5
2024,나나789754,to_in_001,5
2024,나나789754,to_in_007,5
2024,나나789754,to_in_008,0
2024,나나789756,to_in_001,5
2024,나나789756,to_in_007,0
2024,나나789756,to_in_008,0
2024,나나789758,to_in_001,8
2024,나나789758,to_in_007,5
2024,나나789758,to_in_008,5
2024,나나789759,to_in_001,13
2024,나나789759,to_in_007,8
2024,나나789759,to_in_008,8
2024,나나789760,to_in_001,8
2024,나나789760,to_in_007,5
2024,나나789760,to_in_008,8
2024,나나789761,to_in_001,18
2024,나나789761,to_in_007,8
2024,나나789761,to_in_008,8
2024,나나789762,to_in_001,18
2024,나나789762,to_in_007,8
2024,나나789762,to_in_008,8
2024,나나789763,to_in_001,8
2024,나나789763,to_in_007,5
2024,나나789763,to_in_008,5
2024,나나789764,to_in_001,5
2024,나나789764,to_in_007,0
2024,나나789764,to_in_008,0
2024,나나789773,to_in_001,5
2024,나나789773,to_in_007,5
2024,나나789773,to_in_008,0
2024,나나789798,to_in_001,5
2024,나나789798,to_in_007,5
2024,나나789798,to_in_008,0
2024,나나789799,to_in_001,5
2024,나나789799,to_in_007,5
2024,나나789799,to_in_008,0
2024,나나789810,to_in_001,5
2024,나나789810,to_in_007,0
2024,나나789810,to_in_008,5
2024,나나789815,to_in_001,8
2024,나나789815,to_in_007,5
2024,나나789815,to_in_008,8
2024,나나789826,to_in_001,5
2024,나나789826,to_in_007,0
2024,나나789826,to_in_008,0
2024,나나789833,to_in_001,0
2024,나나789833,to_in_007,0
2024,나나789833,to_in_008,0
2024,나나789834,to_in_001,5
2024,나나789834,to_in_007,5
2024,나나789834,to_in_008,0
2024,나나789836,to_in_001,8
2024,나나789836,to_in_007,5
2024,나나789836,to_in_008,5
2024,나나789838,to_in_001,8
2024,나나789838,to_in_007,8
2024,나나789838,to_in_008,5
2024,나나789840,to_in_001,5
2024,나나789840,to_in_007,0
2024,나나789840,to_in_008,5
2024,나나789841,to_in_001,8
2024,나나789841,to_in_007,5
2024,나나789841,to_in_008,5
2024,나나800836,to_in_001,5
2024,나나800836,to_in_007,5
2024,나나800836,to_in_008,0
2024,나나800841,to_in_001,0
2024,나나800841,to_in_007,0
2024,나나800841,to_in_008,0
2024,나나800843,to_in_001,13
2024,나나800843,to_in_007,8
2024,나나800843,to_in_008,5
2024,나나800845,to_in_001,13
2024,나나800845,to_in_007,8
2024,나나800845,to_in_008,8
2024,나나800846,to_in_001,5
2024,나나800846,to_in_007,0
2024,나나800846,to_in_008,5
2024,나나800858,to_in_001,5
2024,나나800858,to_in_007,5
2024,나나800858,to_in_008,5
2024,나나800861,to_in_001,5
2024,나나800861,to_in_007,5
2024,나나800861,to_in_008,5
2024,나나800866,to_in_001,0
2024,나나800866,to_in_007,0
2024,나나800866,to_in_008,0
2024,나나800867,to_in_001,5
2024,나나800867,to_in_007,0
2024,나나800867,to_in_008,5
2024,나나800868,to_in_001,5
2024,나나800868,to_in_007,5
2024,나나800868,to_in_008,5
2024,나나800874,to_in_001,8
2024,나나800874,to_in_007,5
2024,나나800874,to_in_008,5
2024,나나801744,to_in_001,0
2024,나나801744,to_in_007,0
2024,나나801744,to_in_008,0
2024,나나801745,to_in_001,5
2024,나나801745,to_in_007,0
2024,나나801745,to_in_008,5
2024,나나801746,to_in_001,5
2024,나나801746,to_in_007,5
2024,나나801746,to_in_008,0
2024,나나801747,to_in_001,8
2024,나나801747,to_in_007,5
2024,나나801747,to_in_008,5
2024,나나801748,to_in_001,5
2024,나나801748,to_in_007,0
2024,나나801748,to_in_008,0
2024,나나801749,to_in_001,0
2024,나나801749,to_in_007,0
2024,나나801749,to_in_008,0
2024,나나801750,to_in_001,5
2024,나나801750,to_in_007,0
2024,나나801750,to_in_008,0
2024,나나801751,to_in_001,5
2024,나나801751,to_in_007,5
2024,나나801751,to_in_008,5
2024,나나801764,to_in_001,0
2024,나나801764,to_in_007,0
2024,나나801764,to_in_008,0
2024,나나801804,to_in_001,19
2024,나나801804,to_in_007,8
2024,나나801804,to_in_008,14
2024,나나801818,to_in_001,5
2024,나나801818,to_in_007,5
2024,나나801818,to_in_008,5
2024,나나801819,to_in_001,5
2024,나나801819,to_in_007,5
2024,나나801819,to_in_008,0
2024,나나801820,to_in_001,8
2024,나나801820,to_in_007,8
2024,나나801820,to_in_008,0
2024,나나801830,to_in_001,5
2024,나나801830,to_in_007,0
2024,나나801830,to_in_008,0
2024,나나801841,to_in_001,5
2024,나나801841,to_in_007,0
2024,나나801841,to_in_008,0
2024,나나811888,to_in_001,0
2024,나나811888,to_in_007,0
2024,나나811888,to_in_008,0
2024,나나812732,to_in_001,5
2024,나나812732,to_in_007,5
2024,나나812732,to_in_008,0
2024,나나812733,to_in_001,5
2024,나나812733,to_in_007,0
2024,나나812733,to_in_008,5
2024,나나812734,to_in_001,13
2024,나나812734,to_in_007,8
2024,나나812734,to_in_008,5
2024,나나812735,to_in_001,13
2024,나나812735,to_in_007,8
2024,나나812735,to_in_008,8
2024,나나812736,to_in_001,13
2024,나나812736,to_in_007,8
2024,나나812736,to_in_008,5
2024,나나812737,to_in_001,13
2024,나나812737,to_in_007,8
2024,나나812737,to_in_008,8
2024,나나812738,to_in_001,8
2024,나나812738,to_in_007,8
2024,나나812738,to_in_008,8
2024,나나812739,to_in_001,5
2024,나나812739,to_in_007,0
2024,나나812739,to_in_008,5
2024,나나812741,to_in_001,0
2024,나나812741,to_in_007,0
2024,나나812741,to_in_008,0
2024,나나812772,to_in_001,0
2024,나나812772,to_in_007,0
2024,나나812772,to_in_008,0
2024,나나812773,to_in_001,23
2024,나나812773,to_in_007,13
2024,나나812773,to_in_008,13
2024,나나812774,to_in_001,5
2024,나나812774,to_in_007,0
2024,나나812774,to_in_008,5
2024,나나812775,to_in_001,5
2024,나나812775,to_in_007,5
2024,나나776781,to_in_001,18
2024,나나776781,to_in_007,8
2024,나나776781,to_in_008,8
2024,나나776782,to_in_001,8
2024,나나776782,to_in_007,5
2024,나나776782,to_in_008,8
2024,나나776785,to_in_001,5
2024,나나776785,to_in_007,5
2024,나나776785,to_in_008,0
2024,나나776797,to_in_001,5
2024,나나776797,to_in_007,0
2024,나나776797,to_in_008,5
2024,나나776798,to_in_001,5
2024,나나776798,to_in_007,0
2024,나나776798,to_in_008,5
2024,나나776800,to_in_001,5
2024,나나776800,to_in_007,5
2024,나나776800,to_in_008,5
2024,나나776805,to_in_001,0
2024,나나776805,to_in_007,0
2024,나나776805,to_in_008,0
2024,나나776814,to_in_001,0
2024,나나776814,to_in_007,0
2024,나나776814,to_in_008,0
2024,나나776819,to_in_001,0
2024,나나776819,to_in_007,0
2024,나나776819,to_in_008,0
2024,나나776826,to_in_001,8
2024,나나776826,to_in_007,5
2024,나나776826,to_in_008,8
2024,나나776830,to_in_001,8
2024,나나776830,to_in_007,5
2024,나나776830,to_in_008,5
2024,나나776836,to_in_001,8
2024,나나776836,to_in_007,5
2024,나나776836,to_in_008,5
2024,나나776837,to_in_001,18
2024,나나776837,to_in_007,8
2024,나나776837,to_in_008,8
2024,나나776838,to_in_001,8
2024,나나776838,to_in_007,8
2024,나나776838,to_in_008,5
2024,나나776839,to_in_001,8
2024,나나776839,to_in_007,5
2024,나나776839,to_in_008,5
2024,나나776842,to_in_001,5
2024,나나776842,to_in_007,5
2024,나나776842,to_in_008,5
2024,나나776843,to_in_001,0
2024,나나776843,to_in_007,0
2024,나나776843,to_in_008,0
2024,나나776844,to_in_001,0
2024,나나776844,to_in_007,0
2024,나나776844,to_in_008,0
2024,나나776845,to_in_001,5
2024,나나776845,to_in_007,5
2024,나나776845,to_in_008,0
2024,나나776846,to_in_001,5
2024,나나776846,to_in_007,5
2024,나나776846,to_in_008,5
2024,나나776848,to_in_001,0
2024,나나776848,to_in_007,0
2024,나나776848,to_in_008,0
2024,나나776849,to_in_001,13
2024,나나776849,to_in_007,8
2024,나나776849,to_in_008,8
2024,나나776850,to_in_001,5
2024,나나776850,to_in_007,5
2024,나나776850,to_in_008,0
2024,나나776851,to_in_001,5
2024,나나776851,to_in_007,0
2024,나나776851,to_in_008,5
2024,나나776852,to_in_001,8
2024,나나776852,to_in_007,8
2024,나나776852,to_in_008,5
2024,나나776853,to_in_001,8
2024,나나776853,to_in_007,5
2024,나나776853,to_in_008,5
2024,나나776854,to_in_001,13
2024,나나776854,to_in_007,8
2024,나나776854,to_in_008,8
2024,나나776855,to_in_001,8
2024,나나776855,to_in_007,8
2024,나나776855,to_in_008,8
2024,나나787759,to_in_001,13
2024,나나787759,to_in_007,8
2024,나나787759,to_in_008,5
2024,나나787760,to_in_001,8
2024,나나787760,to_in_007,8
2024,나나787760,to_in_008,5
2024,나나787761,to_in_001,5
2024,나나787761,to_in_007,0
2024,나나787761,to_in_008,5
2024,나나787762,to_in_001,8
2024,나나787762,to_in_007,8
2024,나나787762,to_in_008,5
2024,나나787763,to_in_001,5
2024,나나787763,to_in_007,5
2024,나나787763,to_in_008,0
2024,나나787764,to_in_001,8
2024,나나787764,to_in_007,5
2024,나나787764,to_in_008,8
2024,나나787797,to_in_001,5
2024,나나787797,to_in_007,5
2024,나나787797,to_in_008,0
2024,나나787798,to_in_001,8
2024,나나787798,to_in_007,8
2024,나나787798,to_in_008,8
2024,나나787811,to_in_001,0
2024,나나787811,to_in_007,0
2024,나나787811,to_in_008,0
2024,나나787814,to_in_001,0
2024,나나787814,to_in_007,0
2024,나나787814,to_in_008,0
2024,나나787816,to_in_001,5
2024,나나787816,to_in_007,0
2024,나나787816,to_in_008,0
2024,나나787827,to_in_001,5
2024,나나787827,to_in_007,5
2024,나나787827,to_in_008,5
2024,나나787829,to_in_001,5
2024,나나787829,to_in_007,0
2024,나나787829,to_in_008,0
2024,나나787831,to_in_001,0
2024,나나787831,to_in_007,0
2024,나나787831,to_in_008,0
2024,나나787832,to_in_001,5
2024,나나787832,to_in_007,5
2024,나나787832,to_in_008,5
2024,나나787833,to_in_001,23
2024,나나787833,to_in_007,13
2024,나나787833,to_in_008,13
2024,나나787834,to_in_001,8
2024,나나787834,to_in_007,5
2024,나나787834,to_in_008,8
2024,나나787835,to_in_001,5
2024,나나787835,to_in_007,0
2024,나나787835,to_in_008,5
2024,나나787836,to_in_001,5
2024,나나787836,to_in_007,5
2024,나나787836,to_in_008,5
2024,나나787839,to_in_001,5
2024,나나787839,to_in_007,5
2024,나나787839,to_in_008,5
2024,나나787840,to_in_001,0
2024,나나787840,to_in_007,0
2024,나나787840,to_in_008,0
2024,나나787845,to_in_001,0
2024,나나787845,to_in_007,0
2024,나나787845,to_in_008,0
2024,나나787851,to_in_001,5
2024,나나787851,to_in_007,0
2024,나나787851,to_in_008,5
2024,나나787852,to_in_001,8
2024,나나787852,to_in_007,5
2024,나나787852,to_in_008,5
2024,나나787853,to_in_001,0
2024,나나787853,to_in_007,0
2024,나나787853,to_in_008,0
2024,나나787858,to_in_001,5
2024,나나787858,to_in_007,5
2024,나나787858,to_in_008,0
2024,나나787860,to_in_001,8
2024,나나787860,to_in_007,5
2024,나나787860,to_in_008,5
2024,나나787861,to_in_001,5
2024,나나787861,to_in_007,0
2024,나나787861,to_in_008,5
2024,나나798749,to_in_001,5
2024,나나798749,to_in_007,0
2024,나나798749,to_in_008,0
2024,나나798750,to_in_001,0
2024,나나798750,to_in_007,0
2024,나나798750,to_in_008,0
2024,나나798751,to_in_001,13
2024,나나798751,to_in_007,8
2024,나나798751,to_in_008,5
2024,나나798752,to_in_001,13
2024,나나798752,to_in_007,8
2024,나나798752,to_in_008,8
2024,나나798753,to_in_001,13
2024,나나798753,to_in_007,8
2024,나나798753,to_in_008,8
2024,나나798754,to_in_001,8
2024,나나798754,to_in_007,5
2024,나나798754,to_in_008,5
2024,나나798783,to_in_001,5
2024,나나798783,to_in_007,5
2024,나나798783,to_in_008,0
2024,나나798795,to_in_001,5
2024,나나798795,to_in_007,5
2024,나나798795,to_in_008,0
2024,나나798815,to_in_001,5
2024,나나798815,to_in_007,5
2024,나나798815,to_in_008,5
2024,나나798816,to_in_001,8
2024,나나798816,to_in_007,8
2024,나나798816,to_in_008,5
2024,나나798827,to_in_001,5
2024,나나798827,to_in_007,5
2024,나나798827,to_in_008,5
2024,나나798829,to_in_001,5
2024,나나798829,to_in_007,0
2024,나나798829,to_in_008,0
2024,나나798830,to_in_001,0
2024,나나798830,to_in_007,0
2024,나나798830,to_in_008,0
2024,나나798860,to_in_001,5
2024,나나798860,to_in_007,0
2024,나나798860,to_in_008,5
2024,나나798862,to_in_001,5
2024,나나798862,to_in_007,5
2024,나나798862,to_in_008,0
2024,나나798863,to_in_001,5
2024,나나798863,to_in_007,5
2024,나나798863,to_in_008,5
2024,나나798864,to_in_001,8
2024,나나798864,to_in_007,5
2024,나나798864,to_in_008,5
2024,나나798865,to_in_001,23
2024,나나798865,to_in_007,13
2024,나나798865,to_in_008,13
2024,나나798868,to_in_001,8
2024,나나798868,to_in_007,5
2024,나나798868,to_in_008,8
2024,나나798870,to_in_001,8
2024,나나798870,to_in_007,5
2024,나나798870,to_in_008,5
2024,나나798871,to_in_001,13
2024,나나798871,to_in_007,8
2024,나나798871,to_in_008,5
2024,나나799732,to_in_001,8
2024,나나799732,to_in_007,8
2024,나나799732,to_in_008,0
2024,나나799733,to_in_001,15
2024,나나799733,to_in_007,15
2024,나나799733,to_in_008,0
2024,나나799740,to_in_001,5
2024,나나799740,to_in_007,5
2024,나나799740,to_in_008,5
2024,나나799741,to_in_001,0
2024,나나799741,to_in_007,0
2024,나나799741,to_in_008,0
2024,나나799744,to_in_001,0
2024,나나799744,to_in_007,0
2024,나나799744,to_in_008,0
2024,나나808883,to_in_001,5
2024,나나808883,to_in_007,0
2024,나나808883,to_in_008,5
2024,나나809729,to_in_001,0
2024,나나809729,to_in_007,0
2024,나나809729,to_in_008,0
2024,나나809730,to_in_001,5
2024,나나809730,to_in_007,5
2024,나나809730,to_in_008,0
2024,나나809733,to_in_001,5
2024,나나809733,to_in_007,0
2024,나나809733,to_in_008,5
2024,나나809736,to_in_001,5
2024,나나809736,to_in_007,5
2024,나나809736,to_in_008,5
2024,나나809737,to_in_001,5
2024,나나809737,to_in_007,0
2024,나나809737,to_in_008,5
2024,나나809751,to_in_001,5
2024,나나809751,to_in_007,5
2024,나나809751,to_in_008,0
2024,나나809772,to_in_001,5
2024,나나809772,to_in_007,5
2024,나나809772,to_in_008,5
2024,나나809778,to_in_001,0
2024,나나809778,to_in_007,0
2024,나나809778,to_in_008,0
2024,나나809782,to_in_001,5
2024,나나809782,to_in_007,0
2024,나나809782,to_in_008,5
2024,나나809791,to_in_001,8
2024,나나809791,to_in_007,8
2024,나나809791,to_in_008,5
2024,나나809794,to_in_001,8
2024,나나809794,to_in_007,5
2024,나나809794,to_in_008,8
2024,나나809806,to_in_001,8
2024,나나809806,to_in_007,5
2024,나나809806,to_in_008,5
2024,나나809807,to_in_001,5
2024,나나809807,to_in_007,0
2024,나나809807,to_in_008,5
2024,나나809822,to_in_001,5
2024,나나809822,to_in_007,5
2024,나나809822,to_in_008,5
2024,나나809826,to_in_001,8
2024,나나809826,to_in_007,5
2024,나나813837,to_in_008,0
2024,나나813838,to_in_001,5
2024,나나813838,to_in_007,0
2024,나나813838,to_in_008,5
2024,나나813839,to_in_001,13
2024,나나813839,to_in_007,8
2024,나나813839,to_in_008,8
2024,나나813840,to_in_001,18
2024,나나813840,to_in_007,8
2024,나나813840,to_in_008,8
2024,나나813841,to_in_001,5
2024,나나813841,to_in_007,5
2024,나나813841,to_in_008,0
2024,나나813842,to_in_001,5
2024,나나813842,to_in_007,5
2024,나나813842,to_in_008,5
2024,나나813870,to_in_001,5
2024,나나813870,to_in_007,5
2024,나나813870,to_in_008,0
2024,나나813871,to_in_001,5
2024,나나813871,to_in_007,0
2024,나나813871,to_in_008,5
2024,나나813886,to_in_001,5
2024,나나813886,to_in_007,5
2024,나나813886,to_in_008,5
2024,나나813887,to_in_001,5
2024,나나813887,to_in_007,0
2024,나나813887,to_in_008,5
2024,나나813889,to_in_001,8
2024,나나813889,to_in_007,5
2024,나나813889,to_in_008,5
2024,나나813890,to_in_001,18
2024,나나813890,to_in_007,13
2024,나나813890,to_in_008,8
2024,나나813891,to_in_001,28
2024,나나813891,to_in_007,13
2024,나나813891,to_in_008,13
2024,나나813892,to_in_001,13
2024,나나813892,to_in_007,8
2024,나나813892,to_in_008,8
2024,나나814729,to_in_001,8
2024,나나814729,to_in_007,5
2024,나나814729,to_in_008,5
2024,나나814730,to_in_001,13
2024,나나814730,to_in_007,8
2024,나나814730,to_in_008,5
2024,나나814732,to_in_001,8
2024,나나814732,to_in_007,5
2024,나나814732,to_in_008,5
2024,나나814733,to_in_001,8
2024,나나814733,to_in_007,5
2024,나나814733,to_in_008,8
2024,나나814734,to_in_001,5
2024,나나814734,to_in_007,0
2024,나나814734,to_in_008,0
2024,나나814740,to_in_001,8
2024,나나814740,to_in_007,5
2024,나나814740,to_in_008,5
2024,나나814746,to_in_001,8
2024,나나814746,to_in_007,8
2024,나나814746,to_in_008,0
2024,나나814772,to_in_001,5
2024,나나814772,to_in_007,5
2024,나나814772,to_in_008,0
2024,나나814773,to_in_001,13
2024,나나814773,to_in_007,5
2024,나나814773,to_in_008,8
2024,나나814775,to_in_001,5
2024,나나814775,to_in_007,0
2024,나나814775,to_in_008,0
2024,나나814776,to_in_001,0
2024,나나814776,to_in_007,0
2024,나나814776,to_in_008,0
2024,나나814781,to_in_001,0
2024,나나814781,to_in_007,0
2024,나나814781,to_in_008,0
2024,나나814787,to_in_001,5
2024,나나814787,to_in_007,0
2024,나나814787,to_in_008,0
2024,나나814792,to_in_001,5
2024,나나814792,to_in_007,5
2024,나나814792,to_in_008,0
2024,나나814816,to_in_001,8
2024,나나814816,to_in_007,8
2024,나나814816,to_in_008,5
2024,나나814819,to_in_001,5
2024,나나814819,to_in_007,5
2024,나나814819,to_in_008,0
2024,나나814822,to_in_001,13
2024,나나814822,to_in_007,5
2024,나나814822,to_in_008,8
2024,나나814823,to_in_001,18
2024,나나814823,to_in_007,8
2024,나나814823,to_in_008,8
2024,나나814824,to_in_001,8
2024,나나814824,to_in_007,5
2024,나나814824,to_in_008,8
2024,나나814832,to_in_001,23
2024,나나814832,to_in_007,13
2024,나나814832,to_in_008,13
2024,나나814833,to_in_001,8
2024,나나814833,to_in_007,5
2024,나나814833,to_in_008,5
2024,나나814834,to_in_001,8
2024,나나814834,to_in_007,5
2024,나나814834,to_in_008,8
2024,나나818829,to_in_001,5
2024,나나818829,to_in_007,0
2024,나나818829,to_in_008,0
2024,나나818831,to_in_001,8
2024,나나818831,to_in_007,5
2024,나나818831,to_in_008,5
2024,나나818832,to_in_001,8
2024,나나818832,to_in_007,5
2024,나나818832,to_in_008,5
2024,나나818833,to_in_001,5
2024,나나818833,to_in_007,0
2024,나나818833,to_in_008,5
2024,나나818834,to_in_001,8
2024,나나818834,to_in_007,8
2024,나나818834,to_in_008,5
2024,나나818835,to_in_001,8
2024,나나818835,to_in_007,5
2024,나나818835,to_in_008,8
2024,나나818839,to_in_001,5
2024,나나818839,to_in_007,5
2024,나나818839,to_in_008,0
2024,나나818845,to_in_001,5
2024,나나818845,to_in_007,5
2024,나나818845,to_in_008,5
2024,나나818847,to_in_001,8
2024,나나818847,to_in_007,5
2024,나나818847,to_in_008,5
2024,나나818851,to_in_001,5
2024,나나818851,to_in_007,0
2024,나나818851,to_in_008,5
2024,나나818865,to_in_001,0
2024,나나818865,to_in_007,0
2024,나나818865,to_in_008,0
2024,나나818889,to_in_001,5
2024,나나818889,to_in_007,5
2024,나나818889,to_in_008,5
2024,나나818890,to_in_001,23
2024,나나818890,to_in_007,8
2024,나나818890,to_in_008,13
2024,나나818891,to_in_001,13
2024,나나818891,to_in_007,8
2024,나나818891,to_in_008,5
2024,나나818892,to_in_001,28
2024,나나818892,to_in_007,8
2024,나나818892,to_in_008,18
2024,나나818893,to_in_001,18
2024,나나818893,to_in_007,8
2024,나나818893,to_in_008,8
2024,나나818894,to_in_001,5
2024,나나818894,to_in_007,0
2024,나나818894,to_in_008,5
2024,나나818911,to_in_001,8
2024,나나818911,to_in_007,5
2024,나나818911,to_in_008,5
2024,나나818912,to_in_001,23
2024,나나818912,to_in_007,13
2024,나나818912,to_in_008,8
2024,나나819726,to_in_001,8
2024,나나819726,to_in_007,8
2024,나나819726,to_in_008,5
2024,나나819727,to_in_001,18
2024,나나819727,to_in_007,8
2024,나나819727,to_in_008,8
2024,나나819730,to_in_001,8
2024,나나819730,to_in_007,5
2024,나나819730,to_in_008,5
2024,나나819731,to_in_001,8
2024,나나819731,to_in_007,5
2024,나나819731,to_in_008,8
2024,나나819732,to_in_001,8
2024,나나783763,to_in_001,18
2024,나나783763,to_in_007,8
2024,나나783763,to_in_008,8
2024,나나783764,to_in_001,8
2024,나나783764,to_in_007,8
2024,나나783764,to_in_008,5
2024,나나783766,to_in_001,8
2024,나나783766,to_in_007,8
2024,나나783766,to_in_008,0
2024,나나783768,to_in_001,8
2024,나나783768,to_in_007,5
2024,나나783768,to_in_008,5
2024,나나783769,to_in_001,8
2024,나나783769,to_in_007,5
2024,나나783769,to_in_008,5
2024,나나783770,to_in_001,8
2024,나나783770,to_in_007,8
2024,나나783770,to_in_008,5
2024,나나783772,to_in_001,8
2024,나나783772,to_in_007,5
2024,나나783772,to_in_008,5
2024,나나783773,to_in_001,5
2024,나나783773,to_in_007,5
2024,나나783773,to_in_008,0
2024,나나783792,to_in_001,5
2024,나나783792,to_in_007,0
2024,나나783792,to_in_008,5
2024,나나783793,to_in_001,5
2024,나나783793,to_in_007,0
2024,나나783793,to_in_008,5
2024,나나783795,to_in_001,26
2024,나나783795,to_in_007,5
2024,나나783795,to_in_008,21
2024,나나783796,to_in_001,18
2024,나나783796,to_in_007,8
2024,나나783796,to_in_008,8
2024,나나783840,to_in_001,5
2024,나나783840,to_in_007,0
2024,나나783840,to_in_008,0
2024,나나783842,to_in_001,5
2024,나나783842,to_in_007,0
2024,나나783842,to_in_008,5
2024,나나783843,to_in_001,8
2024,나나783843,to_in_007,8
2024,나나783843,to_in_008,0
2024,나나783856,to_in_001,5
2024,나나783856,to_in_007,0
2024,나나783856,to_in_008,0
2024,나나783857,to_in_001,18
2024,나나783857,to_in_007,8
2024,나나783857,to_in_008,13
2024,나나783858,to_in_001,5
2024,나나783858,to_in_007,5
2024,나나783858,to_in_008,0
2024,나나783864,to_in_001,5
2024,나나783864,to_in_007,5
2024,나나783864,to_in_008,0
2024,나나784742,to_in_001,8
2024,나나784742,to_in_007,8
2024,나나784742,to_in_008,0
2024,나나784744,to_in_001,23
2024,나나784744,to_in_007,18
2024,나나784744,to_in_008,5
2024,나나784748,to_in_001,8
2024,나나784748,to_in_007,5
2024,나나784748,to_in_008,5
2024,나나784749,to_in_001,8
2024,나나784749,to_in_007,5
2024,나나784749,to_in_008,5
2024,나나784757,to_in_001,5
2024,나나784757,to_in_007,0
2024,나나784757,to_in_008,0
2024,나나784762,to_in_001,5
2024,나나784762,to_in_007,0
2024,나나784762,to_in_008,0
2024,나나784763,to_in_001,8
2024,나나784763,to_in_007,5
2024,나나784763,to_in_008,8
2024,나나784764,to_in_001,5
2024,나나784764,to_in_007,5
2024,나나784764,to_in_008,5
2024,나나796867,to_in_001,5
2024,나나796867,to_in_007,5
2024,나나796867,to_in_008,5
2024,나나796868,to_in_001,8
2024,나나796868,to_in_007,5
2024,나나796868,to_in_008,5
2024,나나797750,to_in_001,13
2024,나나797750,to_in_007,8
2024,나나797750,to_in_008,5
2024,나나797751,to_in_001,8
2024,나나797751,to_in_007,5
2024,나나797751,to_in_008,5
2024,나나797752,to_in_001,8
2024,나나797752,to_in_007,5
2024,나나797752,to_in_008,5
2024,나나797753,to_in_001,13
2024,나나797753,to_in_007,8
2024,나나797753,to_in_008,8
2024,나나797754,to_in_001,5
2024,나나797754,to_in_007,5
2024,나나797754,to_in_008,0
2024,나나797808,to_in_001,0
2024,나나797808,to_in_007,0
2024,나나797808,to_in_008,0
2024,나나797814,to_in_001,5
2024,나나797814,to_in_007,0
2024,나나797814,to_in_008,5
2024,나나797827,to_in_001,5
2024,나나797827,to_in_007,5
2024,나나797827,to_in_008,0
2024,나나797830,to_in_001,8
2024,나나797830,to_in_007,5
2024,나나797830,to_in_008,5
2024,나나797832,to_in_001,5
2024,나나797832,to_in_007,5
2024,나나797832,to_in_008,0
2024,나나797842,to_in_001,5
2024,나나797842,to_in_007,0
2024,나나797842,to_in_008,5
2024,나나797860,to_in_001,33
2024,나나797860,to_in_007,13
2024,나나797860,to_in_008,18
2024,나나797861,to_in_001,33
2024,나나797861,to_in_007,18
2024,나나797861,to_in_008,13
2024,나나797862,to_in_001,13
2024,나나797862,to_in_007,5
2024,나나797862,to_in_008,8
2024,나나797863,to_in_001,18
2024,나나797863,to_in_007,8
2024,나나797863,to_in_008,8
2024,나나797864,to_in_001,8
2024,나나797864,to_in_007,5
2024,나나797864,to_in_008,5
2024,나나797865,to_in_001,5
2024,나나797865,to_in_007,5
2024,나나797865,to_in_008,0
2024,나나797866,to_in_001,5
2024,나나797866,to_in_007,0
2024,나나797866,to_in_008,0
2024,나나797868,to_in_001,13
2024,나나797868,to_in_007,8
2024,나나797868,to_in_008,5
2024,나나798744,to_in_001,5
2024,나나798744,to_in_007,5
2024,나나798744,to_in_008,0
2024,나나798745,to_in_001,5
2024,나나798745,to_in_007,5
2024,나나798745,to_in_008,5
2024,나나798746,to_in_001,13
2024,나나798746,to_in_007,8
2024,나나798746,to_in_008,5
2024,나나798747,to_in_001,8
2024,나나798747,to_in_007,5
2024,나나798747,to_in_008,5
2024,나나798748,to_in_001,8
2024,나나798748,to_in_007,5
2024,나나798748,to_in_008,5
2024,나나807790,to_in_001,8
2024,나나807790,to_in_007,0
2024,나나807790,to_in_008,8
2024,나나807791,to_in_001,8
2024,나나807791,to_in_007,5
2024,나나807791,to_in_008,5
2024,나나807792,to_in_001,0
2024,나나807792,to_in_007,0
2024,나나807792,to_in_008,0
2024,나나807793,to_in_001,5
2024,나나807793,to_in_007,5
2024,나나807793,to_in_008,5
2024,나나807825,to_in_001,8
2024,나나807825,to_in_007,5
2024,나나807825,to_in_008,5
2024,나나807829,to_in_001,0
2024,나나807829,to_in_007,0
2024,나나807829,to_in_008,0
2024,나나807839,to_in_001,5
2024,나나807839,to_in_007,5
2024,나나807839,to_in_008,5
2024,나나807876,to_in_001,5
2024,나나807876,to_in_007,0
2024,나나807876,to_in_008,5
2024,나나807877,to_in_001,18
2024,나나807877,to_in_007,13
2024,나나807877,to_in_008,5
2024,나나807879,to_in_001,8
2024,나나807879,to_in_007,5
2024,나나807879,to_in_008,5
2024,나나807880,to_in_001,5
2024,나나807880,to_in_007,0
2024,나나807880,to_in_008,5
2024,나나807882,to_in_001,0
2024,나나807882,to_in_007,0
2024,나나807882,to_in_008,0
2024,나나808731,to_in_001,5
2024,나나808731,to_in_007,5
2024,나나808731,to_in_008,0
2024,나나808732,to_in_001,8
2024,나나808732,to_in_007,8
2024,나나808732,to_in_008,0
2024,나나808733,to_in_001,5
2024,나나808733,to_in_007,5
2024,나나808733,to_in_008,0
2024,나나808739,to_in_001,5
2024,나나808739,to_in_007,5
2024,나나808739,to_in_008,0
2024,나나808753,to_in_001,8
2024,나나808753,to_in_007,5
2024,나나808753,to_in_008,5
2024,나나808754,to_in_001,8
2024,나나808754,to_in_007,5
2024,나나808754,to_in_008,5
2024,나나808790,to_in_001,5
2024,나나808790,to_in_007,0
2024,나나808790,to_in_008,5
2024,나나808791,to_in_001,8
2024,나나808791,to_in_007,8
2024,나나808791,to_in_008,5
2024,나나808792,to_in_001,8
2024,나나808792,to_in_007,5
2024,나나808792,to_in_008,5
2024,나나808825,to_in_001,5
2024,나나808825,to_in_007,0
2024,나나808825,to_in_008,5
2024,나나808829,to_in_001,5
2024,나나808829,to_in_007,5
2024,나나808829,to_in_008,5
2024,나나808837,to_in_001,5
2024,나나808837,to_in_007,0
2024,나나808837,to_in_008,0
2024,나나808874,to_in_001,5
2024,나나808874,to_in_007,5
2024,나나808874,to_in_008,5
2024,나나808875,to_in_001,5
2024,나나808875,to_in_007,5
2024,나나808875,to_in_008,0
2024,나나808876,to_in_001,0
2024,나나808876,to_in_007,0
2024,나나808876,to_in_008,0
2024,나나815850,to_in_001,5
2024,나나815850,to_in_007,0
2024,나나815850,to_in_008,5
2024,나나815852,to_in_001,5
2024,나나815852,to_in_007,0
2024,나나815852,to_in_008,0
2024,나나815886,to_in_001,5
2024,나나815886,to_in_007,0
2024,나나815886,to_in_008,0
2024,나나815888,to_in_001,8
2024,나나815888,to_in_007,5
2024,나나815888,to_in_008,5
2024,나나815889,to_in_001,8
2024,나나815889,to_in_007,5
2024,나나815889,to_in_008,5
2024,나나815890,to_in_001,18
2024,나나815890,to_in_007,13
2024,나나815890,to_in_008,8
2024,나나815891,to_in_001,23
2024,나나815891,to_in_007,13
2024,나나815891,to_in_008,8
2024,나나815892,to_in_001,18
2024,나나815892,to_in_007,8
2024,나나815892,to_in_008,8
2024,나나815893,to_in_001,33
2024,나나815893,to_in_007,18
2024,나나815893,to_in_008,18
2024,나나816725,to_in_001,5
2024,나나816725,to_in_007,0
2024,나나816725,to_in_008,5
2024,나나816726,to_in_001,8
2024,나나816726,to_in_007,5
2024,나나816726,to_in_008,5
2024,나나816727,to_in_001,5
2024,나나816727,to_in_007,5
2024,나나816727,to_in_008,0
2024,나나816728,to_in_001,0
2024,나나816728,to_in_007,0
2024,나나816728,to_in_008,0
2024,나나816729,to_in_001,5
2024,나나816729,to_in_007,0
2024,나나816729,to_in_008,0
2024,나나816730,to_in_001,8
2024,나나816730,to_in_007,8
2024,나나816730,to_in_008,5
2024,나나816731,to_in_001,5
2024,나나816731,to_in_007,0
2024,나나816731,to_in_008,0
2024,나나816746,to_in_001,5
2024,나나816746,to_in_007,5
2024,나나816746,to_in_008,0
2024,나나816748,to_in_001,5
2024,나나816748,to_in_007,5
2024,나나819732,to_in_007,5
2024,나나819732,to_in_008,5
2024,나나819733,to_in_001,0
2024,나나819733,to_in_007,0
2024,나나819733,to_in_008,0
2024,나나819764,to_in_001,18
2024,나나819764,to_in_007,8
2024,나나819764,to_in_008,13
2024,나나819765,to_in_001,13
2024,나나819765,to_in_007,5
2024,나나819765,to_in_008,8
2024,나나819766,to_in_001,13
2024,나나819766,to_in_007,8
2024,나나819766,to_in_008,5
2024,나나819767,to_in_001,5
2024,나나819767,to_in_007,0
2024,나나819767,to_in_008,0
2024,나나819768,to_in_001,18
2024,나나819768,to_in_007,8
2024,나나819768,to_in_008,8
2024,나나819785,to_in_001,13
2024,나나819785,to_in_007,5
2024,나나819785,to_in_008,8
2024,나나819786,to_in_001,8
2024,나나819786,to_in_007,8
2024,나나819786,to_in_008,5
2024,나나819787,to_in_001,23
2024,나나819787,to_in_007,13
2024,나나819787,to_in_008,8
2024,나나819806,to_in_001,5
2024,나나819806,to_in_007,5
2024,나나819806,to_in_008,5
2024,나나819807,to_in_001,13
2024,나나819807,to_in_007,8
2024,나나819807,to_in_008,8
2024,나나819809,to_in_001,13
2024,나나819809,to_in_007,8
2024,나나819809,to_in_008,5
2024,나나819820,to_in_001,5
2024,나나819820,to_in_007,5
2024,나나819820,to_in_008,0
2024,나나819822,to_in_001,5
2024,나나819822,to_in_007,0
2024,나나819822,to_in_008,0
2024,나나819829,to_in_001,5
2024,나나819829,to_in_007,5
2024,나나819829,to_in_008,0
2024,나나819830,to_in_001,5
2024,나나819830,to_in_007,0
2024,나나819830,to_in_008,5
2024,나나819831,to_in_001,5
2024,나나819831,to_in_007,0
2024,나나819831,to_in_008,5
2024,나나819834,to_in_001,18
2024,나나819834,to_in_007,8
2024,나나819834,to_in_008,8
2024,나나819835,to_in_001,8
2024,나나819835,to_in_007,5
2024,나나819835,to_in_008,5
2024,나나819836,to_in_001,13
2024,나나819836,to_in_007,8
2024,나나819836,to_in_008,8
2024,나나819837,to_in_001,8
2024,나나819837,to_in_007,5
2024,나나819837,to_in_008,5
2024,나나819838,to_in_001,5
2024,나나819838,to_in_007,5
2024,나나819838,to_in_008,5
2024,나나819847,to_in_001,8
2024,나나819847,to_in_007,8
2024,나나819847,to_in_008,0
2024,나나821745,to_in_001,5
2024,나나821745,to_in_007,5
2024,나나821745,to_in_008,0
2024,나나821765,to_in_001,8
2024,나나821765,to_in_007,5
2024,나나821765,to_in_008,5
2024,나나821766,to_in_001,5
2024,나나821766,to_in_007,5
2024,나나821766,to_in_008,5
2024,나나821783,to_in_001,8
2024,나나821783,to_in_007,5
2024,나나821783,to_in_008,5
2024,나나821785,to_in_001,18
2024,나나821785,to_in_007,8
2024,나나821785,to_in_008,8
2024,나나821786,to_in_001,28
2024,나나821786,to_in_007,13
2024,나나821786,to_in_008,13
2024,나나821787,to_in_001,28
2024,나나821787,to_in_007,18
2024,나나821787,to_in_008,13
2024,나나821788,to_in_001,13
2024,나나821788,to_in_007,5
2024,나나821788,to_in_008,8
2024,나나821789,to_in_001,8
2024,나나821789,to_in_007,5
2024,나나821789,to_in_008,5
2024,나나821830,to_in_001,0
2024,나나821830,to_in_007,0
2024,나나821830,to_in_008,0
2024,나나821833,to_in_001,8
2024,나나821833,to_in_007,5
2024,나나821833,to_in_008,8
2024,나나821834,to_in_001,18
2024,나나821834,to_in_007,8
2024,나나821834,to_in_008,8
2024,나나821835,to_in_001,13
2024,나나821835,to_in_007,8
2024,나나821835,to_in_008,8
2024,나나821888,to_in_001,13
2024,나나821888,to_in_007,5
2024,나나821888,to_in_008,8
2024,나나821889,to_in_001,8
2024,나나821889,to_in_007,8
2024,나나821889,to_in_008,5
2024,나나821891,to_in_001,8
2024,나나821891,to_in_007,5
2024,나나821891,to_in_008,5
2024,나나821892,to_in_001,8
2024,나나821892,to_in_007,5
2024,나나821892,to_in_008,5
2024,나나821893,to_in_001,5
2024,나나821893,to_in_007,5
2024,나나821893,to_in_008,5
2024,나나822730,to_in_001,5
2024,나나822730,to_in_007,0
2024,나나822730,to_in_008,0
2024,나나822731,to_in_001,5
2024,나나822731,to_in_007,0
2024,나나822731,to_in_008,0
2024,나나822732,to_in_001,0
2024,나나822732,to_in_007,0
2024,나나822732,to_in_008,0
2024,나나822733,to_in_001,5
2024,나나822733,to_in_007,5
2024,나나822733,to_in_008,5
2024,나나822740,to_in_001,11
2024,나나822740,to_in_007,0
2024,나나822740,to_in_008,11
2024,나나822742,to_in_001,5
2024,나나822742,to_in_007,5
2024,나나822742,to_in_008,5
2024,나나822744,to_in_001,5
2024,나나822744,to_in_007,5
2024,나나822744,to_in_008,0
2024,나나822747,to_in_001,8
2024,나나822747,to_in_007,5
2024,나나822747,to_in_008,5
2024,나나822749,to_in_001,0
2024,나나822749,to_in_007,0
2024,나나822749,to_in_008,0
2024,나나822755,to_in_001,5
2024,나나822755,to_in_007,0
2024,나나822755,to_in_008,0
2024,나나822763,to_in_001,5
2024,나나822763,to_in_007,5
2024,나나822763,to_in_008,0
2024,나나822764,to_in_001,8
2024,나나822764,to_in_007,8
2024,나나822764,to_in_008,0
2024,나나822768,to_in_001,0
2024,나나822768,to_in_007,0
2024,나나822768,to_in_008,0
2024,나나822785,to_in_001,5
2024,나나822785,to_in_007,0
2024,나나822785,to_in_008,5
2024,나나822786,to_in_001,8
2024,나나822786,to_in_007,5
2024,나나822786,to_in_008,5
2024,나나822787,to_in_001,5
2024,나나822787,to_in_007,5
2024,나나822787,to_in_008,5
2024,나나822788,to_in_001,0
2024,나나822788,to_in_007,0
2024,나나822788,to_in_008,0
2024,나나822789,to_in_001,8
2024,나나822789,to_in_007,5
2024,나나822789,to_in_008,5
2024,나나822807,to_in_001,5
2024,나나822807,to_in_007,5
2024,나나822807,to_in_008,5
2024,나나822814,to_in_001,5
2024,나나822814,to_in_007,0
2024,나나822814,to_in_008,0
2024,나나822816,to_in_001,5
2024,나나822816,to_in_007,5
2024,나나822816,to_in_008,5
2024,나나822835,to_in_001,8
2024,나나822835,to_in_007,5
2024,나나822835,to_in_008,8
2024,나나822837,to_in_001,5
2024,나나822837,to_in_007,5
2024,나나822837,to_in_008,0
2024,나나822887,to_in_001,8
2024,나나822887,to_in_007,5
2024,나나822887,to_in_008,8
2024,나나822888,to_in_001,8
2024,나나822888,to_in_007,5
2024,나나822888,to_in_008,8
2024,나나822891,to_in_001,8
2024,나나822891,to_in_007,5
2024,나나822891,to_in_008,5
2024,나나823718,to_in_001,8
2024,나나823718,to_in_007,5
2024,나나823718,to_in_008,8
2024,나나825737,to_in_001,0
2024,나나825737,to_in_007,0
2024,나나825737,to_in_008,0
2024,나나825741,to_in_001,5
2024,나나825741,to_in_007,5
2024,나나825741,to_in_008,0
2024,나나825744,to_in_001,5
2024,나나825744,to_in_007,5
2024,나나825744,to_in_008,0
2024,나나825745,to_in_001,8
2024,나나825745,to_in_007,5
2024,나나825745,to_in_008,5
2024,나나825747,to_in_001,5
2024,나나825747,to_in_007,5
2024,나나825747,to_in_008,5
2024,나나825750,to_in_001,8
2024,나나825750,to_in_007,8
2024,나나825750,to_in_008,0
2024,나나825751,to_in_001,5
2024,나나825751,to_in_007,5
2024,나나825751,to_in_008,0
2024,나나825762,to_in_001,18
2024,나나825762,to_in_007,8
2024,나나825762,to_in_008,8
2024,나나825763,to_in_001,5
2024,나나825763,to_in_007,5
2024,나나825763,to_in_008,0
2024,나나825764,to_in_001,8
2024,나나825764,to_in_007,5
2024,나나825764,to_in_008,5
2024,나나825765,to_in_001,18
2024,나나825765,to_in_007,8
2024,나나825765,to_in_008,8
2024,나나825769,to_in_001,5
2024,나나825769,to_in_007,5
2024,나나825769,to_in_008,0
2024,나나825780,to_in_001,0
2024,나나825780,to_in_007,0
2024,나나825780,to_in_008,0
2024,나나825785,to_in_001,5
2024,나나825785,to_in_007,5
2024,나나825785,to_in_008,0
2024,나나825797,to_in_001,5
2024,나나825797,to_in_007,0
2024,나나825797,to_in_008,5
2024,나나825803,to_in_001,13
2024,나나825803,to_in_007,8
2024,나나825803,to_in_008,8
2024,나나825804,to_in_001,8
2024,나나825804,to_in_007,8
2024,나나825804,to_in_008,5
2024,나나825805,to_in_001,8
2024,나나825805,to_in_007,5
2024,나나825805,to_in_008,5
2024,나나825806,to_in_001,5
2024,나나825806,to_in_007,5
2024,나나825806,to_in_008,5
2024,나나825808,to_in_001,5
2024,나나825808,to_in_007,0
2024,나나825808,to_in_008,0
2024,나나825812,to_in_001,13
2024,나나825812,to_in_007,8
2024,나나825812,to_in_008,8
2024,나나825822,to_in_001,5
2024,나나825822,to_in_007,0
2024,나나825822,to_in_008,0
2024,나나825835,to_in_001,8
2024,나나825835,to_in_007,5
2024,나나825835,to_in_008,5
2024,나나825836,to_in_001,5
2024,나나825836,to_in_007,0
2024,나나825836,to_in_008,5
2024,나나825838,to_in_001,5
2024,나나825838,to_in_007,5
2024,나나825838,to_in_008,5
2024,나나825860,to_in_001,8
2024,나나825860,to_in_007,8
2024,나나825860,to_in_008,5
2024,나나825861,to_in_001,5
2024,나나825861,to_in_007,5
2024,나나825861,to_in_008,5
2024,나나825881,to_in_001,5
2024,나나825881,to_in_007,5
2024,나나825881,to_in_008,0
2024,나나826721,to_in_001,5
2024,나나826721,to_in_007,0
2024,나나826721,to_in_008,0
2024,나나826748,to_in_001,5
2024,나나826748,to_in_007,0
2024,나나826748,to_in_008,5
2024,나나826749,to_in_001,5
2024,나나826749,to_in_007,5
2024,나나826749,to_in_008,0
2024,나나826750,to_in_001,0
2024,나나826750,to_in_007,0
2024,나나826750,to_in_008,0
2024,나나826766,to_in_001,5
2024,나나826766,to_in_007,5
2024,나나826766,to_in_008,0
2024,나나826803,to_in_001,8
2024,나나826803,to_in_007,5
2024,나나826803,to_in_008,5
2024,나나826804,to_in_001,5
2024,나나826804,to_in_007,5
2024,나나826804,to_in_008,0
2024,나나826805,to_in_001,18
2024,나나826805,to_in_007,8
2024,나나826805,to_in_008,8
2024,나나826808,to_in_001,5
2024,나나826808,to_in_007,0
2024,나나826808,to_in_008,5
2024,나나826811,to_in_001,0
2024,나나826811,to_in_007,0
2024,나나826811,to_in_008,0
2024,나나826817,to_in_001,8
2024,나나826817,to_in_007,5
2024,나나826817,to_in_008,8
2024,나나826820,to_in_001,8
2024,나나826820,to_in_007,8
2024,나나826820,to_in_008,5
2024,나나826832,to_in_001,8
2024,나나826832,to_in_007,5
2024,나나826832,to_in_008,5
2024,나나826834,to_in_001,8
2024,나나826834,to_in_007,5
2024,나나826834,to_in_008,5
2024,나나826835,to_in_001,8
2024,나나826835,to_in_007,5
2024,나나826835,to_in_008,5
2024,나나826836,to_in_001,5
2024,나나826836,to_in_007,5
2024,나나826836,to_in_008,0
2024,나나826860,to_in_001,0
2024,나나826860,to_in_007,0
2024,나나826860,to_in_008,0
2024,나나826861,to_in_001,8
2024,나나826861,to_in_007,8
2024,나나826861,to_in_008,5
2024,나나826884,to_in_001,8
2024,나나826884,to_in_007,5
2024,나나826884,to_in_008,5
2024,나나826885,to_in_001,18
2024,나나826885,to_in_007,8
2024,나나826885,to_in_008,8
2024,나나828836,to_in_001,8
2024,나나828836,to_in_007,5
2024,나나828836,to_in_008,5
2024,나나828856,to_in_001,39
2024,나나828856,to_in_007,36
2024,나나828856,to_in_008,8
2024,나나828860,to_in_001,11
2024,나나828860,to_in_007,11
2024,나나828860,to_in_008,0
2024,나나828868,to_in_001,0
2024,나나828868,to_in_007,0
2024,나나828868,to_in_008,0
2024,나나828882,to_in_001,8
2024,나나828882,to_in_007,5
2024,나나828882,to_in_008,8
2024,나나828883,to_in_001,13
2024,나나828883,to_in_007,8
2024,나나828883,to_in_008,5
2024,나나828885,to_in_001,23
2024,나나828885,to_in_007,13
2024,나나828885,to_in_008,13
2024,나나828886,to_in_001,5
2024,나나828886,to_in_007,5
2024,나나828886,to_in_008,0
2024,나나828896,to_in_001,18
2024,나나828896,to_in_007,13
2024,나나828896,to_in_008,8
2024,나나828897,to_in_001,18
2024,나나828897,to_in_007,13
2024,나나828897,to_in_008,8
2024,나나828898,to_in_001,18
2024,나나828898,to_in_007,8
2024,나나828898,to_in_008,8
2024,나나829708,to_in_001,8
2024,나나829708,to_in_007,5
2024,나나829708,to_in_008,5
2024,나나829710,to_in_001,5
2024,나나829710,to_in_007,5
2024,나나829710,to_in_008,0
2024,나나829712,to_in_001,18
2024,나나829712,to_in_007,8
2024,나나829712,to_in_008,13
2024,나나829713,to_in_001,13
2024,나나829713,to_in_007,8
2024,나나829713,to_in_008,8
2024,나나829714,to_in_001,28
2024,나나829714,to_in_007,18
2024,나나829714,to_in_008,13
2024,나나829715,to_in_001,23
2024,나나829715,to_in_007,8
2024,나나829715,to_in_008,13
2024,나나829716,to_in_001,18
2024,나나829716,to_in_007,8
2024,나나829716,to_in_008,8
2024,나나829717,to_in_001,18
2024,나나829717,to_in_007,8
2024,나나829717,to_in_008,8
2024,나나829719,to_in_001,13
2024,나나829719,to_in_007,8
2024,나나829719,to_in_008,8
2024,나나829720,to_in_001,28
2024,나나829720,to_in_007,13
2024,나나829720,to_in_008,13
2024,나나829721,to_in_001,13
2024,나나829721,to_in_007,8
2024,나나829721,to_in_008,8
2024,나나829722,to_in_001,8
2024,나나829722,to_in_007,5
2024,나나829722,to_in_008,5
2024,나나829750,to_in_001,5
2024,나나829750,to_in_007,5
2024,나나829750,to_in_008,0
2024,나나829751,to_in_001,5
2024,나나829751,to_in_007,0
2024,나나829751,to_in_008,0
2024,나나829752,to_in_001,5
2024,나나829752,to_in_007,5
2024,나나829752,to_in_008,0
2024,나나829753,to_in_001,5
2024,나나829753,to_in_007,5
2024,나나829753,to_in_008,5
2024,나나829772,to_in_001,5
2024,나나829772,to_in_007,5
2024,나나829772,to_in_008,0
2024,나나829790,to_in_001,23
2024,나나829790,to_in_007,8
2024,나나829790,to_in_008,13
2024,나나829791,to_in_001,23
2024,나나829791,to_in_007,13
2024,나나829791,to_in_008,13
2024,나나829802,to_in_001,8
2024,나나829802,to_in_007,5
2024,나나829802,to_in_008,5
2024,나나829813,to_in_001,5
2024,나나829813,to_in_007,5
2024,나나829813,to_in_008,0
2024,나나829814,to_in_001,5
2024,나나829814,to_in_007,5
2024,나나829814,to_in_008,5
2024,나나829815,to_in_001,0
2024,나나829815,to_in_007,0
2024,나나829815,to_in_008,0
2024,나나829816,to_in_001,8
2024,나나829816,to_in_007,5
2024,나나829816,to_in_008,8
2024,나나829817,to_in_001,8
2024,나나829817,to_in_007,5
2024,나나829817,to_in_008,5
2024,나나829818,to_in_001,5
2024,나나829818,to_in_007,0
2024,나나829818,to_in_008,0
2024,나나829819,to_in_001,5
2024,나나829819,to_in_007,5
2024,나나829819,to_in_008,5
2024,나나829821,to_in_001,13
2024,나나829821,to_in_007,8
2024,나나829821,to_in_008,8
2024,나나829826,to_in_001,0
2024,나나829826,to_in_007,0
2024,나나829826,to_in_008,0
2024,나나829828,to_in_001,0
2024,나나829828,to_in_007,0
2024,나나829828,to_in_008,0
2024,나나829830,to_in_001,8
2024,나나829830,to_in_007,5
2024,나나829830,to_in_008,5
2024,나나829836,to_in_001,8
2024,나나829836,to_in_007,5
2024,나나829836,to_in_008,8
2024,나나829838,to_in_001,5
2024,나나829838,to_in_007,5
2024,나나829838,to_in_008,0
2024,나나829860,to_in_001,0
2024,나나829860,to_in_007,0
2024,나나829860,to_in_008,0
2024,나나829861,to_in_001,42
2024,나나829861,to_in_007,42
2024,나나829861,to_in_008,0
2024,나나829881,to_in_001,13
2024,나나829881,to_in_007,5
2024,나나829881,to_in_008,8
2024,나나829882,to_in_001,18
2024,나나829882,to_in_007,5
2024,나나829882,to_in_008,13
2024,나나829883,to_in_001,13
2024,나나829883,to_in_007,8
2024,나나829883,to_in_008,8
2024,나나829884,to_in_001,13
2024,나나829884,to_in_007,5
2024,나나829884,to_in_008,8
2024,나나829885,to_in_001,23
2024,나나829885,to_in_007,8
2024,나나829885,to_in_008,13
2024,나나829886,to_in_001,8
2024,나나829886,to_in_007,5
2024,나나829886,to_in_008,8
2024,나나829896,to_in_001,13
2024,나나829896,to_in_007,8
2024,나나829896,to_in_008,8
2024,나나829897,to_in_001,13
2024,나나829897,to_in_007,8
2024,나나829897,to_in_008,5
2024,나나829898,to_in_001,48
2024,나나829898,to_in_007,23
2024,나나829898,to_in_008,23
2024,나나829899,to_in_001,28
2024,나나829899,to_in_007,18
2024,나나829899,to_in_008,13
2024,나나830707,to_in_001,8
2024,나나830707,to_in_007,5
2024,나나830707,to_in_008,5
2024,나나830712,to_in_001,8
2024,나나830712,to_in_007,5
2024,나나830712,to_in_008,8
2024,나나830713,to_in_001,28
2024,나나830713,to_in_007,18
2024,나나830713,to_in_008,8
2024,나나830714,to_in_001,33
2024,나나830714,to_in_007,18
2024,나나830714,to_in_008,13
2024,나나830715,to_in_001,8
2024,나나830715,to_in_007,5
2024,나나830715,to_in_008,5
2024,나나830716,to_in_001,23
2024,나나830716,to_in_007,13
2024,나나830716,to_in_008,13
2024,나나830717,to_in_001,18
2024,나나830717,to_in_007,8
2024,나나830717,to_in_008,8
2024,나나830720,to_in_001,8
2024,나나830720,to_in_007,5
2024,나나830720,to_in_008,5
2024,나나830721,to_in_001,19
2024,나나830721,to_in_007,6
2024,나나830721,to_in_008,8
2024,나나830749,to_in_001,0
2024,나나830749,to_in_007,0
2024,나나830749,to_in_008,0
2024,나나830766,to_in_001,8
2024,나나830766,to_in_007,5
2024,나나830766,to_in_008,5
2024,나나830768,to_in_001,8
2024,나나830768,to_in_007,5
2024,나나830768,to_in_008,5
2024,나나830769,to_in_001,5
2024,나나830769,to_in_007,5
2024,나나830769,to_in_008,0
2024,나나830770,to_in_001,5
2024,나나830770,to_in_007,5
2024,나나830770,to_in_008,0
2024,나나830785,to_in_001,0
2024,나나830785,to_in_007,0
2024,나나830785,to_in_008,0
2024,나나830787,to_in_001,5
2024,나나830787,to_in_007,5
2024,나나830787,to_in_008,0
2024,나나830791,to_in_001,5
2024,나나830791,to_in_007,0
2024,나나830791,to_in_008,0
2024,나나830792,to_in_001,5
2024,나나830792,to_in_007,5
2024,나나830792,to_in_008,5
2024,나나830794,to_in_001,5
2024,나나830794,to_in_007,5
2024,나나830794,to_in_008,0
2024,나나830802,to_in_001,5
2024,나나830802,to_in_007,5
2024,나나830802,to_in_008,5
2024,나나830805,to_in_001,5
2024,나나830805,to_in_007,5
2024,나나830805,to_in_008,0
2024,나나830808,to_in_001,18
2024,나나830808,to_in_007,8
2024,나나830808,to_in_008,8
2024,나나830809,to_in_001,5
2024,나나830809,to_in_007,0
2024,나나830809,to_in_008,5
2024,나나830810,to_in_001,5
2024,나나830810,to_in_007,5
2024,나나830810,to_in_008,5
2024,나나830811,to_in_001,5
2024,나나830811,to_in_007,5
2024,나나830811,to_in_008,0
2024,나나830815,to_in_001,5
2024,나나830815,to_in_007,0
2024,나나830815,to_in_008,0
2024,나나830816,to_in_001,23
2024,나나830816,to_in_007,13
2024,나나830816,to_in_008,13
2024,나나830817,to_in_001,8
2024,나나830817,to_in_007,8
2024,나나830817,to_in_008,8
2024,나나830818,to_in_001,13
2024,나나830818,to_in_007,5
2024,나나830818,to_in_008,8
2024,나나830819,to_in_001,8
2024,나나830819,to_in_007,8
2024,나나830819,to_in_008,5
2024,나나832842,to_in_001,5
2024,나나832842,to_in_007,5
2024,나나832842,to_in_008,5
2024,나나832847,to_in_001,5
2024,나나832847,to_in_007,5
2024,나나832847,to_in_008,0
2024,나나832860,to_in_001,5
2024,나나832860,to_in_007,0
2024,나나832860,to_in_008,0
2024,나나832864,to_in_001,8
2024,나나832864,to_in_007,8
2024,나나832864,to_in_008,0
2024,나나832866,to_in_001,0
2024,나나832866,to_in_007,0
2024,나나832866,to_in_008,0
2024,나나832868,to_in_001,5
2024,나나832868,to_in_007,0
2024,나나832868,to_in_008,5
2024,나나832877,to_in_001,8
2024,나나832877,to_in_007,5
2024,나나832877,to_in_008,5
2024,나나832878,to_in_001,0
2024,나나832878,to_in_007,0
2024,나나832878,to_in_008,0
2024,나나832883,to_in_001,13
2024,나나832883,to_in_007,8
2024,나나832883,to_in_008,8
2024,나나832884,to_in_001,28
2024,나나832884,to_in_007,18
2024,나나832884,to_in_008,13
2024,나나832885,to_in_001,0
2024,나나832885,to_in_007,0
2024,나나832885,to_in_008,0
2024,나나832891,to_in_001,5
2024,나나832891,to_in_007,0
2024,나나832891,to_in_008,0
2024,나나832892,to_in_001,0
2024,나나832892,to_in_007,0
2024,나나832892,to_in_008,0
2024,나나832895,to_in_001,13
2024,나나832895,to_in_007,13
2024,나나832895,to_in_008,5
2024,나나832896,to_in_001,28
2024,나나832896,to_in_007,13
2024,나나832896,to_in_008,18
2024,나나832897,to_in_001,18
2024,나나832897,to_in_007,8
2024,나나832897,to_in_008,13
2024,나나832898,to_in_001,23
2024,나나832898,to_in_007,18
2024,나나832898,to_in_008,8
2024,나나832899,to_in_001,18
2024,나나832899,to_in_007,8
2024,나나832899,to_in_008,13
2024,나나832900,to_in_001,13
2024,나나832900,to_in_007,8
2024,나나832900,to_in_008,5
2024,나나832901,to_in_001,28
2024,나나832901,to_in_007,18
2024,나나832901,to_in_008,8
2024,나나832902,to_in_001,23
2024,나나832902,to_in_007,13
2024,나나832902,to_in_008,13
2024,나나832903,to_in_001,33
2024,나나832903,to_in_007,18
2024,나나832903,to_in_008,13
2024,나나832904,to_in_001,18
2024,나나832904,to_in_007,8
2024,나나832904,to_in_008,8
2024,나나833705,to_in_001,18
2024,나나833705,to_in_007,8
2024,나나833705,to_in_008,8
2024,나나833706,to_in_001,8
2024,나나833706,to_in_007,5
2024,나나833706,to_in_008,8
2024,나나796812,to_in_008,5
2024,나나796815,to_in_001,0
2024,나나796815,to_in_007,0
2024,나나796815,to_in_008,0
2024,나나796816,to_in_001,5
2024,나나796816,to_in_007,5
2024,나나796816,to_in_008,0
2024,나나796822,to_in_001,0
2024,나나796822,to_in_007,0
2024,나나796822,to_in_008,0
2024,나나796837,to_in_001,5
2024,나나796837,to_in_007,5
2024,나나796837,to_in_008,5
2024,나나796842,to_in_001,5
2024,나나796842,to_in_007,0
2024,나나796842,to_in_008,0
2024,나나796858,to_in_001,8
2024,나나796858,to_in_007,5
2024,나나796858,to_in_008,5
2024,나나814836,to_in_001,5
2024,나나814836,to_in_007,5
2024,나나814836,to_in_008,5
2024,나나814837,to_in_001,8
2024,나나814837,to_in_007,5
2024,나나814837,to_in_008,5
2024,나나814838,to_in_001,5
2024,나나814838,to_in_007,5
2024,나나814838,to_in_008,5
2024,나나814839,to_in_001,8
2024,나나814839,to_in_007,5
2024,나나814839,to_in_008,5
2024,나나814840,to_in_001,8
2024,나나814840,to_in_007,5
2024,나나814840,to_in_008,5
2024,나나814841,to_in_001,8
2024,나나814841,to_in_007,8
2024,나나814841,to_in_008,5
2024,나나814842,to_in_001,5
2024,나나814842,to_in_007,0
2024,나나814842,to_in_008,5
2024,나나814845,to_in_001,5
2024,나나814845,to_in_007,0
2024,나나814845,to_in_008,5
2024,나나814847,to_in_001,8
2024,나나814847,to_in_007,5
2024,나나814847,to_in_008,5
2024,나나814872,to_in_001,13
2024,나나814872,to_in_007,5
2024,나나814872,to_in_008,8
2024,나나814889,to_in_001,18
2024,나나814889,to_in_007,13
2024,나나814889,to_in_008,8
2024,나나814890,to_in_001,28
2024,나나814890,to_in_007,13
2024,나나814890,to_in_008,13
2024,나나814891,to_in_001,33
2024,나나814891,to_in_007,18
2024,나나814891,to_in_008,13
2024,나나814892,to_in_001,33
2024,나나814892,to_in_007,18
2024,나나814892,to_in_008,18
2024,나나814893,to_in_001,38
2024,나나814893,to_in_007,18
2024,나나814893,to_in_008,18
2024,나나814911,to_in_001,5
2024,나나814911,to_in_007,5
2024,나나814911,to_in_008,0
2024,나나815730,to_in_001,0
2024,나나815730,to_in_007,0
2024,나나815730,to_in_008,0
2024,나나815731,to_in_001,18
2024,나나815731,to_in_007,8
2024,나나815731,to_in_008,8
2024,나나815732,to_in_001,5
2024,나나815732,to_in_007,5
2024,나나815732,to_in_008,5
2024,나나815740,to_in_001,5
2024,나나815740,to_in_007,0
2024,나나815740,to_in_008,5
2024,나나815743,to_in_001,5
2024,나나815743,to_in_007,0
2024,나나815743,to_in_008,0
2024,나나815746,to_in_001,0
2024,나나815746,to_in_007,0
2024,나나815746,to_in_008,0
2024,나나815747,to_in_001,8
2024,나나815747,to_in_007,0
2024,나나815747,to_in_008,5
2024,나나815763,to_in_001,5
2024,나나815763,to_in_007,0
2024,나나815763,to_in_008,5
2024,나나815766,to_in_001,5
2024,나나815766,to_in_007,5
2024,나나815766,to_in_008,0
2024,나나815806,to_in_001,5
2024,나나815806,to_in_007,0
2024,나나815806,to_in_008,5
2024,나나815817,to_in_001,0
2024,나나815817,to_in_007,0
2024,나나815817,to_in_008,0
2024,나나815818,to_in_001,5
2024,나나815818,to_in_007,5
2024,나나815818,to_in_008,0
2024,나나815819,to_in_001,8
2024,나나815819,to_in_007,5
2024,나나815819,to_in_008,8
2024,나나815820,to_in_001,8
2024,나나815820,to_in_007,5
2024,나나815820,to_in_008,5
2024,나나815821,to_in_001,5
2024,나나815821,to_in_007,0
2024,나나815821,to_in_008,5
2024,나나815822,to_in_001,18
2024,나나815822,to_in_007,8
2024,나나815822,to_in_008,8
2024,나나815823,to_in_001,8
2024,나나815823,to_in_007,5
2024,나나815823,to_in_008,5
2024,나나815831,to_in_001,5
2024,나나815831,to_in_007,5
2024,나나815831,to_in_008,5
2024,나나815832,to_in_001,13
2024,나나815832,to_in_007,8
2024,나나815832,to_in_008,8
2024,나나815833,to_in_001,13
2024,나나815833,to_in_007,8
2024,나나815833,to_in_008,8
2024,나나815834,to_in_001,5
2024,나나815834,to_in_007,5
2024,나나815834,to_in_008,0
2024,나나815835,to_in_001,8
2024,나나815835,to_in_007,5
2024,나나815835,to_in_008,8
2024,나나815836,to_in_001,18
2024,나나815836,to_in_007,8
2024,나나815836,to_in_008,8
2024,나나815837,to_in_001,8
2024,나나815837,to_in_007,5
2024,나나815837,to_in_008,5
2024,나나815840,to_in_001,13
2024,나나815840,to_in_007,8
2024,나나815840,to_in_008,8
2024,나나815843,to_in_001,5
2024,나나815843,to_in_007,5
2024,나나815843,to_in_008,5
2024,나나815844,to_in_001,5
2024,나나815844,to_in_007,5
2024,나나815844,to_in_008,0
2024,나나815846,to_in_001,5
2024,나나815846,to_in_007,5
2024,나나815846,to_in_008,5
2024,나나823720,to_in_001,8
2024,나나823720,to_in_007,5
2024,나나823720,to_in_008,8
2024,나나823739,to_in_001,5
2024,나나823739,to_in_007,5
2024,나나823739,to_in_008,0
2024,나나823741,to_in_001,0
2024,나나823741,to_in_007,0
2024,나나823741,to_in_008,0
2024,나나823742,to_in_001,5
2024,나나823742,to_in_007,5
2024,나나823742,to_in_008,0
2024,나나823744,to_in_001,5
2024,나나823744,to_in_007,5
2024,나나823744,to_in_008,0
2024,나나823745,to_in_001,5
2024,나나823745,to_in_007,5
2024,나나823745,to_in_008,5
2024,나나823746,to_in_001,5
2024,나나823746,to_in_007,5
2024,나나823746,to_in_008,0
2024,나나823747,to_in_001,5
2024,나나823747,to_in_007,0
2024,나나823747,to_in_008,0
2024,나나823763,to_in_001,5
2024,나나823763,to_in_007,5
2024,나나823763,to_in_008,5
2024,나나823788,to_in_001,5
2024,나나823788,to_in_007,5
2024,나나823788,to_in_008,0
2024,나나823801,to_in_001,8
2024,나나823801,to_in_007,5
2024,나나823801,to_in_008,5
2024,나나823802,to_in_001,5
2024,나나823802,to_in_007,0
2024,나나823802,to_in_008,0
2024,나나823814,to_in_001,5
2024,나나823814,to_in_007,5
2024,나나823814,to_in_008,0
2024,나나823835,to_in_001,5
2024,나나823835,to_in_007,5
2024,나나823835,to_in_008,5
2024,나나823836,to_in_001,8
2024,나나823836,to_in_007,5
2024,나나823836,to_in_008,8
2024,나나823837,to_in_001,5
2024,나나823837,to_in_007,0
2024,나나823837,to_in_008,5
2024,나나823843,to_in_001,5
2024,나나823843,to_in_007,5
2024,나나823843,to_in_008,5
2024,나나823886,to_in_001,5
2024,나나823886,to_in_007,0
2024,나나823886,to_in_008,5
2024,나나823887,to_in_001,5
2024,나나823887,to_in_007,0
2024,나나823887,to_in_008,5
2024,나나824719,to_in_001,5
2024,나나824719,to_in_007,5
2024,나나824719,to_in_008,0
2024,나나824720,to_in_001,5
2024,나나824720,to_in_007,5
2024,나나824720,to_in_008,0
2024,나나824722,to_in_001,5
2024,나나824722,to_in_007,5
2024,나나824722,to_in_008,0
2024,나나824738,to_in_001,5
2024,나나824738,to_in_007,5
2024,나나824738,to_in_008,5
2024,나나824740,to_in_001,5
2024,나나824740,to_in_007,5
2024,나나824740,to_in_008,0
2024,나나824742,to_in_001,5
2024,나나824742,to_in_007,0
2024,나나824742,to_in_008,0
2024,나나824743,to_in_001,5
2024,나나824743,to_in_007,5
2024,나나824743,to_in_008,0
2024,나나824745,to_in_001,5
2024,나나824745,to_in_007,5
2024,나나824745,to_in_008,0
2024,나나824746,to_in_001,8
2024,나나824746,to_in_007,5
2024,나나824746,to_in_008,8
2024,나나824747,to_in_001,5
2024,나나824747,to_in_007,0
2024,나나824747,to_in_008,5
2024,나나824748,to_in_001,5
2024,나나824748,to_in_007,0
2024,나나824748,to_in_008,0
2024,나나824749,to_in_001,8
2024,나나824749,to_in_007,8
2024,나나824749,to_in_008,0
2024,나나824761,to_in_001,8
2024,나나824761,to_in_007,5
2024,나나824761,to_in_008,5
2024,나나824766,to_in_001,5
2024,나나824766,to_in_007,5
2024,나나824766,to_in_008,0
2024,나나824780,to_in_001,0
2024,나나824780,to_in_007,0
2024,나나824780,to_in_008,0
2024,나나824781,to_in_001,5
2024,나나824781,to_in_007,5
2024,나나824781,to_in_008,0
2024,나나824783,to_in_001,5
2024,나나824783,to_in_007,5
2024,나나824783,to_in_008,0
2024,나나824790,to_in_001,5
2024,나나824790,to_in_007,5
2024,나나824790,to_in_008,0
2024,나나824797,to_in_001,5
2024,나나824797,to_in_007,0
2024,나나824797,to_in_008,0
2024,나나824798,to_in_001,35
2024,나나824798,to_in_007,13
2024,나나824798,to_in_008,20
2024,나나824803,to_in_001,5
2024,나나824803,to_in_007,5
2024,나나824803,to_in_008,0
2024,나나824805,to_in_001,13
2024,나나824805,to_in_007,5
2024,나나824805,to_in_008,8
2024,나나824806,to_in_001,5
2024,나나824806,to_in_007,0
2024,나나824806,to_in_008,5
2024,나나824808,to_in_001,5
2024,나나824808,to_in_007,0
2024,나나824808,to_in_008,0
2024,나나824810,to_in_001,5
2024,나나824810,to_in_007,0
2024,나나824810,to_in_008,5
2024,나나824816,to_in_001,8
2024,나나824816,to_in_007,5
2024,나나824816,to_in_008,5
2024,나나824835,to_in_001,13
2024,나나824835,to_in_007,8
2024,나나824835,to_in_008,8
2024,나나824836,to_in_001,23
2024,나나824836,to_in_007,8
2024,나나824836,to_in_008,13
2024,나나824837,to_in_001,13
2024,나나833707,to_in_001,13
2024,나나833707,to_in_007,5
2024,나나833707,to_in_008,8
2024,나나833708,to_in_001,43
2024,나나809826,to_in_008,5
2024,나나809827,to_in_001,0
2024,나나809827,to_in_007,0
2024,나나809827,to_in_008,0
2024,나나809838,to_in_001,5
2024,나나809838,to_in_007,0
2024,나나809838,to_in_008,5
2024,나나809839,to_in_001,5
2024,나나809839,to_in_007,0
2024,나나809839,to_in_008,0
2024,나나809844,to_in_001,5
2024,나나809844,to_in_007,0
2024,나나809844,to_in_008,0
2024,나나809848,to_in_001,5
2024,나나809848,to_in_007,0
2024,나나809848,to_in_008,0
2024,나나809874,to_in_001,5
2024,나나809874,to_in_007,0
2024,나나809874,to_in_008,5
2024,나나809875,to_in_001,13
2024,나나809875,to_in_007,8
2024,나나809875,to_in_008,8
2024,나나809888,to_in_001,13
2024,나나809888,to_in_007,8
2024,나나809888,to_in_008,5
2024,나나810729,to_in_001,5
2024,나나810729,to_in_007,5
2024,나나810729,to_in_008,0
2024,나나810733,to_in_001,18
2024,나나810733,to_in_007,8
2024,나나810733,to_in_008,8
2024,나나810734,to_in_001,13
2024,나나810734,to_in_007,8
2024,나나810734,to_in_008,8
2024,나나810735,to_in_001,8
2024,나나810735,to_in_007,5
2024,나나810735,to_in_008,5
2024,나나817725,to_in_001,13
2024,나나817725,to_in_007,5
2024,나나817725,to_in_008,8
2024,나나817726,to_in_001,8
2024,나나817726,to_in_007,8
2024,나나817726,to_in_008,5
2024,나나817727,to_in_001,8
2024,나나817727,to_in_007,5
2024,나나817727,to_in_008,8
2024,나나817747,to_in_001,0
2024,나나817747,to_in_007,0
2024,나나817747,to_in_008,0
2024,나나817767,to_in_001,5
2024,나나817767,to_in_007,0
2024,나나817767,to_in_008,0
2024,나나817791,to_in_001,8
2024,나나817791,to_in_007,5
2024,나나817791,to_in_008,5
2024,나나817816,to_in_001,5
2024,나나817816,to_in_007,0
2024,나나817816,to_in_008,5
2024,나나817819,to_in_001,5
2024,나나817819,to_in_007,0
2024,나나817819,to_in_008,5
2024,나나817821,to_in_001,8
2024,나나817821,to_in_007,5
2024,나나817821,to_in_008,8
2024,나나817822,to_in_001,5
2024,나나817822,to_in_007,0
2024,나나817822,to_in_008,5
2024,나나817823,to_in_001,0
2024,나나817823,to_in_007,0
2024,나나817823,to_in_008,0
2024,나나817829,to_in_001,5
2024,나나817829,to_in_007,5
2024,나나817829,to_in_008,0
2024,나나817834,to_in_001,8
2024,나나817834,to_in_007,5
2024,나나817834,to_in_008,8
2024,나나817835,to_in_001,13
2024,나나817835,to_in_007,8
2024,나나817835,to_in_008,8
2024,나나817836,to_in_001,8
2024,나나817836,to_in_007,8
2024,나나817836,to_in_008,5
2024,나나817837,to_in_001,5
2024,나나817837,to_in_007,5
2024,나나817837,to_in_008,5
2024,나나817839,to_in_001,8
2024,나나817839,to_in_007,5
2024,나나817839,to_in_008,0
2024,나나817846,to_in_001,5
2024,나나817846,to_in_007,0
2024,나나817846,to_in_008,0
2024,나나817854,to_in_001,5
2024,나나817854,to_in_007,5
2024,나나817854,to_in_008,0
2024,나나817889,to_in_001,34
2024,나나817889,to_in_007,18
2024,나나817889,to_in_008,14
2024,나나817890,to_in_001,5
2024,나나817890,to_in_007,5
2024,나나817890,to_in_008,0
2024,나나817891,to_in_001,8
2024,나나817891,to_in_007,5
2024,나나817891,to_in_008,5
2024,나나817892,to_in_001,18
2024,나나817892,to_in_007,8
2024,나나817892,to_in_008,8
2024,나나817894,to_in_001,8
2024,나나817894,to_in_007,8
2024,나나817894,to_in_008,5
2024,나나817910,to_in_001,13
2024,나나817910,to_in_007,8
2024,나나817910,to_in_008,5
2024,나나817911,to_in_001,33
2024,나나817911,to_in_007,13
2024,나나817911,to_in_008,18
2024,나나818724,to_in_001,5
2024,나나818724,to_in_007,5
2024,나나818724,to_in_008,0
2024,나나818725,to_in_001,5
2024,나나818725,to_in_007,5
2024,나나818725,to_in_008,5
2024,나나818726,to_in_001,13
2024,나나818726,to_in_007,8
2024,나나818726,to_in_008,5
2024,나나818727,to_in_001,13
2024,나나818727,to_in_007,8
2024,나나818727,to_in_008,8
2024,나나818728,to_in_001,5
2024,나나818728,to_in_007,0
2024,나나818728,to_in_008,5
2024,나나818741,to_in_001,5
2024,나나818741,to_in_007,5
2024,나나818741,to_in_008,0
2024,나나818766,to_in_001,8
2024,나나818766,to_in_007,5
2024,나나818766,to_in_008,5
2024,나나818767,to_in_001,5
2024,나나818767,to_in_007,0
2024,나나818767,to_in_008,5
2024,나나818773,to_in_001,5
2024,나나818773,to_in_007,0
2024,나나818773,to_in_008,5
2024,나나818775,to_in_001,13
2024,나나818775,to_in_007,5
2024,나나818775,to_in_008,8
2024,나나818783,to_in_001,5
2024,나나818783,to_in_007,0
2024,나나818783,to_in_008,5
2024,나나818784,to_in_001,5
2024,나나818784,to_in_007,0
2024,나나818784,to_in_008,5
2024,나나818816,to_in_001,5
2024,나나818816,to_in_007,5
2024,나나818816,to_in_008,0
2024,나나818821,to_in_001,8
2024,나나818821,to_in_007,5
2024,나나818821,to_in_008,5
2024,나나818828,to_in_001,5
2024,나나818828,to_in_007,0
2024,나나818828,to_in_008,0
2024,나나827711,to_in_001,5
2024,나나827711,to_in_007,5
2024,나나827711,to_in_008,0
2024,나나827712,to_in_001,8
2024,나나827712,to_in_007,0
2024,나나827712,to_in_008,8
2024,나나827713,to_in_001,13
2024,나나827713,to_in_007,8
2024,나나827713,to_in_008,8
2024,나나827714,to_in_001,13
2024,나나827714,to_in_007,8
2024,나나827714,to_in_008,8
2024,나나827716,to_in_001,5
2024,나나827716,to_in_007,5
2024,나나827716,to_in_008,5
2024,나나827717,to_in_001,8
2024,나나827717,to_in_007,5
2024,나나827717,to_in_008,5
2024,나나827718,to_in_001,5
2024,나나827718,to_in_007,0
2024,나나827718,to_in_008,5
2024,나나827719,to_in_001,5
2024,나나827719,to_in_007,5
2024,나나827719,to_in_008,5
2024,나나827720,to_in_001,8
2024,나나827720,to_in_007,5
2024,나나827720,to_in_008,5
2024,나나827721,to_in_001,8
2024,나나827721,to_in_007,5
2024,나나827721,to_in_008,5
2024,나나827722,to_in_001,5
2024,나나827722,to_in_007,0
2024,나나827722,to_in_008,0
2024,나나827743,to_in_001,5
2024,나나827743,to_in_007,0
2024,나나827743,to_in_008,0
2024,나나827751,to_in_001,5
2024,나나827751,to_in_007,5
2024,나나827751,to_in_008,0
2024,나나827752,to_in_001,5
2024,나나827752,to_in_007,5
2024,나나827752,to_in_008,0
2024,나나827762,to_in_001,5
2024,나나827762,to_in_007,0
2024,나나827762,to_in_008,5
2024,나나827766,to_in_001,5
2024,나나827766,to_in_007,0
2024,나나827766,to_in_008,5
2024,나나827803,to_in_001,13
2024,나나827803,to_in_007,8
2024,나나827803,to_in_008,8
2024,나나827804,to_in_001,5
2024,나나827804,to_in_007,5
2024,나나827804,to_in_008,0
2024,나나827809,to_in_001,5
2024,나나827809,to_in_007,0
2024,나나827809,to_in_008,5
2024,나나827812,to_in_001,5
2024,나나827812,to_in_007,5
2024,나나827812,to_in_008,0
2024,나나827817,to_in_001,5
2024,나나827817,to_in_007,5
2024,나나827817,to_in_008,0
2024,나나827825,to_in_001,5
2024,나나827825,to_in_007,5
2024,나나827825,to_in_008,5
2024,나나827831,to_in_001,8
2024,나나827831,to_in_007,5
2024,나나827831,to_in_008,5
2024,나나827835,to_in_001,8
2024,나나827835,to_in_007,5
2024,나나827835,to_in_008,5
2024,나나827836,to_in_001,5
2024,나나827836,to_in_007,0
2024,나나827836,to_in_008,5
2024,나나827837,to_in_001,0
2024,나나827837,to_in_007,0
2024,나나827837,to_in_008,0
2024,나나827838,to_in_001,0
2024,나나827838,to_in_007,0
2024,나나827838,to_in_008,0
2024,나나831817,to_in_001,8
2024,나나831817,to_in_007,5
2024,나나831817,to_in_008,5
2024,나나831818,to_in_001,5
2024,나나831818,to_in_007,5
2024,나나831818,to_in_008,5
2024,나나831819,to_in_001,5
2024,나나831819,to_in_007,0
2024,나나831819,to_in_008,5
2024,나나831851,to_in_001,5
2024,나나831851,to_in_007,5
2024,나나831851,to_in_008,0
2024,나나831859,to_in_001,5
2024,나나831859,to_in_007,5
2024,나나831859,to_in_008,0
2024,나나831861,to_in_001,5
2024,나나831861,to_in_007,5
2024,나나831861,to_in_008,0
2024,나나831862,to_in_001,8
2024,나나831862,to_in_007,5
2024,나나831862,to_in_008,5
2024,나나831865,to_in_001,5
2024,나나831865,to_in_007,5
2024,나나831865,to_in_008,0
2024,나나831869,to_in_001,0
2024,나나831869,to_in_007,0
2024,나나831869,to_in_008,0
2024,나나831877,to_in_001,13
2024,나나831877,to_in_007,8
2024,나나831877,to_in_008,8
2024,나나831878,to_in_001,8
2024,나나831878,to_in_007,5
2024,나나831878,to_in_008,5
2024,나나831883,to_in_001,23
2024,나나831883,to_in_007,8
2024,나나831883,to_in_008,13
2024,나나831884,to_in_001,8
2024,나나831884,to_in_007,5
2024,나나831884,to_in_008,5
2024,나나831887,to_in_001,8
2024,나나831887,to_in_007,5
2024,나나831887,to_in_008,5
2024,나나831894,to_in_001,5
2024,나나831894,to_in_007,0
2024,나나831894,to_in_008,5
2024,나나831896,to_in_001,8
2024,나나831896,to_in_007,8
2024,나나831896,to_in_008,5
2024,나나831897,to_in_001,13
2024,나나831897,to_in_007,8
2024,나나831897,to_in_008,5
2024,나나831899,to_in_001,8
2024,나나812775,to_in_008,5
2024,나나812790,to_in_001,5
2024,나나812790,to_in_007,0
2024,나나812790,to_in_008,0
2024,나나812793,to_in_001,5
2024,나나812793,to_in_007,0
2024,나나812793,to_in_008,5
2024,나나812805,to_in_001,5
2024,나나812805,to_in_007,0
2024,나나812805,to_in_008,5
2024,나나812820,to_in_001,5
2024,나나812820,to_in_007,0
2024,나나812820,to_in_008,0
2024,나나812822,to_in_001,5
2024,나나812822,to_in_007,0
2024,나나812822,to_in_008,0
2024,나나812823,to_in_001,5
2024,나나812823,to_in_007,0
2024,나나812823,to_in_008,0
2024,나나812824,to_in_001,5
2024,나나812824,to_in_007,0
2024,나나812824,to_in_008,0
2024,나나812828,to_in_001,5
2024,나나812828,to_in_007,5
2024,나나812828,to_in_008,5
2024,나나812829,to_in_001,5
2024,나나812829,to_in_007,0
2024,나나812829,to_in_008,0
2024,나나812830,to_in_001,5
2024,나나812830,to_in_007,5
2024,나나812830,to_in_008,5
2024,나나812832,to_in_001,5
2024,나나812832,to_in_007,5
2024,나나812832,to_in_008,0
2024,나나812846,to_in_001,5
2024,나나812846,to_in_007,0
2024,나나812846,to_in_008,0
2024,나나812887,to_in_001,0
2024,나나812887,to_in_007,0
2024,나나812887,to_in_008,0
2024,나나812888,to_in_001,5
2024,나나812888,to_in_007,5
2024,나나812888,to_in_008,5
2024,나나812892,to_in_001,5
2024,나나812892,to_in_007,0
2024,나나812892,to_in_008,0
2024,나나813733,to_in_001,5
2024,나나813733,to_in_007,0
2024,나나813733,to_in_008,5
2024,나나813734,to_in_001,28
2024,나나813734,to_in_007,13
2024,나나813734,to_in_008,13
2024,나나813735,to_in_001,5
2024,나나813735,to_in_007,0
2024,나나813735,to_in_008,5
2024,나나813736,to_in_001,18
2024,나나813736,to_in_007,13
2024,나나813736,to_in_008,8
2024,나나813737,to_in_001,13
2024,나나813737,to_in_007,5
2024,나나813737,to_in_008,8
2024,나나813738,to_in_001,5
2024,나나813738,to_in_007,0
2024,나나813738,to_in_008,5
2024,나나813739,to_in_001,8
2024,나나813739,to_in_007,5
2024,나나813739,to_in_008,0
2024,나나813747,to_in_001,5
2024,나나813747,to_in_007,0
2024,나나813747,to_in_008,0
2024,나나813757,to_in_001,5
2024,나나813757,to_in_007,5
2024,나나813757,to_in_008,0
2024,나나813773,to_in_001,18
2024,나나813773,to_in_007,13
2024,나나813773,to_in_008,5
2024,나나813774,to_in_001,5
2024,나나813774,to_in_007,5
2024,나나813774,to_in_008,5
2024,나나813803,to_in_001,5
2024,나나813803,to_in_007,5
2024,나나813803,to_in_008,0
2024,나나813804,to_in_001,0
2024,나나813804,to_in_007,0
2024,나나813804,to_in_008,0
2024,나나813822,to_in_001,13
2024,나나813822,to_in_007,5
2024,나나813822,to_in_008,8
2024,나나819887,to_in_001,8
2024,나나819887,to_in_007,5
2024,나나819887,to_in_008,5
2024,나나819888,to_in_001,18
2024,나나819888,to_in_007,8
2024,나나819888,to_in_008,8
2024,나나819889,to_in_001,33
2024,나나819889,to_in_007,18
2024,나나819889,to_in_008,13
2024,나나819890,to_in_001,18
2024,나나819890,to_in_007,8
2024,나나819890,to_in_008,8
2024,나나819891,to_in_001,28
2024,나나819891,to_in_007,13
2024,나나819891,to_in_008,18
2024,나나819892,to_in_001,23
2024,나나819892,to_in_007,13
2024,나나819892,to_in_008,13
2024,나나819893,to_in_001,18
2024,나나819893,to_in_007,13
2024,나나819893,to_in_008,5
2024,나나819912,to_in_001,33
2024,나나819912,to_in_007,23
2024,나나819912,to_in_008,13
2024,나나819913,to_in_001,29
2024,나나819913,to_in_007,24
2024,나나819913,to_in_008,5
2024,나나820726,to_in_001,5
2024,나나820726,to_in_007,5
2024,나나820726,to_in_008,5
2024,나나820727,to_in_001,0
2024,나나820727,to_in_007,0
2024,나나820727,to_in_008,0
2024,나나820731,to_in_001,8
2024,나나820731,to_in_007,5
2024,나나820731,to_in_008,8
2024,나나820732,to_in_001,51
2024,나나820732,to_in_007,23
2024,나나820732,to_in_008,31
2024,나나820733,to_in_001,5
2024,나나820733,to_in_007,0
2024,나나820733,to_in_008,0
2024,나나820743,to_in_001,5
2024,나나820743,to_in_007,5
2024,나나820743,to_in_008,0
2024,나나820758,to_in_001,5
2024,나나820758,to_in_007,0
2024,나나820758,to_in_008,0
2024,나나820764,to_in_001,8
2024,나나820764,to_in_007,5
2024,나나820764,to_in_008,8
2024,나나820765,to_in_001,8
2024,나나820765,to_in_007,5
2024,나나820765,to_in_008,5
2024,나나820766,to_in_001,8
2024,나나820766,to_in_007,5
2024,나나820766,to_in_008,5
2024,나나820784,to_in_001,8
2024,나나820784,to_in_007,5
2024,나나820784,to_in_008,5
2024,나나820785,to_in_001,13
2024,나나820785,to_in_007,8
2024,나나820785,to_in_008,5
2024,나나820786,to_in_001,13
2024,나나820786,to_in_007,8
2024,나나820786,to_in_008,5
2024,나나820787,to_in_001,33
2024,나나820787,to_in_007,13
2024,나나820787,to_in_008,23
2024,나나820788,to_in_001,8
2024,나나820788,to_in_007,5
2024,나나820788,to_in_008,5
2024,나나820790,to_in_001,13
2024,나나820790,to_in_007,8
2024,나나820790,to_in_008,5
2024,나나820792,to_in_001,5
2024,나나820792,to_in_007,5
2024,나나820792,to_in_008,0
2024,나나820804,to_in_001,8
2024,나나820804,to_in_007,5
2024,나나820804,to_in_008,5
2024,나나820826,to_in_001,5
2024,나나820826,to_in_007,0
2024,나나820826,to_in_008,0
2024,나나820832,to_in_001,8
2024,나나820832,to_in_007,5
2024,나나820832,to_in_008,8
2024,나나820834,to_in_001,8
2024,나나820834,to_in_007,5
2024,나나820834,to_in_008,5
2024,나나820835,to_in_001,18
2024,나나820835,to_in_007,8
2024,나나820835,to_in_008,8
2024,나나820853,to_in_001,8
2024,나나820853,to_in_007,5
2024,나나820853,to_in_008,5
2024,나나820860,to_in_001,0
2024,나나820860,to_in_007,0
2024,나나820860,to_in_008,0
2024,나나820888,to_in_001,8
2024,나나820888,to_in_007,5
2024,나나820888,to_in_008,8
2024,나나820889,to_in_001,13
2024,나나820889,to_in_007,8
2024,나나820889,to_in_008,8
2024,나나820890,to_in_001,23
2024,나나820890,to_in_007,13
2024,나나820890,to_in_008,13
2024,나나820891,to_in_001,13
2024,나나820891,to_in_007,8
2024,나나820891,to_in_008,8
2024,나나820892,to_in_001,23
2024,나나820892,to_in_007,13
2024,나나820892,to_in_008,13
2024,나나820893,to_in_001,8
2024,나나820893,to_in_007,5
2024,나나820893,to_in_008,5
2024,나나820912,to_in_001,8
2024,나나820912,to_in_007,5
2024,나나820912,to_in_008,5
2024,나나820914,to_in_001,5
2024,나나820914,to_in_007,0
2024,나나820914,to_in_008,0
2024,나나821731,to_in_001,0
2024,나나821731,to_in_007,0
2024,나나821731,to_in_008,0
2024,나나821732,to_in_001,8
2024,나나821732,to_in_007,5
2024,나나821732,to_in_008,5
2024,나나821733,to_in_001,5
2024,나나821733,to_in_007,0
2024,나나821733,to_in_008,0
2024,나나830820,to_in_001,5
2024,나나830820,to_in_007,5
2024,나나830820,to_in_008,5
2024,나나830826,to_in_001,5
2024,나나830826,to_in_007,0
2024,나나830826,to_in_008,5
2024,나나830827,to_in_001,0
2024,나나830827,to_in_007,0
2024,나나830827,to_in_008,0
2024,나나830861,to_in_001,8
2024,나나830861,to_in_007,8
2024,나나830861,to_in_008,0
2024,나나830864,to_in_001,8
2024,나나830864,to_in_007,5
2024,나나830864,to_in_008,5
2024,나나830870,to_in_001,8
2024,나나830870,to_in_007,5
2024,나나830870,to_in_008,5
2024,나나830878,to_in_001,23
2024,나나830878,to_in_007,13
2024,나나830878,to_in_008,13
2024,나나830880,to_in_001,28
2024,나나830880,to_in_007,13
2024,나나830880,to_in_008,13
2024,나나830882,to_in_001,23
2024,나나830882,to_in_007,13
2024,나나830882,to_in_008,13
2024,나나830883,to_in_001,18
2024,나나830883,to_in_007,8
2024,나나830883,to_in_008,8
2024,나나830884,to_in_001,18
2024,나나830884,to_in_007,8
2024,나나830884,to_in_008,8
2024,나나830896,to_in_001,23
2024,나나830896,to_in_007,13
2024,나나830896,to_in_008,8
2024,나나830897,to_in_001,8
2024,나나830897,to_in_007,5
2024,나나830897,to_in_008,5
2024,나나830898,to_in_001,38
2024,나나830898,to_in_007,18
2024,나나830898,to_in_008,18
2024,나나830899,to_in_001,18
2024,나나830899,to_in_007,8
2024,나나830899,to_in_008,8
2024,나나830900,to_in_001,34
2024,나나830900,to_in_007,24
2024,나나830900,to_in_008,13
2024,나나830901,to_in_001,13
2024,나나830901,to_in_007,8
2024,나나830901,to_in_008,5
2024,나나830902,to_in_001,18
2024,나나830902,to_in_007,8
2024,나나830902,to_in_008,8
2024,나나831709,to_in_001,8
2024,나나831709,to_in_007,5
2024,나나831709,to_in_008,5
2024,나나831712,to_in_001,5
2024,나나831712,to_in_007,0
2024,나나831712,to_in_008,0
2024,나나831713,to_in_001,33
2024,나나831713,to_in_007,18
2024,나나831713,to_in_008,13
2024,나나831714,to_in_001,8
2024,나나831714,to_in_007,8
2024,나나831714,to_in_008,5
2024,나나831715,to_in_001,18
2024,나나831715,to_in_007,13
2024,나나831715,to_in_008,8
2024,나나831717,to_in_001,8
2024,나나831717,to_in_007,5
2024,나나831717,to_in_008,5
2024,나나831718,to_in_001,13
2024,나나833708,to_in_007,23
2024,나나833708,to_in_008,18
2024,나나833709,to_in_001,62
2024,나나833709,to_in_007,34
2024,나나833709,to_in_008,31
2024,나나833710,to_in_001,13
2024,나나833710,to_in_007,8
2024,나나833710,to_in_008,8
2024,나나833712,to_in_001,5
2024,나나833712,to_in_007,0
2024,나나833712,to_in_008,0
2024,나나833713,to_in_001,53
2024,나나833713,to_in_007,28
2024,나나833713,to_in_008,23
2024,나나833715,to_in_001,13
2024,나나833715,to_in_007,8
2024,나나833715,to_in_008,8
2024,나나833783,to_in_001,5
2024,나나833783,to_in_007,5
2024,나나833783,to_in_008,5
2024,나나833784,to_in_001,5
2024,나나833784,to_in_007,5
2024,나나833784,to_in_008,5
2024,나나833785,to_in_001,8
2024,나나833785,to_in_007,5
2024,나나833785,to_in_008,8
2024,나나833787,to_in_001,0
2024,나나833787,to_in_007,0
2024,나나833787,to_in_008,0
2024,나나833790,to_in_001,5
2024,나나833790,to_in_007,5
2024,나나833790,to_in_008,5
2024,나나833797,to_in_001,5
2024,나나833797,to_in_007,5
2024,나나833797,to_in_008,0
2024,나나835703,to_in_001,23
2024,나나835703,to_in_007,13
2024,나나835703,to_in_008,8
2024,나나835704,to_in_001,0
2024,나나835704,to_in_007,0
2024,나나835704,to_in_008,0
2024,나나835705,to_in_001,23
2024,나나835705,to_in_007,13
2024,나나835705,to_in_008,13
2024,나나835706,to_in_001,43
2024,나나835706,to_in_007,18
2024,나나835706,to_in_008,23
2024,나나835707,to_in_001,33
2024,나나835707,to_in_007,13
2024,나나835707,to_in_008,18
2024,나나835708,to_in_001,53
2024,나나835708,to_in_007,23
2024,나나835708,to_in_008,28
2024,나나835709,to_in_001,67
2024,나나835709,to_in_007,32
2024,나나835709,to_in_008,38
2024,나나835710,to_in_001,38
2024,나나835710,to_in_007,23
2024,나나835710,to_in_008,18
2024,나나835711,to_in_001,33
2024,나나835711,to_in_007,18
2024,나나835711,to_in_008,18
2024,나나835712,to_in_001,13
2024,나나835712,to_in_007,8
2024,나나835712,to_in_008,8
2024,나나835713,to_in_001,80
2024,나나835713,to_in_007,41
2024,나나835713,to_in_008,42
2024,나나835714,to_in_001,90
2024,나나835714,to_in_007,38
2024,나나835714,to_in_008,50
2024,나나835715,to_in_001,5
2024,나나835715,to_in_007,5
2024,나나835715,to_in_008,5
2024,나나835717,to_in_001,13
2024,나나835717,to_in_007,5
2024,나나835717,to_in_008,8
2024,나나835761,to_in_001,0
2024,나나835761,to_in_007,0
2024,나나835761,to_in_008,0
2024,나나835773,to_in_001,5
2024,나나835773,to_in_007,0
2024,나나835773,to_in_008,0
2024,나나835798,to_in_001,5
2024,나나835798,to_in_007,5
2024,나나835798,to_in_008,0
2024,나나835799,to_in_001,8
2024,나나835799,to_in_007,5
2024,나나835799,to_in_008,5
2024,나나835803,to_in_001,0
2024,나나835803,to_in_007,0
2024,나나835803,to_in_008,0
2024,나나835806,to_in_001,8
2024,나나835806,to_in_007,5
2024,나나835806,to_in_008,5
2024,나나835807,to_in_001,5
2024,나나835807,to_in_007,0
2024,나나835807,to_in_008,5
2024,나나835809,to_in_001,8
2024,나나835809,to_in_007,5
2024,나나835809,to_in_008,8
2024,나나835810,to_in_001,0
2024,나나835810,to_in_007,0
2024,나나835810,to_in_008,0
2024,나나835811,to_in_001,5
2024,나나835811,to_in_007,0
2024,나나835811,to_in_008,0
2024,나나835812,to_in_001,5
2024,나나835812,to_in_007,0
2024,나나835812,to_in_008,0
2024,나나835813,to_in_001,5
2024,나나835813,to_in_007,5
2024,나나835813,to_in_008,0
2024,나나835821,to_in_001,8
2024,나나835821,to_in_007,5
2024,나나835821,to_in_008,5
2024,나나835824,to_in_001,5
2024,나나835824,to_in_007,5
2024,나나835824,to_in_008,0
2024,나나835828,to_in_001,0
2024,나나835828,to_in_007,0
2024,나나835828,to_in_008,0
2024,나나835863,to_in_001,5
2024,나나835863,to_in_007,5
2024,나나835863,to_in_008,0
2024,나나835865,to_in_001,5
2024,나나835865,to_in_007,5
2024,나나835865,to_in_008,0
2024,나나835866,to_in_001,5
2024,나나835866,to_in_007,5
2024,나나835866,to_in_008,0
2024,나나835882,to_in_001,13
2024,나나835882,to_in_007,8
2024,나나835882,to_in_008,8
2024,나나835885,to_in_001,13
2024,나나835885,to_in_007,5
2024,나나835885,to_in_008,8
2024,나나835888,to_in_001,5
2024,나나835888,to_in_007,0
2024,나나835888,to_in_008,0
2024,나나835891,to_in_001,0
2024,나나835891,to_in_007,0
2024,나나835891,to_in_008,0
2024,나나835892,to_in_001,5
2024,나나835892,to_in_007,0
2024,나나835892,to_in_008,5
2024,나나835894,to_in_001,5
2024,나나835894,to_in_007,5
2024,나나835894,to_in_008,5
2024,나나835895,to_in_001,8
2024,나나835895,to_in_007,5
2024,나나835895,to_in_008,8
2024,나나837894,to_in_001,8
2024,나나837894,to_in_007,0
2024,나나837894,to_in_008,8
2024,나나837897,to_in_001,5
2024,나나837897,to_in_007,5
2024,나나837897,to_in_008,0
2024,나나837898,to_in_001,5
2024,나나837898,to_in_007,5
2024,나나837898,to_in_008,5
2024,나나837899,to_in_001,8
2024,나나837899,to_in_007,5
2024,나나837899,to_in_008,5
2024,나나837900,to_in_001,13
2024,나나837900,to_in_007,8
2024,나나837900,to_in_008,8
2024,나나837901,to_in_001,8
2024,나나837901,to_in_007,8
2024,나나837901,to_in_008,5
2024,나나837902,to_in_001,18
2024,나나837902,to_in_007,8
2024,나나837902,to_in_008,8
2024,나나837903,to_in_001,8
2024,나나837903,to_in_007,8
2024,나나837903,to_in_008,5
2024,나나837904,to_in_001,5
2024,나나837904,to_in_007,5
2024,나나837904,to_in_008,5
2024,나나837905,to_in_001,5
2024,나나837905,to_in_007,0
2024,나나837905,to_in_008,5
2024,나나838699,to_in_001,13
2024,나나838699,to_in_007,8
2024,나나838699,to_in_008,5
2024,나나838702,to_in_001,0
2024,나나838702,to_in_007,0
2024,나나838702,to_in_008,0
2024,나나838703,to_in_001,69
2024,나나838703,to_in_007,39
2024,나나838703,to_in_008,33
2024,나나838705,to_in_001,18
2024,나나838705,to_in_007,8
2024,나나838705,to_in_008,8
2024,나나838706,to_in_001,79
2024,나나838706,to_in_007,38
2024,나나838706,to_in_008,44
2024,나나838707,to_in_001,63
2024,나나838707,to_in_007,31
2024,나나838707,to_in_008,30
2024,나나838708,to_in_001,70
2024,나나838708,to_in_007,28
2024,나나838708,to_in_008,40
2024,나나838709,to_in_001,43
2024,나나838709,to_in_007,23
2024,나나838709,to_in_008,18
2024,나나838710,to_in_001,23
2024,나나838710,to_in_007,8
2024,나나838710,to_in_008,13
2024,나나838711,to_in_001,53
2024,나나838711,to_in_007,28
2024,나나838711,to_in_008,28
2024,나나838712,to_in_001,58
2024,나나838712,to_in_007,33
2024,나나838712,to_in_008,28
2024,나나838713,to_in_001,110
2024,나나838713,to_in_007,57
2024,나나838713,to_in_008,56
2024,나나838714,to_in_001,33
2024,나나838714,to_in_007,18
2024,나나838714,to_in_008,18
2024,나나838715,to_in_001,18
2024,나나838715,to_in_007,8
2024,나나838715,to_in_008,13
2024,나나838716,to_in_001,28
2024,나나838716,to_in_007,13
2024,나나838716,to_in_008,13
2024,나나838717,to_in_001,8
2024,나나838717,to_in_007,5
2024,나나838717,to_in_008,5
2024,나나838785,to_in_001,8
2024,나나838785,to_in_007,5
2024,나나838785,to_in_008,5
2024,나나838804,to_in_001,8
2024,나나838804,to_in_007,5
2024,나나838804,to_in_008,5
2024,나나838805,to_in_001,5
2024,나나838805,to_in_007,0
2024,나나838805,to_in_008,0
2024,나나838814,to_in_001,0
2024,나나838814,to_in_007,0
2024,나나838814,to_in_008,0
2024,나나838817,to_in_001,8
2024,나나838817,to_in_007,8
2024,나나838817,to_in_008,5
2024,나나838823,to_in_001,5
2024,나나838823,to_in_007,0
2024,나나838823,to_in_008,5
2024,나나839715,to_in_001,58
2024,나나816748,to_in_008,0
2024,나나816769,to_in_001,5
2024,나나816769,to_in_007,5
2024,나나816769,to_in_008,0
2024,나나816782,to_in_001,5
2024,나나816782,to_in_007,0
2024,나나816782,to_in_008,0
2024,나나816819,to_in_001,13
2024,나나816819,to_in_007,8
2024,나나816819,to_in_008,8
2024,나나816820,to_in_001,13
2024,나나816820,to_in_007,5
2024,나나816820,to_in_008,8
2024,나나816821,to_in_001,18
2024,나나816821,to_in_007,8
2024,나나816821,to_in_008,8
2024,나나816822,to_in_001,13
2024,나나816822,to_in_007,5
2024,나나816822,to_in_008,8
2024,나나816823,to_in_001,8
2024,나나816823,to_in_007,8
2024,나나816823,to_in_008,5
2024,나나816832,to_in_001,5
2024,나나816832,to_in_007,0
2024,나나816832,to_in_008,0
2024,나나816833,to_in_001,8
2024,나나816833,to_in_007,5
2024,나나816833,to_in_008,8
2024,나나816834,to_in_001,5
2024,나나816834,to_in_007,5
2024,나나816834,to_in_008,0
2024,나나816835,to_in_001,13
2024,나나816835,to_in_007,8
2024,나나816835,to_in_008,8
2024,나나816836,to_in_001,13
2024,나나816836,to_in_007,8
2024,나나816836,to_in_008,8
2024,나나816837,to_in_001,8
2024,나나816837,to_in_007,5
2024,나나816837,to_in_008,8
2024,나나816838,to_in_001,5
2024,나나816838,to_in_007,5
2024,나나816838,to_in_008,0
2024,나나816839,to_in_001,5
2024,나나816839,to_in_007,0
2024,나나816839,to_in_008,5
2024,나나816840,to_in_001,8
2024,나나816840,to_in_007,5
2024,나나816840,to_in_008,5
2024,나나816841,to_in_001,5
2024,나나816841,to_in_007,5
2024,나나816841,to_in_008,0
2024,나나816842,to_in_001,5
2024,나나816842,to_in_007,0
2024,나나816842,to_in_008,5
2024,나나816845,to_in_001,0
2024,나나816845,to_in_007,0
2024,나나816845,to_in_008,0
2024,나나816889,to_in_001,5
2024,나나816889,to_in_007,0
2024,나나816889,to_in_008,5
2024,나나816891,to_in_001,79
2024,나나816891,to_in_007,40
2024,나나816891,to_in_008,42
2024,나나816892,to_in_001,13
2024,나나816892,to_in_007,8
2024,나나816892,to_in_008,8
2024,나나816893,to_in_001,18
2024,나나816893,to_in_007,8
2024,나나816893,to_in_008,13
2024,나나816894,to_in_001,5
2024,나나816894,to_in_007,5
2024,나나816894,to_in_008,0
2024,나나817724,to_in_001,13
2024,나나817724,to_in_007,8
2024,나나817724,to_in_008,8
2024,나나827882,to_in_001,23
2024,나나827882,to_in_007,8
2024,나나827882,to_in_008,13
2024,나나827883,to_in_001,23
2024,나나827883,to_in_007,13
2024,나나827883,to_in_008,13
2024,나나827885,to_in_001,13
2024,나나827885,to_in_007,8
2024,나나827885,to_in_008,8
2024,나나827896,to_in_001,13
2024,나나827896,to_in_007,5
2024,나나827896,to_in_008,8
2024,나나828709,to_in_001,0
2024,나나828709,to_in_007,0
2024,나나828709,to_in_008,0
2024,나나828712,to_in_001,18
2024,나나828712,to_in_007,8
2024,나나828712,to_in_008,8
2024,나나828713,to_in_001,23
2024,나나828713,to_in_007,8
2024,나나828713,to_in_008,13
2024,나나828714,to_in_001,33
2024,나나828714,to_in_007,18
2024,나나828714,to_in_008,18
2024,나나828715,to_in_001,23
2024,나나828715,to_in_007,13
2024,나나828715,to_in_008,8
2024,나나828716,to_in_001,23
2024,나나828716,to_in_007,8
2024,나나828716,to_in_008,13
2024,나나828717,to_in_001,18
2024,나나828717,to_in_007,8
2024,나나828717,to_in_008,13
2024,나나828718,to_in_001,5
2024,나나828718,to_in_007,0
2024,나나828718,to_in_008,0
2024,나나828719,to_in_001,5
2024,나나828719,to_in_007,0
2024,나나828719,to_in_008,5
2024,나나828720,to_in_001,48
2024,나나828720,to_in_007,33
2024,나나828720,to_in_008,18
2024,나나828721,to_in_001,33
2024,나나828721,to_in_007,23
2024,나나828721,to_in_008,13
2024,나나828722,to_in_001,23
2024,나나828722,to_in_007,13
2024,나나828722,to_in_008,13
2024,나나828767,to_in_001,5
2024,나나828767,to_in_007,5
2024,나나828767,to_in_008,5
2024,나나828775,to_in_001,5
2024,나나828775,to_in_007,5
2024,나나828775,to_in_008,5
2024,나나828791,to_in_001,48
2024,나나828791,to_in_007,18
2024,나나828791,to_in_008,28
2024,나나828802,to_in_001,8
2024,나나828802,to_in_007,5
2024,나나828802,to_in_008,5
2024,나나828803,to_in_001,5
2024,나나828803,to_in_007,5
2024,나나828803,to_in_008,5
2024,나나828816,to_in_001,5
2024,나나828816,to_in_007,5
2024,나나828816,to_in_008,0
2024,나나828818,to_in_001,5
2024,나나828818,to_in_007,0
2024,나나828818,to_in_008,0
2024,나나828819,to_in_001,8
2024,나나828819,to_in_007,5
2024,나나828819,to_in_008,5
2024,나나828821,to_in_001,5
2024,나나828821,to_in_007,0
2024,나나828821,to_in_008,5
2024,나나828831,to_in_001,5
2024,나나828831,to_in_007,5
2024,나나828831,to_in_008,5
2024,나나833802,to_in_001,5
2024,나나833802,to_in_007,0
2024,나나833802,to_in_008,0
2024,나나833805,to_in_001,0
2024,나나833805,to_in_007,0
2024,나나833805,to_in_008,0
2024,나나833806,to_in_001,5
2024,나나833806,to_in_007,5
2024,나나833806,to_in_008,0
2024,나나833811,to_in_001,5
2024,나나833811,to_in_007,5
2024,나나833811,to_in_008,0
2024,나나833814,to_in_001,13
2024,나나833814,to_in_007,8
2024,나나833814,to_in_008,8
2024,나나833815,to_in_001,8
2024,나나833815,to_in_007,5
2024,나나833815,to_in_008,5
2024,나나833816,to_in_001,13
2024,나나833816,to_in_007,8
2024,나나833816,to_in_008,8
2024,나나833817,to_in_001,13
2024,나나833817,to_in_007,8
2024,나나833817,to_in_008,8
2024,나나833818,to_in_001,0
2024,나나833818,to_in_007,0
2024,나나833818,to_in_008,0
2024,나나833823,to_in_001,0
2024,나나833823,to_in_007,0
2024,나나833823,to_in_008,0
2024,나나833825,to_in_001,5
2024,나나833825,to_in_007,0
2024,나나833825,to_in_008,0
2024,나나833839,to_in_001,5
2024,나나833839,to_in_007,5
2024,나나833839,to_in_008,0
2024,나나833842,to_in_001,5
2024,나나833842,to_in_007,5
2024,나나833842,to_in_008,0
2024,나나833854,to_in_001,5
2024,나나833854,to_in_007,5
2024,나나833854,to_in_008,0
2024,나나833868,to_in_001,0
2024,나나833868,to_in_007,0
2024,나나833868,to_in_008,0
2024,나나833886,to_in_001,5
2024,나나833886,to_in_007,0
2024,나나833886,to_in_008,0
2024,나나833888,to_in_001,5
2024,나나833888,to_in_007,5
2024,나나833888,to_in_008,0
2024,나나833891,to_in_001,5
2024,나나833891,to_in_007,5
2024,나나833891,to_in_008,5
2024,나나833892,to_in_001,5
2024,나나833892,to_in_007,0
2024,나나833892,to_in_008,0
2024,나나833893,to_in_001,5
2024,나나833893,to_in_007,5
2024,나나833893,to_in_008,0
2024,나나833898,to_in_001,8
2024,나나833898,to_in_007,8
2024,나나833898,to_in_008,0
2024,나나833899,to_in_001,0
2024,나나833899,to_in_007,0
2024,나나833899,to_in_008,0
2024,나나833900,to_in_001,0
2024,나나833900,to_in_007,0
2024,나나833900,to_in_008,0
2024,나나833901,to_in_001,5
2024,나나833901,to_in_007,0
2024,나나833901,to_in_008,5
2024,나나833902,to_in_001,8
2024,나나833902,to_in_007,8
2024,나나833902,to_in_008,5
2024,나나833903,to_in_001,28
2024,나나833903,to_in_007,18
2024,나나833903,to_in_008,13
2024,나나833904,to_in_001,18
2024,나나833904,to_in_007,8
2024,나나833904,to_in_008,8
2024,나나834702,to_in_001,8
2024,나나834702,to_in_007,5
2024,나나834702,to_in_008,5
2024,나나834703,to_in_001,8
2024,나나834703,to_in_007,5
2024,나나834703,to_in_008,5
2024,나나834705,to_in_001,23
2024,나나834705,to_in_007,13
2024,나나834705,to_in_008,13
2024,나나834706,to_in_001,64
2024,나나834706,to_in_007,28
2024,나나834706,to_in_008,39
2024,나나834707,to_in_001,38
2024,나나834707,to_in_007,18
2024,나나834707,to_in_008,23
2024,나나834708,to_in_001,63
2024,나나834708,to_in_007,33
2024,나나834708,to_in_008,28
2024,나나834709,to_in_001,63
2024,나나834709,to_in_007,28
2024,나나834709,to_in_008,33
2024,나나834710,to_in_001,38
2024,나나834710,to_in_007,23
2024,나나834710,to_in_008,18
2024,나나834711,to_in_001,8
2024,나나834711,to_in_007,8
2024,나나834711,to_in_008,5
2024,나나836836,to_in_001,5
2024,나나836836,to_in_007,0
2024,나나836836,to_in_008,0
2024,나나836838,to_in_001,8
2024,나나836838,to_in_007,5
2024,나나836838,to_in_008,5
2024,나나836855,to_in_001,0
2024,나나836855,to_in_007,0
2024,나나836855,to_in_008,0
2024,나나836859,to_in_001,5
2024,나나836859,to_in_007,0
2024,나나836859,to_in_008,0
2024,나나836861,to_in_001,5
2024,나나836861,to_in_007,5
2024,나나836861,to_in_008,0
2024,나나836867,to_in_001,5
2024,나나836867,to_in_007,5
2024,나나836867,to_in_008,0
2024,나나836876,to_in_001,8
2024,나나836876,to_in_007,5
2024,나나836876,to_in_008,5
2024,나나836877,to_in_001,5
2024,나나836877,to_in_007,5
2024,나나836877,to_in_008,5
2024,나나836878,to_in_001,5
2024,나나836878,to_in_007,5
2024,나나836878,to_in_008,0
2024,나나836881,to_in_001,8
2024,나나836881,to_in_007,5
2024,나나836881,to_in_008,8
2024,나나836882,to_in_001,5
2024,나나839715,to_in_007,23
2024,나나839715,to_in_008,33
2024,나나839716,to_in_001,28
2024,나나839716,to_in_007,18
2024,나나839716,to_in_008,13
2024,나나839717,to_in_001,8
2024,나나839717,to_in_007,5
2024,나나839717,to_in_008,5
2024,나나839719,to_in_001,8
2024,나나839719,to_in_007,5
2024,나나839719,to_in_008,5
2024,나나839766,to_in_001,5
2024,나나839766,to_in_007,5
2024,나나839766,to_in_008,0
2024,나나839799,to_in_001,0
2024,나나839799,to_in_007,0
2024,나나839799,to_in_008,0
2024,나나839801,to_in_001,5
2024,나나839801,to_in_007,0
2024,나나839801,to_in_008,5
2024,나나839802,to_in_001,5
2024,나나839802,to_in_007,0
2024,나나839802,to_in_008,0
2024,나나839803,to_in_001,0
2024,나나839803,to_in_007,0
2024,나나839803,to_in_008,0
2024,나나839810,to_in_001,0
2024,나나839810,to_in_007,0
2024,나나839810,to_in_008,0
2024,나나839811,to_in_001,5
2024,나나839811,to_in_007,5
2024,나나839811,to_in_008,5
2024,나나839813,to_in_001,5
2024,나나839813,to_in_007,0
2024,나나839813,to_in_008,5
2024,나나839823,to_in_001,8
2024,나나839823,to_in_007,8
2024,나나839823,to_in_008,5
2024,나나839825,to_in_001,13
2024,나나839825,to_in_007,8
2024,나나839825,to_in_008,8
2024,나나839826,to_in_001,13
2024,나나839826,to_in_007,8
2024,나나839826,to_in_008,8
2024,나나839827,to_in_001,8
2024,나나839827,to_in_007,5
2024,나나839827,to_in_008,5
2024,나나839840,to_in_001,5
2024,나나839840,to_in_007,5
2024,나나839840,to_in_008,5
2024,나나839841,to_in_001,5
2024,나나839841,to_in_007,0
2024,나나839841,to_in_008,5
2024,나나839845,to_in_001,5
2024,나나839845,to_in_007,0
2024,나나839845,to_in_008,5
2024,나나839857,to_in_001,5
2024,나나839857,to_in_007,0
2024,나나839857,to_in_008,5
2024,나나839877,to_in_001,5
2024,나나839877,to_in_007,5
2024,나나839877,to_in_008,5
2024,나나839880,to_in_001,5
2024,나나839880,to_in_007,5
2024,나나839880,to_in_008,5
2024,나나839881,to_in_001,8
2024,나나839881,to_in_007,5
2024,나나839881,to_in_008,5
2024,나나839882,to_in_001,8
2024,나나839882,to_in_007,5
2024,나나839882,to_in_008,5
2024,나나839883,to_in_001,5
2024,나나839883,to_in_007,5
2024,나나839883,to_in_008,0
2024,나나839884,to_in_001,5
2024,나나839884,to_in_007,5
2024,나나839884,to_in_008,0
2024,나나839885,to_in_001,8
2024,나나839885,to_in_007,5
2024,나나839885,to_in_008,8
2024,나나839886,to_in_001,8
2024,나나839886,to_in_007,5
2024,나나839886,to_in_008,8
2024,나나839890,to_in_001,5
2024,나나839890,to_in_007,0
2024,나나839890,to_in_008,5
2024,나나839896,to_in_001,5
2024,나나839896,to_in_007,0
2024,나나839896,to_in_008,5
2024,나나839903,to_in_001,18
2024,나나839903,to_in_007,8
2024,나나839903,to_in_008,8
2024,나나839906,to_in_001,38
2024,나나839906,to_in_007,18
2024,나나839906,to_in_008,18
2024,나나839907,to_in_001,8
2024,나나839907,to_in_007,5
2024,나나839907,to_in_008,5
2024,나나839908,to_in_001,33
2024,나나839908,to_in_007,18
2024,나나839908,to_in_008,13
2024,나나839909,to_in_001,76
2024,나나839909,to_in_007,56
2024,나나839909,to_in_008,18
2024,나나839910,to_in_001,28
2024,나나839910,to_in_007,18
2024,나나839910,to_in_008,8
2024,나나839911,to_in_001,13
2024,나나839911,to_in_007,8
2024,나나839911,to_in_008,8
2024,나나839912,to_in_001,5
2024,나나839912,to_in_007,0
2024,나나839912,to_in_008,5
2024,나나840696,to_in_001,8
2024,나나840696,to_in_007,0
2024,나나840696,to_in_008,8
2024,나나840697,to_in_001,8
2024,나나840697,to_in_007,5
2024,나나840697,to_in_008,5
2024,나나840698,to_in_001,5
2024,나나840698,to_in_007,5
2024,나나840698,to_in_008,0
2024,나나840703,to_in_001,53
2024,나나840703,to_in_007,33
2024,나나840703,to_in_008,18
2024,나나840704,to_in_001,5
2024,나나840704,to_in_007,5
2024,나나840704,to_in_008,5
2024,나나840705,to_in_001,73
2024,나나840705,to_in_007,38
2024,나나840705,to_in_008,33
2024,나나840706,to_in_001,23
2024,나나840706,to_in_007,8
2024,나나840706,to_in_008,13
2024,나나840707,to_in_001,79
2024,나나840707,to_in_007,43
2024,나나840707,to_in_008,39
2024,나나840708,to_in_001,18
2024,나나840708,to_in_007,8
2024,나나840708,to_in_008,8
2024,나나840709,to_in_001,33
2024,나나840709,to_in_007,13
2024,나나840709,to_in_008,23
2024,나나840710,to_in_001,13
2024,나나840710,to_in_007,8
2024,나나840710,to_in_008,8
2024,나나840712,to_in_001,142
2024,나나840712,to_in_007,75
2024,나나840712,to_in_008,65
2024,나나840713,to_in_001,93
2024,나나840713,to_in_007,53
2024,나나840713,to_in_008,43
2024,나나840714,to_in_001,0
2024,나나840714,to_in_007,0
2024,나나840714,to_in_008,0
2024,나나840750,to_in_001,0
2024,나나840750,to_in_007,0
2024,나나840750,to_in_008,0
2024,나나840751,to_in_001,5
2024,나나840751,to_in_007,5
2024,나나840751,to_in_008,0
2024,나나840752,to_in_001,5
2024,나나840752,to_in_007,5
2024,나나840752,to_in_008,0
2024,나나840753,to_in_001,13
2024,나나840753,to_in_007,8
2024,나나840753,to_in_008,5
2024,나나840754,to_in_001,8
2024,나나840754,to_in_007,8
2024,나나840754,to_in_008,5
2024,나나840755,to_in_001,5
2024,나나840755,to_in_007,5
2024,나나840755,to_in_008,0
2024,나나840758,to_in_001,8
2024,나나840758,to_in_007,8
2024,나나840758,to_in_008,5
2024,나나840759,to_in_001,5
2024,나나840759,to_in_007,5
2024,나나840759,to_in_008,0
2024,나나840769,to_in_001,0
2024,나나840769,to_in_007,0
2024,나나840769,to_in_008,0
2024,나나840784,to_in_001,5
2024,나나840784,to_in_007,5
2024,나나840784,to_in_008,0
2024,나나840785,to_in_001,5
2024,나나840785,to_in_007,0
2024,나나840785,to_in_008,0
2024,나나840787,to_in_001,5
2024,나나840787,to_in_007,0
2024,나나840787,to_in_008,0
2024,나나840797,to_in_001,0
2024,나나840797,to_in_007,0
2024,나나840797,to_in_008,0
2024,나나840799,to_in_001,5
2024,나나840799,to_in_007,0
2024,나나840799,to_in_008,0
2024,나나840800,to_in_001,5
2024,나나840800,to_in_007,0
2024,나나840800,to_in_008,0
2024,나나840801,to_in_001,5
2024,나나840801,to_in_007,0
2024,나나840801,to_in_008,0
2024,나나840802,to_in_001,8
2024,나나840802,to_in_007,5
2024,나나840802,to_in_008,8
2024,나나840810,to_in_001,0
2024,나나840810,to_in_007,0
2024,나나840810,to_in_008,0
2024,나나840812,to_in_001,5
2024,나나840812,to_in_007,5
2024,나나840812,to_in_008,0
2024,나나840821,to_in_001,5
2024,나나840821,to_in_007,0
2024,나나840821,to_in_008,5
2024,나나840825,to_in_001,8
2024,나나840825,to_in_007,5
2024,나나840825,to_in_008,5
2024,나나840826,to_in_001,13
2024,나나840826,to_in_007,5
2024,나나840826,to_in_008,8
2024,나나840827,to_in_001,13
2024,나나840827,to_in_007,8
2024,나나840827,to_in_008,8
2024,나나840828,to_in_001,8
2024,나나840828,to_in_007,8
2024,나나840828,to_in_008,5
2024,나나840832,to_in_001,5
2024,나나840832,to_in_007,5
2024,나나840832,to_in_008,0
2024,나나840833,to_in_001,0
2024,나나840833,to_in_007,0
2024,나나840833,to_in_008,0
2024,나나840846,to_in_001,5
2024,나나840846,to_in_007,0
2024,나나840846,to_in_008,0
2024,나나840858,to_in_001,0
2024,나나840858,to_in_007,0
2024,나나840858,to_in_008,0
2024,나나840863,to_in_001,8
2024,나나840863,to_in_007,8
2024,나나840863,to_in_008,0
2024,나나840872,to_in_001,0
2024,나나840872,to_in_007,0
2024,나나840872,to_in_008,0
2024,나나840874,to_in_001,5
2024,나나840874,to_in_007,0
2024,나나840874,to_in_008,5
2024,나나840875,to_in_001,5
2024,나나840875,to_in_007,5
2024,나나840875,to_in_008,0
2024,나나840878,to_in_001,0
2024,나나840878,to_in_007,0
2024,나나840878,to_in_008,0
2024,나나840879,to_in_001,5
2024,나나840879,to_in_007,5
2024,나나840879,to_in_008,0
2024,나나840880,to_in_001,13
2024,나나840880,to_in_007,5
2024,나나840880,to_in_008,8
2024,나나842836,to_in_001,13
2024,나나842836,to_in_007,8
2024,나나842836,to_in_008,8
2024,나나842840,to_in_001,8
2024,나나842840,to_in_007,5
2024,나나842840,to_in_008,5
2024,나나842841,to_in_001,5
2024,나나842841,to_in_007,0
2024,나나842841,to_in_008,0
2024,나나842843,to_in_001,5
2024,나나842843,to_in_007,5
2024,나나842843,to_in_008,5
2024,나나842845,to_in_001,5
2024,나나842845,to_in_007,5
2024,나나842845,to_in_008,0
2024,나나842847,to_in_001,8
2024,나나842847,to_in_007,5
2024,나나842847,to_in_008,0
2024,나나842848,to_in_001,13
2024,나나842848,to_in_007,8
2024,나나842848,to_in_008,8
2024,나나842849,to_in_001,13
2024,나나842849,to_in_007,8
2024,나나842849,to_in_008,8
2024,나나842850,to_in_001,13
2024,나나842850,to_in_007,8
2024,나나842850,to_in_008,5
2024,나나842851,to_in_001,13
2024,나나842851,to_in_007,8
2024,나나842851,to_in_008,8
2024,나나842855,to_in_001,0
2024,나나842855,to_in_007,0
2024,나나842855,to_in_008,0
2024,나나842857,to_in_001,0
2024,나나842857,to_in_007,0
2024,나나842857,to_in_008,0
2024,나나842858,to_in_001,5
2024,나나842858,to_in_007,0
2024,나나842858,to_in_008,5
2024,나나842862,to_in_001,8
2024,나나842862,to_in_007,8
2024,나나842862,to_in_008,0
2024,나나842866,to_in_001,5
2024,나나842866,to_in_007,0
2024,나나842866,to_in_008,5
2024,나나842880,to_in_001,8
2024,나나842880,to_in_007,8
2024,나나842880,to_in_008,8
2024,나나842881,to_in_001,8
2024,나나842881,to_in_007,5
2024,나나842881,to_in_008,5
2024,나나842882,to_in_001,8
2024,나나842882,to_in_007,5
2024,나나842882,to_in_008,5
2024,나나842886,to_in_001,5
2024,나나842886,to_in_007,5
2024,나나842886,to_in_008,0
2024,나나842888,to_in_001,5
2024,나나842888,to_in_007,5
2024,나나842888,to_in_008,5
2024,나나842889,to_in_001,13
2024,나나842889,to_in_007,5
2024,나나842889,to_in_008,8
2024,나나842890,to_in_001,0
2024,나나842890,to_in_007,0
2024,나나842890,to_in_008,0
2024,나나842901,to_in_001,5
2024,나나842901,to_in_007,5
2024,나나842901,to_in_008,0
2024,나나842902,to_in_001,8
2024,나나842902,to_in_007,5
2024,나나842902,to_in_008,8
2024,나나842903,to_in_001,5
2024,나나842903,to_in_007,5
2024,나나842903,to_in_008,5
2024,나나842904,to_in_001,5
2024,나나842904,to_in_007,0
2024,나나842904,to_in_008,5
2024,나나842905,to_in_001,5
2024,나나842905,to_in_007,5
2024,나나842905,to_in_008,5
2024,나나842906,to_in_001,13
2024,나나842906,to_in_007,8
2024,나나842906,to_in_008,8
2024,나나842907,to_in_001,8
2024,나나842907,to_in_007,5
2024,나나842907,to_in_008,8
2024,나나842908,to_in_001,8
2024,나나842908,to_in_007,5
2024,나나842908,to_in_008,5
2024,나나842909,to_in_001,43
2024,나나842909,to_in_007,28
2024,나나842909,to_in_008,18
2024,나나842910,to_in_001,28
2024,나나842910,to_in_007,13
2024,나나842910,to_in_008,13
2024,나나842911,to_in_001,48
2024,나나842911,to_in_007,18
2024,나나842911,to_in_008,28
2024,나나842912,to_in_001,18
2024,나나842912,to_in_007,13
2024,나나842912,to_in_008,5
2024,나나842913,to_in_001,5
2024,나나842913,to_in_007,0
2024,나나842913,to_in_008,5
2024,나나843695,to_in_001,0
2024,나나843695,to_in_007,0
2024,나나843695,to_in_008,0
2024,나나843696,to_in_001,28
2024,나나843696,to_in_007,13
2024,나나843696,to_in_008,13
2024,나나843697,to_in_001,23
2024,나나843697,to_in_007,13
2024,나나843697,to_in_008,8
2024,나나843698,to_in_001,28
2024,나나843698,to_in_007,18
2024,나나843698,to_in_008,8
2024,나나843699,to_in_001,13
2024,나나843699,to_in_007,8
2024,나나843699,to_in_008,8
2024,나나843700,to_in_001,18
2024,나나843700,to_in_007,8
2024,나나843700,to_in_008,13
2024,나나843701,to_in_001,8
2024,나나843701,to_in_007,5
2024,나나843701,to_in_008,5
2024,나나843702,to_in_001,5
2024,나나843702,to_in_007,0
2024,나나843702,to_in_008,5
2024,나나843703,to_in_001,13
2024,나나843703,to_in_007,8
2024,나나843703,to_in_008,5
2024,나나843704,to_in_001,28
2024,나나843704,to_in_007,18
2024,나나843704,to_in_008,13
2024,나나843705,to_in_001,33
2024,나나843705,to_in_007,18
2024,나나843705,to_in_008,18
2024,나나843880,to_in_001,5
2024,나나843880,to_in_007,0
2024,나나843880,to_in_008,0
2024,나나843881,to_in_001,13
2024,나나843881,to_in_007,8
2024,나나843881,to_in_008,8
2024,나나843884,to_in_001,5
2024,나나843884,to_in_007,5
2024,나나843884,to_in_008,5
2024,나나843885,to_in_001,0
2024,나나843885,to_in_007,0
2024,나나843885,to_in_008,0
2024,나나843886,to_in_001,8
2024,나나843886,to_in_007,5
2024,나나843886,to_in_008,8
2024,나나843887,to_in_001,8
2024,나나843887,to_in_007,5
2024,나나843887,to_in_008,5
2024,나나843889,to_in_001,8
2024,나나843889,to_in_007,8
2024,나나843889,to_in_008,8
2024,나나843898,to_in_001,5
2024,나나843898,to_in_007,5
2024,나나843898,to_in_008,0
2024,나나843901,to_in_001,13
2024,나나843901,to_in_007,8
2024,나나843901,to_in_008,5
2024,나나843902,to_in_001,8
2024,나나843902,to_in_007,5
2024,나나843902,to_in_008,5
2024,나나843903,to_in_001,5
2024,나나843903,to_in_007,0
2024,나나843903,to_in_008,5
2024,나나843905,to_in_001,8
2024,나나843905,to_in_007,5
2024,나나843905,to_in_008,5
2024,나나843910,to_in_001,13
2024,나나843910,to_in_007,8
2024,나나843910,to_in_008,5
2024,나나843911,to_in_001,48
2024,나나843911,to_in_007,28
2024,나나843911,to_in_008,18
2024,나나843912,to_in_001,18
2024,나나843912,to_in_007,8
2024,나나843912,to_in_008,8
2024,나나844696,to_in_001,8
2024,나나844696,to_in_007,8
2024,나나844696,to_in_008,5
2024,나나844697,to_in_001,8
2024,나나844697,to_in_007,5
2024,나나844697,to_in_008,8
2024,나나844698,to_in_001,8
2024,나나844698,to_in_007,5
2024,나나844698,to_in_008,5
2024,나나844699,to_in_001,5
2024,나나844699,to_in_007,5
2024,나나844699,to_in_008,5
2024,나나844702,to_in_001,5
2024,나나844702,to_in_007,5
2024,나나844702,to_in_008,0
2024,나나844705,to_in_001,193
2024,나나844705,to_in_007,84
2024,나나844705,to_in_008,107
2024,나나844706,to_in_001,18
2024,나나844706,to_in_007,8
2024,나나844706,to_in_008,8
2024,나나844707,to_in_001,48
2024,나나844707,to_in_007,23
2024,나나844707,to_in_008,23
2024,나나844708,to_in_001,23
2024,나나844708,to_in_007,13
2024,나나844708,to_in_008,13
2024,나나844709,to_in_001,23
2024,나나844709,to_in_007,13
2024,나나844709,to_in_008,13
2024,나나844710,to_in_001,48
2024,나나844710,to_in_007,23
2024,나나844710,to_in_008,28
2024,나나844711,to_in_001,43
2024,나나844711,to_in_007,23
2024,나나844711,to_in_008,18
2024,나나844712,to_in_001,5
2024,나나844712,to_in_007,5
2024,나나844712,to_in_008,0
2024,나나844713,to_in_001,5
2024,나나844713,to_in_007,0
2024,나나844713,to_in_008,5
2024,나나844715,to_in_001,8
2024,나나844715,to_in_007,5
2024,나나824837,to_in_007,8
2024,나나824837,to_in_008,8
2024,나나824838,to_in_001,5
2024,나나824838,to_in_007,0
2024,나나824838,to_in_008,0
2024,나나824860,to_in_001,14
2024,나나824860,to_in_007,14
2024,나나824860,to_in_008,5
2024,나나825721,to_in_001,5
2024,나나825721,to_in_007,0
2024,나나825721,to_in_008,0
2024,나나834712,to_in_001,48
2024,나나834712,to_in_007,23
2024,나나834712,to_in_008,23
2024,나나834713,to_in_001,13
2024,나나834713,to_in_007,8
2024,나나834713,to_in_008,5
2024,나나834714,to_in_001,5
2024,나나834714,to_in_007,5
2024,나나834714,to_in_008,5
2024,나나834715,to_in_001,5
2024,나나834715,to_in_007,0
2024,나나834715,to_in_008,5
2024,나나834748,to_in_001,0
2024,나나834748,to_in_007,0
2024,나나834748,to_in_008,0
2024,나나834760,to_in_001,0
2024,나나834760,to_in_007,0
2024,나나834760,to_in_008,0
2024,나나834769,to_in_001,5
2024,나나834769,to_in_007,5
2024,나나834769,to_in_008,5
2024,나나834770,to_in_001,5
2024,나나834770,to_in_007,0
2024,나나834770,to_in_008,0
2024,나나834781,to_in_001,8
2024,나나834781,to_in_007,5
2024,나나834781,to_in_008,5
2024,나나834783,to_in_001,8
2024,나나834783,to_in_007,0
2024,나나834783,to_in_008,5
2024,나나834784,to_in_001,13
2024,나나834784,to_in_007,8
2024,나나834784,to_in_008,8
2024,나나834785,to_in_001,5
2024,나나834785,to_in_007,0
2024,나나834785,to_in_008,5
2024,나나834788,to_in_001,5
2024,나나834788,to_in_007,0
2024,나나834788,to_in_008,5
2024,나나834798,to_in_001,8
2024,나나834798,to_in_007,5
2024,나나834798,to_in_008,8
2024,나나834799,to_in_001,5
2024,나나834799,to_in_007,5
2024,나나834799,to_in_008,5
2024,나나834805,to_in_001,5
2024,나나834805,to_in_007,0
2024,나나834805,to_in_008,0
2024,나나834807,to_in_001,0
2024,나나834807,to_in_007,0
2024,나나834807,to_in_008,0
2024,나나834813,to_in_001,8
2024,나나834813,to_in_007,5
2024,나나834813,to_in_008,5
2024,나나834814,to_in_001,5
2024,나나834814,to_in_007,5
2024,나나834814,to_in_008,0
2024,나나834816,to_in_001,5
2024,나나834816,to_in_007,0
2024,나나834816,to_in_008,0
2024,나나834819,to_in_001,13
2024,나나834819,to_in_007,8
2024,나나834819,to_in_008,5
2024,나나834820,to_in_001,5
2024,나나834820,to_in_007,5
2024,나나834820,to_in_008,0
2024,나나834824,to_in_001,5
2024,나나834824,to_in_007,0
2024,나나834824,to_in_008,5
2024,나나834825,to_in_001,5
2024,나나834825,to_in_007,5
2024,나나834825,to_in_008,0
2024,나나834866,to_in_001,5
2024,나나834866,to_in_007,0
2024,나나834866,to_in_008,5
2024,나나834875,to_in_001,5
2024,나나834875,to_in_007,0
2024,나나834875,to_in_008,0
2024,나나834876,to_in_001,23
2024,나나834876,to_in_007,8
2024,나나834876,to_in_008,13
2024,나나834883,to_in_001,8
2024,나나834883,to_in_007,5
2024,나나834883,to_in_008,8
2024,나나834891,to_in_001,8
2024,나나834891,to_in_007,5
2024,나나834891,to_in_008,5
2024,나나834892,to_in_001,0
2024,나나834892,to_in_007,0
2024,나나834892,to_in_008,0
2024,나나834896,to_in_001,5
2024,나나834896,to_in_007,5
2024,나나834896,to_in_008,0
2024,나나834897,to_in_001,8
2024,나나834897,to_in_007,5
2024,나나834897,to_in_008,5
2024,나나834898,to_in_001,8
2024,나나834898,to_in_007,0
2024,나나834898,to_in_008,5
2024,나나834899,to_in_001,18
2024,나나834899,to_in_007,8
2024,나나834899,to_in_008,8
2024,나나834900,to_in_001,5
2024,나나834900,to_in_007,5
2024,나나834900,to_in_008,0
2024,나나834902,to_in_001,83
2024,나나834902,to_in_007,41
2024,나나834902,to_in_008,40
2024,나나834903,to_in_001,23
2024,나나834903,to_in_007,13
2024,나나834903,to_in_008,8
2024,나나834904,to_in_001,23
2024,나나834904,to_in_007,8
2024,나나834904,to_in_008,13
2024,나나835702,to_in_001,43
2024,나나835702,to_in_007,23
2024,나나835702,to_in_008,23
2024,나나838824,to_in_001,8
2024,나나838824,to_in_007,5
2024,나나838824,to_in_008,5
2024,나나838825,to_in_001,0
2024,나나838825,to_in_007,0
2024,나나838825,to_in_008,0
2024,나나838826,to_in_001,8
2024,나나838826,to_in_007,5
2024,나나838826,to_in_008,8
2024,나나838855,to_in_001,0
2024,나나838855,to_in_007,0
2024,나나838855,to_in_008,0
2024,나나838856,to_in_001,5
2024,나나838856,to_in_007,5
2024,나나838856,to_in_008,5
2024,나나838859,to_in_001,5
2024,나나838859,to_in_007,0
2024,나나838859,to_in_008,0
2024,나나838874,to_in_001,8
2024,나나838874,to_in_007,5
2024,나나838874,to_in_008,5
2024,나나838875,to_in_001,8
2024,나나838875,to_in_007,0
2024,나나838875,to_in_008,5
2024,나나838878,to_in_001,5
2024,나나838878,to_in_007,0
2024,나나838878,to_in_008,5
2024,나나838879,to_in_001,0
2024,나나838879,to_in_007,0
2024,나나838879,to_in_008,0
2024,나나838881,to_in_001,0
2024,나나838881,to_in_007,0
2024,나나838881,to_in_008,0
2024,나나838882,to_in_001,13
2024,나나838882,to_in_007,8
2024,나나838882,to_in_008,8
2024,나나838883,to_in_001,5
2024,나나838883,to_in_007,0
2024,나나838883,to_in_008,0
2024,나나838884,to_in_001,8
2024,나나838884,to_in_007,5
2024,나나838884,to_in_008,5
2024,나나838885,to_in_001,13
2024,나나838885,to_in_007,8
2024,나나838885,to_in_008,8
2024,나나838886,to_in_001,8
2024,나나838886,to_in_007,8
2024,나나838886,to_in_008,0
2024,나나838887,to_in_001,8
2024,나나838887,to_in_007,5
2024,나나838887,to_in_008,5
2024,나나838889,to_in_001,13
2024,나나838889,to_in_007,8
2024,나나838889,to_in_008,8
2024,나나838890,to_in_001,5
2024,나나838890,to_in_007,0
2024,나나838890,to_in_008,5
2024,나나838892,to_in_001,5
2024,나나838892,to_in_007,0
2024,나나838892,to_in_008,5
2024,나나838894,to_in_001,5
2024,나나838894,to_in_007,5
2024,나나838894,to_in_008,5
2024,나나838895,to_in_001,5
2024,나나838895,to_in_007,0
2024,나나838895,to_in_008,0
2024,나나838897,to_in_001,5
2024,나나838897,to_in_007,5
2024,나나838897,to_in_008,0
2024,나나838898,to_in_001,0
2024,나나838898,to_in_007,0
2024,나나838898,to_in_008,0
2024,나나838899,to_in_001,5
2024,나나838899,to_in_007,5
2024,나나838899,to_in_008,0
2024,나나838901,to_in_001,8
2024,나나838901,to_in_007,8
2024,나나838901,to_in_008,0
2024,나나838902,to_in_001,8
2024,나나838902,to_in_007,8
2024,나나838902,to_in_008,5
2024,나나838906,to_in_001,5
2024,나나838906,to_in_007,0
2024,나나838906,to_in_008,5
2024,나나838907,to_in_001,8
2024,나나838907,to_in_007,8
2024,나나838907,to_in_008,0
2024,나나838908,to_in_001,23
2024,나나838908,to_in_007,13
2024,나나838908,to_in_008,8
2024,나나838910,to_in_001,13
2024,나나838910,to_in_007,8
2024,나나838910,to_in_008,8
2024,나나839697,to_in_001,5
2024,나나839697,to_in_007,0
2024,나나839697,to_in_008,0
2024,나나839698,to_in_001,8
2024,나나839698,to_in_007,5
2024,나나839698,to_in_008,5
2024,나나839703,to_in_001,5
2024,나나839703,to_in_007,5
2024,나나839703,to_in_008,0
2024,나나839705,to_in_001,13
2024,나나839705,to_in_007,5
2024,나나839705,to_in_008,8
2024,나나839706,to_in_001,28
2024,나나839706,to_in_007,18
2024,나나839706,to_in_008,13
2024,나나839707,to_in_001,53
2024,나나839707,to_in_007,23
2024,나나839707,to_in_008,28
2024,나나839708,to_in_001,58
2024,나나839708,to_in_007,23
2024,나나839708,to_in_008,33
2024,나나839709,to_in_001,45
2024,나나839709,to_in_007,20
2024,나나839709,to_in_008,23
2024,나나839710,to_in_001,53
2024,나나839710,to_in_007,28
2024,나나839710,to_in_008,23
2024,나나839711,to_in_001,13
2024,나나839711,to_in_007,8
2024,나나839711,to_in_008,5
2024,나나839712,to_in_001,33
2024,나나839712,to_in_007,18
2024,나나839712,to_in_008,18
2024,나나839713,to_in_001,13
2024,나나839713,to_in_007,8
2024,나나839713,to_in_008,8
2024,나나839714,to_in_001,23
2024,나나839714,to_in_007,8
2024,나나839714,to_in_008,13
2024,나나843706,to_in_001,48
2024,나나843706,to_in_007,33
2024,나나843706,to_in_008,18
2024,나나843707,to_in_001,18
2024,나나843707,to_in_007,8
2024,나나843707,to_in_008,13
2024,나나843708,to_in_001,43
2024,나나843708,to_in_007,23
2024,나나843708,to_in_008,18
2024,나나843709,to_in_001,53
2024,나나843709,to_in_007,33
2024,나나843709,to_in_008,23
2024,나나843710,to_in_001,13
2024,나나843710,to_in_007,8
2024,나나843710,to_in_008,8
2024,나나843711,to_in_001,54
2024,나나843711,to_in_007,29
2024,나나843711,to_in_008,28
2024,나나843712,to_in_001,43
2024,나나843712,to_in_007,23
2024,나나843712,to_in_008,18
2024,나나843713,to_in_001,8
2024,나나843713,to_in_007,8
2024,나나843713,to_in_008,5
2024,나나843714,to_in_001,5
2024,나나843714,to_in_007,5
2024,나나843714,to_in_008,5
2024,나나843715,to_in_001,8
2024,나나843715,to_in_007,8
2024,나나843715,to_in_008,5
2024,나나843716,to_in_001,28
2024,나나843716,to_in_007,18
2024,나나843716,to_in_008,8
2024,나나844715,to_in_008,5
2024,나나844716,to_in_001,23
2024,나나844716,to_in_007,13
2024,나나844716,to_in_008,13
2024,나나844717,to_in_001,33
2024,나나844717,to_in_007,8
2024,나나844717,to_in_008,23
2024,나나844718,to_in_001,14
2024,나나844718,to_in_007,14
2024,나나844718,to_in_008,0
2024,나나844754,to_in_001,18
2024,나나844754,to_in_007,8
2024,나나844754,to_in_008,13
2024,나나844755,to_in_001,18
2024,나나844755,to_in_007,13
2024,나나844755,to_in_008,8
2024,나나844756,to_in_001,13
2024,나나844756,to_in_007,8
2024,나나844756,to_in_008,5
2024,나나844757,to_in_001,0
2024,나나844757,to_in_007,0
2024,나나844757,to_in_008,0
2024,나나844758,to_in_001,0
2024,나나844758,to_in_007,0
2024,나나844758,to_in_008,0
2024,나나844759,to_in_001,8
2024,나나844759,to_in_007,8
2024,나나844759,to_in_008,5
2024,나나844787,to_in_001,0
2024,나나844787,to_in_007,0
2024,나나844787,to_in_008,0
2024,나나844796,to_in_001,5
2024,나나844796,to_in_007,5
2024,나나844796,to_in_008,5
2024,나나844799,to_in_001,5
2024,나나844799,to_in_007,0
2024,나나831899,to_in_007,8
2024,나나831899,to_in_008,5
2024,나나831900,to_in_001,49
2024,나나831900,to_in_007,28
2024,나나831900,to_in_008,24
2024,나나831901,to_in_001,13
2024,나나831901,to_in_007,8
2024,나나831901,to_in_008,5
2024,나나831902,to_in_001,28
2024,나나831902,to_in_007,13
2024,나나831902,to_in_008,18
2024,나나831903,to_in_001,13
2024,나나831903,to_in_007,8
2024,나나831903,to_in_008,8
2024,나나832705,to_in_001,23
2024,나나832705,to_in_007,13
2024,나나832705,to_in_008,8
2024,나나832707,to_in_001,32
2024,나나832707,to_in_007,17
2024,나나832707,to_in_008,20
2024,나나832708,to_in_001,8
2024,나나832708,to_in_007,5
2024,나나832708,to_in_008,8
2024,나나832709,to_in_001,28
2024,나나832709,to_in_007,13
2024,나나832709,to_in_008,18
2024,나나832710,to_in_001,97
2024,나나832710,to_in_007,52
2024,나나832710,to_in_008,43
2024,나나832711,to_in_001,99
2024,나나832711,to_in_007,53
2024,나나832711,to_in_008,44
2024,나나832712,to_in_001,114
2024,나나832712,to_in_007,58
2024,나나832712,to_in_008,59
2024,나나832713,to_in_001,101
2024,나나832713,to_in_007,55
2024,나나832713,to_in_008,49
2024,나나832748,to_in_001,5
2024,나나832748,to_in_007,5
2024,나나832748,to_in_008,0
2024,나나832755,to_in_001,5
2024,나나832755,to_in_007,0
2024,나나832755,to_in_008,5
2024,나나832769,to_in_001,18
2024,나나832769,to_in_007,8
2024,나나832769,to_in_008,8
2024,나나832770,to_in_001,13
2024,나나832770,to_in_007,8
2024,나나832770,to_in_008,8
2024,나나832783,to_in_001,5
2024,나나832783,to_in_007,5
2024,나나832783,to_in_008,0
2024,나나832792,to_in_001,5
2024,나나832792,to_in_007,5
2024,나나832792,to_in_008,5
2024,나나832805,to_in_001,5
2024,나나832805,to_in_007,0
2024,나나832805,to_in_008,0
2024,나나832815,to_in_001,8
2024,나나832815,to_in_007,5
2024,나나832815,to_in_008,5
2024,나나832816,to_in_001,13
2024,나나832816,to_in_007,5
2024,나나832816,to_in_008,8
2024,나나832817,to_in_001,0
2024,나나832817,to_in_007,0
2024,나나832817,to_in_008,0
2024,나나832818,to_in_001,5
2024,나나832818,to_in_007,5
2024,나나832818,to_in_008,5
2024,나나832819,to_in_001,8
2024,나나832819,to_in_007,5
2024,나나832819,to_in_008,5
2024,나나832838,to_in_001,5
2024,나나832838,to_in_007,0
2024,나나832838,to_in_008,0
2024,나나832839,to_in_001,5
2024,나나832839,to_in_007,5
2024,나나832839,to_in_008,0
2024,나나832841,to_in_001,5
2024,나나832841,to_in_007,0
2024,나나832841,to_in_008,0
2024,나나837713,to_in_001,63
2024,나나837713,to_in_007,24
2024,나나837713,to_in_008,37
2024,나나837714,to_in_001,109
2024,나나837714,to_in_007,49
2024,나나837714,to_in_008,58
2024,나나837715,to_in_001,8
2024,나나837715,to_in_007,8
2024,나나837715,to_in_008,0
2024,나나837716,to_in_001,46
2024,나나837716,to_in_007,8
2024,나나837716,to_in_008,36
2024,나나837717,to_in_001,5
2024,나나837717,to_in_007,0
2024,나나837717,to_in_008,0
2024,나나837752,to_in_001,8
2024,나나837752,to_in_007,8
2024,나나837752,to_in_008,8
2024,나나837774,to_in_001,5
2024,나나837774,to_in_007,0
2024,나나837774,to_in_008,0
2024,나나837784,to_in_001,8
2024,나나837784,to_in_007,5
2024,나나837784,to_in_008,5
2024,나나837799,to_in_001,8
2024,나나837799,to_in_007,5
2024,나나837799,to_in_008,8
2024,나나837800,to_in_001,5
2024,나나837800,to_in_007,0
2024,나나837800,to_in_008,0
2024,나나837807,to_in_001,0
2024,나나837807,to_in_007,0
2024,나나837807,to_in_008,0
2024,나나837808,to_in_001,0
2024,나나837808,to_in_007,0
2024,나나837808,to_in_008,0
2024,나나837812,to_in_001,5
2024,나나837812,to_in_007,0
2024,나나837812,to_in_008,5
2024,나나837815,to_in_001,24
2024,나나837815,to_in_007,6
2024,나나837815,to_in_008,18
2024,나나837822,to_in_001,5
2024,나나837822,to_in_007,0
2024,나나837822,to_in_008,5
2024,나나837824,to_in_001,5
2024,나나837824,to_in_007,5
2024,나나837824,to_in_008,0
2024,나나837826,to_in_001,0
2024,나나837826,to_in_007,0
2024,나나837826,to_in_008,0
2024,나나837838,to_in_001,5
2024,나나837838,to_in_007,0
2024,나나837838,to_in_008,5
2024,나나837839,to_in_001,5
2024,나나837839,to_in_007,0
2024,나나837839,to_in_008,5
2024,나나837840,to_in_001,0
2024,나나837840,to_in_007,0
2024,나나837840,to_in_008,0
2024,나나837875,to_in_001,18
2024,나나837875,to_in_007,8
2024,나나837875,to_in_008,13
2024,나나837877,to_in_001,13
2024,나나837877,to_in_007,8
2024,나나837877,to_in_008,8
2024,나나837878,to_in_001,5
2024,나나837878,to_in_007,0
2024,나나837878,to_in_008,5
2024,나나837879,to_in_001,5
2024,나나837879,to_in_007,0
2024,나나837879,to_in_008,0
2024,나나837881,to_in_001,5
2024,나나837881,to_in_007,5
2024,나나837881,to_in_008,0
2024,나나837886,to_in_001,8
2024,나나837886,to_in_007,8
2024,나나837886,to_in_008,5
2024,나나837887,to_in_001,5
2024,나나837887,to_in_007,0
2024,나나837887,to_in_008,0
2024,나나837888,to_in_001,8
2024,나나837888,to_in_007,5
2024,나나837888,to_in_008,8
2024,나나837889,to_in_001,5
2024,나나837889,to_in_007,5
2024,나나837889,to_in_008,0
2024,나나837890,to_in_001,8
2024,나나837890,to_in_007,5
2024,나나837890,to_in_008,5
2024,나나837893,to_in_001,8
2024,나나837893,to_in_007,5
2024,나나837893,to_in_008,5
2024,나나841912,to_in_001,13
2024,나나841912,to_in_007,8
2024,나나841912,to_in_008,8
2024,나나841913,to_in_001,0
2024,나나841913,to_in_007,0
2024,나나841913,to_in_008,0
2024,나나842694,to_in_001,0
2024,나나842694,to_in_007,0
2024,나나842694,to_in_008,0
2024,나나842696,to_in_001,8
2024,나나842696,to_in_007,5
2024,나나842696,to_in_008,5
2024,나나842697,to_in_001,13
2024,나나842697,to_in_007,8
2024,나나842697,to_in_008,5
2024,나나842698,to_in_001,5
2024,나나842698,to_in_007,0
2024,나나842698,to_in_008,0
2024,나나842699,to_in_001,5
2024,나나842699,to_in_007,5
2024,나나842699,to_in_008,5
2024,나나842700,to_in_001,23
2024,나나842700,to_in_007,13
2024,나나842700,to_in_008,13
2024,나나842701,to_in_001,38
2024,나나842701,to_in_007,23
2024,나나842701,to_in_008,18
2024,나나842703,to_in_001,8
2024,나나842703,to_in_007,5
2024,나나842703,to_in_008,5
2024,나나842704,to_in_001,13
2024,나나842704,to_in_007,8
2024,나나842704,to_in_008,8
2024,나나842705,to_in_001,215
2024,나나842705,to_in_007,103
2024,나나842705,to_in_008,110
2024,나나842706,to_in_001,23
2024,나나842706,to_in_007,13
2024,나나842706,to_in_008,13
2024,나나842707,to_in_001,120
2024,나나842707,to_in_007,54
2024,나나842707,to_in_008,64
2024,나나842708,to_in_001,54
2024,나나842708,to_in_007,23
2024,나나842708,to_in_008,29
2024,나나842709,to_in_001,48
2024,나나842709,to_in_007,23
2024,나나842709,to_in_008,28
2024,나나842710,to_in_001,28
2024,나나842710,to_in_007,13
2024,나나842710,to_in_008,13
2024,나나842711,to_in_001,23
2024,나나842711,to_in_007,13
2024,나나842711,to_in_008,8
2024,나나842712,to_in_001,18
2024,나나842712,to_in_007,8
2024,나나842712,to_in_008,8
2024,나나842713,to_in_001,18
2024,나나842713,to_in_007,8
2024,나나842713,to_in_008,8
2024,나나842715,to_in_001,5
2024,나나842715,to_in_007,0
2024,나나842715,to_in_008,0
2024,나나842753,to_in_001,5
2024,나나842753,to_in_007,5
2024,나나842753,to_in_008,5
2024,나나842754,to_in_001,5
2024,나나842754,to_in_007,0
2024,나나842754,to_in_008,0
2024,나나842755,to_in_001,13
2024,나나842755,to_in_007,8
2024,나나842755,to_in_008,8
2024,나나842756,to_in_001,8
2024,나나842756,to_in_007,5
2024,나나842756,to_in_008,5
2024,나나842761,to_in_001,0
2024,나나842761,to_in_007,0
2024,나나842761,to_in_008,0
2024,나나842786,to_in_001,5
2024,나나842786,to_in_007,0
2024,나나842786,to_in_008,5
2024,나나842788,to_in_001,5
2024,나나842788,to_in_007,5
2024,나나842788,to_in_008,5
2024,나나842797,to_in_001,8
2024,나나842797,to_in_007,5
2024,나나842797,to_in_008,5
2024,나나842798,to_in_001,5
2024,나나842798,to_in_007,0
2024,나나842798,to_in_008,5
2024,나나842801,to_in_001,5
2024,나나842801,to_in_007,5
2024,나나842801,to_in_008,5
2024,나나842802,to_in_001,8
2024,나나842802,to_in_007,5
2024,나나842802,to_in_008,5
2024,나나842803,to_in_001,8
2024,나나842803,to_in_007,8
2024,나나842803,to_in_008,5
2024,나나842805,to_in_001,5
2024,나나842805,to_in_007,5
2024,나나842805,to_in_008,0
2024,나나842812,to_in_001,8
2024,나나842812,to_in_007,5
2024,나나842812,to_in_008,8
2024,나나842821,to_in_001,5
2024,나나842821,to_in_007,0
2024,나나842821,to_in_008,0
2024,나나842822,to_in_001,0
2024,나나842822,to_in_007,0
2024,나나842822,to_in_008,0
2024,나나842826,to_in_001,5
2024,나나842826,to_in_007,5
2024,나나842826,to_in_008,0
2024,나나842827,to_in_001,8
2024,나나842827,to_in_007,5
2024,나나842827,to_in_008,5
2024,나나831718,to_in_007,8
2024,나나831718,to_in_008,5
2024,나나831753,to_in_001,5
2024,나나831753,to_in_007,5
2024,나나831753,to_in_008,0
2024,나나831756,to_in_001,0
2024,나나831756,to_in_007,0
2024,나나831756,to_in_008,0
2024,나나831758,to_in_001,0
2024,나나831758,to_in_007,0
2024,나나831758,to_in_008,0
2024,나나831766,to_in_001,5
2024,나나831766,to_in_007,0
2024,나나831766,to_in_008,5
2024,나나831768,to_in_001,5
2024,나나831768,to_in_007,5
2024,나나831768,to_in_008,0
2024,나나831769,to_in_001,13
2024,나나831769,to_in_007,5
2024,나나831769,to_in_008,8
2024,나나831770,to_in_001,13
2024,나나831770,to_in_007,8
2024,나나831770,to_in_008,8
2024,나나831771,to_in_001,5
2024,나나831771,to_in_007,0
2024,나나831771,to_in_008,5
2024,나나831783,to_in_001,8
2024,나나831783,to_in_007,5
2024,나나831783,to_in_008,5
2024,나나831790,to_in_001,5
2024,나나831790,to_in_007,5
2024,나나831790,to_in_008,5
2024,나나831791,to_in_001,13
2024,나나831791,to_in_007,8
2024,나나831791,to_in_008,8
2024,나나831792,to_in_001,13
2024,나나831792,to_in_007,5
2024,나나831792,to_in_008,8
2024,나나831806,to_in_001,8
2024,나나831806,to_in_007,5
2024,나나831806,to_in_008,5
2024,나나831807,to_in_001,8
2024,나나831807,to_in_007,5
2024,나나831807,to_in_008,5
2024,나나831808,to_in_001,8
2024,나나831808,to_in_007,5
2024,나나831808,to_in_008,5
2024,나나831810,to_in_001,8
2024,나나831810,to_in_007,5
2024,나나831810,to_in_008,5
2024,나나831811,to_in_001,5
2024,나나831811,to_in_007,0
2024,나나831811,to_in_008,5
2024,나나831813,to_in_001,5
2024,나나831813,to_in_007,0
2024,나나831813,to_in_008,5
2024,나나831816,to_in_001,8
2024,나나831816,to_in_007,8
2024,나나831816,to_in_008,5
2024,나나835896,to_in_001,8
2024,나나835896,to_in_007,5
2024,나나835896,to_in_008,5
2024,나나835899,to_in_001,5
2024,나나835899,to_in_007,5
2024,나나835899,to_in_008,5
2024,나나835900,to_in_001,5
2024,나나835900,to_in_007,0
2024,나나835900,to_in_008,5
2024,나나835902,to_in_001,0
2024,나나835902,to_in_007,0
2024,나나835902,to_in_008,0
2024,나나836701,to_in_001,23
2024,나나836701,to_in_007,18
2024,나나836701,to_in_008,8
2024,나나836702,to_in_001,18
2024,나나836702,to_in_007,8
2024,나나836702,to_in_008,8
2024,나나836703,to_in_001,83
2024,나나836703,to_in_007,39
2024,나나836703,to_in_008,42
2024,나나836704,to_in_001,48
2024,나나836704,to_in_007,23
2024,나나836704,to_in_008,23
2024,나나836705,to_in_001,79
2024,나나836705,to_in_007,45
2024,나나836705,to_in_008,32
2024,나나836706,to_in_001,23
2024,나나836706,to_in_007,8
2024,나나836706,to_in_008,13
2024,나나836707,to_in_001,79
2024,나나836707,to_in_007,31
2024,나나836707,to_in_008,46
2024,나나836708,to_in_001,49
2024,나나836708,to_in_007,24
2024,나나836708,to_in_008,23
2024,나나836709,to_in_001,48
2024,나나836709,to_in_007,28
2024,나나836709,to_in_008,23
2024,나나836710,to_in_001,43
2024,나나836710,to_in_007,23
2024,나나836710,to_in_008,23
2024,나나836711,to_in_001,77
2024,나나836711,to_in_007,39
2024,나나836711,to_in_008,36
2024,나나836713,to_in_001,100
2024,나나836713,to_in_007,46
2024,나나836713,to_in_008,52
2024,나나836714,to_in_001,215
2024,나나836714,to_in_007,93
2024,나나836714,to_in_008,120
2024,나나836716,to_in_001,8
2024,나나836716,to_in_007,0
2024,나나836716,to_in_008,8
2024,나나836717,to_in_001,8
2024,나나836717,to_in_007,5
2024,나나836717,to_in_008,8
2024,나나836750,to_in_001,0
2024,나나836750,to_in_007,0
2024,나나836750,to_in_008,0
2024,나나836783,to_in_001,5
2024,나나836783,to_in_007,5
2024,나나836783,to_in_008,0
2024,나나836799,to_in_001,8
2024,나나836799,to_in_007,5
2024,나나836799,to_in_008,5
2024,나나836801,to_in_001,0
2024,나나836801,to_in_007,0
2024,나나836801,to_in_008,0
2024,나나836805,to_in_001,5
2024,나나836805,to_in_007,5
2024,나나836805,to_in_008,0
2024,나나836809,to_in_001,8
2024,나나836809,to_in_007,5
2024,나나836809,to_in_008,5
2024,나나836810,to_in_001,13
2024,나나836810,to_in_007,5
2024,나나836810,to_in_008,8
2024,나나836811,to_in_001,8
2024,나나836811,to_in_007,5
2024,나나836811,to_in_008,5
2024,나나836812,to_in_001,5
2024,나나836812,to_in_007,0
2024,나나836812,to_in_008,5
2024,나나836813,to_in_001,5
2024,나나836813,to_in_007,5
2024,나나836813,to_in_008,0
2024,나나836816,to_in_001,8
2024,나나836816,to_in_007,8
2024,나나836816,to_in_008,5
2024,나나836818,to_in_001,0
2024,나나836818,to_in_007,0
2024,나나836818,to_in_008,0
2024,나나836824,to_in_001,5
2024,나나836824,to_in_007,5
2024,나나836824,to_in_008,0
2024,나나840881,to_in_001,5
2024,나나840881,to_in_007,0
2024,나나840881,to_in_008,0
2024,나나840883,to_in_001,5
2024,나나840883,to_in_007,5
2024,나나840883,to_in_008,5
2024,나나840885,to_in_001,5
2024,나나840885,to_in_007,5
2024,나나840885,to_in_008,0
2024,나나840886,to_in_001,5
2024,나나840886,to_in_007,5
2024,나나840886,to_in_008,0
2024,나나840890,to_in_001,8
2024,나나840890,to_in_007,5
2024,나나840890,to_in_008,5
2024,나나840891,to_in_001,0
2024,나나840891,to_in_007,0
2024,나나840891,to_in_008,0
2024,나나840895,to_in_001,8
2024,나나840895,to_in_007,8
2024,나나840895,to_in_008,5
2024,나나840897,to_in_001,0
2024,나나840897,to_in_007,0
2024,나나840897,to_in_008,0
2024,나나840899,to_in_001,8
2024,나나840899,to_in_007,5
2024,나나840899,to_in_008,8
2024,나나840902,to_in_001,5
2024,나나840902,to_in_007,5
2024,나나840902,to_in_008,5
2024,나나840903,to_in_001,8
2024,나나840903,to_in_007,5
2024,나나840903,to_in_008,5
2024,나나840904,to_in_001,75
2024,나나840904,to_in_007,40
2024,나나840904,to_in_008,38
2024,나나840905,to_in_001,141
2024,나나840905,to_in_007,64
2024,나나840905,to_in_008,75
2024,나나840906,to_in_001,8
2024,나나840906,to_in_007,5
2024,나나840906,to_in_008,5
2024,나나840907,to_in_001,38
2024,나나840907,to_in_007,23
2024,나나840907,to_in_008,13
2024,나나840908,to_in_001,43
2024,나나840908,to_in_007,23
2024,나나840908,to_in_008,23
2024,나나840909,to_in_001,54
2024,나나840909,to_in_007,34
2024,나나840909,to_in_008,18
2024,나나840910,to_in_001,38
2024,나나840910,to_in_007,23
2024,나나840910,to_in_008,18
2024,나나840911,to_in_001,23
2024,나나840911,to_in_007,13
2024,나나840911,to_in_008,13
2024,나나840912,to_in_001,8
2024,나나840912,to_in_007,8
2024,나나840912,to_in_008,5
2024,나나840913,to_in_001,5
2024,나나840913,to_in_007,5
2024,나나840913,to_in_008,0
2024,나나841696,to_in_001,28
2024,나나841696,to_in_007,18
2024,나나841696,to_in_008,8
2024,나나841698,to_in_001,33
2024,나나841698,to_in_007,13
2024,나나841698,to_in_008,18
2024,나나841699,to_in_001,59
2024,나나841699,to_in_007,34
2024,나나841699,to_in_008,28
2024,나나841701,to_in_001,81
2024,나나841701,to_in_007,40
2024,나나841701,to_in_008,44
2024,나나841702,to_in_001,77
2024,나나841702,to_in_007,41
2024,나나841702,to_in_008,34
2024,나나841703,to_in_001,43
2024,나나841703,to_in_007,23
2024,나나841703,to_in_008,23
2024,나나841704,to_in_001,49
2024,나나841704,to_in_007,29
2024,나나841704,to_in_008,18
2024,나나841705,to_in_001,132
2024,나나841705,to_in_007,69
2024,나나841705,to_in_008,61
2024,나나841706,to_in_001,82
2024,나나841706,to_in_007,36
2024,나나841706,to_in_008,44
2024,나나841707,to_in_001,38
2024,나나841707,to_in_007,13
2024,나나841707,to_in_008,23
2024,나나841708,to_in_001,177
2024,나나841708,to_in_007,88
2024,나나841708,to_in_008,92
2024,나나841709,to_in_001,151
2024,나나841709,to_in_007,75
2024,나나841709,to_in_008,79
2024,나나841710,to_in_001,53
2024,나나841710,to_in_007,23
2024,나나841710,to_in_008,28
2024,나나841711,to_in_001,23
2024,나나841711,to_in_007,18
2024,나나841711,to_in_008,8
2024,나나841712,to_in_001,8
2024,나나841712,to_in_007,8
2024,나나841712,to_in_008,5
2024,나나841713,to_in_001,62
2024,나나841713,to_in_007,37
2024,나나841713,to_in_008,28
2024,나나841714,to_in_001,8
2024,나나841714,to_in_007,5
2024,나나841714,to_in_008,5
2024,나나841715,to_in_001,13
2024,나나841715,to_in_007,8
2024,나나841715,to_in_008,8
2024,나나841716,to_in_001,5
2024,나나841716,to_in_007,5
2024,나나841716,to_in_008,0
2024,나나841751,to_in_001,0
2024,나나841751,to_in_007,0
2024,나나841751,to_in_008,0
2024,나나841752,to_in_001,13
2024,나나841752,to_in_007,8
2024,나나841752,to_in_008,8
2024,나나841753,to_in_001,18
2024,나나841753,to_in_007,8
2024,나나841753,to_in_008,8
2024,나나844805,to_in_001,8
2024,나나844805,to_in_007,5
2024,나나844805,to_in_008,5
2024,나나844806,to_in_001,8
2024,나나844806,to_in_007,5
2024,나나844806,to_in_008,5
2024,나나844824,to_in_001,5
2024,나나844824,to_in_007,5
2024,나나844824,to_in_008,5
2024,나나844799,to_in_008,5
2024,나나844800,to_in_001,5
2024,나나844800,to_in_007,5
2024,나나844800,to_in_008,5
2024,나나844802,to_in_001,0
2024,나나844802,to_in_007,0
2024,나나844802,to_in_008,0
2024,나나844804,to_in_001,8
2024,나나844804,to_in_007,8
2024,나나844804,to_in_008,5
2024,나나846914,to_in_001,5
2024,나나846914,to_in_007,0
2024,나나846914,to_in_008,0
2024,나나846915,to_in_001,96
2024,나나846915,to_in_007,48
2024,나나846915,to_in_008,46
2024,나나846916,to_in_001,13
2024,나나846916,to_in_007,8
2024,나나846916,to_in_008,8
2024,나나846917,to_in_001,38
2024,나나846917,to_in_007,23
2024,나나846917,to_in_008,13
2024,나나846918,to_in_001,53
2024,나나846918,to_in_007,43
2024,나나846918,to_in_008,8
2024,나나846919,to_in_001,65
2024,나나846919,to_in_007,45
2024,나나846919,to_in_008,18
2024,나나846920,to_in_001,5
2024,나나846920,to_in_007,5
2024,나나846920,to_in_008,0
2024,나나847693,to_in_001,0
2024,나나847693,to_in_007,0
2024,나나847693,to_in_008,0
2024,나나847708,to_in_001,13
2024,나나847708,to_in_007,5
2024,나나847708,to_in_008,8
2024,나나847709,to_in_001,23
2024,나나847709,to_in_007,13
2024,나나847709,to_in_008,8
2024,나나847710,to_in_001,28
2024,나나847710,to_in_007,18
2024,나나847710,to_in_008,13
2024,나나847711,to_in_001,23
2024,나나847711,to_in_007,13
2024,나나847711,to_in_008,13
2024,나나847719,to_in_001,0
2024,나나847719,to_in_007,0
2024,나나847719,to_in_008,0
2024,나나847745,to_in_001,8
2024,나나847745,to_in_007,8
2024,나나847745,to_in_008,0
2024,나나847748,to_in_001,5
2024,나나847748,to_in_007,5
2024,나나847748,to_in_008,0
2024,나나847756,to_in_001,0
2024,나나847756,to_in_007,0
2024,나나847756,to_in_008,0
2024,나나847757,to_in_001,18
2024,나나847757,to_in_007,8
2024,나나847757,to_in_008,13
2024,나나847758,to_in_001,8
2024,나나847758,to_in_007,5
2024,나나847758,to_in_008,5
2024,나나847759,to_in_001,13
2024,나나847759,to_in_007,8
2024,나나847759,to_in_008,8
2024,나나847798,to_in_001,5
2024,나나847798,to_in_007,5
2024,나나847798,to_in_008,0
2024,나나847799,to_in_001,5
2024,나나847799,to_in_007,0
2024,나나847799,to_in_008,5
2024,나나847800,to_in_001,5
2024,나나847800,to_in_007,5
2024,나나847800,to_in_008,0
2024,나나847804,to_in_001,8
2024,나나847804,to_in_007,5
2024,나나847804,to_in_008,5
2024,나나847806,to_in_001,18
2024,나나847806,to_in_007,8
2024,나나847806,to_in_008,8
2024,나나847807,to_in_001,5
2024,나나847807,to_in_007,0
2024,나나847807,to_in_008,0
2024,나나847811,to_in_001,18
2024,나나847811,to_in_007,8
2024,나나847811,to_in_008,8
2024,나나847812,to_in_001,8
2024,나나847812,to_in_007,5
2024,나나847812,to_in_008,5
2024,나나847817,to_in_001,5
2024,나나847817,to_in_007,0
2024,나나847817,to_in_008,5
2024,나나847818,to_in_001,88
2024,나나847818,to_in_007,35
2024,나나847818,to_in_008,51
2024,나나847819,to_in_001,34
2024,나나847819,to_in_007,13
2024,나나847819,to_in_008,19
2024,나나847820,to_in_001,8
2024,나나847820,to_in_007,8
2024,나나847820,to_in_008,5
2024,나나847832,to_in_001,5
2024,나나847832,to_in_007,0
2024,나나847832,to_in_008,0
2024,나나847833,to_in_001,5
2024,나나847833,to_in_007,0
2024,나나847833,to_in_008,0
2024,나나847845,to_in_001,5
2024,나나847845,to_in_007,5
2024,나나847845,to_in_008,0
2024,나나847846,to_in_001,5
2024,나나847846,to_in_007,5
2024,나나847846,to_in_008,0
2024,나나847848,to_in_001,5
2024,나나847848,to_in_007,0
2024,나나847848,to_in_008,5
2024,나나847850,to_in_001,8
2024,나나847850,to_in_007,8
2024,나나847850,to_in_008,5
2024,나나847853,to_in_001,0
2024,나나847853,to_in_007,0
2024,나나847853,to_in_008,0
2024,나나847854,to_in_001,5
2024,나나847854,to_in_007,0
2024,나나847854,to_in_008,0
2024,나나847855,to_in_001,5
2024,나나847855,to_in_007,0
2024,나나847855,to_in_008,0
2024,나나847856,to_in_001,0
2024,나나847856,to_in_007,0
2024,나나847856,to_in_008,0
2024,나나847859,to_in_001,0
2024,나나847859,to_in_007,0
2024,나나847859,to_in_008,0
2024,나나847862,to_in_001,8
2024,나나847862,to_in_007,5
2024,나나847862,to_in_008,5
2024,나나847875,to_in_001,28
2024,나나847875,to_in_007,18
2024,나나847875,to_in_008,8
2024,나나847876,to_in_001,8
2024,나나847876,to_in_007,5
2024,나나847876,to_in_008,8
2024,나나847877,to_in_001,5
2024,나나847877,to_in_007,0
2024,나나847877,to_in_008,0
2024,나나847885,to_in_001,5
2024,나나847885,to_in_007,0
2024,나나847885,to_in_008,5
2024,나나848895,to_in_001,8
2024,나나848895,to_in_007,5
2024,나나848895,to_in_008,5
2024,나나848896,to_in_001,5
2024,나나848896,to_in_007,5
2024,나나848896,to_in_008,0
2024,나나848898,to_in_001,8
2024,나나848898,to_in_007,5
2024,나나848898,to_in_008,8
2024,나나848900,to_in_001,5
2024,나나848900,to_in_007,0
2024,나나848900,to_in_008,0
2024,나나848901,to_in_001,8
2024,나나848901,to_in_007,5
2024,나나848901,to_in_008,5
2024,나나848907,to_in_001,5
2024,나나848907,to_in_007,5
2024,나나848907,to_in_008,0
2024,나나848908,to_in_001,8
2024,나나848908,to_in_007,8
2024,나나848908,to_in_008,0
2024,나나848910,to_in_001,8
2024,나나848910,to_in_007,5
2024,나나848910,to_in_008,5
2024,나나848911,to_in_001,8
2024,나나848911,to_in_007,8
2024,나나848911,to_in_008,0
2024,나나848912,to_in_001,5
2024,나나848912,to_in_007,5
2024,나나848912,to_in_008,5
2024,나나848913,to_in_001,13
2024,나나848913,to_in_007,8
2024,나나848913,to_in_008,5
2024,나나848914,to_in_001,5
2024,나나848914,to_in_007,5
2024,나나848914,to_in_008,0
2024,나나848915,to_in_001,168
2024,나나848915,to_in_007,89
2024,나나848915,to_in_008,77
2024,나나848916,to_in_001,5
2024,나나848916,to_in_007,5
2024,나나848916,to_in_008,5
2024,나나848917,to_in_001,8
2024,나나848917,to_in_007,5
2024,나나848917,to_in_008,8
2024,나나848918,to_in_001,54
2024,나나848918,to_in_007,33
2024,나나848918,to_in_008,24
2024,나나848919,to_in_001,43
2024,나나848919,to_in_007,23
2024,나나848919,to_in_008,18
2024,나나848920,to_in_001,119
2024,나나848920,to_in_007,78
2024,나나848920,to_in_008,39
2024,나나848921,to_in_001,117
2024,나나848921,to_in_007,91
2024,나나848921,to_in_008,24
2024,나나848922,to_in_001,18
2024,나나848922,to_in_007,13
2024,나나848922,to_in_008,5
2024,나나849588,to_in_001,8
2024,나나849588,to_in_007,5
2024,나나849588,to_in_008,5
2024,나나849589,to_in_001,8
2024,나나849589,to_in_007,5
2024,나나849589,to_in_008,5
2024,나나849590,to_in_001,0
2024,나나849590,to_in_007,0
2024,나나849590,to_in_008,0
2024,나나849591,to_in_001,8
2024,나나849591,to_in_007,5
2024,나나849591,to_in_008,8
2024,나나849592,to_in_001,23
2024,나나849592,to_in_007,8
2024,나나849592,to_in_008,13
2024,나나849593,to_in_001,5
2024,나나849593,to_in_007,5
2024,나나849593,to_in_008,0
2024,나나849594,to_in_001,13
2024,나나849594,to_in_007,8
2024,나나849594,to_in_008,8
2024,나나849698,to_in_001,8
2024,나나849698,to_in_007,5
2024,나나849698,to_in_008,5
2024,나나849706,to_in_001,5
2024,나나849706,to_in_007,5
2024,나나849706,to_in_008,0
2024,나나849707,to_in_001,13
2024,나나849707,to_in_007,5
2024,나나849707,to_in_008,8
2024,나나849708,to_in_001,5
2024,나나849708,to_in_007,5
2024,나나849708,to_in_008,0
2024,나나849709,to_in_001,23
2024,나나849709,to_in_007,13
2024,나나849709,to_in_008,13
2024,나나849710,to_in_001,18
2024,나나849710,to_in_007,8
2024,나나849710,to_in_008,8
2024,나나849711,to_in_001,28
2024,나나849711,to_in_007,18
2024,나나849711,to_in_008,13
2024,나나849712,to_in_001,23
2024,나나849712,to_in_007,13
2024,나나849712,to_in_008,8
2024,나나849713,to_in_001,13
2024,나나849713,to_in_007,8
2024,나나849713,to_in_008,8
2024,나나849714,to_in_001,5
2024,나나849714,to_in_007,0
2024,나나849714,to_in_008,5
2024,나나849715,to_in_001,5
2024,나나849715,to_in_007,0
2024,나나849715,to_in_008,0
2024,나나836882,to_in_007,0
2024,나나836882,to_in_008,5
2024,나나836885,to_in_001,13
2024,나나836885,to_in_007,8
2024,나나836885,to_in_008,8
2024,나나836888,to_in_001,8
2024,나나836888,to_in_007,5
2024,나나836888,to_in_008,5
2024,나나836890,to_in_001,5
2024,나나836890,to_in_007,5
2024,나나836890,to_in_008,0
2024,나나836891,to_in_001,5
2024,나나836891,to_in_007,5
2024,나나836891,to_in_008,5
2024,나나836892,to_in_001,0
2024,나나836892,to_in_007,0
2024,나나836892,to_in_008,0
2024,나나836899,to_in_001,8
2024,나나836899,to_in_007,5
2024,나나836899,to_in_008,5
2024,나나836900,to_in_001,8
2024,나나836900,to_in_007,5
2024,나나836900,to_in_008,8
2024,나나836904,to_in_001,5
2024,나나836904,to_in_007,0
2024,나나836904,to_in_008,5
2024,나나837701,to_in_001,8
2024,나나837701,to_in_007,5
2024,나나837701,to_in_008,8
2024,나나837702,to_in_001,18
2024,나나837702,to_in_007,8
2024,나나837702,to_in_008,8
2024,나나837703,to_in_001,13
2024,나나837703,to_in_007,8
2024,나나837703,to_in_008,5
2024,나나837704,to_in_001,8
2024,나나837704,to_in_007,5
2024,나나837704,to_in_008,5
2024,나나837705,to_in_001,58
2024,나나837705,to_in_007,28
2024,나나837705,to_in_008,28
2024,나나837706,to_in_001,35
2024,나나837706,to_in_007,13
2024,나나837706,to_in_008,20
2024,나나837707,to_in_001,48
2024,나나837707,to_in_007,23
2024,나나837707,to_in_008,23
2024,나나837708,to_in_001,38
2024,나나837708,to_in_007,18
2024,나나837708,to_in_008,18
2024,나나837709,to_in_001,60
2024,나나837709,to_in_007,35
2024,나나837709,to_in_008,23
2024,나나837710,to_in_001,74
2024,나나837710,to_in_007,39
2024,나나837710,to_in_008,33
2024,나나837711,to_in_001,33
2024,나나837711,to_in_007,18
2024,나나837711,to_in_008,13
2024,나나837712,to_in_001,13
2024,나나837712,to_in_007,8
2024,나나837712,to_in_008,8
2024,나나841755,to_in_001,5
2024,나나841755,to_in_007,0
2024,나나841755,to_in_008,0
2024,나나841756,to_in_001,5
2024,나나841756,to_in_007,5
2024,나나841756,to_in_008,0
2024,나나841757,to_in_001,5
2024,나나841757,to_in_007,0
2024,나나841757,to_in_008,5
2024,나나841766,to_in_001,5
2024,나나841766,to_in_007,0
2024,나나841766,to_in_008,0
2024,나나841785,to_in_001,0
2024,나나841785,to_in_007,0
2024,나나841785,to_in_008,0
2024,나나841786,to_in_001,5
2024,나나841786,to_in_007,0
2024,나나841786,to_in_008,0
2024,나나841797,to_in_001,8
2024,나나841797,to_in_007,5
2024,나나841797,to_in_008,5
2024,나나841799,to_in_001,5
2024,나나841799,to_in_007,0
2024,나나841799,to_in_008,0
2024,나나841800,to_in_001,5
2024,나나841800,to_in_007,5
2024,나나841800,to_in_008,5
2024,나나841801,to_in_001,5
2024,나나841801,to_in_007,5
2024,나나841801,to_in_008,5
2024,나나841803,to_in_001,8
2024,나나841803,to_in_007,0
2024,나나841803,to_in_008,8
2024,나나841809,to_in_001,5
2024,나나841809,to_in_007,0
2024,나나841809,to_in_008,0
2024,나나841822,to_in_001,5
2024,나나841822,to_in_007,0
2024,나나841822,to_in_008,0
2024,나나841823,to_in_001,5
2024,나나841823,to_in_007,5
2024,나나841823,to_in_008,5
2024,나나841824,to_in_001,0
2024,나나841824,to_in_007,0
2024,나나841824,to_in_008,0
2024,나나841826,to_in_001,8
2024,나나841826,to_in_007,0
2024,나나841826,to_in_008,5
2024,나나841827,to_in_001,23
2024,나나841827,to_in_007,8
2024,나나841827,to_in_008,18
2024,나나841828,to_in_001,8
2024,나나841828,to_in_007,8
2024,나나841828,to_in_008,5
2024,나나841829,to_in_001,5
2024,나나841829,to_in_007,5
2024,나나841829,to_in_008,5
2024,나나841831,to_in_001,5
2024,나나841831,to_in_007,0
2024,나나841831,to_in_008,5
2024,나나841832,to_in_001,5
2024,나나841832,to_in_007,5
2024,나나841832,to_in_008,5
2024,나나841833,to_in_001,8
2024,나나841833,to_in_007,5
2024,나나841833,to_in_008,5
2024,나나841835,to_in_001,18
2024,나나841835,to_in_007,8
2024,나나841835,to_in_008,8
2024,나나841836,to_in_001,5
2024,나나841836,to_in_007,5
2024,나나841836,to_in_008,5
2024,나나841840,to_in_001,5
2024,나나841840,to_in_007,0
2024,나나841840,to_in_008,0
2024,나나841841,to_in_001,8
2024,나나841841,to_in_007,8
2024,나나841841,to_in_008,5
2024,나나841842,to_in_001,13
2024,나나841842,to_in_007,8
2024,나나841842,to_in_008,8
2024,나나841843,to_in_001,0
2024,나나841843,to_in_007,0
2024,나나841843,to_in_008,0
2024,나나841847,to_in_001,5
2024,나나841847,to_in_007,0
2024,나나841847,to_in_008,0
2024,나나841848,to_in_001,13
2024,나나841848,to_in_007,5
2024,나나841848,to_in_008,8
2024,나나841849,to_in_001,8
2024,나나841849,to_in_007,5
2024,나나841849,to_in_008,5
2024,나나841850,to_in_001,5
2024,나나841850,to_in_007,5
2024,나나841850,to_in_008,0
2024,나나841851,to_in_001,5
2024,나나841851,to_in_007,0
2024,나나841851,to_in_008,5
2024,나나841859,to_in_001,5
2024,나나841859,to_in_007,5
2024,나나841859,to_in_008,0
2024,나나841860,to_in_001,5
2024,나나841860,to_in_007,0
2024,나나841860,to_in_008,0
2024,나나841878,to_in_001,18
2024,나나841878,to_in_007,8
2024,나나841878,to_in_008,8
2024,나나841879,to_in_001,5
2024,나나841879,to_in_007,5
2024,나나841879,to_in_008,0
2024,나나841880,to_in_001,13
2024,나나841880,to_in_007,8
2024,나나841880,to_in_008,8
2024,나나841882,to_in_001,8
2024,나나841882,to_in_007,5
2024,나나841882,to_in_008,5
2024,나나841889,to_in_001,0
2024,나나841889,to_in_007,0
2024,나나841889,to_in_008,0
2024,나나841890,to_in_001,18
2024,나나841890,to_in_007,8
2024,나나841890,to_in_008,8
2024,나나841896,to_in_001,5
2024,나나841896,to_in_007,0
2024,나나841896,to_in_008,0
2024,나나841899,to_in_001,5
2024,나나841899,to_in_007,5
2024,나나841899,to_in_008,5
2024,나나841902,to_in_001,18
2024,나나841902,to_in_007,8
2024,나나841902,to_in_008,8
2024,나나841903,to_in_001,5
2024,나나841903,to_in_007,5
2024,나나841903,to_in_008,0
2024,나나841905,to_in_001,5
2024,나나841905,to_in_007,0
2024,나나841905,to_in_008,0
2024,나나841907,to_in_001,8
2024,나나841907,to_in_007,5
2024,나나841907,to_in_008,5
2024,나나841908,to_in_001,28
2024,나나841908,to_in_007,13
2024,나나841908,to_in_008,13
2024,나나841909,to_in_001,28
2024,나나841909,to_in_007,18
2024,나나841909,to_in_008,13
2024,나나841910,to_in_001,28
2024,나나841910,to_in_007,13
2024,나나841910,to_in_008,13
2024,나나841911,to_in_001,44
2024,나나841911,to_in_007,24
2024,나나841911,to_in_008,23
2024,나나846698,to_in_001,8
2024,나나846698,to_in_007,5
2024,나나846698,to_in_008,5
2024,나나846707,to_in_001,5
2024,나나846707,to_in_007,5
2024,나나846707,to_in_008,0
2024,나나846708,to_in_001,53
2024,나나846708,to_in_007,23
2024,나나846708,to_in_008,28
2024,나나846709,to_in_001,28
2024,나나846709,to_in_007,18
2024,나나846709,to_in_008,13
2024,나나846710,to_in_001,29
2024,나나846710,to_in_007,13
2024,나나846710,to_in_008,19
2024,나나846711,to_in_001,33
2024,나나846711,to_in_007,13
2024,나나846711,to_in_008,18
2024,나나846712,to_in_001,8
2024,나나846712,to_in_007,5
2024,나나846712,to_in_008,5
2024,나나846713,to_in_001,5
2024,나나846713,to_in_007,5
2024,나나846713,to_in_008,5
2024,나나846719,to_in_001,13
2024,나나846719,to_in_007,8
2024,나나846719,to_in_008,5
2024,나나846720,to_in_001,5
2024,나나846720,to_in_007,0
2024,나나846720,to_in_008,0
2024,나나846748,to_in_001,5
2024,나나846748,to_in_007,0
2024,나나846748,to_in_008,0
2024,나나846753,to_in_001,8
2024,나나846753,to_in_007,8
2024,나나846753,to_in_008,5
2024,나나846754,to_in_001,23
2024,나나846754,to_in_007,13
2024,나나846754,to_in_008,13
2024,나나846755,to_in_001,8
2024,나나846755,to_in_007,5
2024,나나846755,to_in_008,5
2024,나나846758,to_in_001,8
2024,나나846758,to_in_007,5
2024,나나846758,to_in_008,5
2024,나나846759,to_in_001,8
2024,나나846759,to_in_007,5
2024,나나846759,to_in_008,8
2024,나나846798,to_in_001,8
2024,나나846798,to_in_007,8
2024,나나846798,to_in_008,5
2024,나나846799,to_in_001,0
2024,나나846799,to_in_007,0
2024,나나846799,to_in_008,0
2024,나나846804,to_in_001,13
2024,나나846804,to_in_007,8
2024,나나846804,to_in_008,8
2024,나나846805,to_in_001,8
2024,나나846805,to_in_007,5
2024,나나846805,to_in_008,5
2024,나나846806,to_in_001,8
2024,나나846806,to_in_007,5
2024,나나846806,to_in_008,8
2024,나나846807,to_in_001,5
2024,나나846807,to_in_007,5
2024,나나846807,to_in_008,5
2024,나나846808,to_in_001,8
2024,나나846808,to_in_007,0
2024,나나846808,to_in_008,8
2024,나나846810,to_in_001,23
2024,나나846810,to_in_007,13
2024,나나846810,to_in_008,13
2024,나나846811,to_in_001,8
2024,나나846811,to_in_007,5
2024,나나846811,to_in_008,8
2024,나나846818,to_in_001,18
2024,나나846818,to_in_007,8
2024,나나846818,to_in_008,8
2024,나나849734,to_in_001,0
2024,나나849734,to_in_007,0
2024,나나849734,to_in_008,0
2024,나나849747,to_in_001,0
2024,나나849747,to_in_007,0
2024,나나849747,to_in_008,0
2024,나나849810,to_in_001,5
2024,나나849810,to_in_007,0
2024,나나849810,to_in_008,0
2024,나나849817,to_in_001,5
2024,나나849817,to_in_007,5
2024,나나849817,to_in_008,0
2024,나나849820,to_in_001,8
2024,나나849820,to_in_007,8
2024,나나849820,to_in_008,8
2024,나나849833,to_in_001,8
2024,나나849833,to_in_007,8
2024,나나849833,to_in_008,0
2024,나나850937,to_in_001,5
2024,나나850937,to_in_007,0
2024,나나850937,to_in_008,0
2024,나나850938,to_in_001,0
2024,나나850938,to_in_007,0
2024,나나850938,to_in_008,0
2024,나나850941,to_in_001,5
2024,나나850941,to_in_007,0
2024,나나850941,to_in_008,5
2024,나나851590,to_in_001,5
2024,나나851590,to_in_007,5
2024,나나851590,to_in_008,0
2024,나나851652,to_in_001,8
2024,나나851652,to_in_007,5
2024,나나851652,to_in_008,5
2024,나나851653,to_in_001,5
2024,나나851653,to_in_007,0
2024,나나851653,to_in_008,5
2024,나나851709,to_in_001,8
2024,나나851709,to_in_007,8
2024,나나851709,to_in_008,5
2024,나나851710,to_in_001,8
2024,나나851710,to_in_007,5
2024,나나851710,to_in_008,8
2024,나나851711,to_in_001,8
2024,나나851711,to_in_007,8
2024,나나851711,to_in_008,5
2024,나나851712,to_in_001,18
2024,나나851712,to_in_007,13
2024,나나851712,to_in_008,8
2024,나나851713,to_in_001,13
2024,나나851713,to_in_007,5
2024,나나851713,to_in_008,8
2024,나나851714,to_in_001,13
2024,나나851714,to_in_007,8
2024,나나851714,to_in_008,5
2024,나나851715,to_in_001,0
2024,나나851715,to_in_007,0
2024,나나851715,to_in_008,0
2024,나나851722,to_in_001,5
2024,나나851722,to_in_007,5
2024,나나851722,to_in_008,0
2024,나나851744,to_in_001,0
2024,나나851744,to_in_007,0
2024,나나851744,to_in_008,0
2024,나나851746,to_in_001,5
2024,나나851746,to_in_007,0
2024,나나851746,to_in_008,0
2024,나나851747,to_in_001,0
2024,나나851747,to_in_007,0
2024,나나851747,to_in_008,0
2024,나나851749,to_in_001,8
2024,나나851749,to_in_007,5
2024,나나851749,to_in_008,8
2024,나나851814,to_in_001,5
2024,나나851814,to_in_007,5
2024,나나851814,to_in_008,0
2024,나나851816,to_in_001,23
2024,나나851816,to_in_007,13
2024,나나851816,to_in_008,8
2024,나나851839,to_in_001,5
2024,나나851839,to_in_007,5
2024,나나851839,to_in_008,0
2024,나나851853,to_in_001,5
2024,나나851853,to_in_007,0
2024,나나851853,to_in_008,0
2024,나나851884,to_in_001,13
2024,나나851884,to_in_007,8
2024,나나851884,to_in_008,5
2024,나나851885,to_in_001,8
2024,나나851885,to_in_007,8
2024,나나851885,to_in_008,5
2024,나나851888,to_in_001,13
2024,나나851888,to_in_007,8
2024,나나851888,to_in_008,5
2024,나나851889,to_in_001,13
2024,나나851889,to_in_007,8
2024,나나851889,to_in_008,5
2024,나나851890,to_in_001,13
2024,나나851890,to_in_007,8
2024,나나851890,to_in_008,8
2024,나나851891,to_in_001,13
2024,나나851891,to_in_007,5
2024,나나851891,to_in_008,8
2024,나나851893,to_in_001,5
2024,나나851893,to_in_007,0
2024,나나851893,to_in_008,0
2024,나나851894,to_in_001,5
2024,나나851894,to_in_007,0
2024,나나851894,to_in_008,5
2024,나나851895,to_in_001,0
2024,나나851895,to_in_007,0
2024,나나851895,to_in_008,0
2024,나나851896,to_in_001,5
2024,나나851896,to_in_007,0
2024,나나851896,to_in_008,0
2024,나나851901,to_in_001,23
2024,나나851901,to_in_007,13
2024,나나851901,to_in_008,8
2024,나나851902,to_in_001,5
2024,나나851902,to_in_007,0
2024,나나851902,to_in_008,0
2024,나나851903,to_in_001,5
2024,나나851903,to_in_007,5
2024,나나851903,to_in_008,0
2024,나나851904,to_in_001,8
2024,나나851904,to_in_007,5
2024,나나851904,to_in_008,5
2024,나나851907,to_in_001,5
2024,나나851907,to_in_007,5
2024,나나851907,to_in_008,0
2024,나나851910,to_in_001,13
2024,나나851910,to_in_007,5
2024,나나851910,to_in_008,8
2024,나나851911,to_in_001,8
2024,나나851911,to_in_007,5
2024,나나851911,to_in_008,8
2024,나나851912,to_in_001,28
2024,나나851912,to_in_007,18
2024,나나851912,to_in_008,13
2024,나나851913,to_in_001,241
2024,나나851913,to_in_007,132
2024,나나851913,to_in_008,112
2024,나나851914,to_in_001,23
2024,나나851914,to_in_007,8
2024,나나851914,to_in_008,18
2024,나나851915,to_in_001,18
2024,나나851915,to_in_007,8
2024,나나851915,to_in_008,8
2024,나나851916,to_in_001,66
2024,나나851916,to_in_007,36
2024,나나851916,to_in_008,28
2024,나나851917,to_in_001,43
2024,나나851917,to_in_007,23
2024,나나851917,to_in_008,23
2024,나나851918,to_in_001,33
2024,나나851918,to_in_007,18
2024,나나851918,to_in_008,13
2024,나나851919,to_in_001,64
2024,나나851919,to_in_007,33
2024,나나851919,to_in_008,29
2024,나나851920,to_in_001,43
2024,나나851920,to_in_007,23
2024,나나851920,to_in_008,18
2024,나나851921,to_in_001,33
2024,나나851921,to_in_007,18
2024,나나851921,to_in_008,13
2024,나나851922,to_in_001,64
2024,나나851922,to_in_007,33
2024,나나851922,to_in_008,29
2024,나나851923,to_in_001,56
2024,나나851923,to_in_007,33
2024,나나851923,to_in_008,26
2024,나나851924,to_in_001,5
2024,나나851924,to_in_007,0
2024,나나851924,to_in_008,0
2024,나나851925,to_in_001,64
2024,나나851925,to_in_007,34
2024,나나851925,to_in_008,28
2024,나나851926,to_in_001,28
2024,나나851926,to_in_007,13
2024,나나851926,to_in_008,13
2024,나나852834,to_in_001,5
2024,나나852834,to_in_007,0
2024,나나852834,to_in_008,5
2024,나나852835,to_in_001,18
2024,나나852835,to_in_007,8
2024,나나852835,to_in_008,8
2024,나나852836,to_in_001,8
2024,나나852836,to_in_007,5
2024,나나852836,to_in_008,5
2024,나나852837,to_in_001,0
2024,나나852837,to_in_007,0
2024,나나852837,to_in_008,0
2024,나나852838,to_in_001,5
2024,나나852838,to_in_007,0
2024,나나852838,to_in_008,0
2024,나나852864,to_in_001,5
2024,나나852864,to_in_007,5
2024,나나852864,to_in_008,0
2024,나나852866,to_in_001,5
2024,나나852866,to_in_007,0
2024,나나852866,to_in_008,5
2024,나나852873,to_in_001,5
2024,나나852873,to_in_007,5
2024,나나852873,to_in_008,0
2024,나나852885,to_in_001,0
2024,나나852885,to_in_007,0
2024,나나852885,to_in_008,0
2024,나나852886,to_in_001,5
2024,나나852886,to_in_007,0
2024,나나852886,to_in_008,5
2024,나나852888,to_in_001,5
2024,나나852888,to_in_007,0
2024,나나852888,to_in_008,5
2024,나나852889,to_in_001,8
2024,나나852889,to_in_007,8
2024,나나852889,to_in_008,5
2024,나나852890,to_in_001,28
2024,나나852890,to_in_007,13
2024,나나852890,to_in_008,13
2024,나나852891,to_in_001,5
2024,나나852891,to_in_007,5
2024,나나852891,to_in_008,5
2024,나나852892,to_in_001,8
2024,나나852892,to_in_007,8
2024,나나852892,to_in_008,0
2024,나나852902,to_in_001,8
2024,나나852902,to_in_007,8
2024,나나852902,to_in_008,5
2024,나나852904,to_in_001,5
2024,나나852904,to_in_007,0
2024,나나852904,to_in_008,5
2024,나나852907,to_in_001,8
2024,나나852907,to_in_007,5
2024,나나852907,to_in_008,0
2024,나나852912,to_in_001,5
2024,나나852912,to_in_007,5
2024,나나852912,to_in_008,0
2024,나나852913,to_in_001,122
2024,나나852913,to_in_007,78
2024,나나852913,to_in_008,42
2024,나나852914,to_in_001,100
2024,나나852914,to_in_007,44
2024,나나852914,to_in_008,54
2024,나나852915,to_in_001,33
2024,나나852915,to_in_007,13
2024,나나852915,to_in_008,18
2024,나나852916,to_in_001,8
2024,나나852916,to_in_007,5
2024,나나852916,to_in_008,5
2024,나나852917,to_in_001,23
2024,나나852917,to_in_007,13
2024,나나852917,to_in_008,13
2024,나나852918,to_in_001,48
2024,나나852918,to_in_007,23
2024,나나852918,to_in_008,23
2024,나나852919,to_in_001,79
2024,나나852919,to_in_007,47
2024,나나852919,to_in_008,30
2024,나나852920,to_in_001,65
2024,나나852920,to_in_007,35
2024,나나852920,to_in_008,28
2024,나나852921,to_in_001,43
2024,나나852921,to_in_007,23
2024,나나852921,to_in_008,23
2024,나나853836,to_in_001,5
2024,나나853836,to_in_007,5
2024,나나853836,to_in_008,5
2024,나나853837,to_in_001,5
2024,나나853837,to_in_007,0
2024,나나853837,to_in_008,5
2024,나나853838,to_in_001,5
2024,나나853838,to_in_007,0
2024,나나853838,to_in_008,5
2024,나나853850,to_in_001,0
2024,나나853850,to_in_007,0
2024,나나853850,to_in_008,0
2024,나나853863,to_in_001,8
2024,나나853863,to_in_007,5
2024,나나853863,to_in_008,8
2024,나나853864,to_in_001,13
2024,나나853864,to_in_007,8
2024,나나853864,to_in_008,8
2024,나나853865,to_in_001,8
2024,나나853865,to_in_007,5
2024,나나853865,to_in_008,5
2024,나나853866,to_in_001,0
2024,나나853866,to_in_007,0
2024,나나853866,to_in_008,0
2024,나나853868,to_in_001,5
2024,나나853868,to_in_007,5
2024,나나853868,to_in_008,0
2024,나나853870,to_in_001,5
2024,나나853870,to_in_007,5
2024,나나853870,to_in_008,0
2024,나나853871,to_in_001,0
2024,나나853871,to_in_007,0
2024,나나853871,to_in_008,0
2024,나나853872,to_in_001,0
2024,나나853872,to_in_007,0
2024,나나853872,to_in_008,0
2024,나나853887,to_in_001,13
2024,나나853887,to_in_007,8
2024,나나853887,to_in_008,8
2024,나나853888,to_in_001,28
2024,나나853888,to_in_007,13
2024,나나853888,to_in_008,13
2024,나나853889,to_in_001,5
2024,나나853889,to_in_007,0
2024,나나853889,to_in_008,0
2024,나나853890,to_in_001,8
2024,나나853890,to_in_007,8
2024,나나853890,to_in_008,5
2024,나나853898,to_in_001,13
2024,나나853898,to_in_007,13
2024,나나853898,to_in_008,5
2024,나나853899,to_in_001,5
2024,나나853899,to_in_007,5
2024,나나853899,to_in_008,5
2024,나나853901,to_in_001,5
2024,나나853901,to_in_007,0
2024,나나853901,to_in_008,5
2024,나나853904,to_in_001,5
2024,나나853904,to_in_007,5
2024,나나853904,to_in_008,0
2024,나나853906,to_in_001,8
2024,나나853906,to_in_007,5
2024,나나853906,to_in_008,5
2024,나나853910,to_in_001,8
2024,나나853910,to_in_007,5
2024,나나853910,to_in_008,5
2024,나나853911,to_in_001,74
2024,나나853911,to_in_007,49
2024,나나853911,to_in_008,28
2024,나나853912,to_in_001,8
2024,나나853912,to_in_007,5
2024,나나853912,to_in_008,5
2024,나나853913,to_in_001,18
2024,나나853913,to_in_007,8
2024,나나853913,to_in_008,8
2024,나나853914,to_in_001,8
2024,나나853914,to_in_007,5
2024,나나853914,to_in_008,8
2024,나나853915,to_in_001,8
2024,나나853915,to_in_007,5
2024,나나853915,to_in_008,5
2024,나나853916,to_in_001,69
2024,나나853916,to_in_007,33
2024,나나853916,to_in_008,34
2024,나나853917,to_in_001,18
2024,나나853917,to_in_007,13
2024,나나853917,to_in_008,8
2024,나나853918,to_in_001,63
2024,나나853918,to_in_007,43
2024,나나853918,to_in_008,18
2024,나나853919,to_in_001,76
2024,나나853919,to_in_007,44
2024,나나853919,to_in_008,35
2024,나나853920,to_in_001,89
2024,나나853920,to_in_007,49
2024,나나853920,to_in_008,38
2024,나나853921,to_in_001,53
2024,나나853921,to_in_007,33
2024,나나853921,to_in_008,18
2024,나나853922,to_in_001,5
2024,나나853922,to_in_007,5
2024,나나853922,to_in_008,0
2024,나나853923,to_in_001,18
2024,나나853923,to_in_007,13
2024,나나853923,to_in_008,5
2024,나나853924,to_in_001,38
2024,나나853924,to_in_007,18
2024,나나853924,to_in_008,18
2024,나나853925,to_in_001,43
2024,나나853925,to_in_007,28
2024,나나853925,to_in_008,13
2024,나나853926,to_in_001,330
2024,나나853926,to_in_007,178
2024,나나853926,to_in_008,155
2024,나나853928,to_in_001,28
2024,나나853928,to_in_007,13
2024,나나853928,to_in_008,18
2024,나나853929,to_in_001,38
2024,나나853929,to_in_007,18
2024,나나853929,to_in_008,18
2024,나나853930,to_in_001,13
2024,나나853930,to_in_007,8
2024,나나853930,to_in_008,5
2024,나나853931,to_in_001,182
2024,나나853931,to_in_007,109
2024,나나853931,to_in_008,76
2024,나나853932,to_in_001,18
2024,나나853932,to_in_007,8
2024,나나853932,to_in_008,13
2024,나나853933,to_in_001,8
2024,나나853933,to_in_007,8
2024,나나853933,to_in_008,5
2024,나나853934,to_in_001,43
2024,나나853934,to_in_007,23
2024,나나853934,to_in_008,18
2024,나나853935,to_in_001,38
2024,나나843717,to_in_001,43
2024,나나843717,to_in_007,23
2024,나나843717,to_in_008,18
2024,나나843719,to_in_001,5
2024,나나843719,to_in_007,0
2024,나나843719,to_in_008,0
2024,나나843754,to_in_001,28
2024,나나843754,to_in_007,13
2024,나나843754,to_in_008,18
2024,나나843755,to_in_001,5
2024,나나843755,to_in_007,5
2024,나나843755,to_in_008,5
2024,나나843756,to_in_001,13
2024,나나843756,to_in_007,8
2024,나나843756,to_in_008,8
2024,나나843757,to_in_001,8
2024,나나843757,to_in_007,5
2024,나나843757,to_in_008,5
2024,나나843762,to_in_001,5
2024,나나843762,to_in_007,5
2024,나나843762,to_in_008,0
2024,나나843789,to_in_001,0
2024,나나843789,to_in_007,0
2024,나나843789,to_in_008,0
2024,나나843795,to_in_001,0
2024,나나843795,to_in_007,0
2024,나나843795,to_in_008,0
2024,나나843797,to_in_001,5
2024,나나843797,to_in_007,5
2024,나나843797,to_in_008,0
2024,나나843800,to_in_001,8
2024,나나843800,to_in_007,5
2024,나나843800,to_in_008,5
2024,나나843801,to_in_001,5
2024,나나843801,to_in_007,0
2024,나나843801,to_in_008,5
2024,나나843802,to_in_001,5
2024,나나843802,to_in_007,5
2024,나나843802,to_in_008,0
2024,나나843821,to_in_001,5
2024,나나843821,to_in_007,5
2024,나나843821,to_in_008,0
2024,나나843826,to_in_001,8
2024,나나843826,to_in_007,5
2024,나나843826,to_in_008,8
2024,나나843827,to_in_001,8
2024,나나843827,to_in_007,5
2024,나나843827,to_in_008,5
2024,나나843829,to_in_001,8
2024,나나843829,to_in_007,5
2024,나나843829,to_in_008,8
2024,나나843830,to_in_001,23
2024,나나843830,to_in_007,13
2024,나나843830,to_in_008,13
2024,나나843831,to_in_001,23
2024,나나843831,to_in_007,13
2024,나나843831,to_in_008,8
2024,나나843832,to_in_001,5
2024,나나843832,to_in_007,0
2024,나나843832,to_in_008,5
2024,나나843833,to_in_001,23
2024,나나843833,to_in_007,13
2024,나나843833,to_in_008,8
2024,나나843834,to_in_001,8
2024,나나843834,to_in_007,5
2024,나나843834,to_in_008,5
2024,나나843835,to_in_001,5
2024,나나843835,to_in_007,0
2024,나나843835,to_in_008,5
2024,나나843836,to_in_001,5
2024,나나843836,to_in_007,0
2024,나나843836,to_in_008,5
2024,나나843838,to_in_001,5
2024,나나843838,to_in_007,5
2024,나나843838,to_in_008,0
2024,나나843840,to_in_001,5
2024,나나843840,to_in_007,5
2024,나나843840,to_in_008,5
2024,나나843848,to_in_001,8
2024,나나843848,to_in_007,8
2024,나나843848,to_in_008,5
2024,나나843849,to_in_001,18
2024,나나843849,to_in_007,8
2024,나나843849,to_in_008,13
2024,나나843850,to_in_001,18
2024,나나843850,to_in_007,8
2024,나나843850,to_in_008,8
2024,나나843851,to_in_001,8
2024,나나843851,to_in_007,5
2024,나나843851,to_in_008,5
2024,나나843852,to_in_001,5
2024,나나843852,to_in_007,5
2024,나나843852,to_in_008,0
2024,나나843853,to_in_001,8
2024,나나843853,to_in_007,5
2024,나나843853,to_in_008,8
2024,나나843854,to_in_001,5
2024,나나843854,to_in_007,0
2024,나나843854,to_in_008,5
2024,나나843855,to_in_001,0
2024,나나843855,to_in_007,0
2024,나나843855,to_in_008,0
2024,나나843872,to_in_001,5
2024,나나843872,to_in_007,5
2024,나나843872,to_in_008,0
2024,나나843873,to_in_001,5
2024,나나843873,to_in_007,5
2024,나나843873,to_in_008,0
2024,나나847889,to_in_001,5
2024,나나847889,to_in_007,0
2024,나나847889,to_in_008,5
2024,나나847894,to_in_001,5
2024,나나847894,to_in_007,0
2024,나나847894,to_in_008,5
2024,나나847895,to_in_001,5
2024,나나847895,to_in_007,5
2024,나나847895,to_in_008,0
2024,나나847897,to_in_001,5
2024,나나847897,to_in_007,0
2024,나나847897,to_in_008,0
2024,나나847898,to_in_001,5
2024,나나847898,to_in_007,0
2024,나나847898,to_in_008,5
2024,나나847899,to_in_001,5
2024,나나847899,to_in_007,5
2024,나나847899,to_in_008,0
2024,나나847900,to_in_001,23
2024,나나847900,to_in_007,13
2024,나나847900,to_in_008,8
2024,나나847901,to_in_001,13
2024,나나847901,to_in_007,8
2024,나나847901,to_in_008,5
2024,나나847902,to_in_001,8
2024,나나847902,to_in_007,8
2024,나나847902,to_in_008,0
2024,나나847910,to_in_001,5
2024,나나847910,to_in_007,5
2024,나나847910,to_in_008,5
2024,나나847911,to_in_001,8
2024,나나847911,to_in_007,5
2024,나나847911,to_in_008,5
2024,나나847912,to_in_001,5
2024,나나847912,to_in_007,0
2024,나나847912,to_in_008,0
2024,나나847914,to_in_001,5
2024,나나847914,to_in_007,0
2024,나나847914,to_in_008,0
2024,나나847915,to_in_001,23
2024,나나847915,to_in_007,13
2024,나나847915,to_in_008,8
2024,나나847918,to_in_001,70
2024,나나847918,to_in_007,30
2024,나나847918,to_in_008,38
2024,나나847919,to_in_001,57
2024,나나847919,to_in_007,37
2024,나나847919,to_in_008,18
2024,나나847920,to_in_001,52
2024,나나847920,to_in_007,32
2024,나나847920,to_in_008,18
2024,나나847921,to_in_001,5
2024,나나847921,to_in_007,5
2024,나나847921,to_in_008,5
2024,나나847930,to_in_001,5
2024,나나847930,to_in_007,5
2024,나나847930,to_in_008,0
2024,나나848590,to_in_001,5
2024,나나848590,to_in_007,5
2024,나나848590,to_in_008,5
2024,나나848591,to_in_001,18
2024,나나848591,to_in_007,8
2024,나나848591,to_in_008,8
2024,나나848706,to_in_001,5
2024,나나848706,to_in_007,5
2024,나나848706,to_in_008,0
2024,나나848707,to_in_001,58
2024,나나848707,to_in_007,28
2024,나나848707,to_in_008,28
2024,나나848708,to_in_001,60
2024,나나848708,to_in_007,23
2024,나나848708,to_in_008,35
2024,나나848709,to_in_001,5
2024,나나848709,to_in_007,0
2024,나나848709,to_in_008,0
2024,나나848710,to_in_001,8
2024,나나848710,to_in_007,5
2024,나나848710,to_in_008,5
2024,나나848712,to_in_001,13
2024,나나848712,to_in_007,5
2024,나나848712,to_in_008,8
2024,나나848719,to_in_001,5
2024,나나848719,to_in_007,5
2024,나나848719,to_in_008,0
2024,나나848756,to_in_001,5
2024,나나848756,to_in_007,0
2024,나나848756,to_in_008,5
2024,나나848759,to_in_001,8
2024,나나848759,to_in_007,8
2024,나나848759,to_in_008,5
2024,나나848807,to_in_001,5
2024,나나848807,to_in_007,0
2024,나나848807,to_in_008,5
2024,나나848817,to_in_001,5
2024,나나848817,to_in_007,5
2024,나나848817,to_in_008,5
2024,나나848819,to_in_001,5
2024,나나848819,to_in_007,0
2024,나나848819,to_in_008,0
2024,나나848835,to_in_001,5
2024,나나848835,to_in_007,0
2024,나나848835,to_in_008,5
2024,나나848836,to_in_001,13
2024,나나848836,to_in_007,8
2024,나나848836,to_in_008,8
2024,나나848837,to_in_001,8
2024,나나848837,to_in_007,5
2024,나나848837,to_in_008,8
2024,나나848838,to_in_001,5
2024,나나848838,to_in_007,5
2024,나나848838,to_in_008,0
2024,나나848858,to_in_001,0
2024,나나848858,to_in_007,0
2024,나나848858,to_in_008,0
2024,나나848860,to_in_001,8
2024,나나848860,to_in_007,5
2024,나나848860,to_in_008,5
2024,나나848861,to_in_001,0
2024,나나848861,to_in_007,0
2024,나나848861,to_in_008,0
2024,나나848864,to_in_001,5
2024,나나848864,to_in_007,0
2024,나나848864,to_in_008,0
2024,나나848872,to_in_001,0
2024,나나848872,to_in_007,0
2024,나나848872,to_in_008,0
2024,나나848876,to_in_001,0
2024,나나848876,to_in_007,0
2024,나나848876,to_in_008,0
2024,나나848878,to_in_001,8
2024,나나848878,to_in_007,5
2024,나나848878,to_in_008,5
2024,나나848884,to_in_001,18
2024,나나848884,to_in_007,8
2024,나나848884,to_in_008,8
2024,나나848885,to_in_001,8
2024,나나848885,to_in_007,5
2024,나나848885,to_in_008,5
2024,나나848886,to_in_001,5
2024,나나848886,to_in_007,0
2024,나나848886,to_in_008,0
2024,나나848889,to_in_001,8
2024,나나848889,to_in_007,5
2024,나나848889,to_in_008,0
2024,나나852922,to_in_001,53
2024,나나852922,to_in_007,33
2024,나나852922,to_in_008,18
2024,나나852923,to_in_001,33
2024,나나852923,to_in_007,18
2024,나나852923,to_in_008,18
2024,나나852924,to_in_001,13
2024,나나852924,to_in_007,8
2024,나나852924,to_in_008,8
2024,나나852925,to_in_001,167
2024,나나852925,to_in_007,97
2024,나나852925,to_in_008,68
2024,나나852926,to_in_001,135
2024,나나852926,to_in_007,60
2024,나나852926,to_in_008,73
2024,나나852927,to_in_001,94
2024,나나852927,to_in_007,51
2024,나나852927,to_in_008,41
2024,나나852928,to_in_001,0
2024,나나852928,to_in_007,0
2024,나나852928,to_in_008,0
2024,나나852929,to_in_001,8
2024,나나852929,to_in_007,8
2024,나나852929,to_in_008,8
2024,나나852930,to_in_001,18
2024,나나852930,to_in_007,13
2024,나나852930,to_in_008,8
2024,나나852931,to_in_001,13
2024,나나852931,to_in_007,8
2024,나나852931,to_in_008,8
2024,나나852932,to_in_001,18
2024,나나852932,to_in_007,8
2024,나나852932,to_in_008,8
2024,나나852934,to_in_001,33
2024,나나852934,to_in_007,18
2024,나나852934,to_in_008,13
2024,나나852935,to_in_001,18
2024,나나852935,to_in_007,8
2024,나나852935,to_in_008,13
2024,나나852936,to_in_001,18
2024,나나852936,to_in_007,8
2024,나나853935,to_in_007,23
2024,나나853935,to_in_008,18
2024,나나853936,to_in_001,28
2024,나나853936,to_in_007,13
2024,나나853936,to_in_008,13
2024,나나853942,to_in_001,8
2024,나나853942,to_in_007,8
2024,나나853942,to_in_008,0
2024,나나854644,to_in_001,13
2024,나나842828,to_in_001,8
2024,나나842828,to_in_007,5
2024,나나842828,to_in_008,5
2024,나나842829,to_in_001,8
2024,나나842829,to_in_007,5
2024,나나842829,to_in_008,8
2024,나나842830,to_in_001,18
2024,나나842830,to_in_007,13
2024,나나842830,to_in_008,8
2024,나나842831,to_in_001,18
2024,나나842831,to_in_007,13
2024,나나842831,to_in_008,8
2024,나나842832,to_in_001,5
2024,나나842832,to_in_007,0
2024,나나842832,to_in_008,5
2024,나나842833,to_in_001,23
2024,나나842833,to_in_007,13
2024,나나842833,to_in_008,13
2024,나나842834,to_in_001,8
2024,나나842834,to_in_007,5
2024,나나842834,to_in_008,5
2024,나나842835,to_in_001,8
2024,나나842835,to_in_007,5
2024,나나842835,to_in_008,5
2024,나나845712,to_in_001,13
2024,나나845712,to_in_007,8
2024,나나845712,to_in_008,5
2024,나나845713,to_in_001,5
2024,나나845713,to_in_007,0
2024,나나845713,to_in_008,5
2024,나나845714,to_in_001,5
2024,나나845714,to_in_007,0
2024,나나845714,to_in_008,0
2024,나나845715,to_in_001,5
2024,나나845715,to_in_007,5
2024,나나845715,to_in_008,0
2024,나나845753,to_in_001,5
2024,나나845753,to_in_007,0
2024,나나845753,to_in_008,0
2024,나나845754,to_in_001,33
2024,나나845754,to_in_007,18
2024,나나845754,to_in_008,13
2024,나나845755,to_in_001,13
2024,나나845755,to_in_007,8
2024,나나845755,to_in_008,5
2024,나나845756,to_in_001,5
2024,나나845756,to_in_007,0
2024,나나845756,to_in_008,0
2024,나나845758,to_in_001,5
2024,나나845758,to_in_007,0
2024,나나845758,to_in_008,5
2024,나나845763,to_in_001,0
2024,나나845763,to_in_007,0
2024,나나845763,to_in_008,0
2024,나나845764,to_in_001,0
2024,나나845764,to_in_007,0
2024,나나845764,to_in_008,0
2024,나나845786,to_in_001,8
2024,나나845786,to_in_007,5
2024,나나845786,to_in_008,5
2024,나나845799,to_in_001,5
2024,나나845799,to_in_007,5
2024,나나845799,to_in_008,0
2024,나나845800,to_in_001,5
2024,나나845800,to_in_007,0
2024,나나845800,to_in_008,5
2024,나나845801,to_in_001,5
2024,나나845801,to_in_007,0
2024,나나845801,to_in_008,5
2024,나나845802,to_in_001,0
2024,나나845802,to_in_007,0
2024,나나845802,to_in_008,0
2024,나나845803,to_in_001,5
2024,나나845803,to_in_007,5
2024,나나845803,to_in_008,0
2024,나나845804,to_in_001,5
2024,나나845804,to_in_007,0
2024,나나845804,to_in_008,0
2024,나나845806,to_in_001,13
2024,나나845806,to_in_007,5
2024,나나845806,to_in_008,8
2024,나나845813,to_in_001,5
2024,나나845813,to_in_007,5
2024,나나845813,to_in_008,0
2024,나나845822,to_in_001,8
2024,나나845822,to_in_007,5
2024,나나845822,to_in_008,8
2024,나나845823,to_in_001,5
2024,나나845823,to_in_007,0
2024,나나845823,to_in_008,5
2024,나나845833,to_in_001,5
2024,나나845833,to_in_007,0
2024,나나845833,to_in_008,5
2024,나나845840,to_in_001,8
2024,나나845840,to_in_007,5
2024,나나845840,to_in_008,5
2024,나나845844,to_in_001,0
2024,나나845844,to_in_007,0
2024,나나845844,to_in_008,0
2024,나나845849,to_in_001,0
2024,나나845849,to_in_007,0
2024,나나845849,to_in_008,0
2024,나나845850,to_in_001,5
2024,나나845850,to_in_007,5
2024,나나845850,to_in_008,0
2024,나나845852,to_in_001,13
2024,나나845852,to_in_007,8
2024,나나845852,to_in_008,5
2024,나나845853,to_in_001,5
2024,나나845853,to_in_007,5
2024,나나845853,to_in_008,5
2024,나나845859,to_in_001,5
2024,나나845859,to_in_007,0
2024,나나845859,to_in_008,0
2024,나나845888,to_in_001,8
2024,나나845888,to_in_007,5
2024,나나845888,to_in_008,5
2024,나나845894,to_in_001,5
2024,나나845894,to_in_007,5
2024,나나845894,to_in_008,0
2024,나나845897,to_in_001,8
2024,나나845897,to_in_007,5
2024,나나845897,to_in_008,5
2024,나나845901,to_in_001,5
2024,나나845901,to_in_007,5
2024,나나845901,to_in_008,5
2024,나나845902,to_in_001,23
2024,나나845902,to_in_007,13
2024,나나845902,to_in_008,13
2024,나나845903,to_in_001,5
2024,나나845903,to_in_007,5
2024,나나845903,to_in_008,0
2024,나나845905,to_in_001,13
2024,나나845905,to_in_007,8
2024,나나845905,to_in_008,5
2024,나나845909,to_in_001,5
2024,나나845909,to_in_007,0
2024,나나845909,to_in_008,5
2024,나나845911,to_in_001,8
2024,나나845911,to_in_007,8
2024,나나845911,to_in_008,5
2024,나나845914,to_in_001,13
2024,나나845914,to_in_007,8
2024,나나845914,to_in_008,8
2024,나나845915,to_in_001,8
2024,나나845915,to_in_007,5
2024,나나845915,to_in_008,5
2024,나나845918,to_in_001,5
2024,나나845918,to_in_007,0
2024,나나845918,to_in_008,5
2024,나나850748,to_in_001,0
2024,나나850748,to_in_007,0
2024,나나850748,to_in_008,0
2024,나나850814,to_in_001,5
2024,나나850814,to_in_007,5
2024,나나850814,to_in_008,0
2024,나나850817,to_in_001,5
2024,나나850817,to_in_007,5
2024,나나850817,to_in_008,0
2024,나나850836,to_in_001,5
2024,나나850836,to_in_007,5
2024,나나850836,to_in_008,5
2024,나나850837,to_in_001,8
2024,나나850837,to_in_007,8
2024,나나850837,to_in_008,5
2024,나나850839,to_in_001,5
2024,나나850839,to_in_007,0
2024,나나850839,to_in_008,0
2024,나나850853,to_in_001,5
2024,나나850853,to_in_007,5
2024,나나850853,to_in_008,0
2024,나나850863,to_in_001,5
2024,나나850863,to_in_007,0
2024,나나850863,to_in_008,0
2024,나나850864,to_in_001,5
2024,나나850864,to_in_007,5
2024,나나850864,to_in_008,0
2024,나나850874,to_in_001,23
2024,나나850874,to_in_007,13
2024,나나850874,to_in_008,13
2024,나나850875,to_in_001,13
2024,나나850875,to_in_007,5
2024,나나850875,to_in_008,8
2024,나나850883,to_in_001,5
2024,나나850883,to_in_007,5
2024,나나850883,to_in_008,5
2024,나나850885,to_in_001,0
2024,나나850885,to_in_007,0
2024,나나850885,to_in_008,0
2024,나나850888,to_in_001,13
2024,나나850888,to_in_007,8
2024,나나850888,to_in_008,5
2024,나나850889,to_in_001,5
2024,나나850889,to_in_007,5
2024,나나850889,to_in_008,0
2024,나나850891,to_in_001,13
2024,나나850891,to_in_007,8
2024,나나850891,to_in_008,8
2024,나나850894,to_in_001,5
2024,나나850894,to_in_007,5
2024,나나850894,to_in_008,0
2024,나나850895,to_in_001,8
2024,나나850895,to_in_007,8
2024,나나850895,to_in_008,5
2024,나나850900,to_in_001,23
2024,나나850900,to_in_007,13
2024,나나850900,to_in_008,13
2024,나나850901,to_in_001,8
2024,나나850901,to_in_007,5
2024,나나850901,to_in_008,5
2024,나나850902,to_in_001,8
2024,나나850902,to_in_007,8
2024,나나850902,to_in_008,5
2024,나나850907,to_in_001,8
2024,나나850907,to_in_007,5
2024,나나850907,to_in_008,5
2024,나나850908,to_in_001,8
2024,나나850908,to_in_007,5
2024,나나850908,to_in_008,5
2024,나나850909,to_in_001,33
2024,나나850909,to_in_007,13
2024,나나850909,to_in_008,18
2024,나나850910,to_in_001,5
2024,나나850910,to_in_007,5
2024,나나850910,to_in_008,5
2024,나나850911,to_in_001,8
2024,나나850911,to_in_007,8
2024,나나850911,to_in_008,8
2024,나나850912,to_in_001,38
2024,나나850912,to_in_007,18
2024,나나850912,to_in_008,18
2024,나나850913,to_in_001,23
2024,나나850913,to_in_007,13
2024,나나850913,to_in_008,8
2024,나나850914,to_in_001,13
2024,나나850914,to_in_007,8
2024,나나850914,to_in_008,8
2024,나나850915,to_in_001,8
2024,나나850915,to_in_007,5
2024,나나850915,to_in_008,5
2024,나나850916,to_in_001,129
2024,나나850916,to_in_007,73
2024,나나850916,to_in_008,59
2024,나나850917,to_in_001,108
2024,나나850917,to_in_007,57
2024,나나850917,to_in_008,49
2024,나나850918,to_in_001,251
2024,나나850918,to_in_007,143
2024,나나850918,to_in_008,106
2024,나나850919,to_in_001,112
2024,나나850919,to_in_007,58
2024,나나850919,to_in_008,52
2024,나나850920,to_in_001,68
2024,나나850920,to_in_007,48
2024,나나850920,to_in_008,18
2024,나나850921,to_in_001,74
2024,나나850921,to_in_007,38
2024,나나850921,to_in_008,39
2024,나나850922,to_in_001,13
2024,나나850922,to_in_007,13
2024,나나850922,to_in_008,5
2024,나나850923,to_in_001,109
2024,나나850923,to_in_007,84
2024,나나850923,to_in_008,28
2024,나나850924,to_in_001,61
2024,나나850924,to_in_007,36
2024,나나850924,to_in_008,23
2024,나나850925,to_in_001,88
2024,나나850925,to_in_007,58
2024,나나850925,to_in_008,28
2024,나나850926,to_in_001,78
2024,나나850926,to_in_007,58
2024,나나850926,to_in_008,18
2024,나나850927,to_in_001,134
2024,나나850927,to_in_007,109
2024,나나850927,to_in_008,28
2024,나나850928,to_in_001,8
2024,나나850928,to_in_007,8
2024,나나850928,to_in_008,5
2024,나나850929,to_in_001,28
2024,나나850929,to_in_007,18
2024,나나850929,to_in_008,13
2024,나나850930,to_in_001,13
2024,나나850930,to_in_007,8
2024,나나850930,to_in_008,5
2024,나나850932,to_in_001,5
2024,나나850932,to_in_007,0
2024,나나850932,to_in_008,0
2024,나나850933,to_in_001,0
2024,나나850933,to_in_007,0
2024,나나850933,to_in_008,0
2024,나나850934,to_in_001,28
2024,나나850934,to_in_007,13
2024,나나854644,to_in_007,8
2024,나나854644,to_in_008,8
2024,나나854645,to_in_001,5
2024,나나854645,to_in_007,0
2024,나나854645,to_in_008,5
2024,나나854646,to_in_001,0
2024,나나854646,to_in_007,0
2024,나나844826,to_in_001,5
2024,나나844826,to_in_007,0
2024,나나844826,to_in_008,0
2024,나나844829,to_in_001,5
2024,나나844829,to_in_007,5
2024,나나844829,to_in_008,5
2024,나나844830,to_in_001,0
2024,나나844830,to_in_007,0
2024,나나844830,to_in_008,0
2024,나나844832,to_in_001,5
2024,나나844832,to_in_007,5
2024,나나844832,to_in_008,0
2024,나나844833,to_in_001,8
2024,나나844833,to_in_007,5
2024,나나844833,to_in_008,5
2024,나나844834,to_in_001,5
2024,나나844834,to_in_007,0
2024,나나844834,to_in_008,5
2024,나나844835,to_in_001,8
2024,나나844835,to_in_007,8
2024,나나844835,to_in_008,5
2024,나나844838,to_in_001,5
2024,나나844838,to_in_007,0
2024,나나844838,to_in_008,0
2024,나나844839,to_in_001,13
2024,나나844839,to_in_007,8
2024,나나844839,to_in_008,5
2024,나나844840,to_in_001,13
2024,나나844840,to_in_007,5
2024,나나844840,to_in_008,8
2024,나나844841,to_in_001,5
2024,나나844841,to_in_007,5
2024,나나844841,to_in_008,0
2024,나나844849,to_in_001,0
2024,나나844849,to_in_007,0
2024,나나844849,to_in_008,0
2024,나나844850,to_in_001,28
2024,나나844850,to_in_007,13
2024,나나844850,to_in_008,13
2024,나나844851,to_in_001,13
2024,나나844851,to_in_007,8
2024,나나844851,to_in_008,8
2024,나나844852,to_in_001,5
2024,나나844852,to_in_007,0
2024,나나844852,to_in_008,0
2024,나나844857,to_in_001,8
2024,나나844857,to_in_007,5
2024,나나844857,to_in_008,5
2024,나나844859,to_in_001,5
2024,나나844859,to_in_007,5
2024,나나844859,to_in_008,0
2024,나나844861,to_in_001,5
2024,나나844861,to_in_007,5
2024,나나844861,to_in_008,5
2024,나나844863,to_in_001,5
2024,나나844863,to_in_007,5
2024,나나844863,to_in_008,0
2024,나나844864,to_in_001,8
2024,나나844864,to_in_007,8
2024,나나844864,to_in_008,5
2024,나나844880,to_in_001,5
2024,나나844880,to_in_007,5
2024,나나844880,to_in_008,5
2024,나나844886,to_in_001,5
2024,나나844886,to_in_007,0
2024,나나844886,to_in_008,0
2024,나나844887,to_in_001,5
2024,나나844887,to_in_007,5
2024,나나844887,to_in_008,0
2024,나나844888,to_in_001,5
2024,나나844888,to_in_007,5
2024,나나844888,to_in_008,0
2024,나나844898,to_in_001,5
2024,나나844898,to_in_007,5
2024,나나844898,to_in_008,0
2024,나나844899,to_in_001,5
2024,나나844899,to_in_007,5
2024,나나844899,to_in_008,0
2024,나나844902,to_in_001,13
2024,나나844902,to_in_007,8
2024,나나844902,to_in_008,8
2024,나나844904,to_in_001,86
2024,나나844904,to_in_007,42
2024,나나844904,to_in_008,42
2024,나나844909,to_in_001,5
2024,나나844909,to_in_007,0
2024,나나844909,to_in_008,0
2024,나나844910,to_in_001,13
2024,나나844910,to_in_007,8
2024,나나844910,to_in_008,8
2024,나나844911,to_in_001,5
2024,나나844911,to_in_007,5
2024,나나844911,to_in_008,0
2024,나나844912,to_in_001,209
2024,나나844912,to_in_007,116
2024,나나844912,to_in_008,91
2024,나나845698,to_in_001,5
2024,나나845698,to_in_007,0
2024,나나845698,to_in_008,0
2024,나나845706,to_in_001,23
2024,나나845706,to_in_007,13
2024,나나845706,to_in_008,13
2024,나나845707,to_in_001,77
2024,나나845707,to_in_007,47
2024,나나845707,to_in_008,28
2024,나나845708,to_in_001,18
2024,나나845708,to_in_007,8
2024,나나845708,to_in_008,8
2024,나나845709,to_in_001,33
2024,나나845709,to_in_007,18
2024,나나845709,to_in_008,13
2024,나나845710,to_in_001,38
2024,나나845710,to_in_007,23
2024,나나845710,to_in_008,18
2024,나나845711,to_in_001,28
2024,나나845711,to_in_007,13
2024,나나845711,to_in_008,13
2024,나나849835,to_in_001,23
2024,나나849835,to_in_007,8
2024,나나849835,to_in_008,13
2024,나나849836,to_in_001,5
2024,나나849836,to_in_007,5
2024,나나849836,to_in_008,5
2024,나나849837,to_in_001,5
2024,나나849837,to_in_007,5
2024,나나849837,to_in_008,0
2024,나나849839,to_in_001,5
2024,나나849839,to_in_007,0
2024,나나849839,to_in_008,5
2024,나나849864,to_in_001,5
2024,나나849864,to_in_007,0
2024,나나849864,to_in_008,5
2024,나나849874,to_in_001,0
2024,나나849874,to_in_007,0
2024,나나849874,to_in_008,0
2024,나나849875,to_in_001,18
2024,나나849875,to_in_007,8
2024,나나849875,to_in_008,8
2024,나나849880,to_in_001,0
2024,나나849880,to_in_007,0
2024,나나849880,to_in_008,0
2024,나나849884,to_in_001,13
2024,나나849884,to_in_007,5
2024,나나849884,to_in_008,8
2024,나나849891,to_in_001,13
2024,나나849891,to_in_007,8
2024,나나849891,to_in_008,5
2024,나나849892,to_in_001,8
2024,나나849892,to_in_007,5
2024,나나849892,to_in_008,5
2024,나나849900,to_in_001,13
2024,나나849900,to_in_007,8
2024,나나849900,to_in_008,5
2024,나나849901,to_in_001,23
2024,나나849901,to_in_007,13
2024,나나849901,to_in_008,8
2024,나나849902,to_in_001,18
2024,나나849902,to_in_007,13
2024,나나849902,to_in_008,8
2024,나나849903,to_in_001,5
2024,나나849903,to_in_007,5
2024,나나849903,to_in_008,0
2024,나나849907,to_in_001,5
2024,나나849907,to_in_007,0
2024,나나849907,to_in_008,0
2024,나나849909,to_in_001,8
2024,나나849909,to_in_007,8
2024,나나849909,to_in_008,5
2024,나나849910,to_in_001,5
2024,나나849910,to_in_007,5
2024,나나849910,to_in_008,0
2024,나나849913,to_in_001,8
2024,나나849913,to_in_007,5
2024,나나849913,to_in_008,5
2024,나나849914,to_in_001,8
2024,나나849914,to_in_007,5
2024,나나849914,to_in_008,5
2024,나나849915,to_in_001,110
2024,나나849915,to_in_007,58
2024,나나849915,to_in_008,55
2024,나나849916,to_in_001,127
2024,나나849916,to_in_007,61
2024,나나849916,to_in_008,64
2024,나나849917,to_in_001,123
2024,나나849917,to_in_007,68
2024,나나849917,to_in_008,53
2024,나나849918,to_in_001,44
2024,나나849918,to_in_007,28
2024,나나849918,to_in_008,19
2024,나나849919,to_in_001,53
2024,나나849919,to_in_007,28
2024,나나849919,to_in_008,23
2024,나나849920,to_in_001,18
2024,나나849920,to_in_007,13
2024,나나849920,to_in_008,8
2024,나나849921,to_in_001,72
2024,나나849921,to_in_007,50
2024,나나849921,to_in_008,25
2024,나나849922,to_in_001,33
2024,나나849922,to_in_007,18
2024,나나849922,to_in_008,13
2024,나나849924,to_in_001,44
2024,나나849924,to_in_007,39
2024,나나849924,to_in_008,5
2024,나나849926,to_in_001,8
2024,나나849926,to_in_007,5
2024,나나849926,to_in_008,5
2024,나나849927,to_in_001,49
2024,나나849927,to_in_007,39
2024,나나849927,to_in_008,8
2024,나나849928,to_in_001,80
2024,나나849928,to_in_007,55
2024,나나849928,to_in_008,23
2024,나나849929,to_in_001,18
2024,나나849929,to_in_007,8
2024,나나849929,to_in_008,8
2024,나나849937,to_in_001,8
2024,나나849937,to_in_007,8
2024,나나849937,to_in_008,0
2024,나나850587,to_in_001,0
2024,나나850587,to_in_007,0
2024,나나850587,to_in_008,0
2024,나나850594,to_in_001,5
2024,나나850594,to_in_007,5
2024,나나850594,to_in_008,5
2024,나나850652,to_in_001,5
2024,나나850652,to_in_007,0
2024,나나850652,to_in_008,5
2024,나나850698,to_in_001,5
2024,나나850698,to_in_007,0
2024,나나850698,to_in_008,5
2024,나나850709,to_in_001,8
2024,나나850709,to_in_007,5
2024,나나850709,to_in_008,5
2024,나나850710,to_in_001,5
2024,나나850710,to_in_007,5
2024,나나850710,to_in_008,5
2024,나나850711,to_in_001,33
2024,나나850711,to_in_007,13
2024,나나850711,to_in_008,18
2024,나나850712,to_in_001,18
2024,나나850712,to_in_007,8
2024,나나850712,to_in_008,8
2024,나나850713,to_in_001,13
2024,나나850713,to_in_007,8
2024,나나850713,to_in_008,8
2024,나나850714,to_in_001,8
2024,나나850714,to_in_007,8
2024,나나850714,to_in_008,5
2024,나나850715,to_in_001,8
2024,나나850715,to_in_007,5
2024,나나850715,to_in_008,8
2024,나나850747,to_in_001,5
2024,나나850747,to_in_007,5
2024,나나850747,to_in_008,5
2024,나나854884,to_in_001,5
2024,나나854884,to_in_007,0
2024,나나854884,to_in_008,5
2024,나나854885,to_in_001,5
2024,나나854885,to_in_007,0
2024,나나854885,to_in_008,5
2024,나나854886,to_in_001,5
2024,나나854886,to_in_007,5
2024,나나854886,to_in_008,0
2024,나나854887,to_in_001,8
2024,나나854887,to_in_007,5
2024,나나854887,to_in_008,5
2024,나나854888,to_in_001,5
2024,나나854888,to_in_007,0
2024,나나854888,to_in_008,5
2024,나나854889,to_in_001,5
2024,나나854889,to_in_007,5
2024,나나854889,to_in_008,0
2024,나나854890,to_in_001,13
2024,나나854890,to_in_007,8
2024,나나854890,to_in_008,5
2024,나나854891,to_in_001,0
2024,나나854891,to_in_007,0
2024,나나854891,to_in_008,0
2024,나나854893,to_in_001,5
2024,나나854893,to_in_007,0
2024,나나854893,to_in_008,5
2024,나나854900,to_in_001,5
2024,나나854900,to_in_007,5
2024,나나854900,to_in_008,5
2024,나나854910,to_in_001,23
2024,나나854910,to_in_007,13
2024,나나854910,to_in_008,8
2024,나나854911,to_in_001,120
2024,나나854911,to_in_007,63
2024,나나854911,to_in_008,60
2024,나나854912,to_in_001,8
2024,나나854912,to_in_007,5
2024,나나854646,to_in_008,0
2024,나나854647,to_in_001,5
2024,나나854647,to_in_007,5
2024,나나854647,to_in_008,0
2024,나나854654,to_in_001,8
2024,나나854654,to_in_007,8
2024,나나854654,to_in_008,5
2024,나나854703,to_in_001,5
2024,나나854703,to_in_007,0
2024,나나854703,to_in_008,0
2024,나나854710,to_in_001,13
2024,나나854710,to_in_007,8
2024,나나854710,to_in_008,8
2024,나나854711,to_in_001,13
2024,나나854711,to_in_007,8
2024,나나854711,to_in_008,8
2024,나나854712,to_in_001,0
2024,나나854712,to_in_007,0
2024,나나854712,to_in_008,0
2024,나나855846,to_in_001,5
2024,나나855846,to_in_007,0
2024,나나855846,to_in_008,0
2024,나나855850,to_in_001,5
2024,나나855850,to_in_007,5
2024,나나855850,to_in_008,0
2024,나나855860,to_in_001,8
2024,나나855860,to_in_007,5
2024,나나855860,to_in_008,5
2024,나나855861,to_in_001,5
2024,나나855861,to_in_007,5
2024,나나855861,to_in_008,0
2024,나나855862,to_in_001,5
2024,나나855862,to_in_007,5
2024,나나855862,to_in_008,0
2024,나나855863,to_in_001,8
2024,나나855863,to_in_007,0
2024,나나855863,to_in_008,5
2024,나나855865,to_in_001,5
2024,나나855865,to_in_007,5
2024,나나855865,to_in_008,5
2024,나나855866,to_in_001,8
2024,나나855866,to_in_007,8
2024,나나855866,to_in_008,8
2024,나나855868,to_in_001,8
2024,나나855868,to_in_007,8
2024,나나855868,to_in_008,0
2024,나나855869,to_in_001,8
2024,나나855869,to_in_007,8
2024,나나855869,to_in_008,0
2024,나나855884,to_in_001,8
2024,나나855884,to_in_007,8
2024,나나855884,to_in_008,5
2024,나나855889,to_in_001,0
2024,나나855889,to_in_007,0
2024,나나855889,to_in_008,0
2024,나나855893,to_in_001,28
2024,나나855893,to_in_007,13
2024,나나855893,to_in_008,13
2024,나나855900,to_in_001,13
2024,나나855900,to_in_007,8
2024,나나855900,to_in_008,8
2024,나나855901,to_in_001,8
2024,나나855901,to_in_007,5
2024,나나855901,to_in_008,5
2024,나나855906,to_in_001,5
2024,나나855906,to_in_007,0
2024,나나855906,to_in_008,5
2024,나나855907,to_in_001,13
2024,나나855907,to_in_007,5
2024,나나855907,to_in_008,8
2024,나나855910,to_in_001,5
2024,나나855910,to_in_007,0
2024,나나855910,to_in_008,0
2024,나나855911,to_in_001,5
2024,나나855911,to_in_007,0
2024,나나855911,to_in_008,0
2024,나나855916,to_in_001,5
2024,나나855916,to_in_007,0
2024,나나855916,to_in_008,0
2024,나나855918,to_in_001,58
2024,나나855918,to_in_007,28
2024,나나855918,to_in_008,33
2024,나나855919,to_in_001,18
2024,나나855919,to_in_007,8
2024,나나855919,to_in_008,8
2024,나나855920,to_in_001,8
2024,나나855920,to_in_007,8
2024,나나855920,to_in_008,5
2024,나나855921,to_in_001,18
2024,나나855921,to_in_007,8
2024,나나855921,to_in_008,8
2024,나나855922,to_in_001,59
2024,나나855922,to_in_007,28
2024,나나855922,to_in_008,29
2024,나나855923,to_in_001,8
2024,나나855923,to_in_007,0
2024,나나855923,to_in_008,8
2024,나나855924,to_in_001,146
2024,나나855924,to_in_007,71
2024,나나855924,to_in_008,73
2024,나나857880,to_in_001,18
2024,나나857880,to_in_007,5
2024,나나857880,to_in_008,13
2024,나나857881,to_in_001,5
2024,나나857881,to_in_007,5
2024,나나857881,to_in_008,0
2024,나나857893,to_in_001,5
2024,나나857893,to_in_007,5
2024,나나857893,to_in_008,0
2024,나나857894,to_in_001,18
2024,나나857894,to_in_007,8
2024,나나857894,to_in_008,8
2024,나나857904,to_in_001,8
2024,나나857904,to_in_007,5
2024,나나857904,to_in_008,5
2024,나나857914,to_in_001,5
2024,나나857914,to_in_007,0
2024,나나857914,to_in_008,0
2024,나나857916,to_in_001,8
2024,나나857916,to_in_007,8
2024,나나857916,to_in_008,5
2024,나나857917,to_in_001,5
2024,나나857917,to_in_007,5
2024,나나857917,to_in_008,0
2024,나나857920,to_in_001,13
2024,나나857920,to_in_007,8
2024,나나857920,to_in_008,8
2024,나나857921,to_in_001,28
2024,나나857921,to_in_007,13
2024,나나857921,to_in_008,18
2024,나나857922,to_in_001,5
2024,나나857922,to_in_007,0
2024,나나857922,to_in_008,5
2024,나나857923,to_in_001,5
2024,나나857923,to_in_007,0
2024,나나857923,to_in_008,0
2024,나나857926,to_in_001,23
2024,나나857926,to_in_007,18
2024,나나857926,to_in_008,5
2024,나나857930,to_in_001,5
2024,나나857930,to_in_007,5
2024,나나857930,to_in_008,5
2024,나나857933,to_in_001,5
2024,나나857933,to_in_007,5
2024,나나857933,to_in_008,5
2024,나나857935,to_in_001,5
2024,나나857935,to_in_007,0
2024,나나857935,to_in_008,5
2024,나나857944,to_in_001,18
2024,나나857944,to_in_007,8
2024,나나857944,to_in_008,13
2024,나나857945,to_in_001,23
2024,나나857945,to_in_007,13
2024,나나857945,to_in_008,13
2024,나나858708,to_in_001,8
2024,나나858708,to_in_007,8
2024,나나858708,to_in_008,5
2024,나나858714,to_in_001,8
2024,나나858714,to_in_007,8
2024,나나858714,to_in_008,0
2024,나나858728,to_in_001,5
2024,나나858728,to_in_007,0
2024,나나858728,to_in_008,0
2024,나나858733,to_in_001,18
2024,나나858733,to_in_007,8
2024,나나858733,to_in_008,8
2024,나나858734,to_in_001,13
2024,나나858734,to_in_007,8
2024,나나858734,to_in_008,8
2024,나나858735,to_in_001,5
2024,나나858735,to_in_007,0
2024,나나858735,to_in_008,5
2024,나나858736,to_in_001,8
2024,나나858736,to_in_007,8
2024,나나858736,to_in_008,8
2024,나나858737,to_in_001,8
2024,나나858737,to_in_007,5
2024,나나858737,to_in_008,5
2024,나나858738,to_in_001,8
2024,나나858738,to_in_007,5
2024,나나858738,to_in_008,5
2024,나나858739,to_in_001,5
2024,나나858739,to_in_007,5
2024,나나858739,to_in_008,0
2024,나나858741,to_in_001,5
2024,나나858741,to_in_007,0
2024,나나858741,to_in_008,0
2024,나나858747,to_in_001,18
2024,나나858747,to_in_007,8
2024,나나858747,to_in_008,13
2024,나나858748,to_in_001,8
2024,나나858748,to_in_007,5
2024,나나858748,to_in_008,5
2024,나나858762,to_in_001,33
2024,나나858762,to_in_007,18
2024,나나858762,to_in_008,13
2024,나나858769,to_in_001,23
2024,나나858769,to_in_007,8
2024,나나858769,to_in_008,13
2024,나나858770,to_in_001,23
2024,나나858770,to_in_007,8
2024,나나858770,to_in_008,13
2024,나나858772,to_in_001,5
2024,나나858772,to_in_007,5
2024,나나858772,to_in_008,5
2024,나나858773,to_in_001,13
2024,나나858773,to_in_007,8
2024,나나858773,to_in_008,5
2024,나나858774,to_in_001,13
2024,나나858774,to_in_007,5
2024,나나858774,to_in_008,8
2024,나나858775,to_in_001,34
2024,나나858775,to_in_007,13
2024,나나858775,to_in_008,24
2024,나나858776,to_in_001,80
2024,나나858776,to_in_007,44
2024,나나858776,to_in_008,34
2024,나나858943,to_in_001,8
2024,나나858943,to_in_007,8
2024,나나858943,to_in_008,5
2024,나나858944,to_in_001,39
2024,나나858944,to_in_007,29
2024,나나858944,to_in_008,13
2024,나나858945,to_in_001,8
2024,나나858945,to_in_007,8
2024,나나858945,to_in_008,5
2024,나나859730,to_in_001,5
2024,나나859730,to_in_007,0
2024,나나859730,to_in_008,5
2024,나나859734,to_in_001,5
2024,나나859734,to_in_007,0
2024,나나859734,to_in_008,5
2024,나나859736,to_in_001,13
2024,나나859736,to_in_007,8
2024,나나859736,to_in_008,5
2024,나나859738,to_in_001,18
2024,나나859738,to_in_007,8
2024,나나859738,to_in_008,8
2024,나나859739,to_in_001,13
2024,나나859739,to_in_007,5
2024,나나859739,to_in_008,13
2024,나나859748,to_in_001,8
2024,나나859748,to_in_007,5
2024,나나859748,to_in_008,5
2024,나나859749,to_in_001,8
2024,나나859749,to_in_007,5
2024,나나859749,to_in_008,8
2024,나나859761,to_in_001,13
2024,나나859761,to_in_007,5
2024,나나859761,to_in_008,8
2024,나나859762,to_in_001,5
2024,나나859762,to_in_007,5
2024,나나859762,to_in_008,5
2024,나나859763,to_in_001,8
2024,나나859763,to_in_007,5
2024,나나859763,to_in_008,5
2024,나나859764,to_in_001,0
2024,나나859764,to_in_007,0
2024,나나859764,to_in_008,0
2024,나나859770,to_in_001,43
2024,나나859770,to_in_007,18
2024,나나859770,to_in_008,23
2024,나나859771,to_in_001,8
2024,나나859771,to_in_007,5
2024,나나859771,to_in_008,5
2024,나나859772,to_in_001,8
2024,나나859772,to_in_007,5
2024,나나859772,to_in_008,5
2024,나나859773,to_in_001,13
2024,나나859773,to_in_007,8
2024,나나859773,to_in_008,8
2024,나나859774,to_in_001,18
2024,나나859774,to_in_007,8
2024,나나859774,to_in_008,8
2024,나나859775,to_in_001,59
2024,나나859775,to_in_007,29
2024,나나859775,to_in_008,28
2024,나나859776,to_in_001,127
2024,나나859776,to_in_007,44
2024,나나859776,to_in_008,81
2024,나나859777,to_in_001,84
2024,나나859777,to_in_007,37
2024,나나859777,to_in_008,50
2024,나나859778,to_in_001,73
2024,나나859778,to_in_007,23
2024,나나859778,to_in_008,48
2024,나나859810,to_in_001,5
2024,나나859810,to_in_007,0
2024,나나859810,to_in_008,5
2024,나나859817,to_in_001,5
2024,나나859817,to_in_007,5
2024,나나859817,to_in_008,5
2024,나나859856,to_in_001,8
2024,나나859856,to_in_007,5
2024,나나859856,to_in_008,5
2024,나나859857,to_in_001,8
2024,나나859857,to_in_007,5
2024,나나859857,to_in_008,5
2024,나나859858,to_in_001,8
2024,나나859858,to_in_007,5
2024,나나859858,to_in_008,5
2024,나나859870,to_in_001,5
2024,나나859870,to_in_007,5
2024,나나859870,to_in_008,0
2024,나나859892,to_in_001,5
2024,나나859892,to_in_007,5
2024,나나859892,to_in_008,0
2024,나나859895,to_in_001,8
2024,나나859895,to_in_007,5
2024,나나859895,to_in_008,5
2024,나나859896,to_in_001,5
2024,나나859896,to_in_007,0
2024,나나859896,to_in_008,5
2024,나나859898,to_in_001,8
2024,나나859898,to_in_007,8
2024,나나859898,to_in_008,5
2024,나나859899,to_in_001,8
2024,나나859899,to_in_007,5
2024,나나859899,to_in_008,8
2024,나나859900,to_in_001,13
2024,나나859900,to_in_007,8
2024,나나859900,to_in_008,5
2024,나나859910,to_in_001,13
2024,나나859910,to_in_007,8
2024,나나859910,to_in_008,8
2024,나나859911,to_in_001,5
2024,나나859911,to_in_007,5
2024,나나859911,to_in_008,5
2024,나나859912,to_in_001,8
2024,나나859912,to_in_007,5
2024,나나859912,to_in_008,5
2024,나나859915,to_in_001,5
2024,나나859915,to_in_007,5
2024,나나859915,to_in_008,0
2024,나나859918,to_in_001,5
2024,나나859918,to_in_007,0
2024,나나859918,to_in_008,5
2024,나나859919,to_in_001,5
2024,나나859919,to_in_007,5
2024,나나859919,to_in_008,0
2024,나나859920,to_in_001,5
2024,나나859920,to_in_007,0
2024,나나859920,to_in_008,0
2024,나나859923,to_in_001,18
2024,나나859923,to_in_007,13
2024,나나859923,to_in_008,5
2024,나나859924,to_in_001,13
2024,나나859924,to_in_007,5
2024,나나859924,to_in_008,8
2024,나나859927,to_in_001,5
2024,나나859927,to_in_007,0
2024,나나859927,to_in_008,0
2024,나나859934,to_in_001,13
2024,나나859934,to_in_007,8
2024,나나859934,to_in_008,0
2024,나나859941,to_in_001,0
2024,나나859941,to_in_007,0
2024,나나859941,to_in_008,0
2024,나나859942,to_in_001,8
2024,나나859942,to_in_007,0
2024,나나859942,to_in_008,8
2024,나나859943,to_in_001,8
2024,나나859943,to_in_007,5
2024,나나859943,to_in_008,5
2024,나나860683,to_in_001,0
2024,나나860683,to_in_007,0
2024,나나860683,to_in_008,0
2024,나나860684,to_in_001,5
2024,나나860684,to_in_007,5
2024,나나860684,to_in_008,0
2024,나나860705,to_in_001,0
2024,나나860705,to_in_007,0
2024,나나860705,to_in_008,0
2024,나나860707,to_in_001,5
2024,나나860707,to_in_007,5
2024,나나860707,to_in_008,5
2024,나나860735,to_in_001,8
2024,나나860735,to_in_007,5
2024,나나860735,to_in_008,5
2024,나나860736,to_in_001,23
2024,나나860736,to_in_007,8
2024,나나860736,to_in_008,13
2024,나나860737,to_in_001,13
2024,나나860737,to_in_007,8
2024,나나860737,to_in_008,5
2024,나나860738,to_in_001,38
2024,나나860738,to_in_007,23
2024,나나860738,to_in_008,18
2024,나나860739,to_in_001,8
2024,나나860739,to_in_007,5
2024,나나860739,to_in_008,5
2024,나나860762,to_in_001,5
2024,나나860762,to_in_007,5
2024,나나860762,to_in_008,5
2024,나나860763,to_in_001,18
2024,나나860763,to_in_007,8
2024,나나860763,to_in_008,8
2024,나나860764,to_in_001,13
2024,나나860764,to_in_007,5
2024,나나846819,to_in_001,13
2024,나나846819,to_in_007,5
2024,나나846819,to_in_008,8
2024,나나846820,to_in_001,13
2024,나나846820,to_in_007,8
2024,나나846820,to_in_008,5
2024,나나846821,to_in_001,5
2024,나나846821,to_in_007,0
2024,나나846821,to_in_008,5
2024,나나846830,to_in_001,5
2024,나나846830,to_in_007,5
2024,나나846830,to_in_008,0
2024,나나846833,to_in_001,5
2024,나나846833,to_in_007,0
2024,나나846833,to_in_008,5
2024,나나846838,to_in_001,0
2024,나나846838,to_in_007,0
2024,나나846838,to_in_008,0
2024,나나846858,to_in_001,5
2024,나나846858,to_in_007,0
2024,나나846858,to_in_008,0
2024,나나846872,to_in_001,8
2024,나나846872,to_in_007,5
2024,나나846872,to_in_008,5
2024,나나846878,to_in_001,5
2024,나나846878,to_in_007,0
2024,나나846878,to_in_008,0
2024,나나846881,to_in_001,5
2024,나나846881,to_in_007,0
2024,나나846881,to_in_008,0
2024,나나846888,to_in_001,8
2024,나나846888,to_in_007,5
2024,나나846888,to_in_008,8
2024,나나846894,to_in_001,5
2024,나나846894,to_in_007,5
2024,나나846894,to_in_008,0
2024,나나846896,to_in_001,0
2024,나나846896,to_in_007,0
2024,나나846896,to_in_008,0
2024,나나846897,to_in_001,8
2024,나나846897,to_in_007,5
2024,나나846897,to_in_008,5
2024,나나846899,to_in_001,5
2024,나나846899,to_in_007,5
2024,나나846899,to_in_008,5
2024,나나846900,to_in_001,23
2024,나나846900,to_in_007,13
2024,나나846900,to_in_008,13
2024,나나846901,to_in_001,30
2024,나나846901,to_in_007,25
2024,나나846901,to_in_008,8
2024,나나846902,to_in_001,38
2024,나나846902,to_in_007,23
2024,나나846902,to_in_008,13
2024,나나846904,to_in_001,5
2024,나나846904,to_in_007,0
2024,나나846904,to_in_008,5
2024,나나846911,to_in_001,5
2024,나나846911,to_in_007,5
2024,나나846911,to_in_008,5
2024,나나851927,to_in_001,150
2024,나나851927,to_in_007,105
2024,나나851927,to_in_008,48
2024,나나851928,to_in_001,8
2024,나나851928,to_in_007,5
2024,나나851928,to_in_008,5
2024,나나851929,to_in_001,35
2024,나나851929,to_in_007,25
2024,나나851929,to_in_008,13
2024,나나851930,to_in_001,38
2024,나나851930,to_in_007,18
2024,나나851930,to_in_008,23
2024,나나851931,to_in_001,33
2024,나나851931,to_in_007,18
2024,나나851931,to_in_008,13
2024,나나851932,to_in_001,38
2024,나나851932,to_in_007,18
2024,나나851932,to_in_008,18
2024,나나851933,to_in_001,18
2024,나나851933,to_in_007,8
2024,나나851933,to_in_008,8
2024,나나851934,to_in_001,23
2024,나나851934,to_in_007,13
2024,나나851934,to_in_008,13
2024,나나851935,to_in_001,43
2024,나나851935,to_in_007,23
2024,나나851935,to_in_008,18
2024,나나851936,to_in_001,8
2024,나나851936,to_in_007,8
2024,나나851936,to_in_008,0
2024,나나851937,to_in_001,23
2024,나나851937,to_in_007,8
2024,나나851937,to_in_008,13
2024,나나851941,to_in_001,0
2024,나나851941,to_in_007,0
2024,나나851941,to_in_008,0
2024,나나851943,to_in_001,0
2024,나나851943,to_in_007,0
2024,나나851943,to_in_008,0
2024,나나852652,to_in_001,5
2024,나나852652,to_in_007,5
2024,나나852652,to_in_008,5
2024,나나852653,to_in_001,28
2024,나나852653,to_in_007,13
2024,나나852653,to_in_008,18
2024,나나852654,to_in_001,5
2024,나나852654,to_in_007,0
2024,나나852654,to_in_008,5
2024,나나852707,to_in_001,8
2024,나나852707,to_in_007,5
2024,나나852707,to_in_008,5
2024,나나852709,to_in_001,5
2024,나나852709,to_in_007,5
2024,나나852709,to_in_008,5
2024,나나852710,to_in_001,23
2024,나나852710,to_in_007,13
2024,나나852710,to_in_008,13
2024,나나852711,to_in_001,5
2024,나나852711,to_in_007,5
2024,나나852711,to_in_008,0
2024,나나852713,to_in_001,28
2024,나나852713,to_in_007,13
2024,나나852713,to_in_008,13
2024,나나852714,to_in_001,5
2024,나나852714,to_in_007,5
2024,나나852714,to_in_008,0
2024,나나852715,to_in_001,5
2024,나나852715,to_in_007,0
2024,나나852715,to_in_008,0
2024,나나852812,to_in_001,8
2024,나나852812,to_in_007,5
2024,나나852812,to_in_008,5
2024,나나852814,to_in_001,5
2024,나나852814,to_in_007,5
2024,나나852814,to_in_008,0
2024,나나852815,to_in_001,5
2024,나나852815,to_in_007,5
2024,나나852815,to_in_008,5
2024,나나852816,to_in_001,13
2024,나나852816,to_in_007,8
2024,나나852816,to_in_008,8
2024,나나852819,to_in_001,0
2024,나나852819,to_in_007,0
2024,나나852819,to_in_008,0
2024,나나854713,to_in_001,13
2024,나나854713,to_in_007,8
2024,나나854713,to_in_008,8
2024,나나854735,to_in_001,18
2024,나나854735,to_in_007,8
2024,나나854735,to_in_008,8
2024,나나854736,to_in_001,28
2024,나나854736,to_in_007,13
2024,나나854736,to_in_008,13
2024,나나854741,to_in_001,5
2024,나나854741,to_in_007,0
2024,나나854741,to_in_008,5
2024,나나854742,to_in_001,13
2024,나나854742,to_in_007,5
2024,나나854742,to_in_008,8
2024,나나854759,to_in_001,5
2024,나나854759,to_in_007,0
2024,나나854759,to_in_008,5
2024,나나854770,to_in_001,8
2024,나나854770,to_in_007,8
2024,나나854770,to_in_008,5
2024,나나854771,to_in_001,5
2024,나나854771,to_in_007,5
2024,나나854771,to_in_008,5
2024,나나854772,to_in_001,58
2024,나나854772,to_in_007,23
2024,나나854772,to_in_008,33
2024,나나854774,to_in_001,92
2024,나나854774,to_in_007,42
2024,나나854774,to_in_008,48
2024,나나854775,to_in_001,86
2024,나나854775,to_in_007,42
2024,나나854775,to_in_008,47
2024,나나854776,to_in_001,5
2024,나나854776,to_in_007,0
2024,나나854776,to_in_008,0
2024,나나854811,to_in_001,5
2024,나나854811,to_in_007,0
2024,나나854811,to_in_008,0
2024,나나854812,to_in_001,8
2024,나나854812,to_in_007,5
2024,나나854812,to_in_008,8
2024,나나854813,to_in_001,5
2024,나나854813,to_in_007,5
2024,나나854813,to_in_008,0
2024,나나854814,to_in_001,8
2024,나나854814,to_in_007,8
2024,나나854814,to_in_008,5
2024,나나854815,to_in_001,5
2024,나나854815,to_in_007,5
2024,나나854815,to_in_008,5
2024,나나854816,to_in_001,8
2024,나나854816,to_in_007,5
2024,나나854816,to_in_008,5
2024,나나854817,to_in_001,5
2024,나나854817,to_in_007,5
2024,나나854817,to_in_008,0
2024,나나854845,to_in_001,5
2024,나나854845,to_in_007,0
2024,나나854845,to_in_008,5
2024,나나854847,to_in_001,0
2024,나나854847,to_in_007,0
2024,나나854847,to_in_008,0
2024,나나854860,to_in_001,0
2024,나나854860,to_in_007,0
2024,나나854860,to_in_008,0
2024,나나854862,to_in_001,5
2024,나나854862,to_in_007,0
2024,나나854862,to_in_008,0
2024,나나854863,to_in_001,8
2024,나나854863,to_in_007,5
2024,나나854863,to_in_008,5
2024,나나854864,to_in_001,8
2024,나나854864,to_in_007,5
2024,나나854864,to_in_008,8
2024,나나854865,to_in_001,8
2024,나나854865,to_in_007,8
2024,나나854865,to_in_008,5
2024,나나854870,to_in_001,5
2024,나나854870,to_in_007,5
2024,나나854870,to_in_008,0
2024,나나854878,to_in_001,5
2024,나나854878,to_in_007,5
2024,나나854878,to_in_008,0
2024,나나854881,to_in_001,5
2024,나나854881,to_in_007,0
2024,나나854881,to_in_008,0
2024,나나854882,to_in_001,0
2024,나나854882,to_in_007,0
2024,나나854882,to_in_008,0
2024,나나858777,to_in_001,54
2024,나나858777,to_in_007,23
2024,나나858777,to_in_008,34
2024,나나858778,to_in_001,50
2024,나나858778,to_in_007,25
2024,나나858778,to_in_008,23
2024,나나858810,to_in_001,18
2024,나나858810,to_in_007,8
2024,나나858810,to_in_008,8
2024,나나858811,to_in_001,8
2024,나나858811,to_in_007,5
2024,나나858811,to_in_008,5
2024,나나858817,to_in_001,8
2024,나나858817,to_in_007,5
2024,나나858817,to_in_008,8
2024,나나858818,to_in_001,5
2024,나나858818,to_in_007,5
2024,나나858818,to_in_008,0
2024,나나858857,to_in_001,5
2024,나나858857,to_in_007,5
2024,나나858857,to_in_008,5
2024,나나858858,to_in_001,0
2024,나나858858,to_in_007,0
2024,나나858858,to_in_008,0
2024,나나858859,to_in_001,0
2024,나나858859,to_in_007,0
2024,나나858859,to_in_008,0
2024,나나858861,to_in_001,5
2024,나나858861,to_in_007,0
2024,나나858861,to_in_008,0
2024,나나858862,to_in_001,5
2024,나나858862,to_in_007,0
2024,나나858862,to_in_008,5
2024,나나858863,to_in_001,5
2024,나나858863,to_in_007,5
2024,나나858863,to_in_008,0
2024,나나858865,to_in_001,8
2024,나나858865,to_in_007,0
2024,나나858865,to_in_008,8
2024,나나858867,to_in_001,0
2024,나나858867,to_in_007,0
2024,나나858867,to_in_008,0
2024,나나858868,to_in_001,5
2024,나나858868,to_in_007,5
2024,나나858868,to_in_008,0
2024,나나858869,to_in_001,8
2024,나나858869,to_in_007,8
2024,나나858869,to_in_008,0
2024,나나858870,to_in_001,8
2024,나나858870,to_in_007,8
2024,나나858870,to_in_008,5
2024,나나858880,to_in_001,5
2024,나나858880,to_in_007,5
2024,나나858880,to_in_008,0
2024,나나858881,to_in_001,5
2024,나나858881,to_in_007,5
2024,나나858881,to_in_008,0
2024,나나858887,to_in_001,0
2024,나나858887,to_in_007,0
2024,나나860764,to_in_008,8
2024,나나860771,to_in_001,65
2024,나나860771,to_in_007,26
2024,나나860771,to_in_008,37
2024,나나860774,to_in_001,5
2024,나나860774,to_in_007,5
2024,나나860774,to_in_008,0
2024,나나860776,to_in_001,84
2024,나나860776,to_in_007,34
2024,나나860776,to_in_008,53
2024,나나860777,to_in_001,132
2024,나나860777,to_in_007,61
2024,나나860777,to_in_008,74
2024,나나860778,to_in_001,76
2024,나나860778,to_in_007,34
2024,나나860778,to_in_008,40
2024,나나860779,to_in_001,49
2024,나나860779,to_in_007,18
2024,나나860779,to_in_008,29
2024,나나860846,to_in_001,0
2024,나나860846,to_in_007,0
2024,나나860846,to_in_008,0
2024,나나860850,to_in_001,5
2024,나나860850,to_in_007,0
2024,나나860850,to_in_008,5
2024,나나860851,to_in_001,13
2024,나나860851,to_in_007,8
2024,나나860851,to_in_008,5
2024,나나860856,to_in_001,8
2024,나나860856,to_in_007,5
2024,나나860856,to_in_008,5
2024,나나860861,to_in_001,5
2024,나나860861,to_in_007,5
2024,나나860861,to_in_008,0
2024,나나860872,to_in_001,5
2024,나나860872,to_in_007,5
2024,나나860872,to_in_008,0
2024,나나860873,to_in_001,8
2024,나나860873,to_in_007,8
2024,나나860873,to_in_008,5
2024,나나860874,to_in_001,5
2024,나나860874,to_in_007,5
2024,나나860874,to_in_008,0
2024,나나860877,to_in_001,5
2024,나나860877,to_in_007,5
2024,나나860877,to_in_008,0
2024,나나860884,to_in_001,0
2024,나나860884,to_in_007,0
2024,나나860884,to_in_008,0
2024,나나860887,to_in_001,5
2024,나나860887,to_in_007,5
2024,나나860887,to_in_008,0
2024,나나860895,to_in_001,18
2024,나나860895,to_in_007,13
2024,나나860895,to_in_008,8
2024,나나860896,to_in_001,8
2024,나나860896,to_in_007,8
2024,나나860896,to_in_008,5
2024,나나862931,to_in_001,8
2024,나나862931,to_in_007,0
2024,나나862931,to_in_008,8
2024,나나862932,to_in_001,8
2024,나나862932,to_in_007,8
2024,나나862932,to_in_008,5
2024,나나862938,to_in_001,5
2024,나나862938,to_in_007,5
2024,나나862938,to_in_008,0
2024,나나862941,to_in_001,13
2024,나나862941,to_in_007,8
2024,나나862941,to_in_008,0
2024,나나862945,to_in_001,8
2024,나나862945,to_in_007,5
2024,나나862945,to_in_008,5
2024,나나862946,to_in_001,8
2024,나나862946,to_in_007,5
2024,나나862946,to_in_008,8
2024,나나862947,to_in_001,5
2024,나나862947,to_in_007,5
2024,나나862947,to_in_008,5
2024,나나862948,to_in_001,5
2024,나나862948,to_in_007,0
2024,나나862948,to_in_008,5
2024,나나862949,to_in_001,5
2024,나나862949,to_in_007,5
2024,나나862949,to_in_008,5
2024,나나863734,to_in_001,8
2024,나나863734,to_in_007,0
2024,나나863734,to_in_008,8
2024,나나863735,to_in_001,13
2024,나나863735,to_in_007,8
2024,나나863735,to_in_008,8
2024,나나863736,to_in_001,23
2024,나나863736,to_in_007,13
2024,나나863736,to_in_008,8
2024,나나863737,to_in_001,0
2024,나나863737,to_in_007,0
2024,나나863737,to_in_008,0
2024,나나863738,to_in_001,8
2024,나나863738,to_in_007,5
2024,나나863738,to_in_008,5
2024,나나863739,to_in_001,13
2024,나나863739,to_in_007,5
2024,나나863739,to_in_008,8
2024,나나863740,to_in_001,8
2024,나나863740,to_in_007,8
2024,나나863740,to_in_008,5
2024,나나863749,to_in_001,5
2024,나나863749,to_in_007,5
2024,나나863749,to_in_008,0
2024,나나863751,to_in_001,8
2024,나나863751,to_in_007,5
2024,나나863751,to_in_008,5
2024,나나863759,to_in_001,13
2024,나나863759,to_in_007,8
2024,나나863759,to_in_008,8
2024,나나863760,to_in_001,44
2024,나나863760,to_in_007,24
2024,나나863760,to_in_008,18
2024,나나863761,to_in_001,18
2024,나나863761,to_in_007,13
2024,나나863761,to_in_008,8
2024,나나863762,to_in_001,28
2024,나나863762,to_in_007,8
2024,나나863762,to_in_008,18
2024,나나863763,to_in_001,28
2024,나나863763,to_in_007,13
2024,나나863763,to_in_008,13
2024,나나863764,to_in_001,38
2024,나나863764,to_in_007,18
2024,나나863764,to_in_008,18
2024,나나863765,to_in_001,0
2024,나나863765,to_in_007,0
2024,나나863765,to_in_008,0
2024,나나863767,to_in_001,8
2024,나나863767,to_in_007,5
2024,나나863767,to_in_008,5
2024,나나863769,to_in_001,5
2024,나나863769,to_in_007,0
2024,나나863769,to_in_008,5
2024,나나863778,to_in_001,13
2024,나나863778,to_in_007,5
2024,나나863778,to_in_008,8
2024,나나863779,to_in_001,139
2024,나나863779,to_in_007,55
2024,나나863779,to_in_008,82
2024,나나863780,to_in_001,125
2024,나나863780,to_in_007,48
2024,나나863780,to_in_008,80
2024,나나863781,to_in_001,140
2024,나나863781,to_in_007,67
2024,나나863781,to_in_008,76
2024,나나863839,to_in_001,0
2024,나나863839,to_in_007,0
2024,나나863839,to_in_008,0
2024,나나863840,to_in_001,0
2024,나나863840,to_in_007,0
2024,나나863840,to_in_008,0
2024,나나863844,to_in_001,5
2024,나나863844,to_in_007,0
2024,나나863844,to_in_008,0
2024,나나863849,to_in_001,5
2024,나나863849,to_in_007,0
2024,나나863849,to_in_008,5
2024,나나863850,to_in_001,8
2024,나나863850,to_in_007,5
2024,나나863850,to_in_008,5
2024,나나863857,to_in_001,0
2024,나나863857,to_in_007,0
2024,나나863857,to_in_008,0
2024,나나863874,to_in_001,0
2024,나나863874,to_in_007,0
2024,나나863874,to_in_008,0
2024,나나863875,to_in_001,5
2024,나나863875,to_in_007,0
2024,나나863875,to_in_008,0
2024,나나863876,to_in_001,5
2024,나나863876,to_in_007,0
2024,나나863876,to_in_008,5
2024,나나863879,to_in_001,5
2024,나나863879,to_in_007,0
2024,나나863879,to_in_008,5
2024,나나863887,to_in_001,8
2024,나나863887,to_in_007,8
2024,나나863887,to_in_008,0
2024,나나863889,to_in_001,8
2024,나나863889,to_in_007,8
2024,나나863889,to_in_008,0
2024,나나863897,to_in_001,28
2024,나나863897,to_in_007,13
2024,나나863897,to_in_008,18
2024,나나863907,to_in_001,5
2024,나나863907,to_in_007,0
2024,나나863907,to_in_008,0
2024,나나863910,to_in_001,0
2024,나나863910,to_in_007,0
2024,나나863910,to_in_008,0
2024,나나864786,to_in_001,0
2024,나나864786,to_in_007,0
2024,나나864786,to_in_008,0
2024,나나864844,to_in_001,5
2024,나나864844,to_in_007,0
2024,나나864844,to_in_008,5
2024,나나864845,to_in_001,5
2024,나나864845,to_in_007,5
2024,나나864845,to_in_008,0
2024,나나864846,to_in_001,8
2024,나나864846,to_in_007,5
2024,나나864846,to_in_008,5
2024,나나864847,to_in_001,8
2024,나나864847,to_in_007,5
2024,나나864847,to_in_008,5
2024,나나864848,to_in_001,5
2024,나나864848,to_in_007,0
2024,나나864848,to_in_008,5
2024,나나864857,to_in_001,5
2024,나나864857,to_in_007,5
2024,나나864857,to_in_008,0
2024,나나864869,to_in_001,0
2024,나나864869,to_in_007,0
2024,나나864869,to_in_008,0
2024,나나864876,to_in_001,8
2024,나나864876,to_in_007,5
2024,나나864876,to_in_008,5
2024,나나864877,to_in_001,8
2024,나나864877,to_in_007,8
2024,나나864877,to_in_008,5
2024,나나852936,to_in_008,8
2024,나나852937,to_in_001,18
2024,나나852937,to_in_007,8
2024,나나852937,to_in_008,8
2024,나나852943,to_in_001,13
2024,나나852943,to_in_007,13
2024,나나852943,to_in_008,0
2024,나나852944,to_in_001,5
2024,나나852944,to_in_007,0
2024,나나852944,to_in_008,5
2024,나나853649,to_in_001,5
2024,나나853649,to_in_007,0
2024,나나853649,to_in_008,5
2024,나나853650,to_in_001,5
2024,나나853650,to_in_007,5
2024,나나853650,to_in_008,0
2024,나나853653,to_in_001,8
2024,나나853653,to_in_007,5
2024,나나853653,to_in_008,0
2024,나나853654,to_in_001,8
2024,나나853654,to_in_007,0
2024,나나853654,to_in_008,8
2024,나나853679,to_in_001,8
2024,나나853679,to_in_007,8
2024,나나853679,to_in_008,0
2024,나나853704,to_in_001,8
2024,나나853704,to_in_007,5
2024,나나853704,to_in_008,5
2024,나나853709,to_in_001,8
2024,나나853709,to_in_007,5
2024,나나853709,to_in_008,5
2024,나나853710,to_in_001,18
2024,나나853710,to_in_007,8
2024,나나853710,to_in_008,8
2024,나나853711,to_in_001,13
2024,나나853711,to_in_007,5
2024,나나853711,to_in_008,8
2024,나나853712,to_in_001,8
2024,나나853712,to_in_007,5
2024,나나853712,to_in_008,5
2024,나나853713,to_in_001,28
2024,나나853713,to_in_007,13
2024,나나853713,to_in_008,13
2024,나나853714,to_in_001,28
2024,나나853714,to_in_007,18
2024,나나853714,to_in_008,13
2024,나나853715,to_in_001,8
2024,나나853715,to_in_007,5
2024,나나853715,to_in_008,5
2024,나나853718,to_in_001,8
2024,나나853718,to_in_007,8
2024,나나853718,to_in_008,0
2024,나나853741,to_in_001,8
2024,나나853741,to_in_007,5
2024,나나853741,to_in_008,5
2024,나나853742,to_in_001,8
2024,나나853742,to_in_007,5
2024,나나853742,to_in_008,5
2024,나나853743,to_in_001,0
2024,나나853743,to_in_007,0
2024,나나853743,to_in_008,0
2024,나나853745,to_in_001,0
2024,나나853745,to_in_007,0
2024,나나853745,to_in_008,0
2024,나나853746,to_in_001,13
2024,나나853746,to_in_007,5
2024,나나853746,to_in_008,8
2024,나나853773,to_in_001,23
2024,나나853773,to_in_007,8
2024,나나853773,to_in_008,13
2024,나나853774,to_in_001,153
2024,나나853774,to_in_007,61
2024,나나853774,to_in_008,90
2024,나나853775,to_in_001,44
2024,나나853775,to_in_007,18
2024,나나853775,to_in_008,24
2024,나나853776,to_in_001,8
2024,나나853776,to_in_007,0
2024,나나853776,to_in_008,8
2024,나나853811,to_in_001,5
2024,나나853811,to_in_007,5
2024,나나853811,to_in_008,0
2024,나나853812,to_in_001,8
2024,나나853812,to_in_007,5
2024,나나853812,to_in_008,8
2024,나나853814,to_in_001,8
2024,나나853814,to_in_007,5
2024,나나853814,to_in_008,5
2024,나나853815,to_in_001,18
2024,나나853815,to_in_007,13
2024,나나853815,to_in_008,8
2024,나나853816,to_in_001,5
2024,나나853816,to_in_007,0
2024,나나853816,to_in_008,5
2024,나나853817,to_in_001,8
2024,나나853817,to_in_007,5
2024,나나853817,to_in_008,8
2024,나나853819,to_in_001,5
2024,나나853819,to_in_007,5
2024,나나853819,to_in_008,0
2024,나나853820,to_in_001,0
2024,나나853820,to_in_007,0
2024,나나853820,to_in_008,0
2024,나나853825,to_in_001,0
2024,나나853825,to_in_007,0
2024,나나853825,to_in_008,0
2024,나나853835,to_in_001,0
2024,나나853835,to_in_007,0
2024,나나853835,to_in_008,0
2024,나나855925,to_in_001,89
2024,나나855925,to_in_007,37
2024,나나855925,to_in_008,50
2024,나나855926,to_in_001,101
2024,나나855926,to_in_007,50
2024,나나855926,to_in_008,49
2024,나나855927,to_in_001,5
2024,나나855927,to_in_007,0
2024,나나855927,to_in_008,5
2024,나나855930,to_in_001,8
2024,나나855930,to_in_007,5
2024,나나855930,to_in_008,5
2024,나나855933,to_in_001,28
2024,나나855933,to_in_007,13
2024,나나855933,to_in_008,13
2024,나나855934,to_in_001,48
2024,나나855934,to_in_007,23
2024,나나855934,to_in_008,28
2024,나나855935,to_in_001,48
2024,나나855935,to_in_007,23
2024,나나855935,to_in_008,23
2024,나나855936,to_in_001,5
2024,나나855936,to_in_007,5
2024,나나855936,to_in_008,5
2024,나나856645,to_in_001,8
2024,나나856645,to_in_007,5
2024,나나856645,to_in_008,5
2024,나나856646,to_in_001,13
2024,나나856646,to_in_007,8
2024,나나856646,to_in_008,8
2024,나나856649,to_in_001,5
2024,나나856649,to_in_007,5
2024,나나856649,to_in_008,0
2024,나나856698,to_in_001,5
2024,나나856698,to_in_007,5
2024,나나856698,to_in_008,5
2024,나나856699,to_in_001,5
2024,나나856699,to_in_007,5
2024,나나856699,to_in_008,0
2024,나나856704,to_in_001,5
2024,나나856704,to_in_007,0
2024,나나856704,to_in_008,0
2024,나나856741,to_in_001,43
2024,나나856741,to_in_007,18
2024,나나856741,to_in_008,23
2024,나나856742,to_in_001,8
2024,나나856742,to_in_007,5
2024,나나856742,to_in_008,5
2024,나나856743,to_in_001,5
2024,나나856743,to_in_007,0
2024,나나856743,to_in_008,0
2024,나나856762,to_in_001,5
2024,나나856762,to_in_007,5
2024,나나856762,to_in_008,0
2024,나나856771,to_in_001,36
2024,나나856771,to_in_007,15
2024,나나856771,to_in_008,19
2024,나나856775,to_in_001,5
2024,나나856775,to_in_007,5
2024,나나856775,to_in_008,5
2024,나나856776,to_in_001,8
2024,나나856776,to_in_007,5
2024,나나856776,to_in_008,8
2024,나나856814,to_in_001,5
2024,나나856814,to_in_007,5
2024,나나856814,to_in_008,0
2024,나나856815,to_in_001,5
2024,나나856815,to_in_007,5
2024,나나856815,to_in_008,5
2024,나나856816,to_in_001,5
2024,나나856816,to_in_007,0
2024,나나856816,to_in_008,5
2024,나나856817,to_in_001,8
2024,나나856817,to_in_007,5
2024,나나856817,to_in_008,5
2024,나나856818,to_in_001,5
2024,나나856818,to_in_007,0
2024,나나856818,to_in_008,5
2024,나나856828,to_in_001,5
2024,나나856828,to_in_007,5
2024,나나856828,to_in_008,5
2024,나나860897,to_in_001,8
2024,나나860897,to_in_007,5
2024,나나860897,to_in_008,8
2024,나나860899,to_in_001,8
2024,나나860899,to_in_007,5
2024,나나860899,to_in_008,8
2024,나나860910,to_in_001,0
2024,나나860910,to_in_007,0
2024,나나860910,to_in_008,0
2024,나나860915,to_in_001,8
2024,나나860915,to_in_007,8
2024,나나860915,to_in_008,5
2024,나나860916,to_in_001,5
2024,나나860916,to_in_007,0
2024,나나860916,to_in_008,5
2024,나나860917,to_in_001,5
2024,나나860917,to_in_007,0
2024,나나860917,to_in_008,5
2024,나나860918,to_in_001,5
2024,나나860918,to_in_007,0
2024,나나860918,to_in_008,0
2024,나나860923,to_in_001,8
2024,나나860923,to_in_007,5
2024,나나860923,to_in_008,5
2024,나나860928,to_in_001,8
2024,나나860928,to_in_007,8
2024,나나860928,to_in_008,5
2024,나나860929,to_in_001,5
2024,나나860929,to_in_007,5
2024,나나860929,to_in_008,5
2024,나나860943,to_in_001,5
2024,나나860943,to_in_007,5
2024,나나860943,to_in_008,5
2024,나나860944,to_in_001,5
2024,나나860944,to_in_007,5
2024,나나860944,to_in_008,0
2024,나나861732,to_in_001,5
2024,나나861732,to_in_007,0
2024,나나861732,to_in_008,5
2024,나나861733,to_in_001,8
2024,나나861733,to_in_007,5
2024,나나861733,to_in_008,5
2024,나나861734,to_in_001,8
2024,나나861734,to_in_007,5
2024,나나861734,to_in_008,5
2024,나나861735,to_in_001,13
2024,나나861735,to_in_007,8
2024,나나861735,to_in_008,8
2024,나나861736,to_in_001,5
2024,나나861736,to_in_007,0
2024,나나861736,to_in_008,5
2024,나나861737,to_in_001,23
2024,나나861737,to_in_007,13
2024,나나861737,to_in_008,13
2024,나나861738,to_in_001,23
2024,나나861738,to_in_007,18
2024,나나861738,to_in_008,8
2024,나나861739,to_in_001,8
2024,나나861739,to_in_007,8
2024,나나861739,to_in_008,5
2024,나나861749,to_in_001,5
2024,나나861749,to_in_007,0
2024,나나861749,to_in_008,5
2024,나나861750,to_in_001,18
2024,나나861750,to_in_007,8
2024,나나861750,to_in_008,13
2024,나나861751,to_in_001,8
2024,나나861751,to_in_007,5
2024,나나861751,to_in_008,5
2024,나나861758,to_in_001,35
2024,나나861758,to_in_007,13
2024,나나861758,to_in_008,20
2024,나나861759,to_in_001,5
2024,나나861759,to_in_007,5
2024,나나861759,to_in_008,0
2024,나나861760,to_in_001,69
2024,나나861760,to_in_007,31
2024,나나861760,to_in_008,41
2024,나나861761,to_in_001,38
2024,나나861761,to_in_007,18
2024,나나861761,to_in_008,23
2024,나나861762,to_in_001,5
2024,나나861762,to_in_007,5
2024,나나861762,to_in_008,0
2024,나나861763,to_in_001,0
2024,나나861763,to_in_007,0
2024,나나861763,to_in_008,0
2024,나나861764,to_in_001,5
2024,나나861764,to_in_007,5
2024,나나861764,to_in_008,0
2024,나나861765,to_in_001,5
2024,나나861765,to_in_007,5
2024,나나861765,to_in_008,0
2024,나나861766,to_in_001,38
2024,나나861766,to_in_007,18
2024,나나861766,to_in_008,18
2024,나나861768,to_in_001,18
2024,나나861768,to_in_007,5
2024,나나861768,to_in_008,13
2024,나나861770,to_in_001,28
2024,나나861770,to_in_007,8
2024,나나861770,to_in_008,18
2024,나나861771,to_in_001,38
2024,나나850934,to_in_008,18
2024,나나850935,to_in_001,28
2024,나나850935,to_in_007,18
2024,나나850935,to_in_008,13
2024,나나854944,to_in_001,8
2024,나나854944,to_in_007,5
2024,나나854944,to_in_008,5
2024,나나855644,to_in_001,5
2024,나나855644,to_in_007,0
2024,나나855644,to_in_008,0
2024,나나855645,to_in_001,23
2024,나나855645,to_in_007,13
2024,나나855645,to_in_008,13
2024,나나855646,to_in_001,23
2024,나나855646,to_in_007,13
2024,나나855646,to_in_008,13
2024,나나855647,to_in_001,8
2024,나나855647,to_in_007,5
2024,나나855647,to_in_008,5
2024,나나855655,to_in_001,5
2024,나나855655,to_in_007,5
2024,나나855655,to_in_008,0
2024,나나855703,to_in_001,5
2024,나나855703,to_in_007,0
2024,나나855703,to_in_008,5
2024,나나855712,to_in_001,5
2024,나나855712,to_in_007,5
2024,나나855712,to_in_008,0
2024,나나855738,to_in_001,0
2024,나나855738,to_in_007,0
2024,나나855738,to_in_008,0
2024,나나855740,to_in_001,5
2024,나나855740,to_in_007,5
2024,나나855740,to_in_008,5
2024,나나855741,to_in_001,38
2024,나나855741,to_in_007,18
2024,나나855741,to_in_008,18
2024,나나855742,to_in_001,28
2024,나나855742,to_in_007,13
2024,나나855742,to_in_008,13
2024,나나855769,to_in_001,33
2024,나나855769,to_in_007,18
2024,나나855769,to_in_008,13
2024,나나855770,to_in_001,8
2024,나나855770,to_in_007,5
2024,나나855770,to_in_008,5
2024,나나855771,to_in_001,18
2024,나나855771,to_in_007,8
2024,나나855771,to_in_008,8
2024,나나855772,to_in_001,34
2024,나나855772,to_in_007,13
2024,나나855772,to_in_008,19
2024,나나855775,to_in_001,8
2024,나나855775,to_in_007,0
2024,나나855775,to_in_008,8
2024,나나855776,to_in_001,13
2024,나나855776,to_in_007,8
2024,나나855776,to_in_008,8
2024,나나855813,to_in_001,8
2024,나나855813,to_in_007,5
2024,나나855813,to_in_008,5
2024,나나855814,to_in_001,5
2024,나나855814,to_in_007,5
2024,나나855814,to_in_008,0
2024,나나855815,to_in_001,8
2024,나나855815,to_in_007,5
2024,나나855815,to_in_008,8
2024,나나855816,to_in_001,0
2024,나나855816,to_in_007,0
2024,나나855816,to_in_008,0
2024,나나855819,to_in_001,5
2024,나나855819,to_in_007,0
2024,나나855819,to_in_008,5
2024,나나855834,to_in_001,0
2024,나나855834,to_in_007,0
2024,나나855834,to_in_008,0
2024,나나855835,to_in_001,5
2024,나나855835,to_in_007,5
2024,나나855835,to_in_008,0
2024,나나855838,to_in_001,0
2024,나나855838,to_in_007,0
2024,나나855838,to_in_008,0
2024,나나856839,to_in_001,5
2024,나나856839,to_in_007,0
2024,나나856839,to_in_008,5
2024,나나856845,to_in_001,5
2024,나나856845,to_in_007,0
2024,나나856845,to_in_008,5
2024,나나856851,to_in_001,0
2024,나나856851,to_in_007,0
2024,나나856851,to_in_008,0
2024,나나856855,to_in_001,5
2024,나나856855,to_in_007,5
2024,나나856855,to_in_008,5
2024,나나856859,to_in_001,5
2024,나나856859,to_in_007,5
2024,나나856859,to_in_008,0
2024,나나856860,to_in_001,8
2024,나나856860,to_in_007,5
2024,나나856860,to_in_008,5
2024,나나856861,to_in_001,5
2024,나나856861,to_in_007,5
2024,나나856861,to_in_008,5
2024,나나856865,to_in_001,8
2024,나나856865,to_in_007,5
2024,나나856865,to_in_008,5
2024,나나856866,to_in_001,13
2024,나나856866,to_in_007,5
2024,나나856866,to_in_008,8
2024,나나856867,to_in_001,5
2024,나나856867,to_in_007,0
2024,나나856867,to_in_008,0
2024,나나856872,to_in_001,5
2024,나나856872,to_in_007,0
2024,나나856872,to_in_008,5
2024,나나856883,to_in_001,8
2024,나나856883,to_in_007,5
2024,나나856883,to_in_008,5
2024,나나856888,to_in_001,0
2024,나나856888,to_in_007,0
2024,나나856888,to_in_008,0
2024,나나856894,to_in_001,5
2024,나나856894,to_in_007,5
2024,나나856894,to_in_008,0
2024,나나856897,to_in_001,8
2024,나나856897,to_in_007,8
2024,나나856897,to_in_008,5
2024,나나856900,to_in_001,8
2024,나나856900,to_in_007,5
2024,나나856900,to_in_008,5
2024,나나856901,to_in_001,5
2024,나나856901,to_in_007,5
2024,나나856901,to_in_008,0
2024,나나856915,to_in_001,5
2024,나나856915,to_in_007,0
2024,나나856915,to_in_008,0
2024,나나856916,to_in_001,18
2024,나나856916,to_in_007,13
2024,나나856916,to_in_008,8
2024,나나856917,to_in_001,28
2024,나나856917,to_in_007,13
2024,나나856917,to_in_008,13
2024,나나856918,to_in_001,5
2024,나나856918,to_in_007,5
2024,나나856918,to_in_008,0
2024,나나856919,to_in_001,28
2024,나나856919,to_in_007,13
2024,나나856919,to_in_008,13
2024,나나856920,to_in_001,127
2024,나나856920,to_in_007,60
2024,나나856920,to_in_008,65
2024,나나856921,to_in_001,63
2024,나나856921,to_in_007,33
2024,나나856921,to_in_008,33
2024,나나856922,to_in_001,43
2024,나나856922,to_in_007,18
2024,나나856922,to_in_008,23
2024,나나856926,to_in_001,8
2024,나나856926,to_in_007,5
2024,나나856926,to_in_008,5
2024,나나856927,to_in_001,8
2024,나나856927,to_in_007,5
2024,나나856927,to_in_008,5
2024,나나861875,to_in_001,5
2024,나나861875,to_in_007,0
2024,나나861875,to_in_008,5
2024,나나861878,to_in_001,5
2024,나나861878,to_in_007,0
2024,나나861878,to_in_008,0
2024,나나861879,to_in_001,8
2024,나나861879,to_in_007,5
2024,나나861879,to_in_008,5
2024,나나861886,to_in_001,8
2024,나나861886,to_in_007,5
2024,나나861886,to_in_008,5
2024,나나861887,to_in_001,13
2024,나나861887,to_in_007,13
2024,나나861887,to_in_008,0
2024,나나861889,to_in_001,5
2024,나나861889,to_in_007,5
2024,나나861889,to_in_008,0
2024,나나861897,to_in_001,0
2024,나나861897,to_in_007,0
2024,나나861897,to_in_008,0
2024,나나861901,to_in_001,8
2024,나나861901,to_in_007,8
2024,나나861901,to_in_008,5
2024,나나861907,to_in_001,0
2024,나나861907,to_in_007,0
2024,나나861907,to_in_008,0
2024,나나861908,to_in_001,5
2024,나나861908,to_in_007,0
2024,나나861908,to_in_008,0
2024,나나861914,to_in_001,18
2024,나나861914,to_in_007,8
2024,나나861914,to_in_008,8
2024,나나861915,to_in_001,23
2024,나나861915,to_in_007,18
2024,나나861915,to_in_008,8
2024,나나861916,to_in_001,13
2024,나나861916,to_in_007,5
2024,나나861916,to_in_008,8
2024,나나861920,to_in_001,5
2024,나나861920,to_in_007,5
2024,나나861920,to_in_008,5
2024,나나861921,to_in_001,5
2024,나나861921,to_in_007,5
2024,나나861921,to_in_008,0
2024,나나861923,to_in_001,5
2024,나나861923,to_in_007,5
2024,나나861923,to_in_008,5
2024,나나861926,to_in_001,5
2024,나나861926,to_in_007,5
2024,나나861926,to_in_008,0
2024,나나861927,to_in_001,61
2024,나나861927,to_in_007,28
2024,나나861927,to_in_008,36
2024,나나861928,to_in_001,43
2024,나나861928,to_in_007,23
2024,나나861928,to_in_008,18
2024,나나861929,to_in_001,8
2024,나나861929,to_in_007,5
2024,나나861929,to_in_008,5
2024,나나861931,to_in_001,5
2024,나나861931,to_in_007,5
2024,나나861931,to_in_008,0
2024,나나861932,to_in_001,8
2024,나나861932,to_in_007,5
2024,나나861932,to_in_008,5
2024,나나861934,to_in_001,0
2024,나나861934,to_in_007,0
2024,나나861934,to_in_008,0
2024,나나861938,to_in_001,8
2024,나나861938,to_in_007,8
2024,나나861938,to_in_008,0
2024,나나861941,to_in_001,5
2024,나나861941,to_in_007,5
2024,나나861941,to_in_008,0
2024,나나861944,to_in_001,5
2024,나나861944,to_in_007,0
2024,나나861944,to_in_008,5
2024,나나861945,to_in_001,33
2024,나나861945,to_in_007,18
2024,나나861945,to_in_008,13
2024,나나861946,to_in_001,8
2024,나나861946,to_in_007,5
2024,나나861946,to_in_008,8
2024,나나861947,to_in_001,5
2024,나나861947,to_in_007,0
2024,나나861947,to_in_008,5
2024,나나862732,to_in_001,5
2024,나나862732,to_in_007,0
2024,나나862732,to_in_008,5
2024,나나862733,to_in_001,8
2024,나나862733,to_in_007,0
2024,나나862733,to_in_008,8
2024,나나862734,to_in_001,13
2024,나나862734,to_in_007,8
2024,나나862734,to_in_008,5
2024,나나862735,to_in_001,18
2024,나나862735,to_in_007,13
2024,나나862735,to_in_008,8
2024,나나862736,to_in_001,5
2024,나나862736,to_in_007,5
2024,나나862736,to_in_008,5
2024,나나862737,to_in_001,8
2024,나나862737,to_in_007,5
2024,나나862737,to_in_008,5
2024,나나862738,to_in_001,5
2024,나나862738,to_in_007,5
2024,나나862738,to_in_008,0
2024,나나862739,to_in_001,5
2024,나나862739,to_in_007,0
2024,나나862739,to_in_008,0
2024,나나862747,to_in_001,13
2024,나나862747,to_in_007,13
2024,나나862747,to_in_008,5
2024,나나862748,to_in_001,5
2024,나나862748,to_in_007,5
2024,나나862748,to_in_008,5
2024,나나862750,to_in_001,8
2024,나나862750,to_in_007,5
2024,나나862750,to_in_008,5
2024,나나862754,to_in_001,0
2024,나나862754,to_in_007,0
2024,나나862754,to_in_008,0
2024,나나862759,to_in_001,91
2024,나나862759,to_in_007,39
2024,나나862759,to_in_008,50
2024,나나862760,to_in_001,8
2024,나나862760,to_in_007,5
2024,나나862760,to_in_008,8
2024,나나865754,to_in_001,28
2024,나나864881,to_in_001,0
2024,나나864881,to_in_007,0
2024,나나864881,to_in_008,0
2024,나나864894,to_in_001,5
2024,나나864894,to_in_007,0
2024,나나864894,to_in_008,0
2024,나나864897,to_in_001,0
2024,나나864897,to_in_007,0
2024,나나864897,to_in_008,0
2024,나나864911,to_in_001,5
2024,나나864911,to_in_007,0
2024,나나864911,to_in_008,0
2024,나나864913,to_in_001,8
2024,나나864913,to_in_007,8
2024,나나864913,to_in_008,5
2024,나나854912,to_in_008,8
2024,나나854915,to_in_001,0
2024,나나854915,to_in_007,0
2024,나나854915,to_in_008,0
2024,나나854917,to_in_001,119
2024,나나854917,to_in_007,64
2024,나나854917,to_in_008,58
2024,나나854918,to_in_001,38
2024,나나854918,to_in_007,23
2024,나나854918,to_in_008,13
2024,나나854919,to_in_001,48
2024,나나854919,to_in_007,33
2024,나나854919,to_in_008,18
2024,나나854920,to_in_001,53
2024,나나854920,to_in_007,33
2024,나나854920,to_in_008,18
2024,나나854921,to_in_001,47
2024,나나854921,to_in_007,32
2024,나나854921,to_in_008,18
2024,나나854922,to_in_001,5
2024,나나854922,to_in_007,0
2024,나나854922,to_in_008,5
2024,나나854923,to_in_001,46
2024,나나854923,to_in_007,26
2024,나나854923,to_in_008,18
2024,나나854924,to_in_001,60
2024,나나854924,to_in_007,35
2024,나나854924,to_in_008,28
2024,나나854925,to_in_001,33
2024,나나854925,to_in_007,18
2024,나나854925,to_in_008,13
2024,나나854926,to_in_001,18
2024,나나854926,to_in_007,8
2024,나나854926,to_in_008,8
2024,나나854928,to_in_001,135
2024,나나854928,to_in_007,75
2024,나나854928,to_in_008,63
2024,나나854933,to_in_001,43
2024,나나854933,to_in_007,23
2024,나나854933,to_in_008,23
2024,나나854934,to_in_001,33
2024,나나854934,to_in_007,13
2024,나나854934,to_in_008,18
2024,나나854935,to_in_001,53
2024,나나854935,to_in_007,23
2024,나나854935,to_in_008,28
2024,나나854936,to_in_001,13
2024,나나854936,to_in_007,8
2024,나나854936,to_in_008,8
2024,나나854943,to_in_001,5
2024,나나854943,to_in_007,5
2024,나나854943,to_in_008,0
2024,나나856934,to_in_001,23
2024,나나856934,to_in_007,8
2024,나나856934,to_in_008,13
2024,나나856935,to_in_001,5
2024,나나856935,to_in_007,5
2024,나나856935,to_in_008,0
2024,나나856936,to_in_001,5
2024,나나856936,to_in_007,0
2024,나나856936,to_in_008,5
2024,나나856944,to_in_001,5
2024,나나856944,to_in_007,5
2024,나나856944,to_in_008,0
2024,나나856945,to_in_001,8
2024,나나856945,to_in_007,5
2024,나나856945,to_in_008,5
2024,나나857647,to_in_001,13
2024,나나857647,to_in_007,8
2024,나나857647,to_in_008,8
2024,나나857724,to_in_001,0
2024,나나857724,to_in_007,0
2024,나나857724,to_in_008,0
2024,나나857726,to_in_001,5
2024,나나857726,to_in_007,5
2024,나나857726,to_in_008,5
2024,나나857734,to_in_001,38
2024,나나857734,to_in_007,18
2024,나나857734,to_in_008,18
2024,나나857735,to_in_001,8
2024,나나857735,to_in_007,5
2024,나나857735,to_in_008,5
2024,나나857737,to_in_001,0
2024,나나857737,to_in_007,0
2024,나나857737,to_in_008,0
2024,나나857738,to_in_001,8
2024,나나857738,to_in_007,5
2024,나나857738,to_in_008,5
2024,나나857739,to_in_001,8
2024,나나857739,to_in_007,0
2024,나나857739,to_in_008,5
2024,나나857740,to_in_001,13
2024,나나857740,to_in_007,8
2024,나나857740,to_in_008,8
2024,나나857741,to_in_001,23
2024,나나857741,to_in_007,13
2024,나나857741,to_in_008,13
2024,나나857742,to_in_001,8
2024,나나857742,to_in_007,5
2024,나나857742,to_in_008,8
2024,나나857747,to_in_001,0
2024,나나857747,to_in_007,0
2024,나나857747,to_in_008,0
2024,나나857748,to_in_001,8
2024,나나857748,to_in_007,5
2024,나나857748,to_in_008,5
2024,나나857751,to_in_001,5
2024,나나857751,to_in_007,5
2024,나나857751,to_in_008,0
2024,나나857761,to_in_001,5
2024,나나857761,to_in_007,0
2024,나나857761,to_in_008,0
2024,나나857769,to_in_001,8
2024,나나857769,to_in_007,5
2024,나나857769,to_in_008,5
2024,나나857770,to_in_001,5
2024,나나857770,to_in_007,5
2024,나나857770,to_in_008,5
2024,나나857810,to_in_001,8
2024,나나857810,to_in_007,5
2024,나나857810,to_in_008,8
2024,나나857811,to_in_001,0
2024,나나857811,to_in_007,0
2024,나나857811,to_in_008,0
2024,나나857817,to_in_001,8
2024,나나857817,to_in_007,5
2024,나나857817,to_in_008,5
2024,나나857818,to_in_001,13
2024,나나857818,to_in_007,5
2024,나나857818,to_in_008,8
2024,나나857855,to_in_001,0
2024,나나857855,to_in_007,0
2024,나나857855,to_in_008,0
2024,나나857858,to_in_001,8
2024,나나857858,to_in_007,8
2024,나나857858,to_in_008,5
2024,나나857859,to_in_001,8
2024,나나857859,to_in_007,5
2024,나나857859,to_in_008,5
2024,나나857862,to_in_001,0
2024,나나857862,to_in_007,0
2024,나나857862,to_in_008,0
2024,나나857863,to_in_001,5
2024,나나857863,to_in_007,5
2024,나나857863,to_in_008,0
2024,나나857864,to_in_001,5
2024,나나857864,to_in_007,5
2024,나나857864,to_in_008,0
2024,나나857865,to_in_001,13
2024,나나857865,to_in_007,8
2024,나나857865,to_in_008,8
2024,나나857866,to_in_001,5
2024,나나857866,to_in_007,5
2024,나나857866,to_in_008,5
2024,나나857867,to_in_001,5
2024,나나857867,to_in_007,5
2024,나나857867,to_in_008,0
2024,나나857870,to_in_001,5
2024,나나857870,to_in_007,5
2024,나나857870,to_in_008,0
2024,나나857875,to_in_001,5
2024,나나857875,to_in_007,0
2024,나나857875,to_in_008,0
2024,나나857876,to_in_001,5
2024,나나857876,to_in_007,5
2024,나나857876,to_in_008,0
2024,나나862761,to_in_001,23
2024,나나862761,to_in_007,13
2024,나나862761,to_in_008,13
2024,나나862762,to_in_001,18
2024,나나862762,to_in_007,8
2024,나나862762,to_in_008,8
2024,나나862763,to_in_001,28
2024,나나862763,to_in_007,13
2024,나나862763,to_in_008,13
2024,나나862764,to_in_001,60
2024,나나862764,to_in_007,25
2024,나나862764,to_in_008,33
2024,나나862765,to_in_001,5
2024,나나862765,to_in_007,0
2024,나나862765,to_in_008,0
2024,나나862766,to_in_001,8
2024,나나862766,to_in_007,5
2024,나나862766,to_in_008,5
2024,나나862767,to_in_001,28
2024,나나862767,to_in_007,13
2024,나나862767,to_in_008,13
2024,나나862768,to_in_001,18
2024,나나862768,to_in_007,8
2024,나나862768,to_in_008,8
2024,나나862769,to_in_001,8
2024,나나862769,to_in_007,0
2024,나나862769,to_in_008,5
2024,나나862770,to_in_001,23
2024,나나862770,to_in_007,8
2024,나나862770,to_in_008,13
2024,나나862771,to_in_001,57
2024,나나862771,to_in_007,24
2024,나나862771,to_in_008,36
2024,나나862772,to_in_001,23
2024,나나862772,to_in_007,13
2024,나나862772,to_in_008,13
2024,나나862777,to_in_001,38
2024,나나862777,to_in_007,18
2024,나나862777,to_in_008,23
2024,나나862778,to_in_001,82
2024,나나862778,to_in_007,40
2024,나나862778,to_in_008,45
2024,나나862779,to_in_001,38
2024,나나862779,to_in_007,13
2024,나나862779,to_in_008,23
2024,나나862780,to_in_001,131
2024,나나862780,to_in_007,57
2024,나나862780,to_in_008,72
2024,나나862781,to_in_001,113
2024,나나862781,to_in_007,59
2024,나나862781,to_in_008,57
2024,나나862782,to_in_001,38
2024,나나862782,to_in_007,18
2024,나나862782,to_in_008,23
2024,나나862840,to_in_001,5
2024,나나862840,to_in_007,5
2024,나나862840,to_in_008,0
2024,나나862843,to_in_001,5
2024,나나862843,to_in_007,5
2024,나나862843,to_in_008,0
2024,나나862844,to_in_001,8
2024,나나862844,to_in_007,0
2024,나나862844,to_in_008,8
2024,나나862847,to_in_001,8
2024,나나862847,to_in_007,5
2024,나나862847,to_in_008,8
2024,나나862849,to_in_001,0
2024,나나862849,to_in_007,0
2024,나나862849,to_in_008,0
2024,나나862851,to_in_001,8
2024,나나862851,to_in_007,8
2024,나나862851,to_in_008,5
2024,나나862852,to_in_001,5
2024,나나862852,to_in_007,5
2024,나나862852,to_in_008,5
2024,나나862874,to_in_001,5
2024,나나862874,to_in_007,0
2024,나나862874,to_in_008,0
2024,나나862878,to_in_001,5
2024,나나862878,to_in_007,0
2024,나나862878,to_in_008,5
2024,나나862886,to_in_001,5
2024,나나862886,to_in_007,5
2024,나나862886,to_in_008,0
2024,나나862887,to_in_001,5
2024,나나862887,to_in_007,5
2024,나나862887,to_in_008,0
2024,나나862896,to_in_001,0
2024,나나862896,to_in_007,0
2024,나나862896,to_in_008,0
2024,나나862897,to_in_001,8
2024,나나862897,to_in_007,5
2024,나나862897,to_in_008,5
2024,나나862898,to_in_001,8
2024,나나862898,to_in_007,8
2024,나나862898,to_in_008,5
2024,나나862902,to_in_001,8
2024,나나862902,to_in_007,5
2024,나나862902,to_in_008,5
2024,나나862903,to_in_001,0
2024,나나862903,to_in_007,0
2024,나나862903,to_in_008,0
2024,나나862913,to_in_001,5
2024,나나862913,to_in_007,0
2024,나나862913,to_in_008,0
2024,나나862914,to_in_001,53
2024,나나862914,to_in_007,28
2024,나나862914,to_in_008,23
2024,나나862915,to_in_001,38
2024,나나862915,to_in_007,23
2024,나나862915,to_in_008,13
2024,나나862916,to_in_001,8
2024,나나862916,to_in_007,8
2024,나나862916,to_in_008,5
2024,나나862918,to_in_001,5
2024,나나862918,to_in_007,0
2024,나나862918,to_in_008,5
2024,나나862923,to_in_001,5
2024,나나862923,to_in_007,5
2024,나나862923,to_in_008,0
2024,나나862927,to_in_001,77
2024,나나862927,to_in_007,40
2024,나나862927,to_in_008,40
2024,나나862928,to_in_001,38
2024,나나862928,to_in_007,18
2024,나나862928,to_in_008,18
2024,나나862929,to_in_001,8
2024,나나864916,to_in_001,0
2024,나나864916,to_in_007,0
2024,나나864916,to_in_008,0
2024,나나864917,to_in_001,8
2024,나나864917,to_in_007,5
2024,나나864917,to_in_008,5
2024,나나864919,to_in_001,13
2024,나나864919,to_in_007,8
2024,나나864919,to_in_008,8
2024,나나864921,to_in_001,0
2024,나나864921,to_in_007,0
2024,나나864921,to_in_008,0
2024,나나864926,to_in_001,0
2024,나나864926,to_in_007,0
2024,나나864926,to_in_008,0
2024,나나864927,to_in_001,8
2024,나나864927,to_in_007,5
2024,나나864927,to_in_008,5
2024,나나864928,to_in_001,28
2024,나나864928,to_in_007,13
2024,나나864928,to_in_008,13
2024,나나864929,to_in_001,5
2024,나나864929,to_in_007,0
2024,나나864929,to_in_008,5
2024,나나864930,to_in_001,8
2024,나나864930,to_in_007,8
2024,나나864930,to_in_008,5
2024,나나864931,to_in_001,5
2024,나나864931,to_in_007,0
2024,나나864931,to_in_008,0
2024,나나864932,to_in_001,13
2024,나나864932,to_in_007,8
2024,나나864932,to_in_008,5
2024,나나864933,to_in_001,18
2024,나나864933,to_in_007,8
2024,나나864933,to_in_008,8
2024,나나864934,to_in_001,18
2024,나나864934,to_in_007,8
2024,나나864934,to_in_008,8
2024,나나864936,to_in_001,43
2024,나나864936,to_in_007,23
2024,나나864936,to_in_008,18
2024,나나864943,to_in_001,5
2024,나나864943,to_in_007,5
2024,나나864943,to_in_008,5
2024,나나864948,to_in_001,8
2024,나나864948,to_in_007,5
2024,나나864948,to_in_008,5
2024,나나864949,to_in_001,57
2024,나나864949,to_in_007,36
2024,나나864949,to_in_008,24
2024,나나864950,to_in_001,40
2024,나나864950,to_in_007,25
2024,나나864950,to_in_008,13
2024,나나864951,to_in_001,18
2024,나나864951,to_in_007,13
2024,나나864951,to_in_008,8
2024,나나865698,to_in_001,5
2024,나나865698,to_in_007,0
2024,나나865698,to_in_008,0
2024,나나865700,to_in_001,5
2024,나나865700,to_in_007,0
2024,나나865700,to_in_008,0
2024,나나865730,to_in_001,5
2024,나나865730,to_in_007,5
2024,나나865730,to_in_008,0
2024,나나865733,to_in_001,23
2024,나나865733,to_in_007,8
2024,나나865733,to_in_008,13
2024,나나865734,to_in_001,33
2024,나나865734,to_in_007,18
2024,나나865734,to_in_008,18
2024,나나865735,to_in_001,23
2024,나나865735,to_in_007,8
2024,나나865735,to_in_008,13
2024,나나865736,to_in_001,33
2024,나나865736,to_in_007,18
2024,나나865736,to_in_008,13
2024,나나865737,to_in_001,33
2024,나나865737,to_in_007,18
2024,나나865737,to_in_008,18
2024,나나865738,to_in_001,23
2024,나나865738,to_in_007,8
2024,나나865738,to_in_008,13
2024,나나865739,to_in_001,5
2024,나나865739,to_in_007,5
2024,나나865739,to_in_008,5
2024,나나865749,to_in_001,23
2024,나나865749,to_in_007,13
2024,나나865749,to_in_008,8
2024,나나865750,to_in_001,5
2024,나나865750,to_in_007,5
2024,나나865750,to_in_008,5
2024,나나865753,to_in_001,8
2024,나나865753,to_in_007,8
2024,나나865753,to_in_008,5
2024,나나868915,to_in_001,8
2024,나나868915,to_in_007,5
2024,나나868915,to_in_008,5
2024,나나868917,to_in_001,13
2024,나나868917,to_in_007,8
2024,나나868917,to_in_008,8
2024,나나868918,to_in_001,28
2024,나나868918,to_in_007,8
2024,나나868918,to_in_008,18
2024,나나868919,to_in_001,23
2024,나나868919,to_in_007,13
2024,나나868919,to_in_008,13
2024,나나868924,to_in_001,8
2024,나나868924,to_in_007,5
2024,나나868924,to_in_008,5
2024,나나868928,to_in_001,8
2024,나나868928,to_in_007,5
2024,나나868928,to_in_008,5
2024,나나868943,to_in_001,5
2024,나나868943,to_in_007,5
2024,나나868943,to_in_008,5
2024,나나868944,to_in_001,5
2024,나나868944,to_in_007,5
2024,나나868944,to_in_008,0
2024,나나868949,to_in_001,5
2024,나나868949,to_in_007,0
2024,나나868949,to_in_008,5
2024,나나868950,to_in_001,8
2024,나나868950,to_in_007,8
2024,나나868950,to_in_008,5
2024,나나868951,to_in_001,8
2024,나나868951,to_in_007,5
2024,나나868951,to_in_008,5
2024,나나869693,to_in_001,5
2024,나나869693,to_in_007,5
2024,나나869693,to_in_008,5
2024,나나869727,to_in_001,8
2024,나나869727,to_in_007,5
2024,나나869727,to_in_008,5
2024,나나869732,to_in_001,5
2024,나나869732,to_in_007,5
2024,나나869732,to_in_008,5
2024,나나869735,to_in_001,23
2024,나나869735,to_in_007,8
2024,나나869735,to_in_008,18
2024,나나869736,to_in_001,13
2024,나나869736,to_in_007,8
2024,나나869736,to_in_008,8
2024,나나869738,to_in_001,8
2024,나나869738,to_in_007,5
2024,나나869738,to_in_008,8
2024,나나869745,to_in_001,5
2024,나나869745,to_in_007,0
2024,나나869745,to_in_008,5
2024,나나869746,to_in_001,8
2024,나나869746,to_in_007,5
2024,나나869746,to_in_008,5
2024,나나869770,to_in_001,8
2024,나나869770,to_in_007,5
2024,나나869770,to_in_008,5
2024,나나869771,to_in_001,45
2024,나나869771,to_in_007,23
2024,나나869771,to_in_008,20
2024,나나869774,to_in_001,5
2024,나나869774,to_in_007,0
2024,나나869774,to_in_008,5
2024,나나869775,to_in_001,0
2024,나나869775,to_in_007,0
2024,나나869775,to_in_008,0
2024,나나869784,to_in_001,28
2024,나나869784,to_in_007,13
2024,나나869784,to_in_008,13
2024,나나869785,to_in_001,158
2024,나나869785,to_in_007,52
2024,나나869785,to_in_008,109
2024,나나869786,to_in_001,76
2024,나나869786,to_in_007,32
2024,나나869786,to_in_008,42
2024,나나869856,to_in_001,8
2024,나나869856,to_in_007,5
2024,나나869856,to_in_008,5
2024,나나869858,to_in_001,33
2024,나나869858,to_in_007,18
2024,나나869858,to_in_008,13
2024,나나869865,to_in_001,5
2024,나나869865,to_in_007,5
2024,나나869865,to_in_008,0
2024,나나869870,to_in_001,5
2024,나나869870,to_in_007,0
2024,나나869870,to_in_008,5
2024,나나869874,to_in_001,8
2024,나나869874,to_in_007,5
2024,나나869874,to_in_008,8
2024,나나869875,to_in_001,0
2024,나나869875,to_in_007,0
2024,나나869875,to_in_008,0
2024,나나869876,to_in_001,13
2024,나나869876,to_in_007,8
2024,나나869876,to_in_008,8
2024,나나869883,to_in_001,5
2024,나나869883,to_in_007,5
2024,나나869883,to_in_008,0
2024,나나869884,to_in_001,5
2024,나나869884,to_in_007,5
2024,나나869884,to_in_008,0
2024,나나869886,to_in_001,5
2024,나나869886,to_in_007,0
2024,나나869886,to_in_008,5
2024,나나869887,to_in_001,13
2024,나나869887,to_in_007,5
2024,나나869887,to_in_008,8
2024,나나869888,to_in_001,5
2024,나나869888,to_in_007,5
2024,나나869888,to_in_008,0
2024,나나869889,to_in_001,8
2024,나나869889,to_in_007,5
2024,나나869889,to_in_008,8
2024,나나869890,to_in_001,8
2024,나나869890,to_in_007,5
2024,나나869890,to_in_008,5
2024,나나869910,to_in_001,0
2024,나나869910,to_in_007,0
2024,나나869910,to_in_008,0
2024,나나869911,to_in_001,0
2024,나나869911,to_in_007,0
2024,나나869911,to_in_008,0
2024,나나869917,to_in_001,13
2024,나나869917,to_in_007,8
2024,나나869917,to_in_008,8
2024,나나869918,to_in_001,8
2024,나나869918,to_in_007,8
2024,나나869918,to_in_008,8
2024,나나869919,to_in_001,13
2024,나나869919,to_in_007,8
2024,나나869919,to_in_008,8
2024,나나869923,to_in_001,5
2024,나나869923,to_in_007,0
2024,나나869923,to_in_008,0
2024,나나869924,to_in_001,8
2024,나나869924,to_in_007,5
2024,나나869924,to_in_008,8
2024,나나869926,to_in_001,8
2024,나나869926,to_in_007,0
2024,나나869926,to_in_008,8
2024,나나869930,to_in_001,13
2024,나나869930,to_in_007,8
2024,나나869930,to_in_008,8
2024,나나869931,to_in_001,5
2024,나나869931,to_in_007,0
2024,나나869931,to_in_008,5
2024,나나869932,to_in_001,5
2024,나나869932,to_in_007,0
2024,나나869932,to_in_008,0
2024,나나869941,to_in_001,0
2024,나나869941,to_in_007,0
2024,나나869941,to_in_008,0
2024,나나869949,to_in_001,5
2024,나나869949,to_in_007,0
2024,나나869949,to_in_008,0
2024,나나869951,to_in_001,0
2024,나나869951,to_in_007,0
2024,나나869951,to_in_008,0
2024,나나870714,to_in_001,5
2024,나나870714,to_in_007,0
2024,나나870714,to_in_008,5
2024,나나870716,to_in_001,8
2024,나나870716,to_in_007,5
2024,나나870716,to_in_008,5
2024,나나870717,to_in_001,5
2024,나나870717,to_in_007,0
2024,나나870717,to_in_008,0
2024,나나870718,to_in_001,0
2024,나나870718,to_in_007,0
2024,나나870718,to_in_008,0
2024,나나870751,to_in_001,5
2024,나나870751,to_in_007,0
2024,나나870751,to_in_008,0
2024,나나870765,to_in_001,5
2024,나나870765,to_in_007,0
2024,나나870765,to_in_008,5
2024,나나870766,to_in_001,5
2024,나나870766,to_in_007,5
2024,나나870766,to_in_008,0
2024,나나870773,to_in_001,8
2024,나나870773,to_in_007,8
2024,나나870773,to_in_008,5
2024,나나870780,to_in_001,41
2024,나나870780,to_in_007,24
2024,나나870780,to_in_008,15
2024,나나870784,to_in_001,30
2024,나나870784,to_in_007,15
2024,나나870784,to_in_008,13
2024,나나870785,to_in_001,70
2024,나나870785,to_in_007,18
2024,나나870785,to_in_008,50
2024,나나870786,to_in_001,84
2024,나나870786,to_in_007,34
2024,나나870786,to_in_008,48
2024,나나870864,to_in_001,5
2024,나나870864,to_in_007,5
2024,나나870864,to_in_008,0
2024,나나870870,to_in_001,13
2024,나나870870,to_in_007,8
2024,나나870870,to_in_008,5
2024,나나870875,to_in_001,0
2024,나나870875,to_in_007,0
2024,나나870875,to_in_008,0
2024,나나870876,to_in_001,0
2024,나나870876,to_in_007,0
2024,나나870876,to_in_008,0
2024,나나870878,to_in_001,5
2024,나나870878,to_in_007,0
2024,나나870878,to_in_008,0
2024,나나870885,to_in_001,5
2024,나나870885,to_in_007,0
2024,나나870885,to_in_008,0
2024,나나870887,to_in_001,8
2024,나나870887,to_in_007,5
2024,나나870887,to_in_008,5
2024,나나870889,to_in_001,8
2024,나나870889,to_in_007,5
2024,나나870889,to_in_008,5
2024,나나870891,to_in_001,8
2024,나나870891,to_in_007,5
2024,나나870891,to_in_008,5
2024,나나870901,to_in_001,5
2024,나나870901,to_in_007,5
2024,나나870901,to_in_008,0
2024,나나870924,to_in_001,5
2024,나나870924,to_in_007,5
2024,나나870924,to_in_008,0
2024,나나870930,to_in_001,0
2024,나나870930,to_in_007,0
2024,나나870930,to_in_008,0
2024,나나870931,to_in_001,23
2024,나나870931,to_in_007,13
2024,나나870931,to_in_008,8
2024,나나870932,to_in_001,18
2024,나나870932,to_in_007,8
2024,나나870932,to_in_008,8
2024,나나870939,to_in_001,5
2024,나나870939,to_in_007,0
2024,나나870939,to_in_008,5
2024,나나870940,to_in_001,8
2024,나나870940,to_in_007,5
2024,나나870940,to_in_008,0
2024,나나870941,to_in_001,0
2024,나나870941,to_in_007,0
2024,나나870941,to_in_008,0
2024,나나870948,to_in_001,8
2024,나나870948,to_in_007,5
2024,나나870948,to_in_008,5
2024,나나870951,to_in_001,39
2024,나나870951,to_in_007,19
2024,나나870951,to_in_008,18
2024,나나870952,to_in_001,13
2024,나나870952,to_in_007,5
2024,나나870952,to_in_008,8
2024,나나870953,to_in_001,13
2024,나나870953,to_in_007,5
2024,나나870953,to_in_008,8
2024,나나874907,to_in_001,0
2024,나나858887,to_in_008,0
2024,나나858892,to_in_001,8
2024,나나858892,to_in_007,5
2024,나나858892,to_in_008,5
2024,나나858893,to_in_001,8
2024,나나858893,to_in_007,5
2024,나나858893,to_in_008,8
2024,나나858894,to_in_001,8
2024,나나858894,to_in_007,5
2024,나나858894,to_in_008,8
2024,나나858899,to_in_001,5
2024,나나858899,to_in_007,0
2024,나나858899,to_in_008,0
2024,나나858902,to_in_001,8
2024,나나858902,to_in_007,8
2024,나나858902,to_in_008,0
2024,나나858904,to_in_001,8
2024,나나858904,to_in_007,5
2024,나나858904,to_in_008,5
2024,나나858911,to_in_001,8
2024,나나858911,to_in_007,5
2024,나나858911,to_in_008,0
2024,나나858912,to_in_001,8
2024,나나858912,to_in_007,8
2024,나나858912,to_in_008,8
2024,나나858914,to_in_001,5
2024,나나858914,to_in_007,5
2024,나나858914,to_in_008,5
2024,나나858915,to_in_001,5
2024,나나858915,to_in_007,0
2024,나나858915,to_in_008,5
2024,나나858920,to_in_001,23
2024,나나858920,to_in_007,13
2024,나나858920,to_in_008,8
2024,나나858921,to_in_001,18
2024,나나858921,to_in_007,8
2024,나나858921,to_in_008,8
2024,나나858922,to_in_001,5
2024,나나858922,to_in_007,5
2024,나나858922,to_in_008,0
2024,나나858923,to_in_001,8
2024,나나858923,to_in_007,5
2024,나나858923,to_in_008,8
2024,나나858924,to_in_001,8
2024,나나858924,to_in_007,8
2024,나나858924,to_in_008,0
2024,나나858926,to_in_001,5
2024,나나858926,to_in_007,0
2024,나나858926,to_in_008,5
2024,나나858927,to_in_001,5
2024,나나858927,to_in_007,5
2024,나나858927,to_in_008,5
2024,나나858929,to_in_001,23
2024,나나858929,to_in_007,13
2024,나나858929,to_in_008,8
2024,나나863913,to_in_001,23
2024,나나863913,to_in_007,13
2024,나나863913,to_in_008,13
2024,나나863914,to_in_001,13
2024,나나863914,to_in_007,8
2024,나나863914,to_in_008,5
2024,나나863915,to_in_001,8
2024,나나863915,to_in_007,5
2024,나나863915,to_in_008,5
2024,나나863916,to_in_001,5
2024,나나863916,to_in_007,5
2024,나나863916,to_in_008,5
2024,나나863918,to_in_001,5
2024,나나863918,to_in_007,5
2024,나나863918,to_in_008,0
2024,나나863919,to_in_001,8
2024,나나863919,to_in_007,5
2024,나나863919,to_in_008,8
2024,나나863921,to_in_001,0
2024,나나863921,to_in_007,0
2024,나나863921,to_in_008,0
2024,나나863928,to_in_001,38
2024,나나863928,to_in_007,23
2024,나나863928,to_in_008,13
2024,나나863930,to_in_001,13
2024,나나863930,to_in_007,8
2024,나나863930,to_in_008,5
2024,나나863931,to_in_001,8
2024,나나863931,to_in_007,8
2024,나나863931,to_in_008,8
2024,나나863932,to_in_001,8
2024,나나863932,to_in_007,8
2024,나나863932,to_in_008,5
2024,나나863933,to_in_001,5
2024,나나863933,to_in_007,0
2024,나나863933,to_in_008,5
2024,나나863934,to_in_001,0
2024,나나863934,to_in_007,0
2024,나나863934,to_in_008,0
2024,나나863935,to_in_001,13
2024,나나863935,to_in_007,8
2024,나나863935,to_in_008,8
2024,나나863937,to_in_001,49
2024,나나863937,to_in_007,28
2024,나나863937,to_in_008,24
2024,나나863943,to_in_001,5
2024,나나863943,to_in_007,0
2024,나나863943,to_in_008,5
2024,나나863944,to_in_001,8
2024,나나863944,to_in_007,5
2024,나나863944,to_in_008,5
2024,나나863947,to_in_001,0
2024,나나863947,to_in_007,0
2024,나나863947,to_in_008,0
2024,나나863948,to_in_001,8
2024,나나863948,to_in_007,8
2024,나나863948,to_in_008,5
2024,나나863949,to_in_001,13
2024,나나863949,to_in_007,8
2024,나나863949,to_in_008,8
2024,나나863950,to_in_001,8
2024,나나863950,to_in_007,0
2024,나나863950,to_in_008,8
2024,나나864732,to_in_001,5
2024,나나864732,to_in_007,0
2024,나나864732,to_in_008,5
2024,나나864733,to_in_001,5
2024,나나864733,to_in_007,5
2024,나나864733,to_in_008,5
2024,나나864734,to_in_001,5
2024,나나864734,to_in_007,5
2024,나나864734,to_in_008,5
2024,나나864735,to_in_001,5
2024,나나864735,to_in_007,0
2024,나나864735,to_in_008,5
2024,나나864736,to_in_001,5
2024,나나864736,to_in_007,5
2024,나나864736,to_in_008,5
2024,나나864737,to_in_001,5
2024,나나864737,to_in_007,0
2024,나나864737,to_in_008,5
2024,나나864738,to_in_001,33
2024,나나864738,to_in_007,13
2024,나나864738,to_in_008,18
2024,나나864739,to_in_001,0
2024,나나864739,to_in_007,0
2024,나나864739,to_in_008,0
2024,나나864740,to_in_001,13
2024,나나864740,to_in_007,8
2024,나나864740,to_in_008,5
2024,나나864742,to_in_001,5
2024,나나864742,to_in_007,0
2024,나나864742,to_in_008,5
2024,나나864743,to_in_001,0
2024,나나864743,to_in_007,0
2024,나나864743,to_in_008,0
2024,나나864753,to_in_001,13
2024,나나864753,to_in_007,8
2024,나나864753,to_in_008,5
2024,나나864754,to_in_001,5
2024,나나864754,to_in_007,0
2024,나나864754,to_in_008,5
2024,나나864762,to_in_001,13
2024,나나864762,to_in_007,8
2024,나나864762,to_in_008,8
2024,나나864763,to_in_001,28
2024,나나864763,to_in_007,18
2024,나나864763,to_in_008,8
2024,나나864764,to_in_001,23
2024,나나864764,to_in_007,13
2024,나나864764,to_in_008,8
2024,나나864765,to_in_001,5
2024,나나864765,to_in_007,0
2024,나나864765,to_in_008,5
2024,나나864766,to_in_001,0
2024,나나864766,to_in_007,0
2024,나나864766,to_in_008,0
2024,나나864769,to_in_001,5
2024,나나864769,to_in_007,0
2024,나나864769,to_in_008,5
2024,나나864770,to_in_001,5
2024,나나864770,to_in_007,5
2024,나나864770,to_in_008,0
2024,나나864778,to_in_001,13
2024,나나864778,to_in_007,5
2024,나나864778,to_in_008,8
2024,나나864779,to_in_001,82
2024,나나864779,to_in_007,43
2024,나나864779,to_in_008,37
2024,나나864780,to_in_001,68
2024,나나864780,to_in_007,29
2024,나나864780,to_in_008,37
2024,나나864785,to_in_001,5
2024,나나864785,to_in_007,5
2024,나나864785,to_in_008,0
2024,나나867919,to_in_001,13
2024,나나867919,to_in_007,8
2024,나나867919,to_in_008,8
2024,나나867927,to_in_001,0
2024,나나867927,to_in_007,0
2024,나나867927,to_in_008,0
2024,나나867928,to_in_001,0
2024,나나867928,to_in_007,0
2024,나나867928,to_in_008,0
2024,나나867929,to_in_001,5
2024,나나867929,to_in_007,0
2024,나나867929,to_in_008,5
2024,나나867930,to_in_001,0
2024,나나867930,to_in_007,0
2024,나나867930,to_in_008,0
2024,나나867932,to_in_001,5
2024,나나867932,to_in_007,0
2024,나나867932,to_in_008,5
2024,나나867946,to_in_001,5
2024,나나867946,to_in_007,0
2024,나나867946,to_in_008,5
2024,나나867949,to_in_001,8
2024,나나867949,to_in_007,5
2024,나나867949,to_in_008,5
2024,나나867950,to_in_001,23
2024,나나867950,to_in_007,13
2024,나나867950,to_in_008,8
2024,나나867951,to_in_001,13
2024,나나867951,to_in_007,8
2024,나나867951,to_in_008,8
2024,나나868727,to_in_001,5
2024,나나868727,to_in_007,0
2024,나나868727,to_in_008,0
2024,나나868733,to_in_001,5
2024,나나868733,to_in_007,5
2024,나나868733,to_in_008,0
2024,나나868734,to_in_001,5
2024,나나868734,to_in_007,0
2024,나나868734,to_in_008,0
2024,나나868735,to_in_001,28
2024,나나868735,to_in_007,13
2024,나나868735,to_in_008,13
2024,나나868736,to_in_001,8
2024,나나868736,to_in_007,5
2024,나나868736,to_in_008,5
2024,나나868737,to_in_001,5
2024,나나868737,to_in_007,5
2024,나나868737,to_in_008,0
2024,나나868738,to_in_001,13
2024,나나868738,to_in_007,8
2024,나나868738,to_in_008,8
2024,나나868741,to_in_001,5
2024,나나868741,to_in_007,0
2024,나나868741,to_in_008,0
2024,나나868742,to_in_001,0
2024,나나868742,to_in_007,0
2024,나나868742,to_in_008,0
2024,나나868770,to_in_001,5
2024,나나868770,to_in_007,0
2024,나나868770,to_in_008,5
2024,나나868771,to_in_001,13
2024,나나868771,to_in_007,5
2024,나나868771,to_in_008,8
2024,나나868772,to_in_001,8
2024,나나868772,to_in_007,8
2024,나나868772,to_in_008,0
2024,나나868773,to_in_001,13
2024,나나868773,to_in_007,8
2024,나나868773,to_in_008,5
2024,나나868774,to_in_001,8
2024,나나868774,to_in_007,5
2024,나나868774,to_in_008,5
2024,나나868781,to_in_001,64
2024,나나868781,to_in_007,24
2024,나나868781,to_in_008,38
2024,나나868785,to_in_001,33
2024,나나868785,to_in_007,18
2024,나나868785,to_in_008,18
2024,나나868844,to_in_001,5
2024,나나868844,to_in_007,5
2024,나나868844,to_in_008,0
2024,나나868846,to_in_001,8
2024,나나868846,to_in_007,5
2024,나나868846,to_in_008,5
2024,나나868847,to_in_001,13
2024,나나868847,to_in_007,8
2024,나나868847,to_in_008,8
2024,나나868862,to_in_001,5
2024,나나868862,to_in_007,5
2024,나나868862,to_in_008,0
2024,나나868863,to_in_001,0
2024,나나868863,to_in_007,0
2024,나나868863,to_in_008,0
2024,나나868865,to_in_001,5
2024,나나868865,to_in_007,5
2024,나나868865,to_in_008,0
2024,나나868871,to_in_001,5
2024,나나868871,to_in_007,0
2024,나나868871,to_in_008,0
2024,나나868874,to_in_001,5
2024,나나868874,to_in_007,5
2024,나나868874,to_in_008,0
2024,나나868875,to_in_001,5
2024,나나874907,to_in_007,0
2024,나나874907,to_in_008,0
2024,나나874925,to_in_001,5
2024,나나874925,to_in_007,5
2024,나나874925,to_in_008,5
2024,나나874926,to_in_001,8
2024,나나874926,to_in_007,5
2024,나나874926,to_in_008,5
2024,나나874934,to_in_001,13
2024,나나874934,to_in_007,8
2024,나나874934,to_in_008,5
2024,나나874935,to_in_001,8
2024,나나874935,to_in_007,5
2024,나나874935,to_in_008,8
2024,나나874936,to_in_001,13
2024,나나874936,to_in_007,8
2024,나나874936,to_in_008,5
2024,나나874937,to_in_001,5
2024,나나874937,to_in_007,0
2024,나나874937,to_in_008,5
2024,나나874947,to_in_001,0
2024,나나874947,to_in_007,0
2024,나나874947,to_in_008,0
2024,나나874950,to_in_001,38
2024,나나874950,to_in_007,18
2024,나나874950,to_in_008,23
2024,나나875708,to_in_001,5
2024,나나875708,to_in_007,5
2024,나나875708,to_in_008,0
2024,나나875710,to_in_001,5
2024,나나875710,to_in_007,5
2024,나나875710,to_in_008,0
2024,나나875712,to_in_001,5
2024,나나875712,to_in_007,5
2024,나나875712,to_in_008,5
2024,나나875713,to_in_001,8
2024,나나875713,to_in_007,5
2024,나나875713,to_in_008,5
2024,나나875714,to_in_001,8
2024,나나875714,to_in_007,5
2024,나나875714,to_in_008,5
2024,나나875715,to_in_001,33
2024,나나875715,to_in_007,13
2024,나나875715,to_in_008,18
2024,나나875716,to_in_001,23
2024,나나875716,to_in_007,13
2024,나나875716,to_in_008,8
2024,나나875717,to_in_001,18
2024,나나875717,to_in_007,8
2024,나나875717,to_in_008,13
2024,나나875718,to_in_001,23
2024,나나875718,to_in_007,8
2024,나나875718,to_in_008,13
2024,나나875719,to_in_001,8
2024,나나875719,to_in_007,5
2024,나나875719,to_in_008,5
2024,나나875720,to_in_001,8
2024,나나875720,to_in_007,5
2024,나나875720,to_in_008,5
2024,나나875726,to_in_001,5
2024,나나875726,to_in_007,5
2024,나나875726,to_in_008,0
2024,나나875727,to_in_001,5
2024,나나875727,to_in_007,5
2024,나나875727,to_in_008,5
2024,나나875735,to_in_001,5
2024,나나875735,to_in_007,5
2024,나나875735,to_in_008,5
2024,나나875738,to_in_001,0
2024,나나875738,to_in_007,0
2024,나나875738,to_in_008,0
2024,나나875739,to_in_001,8
2024,나나875739,to_in_007,5
2024,나나875739,to_in_008,5
2024,나나875743,to_in_001,23
2024,나나875743,to_in_007,13
2024,나나875743,to_in_008,13
2024,나나875744,to_in_001,5
2024,나나875744,to_in_007,5
2024,나나875744,to_in_008,5
2024,나나875761,to_in_001,8
2024,나나875761,to_in_007,5
2024,나나875761,to_in_008,5
2024,나나875770,to_in_001,5
2024,나나875770,to_in_007,5
2024,나나875770,to_in_008,5
2024,나나875771,to_in_001,8
2024,나나875771,to_in_007,8
2024,나나875771,to_in_008,5
2024,나나875772,to_in_001,8
2024,나나875772,to_in_007,5
2024,나나875772,to_in_008,8
2024,나나875788,to_in_001,35
2024,나나875788,to_in_007,18
2024,나나875788,to_in_008,20
2024,나나875793,to_in_001,5
2024,나나875793,to_in_007,0
2024,나나875793,to_in_008,5
2024,나나875857,to_in_001,0
2024,나나875857,to_in_007,0
2024,나나875857,to_in_008,0
2024,나나875863,to_in_001,5
2024,나나875863,to_in_007,5
2024,나나875863,to_in_008,0
2024,나나875864,to_in_001,5
2024,나나875864,to_in_007,5
2024,나나875864,to_in_008,5
2024,나나876909,to_in_001,5
2024,나나876909,to_in_007,5
2024,나나876909,to_in_008,5
2024,나나876911,to_in_001,5
2024,나나876911,to_in_007,5
2024,나나876911,to_in_008,5
2024,나나876913,to_in_001,8
2024,나나876913,to_in_007,0
2024,나나876913,to_in_008,5
2024,나나876914,to_in_001,5
2024,나나876914,to_in_007,5
2024,나나876914,to_in_008,0
2024,나나876924,to_in_001,0
2024,나나876924,to_in_007,0
2024,나나876924,to_in_008,0
2024,나나876925,to_in_001,13
2024,나나876925,to_in_007,8
2024,나나876925,to_in_008,5
2024,나나876931,to_in_001,5
2024,나나876931,to_in_007,5
2024,나나876931,to_in_008,5
2024,나나876932,to_in_001,5
2024,나나876932,to_in_007,5
2024,나나876932,to_in_008,0
2024,나나876933,to_in_001,5
2024,나나876933,to_in_007,5
2024,나나876933,to_in_008,0
2024,나나876935,to_in_001,8
2024,나나876935,to_in_007,5
2024,나나876935,to_in_008,5
2024,나나876944,to_in_001,8
2024,나나876944,to_in_007,8
2024,나나876944,to_in_008,8
2024,나나876948,to_in_001,5
2024,나나876948,to_in_007,5
2024,나나876948,to_in_008,5
2024,나나876949,to_in_001,28
2024,나나876949,to_in_007,18
2024,나나876949,to_in_008,8
2024,나나876950,to_in_001,13
2024,나나876950,to_in_007,8
2024,나나876950,to_in_008,8
2024,나나876951,to_in_001,59
2024,나나876951,to_in_007,29
2024,나나876951,to_in_008,28
2024,나나876952,to_in_001,13
2024,나나876952,to_in_007,5
2024,나나876952,to_in_008,8
2024,나나877711,to_in_001,8
2024,나나877711,to_in_007,8
2024,나나877711,to_in_008,5
2024,나나877712,to_in_001,23
2024,나나877712,to_in_007,8
2024,나나877712,to_in_008,13
2024,나나877713,to_in_001,23
2024,나나877713,to_in_007,8
2024,나나877713,to_in_008,13
2024,나나877714,to_in_001,23
2024,나나877714,to_in_007,13
2024,나나877714,to_in_008,8
2024,나나877715,to_in_001,23
2024,나나877715,to_in_007,8
2024,나나877715,to_in_008,13
2024,나나877716,to_in_001,18
2024,나나877716,to_in_007,13
2024,나나877716,to_in_008,8
2024,나나877717,to_in_001,23
2024,나나877717,to_in_007,13
2024,나나877717,to_in_008,13
2024,나나877718,to_in_001,13
2024,나나877718,to_in_007,8
2024,나나877718,to_in_008,8
2024,나나877719,to_in_001,0
2024,나나877719,to_in_007,0
2024,나나877719,to_in_008,0
2024,나나877720,to_in_001,18
2024,나나877720,to_in_007,8
2024,나나877720,to_in_008,8
2024,나나877721,to_in_001,0
2024,나나877721,to_in_007,0
2024,나나877721,to_in_008,0
2024,나나877723,to_in_001,5
2024,나나877723,to_in_007,5
2024,나나877723,to_in_008,0
2024,나나877730,to_in_001,5
2024,나나877730,to_in_007,5
2024,나나877730,to_in_008,0
2024,나나877743,to_in_001,8
2024,나나877743,to_in_007,0
2024,나나877743,to_in_008,8
2024,나나877771,to_in_001,23
2024,나나877771,to_in_007,18
2024,나나877771,to_in_008,8
2024,나나877796,to_in_001,5
2024,나나877796,to_in_007,5
2024,나나877796,to_in_008,0
2024,나나877855,to_in_001,5
2024,나나877855,to_in_007,5
2024,나나877855,to_in_008,0
2024,나나877856,to_in_001,18
2024,나나877856,to_in_007,8
2024,나나877856,to_in_008,8
2024,나나877857,to_in_001,5
2024,나나877857,to_in_007,0
2024,나나877857,to_in_008,5
2024,나나877862,to_in_001,5
2024,나나877862,to_in_007,0
2024,나나861771,to_in_007,23
2024,나나861771,to_in_008,18
2024,나나861772,to_in_001,23
2024,나나861772,to_in_007,13
2024,나나861772,to_in_008,13
2024,나나861777,to_in_001,13
2024,나나861777,to_in_007,8
2024,나나861777,to_in_008,8
2024,나나861816,to_in_001,5
2024,나나861816,to_in_007,0
2024,나나861816,to_in_008,0
2024,나나861850,to_in_001,8
2024,나나861850,to_in_007,5
2024,나나861850,to_in_008,5
2024,나나861851,to_in_001,13
2024,나나861851,to_in_007,8
2024,나나861851,to_in_008,8
2024,나나861852,to_in_001,13
2024,나나861852,to_in_007,8
2024,나나861852,to_in_008,5
2024,나나861869,to_in_001,5
2024,나나861869,to_in_007,5
2024,나나861869,to_in_008,0
2024,나나861873,to_in_001,5
2024,나나861873,to_in_007,5
2024,나나861873,to_in_008,0
2024,나나866750,to_in_001,8
2024,나나866750,to_in_007,8
2024,나나866750,to_in_008,5
2024,나나866751,to_in_001,5
2024,나나866751,to_in_007,0
2024,나나866751,to_in_008,0
2024,나나866756,to_in_001,8
2024,나나866756,to_in_007,5
2024,나나866756,to_in_008,5
2024,나나866758,to_in_001,5
2024,나나866758,to_in_007,0
2024,나나866758,to_in_008,0
2024,나나866764,to_in_001,18
2024,나나866764,to_in_007,8
2024,나나866764,to_in_008,8
2024,나나866765,to_in_001,5
2024,나나866765,to_in_007,0
2024,나나866765,to_in_008,5
2024,나나866768,to_in_001,0
2024,나나866768,to_in_007,0
2024,나나866768,to_in_008,0
2024,나나866769,to_in_001,29
2024,나나866769,to_in_007,14
2024,나나866769,to_in_008,13
2024,나나866770,to_in_001,13
2024,나나866770,to_in_007,8
2024,나나866770,to_in_008,8
2024,나나866771,to_in_001,13
2024,나나866771,to_in_007,8
2024,나나866771,to_in_008,8
2024,나나866772,to_in_001,28
2024,나나866772,to_in_007,13
2024,나나866772,to_in_008,13
2024,나나866773,to_in_001,23
2024,나나866773,to_in_007,8
2024,나나866773,to_in_008,13
2024,나나866775,to_in_001,5
2024,나나866775,to_in_007,5
2024,나나866775,to_in_008,0
2024,나나866778,to_in_001,0
2024,나나866778,to_in_007,0
2024,나나866778,to_in_008,0
2024,나나866781,to_in_001,79
2024,나나866781,to_in_007,33
2024,나나866781,to_in_008,49
2024,나나866782,to_in_001,115
2024,나나866782,to_in_007,36
2024,나나866782,to_in_008,77
2024,나나866783,to_in_001,65
2024,나나866783,to_in_007,29
2024,나나866783,to_in_008,34
2024,나나866784,to_in_001,23
2024,나나866784,to_in_007,8
2024,나나866784,to_in_008,13
2024,나나866785,to_in_001,5
2024,나나866785,to_in_007,0
2024,나나866785,to_in_008,0
2024,나나866845,to_in_001,0
2024,나나866845,to_in_007,0
2024,나나866845,to_in_008,0
2024,나나866847,to_in_001,0
2024,나나866847,to_in_007,0
2024,나나866847,to_in_008,0
2024,나나866858,to_in_001,0
2024,나나866858,to_in_007,0
2024,나나866858,to_in_008,0
2024,나나866859,to_in_001,0
2024,나나866859,to_in_007,0
2024,나나866859,to_in_008,0
2024,나나866870,to_in_001,35
2024,나나866870,to_in_007,8
2024,나나866870,to_in_008,35
2024,나나866871,to_in_001,5
2024,나나866871,to_in_007,5
2024,나나866871,to_in_008,0
2024,나나866872,to_in_001,5
2024,나나866872,to_in_007,5
2024,나나866872,to_in_008,0
2024,나나866877,to_in_001,8
2024,나나866877,to_in_007,5
2024,나나866877,to_in_008,5
2024,나나866889,to_in_001,28
2024,나나866889,to_in_007,13
2024,나나866889,to_in_008,13
2024,나나866890,to_in_001,8
2024,나나866890,to_in_007,8
2024,나나866890,to_in_008,5
2024,나나866892,to_in_001,0
2024,나나866892,to_in_007,0
2024,나나866892,to_in_008,0
2024,나나866896,to_in_001,8
2024,나나866896,to_in_007,5
2024,나나866896,to_in_008,5
2024,나나866907,to_in_001,5
2024,나나866907,to_in_007,5
2024,나나866907,to_in_008,0
2024,나나866916,to_in_001,8
2024,나나866916,to_in_007,5
2024,나나866916,to_in_008,8
2024,나나866918,to_in_001,5
2024,나나866918,to_in_007,5
2024,나나866918,to_in_008,5
2024,나나866919,to_in_001,5
2024,나나866919,to_in_007,0
2024,나나866919,to_in_008,5
2024,나나866927,to_in_001,13
2024,나나866927,to_in_007,8
2024,나나866927,to_in_008,8
2024,나나866928,to_in_001,8
2024,나나866928,to_in_007,5
2024,나나866928,to_in_008,8
2024,나나866930,to_in_001,13
2024,나나866930,to_in_007,8
2024,나나866930,to_in_008,8
2024,나나866931,to_in_001,18
2024,나나866931,to_in_007,8
2024,나나866931,to_in_008,8
2024,나나866932,to_in_001,5
2024,나나866932,to_in_007,0
2024,나나866932,to_in_008,0
2024,나나866942,to_in_001,5
2024,나나866942,to_in_007,5
2024,나나866942,to_in_008,0
2024,나나866950,to_in_001,13
2024,나나866950,to_in_007,8
2024,나나866950,to_in_008,8
2024,나나866951,to_in_001,18
2024,나나866951,to_in_007,8
2024,나나866951,to_in_008,13
2024,나나867686,to_in_001,8
2024,나나867686,to_in_007,8
2024,나나867686,to_in_008,0
2024,나나867729,to_in_001,5
2024,나나867729,to_in_007,0
2024,나나867729,to_in_008,5
2024,나나867732,to_in_001,5
2024,나나867732,to_in_007,0
2024,나나867732,to_in_008,5
2024,나나871690,to_in_001,8
2024,나나871690,to_in_007,5
2024,나나871690,to_in_008,5
2024,나나871692,to_in_001,0
2024,나나871692,to_in_007,0
2024,나나871692,to_in_008,0
2024,나나871722,to_in_001,0
2024,나나871722,to_in_007,0
2024,나나871722,to_in_008,0
2024,나나871724,to_in_001,5
2024,나나871724,to_in_007,5
2024,나나871724,to_in_008,0
2024,나나871751,to_in_001,5
2024,나나871751,to_in_007,0
2024,나나871751,to_in_008,5
2024,나나871759,to_in_001,0
2024,나나871759,to_in_007,0
2024,나나871759,to_in_008,0
2024,나나871770,to_in_001,5
2024,나나871770,to_in_007,5
2024,나나871770,to_in_008,0
2024,나나871773,to_in_001,5
2024,나나871773,to_in_007,5
2024,나나871773,to_in_008,0
2024,나나871783,to_in_001,54
2024,나나871783,to_in_007,18
2024,나나871783,to_in_008,39
2024,나나871788,to_in_001,28
2024,나나871788,to_in_007,13
2024,나나871788,to_in_008,18
2024,나나871789,to_in_001,40
2024,나나871789,to_in_007,18
2024,나나871789,to_in_008,25
2024,나나871847,to_in_001,5
2024,나나871847,to_in_007,0
2024,나나871847,to_in_008,0
2024,나나871849,to_in_001,0
2024,나나871849,to_in_007,0
2024,나나871849,to_in_008,0
2024,나나871864,to_in_001,8
2024,나나871864,to_in_007,8
2024,나나871864,to_in_008,0
2024,나나871866,to_in_001,8
2024,나나871866,to_in_007,8
2024,나나871866,to_in_008,5
2024,나나871868,to_in_001,5
2024,나나871868,to_in_007,5
2024,나나871868,to_in_008,0
2024,나나871869,to_in_001,8
2024,나나871869,to_in_007,8
2024,나나871869,to_in_008,0
2024,나나871891,to_in_001,5
2024,나나871891,to_in_007,5
2024,나나871891,to_in_008,0
2024,나나871912,to_in_001,5
2024,나나871912,to_in_007,5
2024,나나871912,to_in_008,0
2024,나나871914,to_in_001,8
2024,나나871914,to_in_007,5
2024,나나871914,to_in_008,5
2024,나나871931,to_in_001,5
2024,나나871931,to_in_007,5
2024,나나871931,to_in_008,0
2024,나나871932,to_in_001,8
2024,나나871932,to_in_007,5
2024,나나871932,to_in_008,5
2024,나나871941,to_in_001,5
2024,나나871941,to_in_007,0
2024,나나871941,to_in_008,0
2024,나나871948,to_in_001,5
2024,나나871948,to_in_007,5
2024,나나871948,to_in_008,0
2024,나나871951,to_in_001,38
2024,나나871951,to_in_007,18
2024,나나871951,to_in_008,18
2024,나나872690,to_in_001,13
2024,나나872690,to_in_007,8
2024,나나872690,to_in_008,5
2024,나나872691,to_in_001,5
2024,나나872691,to_in_007,5
2024,나나872691,to_in_008,5
2024,나나872692,to_in_001,5
2024,나나872692,to_in_007,0
2024,나나872692,to_in_008,5
2024,나나872693,to_in_001,5
2024,나나872693,to_in_007,5
2024,나나872693,to_in_008,5
2024,나나872694,to_in_001,0
2024,나나872694,to_in_007,0
2024,나나872694,to_in_008,0
2024,나나872709,to_in_001,8
2024,나나872709,to_in_007,8
2024,나나872709,to_in_008,5
2024,나나872713,to_in_001,8
2024,나나872713,to_in_007,5
2024,나나872713,to_in_008,5
2024,나나872722,to_in_001,5
2024,나나872722,to_in_007,5
2024,나나872722,to_in_008,5
2024,나나872724,to_in_001,8
2024,나나872724,to_in_007,8
2024,나나872724,to_in_008,8
2024,나나872726,to_in_001,8
2024,나나872726,to_in_007,5
2024,나나872726,to_in_008,5
2024,나나872727,to_in_001,5
2024,나나872727,to_in_007,0
2024,나나872727,to_in_008,5
2024,나나872737,to_in_001,13
2024,나나872737,to_in_007,8
2024,나나872737,to_in_008,5
2024,나나872738,to_in_001,5
2024,나나872738,to_in_007,5
2024,나나872738,to_in_008,5
2024,나나872750,to_in_001,5
2024,나나872750,to_in_007,5
2024,나나872750,to_in_008,0
2024,나나877903,to_in_001,5
2024,나나877903,to_in_007,5
2024,나나877903,to_in_008,0
2024,나나877904,to_in_001,0
2024,나나877904,to_in_007,0
2024,나나877904,to_in_008,0
2024,나나877908,to_in_001,8
2024,나나877908,to_in_007,5
2024,나나877908,to_in_008,5
2024,나나877911,to_in_001,5
2024,나나877911,to_in_007,0
2024,나나877911,to_in_008,5
2024,나나865754,to_in_007,13
2024,나나865754,to_in_008,18
2024,나나865755,to_in_001,0
2024,나나865755,to_in_007,0
2024,나나865755,to_in_008,0
2024,나나865767,to_in_001,13
2024,나나865767,to_in_007,5
2024,나나865767,to_in_008,8
2024,나나865769,to_in_001,29
2024,나나865769,to_in_007,8
2024,나나865769,to_in_008,19
2024,나나865770,to_in_001,13
2024,나나865770,to_in_007,5
2024,나나865770,to_in_008,13
2024,나나865771,to_in_001,8
2024,나나865771,to_in_007,5
2024,나나865771,to_in_008,5
2024,나나865772,to_in_001,5
2024,나나865772,to_in_007,0
2024,나나865772,to_in_008,0
2024,나나865773,to_in_001,28
2024,나나865773,to_in_007,13
2024,나나865773,to_in_008,13
2024,나나865777,to_in_001,0
2024,나나865777,to_in_007,0
2024,나나865777,to_in_008,0
2024,나나865779,to_in_001,66
2024,나나865779,to_in_007,29
2024,나나865779,to_in_008,40
2024,나나865780,to_in_001,80
2024,나나865780,to_in_007,30
2024,나나865780,to_in_008,53
2024,나나865781,to_in_001,64
2024,나나865781,to_in_007,31
2024,나나865781,to_in_008,36
2024,나나865782,to_in_001,85
2024,나나865782,to_in_007,35
2024,나나865782,to_in_008,53
2024,나나865783,to_in_001,147
2024,나나865783,to_in_007,51
2024,나나865783,to_in_008,94
2024,나나865784,to_in_001,28
2024,나나865784,to_in_007,13
2024,나나865784,to_in_008,18
2024,나나865785,to_in_001,28
2024,나나865785,to_in_007,13
2024,나나865785,to_in_008,13
2024,나나865786,to_in_001,5
2024,나나865786,to_in_007,5
2024,나나865786,to_in_008,5
2024,나나865803,to_in_001,5
2024,나나865803,to_in_007,5
2024,나나865803,to_in_008,0
2024,나나865843,to_in_001,8
2024,나나865843,to_in_007,5
2024,나나865843,to_in_008,5
2024,나나865846,to_in_001,8
2024,나나865846,to_in_007,5
2024,나나865846,to_in_008,8
2024,나나865848,to_in_001,5
2024,나나865848,to_in_007,5
2024,나나865848,to_in_008,0
2024,나나865864,to_in_001,0
2024,나나865864,to_in_007,0
2024,나나865864,to_in_008,0
2024,나나865875,to_in_001,0
2024,나나865875,to_in_007,0
2024,나나865875,to_in_008,0
2024,나나865876,to_in_001,8
2024,나나865876,to_in_007,8
2024,나나865876,to_in_008,5
2024,나나865877,to_in_001,5
2024,나나865877,to_in_007,0
2024,나나865877,to_in_008,5
2024,나나865897,to_in_001,8
2024,나나865897,to_in_007,5
2024,나나865897,to_in_008,5
2024,나나865898,to_in_001,5
2024,나나865898,to_in_007,0
2024,나나865898,to_in_008,0
2024,나나865920,to_in_001,8
2024,나나865920,to_in_007,8
2024,나나865920,to_in_008,8
2024,나나865930,to_in_001,8
2024,나나865930,to_in_007,8
2024,나나865930,to_in_008,5
2024,나나865931,to_in_001,18
2024,나나865931,to_in_007,8
2024,나나865931,to_in_008,8
2024,나나865933,to_in_001,18
2024,나나865933,to_in_007,8
2024,나나865933,to_in_008,8
2024,나나865934,to_in_001,18
2024,나나865934,to_in_007,8
2024,나나865934,to_in_008,8
2024,나나865942,to_in_001,8
2024,나나865942,to_in_007,8
2024,나나865942,to_in_008,0
2024,나나865943,to_in_001,5
2024,나나865943,to_in_007,0
2024,나나865943,to_in_008,0
2024,나나865946,to_in_001,8
2024,나나865946,to_in_007,8
2024,나나865946,to_in_008,5
2024,나나865947,to_in_001,5
2024,나나865947,to_in_007,0
2024,나나865947,to_in_008,5
2024,나나865948,to_in_001,5
2024,나나865948,to_in_007,5
2024,나나865948,to_in_008,0
2024,나나865949,to_in_001,13
2024,나나865949,to_in_007,8
2024,나나865949,to_in_008,8
2024,나나865950,to_in_001,18
2024,나나865950,to_in_007,8
2024,나나865950,to_in_008,8
2024,나나865951,to_in_001,23
2024,나나865951,to_in_007,8
2024,나나865951,to_in_008,13
2024,나나866698,to_in_001,5
2024,나나866698,to_in_007,0
2024,나나866698,to_in_008,5
2024,나나866729,to_in_001,5
2024,나나866729,to_in_007,0
2024,나나866729,to_in_008,5
2024,나나866733,to_in_001,8
2024,나나866733,to_in_007,8
2024,나나866733,to_in_008,0
2024,나나866734,to_in_001,23
2024,나나866734,to_in_007,8
2024,나나866734,to_in_008,18
2024,나나866735,to_in_001,13
2024,나나866735,to_in_007,8
2024,나나866735,to_in_008,8
2024,나나866736,to_in_001,13
2024,나나866736,to_in_007,8
2024,나나866736,to_in_008,5
2024,나나866737,to_in_001,8
2024,나나866737,to_in_007,8
2024,나나866737,to_in_008,5
2024,나나866738,to_in_001,23
2024,나나866738,to_in_007,8
2024,나나866738,to_in_008,13
2024,나나866739,to_in_001,18
2024,나나866739,to_in_007,8
2024,나나866739,to_in_008,8
2024,나나866749,to_in_001,5
2024,나나866749,to_in_007,5
2024,나나866749,to_in_008,0
2024,나나872757,to_in_001,0
2024,나나872757,to_in_007,0
2024,나나872757,to_in_008,0
2024,나나872772,to_in_001,5
2024,나나872772,to_in_007,5
2024,나나872772,to_in_008,0
2024,나나872773,to_in_001,18
2024,나나872773,to_in_007,8
2024,나나872773,to_in_008,8
2024,나나872774,to_in_001,8
2024,나나872774,to_in_007,5
2024,나나872774,to_in_008,5
2024,나나872787,to_in_001,18
2024,나나872787,to_in_007,8
2024,나나872787,to_in_008,13
2024,나나872788,to_in_001,43
2024,나나872788,to_in_007,23
2024,나나872788,to_in_008,23
2024,나나872790,to_in_001,263
2024,나나872790,to_in_007,133
2024,나나872790,to_in_008,133
2024,나나872858,to_in_001,5
2024,나나872858,to_in_007,5
2024,나나872858,to_in_008,0
2024,나나872859,to_in_001,8
2024,나나872859,to_in_007,8
2024,나나872859,to_in_008,5
2024,나나872865,to_in_001,0
2024,나나872865,to_in_007,0
2024,나나872865,to_in_008,0
2024,나나872868,to_in_001,8
2024,나나872868,to_in_007,5
2024,나나872868,to_in_008,5
2024,나나872883,to_in_001,5
2024,나나872883,to_in_007,0
2024,나나872883,to_in_008,5
2024,나나872902,to_in_001,29
2024,나나872902,to_in_007,29
2024,나나872902,to_in_008,0
2024,나나872907,to_in_001,5
2024,나나872907,to_in_007,5
2024,나나872907,to_in_008,0
2024,나나872911,to_in_001,8
2024,나나872911,to_in_007,5
2024,나나872911,to_in_008,8
2024,나나872912,to_in_001,5
2024,나나872912,to_in_007,0
2024,나나872912,to_in_008,5
2024,나나872914,to_in_001,5
2024,나나872914,to_in_007,0
2024,나나872914,to_in_008,0
2024,나나872939,to_in_001,5
2024,나나872939,to_in_007,0
2024,나나872939,to_in_008,0
2024,나나872945,to_in_001,5
2024,나나872945,to_in_007,0
2024,나나872945,to_in_008,5
2024,나나872953,to_in_001,14
2024,나나872953,to_in_007,14
2024,나나872953,to_in_008,0
2024,나나873691,to_in_001,5
2024,나나873691,to_in_007,5
2024,나나873691,to_in_008,0
2024,나나873692,to_in_001,8
2024,나나873692,to_in_007,8
2024,나나873692,to_in_008,5
2024,나나873693,to_in_001,13
2024,나나873693,to_in_007,5
2024,나나873693,to_in_008,8
2024,나나873694,to_in_001,18
2024,나나873694,to_in_007,8
2024,나나873694,to_in_008,8
2024,나나873695,to_in_001,5
2024,나나873695,to_in_007,5
2024,나나873695,to_in_008,5
2024,나나873697,to_in_001,8
2024,나나873697,to_in_007,5
2024,나나873697,to_in_008,5
2024,나나873698,to_in_001,8
2024,나나873698,to_in_007,5
2024,나나873698,to_in_008,5
2024,나나873709,to_in_001,18
2024,나나873709,to_in_007,13
2024,나나873709,to_in_008,8
2024,나나873737,to_in_001,8
2024,나나873737,to_in_007,5
2024,나나873737,to_in_008,8
2024,나나873751,to_in_001,5
2024,나나873751,to_in_007,0
2024,나나873751,to_in_008,5
2024,나나873770,to_in_001,13
2024,나나873770,to_in_007,8
2024,나나873770,to_in_008,8
2024,나나873771,to_in_001,8
2024,나나873771,to_in_007,5
2024,나나873771,to_in_008,5
2024,나나873787,to_in_001,13
2024,나나873787,to_in_007,5
2024,나나873787,to_in_008,8
2024,나나873788,to_in_001,59
2024,나나873788,to_in_007,28
2024,나나873788,to_in_008,29
2024,나나873852,to_in_001,5
2024,나나873852,to_in_007,0
2024,나나873852,to_in_008,0
2024,나나873857,to_in_001,8
2024,나나873857,to_in_007,5
2024,나나873857,to_in_008,5
2024,나나873888,to_in_001,5
2024,나나873888,to_in_007,5
2024,나나873888,to_in_008,0
2024,나나873903,to_in_001,5
2024,나나873903,to_in_007,0
2024,나나873903,to_in_008,5
2024,나나873905,to_in_001,5
2024,나나873905,to_in_007,5
2024,나나873905,to_in_008,0
2024,나나878857,to_in_001,8
2024,나나878857,to_in_007,5
2024,나나878857,to_in_008,5
2024,나나878858,to_in_001,5
2024,나나878858,to_in_007,5
2024,나나878858,to_in_008,5
2024,나나878859,to_in_001,5
2024,나나878859,to_in_007,5
2024,나나878859,to_in_008,0
2024,나나878862,to_in_001,13
2024,나나878862,to_in_007,8
2024,나나878862,to_in_008,8
2024,나나878883,to_in_001,8
2024,나나878883,to_in_007,5
2024,나나878883,to_in_008,5
2024,나나878892,to_in_001,14
2024,나나878892,to_in_007,11
2024,나나878892,to_in_008,5
2024,나나878897,to_in_001,8
2024,나나878897,to_in_007,8
2024,나나878897,to_in_008,0
2024,나나878901,to_in_001,8
2024,나나878901,to_in_007,5
2024,나나878901,to_in_008,5
2024,나나878902,to_in_001,5
2024,나나878902,to_in_007,0
2024,나나878902,to_in_008,0
2024,나나877862,to_in_008,0
2024,나나877885,to_in_001,0
2024,나나877885,to_in_007,0
2024,나나877885,to_in_008,0
2024,나나880942,to_in_001,18
2024,나나862929,to_in_007,5
2024,나나862929,to_in_008,5
2024,나나867734,to_in_001,13
2024,나나867734,to_in_007,8
2024,나나867734,to_in_008,5
2024,나나867735,to_in_001,8
2024,나나867735,to_in_007,8
2024,나나867735,to_in_008,5
2024,나나867736,to_in_001,8
2024,나나867736,to_in_007,5
2024,나나867736,to_in_008,8
2024,나나867738,to_in_001,5
2024,나나867738,to_in_007,5
2024,나나867738,to_in_008,5
2024,나나867740,to_in_001,5
2024,나나867740,to_in_007,5
2024,나나867740,to_in_008,0
2024,나나867745,to_in_001,8
2024,나나867745,to_in_007,8
2024,나나867745,to_in_008,0
2024,나나867754,to_in_001,5
2024,나나867754,to_in_007,0
2024,나나867754,to_in_008,0
2024,나나867759,to_in_001,8
2024,나나867759,to_in_007,5
2024,나나867759,to_in_008,5
2024,나나867760,to_in_001,18
2024,나나867760,to_in_007,8
2024,나나867760,to_in_008,8
2024,나나867763,to_in_001,5
2024,나나867763,to_in_007,0
2024,나나867763,to_in_008,0
2024,나나867764,to_in_001,5
2024,나나867764,to_in_007,5
2024,나나867764,to_in_008,5
2024,나나867769,to_in_001,18
2024,나나867769,to_in_007,8
2024,나나867769,to_in_008,13
2024,나나867771,to_in_001,18
2024,나나867771,to_in_007,13
2024,나나867771,to_in_008,8
2024,나나867772,to_in_001,23
2024,나나867772,to_in_007,13
2024,나나867772,to_in_008,8
2024,나나867773,to_in_001,18
2024,나나867773,to_in_007,13
2024,나나867773,to_in_008,8
2024,나나867774,to_in_001,8
2024,나나867774,to_in_007,5
2024,나나867774,to_in_008,5
2024,나나867775,to_in_001,5
2024,나나867775,to_in_007,5
2024,나나867775,to_in_008,5
2024,나나867776,to_in_001,119
2024,나나867776,to_in_007,56
2024,나나867776,to_in_008,61
2024,나나867783,to_in_001,38
2024,나나867783,to_in_007,18
2024,나나867783,to_in_008,23
2024,나나867784,to_in_001,5
2024,나나867784,to_in_007,5
2024,나나867784,to_in_008,5
2024,나나867844,to_in_001,8
2024,나나867844,to_in_007,5
2024,나나867844,to_in_008,5
2024,나나867845,to_in_001,0
2024,나나867845,to_in_007,0
2024,나나867845,to_in_008,0
2024,나나867847,to_in_001,0
2024,나나867847,to_in_007,0
2024,나나867847,to_in_008,0
2024,나나867850,to_in_001,5
2024,나나867850,to_in_007,0
2024,나나867850,to_in_008,5
2024,나나867851,to_in_001,0
2024,나나867851,to_in_007,0
2024,나나867851,to_in_008,0
2024,나나867855,to_in_001,8
2024,나나867855,to_in_007,5
2024,나나867855,to_in_008,5
2024,나나867869,to_in_001,5
2024,나나867869,to_in_007,0
2024,나나867869,to_in_008,0
2024,나나867870,to_in_001,25
2024,나나867870,to_in_007,25
2024,나나867870,to_in_008,0
2024,나나867871,to_in_001,18
2024,나나867871,to_in_007,8
2024,나나867871,to_in_008,8
2024,나나867872,to_in_001,13
2024,나나867872,to_in_007,8
2024,나나867872,to_in_008,5
2024,나나867873,to_in_001,5
2024,나나867873,to_in_007,5
2024,나나867873,to_in_008,5
2024,나나867876,to_in_001,13
2024,나나867876,to_in_007,8
2024,나나867876,to_in_008,5
2024,나나867877,to_in_001,18
2024,나나867877,to_in_007,8
2024,나나867877,to_in_008,8
2024,나나867886,to_in_001,5
2024,나나867886,to_in_007,5
2024,나나867886,to_in_008,5
2024,나나867889,to_in_001,5
2024,나나867889,to_in_007,0
2024,나나867889,to_in_008,0
2024,나나867890,to_in_001,5
2024,나나867890,to_in_007,5
2024,나나867890,to_in_008,5
2024,나나867892,to_in_001,5
2024,나나867892,to_in_007,5
2024,나나867892,to_in_008,0
2024,나나867895,to_in_001,5
2024,나나867895,to_in_007,0
2024,나나867895,to_in_008,5
2024,나나867899,to_in_001,8
2024,나나867899,to_in_007,8
2024,나나867899,to_in_008,5
2024,나나867908,to_in_001,0
2024,나나867908,to_in_007,0
2024,나나867908,to_in_008,0
2024,나나867912,to_in_001,8
2024,나나867912,to_in_007,8
2024,나나867912,to_in_008,5
2024,나나867914,to_in_001,5
2024,나나867914,to_in_007,0
2024,나나867914,to_in_008,5
2024,나나867918,to_in_001,13
2024,나나867918,to_in_007,8
2024,나나867918,to_in_008,8
2024,나나873907,to_in_001,5
2024,나나873907,to_in_007,5
2024,나나873907,to_in_008,5
2024,나나873911,to_in_001,5
2024,나나873911,to_in_007,5
2024,나나873911,to_in_008,0
2024,나나873914,to_in_001,5
2024,나나873914,to_in_007,5
2024,나나873914,to_in_008,5
2024,나나873916,to_in_001,8
2024,나나873916,to_in_007,5
2024,나나873916,to_in_008,5
2024,나나873926,to_in_001,0
2024,나나873926,to_in_007,0
2024,나나873926,to_in_008,0
2024,나나873930,to_in_001,5
2024,나나873930,to_in_007,0
2024,나나873930,to_in_008,0
2024,나나873933,to_in_001,0
2024,나나873933,to_in_007,0
2024,나나873933,to_in_008,0
2024,나나873934,to_in_001,23
2024,나나873934,to_in_007,8
2024,나나873934,to_in_008,13
2024,나나873935,to_in_001,8
2024,나나873935,to_in_007,5
2024,나나873935,to_in_008,8
2024,나나873936,to_in_001,8
2024,나나873936,to_in_007,5
2024,나나873936,to_in_008,5
2024,나나873937,to_in_001,8
2024,나나873937,to_in_007,5
2024,나나873937,to_in_008,5
2024,나나873938,to_in_001,8
2024,나나873938,to_in_007,8
2024,나나873938,to_in_008,5
2024,나나873941,to_in_001,5
2024,나나873941,to_in_007,5
2024,나나873941,to_in_008,0
2024,나나873945,to_in_001,0
2024,나나873945,to_in_007,0
2024,나나873945,to_in_008,0
2024,나나873948,to_in_001,0
2024,나나873948,to_in_007,0
2024,나나873948,to_in_008,0
2024,나나873951,to_in_001,8
2024,나나873951,to_in_007,5
2024,나나873951,to_in_008,5
2024,나나874695,to_in_001,8
2024,나나874695,to_in_007,5
2024,나나874695,to_in_008,8
2024,나나874696,to_in_001,8
2024,나나874696,to_in_007,0
2024,나나874696,to_in_008,8
2024,나나874697,to_in_001,8
2024,나나874697,to_in_007,5
2024,나나874697,to_in_008,8
2024,나나874699,to_in_001,5
2024,나나874699,to_in_007,0
2024,나나874699,to_in_008,5
2024,나나874700,to_in_001,5
2024,나나874700,to_in_007,5
2024,나나874700,to_in_008,0
2024,나나874706,to_in_001,0
2024,나나874706,to_in_007,0
2024,나나874706,to_in_008,0
2024,나나874708,to_in_001,5
2024,나나874708,to_in_007,0
2024,나나874708,to_in_008,0
2024,나나874709,to_in_001,5
2024,나나874709,to_in_007,5
2024,나나874709,to_in_008,5
2024,나나874715,to_in_001,8
2024,나나874715,to_in_007,5
2024,나나874715,to_in_008,5
2024,나나874716,to_in_001,13
2024,나나874716,to_in_007,8
2024,나나874716,to_in_008,8
2024,나나874718,to_in_001,5
2024,나나874718,to_in_007,5
2024,나나874718,to_in_008,5
2024,나나874719,to_in_001,0
2024,나나874719,to_in_007,0
2024,나나874719,to_in_008,0
2024,나나874743,to_in_001,18
2024,나나874743,to_in_007,8
2024,나나874743,to_in_008,13
2024,나나874748,to_in_001,5
2024,나나874748,to_in_007,5
2024,나나874748,to_in_008,5
2024,나나874771,to_in_001,13
2024,나나874771,to_in_007,8
2024,나나874771,to_in_008,8
2024,나나874796,to_in_001,0
2024,나나874796,to_in_007,0
2024,나나874796,to_in_008,0
2024,나나874855,to_in_001,8
2024,나나874855,to_in_007,8
2024,나나874855,to_in_008,5
2024,나나874856,to_in_001,8
2024,나나874856,to_in_007,5
2024,나나874856,to_in_008,5
2024,나나874861,to_in_001,5
2024,나나874861,to_in_007,5
2024,나나874861,to_in_008,0
2024,나나874867,to_in_001,0
2024,나나874867,to_in_007,0
2024,나나874867,to_in_008,0
2024,나나874883,to_in_001,5
2024,나나874883,to_in_007,5
2024,나나874883,to_in_008,0
2024,나나874904,to_in_001,0
2024,나나874904,to_in_007,0
2024,나나874904,to_in_008,0
2024,나나874905,to_in_001,5
2024,나나874905,to_in_007,5
2024,나나874905,to_in_008,0
2024,나나879735,to_in_001,0
2024,나나879735,to_in_007,0
2024,나나879735,to_in_008,0
2024,나나879738,to_in_001,5
2024,나나879738,to_in_007,0
2024,나나879738,to_in_008,5
2024,나나879753,to_in_001,8
2024,나나879753,to_in_007,5
2024,나나879753,to_in_008,5
2024,나나879756,to_in_001,0
2024,나나879756,to_in_007,0
2024,나나879756,to_in_008,0
2024,나나879757,to_in_001,5
2024,나나879757,to_in_007,0
2024,나나879757,to_in_008,0
2024,나나879765,to_in_001,5
2024,나나879765,to_in_007,0
2024,나나879765,to_in_008,5
2024,나나879767,to_in_001,0
2024,나나879767,to_in_007,0
2024,나나879767,to_in_008,0
2024,나나879768,to_in_001,5
2024,나나879768,to_in_007,0
2024,나나879768,to_in_008,0
2024,나나879771,to_in_001,8
2024,나나879771,to_in_007,5
2024,나나879771,to_in_008,5
2024,나나879774,to_in_001,0
2024,나나879774,to_in_007,0
2024,나나879774,to_in_008,0
2024,나나879775,to_in_001,13
2024,나나879775,to_in_007,8
2024,나나879775,to_in_008,8
2024,나나879777,to_in_001,5
2024,나나879777,to_in_007,5
2024,나나879777,to_in_008,5
2024,나나879778,to_in_001,8
2024,나나879778,to_in_007,5
2024,나나879778,to_in_008,8
2024,나나879779,to_in_001,0
2024,나나879779,to_in_007,0
2024,나나879779,to_in_008,0
2024,나나879856,to_in_001,5
2024,나나879856,to_in_007,0
2024,나나879856,to_in_008,0
2024,나나880942,to_in_007,8
2024,나나880942,to_in_008,13
2024,나나880943,to_in_001,13
2024,나나880943,to_in_007,8
2024,나나880943,to_in_008,5
2024,나나880944,to_in_001,5
2024,나나880944,to_in_007,5
2024,나나880944,to_in_008,0
2024,나나880945,to_in_001,13
2024,나나880945,to_in_007,8
2024,나나880945,to_in_008,8
2024,나나880946,to_in_001,18
2024,나나880946,to_in_007,8
2024,나나880946,to_in_008,13
2024,나나880947,to_in_001,13
2024,나나880947,to_in_007,8
2024,나나880947,to_in_008,5
2024,나나880948,to_in_001,8
2024,나나880948,to_in_007,5
2024,나나880948,to_in_008,8
2024,나나880949,to_in_001,8
2024,나나880949,to_in_007,5
2024,나나880949,to_in_008,5
2024,나나880950,to_in_001,13
2024,나나880950,to_in_007,8
2024,나나880950,to_in_008,8
2024,나나880951,to_in_001,18
2024,나나880951,to_in_007,8
2024,나나880951,to_in_008,8
2024,나나880952,to_in_001,38
2024,나나880952,to_in_007,18
2024,나나880952,to_in_008,18
2024,나나880953,to_in_001,18
2024,나나880953,to_in_007,8
2024,나나880953,to_in_008,8
2024,나나880954,to_in_001,8
2024,나나880954,to_in_007,5
2024,나나880954,to_in_008,5
2024,나나880955,to_in_001,13
2024,나나880955,to_in_007,8
2024,나나880955,to_in_008,5
2024,나나880956,to_in_001,13
2024,나나880956,to_in_007,5
2024,나나880956,to_in_008,8
2024,나나881711,to_in_001,18
2024,나나881711,to_in_007,8
2024,나나881711,to_in_008,8
2024,나나881712,to_in_001,18
2024,나나881712,to_in_007,13
2024,나나881712,to_in_008,8
2024,나나881713,to_in_001,5
2024,나나881713,to_in_007,5
2024,나나881713,to_in_008,0
2024,나나881716,to_in_001,8
2024,나나881716,to_in_007,5
2024,나나881716,to_in_008,5
2024,나나881718,to_in_001,5
2024,나나881718,to_in_007,5
2024,나나881718,to_in_008,0
2024,나나881723,to_in_001,5
2024,나나881723,to_in_007,0
2024,나나881723,to_in_008,0
2024,나나881724,to_in_001,5
2024,나나881724,to_in_007,5
2024,나나881724,to_in_008,0
2024,나나881726,to_in_001,8
2024,나나881726,to_in_007,5
2024,나나881726,to_in_008,8
2024,나나881728,to_in_001,5
2024,나나881728,to_in_007,5
2024,나나881728,to_in_008,0
2024,나나881732,to_in_001,5
2024,나나881732,to_in_007,5
2024,나나881732,to_in_008,0
2024,나나881733,to_in_001,5
2024,나나881733,to_in_007,5
2024,나나881733,to_in_008,5
2024,나나881736,to_in_001,13
2024,나나881736,to_in_007,13
2024,나나881736,to_in_008,8
2024,나나881737,to_in_001,5
2024,나나881737,to_in_007,5
2024,나나881737,to_in_008,0
2024,나나881739,to_in_001,5
2024,나나881739,to_in_007,5
2024,나나881739,to_in_008,5
2024,나나881740,to_in_001,5
2024,나나881740,to_in_007,5
2024,나나881740,to_in_008,5
2024,나나881746,to_in_001,5
2024,나나881746,to_in_007,0
2024,나나881746,to_in_008,0
2024,나나881747,to_in_001,5
2024,나나881747,to_in_007,0
2024,나나881747,to_in_008,5
2024,나나881752,to_in_001,5
2024,나나881752,to_in_007,5
2024,나나881752,to_in_008,5
2024,나나881754,to_in_001,5
2024,나나881754,to_in_007,0
2024,나나881754,to_in_008,0
2024,나나881761,to_in_001,5
2024,나나881761,to_in_007,5
2024,나나881761,to_in_008,0
2024,나나881772,to_in_001,5
2024,나나881772,to_in_007,0
2024,나나881772,to_in_008,0
2024,나나881773,to_in_001,5
2024,나나881773,to_in_007,0
2024,나나881773,to_in_008,5
2024,나나881774,to_in_001,8
2024,나나881774,to_in_007,8
2024,나나881774,to_in_008,5
2024,나나881775,to_in_001,8
2024,나나881775,to_in_007,5
2024,나나881775,to_in_008,5
2024,나나883897,to_in_001,5
2024,나나883897,to_in_007,0
2024,나나883897,to_in_008,0
2024,나나883917,to_in_001,0
2024,나나883917,to_in_007,0
2024,나나883917,to_in_008,0
2024,나나883923,to_in_001,13
2024,나나883923,to_in_007,8
2024,나나883923,to_in_008,8
2024,나나883924,to_in_001,5
2024,나나883924,to_in_007,0
2024,나나883924,to_in_008,0
2024,나나883925,to_in_001,5
2024,나나883925,to_in_007,0
2024,나나883925,to_in_008,5
2024,나나883927,to_in_001,8
2024,나나883927,to_in_007,5
2024,나나883927,to_in_008,5
2024,나나883928,to_in_001,5
2024,나나883928,to_in_007,5
2024,나나883928,to_in_008,5
2024,나나883939,to_in_001,5
2024,나나883939,to_in_007,0
2024,나나883939,to_in_008,0
2024,나나883945,to_in_001,29
2024,나나883945,to_in_007,19
2024,나나883945,to_in_008,8
2024,나나883946,to_in_001,0
2024,나나883946,to_in_007,0
2024,나나883946,to_in_008,0
2024,나나883954,to_in_001,8
2024,나나883954,to_in_007,8
2024,나나883954,to_in_008,0
2024,나나883955,to_in_001,5
2024,나나883955,to_in_007,0
2024,나나883955,to_in_008,0
2024,나나884713,to_in_001,0
2024,나나884713,to_in_007,0
2024,나나884713,to_in_008,0
2024,나나884714,to_in_001,18
2024,나나884714,to_in_007,13
2024,나나884714,to_in_008,8
2024,나나884715,to_in_001,5
2024,나나884715,to_in_007,0
2024,나나884715,to_in_008,5
2024,나나884719,to_in_001,13
2024,나나884719,to_in_007,5
2024,나나884719,to_in_008,8
2024,나나884720,to_in_001,5
2024,나나884720,to_in_007,5
2024,나나884720,to_in_008,0
2024,나나884721,to_in_001,0
2024,나나884721,to_in_007,0
2024,나나884721,to_in_008,0
2024,나나884724,to_in_001,8
2024,나나884724,to_in_007,8
2024,나나884724,to_in_008,0
2024,나나884725,to_in_001,13
2024,나나884725,to_in_007,5
2024,나나884725,to_in_008,8
2024,나나884726,to_in_001,8
2024,나나884726,to_in_007,8
2024,나나884726,to_in_008,8
2024,나나884734,to_in_001,13
2024,나나884734,to_in_007,5
2024,나나884734,to_in_008,8
2024,나나884737,to_in_001,18
2024,나나884737,to_in_007,8
2024,나나884737,to_in_008,13
2024,나나884738,to_in_001,28
2024,나나884738,to_in_007,13
2024,나나884738,to_in_008,13
2024,나나884739,to_in_001,5
2024,나나884739,to_in_007,0
2024,나나884739,to_in_008,5
2024,나나884740,to_in_001,23
2024,나나884740,to_in_007,8
2024,나나884740,to_in_008,13
2024,나나884741,to_in_001,8
2024,나나884741,to_in_007,5
2024,나나884741,to_in_008,5
2024,나나884742,to_in_001,13
2024,나나884742,to_in_007,8
2024,나나884742,to_in_008,8
2024,나나884743,to_in_001,23
2024,나나884743,to_in_007,13
2024,나나884743,to_in_008,8
2024,나나884744,to_in_001,0
2024,나나884744,to_in_007,0
2024,나나884744,to_in_008,0
2024,나나884745,to_in_001,5
2024,나나884745,to_in_007,0
2024,나나884745,to_in_008,5
2024,나나884746,to_in_001,5
2024,나나884746,to_in_007,0
2024,나나884746,to_in_008,5
2024,나나884762,to_in_001,8
2024,나나884762,to_in_007,0
2024,나나884762,to_in_008,8
2024,나나884768,to_in_001,23
2024,나나884768,to_in_007,13
2024,나나884768,to_in_008,8
2024,나나884769,to_in_001,46
2024,나나884769,to_in_007,23
2024,나나884769,to_in_008,26
2024,나나884771,to_in_001,23
2024,나나884771,to_in_007,13
2024,나나884771,to_in_008,8
2024,나나884773,to_in_001,5
2024,나나884773,to_in_007,5
2024,나나884773,to_in_008,5
2024,나나884774,to_in_001,13
2024,나나884774,to_in_007,8
2024,나나884774,to_in_008,8
2024,나나884777,to_in_001,18
2024,나나884777,to_in_007,8
2024,나나884777,to_in_008,8
2024,나나884778,to_in_001,43
2024,나나884778,to_in_007,18
2024,나나884778,to_in_008,23
2024,나나884779,to_in_001,18
2024,나나884779,to_in_007,8
2024,나나884779,to_in_008,8
2024,나나884780,to_in_001,13
2024,나나884780,to_in_007,8
2024,나나884780,to_in_008,8
2024,나나884781,to_in_001,13
2024,나나884781,to_in_007,8
2024,나나884781,to_in_008,0
2024,나나884782,to_in_001,13
2024,나나884782,to_in_007,8
2024,나나884782,to_in_008,8
2024,나나884783,to_in_001,0
2024,나나884783,to_in_007,0
2024,나나884783,to_in_008,0
2024,나나884784,to_in_001,5
2024,나나884784,to_in_007,0
2024,나나884784,to_in_008,5
2024,나나884846,to_in_001,0
2024,나나884846,to_in_007,0
2024,나나884846,to_in_008,0
2024,나나884861,to_in_001,0
2024,나나884861,to_in_007,0
2024,나나884861,to_in_008,0
2024,나나884862,to_in_001,5
2024,나나884862,to_in_007,0
2024,나나884862,to_in_008,0
2024,나나884864,to_in_001,5
2024,나나884864,to_in_007,5
2024,나나884864,to_in_008,0
2024,나나884881,to_in_001,5
2024,나나884881,to_in_007,5
2024,나나884881,to_in_008,0
2024,나나884886,to_in_001,5
2024,나나884886,to_in_007,5
2024,나나884886,to_in_008,0
2024,나나884909,to_in_001,5
2024,나나884909,to_in_007,5
2024,나나884909,to_in_008,5
2024,나나884923,to_in_001,8
2024,나나884923,to_in_007,8
2024,나나884923,to_in_008,5
2024,나나884924,to_in_001,5
2024,나나884924,to_in_007,0
2024,나나884924,to_in_008,5
2024,나나884928,to_in_001,5
2024,나나884928,to_in_007,5
2024,나나884928,to_in_008,0
2024,나나884940,to_in_001,0
2024,나나884940,to_in_007,0
2024,나나884940,to_in_008,0
2024,나나884941,to_in_001,8
2024,나나884941,to_in_007,5
2024,나나884941,to_in_008,5
2024,나나884944,to_in_001,8
2024,나나884944,to_in_007,5
2024,나나884944,to_in_008,5
2024,나나884945,to_in_001,8
2024,나나884945,to_in_007,5
2024,나나884945,to_in_008,5
2024,나나884946,to_in_001,18
2024,나나884946,to_in_007,13
2024,나나884946,to_in_008,5
2024,나나884949,to_in_001,8
2024,나나884949,to_in_007,5
2024,나나884949,to_in_008,5
2024,나나884955,to_in_001,23
2024,나나884955,to_in_007,13
2024,나나884955,to_in_008,8
2024,나나884956,to_in_001,23
2024,나나884956,to_in_007,13
2024,나나884956,to_in_008,8
2024,나나885713,to_in_001,8
2024,나나885713,to_in_007,5
2024,나나885713,to_in_008,8
2024,나나885714,to_in_001,33
2024,나나885714,to_in_007,13
2024,나나885714,to_in_008,23
2024,나나885719,to_in_001,8
2024,나나885719,to_in_007,5
2024,나나885719,to_in_008,8
2024,나나885720,to_in_001,0
2024,나나885720,to_in_007,0
2024,나나885720,to_in_008,0
2024,나나885721,to_in_001,8
2024,나나885721,to_in_007,5
2024,나나885721,to_in_008,5
2024,나나885722,to_in_001,8
2024,나나885722,to_in_007,5
2024,나나885722,to_in_008,8
2024,나나885723,to_in_001,8
2024,나나885723,to_in_007,8
2024,나나885723,to_in_008,5
2024,나나885725,to_in_001,8
2024,나나885725,to_in_007,5
2024,나나885725,to_in_008,5
2024,나나885726,to_in_001,5
2024,나나885726,to_in_007,0
2024,나나885726,to_in_008,5
2024,나나885727,to_in_001,5
2024,나나885727,to_in_007,0
2024,나나885727,to_in_008,5
2024,나나885729,to_in_001,5
2024,나나885729,to_in_007,0
2024,나나885729,to_in_008,5
2024,나나885730,to_in_001,5
2024,나나885730,to_in_007,0
2024,나나885730,to_in_008,5
2024,나나885731,to_in_001,8
2024,나나885731,to_in_007,8
2024,나나885731,to_in_008,5
2024,나나885736,to_in_001,5
2024,나나885736,to_in_007,0
2024,나나885736,to_in_008,5
2024,나나885737,to_in_001,0
2024,나나885737,to_in_007,0
2024,나나885737,to_in_008,0
2024,나나885738,to_in_001,8
2024,나나885738,to_in_007,8
2024,나나885738,to_in_008,5
2024,나나885739,to_in_001,13
2024,나나885739,to_in_007,8
2024,나나885739,to_in_008,8
2024,나나885740,to_in_001,28
2024,나나885740,to_in_007,13
2024,나나885740,to_in_008,13
2024,나나885741,to_in_001,8
2024,나나885741,to_in_007,0
2024,나나885741,to_in_008,8
2024,나나885742,to_in_001,28
2024,나나885742,to_in_007,18
2024,나나885742,to_in_008,13
2024,나나885743,to_in_001,18
2024,나나885743,to_in_007,13
2024,나나885743,to_in_008,8
2024,나나886726,to_in_001,8
2024,나나886726,to_in_007,5
2024,나나886726,to_in_008,5
2024,나나886727,to_in_001,5
2024,나나886727,to_in_007,5
2024,나나886727,to_in_008,0
2024,나나886728,to_in_001,5
2024,나나886728,to_in_007,0
2024,나나886728,to_in_008,0
2024,나나886729,to_in_001,5
2024,나나886729,to_in_007,5
2024,나나886729,to_in_008,0
2024,나나886732,to_in_001,5
2024,나나886732,to_in_007,5
2024,나나886732,to_in_008,0
2024,나나886739,to_in_001,5
2024,나나886739,to_in_007,5
2024,나나886739,to_in_008,0
2024,나나886740,to_in_001,13
2024,나나886740,to_in_007,8
2024,나나886740,to_in_008,5
2024,나나886741,to_in_001,23
2024,나나886741,to_in_007,13
2024,나나886741,to_in_008,13
2024,나나886742,to_in_001,38
2024,나나886742,to_in_007,13
2024,나나886742,to_in_008,23
2024,나나886743,to_in_001,23
2024,나나886743,to_in_007,8
2024,나나886743,to_in_008,13
2024,나나886744,to_in_001,18
2024,나나886744,to_in_007,13
2024,나나886744,to_in_008,8
2024,나나886745,to_in_001,5
2024,나나886745,to_in_007,5
2024,나나886745,to_in_008,5
2024,나나886746,to_in_001,23
2024,나나886746,to_in_007,13
2024,나나886746,to_in_008,8
2024,나나886747,to_in_001,13
2024,나나886747,to_in_007,5
2024,나나886747,to_in_008,8
2024,나나886748,to_in_001,0
2024,나나886748,to_in_007,0
2024,나나886748,to_in_008,0
2024,나나886750,to_in_001,13
2024,나나886750,to_in_007,8
2024,나나886750,to_in_008,8
2024,나나886754,to_in_001,13
2024,나나886754,to_in_007,8
2024,나나868875,to_in_007,0
2024,나나868875,to_in_008,5
2024,나나868876,to_in_001,13
2024,나나868876,to_in_007,8
2024,나나868876,to_in_008,8
2024,나나868877,to_in_001,8
2024,나나868877,to_in_007,5
2024,나나868877,to_in_008,5
2024,나나868884,to_in_001,18
2024,나나868884,to_in_007,8
2024,나나868884,to_in_008,8
2024,나나868886,to_in_001,8
2024,나나868886,to_in_007,5
2024,나나868886,to_in_008,8
2024,나나868887,to_in_001,13
2024,나나868887,to_in_007,5
2024,나나868887,to_in_008,8
2024,나나868888,to_in_001,5
2024,나나868888,to_in_007,5
2024,나나868888,to_in_008,5
2024,나나868889,to_in_001,5
2024,나나868889,to_in_007,5
2024,나나868889,to_in_008,5
2024,나나868893,to_in_001,8
2024,나나868893,to_in_007,8
2024,나나868893,to_in_008,0
2024,나나868895,to_in_001,28
2024,나나868895,to_in_007,13
2024,나나868895,to_in_008,13
2024,나나868900,to_in_001,5
2024,나나868900,to_in_007,0
2024,나나868900,to_in_008,5
2024,나나868907,to_in_001,5
2024,나나868907,to_in_007,5
2024,나나868907,to_in_008,0
2024,나나868914,to_in_001,5
2024,나나868914,to_in_007,0
2024,나나868914,to_in_008,0
2024,나나875868,to_in_001,5
2024,나나875868,to_in_007,0
2024,나나875868,to_in_008,0
2024,나나875901,to_in_001,8
2024,나나875901,to_in_007,8
2024,나나875901,to_in_008,0
2024,나나875902,to_in_001,5
2024,나나875902,to_in_007,5
2024,나나875902,to_in_008,5
2024,나나875904,to_in_001,8
2024,나나875904,to_in_007,8
2024,나나875904,to_in_008,0
2024,나나875925,to_in_001,8
2024,나나875925,to_in_007,5
2024,나나875925,to_in_008,5
2024,나나875935,to_in_001,5
2024,나나875935,to_in_007,0
2024,나나875935,to_in_008,5
2024,나나875936,to_in_001,13
2024,나나875936,to_in_007,8
2024,나나875936,to_in_008,5
2024,나나875937,to_in_001,5
2024,나나875937,to_in_007,5
2024,나나875937,to_in_008,5
2024,나나875947,to_in_001,5
2024,나나875947,to_in_007,5
2024,나나875947,to_in_008,0
2024,나나875948,to_in_001,8
2024,나나875948,to_in_007,8
2024,나나875948,to_in_008,0
2024,나나875950,to_in_001,13
2024,나나875950,to_in_007,8
2024,나나875950,to_in_008,8
2024,나나875951,to_in_001,5
2024,나나875951,to_in_007,5
2024,나나875951,to_in_008,5
2024,나나875952,to_in_001,8
2024,나나875952,to_in_007,5
2024,나나875952,to_in_008,5
2024,나나876711,to_in_001,5
2024,나나876711,to_in_007,5
2024,나나876711,to_in_008,0
2024,나나876713,to_in_001,38
2024,나나876713,to_in_007,18
2024,나나876713,to_in_008,18
2024,나나876714,to_in_001,34
2024,나나876714,to_in_007,18
2024,나나876714,to_in_008,14
2024,나나876715,to_in_001,13
2024,나나876715,to_in_007,8
2024,나나876715,to_in_008,8
2024,나나876716,to_in_001,8
2024,나나876716,to_in_007,5
2024,나나876716,to_in_008,5
2024,나나876717,to_in_001,43
2024,나나876717,to_in_007,18
2024,나나876717,to_in_008,23
2024,나나876718,to_in_001,13
2024,나나876718,to_in_007,8
2024,나나876718,to_in_008,8
2024,나나876721,to_in_001,23
2024,나나876721,to_in_007,8
2024,나나876721,to_in_008,13
2024,나나876722,to_in_001,8
2024,나나876722,to_in_007,8
2024,나나876722,to_in_008,5
2024,나나876725,to_in_001,5
2024,나나876725,to_in_007,5
2024,나나876725,to_in_008,0
2024,나나876726,to_in_001,5
2024,나나876726,to_in_007,5
2024,나나876726,to_in_008,5
2024,나나876739,to_in_001,5
2024,나나876739,to_in_007,5
2024,나나876739,to_in_008,0
2024,나나876742,to_in_001,0
2024,나나876742,to_in_007,0
2024,나나876742,to_in_008,0
2024,나나876743,to_in_001,5
2024,나나876743,to_in_007,5
2024,나나876743,to_in_008,0
2024,나나876754,to_in_001,8
2024,나나876754,to_in_007,5
2024,나나876754,to_in_008,8
2024,나나876755,to_in_001,5
2024,나나876755,to_in_007,0
2024,나나876755,to_in_008,5
2024,나나876770,to_in_001,8
2024,나나876770,to_in_007,0
2024,나나876770,to_in_008,8
2024,나나876771,to_in_001,13
2024,나나876771,to_in_007,8
2024,나나876771,to_in_008,5
2024,나나876788,to_in_001,5
2024,나나876788,to_in_007,5
2024,나나876788,to_in_008,5
2024,나나876789,to_in_001,13
2024,나나876789,to_in_007,8
2024,나나876789,to_in_008,8
2024,나나876854,to_in_001,5
2024,나나876854,to_in_007,5
2024,나나876854,to_in_008,0
2024,나나876855,to_in_001,8
2024,나나876855,to_in_007,5
2024,나나876855,to_in_008,5
2024,나나876862,to_in_001,13
2024,나나876862,to_in_007,8
2024,나나876862,to_in_008,5
2024,나나876863,to_in_001,5
2024,나나876863,to_in_007,0
2024,나나876863,to_in_008,5
2024,나나876904,to_in_001,5
2024,나나876904,to_in_007,5
2024,나나876904,to_in_008,0
2024,나나879955,to_in_001,5
2024,나나879955,to_in_007,0
2024,나나879955,to_in_008,5
2024,나나880711,to_in_001,8
2024,나나880711,to_in_007,5
2024,나나880711,to_in_008,5
2024,나나880712,to_in_001,28
2024,나나880712,to_in_007,13
2024,나나880712,to_in_008,13
2024,나나880713,to_in_001,5
2024,나나880713,to_in_007,0
2024,나나880713,to_in_008,5
2024,나나880714,to_in_001,8
2024,나나880714,to_in_007,8
2024,나나880714,to_in_008,8
2024,나나880715,to_in_001,8
2024,나나880715,to_in_007,5
2024,나나880715,to_in_008,5
2024,나나880716,to_in_001,23
2024,나나880716,to_in_007,13
2024,나나880716,to_in_008,8
2024,나나880717,to_in_001,43
2024,나나880717,to_in_007,18
2024,나나880717,to_in_008,23
2024,나나880718,to_in_001,23
2024,나나880718,to_in_007,13
2024,나나880718,to_in_008,13
2024,나나880723,to_in_001,8
2024,나나880723,to_in_007,5
2024,나나880723,to_in_008,5
2024,나나880724,to_in_001,5
2024,나나880724,to_in_007,5
2024,나나880724,to_in_008,0
2024,나나880731,to_in_001,8
2024,나나880731,to_in_007,5
2024,나나880731,to_in_008,5
2024,나나880732,to_in_001,8
2024,나나880732,to_in_007,5
2024,나나880732,to_in_008,8
2024,나나880735,to_in_001,5
2024,나나880735,to_in_007,5
2024,나나880735,to_in_008,0
2024,나나880737,to_in_001,0
2024,나나880737,to_in_007,0
2024,나나880737,to_in_008,0
2024,나나880747,to_in_001,5
2024,나나880747,to_in_007,0
2024,나나880747,to_in_008,0
2024,나나880752,to_in_001,5
2024,나나880752,to_in_007,0
2024,나나880752,to_in_008,5
2024,나나880772,to_in_001,8
2024,나나880772,to_in_007,8
2024,나나880772,to_in_008,5
2024,나나880773,to_in_001,8
2024,나나880773,to_in_007,5
2024,나나880773,to_in_008,8
2024,나나880774,to_in_001,5
2024,나나880774,to_in_007,5
2024,나나880774,to_in_008,5
2024,나나880775,to_in_001,8
2024,나나880775,to_in_007,5
2024,나나880775,to_in_008,5
2024,나나880776,to_in_001,8
2024,나나880776,to_in_007,5
2024,나나880776,to_in_008,8
2024,나나880777,to_in_001,5
2024,나나880777,to_in_007,0
2024,나나880777,to_in_008,0
2024,나나880849,to_in_001,0
2024,나나880849,to_in_007,0
2024,나나880849,to_in_008,0
2024,나나880851,to_in_001,5
2024,나나880851,to_in_007,5
2024,나나880851,to_in_008,0
2024,나나880856,to_in_001,5
2024,나나880856,to_in_007,0
2024,나나880856,to_in_008,5
2024,나나880857,to_in_001,13
2024,나나880857,to_in_007,8
2024,나나880857,to_in_008,8
2024,나나880858,to_in_001,23
2024,나나880858,to_in_007,13
2024,나나880858,to_in_008,13
2024,나나880859,to_in_001,23
2024,나나880859,to_in_007,13
2024,나나880859,to_in_008,13
2024,나나880860,to_in_001,23
2024,나나880860,to_in_007,13
2024,나나880860,to_in_008,8
2024,나나880901,to_in_001,5
2024,나나880901,to_in_007,0
2024,나나880901,to_in_008,5
2024,나나880914,to_in_001,8
2024,나나880914,to_in_007,5
2024,나나880914,to_in_008,5
2024,나나880915,to_in_001,5
2024,나나880915,to_in_007,0
2024,나나880915,to_in_008,0
2024,나나880918,to_in_001,8
2024,나나880918,to_in_007,5
2024,나나880918,to_in_008,5
2024,나나880924,to_in_001,5
2024,나나880924,to_in_007,0
2024,나나880924,to_in_008,5
2024,나나880925,to_in_001,5
2024,나나880925,to_in_007,0
2024,나나880925,to_in_008,5
2024,나나880932,to_in_001,5
2024,나나880932,to_in_007,0
2024,나나880932,to_in_008,5
2024,나나880941,to_in_001,8
2024,나나880941,to_in_007,8
2024,나나880941,to_in_008,0
2024,나나885744,to_in_001,5
2024,나나885744,to_in_007,0
2024,나나885744,to_in_008,5
2024,나나885745,to_in_001,8
2024,나나885745,to_in_007,5
2024,나나885745,to_in_008,8
2024,나나885747,to_in_001,8
2024,나나885747,to_in_007,0
2024,나나885747,to_in_008,8
2024,나나885755,to_in_001,23
2024,나나885755,to_in_007,13
2024,나나885755,to_in_008,8
2024,나나885756,to_in_001,8
2024,나나885756,to_in_007,5
2024,나나885756,to_in_008,8
2024,나나885771,to_in_001,8
2024,나나885771,to_in_007,5
2024,나나885771,to_in_008,5
2024,나나885776,to_in_001,13
2024,나나885776,to_in_007,8
2024,나나885776,to_in_008,8
2024,나나885777,to_in_001,13
2024,나나885777,to_in_007,13
2024,나나885777,to_in_008,8
2024,나나885778,to_in_001,13
2024,나나885778,to_in_007,8
2024,나나885778,to_in_008,5
2024,나나886754,to_in_008,8
2024,나나886755,to_in_001,8
2024,나나886755,to_in_007,5
2024,나나886755,to_in_008,5
2024,나나886756,to_in_001,8
2024,나나886756,to_in_007,5
2024,나나886756,to_in_008,5
2024,나나886759,to_in_001,5
2024,나나886759,to_in_007,0
2024,나나886759,to_in_008,0
2024,나나886763,to_in_001,8
2024,나나886763,to_in_007,5
2024,나나886763,to_in_008,5
2024,나나886765,to_in_001,0
2024,나나886765,to_in_007,0
2024,나나886765,to_in_008,0
2024,나나886767,to_in_001,5
2024,나나886767,to_in_007,5
2024,나나886767,to_in_008,5
2024,나나886769,to_in_001,5
2024,나나886769,to_in_007,0
2024,나나886769,to_in_008,5
2024,나나886777,to_in_001,8
2024,나나886777,to_in_007,5
2024,나나886777,to_in_008,8
2024,나나886778,to_in_001,8
2024,나나886778,to_in_007,8
2024,나나886778,to_in_008,5
2024,나나886779,to_in_001,33
2024,나나886779,to_in_007,13
2024,나나886779,to_in_008,18
2024,나나886780,to_in_001,48
2024,나나886780,to_in_007,23
2024,나나886780,to_in_008,23
2024,나나886781,to_in_001,18
2024,나나886781,to_in_007,13
2024,나나886781,to_in_008,8
2024,나나886782,to_in_001,18
2024,나나886782,to_in_007,8
2024,나나886782,to_in_008,8
2024,나나886783,to_in_001,28
2024,나나886783,to_in_007,13
2024,나나886783,to_in_008,18
2024,나나886879,to_in_001,5
2024,나나886879,to_in_007,5
2024,나나886879,to_in_008,0
2024,나나886893,to_in_001,13
2024,나나886893,to_in_007,5
2024,나나886893,to_in_008,8
2024,나나886914,to_in_001,5
2024,나나886914,to_in_007,5
2024,나나886914,to_in_008,5
2024,나나886922,to_in_001,23
2024,나나886922,to_in_007,13
2024,나나886922,to_in_008,13
2024,나나886923,to_in_001,5
2024,나나886923,to_in_007,0
2024,나나886923,to_in_008,5
2024,나나886924,to_in_001,8
2024,나나886924,to_in_007,5
2024,나나886924,to_in_008,5
2024,나나886926,to_in_001,5
2024,나나886926,to_in_007,5
2024,나나886926,to_in_008,5
2024,나나886929,to_in_001,8
2024,나나886929,to_in_007,8
2024,나나886929,to_in_008,5
2024,나나886930,to_in_001,5
2024,나나886930,to_in_007,5
2024,나나886930,to_in_008,5
2024,나나886947,to_in_001,8
2024,나나886947,to_in_007,0
2024,나나886947,to_in_008,5
2024,나나889904,to_in_001,0
2024,나나889904,to_in_007,0
2024,나나889904,to_in_008,0
2024,나나889906,to_in_001,5
2024,나나889906,to_in_007,0
2024,나나889906,to_in_008,5
2024,나나889911,to_in_001,5
2024,나나889911,to_in_007,0
2024,나나889911,to_in_008,5
2024,나나889924,to_in_001,5
2024,나나889924,to_in_007,0
2024,나나889924,to_in_008,0
2024,나나889933,to_in_001,5
2024,나나889933,to_in_007,0
2024,나나877912,to_in_001,5
2024,나나877912,to_in_007,0
2024,나나877912,to_in_008,0
2024,나나877924,to_in_001,18
2024,나나877924,to_in_007,8
2024,나나877924,to_in_008,8
2024,나나877925,to_in_001,13
2024,나나877925,to_in_007,8
2024,나나877925,to_in_008,8
2024,나나877927,to_in_001,5
2024,나나877927,to_in_007,0
2024,나나877927,to_in_008,0
2024,나나877929,to_in_001,0
2024,나나877929,to_in_007,0
2024,나나877929,to_in_008,0
2024,나나877935,to_in_001,18
2024,나나877935,to_in_007,8
2024,나나877935,to_in_008,8
2024,나나877936,to_in_001,8
2024,나나877936,to_in_007,5
2024,나나877936,to_in_008,5
2024,나나877939,to_in_001,0
2024,나나877939,to_in_007,0
2024,나나877939,to_in_008,0
2024,나나877942,to_in_001,5
2024,나나877942,to_in_007,5
2024,나나877942,to_in_008,0
2024,나나877943,to_in_001,5
2024,나나877943,to_in_007,5
2024,나나877943,to_in_008,0
2024,나나877950,to_in_001,5
2024,나나877950,to_in_007,5
2024,나나877950,to_in_008,0
2024,나나877951,to_in_001,18
2024,나나877951,to_in_007,13
2024,나나877951,to_in_008,8
2024,나나877952,to_in_001,38
2024,나나877952,to_in_007,23
2024,나나877952,to_in_008,13
2024,나나878710,to_in_001,8
2024,나나878710,to_in_007,5
2024,나나878710,to_in_008,5
2024,나나878711,to_in_001,8
2024,나나878711,to_in_007,5
2024,나나878711,to_in_008,8
2024,나나878712,to_in_001,38
2024,나나878712,to_in_007,18
2024,나나878712,to_in_008,23
2024,나나878713,to_in_001,13
2024,나나878713,to_in_007,8
2024,나나878713,to_in_008,8
2024,나나878714,to_in_001,18
2024,나나878714,to_in_007,8
2024,나나878714,to_in_008,8
2024,나나878715,to_in_001,8
2024,나나878715,to_in_007,5
2024,나나878715,to_in_008,5
2024,나나878716,to_in_001,23
2024,나나878716,to_in_007,13
2024,나나878716,to_in_008,13
2024,나나878717,to_in_001,28
2024,나나878717,to_in_007,13
2024,나나878717,to_in_008,13
2024,나나878718,to_in_001,18
2024,나나878718,to_in_007,8
2024,나나878718,to_in_008,8
2024,나나878719,to_in_001,5
2024,나나878719,to_in_007,0
2024,나나878719,to_in_008,5
2024,나나878721,to_in_001,8
2024,나나878721,to_in_007,8
2024,나나878721,to_in_008,5
2024,나나878722,to_in_001,5
2024,나나878722,to_in_007,0
2024,나나878722,to_in_008,0
2024,나나878723,to_in_001,5
2024,나나878723,to_in_007,0
2024,나나878723,to_in_008,5
2024,나나878727,to_in_001,0
2024,나나878727,to_in_007,0
2024,나나878727,to_in_008,0
2024,나나878754,to_in_001,5
2024,나나878754,to_in_007,5
2024,나나878754,to_in_008,5
2024,나나878757,to_in_001,5
2024,나나878757,to_in_007,5
2024,나나878757,to_in_008,5
2024,나나878772,to_in_001,5
2024,나나878772,to_in_007,5
2024,나나878772,to_in_008,5
2024,나나878773,to_in_001,0
2024,나나878773,to_in_007,0
2024,나나878773,to_in_008,0
2024,나나878856,to_in_001,13
2024,나나878856,to_in_007,8
2024,나나878856,to_in_008,8
2024,나나881776,to_in_001,13
2024,나나881776,to_in_007,8
2024,나나881776,to_in_008,8
2024,나나881777,to_in_001,13
2024,나나881777,to_in_007,8
2024,나나881777,to_in_008,8
2024,나나881781,to_in_001,5
2024,나나881781,to_in_007,5
2024,나나881781,to_in_008,0
2024,나나881782,to_in_001,53
2024,나나881782,to_in_007,23
2024,나나881782,to_in_008,28
2024,나나881783,to_in_001,38
2024,나나881783,to_in_007,23
2024,나나881783,to_in_008,13
2024,나나881852,to_in_001,5
2024,나나881852,to_in_007,0
2024,나나881852,to_in_008,5
2024,나나881853,to_in_001,5
2024,나나881853,to_in_007,5
2024,나나881853,to_in_008,0
2024,나나881855,to_in_001,5
2024,나나881855,to_in_007,5
2024,나나881855,to_in_008,5
2024,나나881856,to_in_001,13
2024,나나881856,to_in_007,8
2024,나나881856,to_in_008,8
2024,나나881857,to_in_001,18
2024,나나881857,to_in_007,13
2024,나나881857,to_in_008,8
2024,나나881858,to_in_001,34
2024,나나881858,to_in_007,19
2024,나나881858,to_in_008,13
2024,나나881859,to_in_001,33
2024,나나881859,to_in_007,18
2024,나나881859,to_in_008,18
2024,나나881860,to_in_001,18
2024,나나881860,to_in_007,8
2024,나나881860,to_in_008,8
2024,나나881861,to_in_001,5
2024,나나881861,to_in_007,0
2024,나나881861,to_in_008,5
2024,나나881863,to_in_001,0
2024,나나881863,to_in_007,0
2024,나나881863,to_in_008,0
2024,나나881883,to_in_001,0
2024,나나881883,to_in_007,0
2024,나나881883,to_in_008,0
2024,나나881921,to_in_001,5
2024,나나881921,to_in_007,5
2024,나나881921,to_in_008,0
2024,나나881923,to_in_001,5
2024,나나881923,to_in_007,0
2024,나나881923,to_in_008,5
2024,나나881924,to_in_001,28
2024,나나881924,to_in_007,13
2024,나나881924,to_in_008,18
2024,나나881925,to_in_001,18
2024,나나881925,to_in_007,13
2024,나나881925,to_in_008,8
2024,나나881928,to_in_001,5
2024,나나881928,to_in_007,5
2024,나나881928,to_in_008,0
2024,나나881935,to_in_001,5
2024,나나881935,to_in_007,5
2024,나나881935,to_in_008,0
2024,나나881937,to_in_001,8
2024,나나881937,to_in_007,5
2024,나나881937,to_in_008,8
2024,나나881938,to_in_001,5
2024,나나881938,to_in_007,0
2024,나나881938,to_in_008,0
2024,나나881941,to_in_001,5
2024,나나881941,to_in_007,0
2024,나나881941,to_in_008,5
2024,나나881943,to_in_001,13
2024,나나881943,to_in_007,8
2024,나나881943,to_in_008,8
2024,나나881944,to_in_001,13
2024,나나881944,to_in_007,8
2024,나나881944,to_in_008,5
2024,나나881945,to_in_001,5
2024,나나881945,to_in_007,5
2024,나나881945,to_in_008,0
2024,나나881946,to_in_001,28
2024,나나881946,to_in_007,13
2024,나나881946,to_in_008,18
2024,나나881947,to_in_001,18
2024,나나881947,to_in_007,8
2024,나나881947,to_in_008,8
2024,나나881948,to_in_001,13
2024,나나881948,to_in_007,8
2024,나나881948,to_in_008,8
2024,나나881949,to_in_001,5
2024,나나881949,to_in_007,5
2024,나나881949,to_in_008,0
2024,나나881950,to_in_001,13
2024,나나881950,to_in_007,5
2024,나나881950,to_in_008,8
2024,나나881951,to_in_001,13
2024,나나881951,to_in_007,8
2024,나나881951,to_in_008,8
2024,나나881954,to_in_001,8
2024,나나881954,to_in_007,8
2024,나나881954,to_in_008,5
2024,나나881955,to_in_001,5
2024,나나881955,to_in_007,5
2024,나나881955,to_in_008,5
2024,나나881956,to_in_001,8
2024,나나881956,to_in_007,5
2024,나나881956,to_in_008,5
2024,나나882713,to_in_001,13
2024,나나882713,to_in_007,8
2024,나나882713,to_in_008,8
2024,나나882719,to_in_001,5
2024,나나882719,to_in_007,5
2024,나나882719,to_in_008,5
2024,나나882723,to_in_001,0
2024,나나882723,to_in_007,0
2024,나나882723,to_in_008,0
2024,나나882726,to_in_001,0
2024,나나882726,to_in_007,0
2024,나나882726,to_in_008,0
2024,나나882729,to_in_001,5
2024,나나882729,to_in_007,0
2024,나나882729,to_in_008,0
2024,나나886948,to_in_001,28
2024,나나886948,to_in_007,13
2024,나나886948,to_in_008,13
2024,나나886949,to_in_001,18
2024,나나886949,to_in_007,8
2024,나나886949,to_in_008,8
2024,나나886950,to_in_001,8
2024,나나886950,to_in_007,5
2024,나나886950,to_in_008,5
2024,나나886954,to_in_001,5
2024,나나886954,to_in_007,5
2024,나나886954,to_in_008,5
2024,나나886955,to_in_001,8
2024,나나886955,to_in_007,5
2024,나나886955,to_in_008,5
2024,나나886956,to_in_001,5
2024,나나886956,to_in_007,5
2024,나나886956,to_in_008,0
2024,나나886957,to_in_001,23
2024,나나886957,to_in_007,13
2024,나나886957,to_in_008,8
2024,나나886958,to_in_001,5
2024,나나886958,to_in_007,0
2024,나나886958,to_in_008,5
2024,나나887714,to_in_001,23
2024,나나887714,to_in_007,13
2024,나나887714,to_in_008,8
2024,나나887715,to_in_001,8
2024,나나887715,to_in_007,5
2024,나나887715,to_in_008,5
2024,나나887716,to_in_001,18
2024,나나887716,to_in_007,8
2024,나나887716,to_in_008,13
2024,나나887717,to_in_001,33
2024,나나887717,to_in_007,18
2024,나나887717,to_in_008,13
2024,나나887720,to_in_001,8
2024,나나887720,to_in_007,5
2024,나나887720,to_in_008,5
2024,나나887724,to_in_001,18
2024,나나887724,to_in_007,13
2024,나나887724,to_in_008,8
2024,나나887725,to_in_001,8
2024,나나887725,to_in_007,8
2024,나나887725,to_in_008,5
2024,나나887732,to_in_001,8
2024,나나887732,to_in_007,5
2024,나나887732,to_in_008,5
2024,나나887733,to_in_001,5
2024,나나887733,to_in_007,5
2024,나나887733,to_in_008,0
2024,나나887736,to_in_001,5
2024,나나887736,to_in_007,5
2024,나나887736,to_in_008,0
2024,나나887740,to_in_001,5
2024,나나887740,to_in_007,5
2024,나나887740,to_in_008,5
2024,나나887741,to_in_001,23
2024,나나887741,to_in_007,13
2024,나나887741,to_in_008,13
2024,나나887742,to_in_001,28
2024,나나887742,to_in_007,13
2024,나나887742,to_in_008,13
2024,나나887743,to_in_001,8
2024,나나887743,to_in_007,5
2024,나나887743,to_in_008,5
2024,나나887744,to_in_001,5
2024,나나887744,to_in_007,5
2024,나나887744,to_in_008,5
2024,나나887745,to_in_001,8
2024,나나887745,to_in_007,5
2024,나나878909,to_in_001,8
2024,나나878909,to_in_007,5
2024,나나878909,to_in_008,8
2024,나나878912,to_in_001,13
2024,나나878912,to_in_007,8
2024,나나878912,to_in_008,5
2024,나나878913,to_in_001,18
2024,나나878913,to_in_007,8
2024,나나878913,to_in_008,8
2024,나나878914,to_in_001,13
2024,나나878914,to_in_007,8
2024,나나878914,to_in_008,8
2024,나나878917,to_in_001,5
2024,나나878917,to_in_007,0
2024,나나878917,to_in_008,0
2024,나나878924,to_in_001,5
2024,나나878924,to_in_007,0
2024,나나878924,to_in_008,5
2024,나나878925,to_in_001,18
2024,나나878925,to_in_007,13
2024,나나878925,to_in_008,8
2024,나나878935,to_in_001,5
2024,나나878935,to_in_007,5
2024,나나878935,to_in_008,0
2024,나나878936,to_in_001,5
2024,나나878936,to_in_007,5
2024,나나878936,to_in_008,0
2024,나나878942,to_in_001,8
2024,나나878942,to_in_007,8
2024,나나878942,to_in_008,5
2024,나나878943,to_in_001,5
2024,나나878943,to_in_007,0
2024,나나878943,to_in_008,5
2024,나나878952,to_in_001,18
2024,나나878952,to_in_007,8
2024,나나878952,to_in_008,8
2024,나나878953,to_in_001,18
2024,나나878953,to_in_007,8
2024,나나878953,to_in_008,13
2024,나나878954,to_in_001,13
2024,나나878954,to_in_007,8
2024,나나878954,to_in_008,5
2024,나나879711,to_in_001,5
2024,나나879711,to_in_007,5
2024,나나879711,to_in_008,5
2024,나나879712,to_in_001,23
2024,나나879712,to_in_007,13
2024,나나879712,to_in_008,13
2024,나나879713,to_in_001,5
2024,나나879713,to_in_007,5
2024,나나879713,to_in_008,5
2024,나나879714,to_in_001,8
2024,나나879714,to_in_007,0
2024,나나879714,to_in_008,5
2024,나나879715,to_in_001,8
2024,나나879715,to_in_007,5
2024,나나879715,to_in_008,5
2024,나나879716,to_in_001,33
2024,나나879716,to_in_007,18
2024,나나879716,to_in_008,18
2024,나나879717,to_in_001,48
2024,나나879717,to_in_007,23
2024,나나879717,to_in_008,23
2024,나나879718,to_in_001,38
2024,나나879718,to_in_007,18
2024,나나879718,to_in_008,18
2024,나나879719,to_in_001,5
2024,나나879719,to_in_007,0
2024,나나879719,to_in_008,5
2024,나나879722,to_in_001,18
2024,나나879722,to_in_007,8
2024,나나879722,to_in_008,8
2024,나나879726,to_in_001,8
2024,나나879726,to_in_007,5
2024,나나879726,to_in_008,5
2024,나나879731,to_in_001,8
2024,나나879731,to_in_007,5
2024,나나879731,to_in_008,5
2024,나나879732,to_in_001,8
2024,나나879732,to_in_007,5
2024,나나879732,to_in_008,8
2024,나나879733,to_in_001,5
2024,나나879733,to_in_007,5
2024,나나879733,to_in_008,0
2024,나나879734,to_in_001,5
2024,나나879734,to_in_007,0
2024,나나879734,to_in_008,5
2024,나나882731,to_in_001,8
2024,나나882731,to_in_007,5
2024,나나882731,to_in_008,5
2024,나나882739,to_in_001,0
2024,나나882739,to_in_007,0
2024,나나882739,to_in_008,0
2024,나나882742,to_in_001,5
2024,나나882742,to_in_007,5
2024,나나882742,to_in_008,5
2024,나나882743,to_in_001,5
2024,나나882743,to_in_007,5
2024,나나882743,to_in_008,5
2024,나나882753,to_in_001,5
2024,나나882753,to_in_007,5
2024,나나882753,to_in_008,5
2024,나나882754,to_in_001,8
2024,나나882754,to_in_007,8
2024,나나882754,to_in_008,5
2024,나나882756,to_in_001,18
2024,나나882756,to_in_007,8
2024,나나882756,to_in_008,13
2024,나나882757,to_in_001,0
2024,나나882757,to_in_007,0
2024,나나882757,to_in_008,0
2024,나나882760,to_in_001,8
2024,나나882760,to_in_007,8
2024,나나882760,to_in_008,5
2024,나나882769,to_in_001,23
2024,나나882769,to_in_007,8
2024,나나882769,to_in_008,13
2024,나나882772,to_in_001,5
2024,나나882772,to_in_007,0
2024,나나882772,to_in_008,5
2024,나나882773,to_in_001,23
2024,나나882773,to_in_007,13
2024,나나882773,to_in_008,13
2024,나나882774,to_in_001,13
2024,나나882774,to_in_007,8
2024,나나882774,to_in_008,8
2024,나나882775,to_in_001,18
2024,나나882775,to_in_007,8
2024,나나882775,to_in_008,8
2024,나나882776,to_in_001,13
2024,나나882776,to_in_007,8
2024,나나882776,to_in_008,8
2024,나나882777,to_in_001,8
2024,나나882777,to_in_007,5
2024,나나882777,to_in_008,8
2024,나나882778,to_in_001,13
2024,나나882778,to_in_007,8
2024,나나882778,to_in_008,8
2024,나나882779,to_in_001,8
2024,나나882779,to_in_007,5
2024,나나882779,to_in_008,5
2024,나나882781,to_in_001,5
2024,나나882781,to_in_007,5
2024,나나882781,to_in_008,5
2024,나나882850,to_in_001,5
2024,나나882850,to_in_007,5
2024,나나882850,to_in_008,0
2024,나나882851,to_in_001,8
2024,나나882851,to_in_007,5
2024,나나882851,to_in_008,5
2024,나나882852,to_in_001,0
2024,나나882852,to_in_007,0
2024,나나882852,to_in_008,0
2024,나나882855,to_in_001,5
2024,나나882855,to_in_007,0
2024,나나882855,to_in_008,0
2024,나나882856,to_in_001,5
2024,나나882856,to_in_007,0
2024,나나882856,to_in_008,5
2024,나나882857,to_in_001,8
2024,나나882857,to_in_007,8
2024,나나882857,to_in_008,5
2024,나나882858,to_in_001,8
2024,나나882858,to_in_007,8
2024,나나882858,to_in_008,5
2024,나나882859,to_in_001,18
2024,나나882859,to_in_007,8
2024,나나882859,to_in_008,8
2024,나나882860,to_in_001,8
2024,나나882860,to_in_007,8
2024,나나882860,to_in_008,5
2024,나나882861,to_in_001,5
2024,나나882861,to_in_007,5
2024,나나882861,to_in_008,5
2024,나나882863,to_in_001,5
2024,나나882863,to_in_007,5
2024,나나882863,to_in_008,5
2024,나나882884,to_in_001,8
2024,나나882884,to_in_007,5
2024,나나882884,to_in_008,5
2024,나나882899,to_in_001,5
2024,나나882899,to_in_007,0
2024,나나882899,to_in_008,5
2024,나나882900,to_in_001,5
2024,나나882900,to_in_007,5
2024,나나882900,to_in_008,0
2024,나나882902,to_in_001,5
2024,나나882902,to_in_007,5
2024,나나882902,to_in_008,0
2024,나나882919,to_in_001,5
2024,나나882919,to_in_007,0
2024,나나882919,to_in_008,5
2024,나나882923,to_in_001,8
2024,나나882923,to_in_007,5
2024,나나882923,to_in_008,8
2024,나나882924,to_in_001,18
2024,나나882924,to_in_007,8
2024,나나882924,to_in_008,8
2024,나나882925,to_in_001,13
2024,나나882925,to_in_007,5
2024,나나882925,to_in_008,8
2024,나나882928,to_in_001,0
2024,나나882928,to_in_007,0
2024,나나882928,to_in_008,0
2024,나나882945,to_in_001,8
2024,나나882945,to_in_007,8
2024,나나882945,to_in_008,5
2024,나나882946,to_in_001,5
2024,나나882946,to_in_007,0
2024,나나882946,to_in_008,5
2024,나나882947,to_in_001,8
2024,나나882947,to_in_007,5
2024,나나882947,to_in_008,8
2024,나나882948,to_in_001,5
2024,나나882948,to_in_007,5
2024,나나882948,to_in_008,5
2024,나나882950,to_in_001,5
2024,나나882950,to_in_007,5
2024,나나882950,to_in_008,0
2024,나나887894,to_in_001,5
2024,나나887894,to_in_007,0
2024,나나887894,to_in_008,5
2024,나나887905,to_in_001,5
2024,나나887905,to_in_007,5
2024,나나887905,to_in_008,5
2024,나나887912,to_in_001,5
2024,나나887912,to_in_007,5
2024,나나887912,to_in_008,0
2024,나나887922,to_in_001,8
2024,나나887922,to_in_007,5
2024,나나887922,to_in_008,8
2024,나나887923,to_in_001,5
2024,나나887923,to_in_007,0
2024,나나887923,to_in_008,5
2024,나나887928,to_in_001,0
2024,나나887928,to_in_007,0
2024,나나887928,to_in_008,0
2024,나나887948,to_in_001,8
2024,나나887948,to_in_007,5
2024,나나887948,to_in_008,5
2024,나나887949,to_in_001,13
2024,나나887949,to_in_007,5
2024,나나887949,to_in_008,8
2024,나나887950,to_in_001,5
2024,나나887950,to_in_007,0
2024,나나887950,to_in_008,5
2024,나나887951,to_in_001,5
2024,나나887951,to_in_007,0
2024,나나887951,to_in_008,0
2024,나나887952,to_in_001,5
2024,나나887952,to_in_007,0
2024,나나887952,to_in_008,0
2024,나나887956,to_in_001,8
2024,나나887956,to_in_007,5
2024,나나887956,to_in_008,5
2024,나나887957,to_in_001,5
2024,나나887957,to_in_007,0
2024,나나887957,to_in_008,5
2024,나나888714,to_in_001,28
2024,나나888714,to_in_007,13
2024,나나888714,to_in_008,13
2024,나나888715,to_in_001,5
2024,나나888715,to_in_007,5
2024,나나888715,to_in_008,0
2024,나나888720,to_in_001,8
2024,나나888720,to_in_007,5
2024,나나888720,to_in_008,8
2024,나나888721,to_in_001,5
2024,나나888721,to_in_007,5
2024,나나888721,to_in_008,0
2024,나나888724,to_in_001,8
2024,나나888724,to_in_007,5
2024,나나888724,to_in_008,8
2024,나나888732,to_in_001,5
2024,나나888732,to_in_007,5
2024,나나888732,to_in_008,0
2024,나나888733,to_in_001,0
2024,나나888733,to_in_007,0
2024,나나888733,to_in_008,0
2024,나나888738,to_in_001,5
2024,나나888738,to_in_007,0
2024,나나888738,to_in_008,5
2024,나나888740,to_in_001,0
2024,나나888740,to_in_007,0
2024,나나888740,to_in_008,0
2024,나나888742,to_in_001,8
2024,나나888742,to_in_007,5
2024,나나888742,to_in_008,8
2024,나나888743,to_in_001,8
2024,나나888743,to_in_007,5
2024,나나888743,to_in_008,5
2024,나나888744,to_in_001,8
2024,나나888744,to_in_007,8
2024,나나889933,to_in_008,5
2024,나나889935,to_in_001,5
2024,나나889935,to_in_007,5
2024,나나889935,to_in_008,5
2024,나나889936,to_in_001,0
2024,나나889936,to_in_007,0
2024,나나889936,to_in_008,0
2024,나나889937,to_in_001,5
2024,나나889937,to_in_007,5
2024,나나889937,to_in_008,0
2024,나나889952,to_in_001,18
2024,나나879857,to_in_001,13
2024,나나879857,to_in_007,8
2024,나나879857,to_in_008,8
2024,나나879858,to_in_001,18
2024,나나879858,to_in_007,8
2024,나나879858,to_in_008,8
2024,나나879859,to_in_001,44
2024,나나879859,to_in_007,24
2024,나나879859,to_in_008,18
2024,나나879861,to_in_001,8
2024,나나879861,to_in_007,8
2024,나나879861,to_in_008,5
2024,나나879862,to_in_001,18
2024,나나879862,to_in_007,8
2024,나나879862,to_in_008,8
2024,나나879902,to_in_001,5
2024,나나879902,to_in_007,0
2024,나나879902,to_in_008,0
2024,나나879913,to_in_001,8
2024,나나879913,to_in_007,5
2024,나나879913,to_in_008,5
2024,나나879915,to_in_001,0
2024,나나879915,to_in_007,0
2024,나나879915,to_in_008,0
2024,나나879916,to_in_001,8
2024,나나879916,to_in_007,5
2024,나나879916,to_in_008,5
2024,나나879931,to_in_001,5
2024,나나879931,to_in_007,5
2024,나나879931,to_in_008,0
2024,나나879936,to_in_001,0
2024,나나879936,to_in_007,0
2024,나나879936,to_in_008,0
2024,나나879937,to_in_001,5
2024,나나879937,to_in_007,5
2024,나나879937,to_in_008,0
2024,나나879938,to_in_001,5
2024,나나879938,to_in_007,5
2024,나나879938,to_in_008,0
2024,나나879941,to_in_001,5
2024,나나879941,to_in_007,5
2024,나나879941,to_in_008,0
2024,나나879942,to_in_001,23
2024,나나879942,to_in_007,8
2024,나나879942,to_in_008,13
2024,나나879943,to_in_001,5
2024,나나879943,to_in_007,0
2024,나나879943,to_in_008,5
2024,나나879946,to_in_001,5
2024,나나879946,to_in_007,0
2024,나나879946,to_in_008,5
2024,나나879949,to_in_001,18
2024,나나879949,to_in_007,18
2024,나나879949,to_in_008,5
2024,나나879950,to_in_001,13
2024,나나879950,to_in_007,8
2024,나나879950,to_in_008,8
2024,나나879951,to_in_001,8
2024,나나879951,to_in_007,5
2024,나나879951,to_in_008,5
2024,나나879952,to_in_001,23
2024,나나879952,to_in_007,13
2024,나나879952,to_in_008,13
2024,나나879953,to_in_001,33
2024,나나879953,to_in_007,18
2024,나나879953,to_in_008,13
2024,나나879954,to_in_001,8
2024,나나879954,to_in_007,8
2024,나나879954,to_in_008,0
2024,나나882955,to_in_001,13
2024,나나882955,to_in_007,13
2024,나나882955,to_in_008,0
2024,나나882956,to_in_001,5
2024,나나882956,to_in_007,0
2024,나나882956,to_in_008,0
2024,나나883713,to_in_001,18
2024,나나883713,to_in_007,8
2024,나나883713,to_in_008,8
2024,나나883724,to_in_001,13
2024,나나883724,to_in_007,8
2024,나나883724,to_in_008,8
2024,나나883725,to_in_001,33
2024,나나883725,to_in_007,13
2024,나나883725,to_in_008,18
2024,나나883726,to_in_001,8
2024,나나883726,to_in_007,5
2024,나나883726,to_in_008,8
2024,나나883730,to_in_001,28
2024,나나883730,to_in_007,18
2024,나나883730,to_in_008,8
2024,나나883732,to_in_001,5
2024,나나883732,to_in_007,5
2024,나나883732,to_in_008,0
2024,나나883733,to_in_001,8
2024,나나883733,to_in_007,5
2024,나나883733,to_in_008,5
2024,나나883737,to_in_001,5
2024,나나883737,to_in_007,5
2024,나나883737,to_in_008,0
2024,나나883739,to_in_001,8
2024,나나883739,to_in_007,8
2024,나나883739,to_in_008,0
2024,나나883740,to_in_001,5
2024,나나883740,to_in_007,0
2024,나나883740,to_in_008,5
2024,나나883742,to_in_001,5
2024,나나883742,to_in_007,5
2024,나나883742,to_in_008,5
2024,나나883751,to_in_001,8
2024,나나883751,to_in_007,5
2024,나나883751,to_in_008,8
2024,나나883752,to_in_001,5
2024,나나883752,to_in_007,0
2024,나나883752,to_in_008,5
2024,나나883756,to_in_001,0
2024,나나883756,to_in_007,0
2024,나나883756,to_in_008,0
2024,나나883761,to_in_001,5
2024,나나883761,to_in_007,0
2024,나나883761,to_in_008,5
2024,나나883768,to_in_001,38
2024,나나883768,to_in_007,13
2024,나나883768,to_in_008,23
2024,나나883769,to_in_001,54
2024,나나883769,to_in_007,19
2024,나나883769,to_in_008,38
2024,나나883771,to_in_001,0
2024,나나883771,to_in_007,0
2024,나나883771,to_in_008,0
2024,나나883772,to_in_001,5
2024,나나883772,to_in_007,5
2024,나나883772,to_in_008,0
2024,나나883773,to_in_001,28
2024,나나883773,to_in_007,18
2024,나나883773,to_in_008,13
2024,나나883774,to_in_001,8
2024,나나883774,to_in_007,5
2024,나나883774,to_in_008,5
2024,나나883775,to_in_001,5
2024,나나883775,to_in_007,5
2024,나나883775,to_in_008,5
2024,나나883776,to_in_001,13
2024,나나883776,to_in_007,8
2024,나나883776,to_in_008,8
2024,나나883777,to_in_001,13
2024,나나883777,to_in_007,8
2024,나나883777,to_in_008,8
2024,나나883778,to_in_001,13
2024,나나883778,to_in_007,8
2024,나나883778,to_in_008,5
2024,나나883779,to_in_001,54
2024,나나883779,to_in_007,23
2024,나나883779,to_in_008,29
2024,나나883780,to_in_001,13
2024,나나883780,to_in_007,5
2024,나나883780,to_in_008,13
2024,나나883782,to_in_001,8
2024,나나883782,to_in_007,8
2024,나나883782,to_in_008,8
2024,나나883783,to_in_001,8
2024,나나883783,to_in_007,5
2024,나나883783,to_in_008,8
2024,나나883852,to_in_001,8
2024,나나883852,to_in_007,5
2024,나나883852,to_in_008,8
2024,나나883859,to_in_001,8
2024,나나883859,to_in_007,5
2024,나나883859,to_in_008,5
2024,나나883860,to_in_001,8
2024,나나883860,to_in_007,5
2024,나나883860,to_in_008,8
2024,나나883861,to_in_001,8
2024,나나883861,to_in_007,5
2024,나나883861,to_in_008,5
2024,나나883862,to_in_001,5
2024,나나883862,to_in_007,0
2024,나나883862,to_in_008,0
2024,나나883863,to_in_001,0
2024,나나883863,to_in_007,0
2024,나나883863,to_in_008,0
2024,나나883864,to_in_001,5
2024,나나883864,to_in_007,5
2024,나나883864,to_in_008,0
2024,나나883884,to_in_001,5
2024,나나883884,to_in_007,5
2024,나나883884,to_in_008,0
2024,나나883885,to_in_001,5
2024,나나883885,to_in_007,5
2024,나나883885,to_in_008,0
2024,나나883896,to_in_001,0
2024,나나883896,to_in_007,0
2024,나나883896,to_in_008,0
2024,나나888887,to_in_001,8
2024,나나888887,to_in_007,8
2024,나나888887,to_in_008,8
2024,나나888889,to_in_001,5
2024,나나888889,to_in_007,0
2024,나나888889,to_in_008,5
2024,나나888928,to_in_001,0
2024,나나888928,to_in_007,0
2024,나나888928,to_in_008,0
2024,나나888947,to_in_001,5
2024,나나888947,to_in_007,0
2024,나나888947,to_in_008,5
2024,나나888951,to_in_001,0
2024,나나888951,to_in_007,0
2024,나나888951,to_in_008,0
2024,나나888953,to_in_001,13
2024,나나888953,to_in_007,8
2024,나나888953,to_in_008,8
2024,나나888956,to_in_001,8
2024,나나888956,to_in_007,8
2024,나나888956,to_in_008,5
2024,나나888957,to_in_001,39
2024,나나888957,to_in_007,19
2024,나나888957,to_in_008,18
2024,나나888958,to_in_001,38
2024,나나888958,to_in_007,18
2024,나나888958,to_in_008,18
2024,나나888959,to_in_001,5
2024,나나888959,to_in_007,5
2024,나나888959,to_in_008,5
2024,나나889713,to_in_001,5
2024,나나889713,to_in_007,0
2024,나나889713,to_in_008,0
2024,나나889714,to_in_001,28
2024,나나889714,to_in_007,18
2024,나나889714,to_in_008,8
2024,나나889715,to_in_001,44
2024,나나889715,to_in_007,34
2024,나나889715,to_in_008,13
2024,나나889716,to_in_001,13
2024,나나889716,to_in_007,8
2024,나나889716,to_in_008,8
2024,나나889717,to_in_001,18
2024,나나889717,to_in_007,13
2024,나나889717,to_in_008,8
2024,나나889718,to_in_001,8
2024,나나889718,to_in_007,5
2024,나나889718,to_in_008,5
2024,나나889719,to_in_001,23
2024,나나889719,to_in_007,13
2024,나나889719,to_in_008,8
2024,나나889720,to_in_001,8
2024,나나889720,to_in_007,5
2024,나나889720,to_in_008,5
2024,나나889721,to_in_001,8
2024,나나889721,to_in_007,8
2024,나나889721,to_in_008,5
2024,나나889723,to_in_001,5
2024,나나889723,to_in_007,0
2024,나나889723,to_in_008,0
2024,나나889724,to_in_001,8
2024,나나889724,to_in_007,5
2024,나나889724,to_in_008,5
2024,나나889734,to_in_001,18
2024,나나889734,to_in_007,13
2024,나나889734,to_in_008,8
2024,나나889735,to_in_001,8
2024,나나889735,to_in_007,5
2024,나나889735,to_in_008,5
2024,나나889736,to_in_001,5
2024,나나889736,to_in_007,5
2024,나나889736,to_in_008,0
2024,나나889739,to_in_001,5
2024,나나889739,to_in_007,0
2024,나나889739,to_in_008,0
2024,나나889743,to_in_001,5
2024,나나889743,to_in_007,0
2024,나나889743,to_in_008,5
2024,나나889744,to_in_001,0
2024,나나889744,to_in_007,0
2024,나나889744,to_in_008,0
2024,나나889747,to_in_001,5
2024,나나889747,to_in_007,5
2024,나나889747,to_in_008,5
2024,나나889756,to_in_001,5
2024,나나889756,to_in_007,5
2024,나나889756,to_in_008,5
2024,나나889757,to_in_001,8
2024,나나889757,to_in_007,5
2024,나나889757,to_in_008,5
2024,나나889763,to_in_001,5
2024,나나889763,to_in_007,5
2024,나나889763,to_in_008,5
2024,나나889764,to_in_001,8
2024,나나889764,to_in_007,5
2024,나나889764,to_in_008,5
2024,나나889766,to_in_001,0
2024,나나889766,to_in_007,0
2024,나나889766,to_in_008,0
2024,나나889768,to_in_001,28
2024,나나889768,to_in_007,13
2024,나나889952,to_in_007,8
2024,나나889952,to_in_008,8
2024,나나889953,to_in_001,5
2024,나나889953,to_in_007,0
2024,나나889953,to_in_008,5
2024,나나889955,to_in_001,43
2024,나나889955,to_in_007,23
2024,나나889955,to_in_008,18
2024,나나889956,to_in_001,8
2024,나나889956,to_in_007,5
2024,나나889956,to_in_008,5
2024,나나889957,to_in_001,13
2024,나나889957,to_in_007,8
2024,나나889957,to_in_008,8
2024,나나889958,to_in_001,38
2024,나나889958,to_in_007,23
2024,나나889958,to_in_008,18
2024,나나889959,to_in_001,8
2024,나나889959,to_in_007,5
2024,나나889959,to_in_008,8
2024,나나890716,to_in_001,8
2024,나나890716,to_in_007,5
2024,나나890716,to_in_008,8
2024,나나890717,to_in_001,8
2024,나나890717,to_in_007,5
2024,나나890717,to_in_008,5
2024,나나890718,to_in_001,23
2024,나나890718,to_in_007,13
2024,나나890718,to_in_008,8
2024,나나890719,to_in_001,23
2024,나나890719,to_in_007,8
2024,나나890719,to_in_008,13
2024,나나890720,to_in_001,8
2024,나나890720,to_in_007,5
2024,나나890720,to_in_008,8
2024,나나890722,to_in_001,8
2024,나나890722,to_in_007,5
2024,나나890722,to_in_008,5
2024,나나890734,to_in_001,5
2024,나나890734,to_in_007,5
2024,나나890734,to_in_008,0
2024,나나890737,to_in_001,5
2024,나나890737,to_in_007,5
2024,나나890737,to_in_008,0
2024,나나890740,to_in_001,5
2024,나나890740,to_in_007,5
2024,나나890740,to_in_008,0
2024,나나890743,to_in_001,13
2024,나나890743,to_in_007,8
2024,나나890743,to_in_008,8
2024,나나890744,to_in_001,5
2024,나나890744,to_in_007,5
2024,나나890744,to_in_008,5
2024,나나890760,to_in_001,8
2024,나나890760,to_in_007,5
2024,나나890760,to_in_008,5
2024,나나890763,to_in_001,5
2024,나나890763,to_in_007,0
2024,나나890763,to_in_008,5
2024,나나890768,to_in_001,28
2024,나나890768,to_in_007,13
2024,나나890768,to_in_008,13
2024,나나890769,to_in_001,8
2024,나나890769,to_in_007,8
2024,나나890769,to_in_008,5
2024,나나890772,to_in_001,0
2024,나나890772,to_in_007,0
2024,나나890772,to_in_008,0
2024,나나890776,to_in_001,5
2024,나나890776,to_in_007,5
2024,나나890776,to_in_008,0
2024,나나890789,to_in_001,477
2024,나나890789,to_in_007,243
2024,나나890789,to_in_008,227
2024,나나890859,to_in_001,5
2024,나나890859,to_in_007,5
2024,나나890859,to_in_008,0
2024,나나890861,to_in_001,8
2024,나나890861,to_in_007,5
2024,나나890861,to_in_008,5
2024,나나890889,to_in_001,5
2024,나나890889,to_in_007,0
2024,나나890889,to_in_008,5
2024,나나890897,to_in_001,5
2024,나나890897,to_in_007,5
2024,나나890897,to_in_008,0
2024,나나890922,to_in_001,5
2024,나나890922,to_in_007,5
2024,나나890922,to_in_008,5
2024,나나895938,to_in_001,0
2024,나나895938,to_in_007,0
2024,나나895938,to_in_008,0
2024,나나895941,to_in_001,5
2024,나나895941,to_in_007,0
2024,나나895941,to_in_008,5
2024,나나895945,to_in_001,5
2024,나나895945,to_in_007,5
2024,나나895945,to_in_008,0
2024,나나895952,to_in_001,8
2024,나나895952,to_in_007,8
2024,나나895952,to_in_008,5
2024,나나895953,to_in_001,18
2024,나나895953,to_in_007,8
2024,나나895953,to_in_008,8
2024,나나895954,to_in_001,13
2024,나나895954,to_in_007,8
2024,나나895954,to_in_008,8
2024,나나895955,to_in_001,5
2024,나나895955,to_in_007,5
2024,나나895955,to_in_008,0
2024,나나895956,to_in_001,5
2024,나나895956,to_in_007,5
2024,나나895956,to_in_008,5
2024,나나895962,to_in_001,5
2024,나나895962,to_in_007,5
2024,나나895962,to_in_008,0
2024,나나895963,to_in_001,0
2024,나나895963,to_in_007,0
2024,나나895963,to_in_008,0
2024,나나895970,to_in_001,5
2024,나나895970,to_in_007,0
2024,나나895970,to_in_008,5
2024,나나895971,to_in_001,13
2024,나나895971,to_in_007,8
2024,나나895971,to_in_008,0
2024,나나895972,to_in_001,13
2024,나나895972,to_in_007,8
2024,나나895972,to_in_008,8
2024,나나895973,to_in_001,13
2024,나나895973,to_in_007,8
2024,나나895973,to_in_008,5
2024,나나895975,to_in_001,5
2024,나나895975,to_in_007,5
2024,나나895975,to_in_008,5
2024,나나896736,to_in_001,5
2024,나나896736,to_in_007,0
2024,나나896736,to_in_008,5
2024,나나896757,to_in_001,5
2024,나나896757,to_in_007,5
2024,나나896757,to_in_008,5
2024,나나896769,to_in_001,8
2024,나나896769,to_in_007,5
2024,나나896769,to_in_008,5
2024,나나896770,to_in_001,8
2024,나나896770,to_in_007,5
2024,나나896770,to_in_008,8
2024,나나896771,to_in_001,13
2024,나나896771,to_in_007,8
2024,나나896771,to_in_008,8
2024,나나896772,to_in_001,5
2024,나나896772,to_in_007,5
2024,나나896772,to_in_008,5
2024,나나896774,to_in_001,5
2024,나나896774,to_in_007,5
2024,나나896774,to_in_008,0
2024,나나896784,to_in_001,8
2024,나나896784,to_in_007,5
2024,나나896784,to_in_008,8
2024,나나896785,to_in_001,5
2024,나나896785,to_in_007,0
2024,나나896785,to_in_008,0
2024,나나896798,to_in_001,8
2024,나나896798,to_in_007,5
2024,나나896798,to_in_008,5
2024,나나896840,to_in_001,8
2024,나나896840,to_in_007,5
2024,나나896840,to_in_008,5
2024,나나896853,to_in_001,8
2024,나나896853,to_in_007,5
2024,나나896853,to_in_008,5
2024,나나896855,to_in_001,8
2024,나나896855,to_in_007,8
2024,나나896855,to_in_008,0
2024,나나896856,to_in_001,5
2024,나나896856,to_in_007,5
2024,나나896856,to_in_008,0
2024,나나896860,to_in_001,8
2024,나나896860,to_in_007,8
2024,나나896860,to_in_008,0
2024,나나896863,to_in_001,5
2024,나나896863,to_in_007,5
2024,나나896863,to_in_008,0
2024,나나896880,to_in_001,5
2024,나나896880,to_in_007,0
2024,나나896880,to_in_008,0
2024,나나896881,to_in_001,5
2024,나나896881,to_in_007,0
2024,나나896881,to_in_008,0
2024,나나896902,to_in_001,5
2024,나나896902,to_in_007,5
2024,나나896902,to_in_008,0
2024,나나896919,to_in_001,5
2024,나나896919,to_in_007,0
2024,나나896919,to_in_008,0
2024,나나896920,to_in_001,23
2024,나나896920,to_in_007,13
2024,나나896920,to_in_008,13
2024,나나896921,to_in_001,8
2024,나나896921,to_in_007,8
2024,나나896921,to_in_008,5
2024,나나896922,to_in_001,5
2024,나나896922,to_in_007,0
2024,나나896922,to_in_008,5
2024,나나896923,to_in_001,18
2024,나나896923,to_in_007,8
2024,나나896923,to_in_008,8
2024,나나896924,to_in_001,18
2024,나나896924,to_in_007,8
2024,나나896924,to_in_008,8
2024,나나896925,to_in_001,18
2024,나나896925,to_in_007,8
2024,나나896925,to_in_008,8
2024,나나896928,to_in_001,5
2024,나나896928,to_in_007,0
2024,나나896928,to_in_008,5
2024,나나896933,to_in_001,13
2024,나나896933,to_in_007,8
2024,나나896933,to_in_008,5
2024,나나896934,to_in_001,13
2024,나나896934,to_in_007,8
2024,나나896934,to_in_008,5
2024,나나896935,to_in_001,5
2024,나나896935,to_in_007,5
2024,나나896935,to_in_008,0
2024,나나897975,to_in_001,28
2024,나나897975,to_in_007,18
2024,나나897975,to_in_008,8
2024,나나897976,to_in_001,5
2024,나나897976,to_in_007,0
2024,나나897976,to_in_008,5
2024,나나897980,to_in_001,5
2024,나나897980,to_in_007,5
2024,나나897980,to_in_008,0
2024,나나898735,to_in_001,5
2024,나나898735,to_in_007,0
2024,나나898735,to_in_008,5
2024,나나898752,to_in_001,5
2024,나나898752,to_in_007,0
2024,나나898752,to_in_008,0
2024,나나898761,to_in_001,5
2024,나나898761,to_in_007,5
2024,나나898761,to_in_008,0
2024,나나898768,to_in_001,5
2024,나나898768,to_in_007,5
2024,나나898768,to_in_008,0
2024,나나898771,to_in_001,5
2024,나나898771,to_in_007,5
2024,나나898771,to_in_008,5
2024,나나898772,to_in_001,5
2024,나나898772,to_in_007,0
2024,나나898772,to_in_008,5
2024,나나898773,to_in_001,0
2024,나나898773,to_in_007,0
2024,나나898773,to_in_008,0
2024,나나898774,to_in_001,5
2024,나나898774,to_in_007,0
2024,나나898774,to_in_008,5
2024,나나898775,to_in_001,5
2024,나나898775,to_in_007,5
2024,나나898775,to_in_008,5
2024,나나898784,to_in_001,0
2024,나나898784,to_in_007,0
2024,나나898784,to_in_008,0
2024,나나898785,to_in_001,13
2024,나나898785,to_in_007,8
2024,나나898785,to_in_008,5
2024,나나898786,to_in_001,8
2024,나나898786,to_in_007,5
2024,나나898786,to_in_008,5
2024,나나898840,to_in_001,8
2024,나나898840,to_in_007,8
2024,나나898840,to_in_008,0
2024,나나898853,to_in_001,5
2024,나나898853,to_in_007,5
2024,나나898853,to_in_008,0
2024,나나898888,to_in_001,5
2024,나나898888,to_in_007,0
2024,나나898888,to_in_008,0
2024,나나898913,to_in_001,0
2024,나나898913,to_in_007,0
2024,나나898913,to_in_008,0
2024,나나898914,to_in_001,5
2024,나나898914,to_in_007,5
2024,나나898914,to_in_008,5
2024,나나898919,to_in_001,8
2024,나나898919,to_in_007,5
2024,나나898919,to_in_008,8
2024,나나898920,to_in_001,13
2024,나나898920,to_in_007,8
2024,나나898920,to_in_008,8
2024,나나898921,to_in_001,8
2024,나나898921,to_in_007,8
2024,나나898921,to_in_008,5
2024,나나898922,to_in_001,13
2024,나나898922,to_in_007,8
2024,나나898922,to_in_008,8
2024,나나898923,to_in_001,28
2024,나나898923,to_in_007,13
2024,나나898923,to_in_008,13
2024,나나898924,to_in_001,48
2024,나나898924,to_in_007,23
2024,나나898924,to_in_008,23
2024,나나898925,to_in_001,23
2024,나나898925,to_in_007,13
2024,나나898925,to_in_008,13
2024,나나898930,to_in_001,29
2024,나나898930,to_in_007,19
2024,나나898930,to_in_008,13
2024,나나898932,to_in_001,13
2024,나나898932,to_in_007,8
2024,나나898932,to_in_008,5
2024,나나898933,to_in_001,13
2024,나나898933,to_in_007,8
2024,나나898933,to_in_008,8
2024,나나898938,to_in_001,0
2024,나나898938,to_in_007,0
2024,나나898938,to_in_008,0
2024,나나898952,to_in_001,0
2024,나나898952,to_in_007,0
2024,나나898952,to_in_008,0
2024,나나898953,to_in_001,8
2024,나나898953,to_in_007,5
2024,나나898953,to_in_008,5
2024,나나898970,to_in_001,5
2024,나나898970,to_in_007,5
2024,나나898970,to_in_008,0
2024,나나898971,to_in_001,5
2024,나나898971,to_in_007,0
2024,나나898971,to_in_008,0
2024,나나898974,to_in_001,33
2024,나나898974,to_in_007,13
2024,나나898974,to_in_008,18
2024,나나898975,to_in_001,8
2024,나나898975,to_in_007,5
2024,나나898975,to_in_008,5
2024,나나898976,to_in_001,5
2024,나나898976,to_in_007,0
2024,나나898976,to_in_008,5
2024,나나899771,to_in_001,5
2024,나나899771,to_in_007,5
2024,나나899771,to_in_008,0
2024,나나899772,to_in_001,5
2024,나나899772,to_in_007,5
2024,나나899772,to_in_008,0
2024,나나899782,to_in_001,8
2024,나나899782,to_in_007,5
2024,나나899782,to_in_008,5
2024,나나899783,to_in_001,0
2024,나나899783,to_in_007,0
2024,나나899783,to_in_008,0
2024,나나899784,to_in_001,5
2024,나나899784,to_in_007,0
2024,나나899784,to_in_008,5
2024,나나899795,to_in_001,5
2024,나나899795,to_in_007,0
2024,나나899795,to_in_008,0
2024,나나899851,to_in_001,8
2024,나나899851,to_in_007,5
2024,나나899851,to_in_008,5
2024,나나900951,to_in_001,13
2024,나나900951,to_in_007,8
2024,나나900951,to_in_008,8
2024,나나900971,to_in_001,5
2024,나나900971,to_in_007,5
2024,나나900971,to_in_008,0
2024,나나900973,to_in_001,8
2024,나나900973,to_in_007,5
2024,나나900973,to_in_008,5
2024,나나900974,to_in_001,0
2024,나나900974,to_in_007,0
2024,나나900974,to_in_008,0
2024,나나900975,to_in_001,18
2024,나나900975,to_in_007,8
2024,나나900975,to_in_008,8
2024,나나900976,to_in_001,18
2024,나나900976,to_in_007,13
2024,나나900976,to_in_008,5
2024,나나900977,to_in_001,23
2024,나나900977,to_in_007,13
2024,나나900977,to_in_008,8
2024,나나900978,to_in_001,23
2024,나나900978,to_in_007,13
2024,나나900978,to_in_008,8
2024,나나901737,to_in_001,18
2024,나나901737,to_in_007,8
2024,나나901737,to_in_008,8
2024,나나901738,to_in_001,18
2024,나나901738,to_in_007,8
2024,나나901738,to_in_008,8
2024,나나901772,to_in_001,5
2024,나나901772,to_in_007,5
2024,나나901772,to_in_008,5
2024,나나901776,to_in_001,8
2024,나나901776,to_in_007,5
2024,나나901776,to_in_008,5
2024,나나901792,to_in_001,8
2024,나나901792,to_in_007,5
2024,나나901792,to_in_008,5
2024,나나901793,to_in_001,188
2024,나나901793,to_in_007,91
2024,나나901793,to_in_008,95
2024,나나901796,to_in_001,5
2024,나나901796,to_in_007,0
2024,나나901796,to_in_008,5
2024,나나901798,to_in_001,8
2024,나나901798,to_in_007,5
2024,나나901798,to_in_008,8
2024,나나901799,to_in_001,13
2024,나나901799,to_in_007,8
2024,나나901799,to_in_008,5
2024,나나901847,to_in_001,18
2024,나나901847,to_in_007,5
2024,나나901847,to_in_008,18
2024,나나901859,to_in_001,31
2024,나나901859,to_in_007,26
2024,나나901859,to_in_008,8
2024,나나901913,to_in_001,8
2024,나나901913,to_in_007,0
2024,나나901913,to_in_008,8
2024,나나901915,to_in_001,5
2024,나나901915,to_in_007,5
2024,나나901915,to_in_008,5
2024,나나901916,to_in_001,5
2024,나나901916,to_in_007,0
2024,나나901916,to_in_008,5
2024,나나901920,to_in_001,0
2024,나나901920,to_in_007,0
2024,나나901920,to_in_008,0
2024,나나901925,to_in_001,0
2024,나나901925,to_in_007,0
2024,나나901925,to_in_008,0
2024,나나901948,to_in_001,13
2024,나나901948,to_in_007,8
2024,나나901948,to_in_008,8
2024,나나901949,to_in_001,8
2024,나나901949,to_in_007,0
2024,나나901949,to_in_008,8
2024,나나901951,to_in_001,5
2024,나나901951,to_in_007,0
2024,나나901951,to_in_008,5
2024,나나901952,to_in_001,8
2024,나나901952,to_in_007,5
2024,나나901952,to_in_008,8
2024,나나901964,to_in_001,0
2024,나나901964,to_in_007,0
2024,나나901964,to_in_008,0
2024,나나901970,to_in_001,5
2024,나나901970,to_in_007,5
2024,나나901970,to_in_008,5
2024,나나901971,to_in_001,5
2024,나나901971,to_in_007,5
2024,나나901971,to_in_008,5
2024,나나901973,to_in_001,8
2024,나나901973,to_in_007,5
2024,나나901973,to_in_008,5
2024,나나901974,to_in_001,33
2024,나나901974,to_in_007,18
2024,나나901974,to_in_008,13
2024,나나901975,to_in_001,53
2024,나나901975,to_in_007,23
2024,나나901975,to_in_008,28
2024,나나901976,to_in_001,43
2024,나나901976,to_in_007,23
2024,나나901976,to_in_008,23
2024,나나901977,to_in_001,38
2024,나나901977,to_in_007,23
2024,나나901977,to_in_008,18
2024,나나901978,to_in_001,43
2024,나나901978,to_in_007,18
2024,나나901978,to_in_008,23
2024,나나901979,to_in_001,5
2024,나나901979,to_in_007,5
2024,나나901979,to_in_008,5
2024,나나902736,to_in_001,13
2024,나나902736,to_in_007,8
2024,나나902736,to_in_008,8
2024,나나902737,to_in_001,38
2024,나나902737,to_in_007,18
2024,나나902737,to_in_008,18
2024,나나902738,to_in_001,23
2024,나나902738,to_in_007,8
2024,나나902738,to_in_008,13
2024,나나902742,to_in_001,0
2024,나나902742,to_in_007,0
2024,나나902742,to_in_008,0
2024,나나903948,to_in_001,13
2024,나나903948,to_in_007,8
2024,나나903948,to_in_008,8
2024,나나903949,to_in_001,8
2024,나나903949,to_in_007,5
2024,나나903949,to_in_008,8
2024,나나903951,to_in_001,13
2024,나나903951,to_in_007,5
2024,나나903951,to_in_008,8
2024,나나903965,to_in_001,8
2024,나나903965,to_in_007,8
2024,나나903965,to_in_008,0
2024,나나903967,to_in_001,5
2024,나나903967,to_in_007,5
2024,나나903967,to_in_008,5
2024,나나903969,to_in_001,5
2024,나나903969,to_in_007,5
2024,나나903969,to_in_008,5
2024,나나903970,to_in_001,13
2024,나나903970,to_in_007,5
2024,나나903970,to_in_008,8
2024,나나903973,to_in_001,18
2024,나나903973,to_in_007,8
2024,나나903973,to_in_008,8
2024,나나903974,to_in_001,23
2024,나나903974,to_in_007,13
2024,나나903974,to_in_008,8
2024,나나903975,to_in_001,48
2024,나나903975,to_in_007,23
2024,나나903975,to_in_008,28
2024,나나903976,to_in_001,46
2024,나나903976,to_in_007,20
2024,나나903976,to_in_008,24
2024,나나903977,to_in_001,54
2024,나나903977,to_in_007,29
2024,나나903977,to_in_008,23
2024,나나903978,to_in_001,18
2024,나나903978,to_in_007,8
2024,나나903978,to_in_008,8
2024,나나904735,to_in_001,13
2024,나나904735,to_in_007,8
2024,나나904735,to_in_008,8
2024,나나904736,to_in_001,23
2024,나나904736,to_in_007,13
2024,나나904736,to_in_008,8
2024,나나904737,to_in_001,44
2024,나나904737,to_in_007,24
2024,나나904737,to_in_008,18
2024,나나904738,to_in_001,28
2024,나나904738,to_in_007,18
2024,나나904738,to_in_008,8
2024,나나904774,to_in_001,5
2024,나나904774,to_in_007,0
2024,나나904774,to_in_008,5
2024,나나904775,to_in_001,5
2024,나나904775,to_in_007,5
2024,나나904775,to_in_008,5
2024,나나904781,to_in_001,23
2024,나나904781,to_in_007,18
2024,나나904781,to_in_008,8
2024,나나904791,to_in_001,0
2024,나나904791,to_in_007,0
2024,나나904791,to_in_008,0
2024,나나904841,to_in_001,93
2024,나나904841,to_in_007,8
2024,나나904841,to_in_008,83
2024,나나904842,to_in_001,5
2024,나나904842,to_in_007,0
2024,나나904842,to_in_008,0
2024,나나904845,to_in_001,5
2024,나나904845,to_in_007,0
2024,나나904845,to_in_008,0
2024,나나904876,to_in_001,0
2024,나나904876,to_in_007,0
2024,나나904876,to_in_008,0
2024,나나904883,to_in_001,5
2024,나나904883,to_in_007,0
2024,나나904883,to_in_008,5
2024,나나904887,to_in_001,5
2024,나나904887,to_in_007,0
2024,나나904887,to_in_008,0
2024,나나904923,to_in_001,5
2024,나나904923,to_in_007,5
2024,나나904923,to_in_008,0
2024,나나904924,to_in_001,5
2024,나나904924,to_in_007,0
2024,나나904924,to_in_008,0
2024,나나904932,to_in_001,5
2024,나나904932,to_in_007,5
2024,나나904932,to_in_008,5
2024,나나904937,to_in_001,5
2024,나나904937,to_in_007,0
2024,나나904937,to_in_008,5
2024,나나904938,to_in_001,5
2024,나나904938,to_in_007,0
2024,나나904938,to_in_008,5
2024,나나904941,to_in_001,0
2024,나나904941,to_in_007,0
2024,나나904941,to_in_008,0
2024,나나904970,to_in_001,8
2024,나나904970,to_in_007,8
2024,나나904970,to_in_008,0
2024,나나904972,to_in_001,8
2024,나나904972,to_in_007,8
2024,나나904972,to_in_008,5
2024,나나904974,to_in_001,100
2024,나나904974,to_in_007,53
2024,나나904974,to_in_008,50
2024,나나904975,to_in_001,53
2024,나나904975,to_in_007,28
2024,나나904975,to_in_008,28
2024,나나904976,to_in_001,43
2024,나나904976,to_in_007,23
2024,나나904976,to_in_008,23
2024,나나904977,to_in_001,8
2024,나나904977,to_in_007,5
2024,나나904977,to_in_008,5
2024,나나904978,to_in_001,5
2024,나나904978,to_in_007,5
2024,나나904978,to_in_008,0
2024,나나905733,to_in_001,33
2024,나나905733,to_in_007,13
2024,나나905733,to_in_008,18
2024,나나905734,to_in_001,28
2024,나나905734,to_in_007,18
2024,나나905734,to_in_008,13
2024,나나905740,to_in_001,8
2024,나나905740,to_in_007,8
2024,나나905740,to_in_008,5
2024,나나905741,to_in_001,18
2024,나나887745,to_in_008,5
2024,나나887746,to_in_001,5
2024,나나887746,to_in_007,0
2024,나나887746,to_in_008,0
2024,나나887747,to_in_001,0
2024,나나887747,to_in_007,0
2024,나나887747,to_in_008,0
2024,나나887754,to_in_001,5
2024,나나887754,to_in_007,0
2024,나나887754,to_in_008,0
2024,나나887755,to_in_001,13
2024,나나887755,to_in_007,8
2024,나나887755,to_in_008,8
2024,나나887756,to_in_001,13
2024,나나887756,to_in_007,8
2024,나나887756,to_in_008,8
2024,나나887762,to_in_001,5
2024,나나887762,to_in_007,5
2024,나나887762,to_in_008,5
2024,나나887765,to_in_001,0
2024,나나887765,to_in_007,0
2024,나나887765,to_in_008,0
2024,나나887767,to_in_001,15
2024,나나887767,to_in_007,15
2024,나나887767,to_in_008,0
2024,나나887770,to_in_001,8
2024,나나887770,to_in_007,5
2024,나나887770,to_in_008,8
2024,나나887771,to_in_001,0
2024,나나887771,to_in_007,0
2024,나나887771,to_in_008,0
2024,나나887774,to_in_001,5
2024,나나887774,to_in_007,5
2024,나나887774,to_in_008,5
2024,나나887779,to_in_001,8
2024,나나887779,to_in_007,8
2024,나나887779,to_in_008,8
2024,나나887780,to_in_001,13
2024,나나887780,to_in_007,8
2024,나나887780,to_in_008,8
2024,나나887781,to_in_001,8
2024,나나887781,to_in_007,5
2024,나나887781,to_in_008,8
2024,나나887783,to_in_001,8
2024,나나887783,to_in_007,5
2024,나나887783,to_in_008,5
2024,나나887860,to_in_001,0
2024,나나887860,to_in_007,0
2024,나나887860,to_in_008,0
2024,나나887893,to_in_001,8
2024,나나887893,to_in_007,5
2024,나나887893,to_in_008,5
2024,나나890950,to_in_001,5
2024,나나890950,to_in_007,5
2024,나나890950,to_in_008,5
2024,나나890952,to_in_001,13
2024,나나890952,to_in_007,8
2024,나나890952,to_in_008,5
2024,나나890953,to_in_001,5
2024,나나890953,to_in_007,0
2024,나나890953,to_in_008,5
2024,나나890954,to_in_001,5
2024,나나890954,to_in_007,5
2024,나나890954,to_in_008,0
2024,나나890956,to_in_001,8
2024,나나890956,to_in_007,5
2024,나나890956,to_in_008,5
2024,나나890957,to_in_001,8
2024,나나890957,to_in_007,5
2024,나나890957,to_in_008,5
2024,나나890958,to_in_001,13
2024,나나890958,to_in_007,5
2024,나나890958,to_in_008,8
2024,나나890959,to_in_001,23
2024,나나890959,to_in_007,13
2024,나나890959,to_in_008,8
2024,나나890960,to_in_001,129
2024,나나890960,to_in_007,62
2024,나나890960,to_in_008,65
2024,나나891721,to_in_001,5
2024,나나891721,to_in_007,5
2024,나나891721,to_in_008,0
2024,나나891741,to_in_001,8
2024,나나891741,to_in_007,5
2024,나나891741,to_in_008,5
2024,나나891742,to_in_001,18
2024,나나891742,to_in_007,8
2024,나나891742,to_in_008,8
2024,나나891743,to_in_001,13
2024,나나891743,to_in_007,8
2024,나나891743,to_in_008,8
2024,나나891744,to_in_001,13
2024,나나891744,to_in_007,8
2024,나나891744,to_in_008,5
2024,나나891757,to_in_001,5
2024,나나891757,to_in_007,0
2024,나나891757,to_in_008,0
2024,나나891764,to_in_001,5
2024,나나891764,to_in_007,5
2024,나나891764,to_in_008,0
2024,나나891770,to_in_001,8
2024,나나891770,to_in_007,8
2024,나나891770,to_in_008,8
2024,나나891859,to_in_001,5
2024,나나891859,to_in_007,5
2024,나나891859,to_in_008,0
2024,나나891861,to_in_001,5
2024,나나891861,to_in_007,5
2024,나나891861,to_in_008,0
2024,나나891862,to_in_001,5
2024,나나891862,to_in_007,5
2024,나나891862,to_in_008,0
2024,나나891884,to_in_001,5
2024,나나891884,to_in_007,0
2024,나나891884,to_in_008,0
2024,나나891899,to_in_001,8
2024,나나891899,to_in_007,5
2024,나나891899,to_in_008,8
2024,나나891937,to_in_001,5
2024,나나891937,to_in_007,5
2024,나나891937,to_in_008,0
2024,나나891952,to_in_001,28
2024,나나891952,to_in_007,18
2024,나나891952,to_in_008,13
2024,나나891953,to_in_001,18
2024,나나891953,to_in_007,8
2024,나나891953,to_in_008,13
2024,나나891954,to_in_001,8
2024,나나891954,to_in_007,5
2024,나나891954,to_in_008,5
2024,나나891955,to_in_001,5
2024,나나891955,to_in_007,5
2024,나나891955,to_in_008,0
2024,나나891957,to_in_001,18
2024,나나891957,to_in_007,8
2024,나나891957,to_in_008,8
2024,나나891958,to_in_001,23
2024,나나891958,to_in_007,13
2024,나나891958,to_in_008,13
2024,나나891959,to_in_001,13
2024,나나891959,to_in_007,8
2024,나나891959,to_in_008,8
2024,나나891961,to_in_001,8
2024,나나891961,to_in_007,5
2024,나나891961,to_in_008,5
2024,나나891962,to_in_001,8
2024,나나891962,to_in_007,5
2024,나나891962,to_in_008,5
2024,나나892741,to_in_001,5
2024,나나892741,to_in_007,0
2024,나나892741,to_in_008,5
2024,나나892742,to_in_001,23
2024,나나892742,to_in_007,8
2024,나나892742,to_in_008,13
2024,나나892743,to_in_001,13
2024,나나892743,to_in_007,8
2024,나나892743,to_in_008,8
2024,나나892744,to_in_001,23
2024,나나892744,to_in_007,13
2024,나나892744,to_in_008,8
2024,나나892745,to_in_001,8
2024,나나892745,to_in_007,0
2024,나나892745,to_in_008,5
2024,나나896936,to_in_001,0
2024,나나896936,to_in_007,0
2024,나나896936,to_in_008,0
2024,나나896937,to_in_001,5
2024,나나896937,to_in_007,5
2024,나나896937,to_in_008,0
2024,나나896953,to_in_001,5
2024,나나896953,to_in_007,0
2024,나나896953,to_in_008,5
2024,나나896955,to_in_001,5
2024,나나896955,to_in_007,5
2024,나나896955,to_in_008,5
2024,나나896958,to_in_001,5
2024,나나896958,to_in_007,5
2024,나나896958,to_in_008,0
2024,나나896961,to_in_001,8
2024,나나896961,to_in_007,5
2024,나나896961,to_in_008,5
2024,나나896964,to_in_001,5
2024,나나896964,to_in_007,5
2024,나나896964,to_in_008,5
2024,나나896970,to_in_001,8
2024,나나896970,to_in_007,5
2024,나나896970,to_in_008,5
2024,나나896972,to_in_001,5
2024,나나896972,to_in_007,0
2024,나나896972,to_in_008,0
2024,나나896973,to_in_001,23
2024,나나896973,to_in_007,18
2024,나나896973,to_in_008,8
2024,나나896974,to_in_001,8
2024,나나896974,to_in_007,8
2024,나나896974,to_in_008,5
2024,나나897736,to_in_001,8
2024,나나897736,to_in_007,8
2024,나나897736,to_in_008,5
2024,나나897757,to_in_001,8
2024,나나897757,to_in_007,8
2024,나나897757,to_in_008,5
2024,나나897764,to_in_001,5
2024,나나897764,to_in_007,5
2024,나나897764,to_in_008,5
2024,나나897766,to_in_001,8
2024,나나897766,to_in_007,5
2024,나나897766,to_in_008,5
2024,나나897770,to_in_001,5
2024,나나897770,to_in_007,5
2024,나나897770,to_in_008,0
2024,나나897771,to_in_001,5
2024,나나897771,to_in_007,0
2024,나나897771,to_in_008,5
2024,나나897772,to_in_001,5
2024,나나897772,to_in_007,5
2024,나나897772,to_in_008,5
2024,나나897775,to_in_001,0
2024,나나897775,to_in_007,0
2024,나나897775,to_in_008,0
2024,나나897839,to_in_001,5
2024,나나897839,to_in_007,5
2024,나나897839,to_in_008,0
2024,나나897840,to_in_001,0
2024,나나897840,to_in_007,0
2024,나나897840,to_in_008,0
2024,나나897841,to_in_001,8
2024,나나897841,to_in_007,5
2024,나나897841,to_in_008,5
2024,나나897842,to_in_001,13
2024,나나897842,to_in_007,8
2024,나나897842,to_in_008,0
2024,나나897853,to_in_001,5
2024,나나897853,to_in_007,5
2024,나나897853,to_in_008,0
2024,나나897854,to_in_001,5
2024,나나897854,to_in_007,0
2024,나나897854,to_in_008,0
2024,나나897860,to_in_001,8
2024,나나897860,to_in_007,5
2024,나나897860,to_in_008,5
2024,나나897881,to_in_001,5
2024,나나897881,to_in_007,5
2024,나나897881,to_in_008,0
2024,나나897914,to_in_001,8
2024,나나897914,to_in_007,5
2024,나나897914,to_in_008,8
2024,나나897919,to_in_001,0
2024,나나897919,to_in_007,0
2024,나나897919,to_in_008,0
2024,나나897921,to_in_001,33
2024,나나897921,to_in_007,18
2024,나나897921,to_in_008,13
2024,나나897922,to_in_001,28
2024,나나897922,to_in_007,18
2024,나나897922,to_in_008,8
2024,나나897923,to_in_001,28
2024,나나897923,to_in_007,13
2024,나나897923,to_in_008,13
2024,나나897924,to_in_001,13
2024,나나897924,to_in_007,5
2024,나나897924,to_in_008,8
2024,나나897925,to_in_001,13
2024,나나897925,to_in_007,8
2024,나나897925,to_in_008,8
2024,나나897926,to_in_001,13
2024,나나897926,to_in_007,8
2024,나나897926,to_in_008,5
2024,나나897928,to_in_001,5
2024,나나897928,to_in_007,0
2024,나나897928,to_in_008,0
2024,나나897930,to_in_001,0
2024,나나897930,to_in_007,0
2024,나나897930,to_in_008,0
2024,나나897932,to_in_001,8
2024,나나897932,to_in_007,5
2024,나나897932,to_in_008,5
2024,나나897933,to_in_001,13
2024,나나897933,to_in_007,8
2024,나나897933,to_in_008,8
2024,나나897950,to_in_001,8
2024,나나897950,to_in_007,5
2024,나나897950,to_in_008,5
2024,나나897951,to_in_001,5
2024,나나897951,to_in_007,5
2024,나나897951,to_in_008,0
2024,나나897953,to_in_001,13
2024,나나897953,to_in_007,8
2024,나나897953,to_in_008,8
2024,나나897971,to_in_001,5
2024,나나897971,to_in_007,5
2024,나나897971,to_in_008,5
2024,나나897972,to_in_001,18
2024,나나888744,to_in_008,8
2024,나나888745,to_in_001,8
2024,나나888745,to_in_007,5
2024,나나888745,to_in_008,5
2024,나나888749,to_in_001,0
2024,나나888749,to_in_007,0
2024,나나888749,to_in_008,0
2024,나나888755,to_in_001,5
2024,나나888755,to_in_007,5
2024,나나888755,to_in_008,0
2024,나나888756,to_in_001,13
2024,나나888756,to_in_007,5
2024,나나888756,to_in_008,8
2024,나나888757,to_in_001,8
2024,나나888757,to_in_007,5
2024,나나888757,to_in_008,5
2024,나나888758,to_in_001,5
2024,나나888758,to_in_007,5
2024,나나888758,to_in_008,0
2024,나나888761,to_in_001,8
2024,나나888761,to_in_007,8
2024,나나888761,to_in_008,5
2024,나나888762,to_in_001,0
2024,나나888762,to_in_007,0
2024,나나888762,to_in_008,0
2024,나나888768,to_in_001,8
2024,나나888768,to_in_007,5
2024,나나888768,to_in_008,5
2024,나나888769,to_in_001,0
2024,나나888769,to_in_007,0
2024,나나888769,to_in_008,0
2024,나나888778,to_in_001,5
2024,나나888778,to_in_007,5
2024,나나888778,to_in_008,5
2024,나나888780,to_in_001,5
2024,나나888780,to_in_007,5
2024,나나888780,to_in_008,0
2024,나나888862,to_in_001,5
2024,나나888862,to_in_007,0
2024,나나888862,to_in_008,0
2024,나나892764,to_in_001,13
2024,나나892764,to_in_007,8
2024,나나892764,to_in_008,5
2024,나나892783,to_in_001,5
2024,나나892783,to_in_007,0
2024,나나892783,to_in_008,5
2024,나나892848,to_in_001,5
2024,나나892848,to_in_007,5
2024,나나892848,to_in_008,0
2024,나나892858,to_in_001,5
2024,나나892858,to_in_007,5
2024,나나892858,to_in_008,5
2024,나나892859,to_in_001,5
2024,나나892859,to_in_007,5
2024,나나892859,to_in_008,5
2024,나나892860,to_in_001,8
2024,나나892860,to_in_007,8
2024,나나892860,to_in_008,5
2024,나나892868,to_in_001,5
2024,나나892868,to_in_007,5
2024,나나892868,to_in_008,5
2024,나나892871,to_in_001,5
2024,나나892871,to_in_007,5
2024,나나892871,to_in_008,0
2024,나나892877,to_in_001,5
2024,나나892877,to_in_007,0
2024,나나892877,to_in_008,0
2024,나나892915,to_in_001,8
2024,나나892915,to_in_007,5
2024,나나892915,to_in_008,5
2024,나나892916,to_in_001,5
2024,나나892916,to_in_007,5
2024,나나892916,to_in_008,5
2024,나나892924,to_in_001,8
2024,나나892924,to_in_007,5
2024,나나892924,to_in_008,5
2024,나나892951,to_in_001,18
2024,나나892951,to_in_007,8
2024,나나892951,to_in_008,8
2024,나나892952,to_in_001,18
2024,나나892952,to_in_007,13
2024,나나892952,to_in_008,8
2024,나나892953,to_in_001,28
2024,나나892953,to_in_007,8
2024,나나892953,to_in_008,18
2024,나나892954,to_in_001,8
2024,나나892954,to_in_007,5
2024,나나892954,to_in_008,8
2024,나나892955,to_in_001,8
2024,나나892955,to_in_007,5
2024,나나892955,to_in_008,5
2024,나나892956,to_in_001,8
2024,나나892956,to_in_007,5
2024,나나892956,to_in_008,5
2024,나나892957,to_in_001,18
2024,나나892957,to_in_007,13
2024,나나892957,to_in_008,8
2024,나나892958,to_in_001,28
2024,나나892958,to_in_007,8
2024,나나892958,to_in_008,18
2024,나나892959,to_in_001,8
2024,나나892959,to_in_007,0
2024,나나892959,to_in_008,8
2024,나나892960,to_in_001,18
2024,나나892960,to_in_007,8
2024,나나892960,to_in_008,8
2024,나나892961,to_in_001,13
2024,나나892961,to_in_007,8
2024,나나892961,to_in_008,8
2024,나나892962,to_in_001,8
2024,나나892962,to_in_007,8
2024,나나892962,to_in_008,5
2024,나나892963,to_in_001,8
2024,나나892963,to_in_007,5
2024,나나892963,to_in_008,5
2024,나나892966,to_in_001,8
2024,나나892966,to_in_007,8
2024,나나892966,to_in_008,8
2024,나나893721,to_in_001,5
2024,나나893721,to_in_007,0
2024,나나893721,to_in_008,0
2024,나나893722,to_in_001,0
2024,나나893722,to_in_007,0
2024,나나893722,to_in_008,0
2024,나나893723,to_in_001,8
2024,나나893723,to_in_007,5
2024,나나893723,to_in_008,8
2024,나나893741,to_in_001,8
2024,나나893741,to_in_007,5
2024,나나893741,to_in_008,5
2024,나나893743,to_in_001,8
2024,나나893743,to_in_007,5
2024,나나893743,to_in_008,8
2024,나나893744,to_in_001,8
2024,나나893744,to_in_007,5
2024,나나893744,to_in_008,5
2024,나나893745,to_in_001,5
2024,나나893745,to_in_007,5
2024,나나893745,to_in_008,0
2024,나나893748,to_in_001,13
2024,나나893748,to_in_007,8
2024,나나893748,to_in_008,8
2024,나나893750,to_in_001,8
2024,나나893750,to_in_007,5
2024,나나893750,to_in_008,5
2024,나나893751,to_in_001,0
2024,나나893751,to_in_007,0
2024,나나893751,to_in_008,0
2024,나나893752,to_in_001,5
2024,나나893752,to_in_007,5
2024,나나893752,to_in_008,5
2024,나나893769,to_in_001,5
2024,나나893769,to_in_007,5
2024,나나893769,to_in_008,0
2024,나나893777,to_in_001,5
2024,나나893777,to_in_007,0
2024,나나893777,to_in_008,5
2024,나나893779,to_in_001,5
2024,나나893779,to_in_007,5
2024,나나893779,to_in_008,0
2024,나나893858,to_in_001,5
2024,나나893858,to_in_007,5
2024,나나893858,to_in_008,0
2024,나나893882,to_in_001,5
2024,나나893882,to_in_007,0
2024,나나893882,to_in_008,5
2024,나나893884,to_in_001,0
2024,나나893884,to_in_007,0
2024,나나893884,to_in_008,0
2024,나나893917,to_in_001,5
2024,나나893917,to_in_007,5
2024,나나893917,to_in_008,0
2024,나나893918,to_in_001,5
2024,나나893918,to_in_007,0
2024,나나893918,to_in_008,5
2024,나나893919,to_in_001,8
2024,나나893919,to_in_007,5
2024,나나893919,to_in_008,5
2024,나나893923,to_in_001,13
2024,나나893923,to_in_007,8
2024,나나893923,to_in_008,8
2024,나나899852,to_in_001,8
2024,나나899852,to_in_007,5
2024,나나899852,to_in_008,8
2024,나나899885,to_in_001,5
2024,나나899885,to_in_007,0
2024,나나899885,to_in_008,5
2024,나나899896,to_in_001,8
2024,나나899896,to_in_007,5
2024,나나899896,to_in_008,5
2024,나나899901,to_in_001,5
2024,나나899901,to_in_007,0
2024,나나899901,to_in_008,5
2024,나나899913,to_in_001,8
2024,나나899913,to_in_007,8
2024,나나899913,to_in_008,5
2024,나나899914,to_in_001,8
2024,나나899914,to_in_007,5
2024,나나899914,to_in_008,5
2024,나나899919,to_in_001,5
2024,나나899919,to_in_007,5
2024,나나899919,to_in_008,0
2024,나나899921,to_in_001,8
2024,나나899921,to_in_007,5
2024,나나899921,to_in_008,5
2024,나나899923,to_in_001,5
2024,나나899923,to_in_007,0
2024,나나899923,to_in_008,5
2024,나나899924,to_in_001,33
2024,나나899924,to_in_007,18
2024,나나899924,to_in_008,18
2024,나나899925,to_in_001,13
2024,나나899925,to_in_007,8
2024,나나899925,to_in_008,8
2024,나나899931,to_in_001,38
2024,나나899931,to_in_007,23
2024,나나899931,to_in_008,13
2024,나나899933,to_in_001,5
2024,나나899933,to_in_007,5
2024,나나899933,to_in_008,5
2024,나나899940,to_in_001,5
2024,나나899940,to_in_007,5
2024,나나899940,to_in_008,5
2024,나나899941,to_in_001,8
2024,나나899941,to_in_007,5
2024,나나899941,to_in_008,5
2024,나나899947,to_in_001,5
2024,나나899947,to_in_007,5
2024,나나899947,to_in_008,0
2024,나나899949,to_in_001,5
2024,나나899949,to_in_007,5
2024,나나899949,to_in_008,5
2024,나나899953,to_in_001,5
2024,나나899953,to_in_007,5
2024,나나899953,to_in_008,5
2024,나나899966,to_in_001,5
2024,나나899966,to_in_007,5
2024,나나899966,to_in_008,5
2024,나나899969,to_in_001,8
2024,나나899969,to_in_007,5
2024,나나899969,to_in_008,5
2024,나나899970,to_in_001,0
2024,나나899970,to_in_007,0
2024,나나899970,to_in_008,0
2024,나나899974,to_in_001,28
2024,나나899974,to_in_007,13
2024,나나899974,to_in_008,13
2024,나나899975,to_in_001,5
2024,나나899975,to_in_007,5
2024,나나899975,to_in_008,5
2024,나나899976,to_in_001,5
2024,나나899976,to_in_007,5
2024,나나899976,to_in_008,5
2024,나나900760,to_in_001,18
2024,나나900760,to_in_007,5
2024,나나900760,to_in_008,13
2024,나나900762,to_in_001,0
2024,나나900762,to_in_007,0
2024,나나900762,to_in_008,0
2024,나나900771,to_in_001,8
2024,나나900771,to_in_007,8
2024,나나900771,to_in_008,5
2024,나나900772,to_in_001,8
2024,나나900772,to_in_007,5
2024,나나900772,to_in_008,5
2024,나나900775,to_in_001,5
2024,나나900775,to_in_007,0
2024,나나900775,to_in_008,5
2024,나나900776,to_in_001,5
2024,나나900776,to_in_007,0
2024,나나900776,to_in_008,0
2024,나나900801,to_in_001,8
2024,나나900801,to_in_007,8
2024,나나900801,to_in_008,5
2024,나나900883,to_in_001,5
2024,나나900883,to_in_007,0
2024,나나900883,to_in_008,0
2024,나나900908,to_in_001,5
2024,나나900908,to_in_007,5
2024,나나900908,to_in_008,0
2024,나나900915,to_in_001,0
2024,나나900915,to_in_007,0
2024,나나900915,to_in_008,0
2024,나나900925,to_in_001,5
2024,나나900925,to_in_007,0
2024,나나900925,to_in_008,5
2024,나나900932,to_in_001,8
2024,나나900932,to_in_007,5
2024,나나900932,to_in_008,5
2024,나나900933,to_in_001,5
2024,나나900933,to_in_007,0
2024,나나900933,to_in_008,0
2024,나나900937,to_in_001,5
2024,나나885779,to_in_001,43
2024,나나885779,to_in_007,23
2024,나나885779,to_in_008,18
2024,나나885780,to_in_001,18
2024,나나885780,to_in_007,8
2024,나나885780,to_in_008,13
2024,나나885782,to_in_001,45
2024,나나885782,to_in_007,30
2024,나나885782,to_in_008,18
2024,나나885845,to_in_001,0
2024,나나885845,to_in_007,0
2024,나나885845,to_in_008,0
2024,나나885846,to_in_001,5
2024,나나885846,to_in_007,0
2024,나나885846,to_in_008,0
2024,나나885862,to_in_001,5
2024,나나885862,to_in_007,5
2024,나나885862,to_in_008,5
2024,나나885864,to_in_001,5
2024,나나885864,to_in_007,5
2024,나나885864,to_in_008,5
2024,나나885865,to_in_001,5
2024,나나885865,to_in_007,5
2024,나나885865,to_in_008,0
2024,나나885917,to_in_001,5
2024,나나885917,to_in_007,5
2024,나나885917,to_in_008,5
2024,나나885924,to_in_001,8
2024,나나885924,to_in_007,5
2024,나나885924,to_in_008,5
2024,나나885927,to_in_001,0
2024,나나885927,to_in_007,0
2024,나나885927,to_in_008,0
2024,나나885928,to_in_001,5
2024,나나885928,to_in_007,5
2024,나나885928,to_in_008,5
2024,나나885937,to_in_001,5
2024,나나885937,to_in_007,5
2024,나나885937,to_in_008,5
2024,나나885939,to_in_001,5
2024,나나885939,to_in_007,5
2024,나나885939,to_in_008,0
2024,나나885945,to_in_001,5
2024,나나885945,to_in_007,5
2024,나나885945,to_in_008,0
2024,나나885946,to_in_001,5
2024,나나885946,to_in_007,5
2024,나나885946,to_in_008,0
2024,나나885947,to_in_001,5
2024,나나885947,to_in_007,5
2024,나나885947,to_in_008,0
2024,나나885948,to_in_001,13
2024,나나885948,to_in_007,8
2024,나나885948,to_in_008,5
2024,나나885949,to_in_001,18
2024,나나885949,to_in_007,8
2024,나나885949,to_in_008,8
2024,나나885950,to_in_001,8
2024,나나885950,to_in_007,5
2024,나나885950,to_in_008,5
2024,나나885951,to_in_001,5
2024,나나885951,to_in_007,5
2024,나나885951,to_in_008,5
2024,나나885954,to_in_001,23
2024,나나885954,to_in_007,13
2024,나나885954,to_in_008,8
2024,나나885955,to_in_001,33
2024,나나885955,to_in_007,18
2024,나나885955,to_in_008,13
2024,나나885956,to_in_001,18
2024,나나885956,to_in_007,8
2024,나나885956,to_in_008,8
2024,나나885957,to_in_001,13
2024,나나885957,to_in_007,8
2024,나나885957,to_in_008,8
2024,나나885958,to_in_001,5
2024,나나885958,to_in_007,5
2024,나나885958,to_in_008,0
2024,나나886714,to_in_001,13
2024,나나886714,to_in_007,8
2024,나나886714,to_in_008,8
2024,나나886717,to_in_001,13
2024,나나886717,to_in_007,5
2024,나나886717,to_in_008,8
2024,나나886718,to_in_001,8
2024,나나886718,to_in_007,5
2024,나나886718,to_in_008,5
2024,나나886719,to_in_001,8
2024,나나886719,to_in_007,5
2024,나나886719,to_in_008,8
2024,나나886720,to_in_001,18
2024,나나886720,to_in_007,13
2024,나나886720,to_in_008,8
2024,나나886721,to_in_001,5
2024,나나886721,to_in_007,0
2024,나나886721,to_in_008,0
2024,나나886724,to_in_001,8
2024,나나886724,to_in_007,5
2024,나나886724,to_in_008,5
2024,나나886725,to_in_001,8
2024,나나886725,to_in_007,5
2024,나나886725,to_in_008,8
2024,나나893924,to_in_001,5
2024,나나893924,to_in_007,5
2024,나나893924,to_in_008,0
2024,나나893925,to_in_001,8
2024,나나893925,to_in_007,5
2024,나나893925,to_in_008,5
2024,나나893926,to_in_001,5
2024,나나893926,to_in_007,5
2024,나나893926,to_in_008,0
2024,나나893934,to_in_001,5
2024,나나893934,to_in_007,0
2024,나나893934,to_in_008,5
2024,나나893950,to_in_001,5
2024,나나893950,to_in_007,5
2024,나나893950,to_in_008,0
2024,나나893952,to_in_001,28
2024,나나893952,to_in_007,13
2024,나나893952,to_in_008,13
2024,나나893953,to_in_001,18
2024,나나893953,to_in_007,8
2024,나나893953,to_in_008,8
2024,나나893954,to_in_001,18
2024,나나893954,to_in_007,8
2024,나나893954,to_in_008,8
2024,나나893955,to_in_001,8
2024,나나893955,to_in_007,5
2024,나나893955,to_in_008,5
2024,나나893956,to_in_001,5
2024,나나893956,to_in_007,5
2024,나나893956,to_in_008,5
2024,나나893957,to_in_001,28
2024,나나893957,to_in_007,13
2024,나나893957,to_in_008,13
2024,나나893958,to_in_001,13
2024,나나893958,to_in_007,8
2024,나나893958,to_in_008,8
2024,나나893959,to_in_001,23
2024,나나893959,to_in_007,13
2024,나나893959,to_in_008,13
2024,나나893960,to_in_001,5
2024,나나893960,to_in_007,5
2024,나나893960,to_in_008,5
2024,나나893961,to_in_001,8
2024,나나893961,to_in_007,5
2024,나나893961,to_in_008,5
2024,나나893962,to_in_001,8
2024,나나893962,to_in_007,5
2024,나나893962,to_in_008,5
2024,나나893963,to_in_001,8
2024,나나893963,to_in_007,5
2024,나나893963,to_in_008,5
2024,나나893966,to_in_001,5
2024,나나893966,to_in_007,0
2024,나나893966,to_in_008,5
2024,나나893974,to_in_001,8
2024,나나893974,to_in_007,0
2024,나나893974,to_in_008,8
2024,나나893975,to_in_001,8
2024,나나893975,to_in_007,8
2024,나나893975,to_in_008,8
2024,나나893977,to_in_001,5
2024,나나893977,to_in_007,0
2024,나나893977,to_in_008,5
2024,나나894723,to_in_001,0
2024,나나894723,to_in_007,0
2024,나나894723,to_in_008,0
2024,나나894740,to_in_001,8
2024,나나894740,to_in_007,8
2024,나나894740,to_in_008,5
2024,나나894741,to_in_001,5
2024,나나894741,to_in_007,5
2024,나나894741,to_in_008,0
2024,나나894745,to_in_001,5
2024,나나894745,to_in_007,5
2024,나나894745,to_in_008,0
2024,나나894768,to_in_001,8
2024,나나894768,to_in_007,5
2024,나나894768,to_in_008,5
2024,나나894769,to_in_001,13
2024,나나894769,to_in_007,8
2024,나나894769,to_in_008,8
2024,나나894773,to_in_001,8
2024,나나894773,to_in_007,5
2024,나나894773,to_in_008,5
2024,나나894781,to_in_001,8
2024,나나894781,to_in_007,5
2024,나나894781,to_in_008,5
2024,나나894782,to_in_001,5
2024,나나894782,to_in_007,0
2024,나나894782,to_in_008,5
2024,나나894851,to_in_001,0
2024,나나894851,to_in_007,0
2024,나나894851,to_in_008,0
2024,나나894855,to_in_001,13
2024,나나894855,to_in_007,13
2024,나나894855,to_in_008,0
2024,나나894856,to_in_001,5
2024,나나894856,to_in_007,0
2024,나나894856,to_in_008,0
2024,나나894857,to_in_001,8
2024,나나894857,to_in_007,5
2024,나나894857,to_in_008,5
2024,나나894858,to_in_001,8
2024,나나894858,to_in_007,8
2024,나나894858,to_in_008,0
2024,나나894862,to_in_001,8
2024,나나894862,to_in_007,5
2024,나나894862,to_in_008,5
2024,나나894881,to_in_001,8
2024,나나894881,to_in_007,5
2024,나나894881,to_in_008,5
2024,나나894882,to_in_001,5
2024,나나894882,to_in_007,5
2024,나나894882,to_in_008,0
2024,나나894918,to_in_001,5
2024,나나894918,to_in_007,0
2024,나나894918,to_in_008,0
2024,나나894921,to_in_001,0
2024,나나894921,to_in_007,0
2024,나나894921,to_in_008,0
2024,나나894922,to_in_001,13
2024,나나894922,to_in_007,8
2024,나나894922,to_in_008,8
2024,나나894923,to_in_001,5
2024,나나894923,to_in_007,0
2024,나나894923,to_in_008,5
2024,나나894924,to_in_001,13
2024,나나894924,to_in_007,8
2024,나나894924,to_in_008,8
2024,나나894925,to_in_001,18
2024,나나894925,to_in_007,8
2024,나나894925,to_in_008,8
2024,나나894926,to_in_001,5
2024,나나894926,to_in_007,5
2024,나나894926,to_in_008,5
2024,나나894927,to_in_001,5
2024,나나894927,to_in_007,5
2024,나나894927,to_in_008,0
2024,나나905776,to_in_001,0
2024,나나905776,to_in_007,0
2024,나나905776,to_in_008,0
2024,나나905781,to_in_001,5
2024,나나905781,to_in_007,5
2024,나나905781,to_in_008,5
2024,나나905872,to_in_001,8
2024,나나905872,to_in_007,5
2024,나나905872,to_in_008,5
2024,나나905922,to_in_001,5
2024,나나905922,to_in_007,0
2024,나나905922,to_in_008,5
2024,나나905929,to_in_001,5
2024,나나905929,to_in_007,0
2024,나나905929,to_in_008,0
2024,나나905934,to_in_001,8
2024,나나905934,to_in_007,8
2024,나나905934,to_in_008,5
2024,나나905959,to_in_001,0
2024,나나905959,to_in_007,0
2024,나나905959,to_in_008,0
2024,나나905968,to_in_001,5
2024,나나905968,to_in_007,0
2024,나나905968,to_in_008,0
2024,나나905973,to_in_001,0
2024,나나905973,to_in_007,0
2024,나나905973,to_in_008,0
2024,나나905974,to_in_001,65
2024,나나905974,to_in_007,34
2024,나나905974,to_in_008,34
2024,나나905975,to_in_001,63
2024,나나905975,to_in_007,38
2024,나나905975,to_in_008,28
2024,나나905976,to_in_001,8
2024,나나905976,to_in_007,5
2024,나나905976,to_in_008,5
2024,나나905977,to_in_001,23
2024,나나905977,to_in_007,13
2024,나나905977,to_in_008,13
2024,나나906732,to_in_001,0
2024,나나906732,to_in_007,0
2024,나나906732,to_in_008,0
2024,나나906733,to_in_001,8
2024,나나906733,to_in_007,8
2024,나나906733,to_in_008,8
2024,나나906734,to_in_001,23
2024,나나906734,to_in_007,8
2024,나나906734,to_in_008,13
2024,나나906740,to_in_001,13
2024,나나906740,to_in_007,5
2024,나나906740,to_in_008,8
2024,나나906741,to_in_001,18
2024,나나906741,to_in_007,8
2024,나나889768,to_in_008,13
2024,나나889769,to_in_001,8
2024,나나889769,to_in_007,5
2024,나나889769,to_in_008,8
2024,나나889770,to_in_001,13
2024,나나889770,to_in_007,8
2024,나나889770,to_in_008,5
2024,나나889861,to_in_001,5
2024,나나889861,to_in_007,5
2024,나나889861,to_in_008,0
2024,나나889903,to_in_001,5
2024,나나889903,to_in_007,5
2024,나나889903,to_in_008,0
2024,나나894928,to_in_001,0
2024,나나894928,to_in_007,0
2024,나나894928,to_in_008,0
2024,나나894933,to_in_001,5
2024,나나894933,to_in_007,5
2024,나나894933,to_in_008,0
2024,나나894934,to_in_001,8
2024,나나894934,to_in_007,5
2024,나나894934,to_in_008,5
2024,나나894935,to_in_001,8
2024,나나894935,to_in_007,8
2024,나나894935,to_in_008,5
2024,나나894936,to_in_001,5
2024,나나894936,to_in_007,5
2024,나나894936,to_in_008,5
2024,나나894937,to_in_001,28
2024,나나894937,to_in_007,13
2024,나나894937,to_in_008,13
2024,나나894952,to_in_001,18
2024,나나894952,to_in_007,8
2024,나나894952,to_in_008,13
2024,나나894953,to_in_001,28
2024,나나894953,to_in_007,8
2024,나나894953,to_in_008,23
2024,나나894954,to_in_001,38
2024,나나894954,to_in_007,23
2024,나나894954,to_in_008,18
2024,나나894962,to_in_001,5
2024,나나894962,to_in_007,0
2024,나나894962,to_in_008,0
2024,나나894968,to_in_001,5
2024,나나894968,to_in_007,5
2024,나나894968,to_in_008,0
2024,나나894971,to_in_001,5
2024,나나894971,to_in_007,0
2024,나나894971,to_in_008,5
2024,나나894973,to_in_001,13
2024,나나894973,to_in_007,8
2024,나나894973,to_in_008,8
2024,나나894974,to_in_001,8
2024,나나894974,to_in_007,5
2024,나나894974,to_in_008,5
2024,나나894975,to_in_001,5
2024,나나894975,to_in_007,0
2024,나나894975,to_in_008,5
2024,나나895740,to_in_001,5
2024,나나895740,to_in_007,5
2024,나나895740,to_in_008,5
2024,나나895750,to_in_001,5
2024,나나895750,to_in_007,5
2024,나나895750,to_in_008,5
2024,나나895767,to_in_001,5
2024,나나895767,to_in_007,5
2024,나나895767,to_in_008,0
2024,나나895770,to_in_001,5
2024,나나895770,to_in_007,5
2024,나나895770,to_in_008,0
2024,나나895774,to_in_001,8
2024,나나895774,to_in_007,5
2024,나나895774,to_in_008,5
2024,나나895775,to_in_001,0
2024,나나895775,to_in_007,0
2024,나나895775,to_in_008,0
2024,나나895781,to_in_001,5
2024,나나895781,to_in_007,0
2024,나나895781,to_in_008,5
2024,나나895833,to_in_001,5
2024,나나895833,to_in_007,0
2024,나나895833,to_in_008,5
2024,나나895840,to_in_001,5
2024,나나895840,to_in_007,0
2024,나나895840,to_in_008,0
2024,나나895845,to_in_001,0
2024,나나895845,to_in_007,0
2024,나나895845,to_in_008,0
2024,나나895851,to_in_001,5
2024,나나895851,to_in_007,5
2024,나나895851,to_in_008,0
2024,나나895855,to_in_001,8
2024,나나895855,to_in_007,8
2024,나나895855,to_in_008,5
2024,나나895859,to_in_001,5
2024,나나895859,to_in_007,5
2024,나나895859,to_in_008,0
2024,나나895862,to_in_001,5
2024,나나895862,to_in_007,5
2024,나나895862,to_in_008,5
2024,나나895880,to_in_001,8
2024,나나895880,to_in_007,5
2024,나나895880,to_in_008,5
2024,나나895881,to_in_001,5
2024,나나895881,to_in_007,5
2024,나나895881,to_in_008,5
2024,나나895882,to_in_001,0
2024,나나895882,to_in_007,0
2024,나나895882,to_in_008,0
2024,나나895920,to_in_001,5
2024,나나895920,to_in_007,5
2024,나나895920,to_in_008,0
2024,나나895921,to_in_001,18
2024,나나895921,to_in_007,8
2024,나나895921,to_in_008,8
2024,나나895922,to_in_001,28
2024,나나895922,to_in_007,13
2024,나나895922,to_in_008,13
2024,나나895923,to_in_001,13
2024,나나895923,to_in_007,5
2024,나나895923,to_in_008,8
2024,나나895924,to_in_001,8
2024,나나895924,to_in_007,5
2024,나나895924,to_in_008,8
2024,나나895925,to_in_001,13
2024,나나895925,to_in_007,8
2024,나나895925,to_in_008,8
2024,나나895926,to_in_001,8
2024,나나895926,to_in_007,8
2024,나나895926,to_in_008,5
2024,나나895927,to_in_001,33
2024,나나895927,to_in_007,18
2024,나나895927,to_in_008,18
2024,나나895933,to_in_001,8
2024,나나895933,to_in_007,8
2024,나나895933,to_in_008,5
2024,나나895934,to_in_001,13
2024,나나895934,to_in_007,8
2024,나나895934,to_in_008,8
2024,나나895935,to_in_001,5
2024,나나895935,to_in_007,0
2024,나나895935,to_in_008,5
2024,나나895937,to_in_001,5
2024,나나895937,to_in_007,0
2024,나나895937,to_in_008,5
2024,나나902773,to_in_001,5
2024,나나902773,to_in_007,0
2024,나나902773,to_in_008,0
2024,나나902775,to_in_001,5
2024,나나902775,to_in_007,0
2024,나나902775,to_in_008,0
2024,나나902791,to_in_001,5
2024,나나902791,to_in_007,5
2024,나나902791,to_in_008,0
2024,나나902792,to_in_001,8
2024,나나902792,to_in_007,5
2024,나나902792,to_in_008,5
2024,나나902793,to_in_001,8
2024,나나902793,to_in_007,8
2024,나나902793,to_in_008,5
2024,나나902794,to_in_001,13
2024,나나902794,to_in_007,8
2024,나나902794,to_in_008,8
2024,나나902795,to_in_001,5
2024,나나902795,to_in_007,5
2024,나나902795,to_in_008,5
2024,나나902798,to_in_001,8
2024,나나902798,to_in_007,5
2024,나나902798,to_in_008,8
2024,나나902799,to_in_001,5
2024,나나902799,to_in_007,0
2024,나나902799,to_in_008,5
2024,나나902859,to_in_001,8
2024,나나902859,to_in_007,8
2024,나나902859,to_in_008,0
2024,나나902908,to_in_001,0
2024,나나902908,to_in_007,0
2024,나나902908,to_in_008,0
2024,나나902909,to_in_001,5
2024,나나902909,to_in_007,0
2024,나나902909,to_in_008,5
2024,나나902915,to_in_001,5
2024,나나902915,to_in_007,5
2024,나나902915,to_in_008,5
2024,나나902953,to_in_001,5
2024,나나902953,to_in_007,5
2024,나나902953,to_in_008,5
2024,나나902968,to_in_001,8
2024,나나902968,to_in_007,5
2024,나나902968,to_in_008,5
2024,나나902969,to_in_001,8
2024,나나902969,to_in_007,5
2024,나나902969,to_in_008,8
2024,나나902970,to_in_001,8
2024,나나902970,to_in_007,5
2024,나나902970,to_in_008,5
2024,나나902973,to_in_001,8
2024,나나902973,to_in_007,8
2024,나나902973,to_in_008,5
2024,나나902974,to_in_001,33
2024,나나902974,to_in_007,18
2024,나나902974,to_in_008,18
2024,나나902975,to_in_001,35
2024,나나902975,to_in_007,13
2024,나나902975,to_in_008,25
2024,나나902976,to_in_001,54
2024,나나902976,to_in_007,28
2024,나나902976,to_in_008,24
2024,나나902977,to_in_001,43
2024,나나902977,to_in_007,23
2024,나나902977,to_in_008,18
2024,나나902978,to_in_001,13
2024,나나902978,to_in_007,8
2024,나나902978,to_in_008,8
2024,나나903735,to_in_001,0
2024,나나903735,to_in_007,0
2024,나나903735,to_in_008,0
2024,나나903736,to_in_001,51
2024,나나903736,to_in_007,28
2024,나나903736,to_in_008,21
2024,나나903737,to_in_001,43
2024,나나903737,to_in_007,23
2024,나나903737,to_in_008,23
2024,나나903738,to_in_001,33
2024,나나903738,to_in_007,18
2024,나나903738,to_in_008,18
2024,나나903765,to_in_001,5
2024,나나903765,to_in_007,5
2024,나나903765,to_in_008,0
2024,나나903775,to_in_001,8
2024,나나903775,to_in_007,8
2024,나나903775,to_in_008,8
2024,나나903779,to_in_001,13
2024,나나903779,to_in_007,8
2024,나나903779,to_in_008,5
2024,나나903780,to_in_001,8
2024,나나903780,to_in_007,5
2024,나나903780,to_in_008,5
2024,나나903781,to_in_001,8
2024,나나903781,to_in_007,8
2024,나나903781,to_in_008,5
2024,나나903793,to_in_001,8
2024,나나903793,to_in_007,5
2024,나나903793,to_in_008,5
2024,나나903798,to_in_001,8
2024,나나903798,to_in_007,5
2024,나나903798,to_in_008,5
2024,나나903839,to_in_001,18
2024,나나903839,to_in_007,18
2024,나나903839,to_in_008,0
2024,나나903841,to_in_001,29
2024,나나903841,to_in_007,19
2024,나나903841,to_in_008,13
2024,나나903842,to_in_001,5
2024,나나903842,to_in_007,0
2024,나나903842,to_in_008,5
2024,나나903844,to_in_001,5
2024,나나903844,to_in_007,0
2024,나나903844,to_in_008,5
2024,나나903872,to_in_001,5
2024,나나903872,to_in_007,5
2024,나나903872,to_in_008,5
2024,나나903924,to_in_001,13
2024,나나903924,to_in_007,8
2024,나나903924,to_in_008,5
2024,나나903925,to_in_001,5
2024,나나903925,to_in_007,0
2024,나나903925,to_in_008,5
2024,나나903938,to_in_001,0
2024,나나903938,to_in_007,0
2024,나나903938,to_in_008,0
2024,나나903940,to_in_001,18
2024,나나903940,to_in_007,8
2024,나나903940,to_in_008,8
2024,나나909780,to_in_001,5
2024,나나909780,to_in_007,0
2024,나나909780,to_in_008,5
2024,나나909783,to_in_001,8
2024,나나909783,to_in_007,5
2024,나나909783,to_in_008,5
2024,나나909788,to_in_001,5
2024,나나909788,to_in_007,5
2024,나나909788,to_in_008,0
2024,나나909800,to_in_001,8
2024,나나909800,to_in_007,5
2024,나나909800,to_in_008,5
2024,나나909801,to_in_001,0
2024,나나909801,to_in_007,0
2024,나나909801,to_in_008,0
2024,나나909857,to_in_001,5
2024,나나909857,to_in_007,5
2024,나나909857,to_in_008,0
2024,나나909867,to_in_001,5
2024,나나905741,to_in_007,8
2024,나나905741,to_in_008,8
2024,나나905773,to_in_001,0
2024,나나905773,to_in_007,0
2024,나나905773,to_in_008,0
2024,나나911741,to_in_001,0
2024,나나911741,to_in_007,0
2024,나나911741,to_in_008,0
2024,나나911742,to_in_001,13
2024,나나911742,to_in_007,8
2024,나나911742,to_in_008,8
2024,나나911743,to_in_001,8
2024,나나911743,to_in_007,8
2024,나나911743,to_in_008,5
2024,나나911744,to_in_001,8
2024,나나911744,to_in_007,0
2024,나나911744,to_in_008,8
2024,나나911773,to_in_001,5
2024,나나911773,to_in_007,0
2024,나나911773,to_in_008,0
2024,나나911775,to_in_001,5
2024,나나911775,to_in_007,0
2024,나나911775,to_in_008,0
2024,나나911776,to_in_001,5
2024,나나911776,to_in_007,0
2024,나나911776,to_in_008,0
2024,나나911777,to_in_001,13
2024,나나911777,to_in_007,8
2024,나나911777,to_in_008,5
2024,나나911778,to_in_001,5
2024,나나911778,to_in_007,0
2024,나나911778,to_in_008,5
2024,나나911779,to_in_001,8
2024,나나911779,to_in_007,5
2024,나나911779,to_in_008,8
2024,나나911782,to_in_001,44
2024,나나911782,to_in_007,18
2024,나나911782,to_in_008,24
2024,나나911785,to_in_001,5
2024,나나911785,to_in_007,5
2024,나나911785,to_in_008,0
2024,나나911803,to_in_001,8
2024,나나911803,to_in_007,5
2024,나나911803,to_in_008,5
2024,나나911867,to_in_001,8
2024,나나911867,to_in_007,8
2024,나나911867,to_in_008,0
2024,나나911869,to_in_001,0
2024,나나911869,to_in_007,0
2024,나나911869,to_in_008,0
2024,나나911870,to_in_001,0
2024,나나911870,to_in_007,0
2024,나나911870,to_in_008,0
2024,나나911921,to_in_001,0
2024,나나911921,to_in_007,0
2024,나나911921,to_in_008,0
2024,나나911922,to_in_001,18
2024,나나911922,to_in_007,8
2024,나나911922,to_in_008,13
2024,나나911923,to_in_001,5
2024,나나911923,to_in_007,5
2024,나나911923,to_in_008,0
2024,나나911924,to_in_001,8
2024,나나911924,to_in_007,5
2024,나나911924,to_in_008,5
2024,나나911925,to_in_001,5
2024,나나911925,to_in_007,0
2024,나나911925,to_in_008,5
2024,나나911934,to_in_001,5
2024,나나911934,to_in_007,0
2024,나나911934,to_in_008,0
2024,나나911935,to_in_001,5
2024,나나911935,to_in_007,5
2024,나나911935,to_in_008,0
2024,나나911936,to_in_001,5
2024,나나911936,to_in_007,0
2024,나나911936,to_in_008,5
2024,나나911940,to_in_001,0
2024,나나911940,to_in_007,0
2024,나나911940,to_in_008,0
2024,나나911941,to_in_001,13
2024,나나911941,to_in_007,8
2024,나나911941,to_in_008,8
2024,나나911942,to_in_001,8
2024,나나911942,to_in_007,8
2024,나나911942,to_in_008,5
2024,나나911943,to_in_001,8
2024,나나911943,to_in_007,5
2024,나나911943,to_in_008,8
2024,나나911944,to_in_001,13
2024,나나911944,to_in_007,8
2024,나나911944,to_in_008,5
2024,나나911945,to_in_001,5
2024,나나911945,to_in_007,0
2024,나나911945,to_in_008,5
2024,나나911946,to_in_001,5
2024,나나911946,to_in_007,5
2024,나나911946,to_in_008,5
2024,나나911947,to_in_001,5
2024,나나911947,to_in_007,5
2024,나나911947,to_in_008,5
2024,나나911948,to_in_001,8
2024,나나911948,to_in_007,8
2024,나나911948,to_in_008,5
2024,나나911949,to_in_001,13
2024,나나911949,to_in_007,8
2024,나나911949,to_in_008,5
2024,나나911950,to_in_001,8
2024,나나911950,to_in_007,5
2024,나나911950,to_in_008,5
2024,나나911951,to_in_001,8
2024,나나911951,to_in_007,5
2024,나나911951,to_in_008,5
2024,나나911953,to_in_001,91
2024,나나911953,to_in_007,46
2024,나나911953,to_in_008,43
2024,나나911957,to_in_001,5
2024,나나911957,to_in_007,5
2024,나나911957,to_in_008,5
2024,나나911961,to_in_001,5
2024,나나911961,to_in_007,0
2024,나나911961,to_in_008,0
2024,나나911963,to_in_001,13
2024,나나911963,to_in_007,5
2024,나나911963,to_in_008,8
2024,나나911966,to_in_001,8
2024,나나911966,to_in_007,8
2024,나나911966,to_in_008,8
2024,나나911967,to_in_001,61
2024,나나911967,to_in_007,8
2024,나나911967,to_in_008,53
2024,나나911970,to_in_001,5
2024,나나911970,to_in_007,5
2024,나나911970,to_in_008,0
2024,나나913923,to_in_001,5
2024,나나913923,to_in_007,0
2024,나나913923,to_in_008,5
2024,나나913924,to_in_001,13
2024,나나913924,to_in_007,8
2024,나나913924,to_in_008,8
2024,나나913925,to_in_001,8
2024,나나913925,to_in_007,5
2024,나나913925,to_in_008,5
2024,나나913934,to_in_001,5
2024,나나913934,to_in_007,5
2024,나나913934,to_in_008,0
2024,나나913938,to_in_001,8
2024,나나913938,to_in_007,5
2024,나나913938,to_in_008,8
2024,나나913944,to_in_001,18
2024,나나913944,to_in_007,8
2024,나나913944,to_in_008,8
2024,나나913945,to_in_001,13
2024,나나913945,to_in_007,8
2024,나나913945,to_in_008,8
2024,나나913946,to_in_001,23
2024,나나913946,to_in_007,13
2024,나나913946,to_in_008,13
2024,나나913947,to_in_001,8
2024,나나913947,to_in_007,5
2024,나나913947,to_in_008,5
2024,나나913948,to_in_001,8
2024,나나913948,to_in_007,5
2024,나나913948,to_in_008,8
2024,나나913949,to_in_001,5
2024,나나913949,to_in_007,0
2024,나나913949,to_in_008,5
2024,나나913950,to_in_001,5
2024,나나913950,to_in_007,0
2024,나나913950,to_in_008,0
2024,나나913952,to_in_001,5
2024,나나913952,to_in_007,0
2024,나나913952,to_in_008,0
2024,나나913958,to_in_001,5
2024,나나913958,to_in_007,0
2024,나나913958,to_in_008,5
2024,나나913959,to_in_001,5
2024,나나913959,to_in_007,0
2024,나나913959,to_in_008,0
2024,나나913960,to_in_001,13
2024,나나913960,to_in_007,8
2024,나나913960,to_in_008,5
2024,나나913964,to_in_001,8
2024,나나913964,to_in_007,5
2024,나나913964,to_in_008,5
2024,나나913969,to_in_001,8
2024,나나913969,to_in_007,5
2024,나나913969,to_in_008,5
2024,나나913974,to_in_001,5
2024,나나913974,to_in_007,0
2024,나나913974,to_in_008,0
2024,나나913975,to_in_001,8
2024,나나913975,to_in_007,5
2024,나나913975,to_in_008,8
2024,나나913979,to_in_001,0
2024,나나913979,to_in_007,0
2024,나나913979,to_in_008,0
2024,나나914727,to_in_001,13
2024,나나914727,to_in_007,8
2024,나나914727,to_in_008,8
2024,나나914728,to_in_001,33
2024,나나914728,to_in_007,18
2024,나나914728,to_in_008,18
2024,나나914729,to_in_001,8
2024,나나914729,to_in_007,5
2024,나나914729,to_in_008,5
2024,나나914730,to_in_001,8
2024,나나914730,to_in_007,8
2024,나나914730,to_in_008,0
2024,나나914731,to_in_001,38
2024,나나914731,to_in_007,23
2024,나나914731,to_in_008,18
2024,나나914732,to_in_001,5
2024,나나914732,to_in_007,0
2024,나나914732,to_in_008,0
2024,나나914733,to_in_001,13
2024,나나914733,to_in_007,8
2024,나나914733,to_in_008,5
2024,나나914734,to_in_001,8
2024,나나914734,to_in_007,8
2024,나나914734,to_in_008,5
2024,나나914735,to_in_001,8
2024,나나914735,to_in_007,5
2024,나나914735,to_in_008,5
2024,나나914736,to_in_001,5
2024,나나914736,to_in_007,0
2024,나나914736,to_in_008,0
2024,나나914737,to_in_001,38
2024,나나914737,to_in_007,18
2024,나나914737,to_in_008,23
2024,나나914738,to_in_001,5
2024,나나914738,to_in_007,0
2024,나나914738,to_in_008,5
2024,나나914739,to_in_001,13
2024,나나914739,to_in_007,5
2024,나나914739,to_in_008,8
2024,나나914740,to_in_001,8
2024,나나914740,to_in_007,5
2024,나나914740,to_in_008,5
2024,나나914741,to_in_001,5
2024,나나914741,to_in_007,5
2024,나나914741,to_in_008,0
2024,나나914743,to_in_001,5
2024,나나914743,to_in_007,5
2024,나나914743,to_in_008,5
2024,나나914744,to_in_001,0
2024,나나914744,to_in_007,0
2024,나나914744,to_in_008,0
2024,나나914745,to_in_001,5
2024,나나914745,to_in_007,5
2024,나나914745,to_in_008,0
2024,나나914746,to_in_001,8
2024,나나914746,to_in_007,5
2024,나나914746,to_in_008,5
2024,나나914765,to_in_001,5
2024,나나914765,to_in_007,0
2024,나나914765,to_in_008,5
2024,나나914778,to_in_001,5
2024,나나914778,to_in_007,0
2024,나나914778,to_in_008,5
2024,나나914804,to_in_001,0
2024,나나914804,to_in_007,0
2024,나나914804,to_in_008,0
2024,나나914805,to_in_001,23
2024,나나914805,to_in_007,8
2024,나나914805,to_in_008,13
2024,나나915745,to_in_001,13
2024,나나915745,to_in_007,5
2024,나나915745,to_in_008,8
2024,나나915746,to_in_001,8
2024,나나915746,to_in_007,8
2024,나나915746,to_in_008,5
2024,나나915747,to_in_001,8
2024,나나915747,to_in_007,5
2024,나나915747,to_in_008,5
2024,나나915791,to_in_001,5
2024,나나915791,to_in_007,0
2024,나나915791,to_in_008,0
2024,나나915801,to_in_001,13
2024,나나915801,to_in_007,8
2024,나나915801,to_in_008,8
2024,나나915803,to_in_001,5
2024,나나915803,to_in_007,0
2024,나나915803,to_in_008,5
2024,나나915848,to_in_001,5
2024,나나915848,to_in_007,5
2024,나나915848,to_in_008,0
2024,나나915912,to_in_001,5
2024,나나915912,to_in_007,5
2024,나나915912,to_in_008,5
2024,나나915914,to_in_001,8
2024,나나915914,to_in_007,5
2024,나나915914,to_in_008,5
2024,나나915915,to_in_001,8
2024,나나915915,to_in_007,8
2024,나나915915,to_in_008,5
2024,나나915921,to_in_001,5
2024,나나915921,to_in_007,0
2024,나나915921,to_in_008,5
2024,나나915924,to_in_001,5
2024,나나915924,to_in_007,5
2024,나나915924,to_in_008,0
2024,나나915927,to_in_001,5
2024,나나915927,to_in_007,5
2024,나나915927,to_in_008,5
2024,나나915928,to_in_001,5
2024,나나915928,to_in_007,0
2024,나나915928,to_in_008,5
2024,나나915929,to_in_001,8
2024,나나915929,to_in_007,8
2024,나나915929,to_in_008,5
2024,나나915931,to_in_001,5
2024,나나915931,to_in_007,0
2024,나나915931,to_in_008,5
2024,나나915937,to_in_001,5
2024,나나915937,to_in_007,0
2024,나나915937,to_in_008,0
2024,나나915942,to_in_001,5
2024,나나915942,to_in_007,0
2024,나나915942,to_in_008,0
2024,나나915943,to_in_001,5
2024,나나915943,to_in_007,5
2024,나나915943,to_in_008,0
2024,나나915944,to_in_001,8
2024,나나915944,to_in_007,5
2024,나나915944,to_in_008,8
2024,나나915945,to_in_001,39
2024,나나915945,to_in_007,24
2024,나나915945,to_in_008,13
2024,나나915946,to_in_001,18
2024,나나915946,to_in_007,8
2024,나나915946,to_in_008,8
2024,나나915947,to_in_001,8
2024,나나915947,to_in_007,5
2024,나나915947,to_in_008,5
2024,나나915948,to_in_001,8
2024,나나915948,to_in_007,5
2024,나나915948,to_in_008,8
2024,나나915950,to_in_001,8
2024,나나915950,to_in_007,5
2024,나나915950,to_in_008,5
2024,나나915951,to_in_001,5
2024,나나915951,to_in_007,5
2024,나나915951,to_in_008,5
2024,나나915957,to_in_001,0
2024,나나915957,to_in_007,0
2024,나나915957,to_in_008,0
2024,나나915959,to_in_001,5
2024,나나915959,to_in_007,5
2024,나나915959,to_in_008,5
2024,나나915968,to_in_001,13
2024,나나915968,to_in_007,8
2024,나나915968,to_in_008,8
2024,나나915971,to_in_001,22
2024,나나915971,to_in_007,9
2024,나나915971,to_in_008,13
2024,나나915977,to_in_001,13
2024,나나915977,to_in_007,5
2024,나나915977,to_in_008,8
2024,나나916726,to_in_001,28
2024,나나916726,to_in_007,18
2024,나나916726,to_in_008,13
2024,나나916727,to_in_001,23
2024,나나916727,to_in_007,13
2024,나나916727,to_in_008,13
2024,나나916728,to_in_001,5
2024,나나916728,to_in_007,0
2024,나나916728,to_in_008,5
2024,나나916729,to_in_001,0
2024,나나916729,to_in_007,0
2024,나나916729,to_in_008,0
2024,나나916730,to_in_001,33
2024,나나916730,to_in_007,18
2024,나나916730,to_in_008,13
2024,나나916731,to_in_001,56
2024,나나916731,to_in_007,36
2024,나나916731,to_in_008,23
2024,나나916732,to_in_001,28
2024,나나916732,to_in_007,13
2024,나나916732,to_in_008,13
2024,나나916973,to_in_001,8
2024,나나916973,to_in_007,5
2024,나나916973,to_in_008,5
2024,나나916974,to_in_001,5
2024,나나916974,to_in_007,0
2024,나나916974,to_in_008,0
2024,나나916975,to_in_001,5
2024,나나916975,to_in_007,5
2024,나나916975,to_in_008,0
2024,나나916977,to_in_001,13
2024,나나916977,to_in_007,8
2024,나나916977,to_in_008,8
2024,나나917724,to_in_001,0
2024,나나917724,to_in_007,0
2024,나나917724,to_in_008,0
2024,나나917725,to_in_001,13
2024,나나917725,to_in_007,8
2024,나나917725,to_in_008,8
2024,나나917726,to_in_001,5
2024,나나917726,to_in_007,0
2024,나나917726,to_in_008,0
2024,나나917727,to_in_001,13
2024,나나917727,to_in_007,5
2024,나나917727,to_in_008,8
2024,나나917728,to_in_001,5
2024,나나917728,to_in_007,5
2024,나나917728,to_in_008,5
2024,나나917729,to_in_001,8
2024,나나917729,to_in_007,5
2024,나나917729,to_in_008,8
2024,나나917730,to_in_001,5
2024,나나917730,to_in_007,5
2024,나나917730,to_in_008,5
2024,나나917731,to_in_001,8
2024,나나917731,to_in_007,5
2024,나나917731,to_in_008,5
2024,나나917732,to_in_001,0
2024,나나917732,to_in_007,0
2024,나나917732,to_in_008,0
2024,나나917733,to_in_001,5
2024,나나917733,to_in_007,0
2024,나나917733,to_in_008,5
2024,나나917735,to_in_001,5
2024,나나917735,to_in_007,0
2024,나나917735,to_in_008,0
2024,나나917737,to_in_001,0
2024,나나917737,to_in_007,0
2024,나나917737,to_in_008,0
2024,나나917741,to_in_001,8
2024,나나917741,to_in_007,5
2024,나나917741,to_in_008,5
2024,나나917746,to_in_001,5
2024,나나917746,to_in_007,5
2024,나나917746,to_in_008,0
2024,나나917747,to_in_001,5
2024,나나917747,to_in_007,0
2024,나나917747,to_in_008,5
2024,나나917798,to_in_001,5
2024,나나917798,to_in_007,5
2024,나나917798,to_in_008,0
2024,나나917799,to_in_001,23
2024,나나917799,to_in_007,13
2024,나나917799,to_in_008,13
2024,나나917800,to_in_001,8
2024,나나917800,to_in_007,5
2024,나나917800,to_in_008,5
2024,나나917801,to_in_001,13
2024,나나917801,to_in_007,8
2024,나나917801,to_in_008,8
2024,나나917802,to_in_001,23
2024,나나917802,to_in_007,8
2024,나나917802,to_in_008,13
2024,나나917804,to_in_001,5
2024,나나917804,to_in_007,5
2024,나나917804,to_in_008,0
2024,나나917818,to_in_001,0
2024,나나917818,to_in_007,0
2024,나나917818,to_in_008,0
2024,나나917893,to_in_001,5
2024,나나917893,to_in_007,0
2024,나나917893,to_in_008,5
2024,나나917903,to_in_001,5
2024,나나900937,to_in_007,0
2024,나나900937,to_in_008,0
2024,나나900938,to_in_001,0
2024,나나900938,to_in_007,0
2024,나나900938,to_in_008,0
2024,나나900947,to_in_001,5
2024,나나900947,to_in_007,0
2024,나나900947,to_in_008,0
2024,나나900948,to_in_001,5
2024,나나900948,to_in_007,5
2024,나나900948,to_in_008,5
2024,나나900949,to_in_001,5
2024,나나900949,to_in_007,0
2024,나나900949,to_in_008,5
2024,나나908780,to_in_001,0
2024,나나908780,to_in_007,0
2024,나나908780,to_in_008,0
2024,나나908782,to_in_001,13
2024,나나908782,to_in_007,5
2024,나나908782,to_in_008,8
2024,나나908783,to_in_001,8
2024,나나908783,to_in_007,8
2024,나나908783,to_in_008,8
2024,나나908803,to_in_001,8
2024,나나908803,to_in_007,5
2024,나나908803,to_in_008,5
2024,나나908876,to_in_001,5
2024,나나908876,to_in_007,5
2024,나나908876,to_in_008,0
2024,나나908892,to_in_001,5
2024,나나908892,to_in_007,0
2024,나나908892,to_in_008,5
2024,나나908894,to_in_001,5
2024,나나908894,to_in_007,5
2024,나나908894,to_in_008,5
2024,나나908918,to_in_001,0
2024,나나908918,to_in_007,0
2024,나나908918,to_in_008,0
2024,나나908924,to_in_001,5
2024,나나908924,to_in_007,0
2024,나나908924,to_in_008,5
2024,나나908932,to_in_001,0
2024,나나908932,to_in_007,0
2024,나나908932,to_in_008,0
2024,나나908938,to_in_001,5
2024,나나908938,to_in_007,5
2024,나나908938,to_in_008,0
2024,나나908939,to_in_001,8
2024,나나908939,to_in_007,5
2024,나나908939,to_in_008,5
2024,나나908943,to_in_001,8
2024,나나908943,to_in_007,5
2024,나나908943,to_in_008,5
2024,나나908944,to_in_001,8
2024,나나908944,to_in_007,5
2024,나나908944,to_in_008,5
2024,나나908945,to_in_001,5
2024,나나908945,to_in_007,0
2024,나나908945,to_in_008,5
2024,나나908946,to_in_001,13
2024,나나908946,to_in_007,8
2024,나나908946,to_in_008,8
2024,나나908949,to_in_001,18
2024,나나908949,to_in_007,5
2024,나나908949,to_in_008,13
2024,나나908950,to_in_001,5
2024,나나908950,to_in_007,5
2024,나나908950,to_in_008,5
2024,나나908951,to_in_001,5
2024,나나908951,to_in_007,0
2024,나나908951,to_in_008,0
2024,나나908954,to_in_001,8
2024,나나908954,to_in_007,5
2024,나나908954,to_in_008,5
2024,나나908962,to_in_001,8
2024,나나908962,to_in_007,5
2024,나나908962,to_in_008,5
2024,나나908965,to_in_001,5
2024,나나908965,to_in_007,0
2024,나나908965,to_in_008,0
2024,나나908973,to_in_001,13
2024,나나908973,to_in_007,8
2024,나나908973,to_in_008,5
2024,나나908974,to_in_001,80
2024,나나908974,to_in_007,40
2024,나나908974,to_in_008,43
2024,나나908975,to_in_001,5
2024,나나908975,to_in_007,5
2024,나나908975,to_in_008,0
2024,나나908977,to_in_001,5
2024,나나908977,to_in_007,5
2024,나나908977,to_in_008,0
2024,나나909732,to_in_001,8
2024,나나909732,to_in_007,8
2024,나나909732,to_in_008,5
2024,나나909733,to_in_001,8
2024,나나909733,to_in_007,5
2024,나나909733,to_in_008,8
2024,나나909734,to_in_001,18
2024,나나909734,to_in_007,8
2024,나나909734,to_in_008,8
2024,나나909735,to_in_001,8
2024,나나909735,to_in_007,5
2024,나나909735,to_in_008,5
2024,나나909736,to_in_001,28
2024,나나909736,to_in_007,13
2024,나나909736,to_in_008,13
2024,나나909737,to_in_001,5
2024,나나909737,to_in_007,0
2024,나나909737,to_in_008,0
2024,나나909738,to_in_001,8
2024,나나909738,to_in_007,5
2024,나나909738,to_in_008,5
2024,나나909739,to_in_001,18
2024,나나909739,to_in_007,8
2024,나나909739,to_in_008,13
2024,나나909740,to_in_001,38
2024,나나909740,to_in_007,23
2024,나나909740,to_in_008,18
2024,나나909741,to_in_001,33
2024,나나909741,to_in_007,18
2024,나나909741,to_in_008,13
2024,나나909745,to_in_001,5
2024,나나909745,to_in_007,5
2024,나나909745,to_in_008,5
2024,나나909776,to_in_001,5
2024,나나909776,to_in_007,0
2024,나나909776,to_in_008,5
2024,나나909777,to_in_001,5
2024,나나909777,to_in_007,0
2024,나나909777,to_in_008,5
2024,나나909778,to_in_001,13
2024,나나909778,to_in_007,8
2024,나나909778,to_in_008,8
2024,나나909779,to_in_001,13
2024,나나909779,to_in_007,8
2024,나나909779,to_in_008,8
2024,나나910779,to_in_001,5
2024,나나910779,to_in_007,5
2024,나나910779,to_in_008,0
2024,나나910780,to_in_001,0
2024,나나910780,to_in_007,0
2024,나나910780,to_in_008,0
2024,나나910781,to_in_001,23
2024,나나910781,to_in_007,13
2024,나나910781,to_in_008,13
2024,나나910783,to_in_001,5
2024,나나910783,to_in_007,0
2024,나나910783,to_in_008,5
2024,나나910788,to_in_001,8
2024,나나910788,to_in_007,5
2024,나나910788,to_in_008,5
2024,나나910892,to_in_001,13
2024,나나910892,to_in_007,8
2024,나나910892,to_in_008,5
2024,나나910900,to_in_001,5
2024,나나910900,to_in_007,0
2024,나나910900,to_in_008,0
2024,나나910921,to_in_001,5
2024,나나910921,to_in_007,0
2024,나나910921,to_in_008,0
2024,나나910922,to_in_001,13
2024,나나910922,to_in_007,8
2024,나나910922,to_in_008,8
2024,나나910924,to_in_001,13
2024,나나910924,to_in_007,8
2024,나나910924,to_in_008,8
2024,나나910934,to_in_001,5
2024,나나910934,to_in_007,0
2024,나나910934,to_in_008,0
2024,나나910939,to_in_001,5
2024,나나910939,to_in_007,5
2024,나나910939,to_in_008,0
2024,나나910940,to_in_001,8
2024,나나910940,to_in_007,5
2024,나나910940,to_in_008,8
2024,나나910941,to_in_001,18
2024,나나910941,to_in_007,8
2024,나나910941,to_in_008,13
2024,나나910942,to_in_001,18
2024,나나910942,to_in_007,8
2024,나나910942,to_in_008,8
2024,나나910943,to_in_001,18
2024,나나910943,to_in_007,8
2024,나나910943,to_in_008,13
2024,나나910944,to_in_001,43
2024,나나910944,to_in_007,18
2024,나나910944,to_in_008,23
2024,나나910945,to_in_001,13
2024,나나910945,to_in_007,8
2024,나나910945,to_in_008,8
2024,나나910946,to_in_001,23
2024,나나910946,to_in_007,8
2024,나나910946,to_in_008,13
2024,나나910947,to_in_001,13
2024,나나910947,to_in_007,8
2024,나나910947,to_in_008,8
2024,나나910948,to_in_001,13
2024,나나910948,to_in_007,8
2024,나나910948,to_in_008,8
2024,나나910949,to_in_001,18
2024,나나910949,to_in_007,8
2024,나나910949,to_in_008,8
2024,나나910950,to_in_001,13
2024,나나910950,to_in_007,8
2024,나나910950,to_in_008,8
2024,나나910952,to_in_001,25
2024,나나910952,to_in_007,8
2024,나나910952,to_in_008,15
2024,나나910962,to_in_001,8
2024,나나910962,to_in_007,0
2024,나나910962,to_in_008,5
2024,나나910963,to_in_001,5
2024,나나910963,to_in_007,5
2024,나나910963,to_in_008,0
2024,나나910966,to_in_001,0
2024,나나910966,to_in_007,0
2024,나나910966,to_in_008,0
2024,나나910970,to_in_001,0
2024,나나910970,to_in_007,0
2024,나나910970,to_in_008,0
2024,나나910971,to_in_001,13
2024,나나910971,to_in_007,8
2024,나나910971,to_in_008,8
2024,나나910974,to_in_001,5
2024,나나910974,to_in_007,5
2024,나나910974,to_in_008,0
2024,나나910975,to_in_001,8
2024,나나910975,to_in_007,5
2024,나나910975,to_in_008,5
2024,나나910976,to_in_001,5
2024,나나910976,to_in_007,5
2024,나나910976,to_in_008,5
2024,나나911728,to_in_001,5
2024,나나911728,to_in_007,5
2024,나나911728,to_in_008,5
2024,나나911729,to_in_001,5
2024,나나911729,to_in_007,5
2024,나나911729,to_in_008,0
2024,나나911731,to_in_001,8
2024,나나911731,to_in_007,5
2024,나나911731,to_in_008,5
2024,나나911732,to_in_001,23
2024,나나911732,to_in_007,13
2024,나나911732,to_in_008,8
2024,나나911733,to_in_001,23
2024,나나911733,to_in_007,13
2024,나나911733,to_in_008,8
2024,나나911734,to_in_001,126
2024,나나911734,to_in_007,64
2024,나나911734,to_in_008,60
2024,나나911735,to_in_001,38
2024,나나911735,to_in_007,18
2024,나나911735,to_in_008,18
2024,나나911736,to_in_001,38
2024,나나911736,to_in_007,23
2024,나나911736,to_in_008,18
2024,나나911737,to_in_001,18
2024,나나911737,to_in_007,13
2024,나나911737,to_in_008,5
2024,나나911738,to_in_001,5
2024,나나911738,to_in_007,5
2024,나나911738,to_in_008,0
2024,나나916733,to_in_001,13
2024,나나916733,to_in_007,8
2024,나나916733,to_in_008,5
2024,나나916734,to_in_001,58
2024,나나916734,to_in_007,33
2024,나나916734,to_in_008,23
2024,나나916735,to_in_001,23
2024,나나916735,to_in_007,8
2024,나나916735,to_in_008,13
2024,나나916736,to_in_001,13
2024,나나916736,to_in_007,8
2024,나나916736,to_in_008,8
2024,나나916737,to_in_001,23
2024,나나916737,to_in_007,13
2024,나나916737,to_in_008,8
2024,나나916739,to_in_001,8
2024,나나916739,to_in_007,5
2024,나나916739,to_in_008,8
2024,나나916746,to_in_001,18
2024,나나916746,to_in_007,8
2024,나나916746,to_in_008,13
2024,나나916762,to_in_001,5
2024,나나916762,to_in_007,5
2024,나나916762,to_in_008,0
2024,나나916793,to_in_001,5
2024,나나916793,to_in_007,5
2024,나나916793,to_in_008,0
2024,나나916796,to_in_001,33
2024,나나916796,to_in_007,18
2024,나나916796,to_in_008,13
2024,나나897972,to_in_007,8
2024,나나897972,to_in_008,8
2024,나나897973,to_in_001,8
2024,나나897973,to_in_007,5
2024,나나897973,to_in_008,5
2024,나나897974,to_in_001,18
2024,나나897974,to_in_007,8
2024,나나897974,to_in_008,8
2024,나나907744,to_in_001,13
2024,나나907744,to_in_007,5
2024,나나907744,to_in_008,8
2024,나나907773,to_in_001,5
2024,나나907773,to_in_007,0
2024,나나907773,to_in_008,0
2024,나나907777,to_in_001,5
2024,나나907777,to_in_007,0
2024,나나907777,to_in_008,5
2024,나나907778,to_in_001,8
2024,나나907778,to_in_007,5
2024,나나907778,to_in_008,8
2024,나나907779,to_in_001,23
2024,나나907779,to_in_007,8
2024,나나907779,to_in_008,13
2024,나나907780,to_in_001,8
2024,나나907780,to_in_007,5
2024,나나907780,to_in_008,5
2024,나나907781,to_in_001,18
2024,나나907781,to_in_007,13
2024,나나907781,to_in_008,8
2024,나나907782,to_in_001,13
2024,나나907782,to_in_007,5
2024,나나907782,to_in_008,8
2024,나나907803,to_in_001,5
2024,나나907803,to_in_007,5
2024,나나907803,to_in_008,0
2024,나나907840,to_in_001,18
2024,나나907840,to_in_007,8
2024,나나907840,to_in_008,8
2024,나나907887,to_in_001,5
2024,나나907887,to_in_007,0
2024,나나907887,to_in_008,5
2024,나나907901,to_in_001,0
2024,나나907901,to_in_007,0
2024,나나907901,to_in_008,0
2024,나나907924,to_in_001,8
2024,나나907924,to_in_007,5
2024,나나907924,to_in_008,5
2024,나나907925,to_in_001,8
2024,나나907925,to_in_007,5
2024,나나907925,to_in_008,8
2024,나나907932,to_in_001,5
2024,나나907932,to_in_007,5
2024,나나907932,to_in_008,5
2024,나나907933,to_in_001,0
2024,나나907933,to_in_007,0
2024,나나907933,to_in_008,0
2024,나나907935,to_in_001,5
2024,나나907935,to_in_007,0
2024,나나907935,to_in_008,0
2024,나나907936,to_in_001,5
2024,나나907936,to_in_007,5
2024,나나907936,to_in_008,0
2024,나나907937,to_in_001,8
2024,나나907937,to_in_007,8
2024,나나907937,to_in_008,5
2024,나나907938,to_in_001,5
2024,나나907938,to_in_007,0
2024,나나907938,to_in_008,0
2024,나나907941,to_in_001,8
2024,나나907941,to_in_007,5
2024,나나907941,to_in_008,5
2024,나나907942,to_in_001,8
2024,나나907942,to_in_007,5
2024,나나907942,to_in_008,5
2024,나나907943,to_in_001,8
2024,나나907943,to_in_007,8
2024,나나907943,to_in_008,5
2024,나나907948,to_in_001,5
2024,나나907948,to_in_007,0
2024,나나907948,to_in_008,5
2024,나나907950,to_in_001,5
2024,나나907950,to_in_007,0
2024,나나907950,to_in_008,0
2024,나나907951,to_in_001,5
2024,나나907951,to_in_007,5
2024,나나907951,to_in_008,0
2024,나나907962,to_in_001,13
2024,나나907962,to_in_007,8
2024,나나907962,to_in_008,8
2024,나나907973,to_in_001,18
2024,나나907973,to_in_007,5
2024,나나907973,to_in_008,13
2024,나나907974,to_in_001,28
2024,나나907974,to_in_007,18
2024,나나907974,to_in_008,13
2024,나나907975,to_in_001,0
2024,나나907975,to_in_007,0
2024,나나907975,to_in_008,0
2024,나나907977,to_in_001,8
2024,나나907977,to_in_007,8
2024,나나907977,to_in_008,5
2024,나나908729,to_in_001,0
2024,나나908729,to_in_007,0
2024,나나908729,to_in_008,0
2024,나나908732,to_in_001,8
2024,나나908732,to_in_007,5
2024,나나908732,to_in_008,8
2024,나나908733,to_in_001,8
2024,나나908733,to_in_007,5
2024,나나908733,to_in_008,5
2024,나나908734,to_in_001,13
2024,나나908734,to_in_007,8
2024,나나908734,to_in_008,8
2024,나나908739,to_in_001,8
2024,나나908739,to_in_007,5
2024,나나908739,to_in_008,5
2024,나나908740,to_in_001,18
2024,나나908740,to_in_007,8
2024,나나908740,to_in_008,8
2024,나나908741,to_in_001,13
2024,나나908741,to_in_007,8
2024,나나908741,to_in_008,8
2024,나나908742,to_in_001,18
2024,나나908742,to_in_007,8
2024,나나908742,to_in_008,8
2024,나나908743,to_in_001,13
2024,나나908743,to_in_007,8
2024,나나908743,to_in_008,8
2024,나나908744,to_in_001,5
2024,나나908744,to_in_007,5
2024,나나908744,to_in_008,5
2024,나나908767,to_in_001,5
2024,나나908767,to_in_007,5
2024,나나908767,to_in_008,0
2024,나나908773,to_in_001,5
2024,나나908773,to_in_007,0
2024,나나908773,to_in_008,5
2024,나나908777,to_in_001,5
2024,나나908777,to_in_007,5
2024,나나908777,to_in_008,0
2024,나나908778,to_in_001,8
2024,나나908778,to_in_007,5
2024,나나908778,to_in_008,5
2024,나나908779,to_in_001,8
2024,나나908779,to_in_007,8
2024,나나908779,to_in_008,5
2024,나나911974,to_in_001,58
2024,나나911974,to_in_007,28
2024,나나911974,to_in_008,28
2024,나나911975,to_in_001,8
2024,나나911975,to_in_007,5
2024,나나911975,to_in_008,5
2024,나나911977,to_in_001,5
2024,나나911977,to_in_007,0
2024,나나911977,to_in_008,0
2024,나나912728,to_in_001,33
2024,나나912728,to_in_007,18
2024,나나912728,to_in_008,18
2024,나나912729,to_in_001,8
2024,나나912729,to_in_007,5
2024,나나912729,to_in_008,5
2024,나나912730,to_in_001,0
2024,나나912730,to_in_007,0
2024,나나912730,to_in_008,0
2024,나나912731,to_in_001,18
2024,나나912731,to_in_007,8
2024,나나912731,to_in_008,8
2024,나나912732,to_in_001,5
2024,나나912732,to_in_007,5
2024,나나912732,to_in_008,5
2024,나나912733,to_in_001,18
2024,나나912733,to_in_007,8
2024,나나912733,to_in_008,8
2024,나나912734,to_in_001,18
2024,나나912734,to_in_007,8
2024,나나912734,to_in_008,8
2024,나나912735,to_in_001,33
2024,나나912735,to_in_007,13
2024,나나912735,to_in_008,18
2024,나나912736,to_in_001,5
2024,나나912736,to_in_007,0
2024,나나912736,to_in_008,5
2024,나나912737,to_in_001,38
2024,나나912737,to_in_007,18
2024,나나912737,to_in_008,23
2024,나나912738,to_in_001,8
2024,나나912738,to_in_007,5
2024,나나912738,to_in_008,8
2024,나나912739,to_in_001,8
2024,나나912739,to_in_007,8
2024,나나912739,to_in_008,0
2024,나나912740,to_in_001,5
2024,나나912740,to_in_007,0
2024,나나912740,to_in_008,5
2024,나나912741,to_in_001,28
2024,나나912741,to_in_007,13
2024,나나912741,to_in_008,13
2024,나나912742,to_in_001,23
2024,나나912742,to_in_007,13
2024,나나912742,to_in_008,8
2024,나나912743,to_in_001,8
2024,나나912743,to_in_007,8
2024,나나912743,to_in_008,5
2024,나나912745,to_in_001,5
2024,나나912745,to_in_007,5
2024,나나912745,to_in_008,0
2024,나나912746,to_in_001,8
2024,나나912746,to_in_007,5
2024,나나912746,to_in_008,5
2024,나나912774,to_in_001,5
2024,나나912774,to_in_007,0
2024,나나912774,to_in_008,5
2024,나나912776,to_in_001,34
2024,나나912776,to_in_007,18
2024,나나912776,to_in_008,14
2024,나나912777,to_in_001,13
2024,나나912777,to_in_007,8
2024,나나912777,to_in_008,5
2024,나나912778,to_in_001,8
2024,나나912778,to_in_007,5
2024,나나912778,to_in_008,8
2024,나나912779,to_in_001,13
2024,나나912779,to_in_007,8
2024,나나912779,to_in_008,8
2024,나나912780,to_in_001,5
2024,나나912780,to_in_007,5
2024,나나912780,to_in_008,5
2024,나나912782,to_in_001,18
2024,나나912782,to_in_007,8
2024,나나912782,to_in_008,8
2024,나나912807,to_in_001,0
2024,나나912807,to_in_007,0
2024,나나912807,to_in_008,0
2024,나나912830,to_in_001,0
2024,나나912830,to_in_007,0
2024,나나912830,to_in_008,0
2024,나나912887,to_in_001,5
2024,나나912887,to_in_007,5
2024,나나912887,to_in_008,0
2024,나나912889,to_in_001,8
2024,나나912889,to_in_007,5
2024,나나912889,to_in_008,8
2024,나나912922,to_in_001,8
2024,나나912922,to_in_007,5
2024,나나912922,to_in_008,5
2024,나나912923,to_in_001,5
2024,나나912923,to_in_007,5
2024,나나912923,to_in_008,0
2024,나나912924,to_in_001,8
2024,나나912924,to_in_007,5
2024,나나912924,to_in_008,5
2024,나나912925,to_in_001,8
2024,나나912925,to_in_007,8
2024,나나912925,to_in_008,5
2024,나나912929,to_in_001,5
2024,나나912929,to_in_007,0
2024,나나912929,to_in_008,0
2024,나나912933,to_in_001,5
2024,나나912933,to_in_007,5
2024,나나912933,to_in_008,0
2024,나나912934,to_in_001,5
2024,나나912934,to_in_007,0
2024,나나912934,to_in_008,5
2024,나나912935,to_in_001,5
2024,나나912935,to_in_007,5
2024,나나912935,to_in_008,0
2024,나나912938,to_in_001,8
2024,나나912938,to_in_007,8
2024,나나912938,to_in_008,5
2024,나나912940,to_in_001,5
2024,나나912940,to_in_007,5
2024,나나912940,to_in_008,5
2024,나나912943,to_in_001,5
2024,나나912943,to_in_007,5
2024,나나912943,to_in_008,0
2024,나나912944,to_in_001,18
2024,나나912944,to_in_007,8
2024,나나912944,to_in_008,13
2024,나나917947,to_in_001,13
2024,나나917947,to_in_007,8
2024,나나917947,to_in_008,5
2024,나나917951,to_in_001,0
2024,나나917951,to_in_007,0
2024,나나917951,to_in_008,0
2024,나나917954,to_in_001,0
2024,나나917954,to_in_007,0
2024,나나917954,to_in_008,0
2024,나나917956,to_in_001,0
2024,나나917956,to_in_007,0
2024,나나917956,to_in_008,0
2024,나나917960,to_in_001,23
2024,나나917960,to_in_007,13
2024,나나917960,to_in_008,8
2024,나나917903,to_in_007,0
2024,나나917903,to_in_008,0
2024,나나917904,to_in_001,8
2024,나나917904,to_in_007,8
2024,나나917904,to_in_008,8
2024,나나917905,to_in_001,8
2024,나나917905,to_in_007,5
2024,나나917905,to_in_008,5
2024,나나917906,to_in_001,18
2024,나나917906,to_in_007,8
2024,나나917906,to_in_008,8
2024,나나917911,to_in_001,0
2024,나나917911,to_in_007,0
2024,나나917911,to_in_008,0
2024,나나917929,to_in_001,5
2024,나나917929,to_in_007,0
2024,나나917929,to_in_008,5
2024,나나917944,to_in_001,0
2024,나나917944,to_in_007,0
2024,나나917944,to_in_008,0
2024,나나917945,to_in_001,8
2024,나나917945,to_in_007,5
2024,나나917945,to_in_008,0
2024,나나917946,to_in_001,18
2024,나나917946,to_in_007,8
2024,나나917946,to_in_008,8
2024,나나920743,to_in_001,8
2024,나나920743,to_in_007,8
2024,나나920743,to_in_008,8
2024,나나920754,to_in_001,5
2024,나나920754,to_in_007,0
2024,나나920754,to_in_008,0
2024,나나920785,to_in_001,5
2024,나나920785,to_in_007,5
2024,나나920785,to_in_008,0
2024,나나909867,to_in_007,5
2024,나나909867,to_in_008,0
2024,나나909884,to_in_001,0
2024,나나909884,to_in_007,0
2024,나나909884,to_in_008,0
2024,나나909892,to_in_001,13
2024,나나909892,to_in_007,8
2024,나나909892,to_in_008,8
2024,나나909896,to_in_001,0
2024,나나909896,to_in_007,0
2024,나나909896,to_in_008,0
2024,나나909923,to_in_001,0
2024,나나909923,to_in_007,0
2024,나나909923,to_in_008,0
2024,나나909924,to_in_001,5
2024,나나909924,to_in_007,0
2024,나나909924,to_in_008,0
2024,나나909938,to_in_001,5
2024,나나909938,to_in_007,0
2024,나나909938,to_in_008,0
2024,나나909940,to_in_001,8
2024,나나909940,to_in_007,8
2024,나나909940,to_in_008,0
2024,나나909941,to_in_001,8
2024,나나909941,to_in_007,5
2024,나나909941,to_in_008,5
2024,나나909944,to_in_001,23
2024,나나909944,to_in_007,18
2024,나나909944,to_in_008,8
2024,나나909945,to_in_001,8
2024,나나909945,to_in_007,5
2024,나나909945,to_in_008,5
2024,나나909946,to_in_001,8
2024,나나909946,to_in_007,8
2024,나나909946,to_in_008,5
2024,나나909947,to_in_001,5
2024,나나909947,to_in_007,5
2024,나나909947,to_in_008,0
2024,나나909949,to_in_001,23
2024,나나909949,to_in_007,13
2024,나나909949,to_in_008,13
2024,나나909950,to_in_001,13
2024,나나909950,to_in_007,5
2024,나나909950,to_in_008,8
2024,나나909960,to_in_001,8
2024,나나909960,to_in_007,5
2024,나나909960,to_in_008,5
2024,나나909961,to_in_001,8
2024,나나909961,to_in_007,8
2024,나나909961,to_in_008,0
2024,나나909963,to_in_001,5
2024,나나909963,to_in_007,5
2024,나나909963,to_in_008,0
2024,나나909973,to_in_001,5
2024,나나909973,to_in_007,5
2024,나나909973,to_in_008,5
2024,나나909974,to_in_001,8
2024,나나909974,to_in_007,5
2024,나나909974,to_in_008,5
2024,나나909975,to_in_001,51
2024,나나909975,to_in_007,25
2024,나나909975,to_in_008,24
2024,나나909976,to_in_001,5
2024,나나909976,to_in_007,0
2024,나나909976,to_in_008,5
2024,나나909977,to_in_001,5
2024,나나909977,to_in_007,5
2024,나나909977,to_in_008,0
2024,나나910731,to_in_001,5
2024,나나910731,to_in_007,5
2024,나나910731,to_in_008,0
2024,나나910732,to_in_001,5
2024,나나910732,to_in_007,5
2024,나나910732,to_in_008,0
2024,나나910733,to_in_001,13
2024,나나910733,to_in_007,8
2024,나나910733,to_in_008,8
2024,나나910734,to_in_001,58
2024,나나910734,to_in_007,23
2024,나나910734,to_in_008,33
2024,나나910735,to_in_001,13
2024,나나910735,to_in_007,8
2024,나나910735,to_in_008,8
2024,나나910736,to_in_001,108
2024,나나910736,to_in_007,62
2024,나나910736,to_in_008,49
2024,나나910737,to_in_001,93
2024,나나910737,to_in_007,36
2024,나나910737,to_in_008,55
2024,나나910739,to_in_001,13
2024,나나910739,to_in_007,8
2024,나나910739,to_in_008,8
2024,나나910740,to_in_001,5
2024,나나910740,to_in_007,5
2024,나나910740,to_in_008,0
2024,나나910775,to_in_001,0
2024,나나910775,to_in_007,0
2024,나나910775,to_in_008,0
2024,나나910776,to_in_001,5
2024,나나910776,to_in_007,5
2024,나나910776,to_in_008,5
2024,나나910778,to_in_001,5
2024,나나910778,to_in_007,0
2024,나나910778,to_in_008,0
2024,나나914859,to_in_001,5
2024,나나914859,to_in_007,5
2024,나나914859,to_in_008,5
2024,나나914915,to_in_001,5
2024,나나914915,to_in_007,0
2024,나나914915,to_in_008,5
2024,나나914917,to_in_001,5
2024,나나914917,to_in_007,0
2024,나나914917,to_in_008,0
2024,나나914919,to_in_001,5
2024,나나914919,to_in_007,5
2024,나나914919,to_in_008,0
2024,나나914920,to_in_001,8
2024,나나914920,to_in_007,5
2024,나나914920,to_in_008,0
2024,나나914921,to_in_001,8
2024,나나914921,to_in_007,5
2024,나나914921,to_in_008,8
2024,나나914922,to_in_001,5
2024,나나914922,to_in_007,5
2024,나나914922,to_in_008,0
2024,나나914928,to_in_001,8
2024,나나914928,to_in_007,5
2024,나나914928,to_in_008,8
2024,나나914929,to_in_001,18
2024,나나914929,to_in_007,8
2024,나나914929,to_in_008,8
2024,나나914931,to_in_001,8
2024,나나914931,to_in_007,5
2024,나나914931,to_in_008,5
2024,나나914941,to_in_001,5
2024,나나914941,to_in_007,0
2024,나나914941,to_in_008,5
2024,나나914944,to_in_001,23
2024,나나914944,to_in_007,13
2024,나나914944,to_in_008,8
2024,나나914945,to_in_001,13
2024,나나914945,to_in_007,8
2024,나나914945,to_in_008,8
2024,나나914946,to_in_001,13
2024,나나914946,to_in_007,8
2024,나나914946,to_in_008,8
2024,나나914947,to_in_001,13
2024,나나914947,to_in_007,8
2024,나나914947,to_in_008,5
2024,나나914948,to_in_001,8
2024,나나914948,to_in_007,5
2024,나나914948,to_in_008,5
2024,나나914949,to_in_001,5
2024,나나914949,to_in_007,5
2024,나나914949,to_in_008,0
2024,나나914950,to_in_001,8
2024,나나914950,to_in_007,5
2024,나나914950,to_in_008,5
2024,나나914953,to_in_001,8
2024,나나914953,to_in_007,5
2024,나나914953,to_in_008,5
2024,나나914954,to_in_001,0
2024,나나914954,to_in_007,0
2024,나나914954,to_in_008,0
2024,나나914957,to_in_001,8
2024,나나914957,to_in_007,8
2024,나나914957,to_in_008,0
2024,나나914958,to_in_001,5
2024,나나914958,to_in_007,0
2024,나나914958,to_in_008,0
2024,나나914959,to_in_001,8
2024,나나914959,to_in_007,5
2024,나나914959,to_in_008,5
2024,나나914963,to_in_001,5
2024,나나914963,to_in_007,5
2024,나나914963,to_in_008,5
2024,나나914968,to_in_001,18
2024,나나914968,to_in_007,8
2024,나나914968,to_in_008,13
2024,나나914978,to_in_001,5
2024,나나914978,to_in_007,0
2024,나나914978,to_in_008,0
2024,나나914979,to_in_001,13
2024,나나914979,to_in_007,8
2024,나나914979,to_in_008,5
2024,나나914980,to_in_001,8
2024,나나914980,to_in_007,8
2024,나나914980,to_in_008,0
2024,나나915726,to_in_001,8
2024,나나915726,to_in_007,8
2024,나나915726,to_in_008,5
2024,나나915727,to_in_001,5
2024,나나915727,to_in_007,5
2024,나나915727,to_in_008,5
2024,나나915728,to_in_001,13
2024,나나915728,to_in_007,5
2024,나나915728,to_in_008,8
2024,나나915729,to_in_001,8
2024,나나915729,to_in_007,8
2024,나나915729,to_in_008,8
2024,나나915730,to_in_001,69
2024,나나915730,to_in_007,39
2024,나나915730,to_in_008,33
2024,나나915731,to_in_001,18
2024,나나915731,to_in_007,8
2024,나나915731,to_in_008,13
2024,나나915732,to_in_001,23
2024,나나915732,to_in_007,13
2024,나나915732,to_in_008,13
2024,나나915733,to_in_001,23
2024,나나915733,to_in_007,13
2024,나나915733,to_in_008,13
2024,나나915734,to_in_001,62
2024,나나915734,to_in_007,32
2024,나나915734,to_in_008,28
2024,나나915735,to_in_001,23
2024,나나915735,to_in_007,18
2024,나나915735,to_in_008,8
2024,나나915736,to_in_001,28
2024,나나915736,to_in_007,13
2024,나나915736,to_in_008,18
2024,나나915737,to_in_001,39
2024,나나915737,to_in_007,24
2024,나나915737,to_in_008,13
2024,나나915739,to_in_001,8
2024,나나915739,to_in_007,5
2024,나나915739,to_in_008,5
2024,나나915740,to_in_001,5
2024,나나915740,to_in_007,5
2024,나나915740,to_in_008,0
2024,나나915743,to_in_001,5
2024,나나915743,to_in_007,5
2024,나나915743,to_in_008,5
2024,나나915744,to_in_001,5
2024,나나915744,to_in_007,5
2024,나나915744,to_in_008,5
2024,나나918905,to_in_001,18
2024,나나918905,to_in_007,8
2024,나나918905,to_in_008,13
2024,나나918906,to_in_001,8
2024,나나918906,to_in_007,5
2024,나나918906,to_in_008,5
2024,나나918907,to_in_001,18
2024,나나918907,to_in_007,8
2024,나나918907,to_in_008,8
2024,나나918910,to_in_001,5
2024,나나918910,to_in_007,0
2024,나나918910,to_in_008,5
2024,나나918911,to_in_001,5
2024,나나918911,to_in_007,0
2024,나나918911,to_in_008,0
2024,나나918934,to_in_001,8
2024,나나918934,to_in_007,5
2024,나나918934,to_in_008,5
2024,나나918937,to_in_001,5
2024,나나918937,to_in_007,0
2024,나나918937,to_in_008,0
2024,나나918943,to_in_001,8
2024,나나918943,to_in_007,8
2024,나나918943,to_in_008,8
2024,나나918946,to_in_001,5
2024,나나918946,to_in_007,0
2024,나나918946,to_in_008,5
2024,나나918953,to_in_001,5
2024,나나918953,to_in_007,5
2024,나나918953,to_in_008,0
2024,나나918970,to_in_001,5
2024,나나918970,to_in_007,0
2024,나나918970,to_in_008,5
2024,나나918971,to_in_001,5
2024,나나918971,to_in_007,5
2024,나나918971,to_in_008,5
2024,나나918973,to_in_001,23
2024,나나918973,to_in_007,13
2024,나나918973,to_in_008,13
2024,나나918974,to_in_001,28
2024,나나918974,to_in_007,18
2024,나나918974,to_in_008,13
2024,나나918975,to_in_001,18
2024,나나918975,to_in_007,8
2024,나나918975,to_in_008,8
2024,나나918976,to_in_001,18
2024,나나918976,to_in_007,8
2024,나나918976,to_in_008,8
2024,나나918977,to_in_001,53
2024,나나918977,to_in_007,28
2024,나나918977,to_in_008,23
2024,나나918978,to_in_001,23
2024,나나918978,to_in_007,13
2024,나나918978,to_in_008,8
2024,나나919732,to_in_001,5
2024,나나919732,to_in_007,5
2024,나나919732,to_in_008,0
2024,나나920786,to_in_001,0
2024,나나920786,to_in_007,0
2024,나나920786,to_in_008,0
2024,나나920800,to_in_001,5
2024,나나920800,to_in_007,0
2024,나나920800,to_in_008,5
2024,나나920801,to_in_001,5
2024,나나920801,to_in_007,5
2024,나나920801,to_in_008,0
2024,나나920803,to_in_001,5
2024,나나920803,to_in_007,0
2024,나나920803,to_in_008,0
2024,나나920804,to_in_001,8
2024,나나920804,to_in_007,5
2024,나나920804,to_in_008,5
2024,나나920805,to_in_001,18
2024,나나920805,to_in_007,13
2024,나나920805,to_in_008,8
2024,나나920806,to_in_001,13
2024,나나920806,to_in_007,5
2024,나나920806,to_in_008,8
2024,나나920807,to_in_001,18
2024,나나920807,to_in_007,8
2024,나나920807,to_in_008,8
2024,나나920810,to_in_001,8
2024,나나920810,to_in_007,5
2024,나나920810,to_in_008,8
2024,나나920811,to_in_001,8
2024,나나920811,to_in_007,5
2024,나나920811,to_in_008,5
2024,나나920880,to_in_001,5
2024,나나920880,to_in_007,0
2024,나나920880,to_in_008,5
2024,나나920881,to_in_001,5
2024,나나920881,to_in_007,0
2024,나나920881,to_in_008,5
2024,나나920900,to_in_001,38
2024,나나920900,to_in_007,13
2024,나나920900,to_in_008,23
2024,나나920901,to_in_001,5
2024,나나920901,to_in_007,5
2024,나나920901,to_in_008,5
2024,나나920904,to_in_001,0
2024,나나920904,to_in_007,0
2024,나나920904,to_in_008,0
2024,나나920905,to_in_001,5
2024,나나920905,to_in_007,5
2024,나나920905,to_in_008,0
2024,나나920906,to_in_001,5
2024,나나920906,to_in_007,0
2024,나나920906,to_in_008,0
2024,나나920907,to_in_001,0
2024,나나920907,to_in_007,0
2024,나나920907,to_in_008,0
2024,나나920909,to_in_001,0
2024,나나920909,to_in_007,0
2024,나나920909,to_in_008,0
2024,나나920914,to_in_001,5
2024,나나920914,to_in_007,0
2024,나나920914,to_in_008,0
2024,나나920926,to_in_001,0
2024,나나920926,to_in_007,0
2024,나나920926,to_in_008,0
2024,나나920930,to_in_001,5
2024,나나920930,to_in_007,0
2024,나나920930,to_in_008,0
2024,나나920931,to_in_001,8
2024,나나920931,to_in_007,5
2024,나나920931,to_in_008,8
2024,나나920940,to_in_001,5
2024,나나920940,to_in_007,0
2024,나나920940,to_in_008,0
2024,나나920946,to_in_001,5
2024,나나920946,to_in_007,0
2024,나나920946,to_in_008,5
2024,나나920950,to_in_001,5
2024,나나920950,to_in_007,5
2024,나나920950,to_in_008,0
2024,나나920951,to_in_001,5
2024,나나920951,to_in_007,0
2024,나나920951,to_in_008,0
2024,나나920955,to_in_001,13
2024,나나920955,to_in_007,8
2024,나나920955,to_in_008,5
2024,나나924958,to_in_001,18
2024,나나924958,to_in_007,8
2024,나나924958,to_in_008,8
2024,나나924959,to_in_001,18
2024,나나924959,to_in_007,8
2024,나나924959,to_in_008,8
2024,나나924960,to_in_001,8
2024,나나924960,to_in_007,8
2024,나나924960,to_in_008,8
2024,나나924961,to_in_001,8
2024,나나924961,to_in_007,5
2024,나나924961,to_in_008,5
2024,나나924962,to_in_001,5
2024,나나924962,to_in_007,5
2024,나나924962,to_in_008,5
2024,나나924973,to_in_001,5
2024,나나924973,to_in_007,5
2024,나나924973,to_in_008,0
2024,나나924979,to_in_001,8
2024,나나924979,to_in_007,8
2024,나나924979,to_in_008,5
2024,나나924980,to_in_001,0
2024,나나924980,to_in_007,0
2024,나나924980,to_in_008,0
2024,나나924981,to_in_001,0
2024,나나924981,to_in_007,0
2024,나나924981,to_in_008,0
2024,나나925744,to_in_001,5
2024,나나925744,to_in_007,5
2024,나나925744,to_in_008,5
2024,나나925750,to_in_001,0
2024,나나925750,to_in_007,0
2024,나나925750,to_in_008,0
2024,나나925752,to_in_001,8
2024,나나925752,to_in_007,8
2024,나나925752,to_in_008,5
2024,나나925753,to_in_001,5
2024,나나925753,to_in_007,5
2024,나나925753,to_in_008,0
2024,나나925786,to_in_001,13
2024,나나925786,to_in_007,5
2024,나나925786,to_in_008,8
2024,나나925797,to_in_001,8
2024,나나925797,to_in_007,5
2024,나나925797,to_in_008,5
2024,나나925798,to_in_001,28
2024,나나925798,to_in_007,8
2024,나나925798,to_in_008,18
2024,나나925804,to_in_001,5
2024,나나925804,to_in_007,5
2024,나나925804,to_in_008,5
2024,나나925900,to_in_001,5
2024,나나925900,to_in_007,5
2024,나나925900,to_in_008,0
2024,나나925904,to_in_001,8
2024,나나925904,to_in_007,8
2024,나나925904,to_in_008,0
2024,나나925929,to_in_001,5
2024,나나925929,to_in_007,5
2024,나나925929,to_in_008,0
2024,나나925930,to_in_001,5
2024,나나925930,to_in_007,0
2024,나나925930,to_in_008,5
2024,나나925933,to_in_001,0
2024,나나925933,to_in_007,0
2024,나나925933,to_in_008,0
2024,나나925935,to_in_001,18
2024,나나925935,to_in_007,8
2024,나나925935,to_in_008,13
2024,나나925944,to_in_001,5
2024,나나925944,to_in_007,0
2024,나나925944,to_in_008,5
2024,나나925953,to_in_001,8
2024,나나925953,to_in_007,5
2024,나나925953,to_in_008,5
2024,나나925954,to_in_001,5
2024,나나925954,to_in_007,5
2024,나나925954,to_in_008,0
2024,나나925957,to_in_001,5
2024,나나925957,to_in_007,5
2024,나나925957,to_in_008,0
2024,나나925958,to_in_001,18
2024,나나925958,to_in_007,8
2024,나나925958,to_in_008,8
2024,나나927752,to_in_001,8
2024,나나927752,to_in_007,5
2024,나나927752,to_in_008,8
2024,나나927754,to_in_001,5
2024,나나927754,to_in_007,5
2024,나나927754,to_in_008,5
2024,나나927769,to_in_001,5
2024,나나927769,to_in_007,5
2024,나나927769,to_in_008,5
2024,나나927773,to_in_001,8
2024,나나927773,to_in_007,5
2024,나나927773,to_in_008,5
2024,나나927949,to_in_001,0
2024,나나927949,to_in_007,0
2024,나나927949,to_in_008,0
2024,나나927955,to_in_001,5
2024,나나927955,to_in_007,0
2024,나나927955,to_in_008,5
2024,나나927958,to_in_001,5
2024,나나927958,to_in_007,5
2024,나나927958,to_in_008,5
2024,나나927959,to_in_001,5
2024,나나927959,to_in_007,5
2024,나나927959,to_in_008,5
2024,나나927960,to_in_001,13
2024,나나927960,to_in_007,8
2024,나나927960,to_in_008,8
2024,나나927961,to_in_001,5
2024,나나927961,to_in_007,5
2024,나나927961,to_in_008,0
2024,나나927967,to_in_001,8
2024,나나927967,to_in_007,5
2024,나나927967,to_in_008,5
2024,나나927973,to_in_001,5
2024,나나927973,to_in_007,5
2024,나나927973,to_in_008,5
2024,나나927978,to_in_001,8
2024,나나927978,to_in_007,5
2024,나나927978,to_in_008,5
2024,나나928742,to_in_001,8
2024,나나928742,to_in_007,5
2024,나나928742,to_in_008,5
2024,나나928744,to_in_001,23
2024,나나928744,to_in_007,8
2024,나나928744,to_in_008,18
2024,나나928745,to_in_001,13
2024,나나928745,to_in_007,8
2024,나나928745,to_in_008,8
2024,나나928746,to_in_001,8
2024,나나928746,to_in_007,5
2024,나나928746,to_in_008,5
2024,나나928747,to_in_001,5
2024,나나928747,to_in_007,0
2024,나나928747,to_in_008,0
2024,나나928749,to_in_001,5
2024,나나928749,to_in_007,5
2024,나나928749,to_in_008,5
2024,나나928750,to_in_001,8
2024,나나928750,to_in_007,5
2024,나나928750,to_in_008,5
2024,나나928751,to_in_001,5
2024,나나928751,to_in_007,5
2024,나나928751,to_in_008,5
2024,나나928752,to_in_001,23
2024,나나928752,to_in_007,8
2024,나나928752,to_in_008,13
2024,나나928774,to_in_001,5
2024,나나928774,to_in_007,0
2024,나나928774,to_in_008,0
2024,나나928803,to_in_001,8
2024,나나928803,to_in_007,5
2024,나나906741,to_in_008,13
2024,나나906742,to_in_001,8
2024,나나906742,to_in_007,5
2024,나나906742,to_in_008,5
2024,나나906777,to_in_001,0
2024,나나906777,to_in_007,0
2024,나나906777,to_in_008,0
2024,나나906778,to_in_001,8
2024,나나906778,to_in_007,5
2024,나나906778,to_in_008,5
2024,나나906779,to_in_001,8
2024,나나906779,to_in_007,5
2024,나나906779,to_in_008,8
2024,나나906781,to_in_001,18
2024,나나906781,to_in_007,5
2024,나나906781,to_in_008,13
2024,나나906782,to_in_001,5
2024,나나906782,to_in_007,5
2024,나나906782,to_in_008,0
2024,나나906846,to_in_001,8
2024,나나906846,to_in_007,5
2024,나나906846,to_in_008,8
2024,나나906897,to_in_001,5
2024,나나906897,to_in_007,5
2024,나나906897,to_in_008,0
2024,나나906924,to_in_001,8
2024,나나906924,to_in_007,5
2024,나나906924,to_in_008,5
2024,나나906925,to_in_001,5
2024,나나906925,to_in_007,5
2024,나나906925,to_in_008,5
2024,나나906932,to_in_001,8
2024,나나906932,to_in_007,8
2024,나나906932,to_in_008,8
2024,나나906933,to_in_001,5
2024,나나906933,to_in_007,5
2024,나나906933,to_in_008,0
2024,나나906936,to_in_001,5
2024,나나906936,to_in_007,0
2024,나나906936,to_in_008,0
2024,나나906941,to_in_001,5
2024,나나906941,to_in_007,5
2024,나나906941,to_in_008,0
2024,나나906942,to_in_001,5
2024,나나906942,to_in_007,5
2024,나나906942,to_in_008,0
2024,나나906949,to_in_001,5
2024,나나906949,to_in_007,5
2024,나나906949,to_in_008,0
2024,나나906950,to_in_001,13
2024,나나906950,to_in_007,5
2024,나나906950,to_in_008,8
2024,나나906971,to_in_001,5
2024,나나906971,to_in_007,0
2024,나나906971,to_in_008,0
2024,나나906972,to_in_001,5
2024,나나906972,to_in_007,5
2024,나나906972,to_in_008,0
2024,나나906975,to_in_001,189
2024,나나906975,to_in_007,107
2024,나나906975,to_in_008,85
2024,나나906977,to_in_001,13
2024,나나906977,to_in_007,8
2024,나나906977,to_in_008,8
2024,나나907730,to_in_001,8
2024,나나907730,to_in_007,8
2024,나나907730,to_in_008,5
2024,나나907731,to_in_001,8
2024,나나907731,to_in_007,5
2024,나나907731,to_in_008,5
2024,나나907733,to_in_001,23
2024,나나907733,to_in_007,8
2024,나나907733,to_in_008,13
2024,나나907734,to_in_001,23
2024,나나907734,to_in_007,13
2024,나나907734,to_in_008,8
2024,나나907740,to_in_001,8
2024,나나907740,to_in_007,8
2024,나나907740,to_in_008,0
2024,나나907741,to_in_001,48
2024,나나907741,to_in_007,28
2024,나나907741,to_in_008,18
2024,나나907742,to_in_001,28
2024,나나907742,to_in_007,13
2024,나나907742,to_in_008,13
2024,나나907743,to_in_001,13
2024,나나907743,to_in_007,8
2024,나나907743,to_in_008,8
2024,나나912945,to_in_001,13
2024,나나912945,to_in_007,5
2024,나나912945,to_in_008,8
2024,나나912946,to_in_001,8
2024,나나912946,to_in_007,5
2024,나나912946,to_in_008,5
2024,나나912947,to_in_001,48
2024,나나912947,to_in_007,26
2024,나나912947,to_in_008,25
2024,나나912948,to_in_001,5
2024,나나912948,to_in_007,5
2024,나나912948,to_in_008,5
2024,나나912949,to_in_001,8
2024,나나912949,to_in_007,5
2024,나나912949,to_in_008,5
2024,나나912950,to_in_001,8
2024,나나912950,to_in_007,5
2024,나나912950,to_in_008,5
2024,나나912951,to_in_001,5
2024,나나912951,to_in_007,0
2024,나나912951,to_in_008,0
2024,나나912952,to_in_001,5
2024,나나912952,to_in_007,0
2024,나나912952,to_in_008,0
2024,나나912954,to_in_001,8
2024,나나912954,to_in_007,5
2024,나나912954,to_in_008,5
2024,나나912956,to_in_001,5
2024,나나912956,to_in_007,0
2024,나나912956,to_in_008,0
2024,나나912964,to_in_001,0
2024,나나912964,to_in_007,0
2024,나나912964,to_in_008,0
2024,나나912967,to_in_001,5
2024,나나912967,to_in_007,0
2024,나나912967,to_in_008,0
2024,나나912969,to_in_001,23
2024,나나912969,to_in_007,13
2024,나나912969,to_in_008,8
2024,나나912973,to_in_001,8
2024,나나912973,to_in_007,8
2024,나나912973,to_in_008,5
2024,나나912975,to_in_001,5
2024,나나912975,to_in_007,5
2024,나나912975,to_in_008,5
2024,나나913727,to_in_001,5
2024,나나913727,to_in_007,5
2024,나나913727,to_in_008,0
2024,나나913728,to_in_001,13
2024,나나913728,to_in_007,8
2024,나나913728,to_in_008,5
2024,나나913729,to_in_001,28
2024,나나913729,to_in_007,8
2024,나나913729,to_in_008,18
2024,나나913731,to_in_001,28
2024,나나913731,to_in_007,13
2024,나나913731,to_in_008,13
2024,나나913733,to_in_001,5
2024,나나913733,to_in_007,0
2024,나나913733,to_in_008,5
2024,나나913734,to_in_001,8
2024,나나913734,to_in_007,5
2024,나나913734,to_in_008,5
2024,나나913735,to_in_001,18
2024,나나913735,to_in_007,8
2024,나나913735,to_in_008,8
2024,나나913736,to_in_001,18
2024,나나913736,to_in_007,8
2024,나나913736,to_in_008,8
2024,나나913737,to_in_001,150
2024,나나913737,to_in_007,69
2024,나나913737,to_in_008,79
2024,나나913738,to_in_001,8
2024,나나913738,to_in_007,5
2024,나나913738,to_in_008,5
2024,나나913739,to_in_001,5
2024,나나913739,to_in_007,5
2024,나나913739,to_in_008,0
2024,나나913740,to_in_001,13
2024,나나913740,to_in_007,8
2024,나나913740,to_in_008,8
2024,나나913741,to_in_001,5
2024,나나913741,to_in_007,5
2024,나나913741,to_in_008,5
2024,나나913742,to_in_001,13
2024,나나913742,to_in_007,8
2024,나나913742,to_in_008,5
2024,나나913743,to_in_001,8
2024,나나913743,to_in_007,0
2024,나나913743,to_in_008,8
2024,나나913745,to_in_001,35
2024,나나913745,to_in_007,13
2024,나나913745,to_in_008,20
2024,나나913746,to_in_001,18
2024,나나913746,to_in_007,8
2024,나나913746,to_in_008,8
2024,나나913776,to_in_001,8
2024,나나913776,to_in_007,8
2024,나나913776,to_in_008,0
2024,나나913777,to_in_001,5
2024,나나913777,to_in_007,0
2024,나나913777,to_in_008,0
2024,나나913778,to_in_001,13
2024,나나913778,to_in_007,8
2024,나나913778,to_in_008,5
2024,나나913790,to_in_001,0
2024,나나913790,to_in_007,0
2024,나나913790,to_in_008,0
2024,나나913804,to_in_001,33
2024,나나913804,to_in_007,13
2024,나나913804,to_in_008,18
2024,나나913887,to_in_001,5
2024,나나913887,to_in_007,5
2024,나나913887,to_in_008,5
2024,나나913889,to_in_001,18
2024,나나913889,to_in_007,8
2024,나나913889,to_in_008,8
2024,나나913892,to_in_001,5
2024,나나913892,to_in_007,5
2024,나나913892,to_in_008,0
2024,나나913921,to_in_001,5
2024,나나913921,to_in_007,5
2024,나나913921,to_in_008,5
2024,나나913922,to_in_001,5
2024,나나913922,to_in_007,5
2024,나나913922,to_in_008,0
2024,나나920956,to_in_001,5
2024,나나920956,to_in_007,5
2024,나나920956,to_in_008,5
2024,나나920957,to_in_001,8
2024,나나920957,to_in_007,5
2024,나나920957,to_in_008,5
2024,나나920958,to_in_001,8
2024,나나920958,to_in_007,8
2024,나나920958,to_in_008,5
2024,나나920961,to_in_001,13
2024,나나920961,to_in_007,5
2024,나나920961,to_in_008,8
2024,나나920974,to_in_001,43
2024,나나920974,to_in_007,28
2024,나나920974,to_in_008,18
2024,나나920975,to_in_001,72
2024,나나920975,to_in_007,52
2024,나나920975,to_in_008,18
2024,나나920976,to_in_001,33
2024,나나920976,to_in_007,18
2024,나나920976,to_in_008,13
2024,나나920977,to_in_001,23
2024,나나920977,to_in_007,13
2024,나나920977,to_in_008,13
2024,나나920978,to_in_001,8
2024,나나920978,to_in_007,5
2024,나나920978,to_in_008,0
2024,나나920979,to_in_001,0
2024,나나920979,to_in_007,0
2024,나나920979,to_in_008,0
2024,나나921738,to_in_001,5
2024,나나921738,to_in_007,0
2024,나나921738,to_in_008,0
2024,나나921741,to_in_001,8
2024,나나921741,to_in_007,5
2024,나나921741,to_in_008,8
2024,나나921743,to_in_001,0
2024,나나921743,to_in_007,0
2024,나나921743,to_in_008,0
2024,나나921754,to_in_001,0
2024,나나921754,to_in_007,0
2024,나나921754,to_in_008,0
2024,나나921804,to_in_001,5
2024,나나921804,to_in_007,5
2024,나나921804,to_in_008,0
2024,나나921807,to_in_001,8
2024,나나921807,to_in_007,5
2024,나나921807,to_in_008,5
2024,나나921810,to_in_001,18
2024,나나921810,to_in_007,8
2024,나나921810,to_in_008,13
2024,나나921811,to_in_001,8
2024,나나921811,to_in_007,8
2024,나나921811,to_in_008,5
2024,나나921899,to_in_001,18
2024,나나921899,to_in_007,8
2024,나나921899,to_in_008,13
2024,나나921900,to_in_001,18
2024,나나921900,to_in_007,8
2024,나나921900,to_in_008,8
2024,나나921901,to_in_001,5
2024,나나921901,to_in_007,0
2024,나나921901,to_in_008,5
2024,나나921903,to_in_001,5
2024,나나921903,to_in_007,5
2024,나나921903,to_in_008,5
2024,나나921926,to_in_001,8
2024,나나921926,to_in_007,5
2024,나나921926,to_in_008,5
2024,나나921931,to_in_001,0
2024,나나921931,to_in_007,0
2024,나나921931,to_in_008,0
2024,나나921946,to_in_001,5
2024,나나921946,to_in_007,5
2024,나나921946,to_in_008,0
2024,나나921949,to_in_001,5
2024,나나921949,to_in_007,0
2024,나나921949,to_in_008,5
2024,나나921957,to_in_001,0
2024,나나928803,to_in_008,5
2024,나나928804,to_in_001,5
2024,나나928804,to_in_007,5
2024,나나928804,to_in_008,0
2024,나나928806,to_in_001,5
2024,나나928806,to_in_007,0
2024,나나928806,to_in_008,0
2024,나나928810,to_in_001,0
2024,나나928810,to_in_007,0
2024,나나928810,to_in_008,0
2024,나나928937,to_in_001,8
2024,나나928937,to_in_007,8
2024,나나928937,to_in_008,5
2024,나나928952,to_in_001,5
2024,나나928952,to_in_007,0
2024,나나928952,to_in_008,0
2024,나나928958,to_in_001,5
2024,나나928958,to_in_007,5
2024,나나928958,to_in_008,0
2024,나나931980,to_in_001,38
2024,나나931980,to_in_007,23
2024,나나931980,to_in_008,13
2024,나나931982,to_in_001,13
2024,나나931982,to_in_007,8
2024,나나931982,to_in_008,8
2024,나나931983,to_in_001,8
2024,나나931983,to_in_007,5
2024,나나931983,to_in_008,5
2024,나나931984,to_in_001,8
2024,나나931984,to_in_007,5
2024,나나931984,to_in_008,5
2024,나나932734,to_in_001,5
2024,나나932734,to_in_007,5
2024,나나932734,to_in_008,0
2024,나나932736,to_in_001,8
2024,나나932736,to_in_007,5
2024,나나932736,to_in_008,5
2024,나나932745,to_in_001,5
2024,나나932745,to_in_007,5
2024,나나932745,to_in_008,0
2024,나나932746,to_in_001,8
2024,나나932746,to_in_007,5
2024,나나932746,to_in_008,5
2024,나나932747,to_in_001,5
2024,나나932747,to_in_007,0
2024,나나932747,to_in_008,5
2024,나나932748,to_in_001,13
2024,나나932748,to_in_007,5
2024,나나932748,to_in_008,8
2024,나나932749,to_in_001,48
2024,나나932749,to_in_007,28
2024,나나932749,to_in_008,18
2024,나나932767,to_in_001,5
2024,나나932767,to_in_007,5
2024,나나932767,to_in_008,5
2024,나나932775,to_in_001,5
2024,나나932775,to_in_007,0
2024,나나932775,to_in_008,5
2024,나나932806,to_in_001,5
2024,나나932806,to_in_007,5
2024,나나932806,to_in_008,5
2024,나나932841,to_in_001,28
2024,나나932841,to_in_007,18
2024,나나932841,to_in_008,8
2024,나나932896,to_in_001,5
2024,나나932896,to_in_007,0
2024,나나932896,to_in_008,0
2024,나나932916,to_in_001,5
2024,나나932916,to_in_007,5
2024,나나932916,to_in_008,0
2024,나나932943,to_in_001,0
2024,나나932943,to_in_007,0
2024,나나932943,to_in_008,0
2024,나나932956,to_in_001,5
2024,나나932956,to_in_007,0
2024,나나932956,to_in_008,0
2024,나나932957,to_in_001,23
2024,나나932957,to_in_007,13
2024,나나932957,to_in_008,13
2024,나나932958,to_in_001,8
2024,나나932958,to_in_007,5
2024,나나932958,to_in_008,5
2024,나나932959,to_in_001,5
2024,나나932959,to_in_007,0
2024,나나932959,to_in_008,5
2024,나나932965,to_in_001,0
2024,나나932965,to_in_007,0
2024,나나932965,to_in_008,0
2024,나나932966,to_in_001,13
2024,나나932966,to_in_007,8
2024,나나932966,to_in_008,5
2024,나나932967,to_in_001,18
2024,나나932967,to_in_007,8
2024,나나932967,to_in_008,8
2024,나나932968,to_in_001,23
2024,나나932968,to_in_007,8
2024,나나932968,to_in_008,13
2024,나나932975,to_in_001,5
2024,나나932975,to_in_007,5
2024,나나932975,to_in_008,0
2024,나나932977,to_in_001,5
2024,나나932977,to_in_007,0
2024,나나932977,to_in_008,0
2024,나나935936,to_in_001,0
2024,나나935936,to_in_007,0
2024,나나935936,to_in_008,0
2024,나나935953,to_in_001,5
2024,나나935953,to_in_007,0
2024,나나935953,to_in_008,0
2024,나나935961,to_in_001,5
2024,나나935961,to_in_007,5
2024,나나935961,to_in_008,0
2024,나나935970,to_in_001,8
2024,나나935970,to_in_007,8
2024,나나935970,to_in_008,5
2024,나나935972,to_in_001,5
2024,나나935972,to_in_007,0
2024,나나935972,to_in_008,0
2024,나나935973,to_in_001,5
2024,나나935973,to_in_007,5
2024,나나935973,to_in_008,5
2024,나나935977,to_in_001,5
2024,나나935977,to_in_007,5
2024,나나935977,to_in_008,0
2024,나나935982,to_in_001,0
2024,나나935982,to_in_007,0
2024,나나935982,to_in_008,0
2024,나나935984,to_in_001,5
2024,나나935984,to_in_007,5
2024,나나935984,to_in_008,5
2024,나나935985,to_in_001,33
2024,나나935985,to_in_007,13
2024,나나935985,to_in_008,23
2024,나나935986,to_in_001,8
2024,나나935986,to_in_007,5
2024,나나935986,to_in_008,5
2024,나나935987,to_in_001,5
2024,나나935987,to_in_007,5
2024,나나935987,to_in_008,0
2024,나나935988,to_in_001,5
2024,나나935988,to_in_007,5
2024,나나935988,to_in_008,0
2024,나나935989,to_in_001,5
2024,나나935989,to_in_007,5
2024,나나935989,to_in_008,0
2024,나나936736,to_in_001,5
2024,나나936736,to_in_007,5
2024,나나936736,to_in_008,5
2024,나나917966,to_in_001,5
2024,나나917966,to_in_007,5
2024,나나917966,to_in_008,0
2024,나나917968,to_in_001,5
2024,나나917968,to_in_007,0
2024,나나917968,to_in_008,5
2024,나나917970,to_in_001,8
2024,나나917970,to_in_007,5
2024,나나917970,to_in_008,5
2024,나나917973,to_in_001,28
2024,나나917973,to_in_007,13
2024,나나917973,to_in_008,13
2024,나나917974,to_in_001,63
2024,나나917974,to_in_007,33
2024,나나917974,to_in_008,28
2024,나나917975,to_in_001,5
2024,나나917975,to_in_007,0
2024,나나917975,to_in_008,5
2024,나나917976,to_in_001,8
2024,나나917976,to_in_007,8
2024,나나917976,to_in_008,8
2024,나나917977,to_in_001,28
2024,나나917977,to_in_007,13
2024,나나917977,to_in_008,13
2024,나나918724,to_in_001,0
2024,나나918724,to_in_007,0
2024,나나918724,to_in_008,0
2024,나나918725,to_in_001,8
2024,나나918725,to_in_007,5
2024,나나918725,to_in_008,5
2024,나나918726,to_in_001,8
2024,나나918726,to_in_007,8
2024,나나918726,to_in_008,5
2024,나나918730,to_in_001,5
2024,나나918730,to_in_007,0
2024,나나918730,to_in_008,5
2024,나나918732,to_in_001,8
2024,나나918732,to_in_007,5
2024,나나918732,to_in_008,5
2024,나나918733,to_in_001,0
2024,나나918733,to_in_007,0
2024,나나918733,to_in_008,0
2024,나나918735,to_in_001,8
2024,나나918735,to_in_007,8
2024,나나918735,to_in_008,5
2024,나나918737,to_in_001,33
2024,나나918737,to_in_007,18
2024,나나918737,to_in_008,13
2024,나나918749,to_in_001,5
2024,나나918749,to_in_007,0
2024,나나918749,to_in_008,5
2024,나나918792,to_in_001,8
2024,나나918792,to_in_007,5
2024,나나918792,to_in_008,5
2024,나나918793,to_in_001,5
2024,나나918793,to_in_007,0
2024,나나918793,to_in_008,5
2024,나나918797,to_in_001,8
2024,나나918797,to_in_007,5
2024,나나918797,to_in_008,0
2024,나나918798,to_in_001,33
2024,나나918798,to_in_007,18
2024,나나918798,to_in_008,18
2024,나나918799,to_in_001,18
2024,나나918799,to_in_007,13
2024,나나918799,to_in_008,8
2024,나나918800,to_in_001,8
2024,나나918800,to_in_007,5
2024,나나918800,to_in_008,5
2024,나나918801,to_in_001,28
2024,나나918801,to_in_007,13
2024,나나918801,to_in_008,13
2024,나나918805,to_in_001,5
2024,나나918805,to_in_007,5
2024,나나918805,to_in_008,0
2024,나나918807,to_in_001,5
2024,나나918807,to_in_007,0
2024,나나918807,to_in_008,5
2024,나나918809,to_in_001,5
2024,나나918809,to_in_007,0
2024,나나918809,to_in_008,5
2024,나나918859,to_in_001,0
2024,나나918859,to_in_007,0
2024,나나918859,to_in_008,0
2024,나나918860,to_in_001,8
2024,나나918860,to_in_007,8
2024,나나918860,to_in_008,8
2024,나나918884,to_in_001,5
2024,나나918884,to_in_007,5
2024,나나918884,to_in_008,0
2024,나나918890,to_in_001,5
2024,나나918890,to_in_007,0
2024,나나918890,to_in_008,5
2024,나나918903,to_in_001,5
2024,나나918903,to_in_007,5
2024,나나918903,to_in_008,5
2024,나나918904,to_in_001,18
2024,나나918904,to_in_007,8
2024,나나918904,to_in_008,8
2024,나나921974,to_in_001,5
2024,나나921974,to_in_007,0
2024,나나921974,to_in_008,0
2024,나나921975,to_in_001,13
2024,나나921975,to_in_007,8
2024,나나921975,to_in_008,8
2024,나나921977,to_in_001,18
2024,나나921977,to_in_007,8
2024,나나921977,to_in_008,8
2024,나나921978,to_in_001,23
2024,나나921978,to_in_007,13
2024,나나921978,to_in_008,8
2024,나나921979,to_in_001,0
2024,나나921979,to_in_007,0
2024,나나921979,to_in_008,0
2024,나나922739,to_in_001,5
2024,나나922739,to_in_007,0
2024,나나922739,to_in_008,0
2024,나나922741,to_in_001,5
2024,나나922741,to_in_007,0
2024,나나922741,to_in_008,0
2024,나나922787,to_in_001,0
2024,나나922787,to_in_007,0
2024,나나922787,to_in_008,0
2024,나나922810,to_in_001,8
2024,나나922810,to_in_007,0
2024,나나922810,to_in_008,8
2024,나나922899,to_in_001,8
2024,나나922899,to_in_007,8
2024,나나922899,to_in_008,5
2024,나나922901,to_in_001,13
2024,나나922901,to_in_007,8
2024,나나922901,to_in_008,8
2024,나나922904,to_in_001,5
2024,나나922904,to_in_007,0
2024,나나922904,to_in_008,0
2024,나나922906,to_in_001,5
2024,나나922906,to_in_007,5
2024,나나922906,to_in_008,0
2024,나나922930,to_in_001,5
2024,나나922930,to_in_007,5
2024,나나922930,to_in_008,0
2024,나나922933,to_in_001,5
2024,나나922933,to_in_007,5
2024,나나922933,to_in_008,0
2024,나나922934,to_in_001,5
2024,나나922934,to_in_007,5
2024,나나922934,to_in_008,0
2024,나나922938,to_in_001,5
2024,나나922938,to_in_007,0
2024,나나922938,to_in_008,0
2024,나나922940,to_in_001,5
2024,나나922940,to_in_007,5
2024,나나922940,to_in_008,0
2024,나나922959,to_in_001,18
2024,나나922959,to_in_007,8
2024,나나922959,to_in_008,8
2024,나나922960,to_in_001,13
2024,나나922960,to_in_007,8
2024,나나922960,to_in_008,5
2024,나나922962,to_in_001,8
2024,나나922962,to_in_007,0
2024,나나922962,to_in_008,8
2024,나나922963,to_in_001,0
2024,나나922963,to_in_007,0
2024,나나922963,to_in_008,0
2024,나나922977,to_in_001,5
2024,나나922977,to_in_007,5
2024,나나922977,to_in_008,0
2024,나나922978,to_in_001,23
2024,나나922978,to_in_007,13
2024,나나922978,to_in_008,13
2024,나나922979,to_in_001,13
2024,나나922979,to_in_007,8
2024,나나922979,to_in_008,5
2024,나나922980,to_in_001,8
2024,나나922980,to_in_007,5
2024,나나922980,to_in_008,5
2024,나나922981,to_in_001,5
2024,나나922981,to_in_007,0
2024,나나922981,to_in_008,0
2024,나나923743,to_in_001,5
2024,나나923743,to_in_007,5
2024,나나923743,to_in_008,5
2024,나나923786,to_in_001,5
2024,나나923786,to_in_007,0
2024,나나923786,to_in_008,5
2024,나나928959,to_in_001,23
2024,나나928959,to_in_007,8
2024,나나928959,to_in_008,13
2024,나나928960,to_in_001,13
2024,나나928960,to_in_007,8
2024,나나928960,to_in_008,5
2024,나나928961,to_in_001,13
2024,나나928961,to_in_007,8
2024,나나928961,to_in_008,5
2024,나나928965,to_in_001,0
2024,나나928965,to_in_007,0
2024,나나928965,to_in_008,0
2024,나나928966,to_in_001,61
2024,나나928966,to_in_007,28
2024,나나928966,to_in_008,31
2024,나나928967,to_in_001,8
2024,나나928967,to_in_007,0
2024,나나928967,to_in_008,8
2024,나나928982,to_in_001,8
2024,나나928982,to_in_007,8
2024,나나928982,to_in_008,5
2024,나나928984,to_in_001,8
2024,나나928984,to_in_007,5
2024,나나928984,to_in_008,5
2024,나나929744,to_in_001,13
2024,나나929744,to_in_007,8
2024,나나929744,to_in_008,5
2024,나나929746,to_in_001,5
2024,나나929746,to_in_007,5
2024,나나929746,to_in_008,5
2024,나나929749,to_in_001,5
2024,나나929749,to_in_007,5
2024,나나929749,to_in_008,5
2024,나나929750,to_in_001,8
2024,나나929750,to_in_007,5
2024,나나929750,to_in_008,5
2024,나나929752,to_in_001,5
2024,나나929752,to_in_007,5
2024,나나929752,to_in_008,0
2024,나나929753,to_in_001,5
2024,나나929753,to_in_007,0
2024,나나929753,to_in_008,0
2024,나나929754,to_in_001,5
2024,나나929754,to_in_007,0
2024,나나929754,to_in_008,0
2024,나나929803,to_in_001,0
2024,나나929803,to_in_007,0
2024,나나929803,to_in_008,0
2024,나나929804,to_in_001,8
2024,나나929804,to_in_007,5
2024,나나929804,to_in_008,8
2024,나나929805,to_in_001,5
2024,나나929805,to_in_007,5
2024,나나929805,to_in_008,0
2024,나나929905,to_in_001,8
2024,나나929905,to_in_007,5
2024,나나929905,to_in_008,8
2024,나나929954,to_in_001,8
2024,나나929954,to_in_007,8
2024,나나929954,to_in_008,5
2024,나나929959,to_in_001,23
2024,나나929959,to_in_007,13
2024,나나929959,to_in_008,8
2024,나나929960,to_in_001,8
2024,나나929960,to_in_007,5
2024,나나929960,to_in_008,8
2024,나나929961,to_in_001,28
2024,나나929961,to_in_007,18
2024,나나929961,to_in_008,8
2024,나나929963,to_in_001,5
2024,나나929963,to_in_007,5
2024,나나929963,to_in_008,5
2024,나나929965,to_in_001,8
2024,나나929965,to_in_007,5
2024,나나929965,to_in_008,5
2024,나나929966,to_in_001,68
2024,나나929966,to_in_007,36
2024,나나929966,to_in_008,35
2024,나나929967,to_in_001,13
2024,나나929967,to_in_007,8
2024,나나929967,to_in_008,5
2024,나나929968,to_in_001,8
2024,나나929968,to_in_007,5
2024,나나929968,to_in_008,8
2024,나나929980,to_in_001,8
2024,나나929980,to_in_007,5
2024,나나929980,to_in_008,5
2024,나나929981,to_in_001,8
2024,나나929981,to_in_007,5
2024,나나929981,to_in_008,8
2024,나나929982,to_in_001,8
2024,나나929982,to_in_007,8
2024,나나929982,to_in_008,5
2024,나나934748,to_in_001,18
2024,나나934748,to_in_007,8
2024,나나934748,to_in_008,8
2024,나나934749,to_in_001,5
2024,나나934749,to_in_007,5
2024,나나934749,to_in_008,5
2024,나나934751,to_in_001,8
2024,나나934751,to_in_007,8
2024,나나934751,to_in_008,0
2024,나나934752,to_in_001,5
2024,나나934752,to_in_007,0
2024,나나934752,to_in_008,5
2024,나나934893,to_in_001,5
2024,나나934893,to_in_007,0
2024,나나916798,to_in_001,5
2024,나나916798,to_in_007,5
2024,나나916798,to_in_008,5
2024,나나916800,to_in_001,8
2024,나나916800,to_in_007,5
2024,나나916800,to_in_008,8
2024,나나916801,to_in_001,13
2024,나나916801,to_in_007,8
2024,나나916801,to_in_008,8
2024,나나916802,to_in_001,18
2024,나나916802,to_in_007,8
2024,나나916802,to_in_008,8
2024,나나916803,to_in_001,5
2024,나나916803,to_in_007,5
2024,나나916803,to_in_008,5
2024,나나916816,to_in_001,5
2024,나나916816,to_in_007,0
2024,나나916816,to_in_008,0
2024,나나916819,to_in_001,5
2024,나나916819,to_in_007,5
2024,나나916819,to_in_008,0
2024,나나916837,to_in_001,8
2024,나나916837,to_in_007,8
2024,나나916837,to_in_008,0
2024,나나916845,to_in_001,0
2024,나나916845,to_in_007,0
2024,나나916845,to_in_008,0
2024,나나916887,to_in_001,5
2024,나나916887,to_in_007,5
2024,나나916887,to_in_008,0
2024,나나916893,to_in_001,5
2024,나나916893,to_in_007,0
2024,나나916893,to_in_008,0
2024,나나916904,to_in_001,8
2024,나나916904,to_in_007,5
2024,나나916904,to_in_008,5
2024,나나916906,to_in_001,0
2024,나나916906,to_in_007,0
2024,나나916906,to_in_008,0
2024,나나916909,to_in_001,0
2024,나나916909,to_in_007,0
2024,나나916909,to_in_008,0
2024,나나916913,to_in_001,5
2024,나나916913,to_in_007,5
2024,나나916913,to_in_008,0
2024,나나916915,to_in_001,8
2024,나나916915,to_in_007,8
2024,나나916915,to_in_008,5
2024,나나916922,to_in_001,5
2024,나나916922,to_in_007,0
2024,나나916922,to_in_008,5
2024,나나916930,to_in_001,0
2024,나나916930,to_in_007,0
2024,나나916930,to_in_008,0
2024,나나916945,to_in_001,13
2024,나나916945,to_in_007,8
2024,나나916945,to_in_008,5
2024,나나916946,to_in_001,28
2024,나나916946,to_in_007,8
2024,나나916946,to_in_008,18
2024,나나916947,to_in_001,8
2024,나나916947,to_in_007,5
2024,나나916947,to_in_008,5
2024,나나916951,to_in_001,8
2024,나나916951,to_in_007,8
2024,나나916951,to_in_008,8
2024,나나916956,to_in_001,0
2024,나나916956,to_in_007,0
2024,나나916956,to_in_008,0
2024,나나916959,to_in_001,5
2024,나나916959,to_in_007,5
2024,나나916959,to_in_008,5
2024,나나916960,to_in_001,5
2024,나나916960,to_in_007,5
2024,나나916960,to_in_008,5
2024,나나916967,to_in_001,5
2024,나나916967,to_in_007,0
2024,나나916967,to_in_008,5
2024,나나916968,to_in_001,23
2024,나나916968,to_in_007,13
2024,나나916968,to_in_008,8
2024,나나919807,to_in_001,8
2024,나나919807,to_in_007,5
2024,나나919807,to_in_008,5
2024,나나919859,to_in_001,0
2024,나나919859,to_in_007,0
2024,나나919859,to_in_008,0
2024,나나919860,to_in_001,5
2024,나나919860,to_in_007,0
2024,나나919860,to_in_008,0
2024,나나919861,to_in_001,0
2024,나나919861,to_in_007,0
2024,나나919861,to_in_008,0
2024,나나919862,to_in_001,5
2024,나나919862,to_in_007,5
2024,나나919862,to_in_008,0
2024,나나919884,to_in_001,0
2024,나나919884,to_in_007,0
2024,나나919884,to_in_008,0
2024,나나919886,to_in_001,8
2024,나나919886,to_in_007,5
2024,나나919886,to_in_008,5
2024,나나919887,to_in_001,5
2024,나나919887,to_in_007,0
2024,나나919887,to_in_008,0
2024,나나919900,to_in_001,0
2024,나나919900,to_in_007,0
2024,나나919900,to_in_008,0
2024,나나919906,to_in_001,13
2024,나나919906,to_in_007,5
2024,나나919906,to_in_008,8
2024,나나919907,to_in_001,8
2024,나나919907,to_in_007,5
2024,나나919907,to_in_008,5
2024,나나919908,to_in_001,8
2024,나나919908,to_in_007,5
2024,나나919908,to_in_008,8
2024,나나919928,to_in_001,0
2024,나나919928,to_in_007,0
2024,나나919928,to_in_008,0
2024,나나919929,to_in_001,5
2024,나나919929,to_in_007,0
2024,나나919929,to_in_008,5
2024,나나919946,to_in_001,5
2024,나나919946,to_in_007,5
2024,나나919946,to_in_008,5
2024,나나919952,to_in_001,5
2024,나나919952,to_in_007,5
2024,나나919952,to_in_008,0
2024,나나919955,to_in_001,8
2024,나나919955,to_in_007,5
2024,나나919955,to_in_008,5
2024,나나919956,to_in_001,8
2024,나나919956,to_in_007,5
2024,나나919956,to_in_008,8
2024,나나919957,to_in_001,5
2024,나나919957,to_in_007,5
2024,나나919957,to_in_008,0
2024,나나919959,to_in_001,5
2024,나나919959,to_in_007,5
2024,나나919959,to_in_008,5
2024,나나919971,to_in_001,8
2024,나나919971,to_in_007,5
2024,나나919971,to_in_008,5
2024,나나919972,to_in_001,5
2024,나나919972,to_in_007,5
2024,나나919972,to_in_008,5
2024,나나919973,to_in_001,38
2024,나나919973,to_in_007,18
2024,나나919973,to_in_008,23
2024,나나919974,to_in_001,13
2024,나나919974,to_in_007,8
2024,나나919974,to_in_008,8
2024,나나919975,to_in_001,18
2024,나나919975,to_in_007,8
2024,나나919975,to_in_008,8
2024,나나919976,to_in_001,33
2024,나나919976,to_in_007,18
2024,나나919976,to_in_008,18
2024,나나919977,to_in_001,53
2024,나나919977,to_in_007,23
2024,나나919977,to_in_008,28
2024,나나919978,to_in_001,33
2024,나나919978,to_in_007,13
2024,나나919978,to_in_008,18
2024,나나920737,to_in_001,8
2024,나나920737,to_in_007,5
2024,나나920737,to_in_008,5
2024,나나920740,to_in_001,8
2024,나나920740,to_in_007,5
2024,나나920740,to_in_008,8
2024,나나920741,to_in_001,5
2024,나나920741,to_in_007,5
2024,나나920741,to_in_008,0
2024,나나925959,to_in_001,23
2024,나나925959,to_in_007,13
2024,나나925959,to_in_008,8
2024,나나925960,to_in_001,18
2024,나나925960,to_in_007,8
2024,나나925960,to_in_008,8
2024,나나925961,to_in_001,8
2024,나나925961,to_in_007,5
2024,나나925961,to_in_008,5
2024,나나925962,to_in_001,5
2024,나나925962,to_in_007,0
2024,나나925962,to_in_008,5
2024,나나925973,to_in_001,8
2024,나나925973,to_in_007,5
2024,나나925973,to_in_008,5
2024,나나925978,to_in_001,5
2024,나나925978,to_in_007,0
2024,나나925978,to_in_008,0
2024,나나926744,to_in_001,13
2024,나나926744,to_in_007,8
2024,나나926744,to_in_008,5
2024,나나926745,to_in_001,13
2024,나나926745,to_in_007,5
2024,나나926745,to_in_008,8
2024,나나926747,to_in_001,5
2024,나나926747,to_in_007,0
2024,나나926747,to_in_008,0
2024,나나926754,to_in_001,8
2024,나나926754,to_in_007,5
2024,나나926754,to_in_008,5
2024,나나926757,to_in_001,5
2024,나나926757,to_in_007,0
2024,나나926757,to_in_008,0
2024,나나926902,to_in_001,5
2024,나나926902,to_in_007,0
2024,나나926902,to_in_008,5
2024,나나926929,to_in_001,0
2024,나나926929,to_in_007,0
2024,나나926929,to_in_008,0
2024,나나926935,to_in_001,5
2024,나나926935,to_in_007,5
2024,나나926935,to_in_008,5
2024,나나926938,to_in_001,8
2024,나나926938,to_in_007,5
2024,나나926938,to_in_008,5
2024,나나926958,to_in_001,8
2024,나나926958,to_in_007,5
2024,나나926958,to_in_008,8
2024,나나926959,to_in_001,5
2024,나나926959,to_in_007,0
2024,나나926959,to_in_008,5
2024,나나926960,to_in_001,5
2024,나나926960,to_in_007,5
2024,나나926960,to_in_008,0
2024,나나926961,to_in_001,5
2024,나나926961,to_in_007,5
2024,나나926961,to_in_008,0
2024,나나926967,to_in_001,5
2024,나나926967,to_in_007,0
2024,나나926967,to_in_008,0
2024,나나926973,to_in_001,13
2024,나나926973,to_in_007,8
2024,나나926973,to_in_008,8
2024,나나926976,to_in_001,5
2024,나나926976,to_in_007,5
2024,나나926976,to_in_008,5
2024,나나926980,to_in_001,5
2024,나나926980,to_in_007,5
2024,나나926980,to_in_008,0
2024,나나927744,to_in_001,5
2024,나나927744,to_in_007,0
2024,나나927744,to_in_008,5
2024,나나927745,to_in_001,8
2024,나나927745,to_in_007,5
2024,나나927745,to_in_008,5
2024,나나927746,to_in_001,13
2024,나나927746,to_in_007,8
2024,나나927746,to_in_008,5
2024,나나927747,to_in_001,8
2024,나나927747,to_in_007,5
2024,나나927747,to_in_008,5
2024,나나927748,to_in_001,8
2024,나나927748,to_in_007,5
2024,나나927748,to_in_008,5
2024,나나932978,to_in_001,5
2024,나나932978,to_in_007,5
2024,나나932978,to_in_008,0
2024,나나932979,to_in_001,13
2024,나나932979,to_in_007,8
2024,나나932979,to_in_008,8
2024,나나932980,to_in_001,8
2024,나나932980,to_in_007,5
2024,나나932980,to_in_008,8
2024,나나932982,to_in_001,8
2024,나나932982,to_in_007,5
2024,나나932982,to_in_008,5
2024,나나932983,to_in_001,8
2024,나나932983,to_in_007,5
2024,나나932983,to_in_008,5
2024,나나933736,to_in_001,13
2024,나나933736,to_in_007,8
2024,나나933736,to_in_008,5
2024,나나933743,to_in_001,0
2024,나나933743,to_in_007,0
2024,나나933743,to_in_008,0
2024,나나933745,to_in_001,5
2024,나나933745,to_in_007,0
2024,나나933745,to_in_008,5
2024,나나933747,to_in_001,8
2024,나나933747,to_in_007,8
2024,나나933747,to_in_008,5
2024,나나933748,to_in_001,8
2024,나나933748,to_in_007,5
2024,나나933748,to_in_008,5
2024,나나933749,to_in_001,5
2024,나나933749,to_in_007,0
2024,나나933749,to_in_008,5
2024,나나933775,to_in_001,5
2024,나나933775,to_in_007,0
2024,나나936738,to_in_001,5
2024,나나936738,to_in_007,0
2024,나나936738,to_in_008,0
2024,나나936740,to_in_001,5
2024,나나936740,to_in_007,5
2024,나나936740,to_in_008,0
2024,나나936741,to_in_001,0
2024,나나936741,to_in_007,0
2024,나나936741,to_in_008,0
2024,나나936747,to_in_001,13
2024,나나936747,to_in_007,8
2024,나나936747,to_in_008,5
2024,나나936748,to_in_001,5
2024,나나936748,to_in_007,5
2024,나나936748,to_in_008,5
2024,나나936749,to_in_001,13
2024,나나936749,to_in_007,5
2024,나나936749,to_in_008,8
2024,나나936750,to_in_001,0
2024,나나936750,to_in_007,0
2024,나나919737,to_in_001,8
2024,나나919737,to_in_007,5
2024,나나919737,to_in_008,5
2024,나나919738,to_in_001,8
2024,나나919738,to_in_007,5
2024,나나919738,to_in_008,8
2024,나나919741,to_in_001,5
2024,나나919741,to_in_007,0
2024,나나919741,to_in_008,5
2024,나나919743,to_in_001,8
2024,나나919743,to_in_007,8
2024,나나919743,to_in_008,0
2024,나나919797,to_in_001,18
2024,나나919797,to_in_007,8
2024,나나919797,to_in_008,8
2024,나나919798,to_in_001,23
2024,나나919798,to_in_007,13
2024,나나919798,to_in_008,13
2024,나나919799,to_in_001,8
2024,나나919799,to_in_007,5
2024,나나919799,to_in_008,5
2024,나나919800,to_in_001,8
2024,나나919800,to_in_007,8
2024,나나919800,to_in_008,5
2024,나나919802,to_in_001,5
2024,나나919802,to_in_007,5
2024,나나919802,to_in_008,5
2024,나나919806,to_in_001,72
2024,나나919806,to_in_007,28
2024,나나919806,to_in_008,47
2024,나나923810,to_in_001,5
2024,나나923810,to_in_007,0
2024,나나923810,to_in_008,0
2024,나나923856,to_in_001,8
2024,나나923856,to_in_007,8
2024,나나923856,to_in_008,0
2024,나나923899,to_in_001,5
2024,나나923899,to_in_007,5
2024,나나923899,to_in_008,5
2024,나나923918,to_in_001,8
2024,나나923918,to_in_007,5
2024,나나923918,to_in_008,5
2024,나나923931,to_in_001,8
2024,나나923931,to_in_007,5
2024,나나923931,to_in_008,0
2024,나나923957,to_in_001,5
2024,나나923957,to_in_007,0
2024,나나923957,to_in_008,0
2024,나나923958,to_in_001,5
2024,나나923958,to_in_007,5
2024,나나923958,to_in_008,5
2024,나나923959,to_in_001,13
2024,나나923959,to_in_007,8
2024,나나923959,to_in_008,5
2024,나나923960,to_in_001,18
2024,나나923960,to_in_007,8
2024,나나923960,to_in_008,8
2024,나나923961,to_in_001,8
2024,나나923961,to_in_007,8
2024,나나923961,to_in_008,5
2024,나나923962,to_in_001,28
2024,나나923962,to_in_007,13
2024,나나923962,to_in_008,13
2024,나나923963,to_in_001,72
2024,나나923963,to_in_007,36
2024,나나923963,to_in_008,34
2024,나나923974,to_in_001,5
2024,나나923974,to_in_007,0
2024,나나923974,to_in_008,5
2024,나나923978,to_in_001,13
2024,나나923978,to_in_007,8
2024,나나923978,to_in_008,5
2024,나나923979,to_in_001,5
2024,나나923979,to_in_007,0
2024,나나923979,to_in_008,0
2024,나나923980,to_in_001,5
2024,나나923980,to_in_007,0
2024,나나923980,to_in_008,5
2024,나나923981,to_in_001,8
2024,나나923981,to_in_007,5
2024,나나923981,to_in_008,5
2024,나나923982,to_in_001,8
2024,나나923982,to_in_007,5
2024,나나923982,to_in_008,5
2024,나나924798,to_in_001,5
2024,나나924798,to_in_007,0
2024,나나924798,to_in_008,5
2024,나나924799,to_in_001,5
2024,나나924799,to_in_007,5
2024,나나924799,to_in_008,0
2024,나나924809,to_in_001,23
2024,나나924809,to_in_007,18
2024,나나924809,to_in_008,8
2024,나나924863,to_in_001,5
2024,나나924863,to_in_007,0
2024,나나924863,to_in_008,0
2024,나나924899,to_in_001,5
2024,나나924899,to_in_007,0
2024,나나924899,to_in_008,5
2024,나나924913,to_in_001,5
2024,나나924913,to_in_007,5
2024,나나924913,to_in_008,0
2024,나나924926,to_in_001,15
2024,나나924926,to_in_007,15
2024,나나924926,to_in_008,0
2024,나나924928,to_in_001,5
2024,나나924928,to_in_007,5
2024,나나924928,to_in_008,0
2024,나나924929,to_in_001,0
2024,나나924929,to_in_007,0
2024,나나924929,to_in_008,0
2024,나나924933,to_in_001,5
2024,나나924933,to_in_007,5
2024,나나924933,to_in_008,0
2024,나나929983,to_in_001,13
2024,나나929983,to_in_007,8
2024,나나929983,to_in_008,8
2024,나나929984,to_in_001,8
2024,나나929984,to_in_007,5
2024,나나929984,to_in_008,5
2024,나나930744,to_in_001,8
2024,나나930744,to_in_007,5
2024,나나930744,to_in_008,8
2024,나나930745,to_in_001,13
2024,나나930745,to_in_007,8
2024,나나930745,to_in_008,5
2024,나나930746,to_in_001,33
2024,나나930746,to_in_007,13
2024,나나930746,to_in_008,23
2024,나나930747,to_in_001,5
2024,나나930747,to_in_007,0
2024,나나930747,to_in_008,0
2024,나나930748,to_in_001,18
2024,나나930748,to_in_007,8
2024,나나930748,to_in_008,8
2024,나나930749,to_in_001,18
2024,나나930749,to_in_007,13
2024,나나930749,to_in_008,5
2024,나나930750,to_in_001,13
2024,나나930750,to_in_007,8
2024,나나930750,to_in_008,8
2024,나나930752,to_in_001,5
2024,나나930752,to_in_007,0
2024,나나930752,to_in_008,5
2024,나나930753,to_in_001,8
2024,나나930753,to_in_007,5
2024,나나930753,to_in_008,5
2024,나나930754,to_in_001,8
2024,나나930754,to_in_007,5
2024,나나930754,to_in_008,8
2024,나나930945,to_in_001,8
2024,나나930945,to_in_007,5
2024,나나930945,to_in_008,5
2024,나나930954,to_in_001,8
2024,나나930954,to_in_007,5
2024,나나930954,to_in_008,8
2024,나나930957,to_in_001,8
2024,나나930957,to_in_007,5
2024,나나930957,to_in_008,5
2024,나나930959,to_in_001,13
2024,나나930959,to_in_007,8
2024,나나930959,to_in_008,5
2024,나나930960,to_in_001,23
2024,나나930960,to_in_007,8
2024,나나930960,to_in_008,13
2024,나나930964,to_in_001,8
2024,나나930964,to_in_007,5
2024,나나930964,to_in_008,5
2024,나나930965,to_in_001,8
2024,나나930965,to_in_007,5
2024,나나930965,to_in_008,5
2024,나나930966,to_in_001,43
2024,나나930966,to_in_007,18
2024,나나930966,to_in_008,23
2024,나나930967,to_in_001,13
2024,나나930967,to_in_007,8
2024,나나930967,to_in_008,8
2024,나나930968,to_in_001,13
2024,나나930968,to_in_007,8
2024,나나930968,to_in_008,8
2024,나나930969,to_in_001,8
2024,나나930969,to_in_007,5
2024,나나930969,to_in_008,5
2024,나나930970,to_in_001,5
2024,나나930970,to_in_007,5
2024,나나930970,to_in_008,0
2024,나나930971,to_in_001,13
2024,나나930971,to_in_007,5
2024,나나930971,to_in_008,8
2024,나나930979,to_in_001,81
2024,나나930979,to_in_007,43
2024,나나930979,to_in_008,41
2024,나나930980,to_in_001,70
2024,나나930980,to_in_007,33
2024,나나930980,to_in_008,35
2024,나나930981,to_in_001,5
2024,나나930981,to_in_007,0
2024,나나930981,to_in_008,5
2024,나나930983,to_in_001,8
2024,나나930983,to_in_007,5
2024,나나930983,to_in_008,8
2024,나나930984,to_in_001,8
2024,나나930984,to_in_007,5
2024,나나930984,to_in_008,5
2024,나나936959,to_in_001,5
2024,나나936959,to_in_007,5
2024,나나936959,to_in_008,0
2024,나나936961,to_in_001,5
2024,나나936961,to_in_007,0
2024,나나936961,to_in_008,0
2024,나나936963,to_in_001,0
2024,나나936963,to_in_007,0
2024,나나936963,to_in_008,0
2024,나나936965,to_in_001,8
2024,나나936965,to_in_007,5
2024,나나936965,to_in_008,5
2024,나나936966,to_in_001,5
2024,나나936966,to_in_007,5
2024,나나936966,to_in_008,5
2024,나나936968,to_in_001,5
2024,나나936968,to_in_007,5
2024,나나936968,to_in_008,5
2024,나나936984,to_in_001,13
2024,나나936984,to_in_007,8
2024,나나936984,to_in_008,5
2024,나나936985,to_in_001,5
2024,나나936985,to_in_007,0
2024,나나936985,to_in_008,5
2024,나나936989,to_in_001,5
2024,나나936989,to_in_007,5
2024,나나936989,to_in_008,5
2024,나나936990,to_in_001,0
2024,나나936990,to_in_007,0
2024,나나936990,to_in_008,0
2024,나나937726,to_in_001,5
2024,나나937726,to_in_007,5
2024,나나937726,to_in_008,0
2024,나나937728,to_in_001,5
2024,나나937728,to_in_007,0
2024,나나937728,to_in_008,5
2024,나나937729,to_in_001,0
2024,나나937729,to_in_007,0
2024,나나937729,to_in_008,0
2024,나나937747,to_in_001,13
2024,나나937747,to_in_007,8
2024,나나937747,to_in_008,5
2024,나나937748,to_in_001,8
2024,나나937748,to_in_007,5
2024,나나937748,to_in_008,8
2024,나나937749,to_in_001,8
2024,나나937749,to_in_007,5
2024,나나937749,to_in_008,8
2024,나나937767,to_in_001,0
2024,나나937767,to_in_007,0
2024,나나937767,to_in_008,0
2024,나나937804,to_in_001,8
2024,나나937804,to_in_007,8
2024,나나937804,to_in_008,5
2024,나나937806,to_in_001,5
2024,나나937806,to_in_007,0
2024,나나937806,to_in_008,5
2024,나나937807,to_in_001,8
2024,나나937807,to_in_007,5
2024,나나937807,to_in_008,5
2024,나나937808,to_in_001,8
2024,나나937808,to_in_007,5
2024,나나937808,to_in_008,5
2024,나나937890,to_in_001,5
2024,나나937890,to_in_007,0
2024,나나937890,to_in_008,5
2024,나나937891,to_in_001,5
2024,나나937891,to_in_007,5
2024,나나937891,to_in_008,5
2024,나나937893,to_in_001,8
2024,나나937893,to_in_007,5
2024,나나937893,to_in_008,5
2024,나나937896,to_in_001,5
2024,나나937896,to_in_007,0
2024,나나937896,to_in_008,5
2024,나나937902,to_in_001,28
2024,나나937902,to_in_007,18
2024,나나937902,to_in_008,13
2024,나나937903,to_in_001,8
2024,나나937903,to_in_007,5
2024,나나937903,to_in_008,8
2024,나나940764,to_in_001,13
2024,나나940764,to_in_007,8
2024,나나940764,to_in_008,5
2024,나나940765,to_in_001,13
2024,나나940765,to_in_007,8
2024,나나940765,to_in_008,8
2024,나나940766,to_in_001,5
2024,나나940766,to_in_007,5
2024,나나936750,to_in_008,0
2024,나나936751,to_in_001,13
2024,나나936751,to_in_007,8
2024,나나936751,to_in_008,8
2024,나나936753,to_in_001,5
2024,나나936753,to_in_007,0
2024,나나936753,to_in_008,0
2024,나나936808,to_in_001,5
2024,나나936808,to_in_007,0
2024,나나936808,to_in_008,0
2024,나나936893,to_in_001,8
2024,나나936893,to_in_007,5
2024,나나936893,to_in_008,5
2024,나나936895,to_in_001,13
2024,나나936895,to_in_007,8
2024,나나936895,to_in_008,8
2024,나나936929,to_in_001,13
2024,나나936929,to_in_007,8
2024,나나936929,to_in_008,8
2024,나나942723,to_in_001,5
2024,나나942723,to_in_007,5
2024,나나942723,to_in_008,5
2024,나나942725,to_in_001,28
2024,나나942725,to_in_007,13
2024,나나942725,to_in_008,13
2024,나나942726,to_in_001,5
2024,나나942726,to_in_007,0
2024,나나942726,to_in_008,5
2024,나나942727,to_in_001,8
2024,나나942727,to_in_007,5
2024,나나942727,to_in_008,5
2024,나나942728,to_in_001,5
2024,나나942728,to_in_007,0
2024,나나942728,to_in_008,5
2024,나나942732,to_in_001,0
2024,나나942732,to_in_007,0
2024,나나942732,to_in_008,0
2024,나나942747,to_in_001,5
2024,나나942747,to_in_007,5
2024,나나942747,to_in_008,5
2024,나나942749,to_in_001,8
2024,나나942749,to_in_007,5
2024,나나942749,to_in_008,5
2024,나나942752,to_in_001,5
2024,나나942752,to_in_007,0
2024,나나942752,to_in_008,0
2024,나나942760,to_in_001,8
2024,나나942760,to_in_007,5
2024,나나942760,to_in_008,5
2024,나나942762,to_in_001,8
2024,나나942762,to_in_007,5
2024,나나942762,to_in_008,5
2024,나나942763,to_in_001,8
2024,나나942763,to_in_007,8
2024,나나942763,to_in_008,5
2024,나나942764,to_in_001,23
2024,나나942764,to_in_007,8
2024,나나942764,to_in_008,13
2024,나나942765,to_in_001,13
2024,나나942765,to_in_007,8
2024,나나942765,to_in_008,8
2024,나나942766,to_in_001,8
2024,나나942766,to_in_007,5
2024,나나942766,to_in_008,8
2024,나나942771,to_in_001,8
2024,나나942771,to_in_007,5
2024,나나942771,to_in_008,5
2024,나나942775,to_in_001,0
2024,나나942775,to_in_007,0
2024,나나942775,to_in_008,0
2024,나나942835,to_in_001,5
2024,나나942835,to_in_007,5
2024,나나942835,to_in_008,0
2024,나나942916,to_in_001,5
2024,나나942916,to_in_007,5
2024,나나942916,to_in_008,0
2024,나나942924,to_in_001,5
2024,나나942924,to_in_007,5
2024,나나942924,to_in_008,5
2024,나나942928,to_in_001,0
2024,나나942928,to_in_007,0
2024,나나942928,to_in_008,0
2024,나나942935,to_in_001,5
2024,나나942935,to_in_007,0
2024,나나942935,to_in_008,5
2024,나나942945,to_in_001,5
2024,나나942945,to_in_007,5
2024,나나942945,to_in_008,0
2024,나나942962,to_in_001,5
2024,나나942962,to_in_007,0
2024,나나942962,to_in_008,0
2024,나나942967,to_in_001,5
2024,나나942967,to_in_007,5
2024,나나942967,to_in_008,0
2024,나나942968,to_in_001,8
2024,나나942968,to_in_007,5
2024,나나942968,to_in_008,5
2024,나나942969,to_in_001,18
2024,나나942969,to_in_007,8
2024,나나942969,to_in_008,8
2024,나나942972,to_in_001,8
2024,나나942972,to_in_007,5
2024,나나942972,to_in_008,5
2024,나나942985,to_in_001,8
2024,나나942985,to_in_007,5
2024,나나942985,to_in_008,5
2024,나나942986,to_in_001,18
2024,나나942986,to_in_007,8
2024,나나942986,to_in_008,8
2024,나나942988,to_in_001,13
2024,나나942988,to_in_007,8
2024,나나942988,to_in_008,5
2024,나나942989,to_in_001,18
2024,나나942989,to_in_007,8
2024,나나942989,to_in_008,8
2024,나나942990,to_in_001,5
2024,나나942990,to_in_007,5
2024,나나942990,to_in_008,0
2024,나나943718,to_in_001,0
2024,나나943718,to_in_007,0
2024,나나943718,to_in_008,0
2024,나나943719,to_in_001,13
2024,나나943719,to_in_007,8
2024,나나943719,to_in_008,5
2024,나나943720,to_in_001,28
2024,나나943720,to_in_007,8
2024,나나943720,to_in_008,18
2024,나나943721,to_in_001,28
2024,나나943721,to_in_007,18
2024,나나943721,to_in_008,13
2024,나나943722,to_in_001,8
2024,나나943722,to_in_007,5
2024,나나943722,to_in_008,5
2024,나나943724,to_in_001,8
2024,나나943724,to_in_007,5
2024,나나943724,to_in_008,5
2024,나나943725,to_in_001,8
2024,나나943725,to_in_007,5
2024,나나943725,to_in_008,5
2024,나나943726,to_in_001,5
2024,나나943726,to_in_007,5
2024,나나943726,to_in_008,5
2024,나나943728,to_in_001,5
2024,나나943728,to_in_007,5
2024,나나943728,to_in_008,0
2024,나나943729,to_in_001,5
2024,나나943729,to_in_007,5
2024,나나943729,to_in_008,5
2024,나나943731,to_in_001,8
2024,나나943731,to_in_007,5
2024,나나943731,to_in_008,5
2024,나나943750,to_in_001,5
2024,나나943750,to_in_007,5
2024,나나943750,to_in_008,5
2024,나나943751,to_in_001,8
2024,나나943751,to_in_007,8
2024,나나943751,to_in_008,5
2024,나나943752,to_in_001,8
2024,나나943752,to_in_007,5
2024,나나943752,to_in_008,5
2024,나나943754,to_in_001,39
2024,나나943754,to_in_007,24
2024,나나943754,to_in_008,13
2024,나나943755,to_in_001,8
2024,나나943755,to_in_007,5
2024,나나943755,to_in_008,5
2024,나나945955,to_in_001,23
2024,나나945955,to_in_007,8
2024,나나945955,to_in_008,13
2024,나나945958,to_in_001,33
2024,나나945958,to_in_007,18
2024,나나945958,to_in_008,13
2024,나나945960,to_in_001,0
2024,나나945960,to_in_007,0
2024,나나945960,to_in_008,0
2024,나나945961,to_in_001,5
2024,나나945961,to_in_007,5
2024,나나945961,to_in_008,5
2024,나나945970,to_in_001,0
2024,나나945970,to_in_007,0
2024,나나945970,to_in_008,0
2024,나나945973,to_in_001,0
2024,나나945973,to_in_007,0
2024,나나945973,to_in_008,0
2024,나나945974,to_in_001,5
2024,나나945974,to_in_007,5
2024,나나945974,to_in_008,5
2024,나나945981,to_in_001,5
2024,나나945981,to_in_007,5
2024,나나945981,to_in_008,0
2024,나나945982,to_in_001,5
2024,나나945982,to_in_007,5
2024,나나945982,to_in_008,0
2024,나나945983,to_in_001,18
2024,나나945983,to_in_007,8
2024,나나945983,to_in_008,8
2024,나나945984,to_in_001,28
2024,나나945984,to_in_007,13
2024,나나945984,to_in_008,13
2024,나나945985,to_in_001,33
2024,나나945985,to_in_007,18
2024,나나945985,to_in_008,18
2024,나나945986,to_in_001,52
2024,나나945986,to_in_007,25
2024,나나945986,to_in_008,25
2024,나나945987,to_in_001,8
2024,나나945987,to_in_007,8
2024,나나945987,to_in_008,8
2024,나나945989,to_in_001,0
2024,나나945989,to_in_007,0
2024,나나945989,to_in_008,0
2024,나나945990,to_in_001,5
2024,나나945990,to_in_007,0
2024,나나945990,to_in_008,0
2024,나나946719,to_in_001,8
2024,나나946719,to_in_007,8
2024,나나946719,to_in_008,8
2024,나나946720,to_in_001,5
2024,나나946720,to_in_007,5
2024,나나946720,to_in_008,0
2024,나나946721,to_in_001,28
2024,나나946721,to_in_007,18
2024,나나946721,to_in_008,13
2024,나나946722,to_in_001,5
2024,나나946722,to_in_007,0
2024,나나946722,to_in_008,0
2024,나나946723,to_in_001,18
2024,나나946723,to_in_007,8
2024,나나946723,to_in_008,8
2024,나나946724,to_in_001,13
2024,나나946724,to_in_007,8
2024,나나946724,to_in_008,8
2024,나나946725,to_in_001,13
2024,나나946725,to_in_007,8
2024,나나946725,to_in_008,5
2024,나나946727,to_in_001,5
2024,나나946727,to_in_007,0
2024,나나946727,to_in_008,5
2024,나나946728,to_in_001,18
2024,나나946728,to_in_007,8
2024,나나946728,to_in_008,8
2024,나나946729,to_in_001,5
2024,나나946729,to_in_007,5
2024,나나946729,to_in_008,0
2024,나나947845,to_in_001,28
2024,나나947845,to_in_007,18
2024,나나947845,to_in_008,13
2024,나나947929,to_in_001,5
2024,나나947929,to_in_007,0
2024,나나947929,to_in_008,5
2024,나나947945,to_in_001,8
2024,나나947945,to_in_007,5
2024,나나947945,to_in_008,5
2024,나나947946,to_in_001,18
2024,나나947946,to_in_007,13
2024,나나947946,to_in_008,8
2024,나나947951,to_in_001,0
2024,나나947951,to_in_007,0
2024,나나947951,to_in_008,0
2024,나나947954,to_in_001,8
2024,나나947954,to_in_007,5
2024,나나947954,to_in_008,5
2024,나나947955,to_in_001,0
2024,나나947955,to_in_007,0
2024,나나947955,to_in_008,0
2024,나나947959,to_in_001,5
2024,나나947959,to_in_007,0
2024,나나947959,to_in_008,0
2024,나나947961,to_in_001,5
2024,나나947961,to_in_007,5
2024,나나947961,to_in_008,0
2024,나나947969,to_in_001,0
2024,나나947969,to_in_007,0
2024,나나947969,to_in_008,0
2024,나나947971,to_in_001,5
2024,나나947971,to_in_007,0
2024,나나947971,to_in_008,5
2024,나나947972,to_in_001,5
2024,나나947972,to_in_007,5
2024,나나947972,to_in_008,0
2024,나나947973,to_in_001,18
2024,나나947973,to_in_007,8
2024,나나947973,to_in_008,13
2024,나나947977,to_in_001,8
2024,나나947977,to_in_007,8
2024,나나947977,to_in_008,5
2024,나나947979,to_in_001,5
2024,나나947979,to_in_007,5
2024,나나947979,to_in_008,0
2024,나나947980,to_in_001,5
2024,나나947980,to_in_007,5
2024,나나947980,to_in_008,5
2024,나나947981,to_in_001,8
2024,나나947981,to_in_007,5
2024,나나947981,to_in_008,5
2024,나나947982,to_in_001,43
2024,나나947982,to_in_007,23
2024,나나947982,to_in_008,18
2024,나나947983,to_in_001,23
2024,나나947983,to_in_007,13
2024,나나947983,to_in_008,8
2024,나나947984,to_in_001,28
2024,나나947984,to_in_007,13
2024,나나947984,to_in_008,13
2024,나나947985,to_in_001,8
2024,나나947985,to_in_007,5
2024,나나947985,to_in_008,8
2024,나나947986,to_in_001,13
2024,나나947986,to_in_007,8
2024,나나947986,to_in_008,8
2024,나나947987,to_in_001,8
2024,나나947987,to_in_007,5
2024,나나947987,to_in_008,5
2024,나나947988,to_in_001,5
2024,나나947988,to_in_007,5
2024,나나947988,to_in_008,5
2024,나나947989,to_in_001,0
2024,나나947989,to_in_007,0
2024,나나947989,to_in_008,0
2024,나나947990,to_in_001,8
2024,나나947990,to_in_007,5
2024,나나947990,to_in_008,5
2024,나나948719,to_in_001,5
2024,나나948719,to_in_007,0
2024,나나948719,to_in_008,0
2024,나나951985,to_in_001,18
2024,나나951985,to_in_007,5
2024,나나951985,to_in_008,13
2024,나나951986,to_in_001,8
2024,나나951986,to_in_007,5
2024,나나951986,to_in_008,8
2024,나나951987,to_in_001,108
2024,나나951987,to_in_007,51
2024,나나951987,to_in_008,60
2024,나나951988,to_in_001,68
2024,나나951988,to_in_007,33
2024,나나951988,to_in_008,38
2024,나나951989,to_in_001,8
2024,나나951989,to_in_007,5
2024,나나951989,to_in_008,5
2024,나나951990,to_in_001,5
2024,나나951990,to_in_007,0
2024,나나951990,to_in_008,5
2024,나나952726,to_in_001,5
2024,나나952726,to_in_007,0
2024,나나952726,to_in_008,0
2024,나나952751,to_in_001,5
2024,나나952751,to_in_007,5
2024,나나952751,to_in_008,5
2024,나나952752,to_in_001,33
2024,나나952752,to_in_007,13
2024,나나952752,to_in_008,18
2024,나나952753,to_in_001,8
2024,나나952753,to_in_007,5
2024,나나952753,to_in_008,5
2024,나나952754,to_in_001,18
2024,나나952754,to_in_007,8
2024,나나952754,to_in_008,8
2024,나나952764,to_in_001,5
2024,나나952764,to_in_007,5
2024,나나952764,to_in_008,0
2024,나나952819,to_in_001,5
2024,나나952819,to_in_007,5
2024,나나952819,to_in_008,5
2024,나나952915,to_in_001,0
2024,나나952915,to_in_007,0
2024,나나952915,to_in_008,0
2024,나나952950,to_in_001,5
2024,나나952950,to_in_007,5
2024,나나952950,to_in_008,0
2024,나나952951,to_in_001,5
2024,나나952951,to_in_007,0
2024,나나952951,to_in_008,0
2024,나나952954,to_in_001,5
2024,나나952954,to_in_007,5
2024,나나952954,to_in_008,0
2024,나나952960,to_in_001,28
2024,나나952960,to_in_007,18
2024,나나952960,to_in_008,8
2024,나나952963,to_in_001,5
2024,나나952963,to_in_007,5
2024,나나952963,to_in_008,0
2024,나나952980,to_in_001,5
2024,나나952980,to_in_007,5
2024,나나952980,to_in_008,0
2024,나나952982,to_in_001,8
2024,나나952982,to_in_007,8
2024,나나952982,to_in_008,5
2024,나나952984,to_in_001,18
2024,나나952984,to_in_007,13
2024,나나952984,to_in_008,8
2024,나나952985,to_in_001,18
2024,나나952985,to_in_007,8
2024,나나952985,to_in_008,8
2024,나나952986,to_in_001,48
2024,나나952986,to_in_007,23
2024,나나952986,to_in_008,23
2024,나나952987,to_in_001,100
2024,나나952987,to_in_007,47
2024,나나952987,to_in_008,51
2024,나나952988,to_in_001,23
2024,나나952988,to_in_007,13
2024,나나952988,to_in_008,13
2024,나나952989,to_in_001,13
2024,나나952989,to_in_007,8
2024,나나952989,to_in_008,8
2024,나나952990,to_in_001,5
2024,나나952990,to_in_007,5
2024,나나952990,to_in_008,0
2024,나나953752,to_in_001,5
2024,나나953752,to_in_007,5
2024,나나953752,to_in_008,5
2024,나나953753,to_in_001,23
2024,나나953753,to_in_007,13
2024,나나953753,to_in_008,13
2024,나나953754,to_in_001,28
2024,나나953754,to_in_007,18
2024,나나953754,to_in_008,13
2024,나나953755,to_in_001,13
2024,나나953755,to_in_007,8
2024,나나953755,to_in_008,8
2024,나나953829,to_in_001,8
2024,나나953829,to_in_007,5
2024,나나953829,to_in_008,5
2024,나나953830,to_in_001,0
2024,나나953830,to_in_007,0
2024,나나953830,to_in_008,0
2024,나나953888,to_in_001,5
2024,나나953888,to_in_007,5
2024,나나953888,to_in_008,0
2024,나나953918,to_in_001,0
2024,나나953918,to_in_007,0
2024,나나953918,to_in_008,0
2024,나나953920,to_in_001,5
2024,나나953920,to_in_007,0
2024,나나953920,to_in_008,0
2024,나나953922,to_in_001,5
2024,나나953922,to_in_007,5
2024,나나953922,to_in_008,0
2024,나나953926,to_in_001,5
2024,나나953926,to_in_007,0
2024,나나953926,to_in_008,5
2024,나나953960,to_in_001,18
2024,나나953960,to_in_007,8
2024,나나953960,to_in_008,8
2024,나나953975,to_in_001,5
2024,나나953975,to_in_007,5
2024,나나953975,to_in_008,0
2024,나나953983,to_in_001,13
2024,나나953983,to_in_007,8
2024,나나953983,to_in_008,8
2024,나나953984,to_in_001,0
2024,나나953984,to_in_007,0
2024,나나953984,to_in_008,0
2024,나나953985,to_in_001,63
2024,나나953985,to_in_007,28
2024,나나953985,to_in_008,33
2024,나나953986,to_in_001,23
2024,나나953986,to_in_007,13
2024,나나953986,to_in_008,8
2024,나나953987,to_in_001,8
2024,나나953987,to_in_007,5
2024,나나953987,to_in_008,5
2024,나나953988,to_in_001,8
2024,나나953988,to_in_007,0
2024,나나953988,to_in_008,8
2024,나나934893,to_in_008,0
2024,나나934894,to_in_001,5
2024,나나934894,to_in_007,5
2024,나나934894,to_in_008,5
2024,나나934918,to_in_001,5
2024,나나934918,to_in_007,0
2024,나나934918,to_in_008,0
2024,나나934947,to_in_001,5
2024,나나934947,to_in_007,5
2024,나나934947,to_in_008,0
2024,나나934962,to_in_001,5
2024,나나934962,to_in_007,0
2024,나나934962,to_in_008,0
2024,나나934967,to_in_001,5
2024,나나934967,to_in_007,5
2024,나나934967,to_in_008,5
2024,나나934969,to_in_001,8
2024,나나934969,to_in_007,8
2024,나나934969,to_in_008,5
2024,나나934970,to_in_001,8
2024,나나934970,to_in_007,5
2024,나나934970,to_in_008,5
2024,나나934977,to_in_001,23
2024,나나934977,to_in_007,13
2024,나나934977,to_in_008,8
2024,나나934978,to_in_001,8
2024,나나934978,to_in_007,8
2024,나나934978,to_in_008,5
2024,나나934985,to_in_001,13
2024,나나934985,to_in_007,8
2024,나나934985,to_in_008,8
2024,나나934988,to_in_001,8
2024,나나934988,to_in_007,5
2024,나나934988,to_in_008,5
2024,나나935740,to_in_001,5
2024,나나935740,to_in_007,5
2024,나나935740,to_in_008,5
2024,나나935746,to_in_001,5
2024,나나935746,to_in_007,5
2024,나나935746,to_in_008,0
2024,나나935747,to_in_001,28
2024,나나935747,to_in_007,18
2024,나나935747,to_in_008,13
2024,나나935748,to_in_001,18
2024,나나935748,to_in_007,8
2024,나나935748,to_in_008,8
2024,나나935749,to_in_001,8
2024,나나935749,to_in_007,5
2024,나나935749,to_in_008,5
2024,나나935750,to_in_001,8
2024,나나935750,to_in_007,5
2024,나나935750,to_in_008,5
2024,나나935809,to_in_001,5
2024,나나935809,to_in_007,5
2024,나나935809,to_in_008,0
2024,나나935828,to_in_001,0
2024,나나935828,to_in_007,0
2024,나나935828,to_in_008,0
2024,나나935894,to_in_001,5
2024,나나935894,to_in_007,5
2024,나나935894,to_in_008,0
2024,나나935895,to_in_001,5
2024,나나935895,to_in_007,0
2024,나나935895,to_in_008,5
2024,나나935896,to_in_001,5
2024,나나935896,to_in_007,0
2024,나나935896,to_in_008,5
2024,나나935899,to_in_001,5
2024,나나935899,to_in_007,5
2024,나나935899,to_in_008,5
2024,나나939771,to_in_001,8
2024,나나939771,to_in_007,5
2024,나나939771,to_in_008,5
2024,나나939773,to_in_001,8
2024,나나939773,to_in_007,5
2024,나나939773,to_in_008,0
2024,나나939806,to_in_001,8
2024,나나939806,to_in_007,5
2024,나나939806,to_in_008,5
2024,나나939807,to_in_001,5
2024,나나939807,to_in_007,0
2024,나나939807,to_in_008,5
2024,나나939808,to_in_001,8
2024,나나939808,to_in_007,5
2024,나나939808,to_in_008,5
2024,나나939850,to_in_001,5
2024,나나939850,to_in_007,5
2024,나나939850,to_in_008,0
2024,나나939924,to_in_001,5
2024,나나939924,to_in_007,0
2024,나나939924,to_in_008,0
2024,나나939956,to_in_001,8
2024,나나939956,to_in_007,5
2024,나나939956,to_in_008,8
2024,나나939960,to_in_001,5
2024,나나939960,to_in_007,0
2024,나나939960,to_in_008,5
2024,나나939964,to_in_001,5
2024,나나939964,to_in_007,0
2024,나나939964,to_in_008,5
2024,나나939976,to_in_001,87
2024,나나939976,to_in_007,50
2024,나나939976,to_in_008,40
2024,나나939980,to_in_001,5
2024,나나939980,to_in_007,5
2024,나나939980,to_in_008,0
2024,나나939981,to_in_001,8
2024,나나939981,to_in_007,5
2024,나나939981,to_in_008,8
2024,나나939986,to_in_001,5
2024,나나939986,to_in_007,5
2024,나나939986,to_in_008,5
2024,나나939987,to_in_001,38
2024,나나939987,to_in_007,18
2024,나나939987,to_in_008,23
2024,나나939988,to_in_001,18
2024,나나939988,to_in_007,8
2024,나나939988,to_in_008,8
2024,나나940721,to_in_001,5
2024,나나940721,to_in_007,0
2024,나나940721,to_in_008,0
2024,나나940723,to_in_001,13
2024,나나940723,to_in_007,5
2024,나나940723,to_in_008,8
2024,나나940733,to_in_001,5
2024,나나940733,to_in_007,0
2024,나나940733,to_in_008,5
2024,나나940747,to_in_001,5
2024,나나940747,to_in_007,5
2024,나나940747,to_in_008,0
2024,나나940748,to_in_001,13
2024,나나940748,to_in_007,5
2024,나나940748,to_in_008,8
2024,나나940749,to_in_001,8
2024,나나940749,to_in_007,5
2024,나나940749,to_in_008,5
2024,나나940750,to_in_001,5
2024,나나940750,to_in_007,5
2024,나나940750,to_in_008,0
2024,나나940756,to_in_001,5
2024,나나940756,to_in_007,5
2024,나나940756,to_in_008,0
2024,나나940761,to_in_001,5
2024,나나940761,to_in_007,0
2024,나나940761,to_in_008,0
2024,나나940762,to_in_001,0
2024,나나940762,to_in_007,0
2024,나나940762,to_in_008,0
2024,나나940763,to_in_001,8
2024,나나940763,to_in_007,5
2024,나나940763,to_in_008,8
2024,나나944987,to_in_001,8
2024,나나944987,to_in_007,8
2024,나나944987,to_in_008,5
2024,나나944990,to_in_001,8
2024,나나944990,to_in_007,5
2024,나나944990,to_in_008,5
2024,나나945719,to_in_001,0
2024,나나945719,to_in_007,0
2024,나나945719,to_in_008,0
2024,나나945720,to_in_001,8
2024,나나945720,to_in_007,5
2024,나나945720,to_in_008,5
2024,나나945721,to_in_001,28
2024,나나945721,to_in_007,13
2024,나나945721,to_in_008,13
2024,나나945723,to_in_001,5
2024,나나945723,to_in_007,0
2024,나나945723,to_in_008,5
2024,나나945724,to_in_001,8
2024,나나945724,to_in_007,5
2024,나나945724,to_in_008,5
2024,나나945727,to_in_001,5
2024,나나945727,to_in_007,5
2024,나나945727,to_in_008,0
2024,나나945728,to_in_001,5
2024,나나945728,to_in_007,5
2024,나나945728,to_in_008,5
2024,나나945729,to_in_001,8
2024,나나945729,to_in_007,5
2024,나나945729,to_in_008,5
2024,나나945730,to_in_001,5
2024,나나945730,to_in_007,0
2024,나나945730,to_in_008,0
2024,나나945732,to_in_001,0
2024,나나945732,to_in_007,0
2024,나나945732,to_in_008,0
2024,나나945751,to_in_001,8
2024,나나945751,to_in_007,5
2024,나나945751,to_in_008,8
2024,나나945752,to_in_001,5
2024,나나945752,to_in_007,0
2024,나나945752,to_in_008,0
2024,나나945753,to_in_001,5
2024,나나945753,to_in_007,5
2024,나나945753,to_in_008,5
2024,나나945754,to_in_001,23
2024,나나945754,to_in_007,13
2024,나나945754,to_in_008,8
2024,나나945755,to_in_001,5
2024,나나945755,to_in_007,5
2024,나나945755,to_in_008,0
2024,나나945756,to_in_001,5
2024,나나945756,to_in_007,0
2024,나나945756,to_in_008,5
2024,나나945757,to_in_001,8
2024,나나945757,to_in_007,8
2024,나나945757,to_in_008,8
2024,나나945760,to_in_001,5
2024,나나945760,to_in_007,5
2024,나나945760,to_in_008,5
2024,나나945761,to_in_001,13
2024,나나945761,to_in_007,8
2024,나나945761,to_in_008,8
2024,나나945777,to_in_001,0
2024,나나945777,to_in_007,0
2024,나나945777,to_in_008,0
2024,나나945845,to_in_001,88
2024,나나945845,to_in_007,45
2024,나나945845,to_in_008,41
2024,나나945915,to_in_001,5
2024,나나945915,to_in_007,5
2024,나나945915,to_in_008,0
2024,나나945931,to_in_001,5
2024,나나945931,to_in_007,5
2024,나나945931,to_in_008,0
2024,나나945953,to_in_001,8
2024,나나945953,to_in_007,5
2024,나나945953,to_in_008,5
2024,나나948720,to_in_001,18
2024,나나948720,to_in_007,8
2024,나나948720,to_in_008,8
2024,나나948721,to_in_001,18
2024,나나948721,to_in_007,8
2024,나나948721,to_in_008,8
2024,나나948722,to_in_001,18
2024,나나948722,to_in_007,8
2024,나나948722,to_in_008,8
2024,나나948728,to_in_001,0
2024,나나948728,to_in_007,0
2024,나나948728,to_in_008,0
2024,나나948731,to_in_001,5
2024,나나948731,to_in_007,0
2024,나나948731,to_in_008,0
2024,나나948753,to_in_001,13
2024,나나948753,to_in_007,8
2024,나나948753,to_in_008,5
2024,나나948754,to_in_001,18
2024,나나948754,to_in_007,8
2024,나나948754,to_in_008,8
2024,나나948755,to_in_001,18
2024,나나948755,to_in_007,8
2024,나나948755,to_in_008,8
2024,나나948756,to_in_001,5
2024,나나948756,to_in_007,5
2024,나나948756,to_in_008,0
2024,나나948757,to_in_001,8
2024,나나948757,to_in_007,5
2024,나나948757,to_in_008,5
2024,나나948758,to_in_001,28
2024,나나948758,to_in_007,13
2024,나나948758,to_in_008,13
2024,나나948759,to_in_001,5
2024,나나948759,to_in_007,0
2024,나나948759,to_in_008,0
2024,나나948765,to_in_001,5
2024,나나948765,to_in_007,5
2024,나나948765,to_in_008,0
2024,나나948768,to_in_001,5
2024,나나948768,to_in_007,5
2024,나나948768,to_in_008,0
2024,나나948830,to_in_001,8
2024,나나948830,to_in_007,5
2024,나나948830,to_in_008,8
2024,나나948910,to_in_001,13
2024,나나948910,to_in_007,8
2024,나나948910,to_in_008,5
2024,나나948927,to_in_001,5
2024,나나948927,to_in_007,5
2024,나나948927,to_in_008,5
2024,나나948928,to_in_001,5
2024,나나948928,to_in_007,0
2024,나나948928,to_in_008,5
2024,나나948954,to_in_001,0
2024,나나948954,to_in_007,0
2024,나나948954,to_in_008,0
2024,나나948955,to_in_001,0
2024,나나948955,to_in_007,0
2024,나나948955,to_in_008,0
2024,나나948958,to_in_001,0
2024,나나948958,to_in_007,0
2024,나나948958,to_in_008,0
2024,나나948959,to_in_001,5
2024,나나933775,to_in_008,0
2024,나나933896,to_in_001,5
2024,나나933896,to_in_007,0
2024,나나933896,to_in_008,0
2024,나나933898,to_in_001,5
2024,나나933898,to_in_007,0
2024,나나933898,to_in_008,5
2024,나나933933,to_in_001,5
2024,나나933933,to_in_007,5
2024,나나933933,to_in_008,0
2024,나나933936,to_in_001,0
2024,나나933936,to_in_007,0
2024,나나933936,to_in_008,0
2024,나나933950,to_in_001,8
2024,나나933950,to_in_007,8
2024,나나933950,to_in_008,5
2024,나나933953,to_in_001,8
2024,나나933953,to_in_007,5
2024,나나933953,to_in_008,5
2024,나나933957,to_in_001,5
2024,나나933957,to_in_007,5
2024,나나933957,to_in_008,5
2024,나나933967,to_in_001,23
2024,나나933967,to_in_007,13
2024,나나933967,to_in_008,13
2024,나나933968,to_in_001,8
2024,나나933968,to_in_007,0
2024,나나933968,to_in_008,8
2024,나나933969,to_in_001,8
2024,나나933969,to_in_007,5
2024,나나933969,to_in_008,5
2024,나나933977,to_in_001,5
2024,나나933977,to_in_007,0
2024,나나933977,to_in_008,5
2024,나나933981,to_in_001,8
2024,나나933981,to_in_007,5
2024,나나933981,to_in_008,5
2024,나나933984,to_in_001,0
2024,나나933984,to_in_007,0
2024,나나933984,to_in_008,0
2024,나나934746,to_in_001,8
2024,나나934746,to_in_007,8
2024,나나934746,to_in_008,5
2024,나나934747,to_in_001,8
2024,나나934747,to_in_007,5
2024,나나934747,to_in_008,5
2024,나나938805,to_in_001,0
2024,나나938805,to_in_007,0
2024,나나938805,to_in_008,0
2024,나나938806,to_in_001,5
2024,나나938806,to_in_007,5
2024,나나938806,to_in_008,5
2024,나나938807,to_in_001,18
2024,나나938807,to_in_007,13
2024,나나938807,to_in_008,8
2024,나나938808,to_in_001,13
2024,나나938808,to_in_007,8
2024,나나938808,to_in_008,8
2024,나나938810,to_in_001,0
2024,나나938810,to_in_007,0
2024,나나938810,to_in_008,0
2024,나나938903,to_in_001,5
2024,나나938903,to_in_007,5
2024,나나938903,to_in_008,0
2024,나나938943,to_in_001,5
2024,나나938943,to_in_007,5
2024,나나938943,to_in_008,0
2024,나나938966,to_in_001,8
2024,나나938966,to_in_007,5
2024,나나938966,to_in_008,5
2024,나나938969,to_in_001,5
2024,나나938969,to_in_007,5
2024,나나938969,to_in_008,0
2024,나나938976,to_in_001,49
2024,나나938976,to_in_007,29
2024,나나938976,to_in_008,23
2024,나나938977,to_in_001,5
2024,나나938977,to_in_007,5
2024,나나938977,to_in_008,0
2024,나나938979,to_in_001,5
2024,나나938979,to_in_007,5
2024,나나938979,to_in_008,5
2024,나나938980,to_in_001,0
2024,나나938980,to_in_007,0
2024,나나938980,to_in_008,0
2024,나나938983,to_in_001,5
2024,나나938983,to_in_007,5
2024,나나938983,to_in_008,0
2024,나나938984,to_in_001,18
2024,나나938984,to_in_007,8
2024,나나938984,to_in_008,8
2024,나나938985,to_in_001,5
2024,나나938985,to_in_007,5
2024,나나938985,to_in_008,5
2024,나나938986,to_in_001,8
2024,나나938986,to_in_007,5
2024,나나938986,to_in_008,5
2024,나나938987,to_in_001,8
2024,나나938987,to_in_007,5
2024,나나938987,to_in_008,5
2024,나나938989,to_in_001,5
2024,나나938989,to_in_007,0
2024,나나938989,to_in_008,5
2024,나나939732,to_in_001,5
2024,나나939732,to_in_007,0
2024,나나939732,to_in_008,5
2024,나나939748,to_in_001,5
2024,나나939748,to_in_007,5
2024,나나939748,to_in_008,5
2024,나나939749,to_in_001,5
2024,나나939749,to_in_007,0
2024,나나939749,to_in_008,0
2024,나나939763,to_in_001,8
2024,나나939763,to_in_007,5
2024,나나939763,to_in_008,0
2024,나나939764,to_in_001,5
2024,나나939764,to_in_007,5
2024,나나939764,to_in_008,0
2024,나나939767,to_in_001,5
2024,나나939767,to_in_007,0
2024,나나939767,to_in_008,5
2024,나나939769,to_in_001,18
2024,나나939769,to_in_007,8
2024,나나939769,to_in_008,8
2024,나나939770,to_in_001,23
2024,나나939770,to_in_007,8
2024,나나939770,to_in_008,18
2024,나나943762,to_in_001,23
2024,나나943762,to_in_007,13
2024,나나943762,to_in_008,8
2024,나나943763,to_in_001,8
2024,나나943763,to_in_007,5
2024,나나943763,to_in_008,5
2024,나나943764,to_in_001,5
2024,나나943764,to_in_007,0
2024,나나943764,to_in_008,0
2024,나나943766,to_in_001,8
2024,나나943766,to_in_007,5
2024,나나943766,to_in_008,5
2024,나나943775,to_in_001,8
2024,나나943775,to_in_007,5
2024,나나943775,to_in_008,8
2024,나나943807,to_in_001,0
2024,나나943807,to_in_007,0
2024,나나943807,to_in_008,0
2024,나나943914,to_in_001,8
2024,나나943914,to_in_007,5
2024,나나943914,to_in_008,5
2024,나나943915,to_in_001,5
2024,나나943915,to_in_007,0
2024,나나943915,to_in_008,5
2024,나나943916,to_in_001,5
2024,나나943916,to_in_007,5
2024,나나943916,to_in_008,0
2024,나나943967,to_in_001,0
2024,나나943967,to_in_007,0
2024,나나943967,to_in_008,0
2024,나나943968,to_in_001,8
2024,나나943968,to_in_007,8
2024,나나943968,to_in_008,5
2024,나나943969,to_in_001,8
2024,나나943969,to_in_007,8
2024,나나943969,to_in_008,5
2024,나나943971,to_in_001,5
2024,나나943971,to_in_007,0
2024,나나943971,to_in_008,0
2024,나나943972,to_in_001,8
2024,나나943972,to_in_007,5
2024,나나943972,to_in_008,5
2024,나나943983,to_in_001,5
2024,나나943983,to_in_007,0
2024,나나943983,to_in_008,0
2024,나나943984,to_in_001,8
2024,나나943984,to_in_007,8
2024,나나943984,to_in_008,5
2024,나나943985,to_in_001,28
2024,나나943985,to_in_007,13
2024,나나943985,to_in_008,13
2024,나나943986,to_in_001,8
2024,나나943986,to_in_007,5
2024,나나943986,to_in_008,5
2024,나나943987,to_in_001,8
2024,나나943987,to_in_007,5
2024,나나943987,to_in_008,8
2024,나나943988,to_in_001,43
2024,나나943988,to_in_007,18
2024,나나943988,to_in_008,23
2024,나나943989,to_in_001,5
2024,나나943989,to_in_007,0
2024,나나943989,to_in_008,5
2024,나나943990,to_in_001,8
2024,나나943990,to_in_007,5
2024,나나943990,to_in_008,5
2024,나나944717,to_in_001,0
2024,나나944717,to_in_007,0
2024,나나944717,to_in_008,0
2024,나나944719,to_in_001,8
2024,나나944719,to_in_007,8
2024,나나944719,to_in_008,5
2024,나나944720,to_in_001,34
2024,나나944720,to_in_007,18
2024,나나944720,to_in_008,19
2024,나나944721,to_in_001,28
2024,나나944721,to_in_007,13
2024,나나944721,to_in_008,13
2024,나나944722,to_in_001,8
2024,나나944722,to_in_007,8
2024,나나944722,to_in_008,5
2024,나나946750,to_in_001,0
2024,나나946750,to_in_007,0
2024,나나946750,to_in_008,0
2024,나나946751,to_in_001,8
2024,나나946751,to_in_007,8
2024,나나946751,to_in_008,5
2024,나나946752,to_in_001,8
2024,나나946752,to_in_007,5
2024,나나946752,to_in_008,8
2024,나나946753,to_in_001,23
2024,나나946753,to_in_007,13
2024,나나946753,to_in_008,8
2024,나나946754,to_in_001,23
2024,나나946754,to_in_007,8
2024,나나946754,to_in_008,13
2024,나나946755,to_in_001,23
2024,나나946755,to_in_007,13
2024,나나946755,to_in_008,13
2024,나나946756,to_in_001,8
2024,나나946756,to_in_007,5
2024,나나946756,to_in_008,5
2024,나나946757,to_in_001,8
2024,나나946757,to_in_007,5
2024,나나946757,to_in_008,8
2024,나나946758,to_in_001,13
2024,나나946758,to_in_007,5
2024,나나946758,to_in_008,8
2024,나나946782,to_in_001,5
2024,나나946782,to_in_007,0
2024,나나946782,to_in_008,5
2024,나나946806,to_in_001,5
2024,나나946806,to_in_007,0
2024,나나946806,to_in_008,5
2024,나나946845,to_in_001,11
2024,나나946845,to_in_007,11
2024,나나946845,to_in_008,5
2024,나나946915,to_in_001,5
2024,나나946915,to_in_007,0
2024,나나946915,to_in_008,5
2024,나나946945,to_in_001,5
2024,나나946945,to_in_007,5
2024,나나946945,to_in_008,0
2024,나나946950,to_in_001,5
2024,나나946950,to_in_007,0
2024,나나946950,to_in_008,0
2024,나나946955,to_in_001,33
2024,나나946955,to_in_007,13
2024,나나946955,to_in_008,18
2024,나나946958,to_in_001,13
2024,나나946958,to_in_007,13
2024,나나946958,to_in_008,5
2024,나나946966,to_in_001,0
2024,나나946966,to_in_007,0
2024,나나946966,to_in_008,0
2024,나나946967,to_in_001,5
2024,나나946967,to_in_007,5
2024,나나946967,to_in_008,5
2024,나나946968,to_in_001,8
2024,나나946968,to_in_007,5
2024,나나946968,to_in_008,5
2024,나나946970,to_in_001,5
2024,나나946970,to_in_007,5
2024,나나946970,to_in_008,5
2024,나나946971,to_in_001,8
2024,나나946971,to_in_007,5
2024,나나946971,to_in_008,8
2024,나나946972,to_in_001,23
2024,나나946972,to_in_007,8
2024,나나946972,to_in_008,13
2024,나나946973,to_in_001,23
2024,나나946973,to_in_007,8
2024,나나946973,to_in_008,13
2024,나나946979,to_in_001,5
2024,나나946979,to_in_007,0
2024,나나946979,to_in_008,5
2024,나나946980,to_in_001,8
2024,나나946980,to_in_007,5
2024,나나946980,to_in_008,8
2024,나나946981,to_in_001,5
2024,나나946981,to_in_007,5
2024,나나946981,to_in_008,5
2024,나나946982,to_in_001,23
2024,나나946982,to_in_007,13
2024,나나946982,to_in_008,13
2024,나나946983,to_in_001,28
2024,나나921957,to_in_007,0
2024,나나921957,to_in_008,0
2024,나나921958,to_in_001,5
2024,나나921958,to_in_007,5
2024,나나921958,to_in_008,5
2024,나나921960,to_in_001,5
2024,나나921960,to_in_007,0
2024,나나921960,to_in_008,5
2024,나나921972,to_in_001,5
2024,나나921972,to_in_007,5
2024,나나921972,to_in_008,0
2024,나나931728,to_in_001,0
2024,나나931728,to_in_007,0
2024,나나931728,to_in_008,0
2024,나나931742,to_in_001,5
2024,나나931742,to_in_007,0
2024,나나931742,to_in_008,5
2024,나나931743,to_in_001,5
2024,나나931743,to_in_007,5
2024,나나931743,to_in_008,5
2024,나나931744,to_in_001,5
2024,나나931744,to_in_007,0
2024,나나931744,to_in_008,5
2024,나나931746,to_in_001,13
2024,나나931746,to_in_007,8
2024,나나931746,to_in_008,8
2024,나나931747,to_in_001,23
2024,나나931747,to_in_007,13
2024,나나931747,to_in_008,13
2024,나나931748,to_in_001,23
2024,나나931748,to_in_007,13
2024,나나931748,to_in_008,8
2024,나나931749,to_in_001,23
2024,나나931749,to_in_007,13
2024,나나931749,to_in_008,8
2024,나나931750,to_in_001,8
2024,나나931750,to_in_007,5
2024,나나931750,to_in_008,5
2024,나나931784,to_in_001,5
2024,나나931784,to_in_007,5
2024,나나931784,to_in_008,0
2024,나나931805,to_in_001,0
2024,나나931805,to_in_007,0
2024,나나931805,to_in_008,0
2024,나나931821,to_in_001,5
2024,나나931821,to_in_007,5
2024,나나931821,to_in_008,0
2024,나나931929,to_in_001,5
2024,나나931929,to_in_007,0
2024,나나931929,to_in_008,0
2024,나나931931,to_in_001,13
2024,나나931931,to_in_007,8
2024,나나931931,to_in_008,5
2024,나나931932,to_in_001,5
2024,나나931932,to_in_007,5
2024,나나931932,to_in_008,0
2024,나나931946,to_in_001,5
2024,나나931946,to_in_007,5
2024,나나931946,to_in_008,0
2024,나나931957,to_in_001,13
2024,나나931957,to_in_007,5
2024,나나931957,to_in_008,8
2024,나나931958,to_in_001,28
2024,나나931958,to_in_007,18
2024,나나931958,to_in_008,8
2024,나나931959,to_in_001,23
2024,나나931959,to_in_007,13
2024,나나931959,to_in_008,8
2024,나나931960,to_in_001,5
2024,나나931960,to_in_007,5
2024,나나931960,to_in_008,5
2024,나나931966,to_in_001,39
2024,나나931966,to_in_007,18
2024,나나931966,to_in_008,19
2024,나나931967,to_in_001,28
2024,나나931967,to_in_007,13
2024,나나931967,to_in_008,18
2024,나나931968,to_in_001,13
2024,나나931968,to_in_007,8
2024,나나931968,to_in_008,8
2024,나나931969,to_in_001,13
2024,나나931969,to_in_007,8
2024,나나931969,to_in_008,8
2024,나나931970,to_in_001,5
2024,나나931970,to_in_007,5
2024,나나931970,to_in_008,0
2024,나나931971,to_in_001,8
2024,나나931971,to_in_007,5
2024,나나931971,to_in_008,5
2024,나나931977,to_in_001,0
2024,나나931977,to_in_007,0
2024,나나931977,to_in_008,0
2024,나나931979,to_in_001,23
2024,나나931979,to_in_007,13
2024,나나931979,to_in_008,8
2024,나나937928,to_in_001,8
2024,나나937928,to_in_007,8
2024,나나937928,to_in_008,5
2024,나나937929,to_in_001,8
2024,나나937929,to_in_007,5
2024,나나937929,to_in_008,5
2024,나나937933,to_in_001,5
2024,나나937933,to_in_007,5
2024,나나937933,to_in_008,0
2024,나나937956,to_in_001,5
2024,나나937956,to_in_007,0
2024,나나937956,to_in_008,5
2024,나나937957,to_in_001,5
2024,나나937957,to_in_007,0
2024,나나937957,to_in_008,5
2024,나나937964,to_in_001,5
2024,나나937964,to_in_007,5
2024,나나937964,to_in_008,5
2024,나나937975,to_in_001,8
2024,나나937975,to_in_007,5
2024,나나937975,to_in_008,8
2024,나나937979,to_in_001,5
2024,나나937979,to_in_007,5
2024,나나937979,to_in_008,0
2024,나나937984,to_in_001,28
2024,나나937984,to_in_007,13
2024,나나937984,to_in_008,13
2024,나나937985,to_in_001,0
2024,나나937985,to_in_007,0
2024,나나937985,to_in_008,0
2024,나나937987,to_in_001,8
2024,나나937987,to_in_007,5
2024,나나937987,to_in_008,5
2024,나나937988,to_in_001,5
2024,나나937988,to_in_007,5
2024,나나937988,to_in_008,0
2024,나나937990,to_in_001,5
2024,나나937990,to_in_007,5
2024,나나937990,to_in_008,0
2024,나나938723,to_in_001,5
2024,나나938723,to_in_007,0
2024,나나938723,to_in_008,5
2024,나나938724,to_in_001,5
2024,나나938724,to_in_007,5
2024,나나938724,to_in_008,5
2024,나나938725,to_in_001,0
2024,나나938725,to_in_007,0
2024,나나938725,to_in_008,0
2024,나나938726,to_in_001,5
2024,나나938726,to_in_007,0
2024,나나938726,to_in_008,5
2024,나나938729,to_in_001,8
2024,나나938729,to_in_007,5
2024,나나938729,to_in_008,5
2024,나나938739,to_in_001,8
2024,나나938739,to_in_007,5
2024,나나938739,to_in_008,5
2024,나나938748,to_in_001,8
2024,나나938748,to_in_007,8
2024,나나938748,to_in_008,5
2024,나나938749,to_in_001,18
2024,나나938749,to_in_007,8
2024,나나938749,to_in_008,13
2024,나나938750,to_in_001,5
2024,나나938750,to_in_007,0
2024,나나938750,to_in_008,5
2024,나나938764,to_in_001,5
2024,나나938764,to_in_007,5
2024,나나938764,to_in_008,0
2024,나나938765,to_in_001,5
2024,나나938765,to_in_007,0
2024,나나938765,to_in_008,0
2024,나나938767,to_in_001,5
2024,나나938767,to_in_007,5
2024,나나938767,to_in_008,0
2024,나나938768,to_in_001,5
2024,나나938768,to_in_007,0
2024,나나938768,to_in_008,5
2024,나나938774,to_in_001,5
2024,나나938774,to_in_007,0
2024,나나938774,to_in_008,0
2024,나나944724,to_in_001,8
2024,나나944724,to_in_007,5
2024,나나944724,to_in_008,5
2024,나나944728,to_in_001,5
2024,나나944728,to_in_007,5
2024,나나944728,to_in_008,0
2024,나나944734,to_in_001,0
2024,나나944734,to_in_007,0
2024,나나944734,to_in_008,0
2024,나나944751,to_in_001,23
2024,나나944751,to_in_007,13
2024,나나944751,to_in_008,8
2024,나나944752,to_in_001,18
2024,나나944752,to_in_007,13
2024,나나944752,to_in_008,8
2024,나나944753,to_in_001,8
2024,나나944753,to_in_007,5
2024,나나944753,to_in_008,5
2024,나나944754,to_in_001,23
2024,나나944754,to_in_007,8
2024,나나944754,to_in_008,13
2024,나나944755,to_in_001,8
2024,나나944755,to_in_007,8
2024,나나944755,to_in_008,5
2024,나나944757,to_in_001,5
2024,나나944757,to_in_007,0
2024,나나944757,to_in_008,0
2024,나나944761,to_in_001,8
2024,나나944761,to_in_007,5
2024,나나944761,to_in_008,5
2024,나나944762,to_in_001,8
2024,나나944762,to_in_007,5
2024,나나944762,to_in_008,5
2024,나나944763,to_in_001,5
2024,나나944763,to_in_007,0
2024,나나944763,to_in_008,5
2024,나나944766,to_in_001,5
2024,나나944766,to_in_007,5
2024,나나944766,to_in_008,5
2024,나나944806,to_in_001,5
2024,나나944806,to_in_007,5
2024,나나944806,to_in_008,0
2024,나나944872,to_in_001,5
2024,나나944872,to_in_007,0
2024,나나944872,to_in_008,5
2024,나나944915,to_in_001,8
2024,나나944915,to_in_007,5
2024,나나944915,to_in_008,5
2024,나나944916,to_in_001,5
2024,나나944916,to_in_007,5
2024,나나944916,to_in_008,0
2024,나나944926,to_in_001,5
2024,나나944926,to_in_007,5
2024,나나944926,to_in_008,0
2024,나나944955,to_in_001,5
2024,나나944955,to_in_007,0
2024,나나944955,to_in_008,0
2024,나나944962,to_in_001,5
2024,나나944962,to_in_007,0
2024,나나944962,to_in_008,5
2024,나나944969,to_in_001,5
2024,나나944969,to_in_007,0
2024,나나944969,to_in_008,0
2024,나나944970,to_in_001,5
2024,나나944970,to_in_007,0
2024,나나944970,to_in_008,5
2024,나나944981,to_in_001,8
2024,나나944981,to_in_007,5
2024,나나944981,to_in_008,0
2024,나나944982,to_in_001,5
2024,나나944982,to_in_007,5
2024,나나944982,to_in_008,0
2024,나나944985,to_in_001,18
2024,나나944985,to_in_007,5
2024,나나944985,to_in_008,13
2024,나나944986,to_in_001,5
2024,나나944986,to_in_007,5
2024,나나944986,to_in_008,5
2024,나나950721,to_in_001,13
2024,나나950721,to_in_007,8
2024,나나950721,to_in_008,5
2024,나나950722,to_in_001,8
2024,나나950722,to_in_007,5
2024,나나950722,to_in_008,5
2024,나나950723,to_in_001,5
2024,나나950723,to_in_007,0
2024,나나950723,to_in_008,0
2024,나나950724,to_in_001,13
2024,나나950724,to_in_007,5
2024,나나950724,to_in_008,8
2024,나나950730,to_in_001,5
2024,나나950730,to_in_007,5
2024,나나950730,to_in_008,0
2024,나나950751,to_in_001,5
2024,나나950751,to_in_007,5
2024,나나950751,to_in_008,5
2024,나나950753,to_in_001,8
2024,나나950753,to_in_007,5
2024,나나950753,to_in_008,5
2024,나나950754,to_in_001,23
2024,나나950754,to_in_007,13
2024,나나950754,to_in_008,8
2024,나나950756,to_in_001,5
2024,나나950756,to_in_007,0
2024,나나950756,to_in_008,5
2024,나나950759,to_in_001,5
2024,나나950759,to_in_007,5
2024,나나950759,to_in_008,5
2024,나나950761,to_in_001,8
2024,나나950761,to_in_007,5
2024,나나950761,to_in_008,5
2024,나나950762,to_in_001,5
2024,나나950762,to_in_007,5
2024,나나950762,to_in_008,0
2024,나나950763,to_in_001,8
2024,나나950763,to_in_007,5
2024,나나950763,to_in_008,5
2024,나나940766,to_in_008,5
2024,나나940768,to_in_001,5
2024,나나940768,to_in_007,5
2024,나나940768,to_in_008,5
2024,나나940807,to_in_001,5
2024,나나940807,to_in_007,0
2024,나나940807,to_in_008,5
2024,나나940809,to_in_001,5
2024,나나940809,to_in_007,0
2024,나나940809,to_in_008,0
2024,나나940898,to_in_001,5
2024,나나940898,to_in_007,0
2024,나나940898,to_in_008,5
2024,나나940929,to_in_001,5
2024,나나940929,to_in_007,5
2024,나나940929,to_in_008,0
2024,나나940932,to_in_001,8
2024,나나940932,to_in_007,8
2024,나나940932,to_in_008,5
2024,나나940942,to_in_001,5
2024,나나940942,to_in_007,5
2024,나나940942,to_in_008,0
2024,나나940959,to_in_001,0
2024,나나940959,to_in_007,0
2024,나나940959,to_in_008,0
2024,나나940985,to_in_001,5
2024,나나940985,to_in_007,5
2024,나나940985,to_in_008,0
2024,나나940986,to_in_001,8
2024,나나940986,to_in_007,5
2024,나나940986,to_in_008,5
2024,나나940988,to_in_001,28
2024,나나940988,to_in_007,13
2024,나나940988,to_in_008,18
2024,나나940989,to_in_001,5
2024,나나940989,to_in_007,5
2024,나나940989,to_in_008,0
2024,나나940990,to_in_001,28
2024,나나940990,to_in_007,13
2024,나나940990,to_in_008,13
2024,나나941721,to_in_001,18
2024,나나941721,to_in_007,8
2024,나나941721,to_in_008,13
2024,나나941722,to_in_001,13
2024,나나941722,to_in_007,8
2024,나나941722,to_in_008,8
2024,나나941723,to_in_001,5
2024,나나941723,to_in_007,0
2024,나나941723,to_in_008,0
2024,나나941725,to_in_001,18
2024,나나941725,to_in_007,5
2024,나나941725,to_in_008,13
2024,나나941727,to_in_001,5
2024,나나941727,to_in_007,0
2024,나나941727,to_in_008,5
2024,나나941728,to_in_001,0
2024,나나941728,to_in_007,0
2024,나나941728,to_in_008,0
2024,나나941732,to_in_001,5
2024,나나941732,to_in_007,5
2024,나나941732,to_in_008,0
2024,나나941747,to_in_001,5
2024,나나941747,to_in_007,5
2024,나나941747,to_in_008,5
2024,나나941749,to_in_001,0
2024,나나941749,to_in_007,0
2024,나나941749,to_in_008,0
2024,나나941763,to_in_001,13
2024,나나941763,to_in_007,8
2024,나나941763,to_in_008,8
2024,나나941764,to_in_001,18
2024,나나941764,to_in_007,8
2024,나나941764,to_in_008,8
2024,나나941765,to_in_001,8
2024,나나941765,to_in_007,5
2024,나나941765,to_in_008,5
2024,나나941767,to_in_001,5
2024,나나941767,to_in_007,5
2024,나나941767,to_in_008,0
2024,나나941835,to_in_001,5
2024,나나941835,to_in_007,0
2024,나나941835,to_in_008,5
2024,나나941916,to_in_001,5
2024,나나941916,to_in_007,0
2024,나나941916,to_in_008,5
2024,나나941917,to_in_001,5
2024,나나941917,to_in_007,5
2024,나나941917,to_in_008,0
2024,나나941927,to_in_001,5
2024,나나941927,to_in_007,5
2024,나나941927,to_in_008,5
2024,나나941928,to_in_001,28
2024,나나941928,to_in_007,18
2024,나나941928,to_in_008,13
2024,나나941953,to_in_001,5
2024,나나941953,to_in_007,5
2024,나나941953,to_in_008,0
2024,나나941955,to_in_001,0
2024,나나941955,to_in_007,0
2024,나나941955,to_in_008,0
2024,나나941958,to_in_001,5
2024,나나941958,to_in_007,5
2024,나나941958,to_in_008,5
2024,나나941963,to_in_001,8
2024,나나941963,to_in_007,8
2024,나나941963,to_in_008,0
2024,나나941968,to_in_001,5
2024,나나941968,to_in_007,0
2024,나나941968,to_in_008,0
2024,나나941969,to_in_001,5
2024,나나941969,to_in_007,5
2024,나나941969,to_in_008,5
2024,나나941971,to_in_001,0
2024,나나941971,to_in_007,0
2024,나나941971,to_in_008,0
2024,나나941978,to_in_001,8
2024,나나941978,to_in_007,5
2024,나나941978,to_in_008,5
2024,나나941980,to_in_001,5
2024,나나941980,to_in_007,5
2024,나나941980,to_in_008,5
2024,나나941987,to_in_001,5
2024,나나941987,to_in_007,5
2024,나나941987,to_in_008,0
2024,나나941988,to_in_001,13
2024,나나941988,to_in_007,8
2024,나나941988,to_in_008,5
2024,나나941989,to_in_001,5
2024,나나941989,to_in_007,5
2024,나나941989,to_in_008,0
2024,나나941990,to_in_001,18
2024,나나941990,to_in_007,13
2024,나나941990,to_in_008,8
2024,나나942718,to_in_001,0
2024,나나942718,to_in_007,0
2024,나나942718,to_in_008,0
2024,나나942720,to_in_001,23
2024,나나942720,to_in_007,13
2024,나나942720,to_in_008,13
2024,나나942721,to_in_001,28
2024,나나942721,to_in_007,13
2024,나나942721,to_in_008,18
2024,나나942722,to_in_001,48
2024,나나942722,to_in_007,23
2024,나나942722,to_in_008,28
2024,나나948972,to_in_001,18
2024,나나948972,to_in_007,13
2024,나나948972,to_in_008,8
2024,나나948973,to_in_001,13
2024,나나948973,to_in_007,8
2024,나나948973,to_in_008,5
2024,나나948980,to_in_001,49
2024,나나948980,to_in_007,29
2024,나나948980,to_in_008,23
2024,나나948981,to_in_001,8
2024,나나948981,to_in_007,5
2024,나나948981,to_in_008,5
2024,나나948982,to_in_001,28
2024,나나948982,to_in_007,13
2024,나나948982,to_in_008,13
2024,나나948983,to_in_001,33
2024,나나948983,to_in_007,18
2024,나나948983,to_in_008,13
2024,나나948984,to_in_001,8
2024,나나948984,to_in_007,5
2024,나나948984,to_in_008,0
2024,나나948985,to_in_001,8
2024,나나948985,to_in_007,5
2024,나나948985,to_in_008,8
2024,나나948986,to_in_001,8
2024,나나948986,to_in_007,5
2024,나나948986,to_in_008,5
2024,나나948987,to_in_001,5
2024,나나948987,to_in_007,0
2024,나나948987,to_in_008,0
2024,나나948988,to_in_001,8
2024,나나948988,to_in_007,5
2024,나나948988,to_in_008,5
2024,나나948989,to_in_001,0
2024,나나948989,to_in_007,0
2024,나나948989,to_in_008,0
2024,나나948990,to_in_001,8
2024,나나948990,to_in_007,5
2024,나나948990,to_in_008,5
2024,나나949719,to_in_001,49
2024,나나949719,to_in_007,24
2024,나나949719,to_in_008,23
2024,나나949720,to_in_001,48
2024,나나949720,to_in_007,23
2024,나나949720,to_in_008,23
2024,나나949721,to_in_001,33
2024,나나949721,to_in_007,18
2024,나나949721,to_in_008,18
2024,나나949722,to_in_001,8
2024,나나949722,to_in_007,5
2024,나나949722,to_in_008,5
2024,나나949723,to_in_001,8
2024,나나949723,to_in_007,8
2024,나나949723,to_in_008,5
2024,나나949724,to_in_001,18
2024,나나949724,to_in_007,13
2024,나나949724,to_in_008,8
2024,나나949730,to_in_001,0
2024,나나949730,to_in_007,0
2024,나나949730,to_in_008,0
2024,나나949754,to_in_001,8
2024,나나949754,to_in_007,5
2024,나나949754,to_in_008,5
2024,나나949755,to_in_001,5
2024,나나949755,to_in_007,0
2024,나나949755,to_in_008,5
2024,나나949759,to_in_001,5
2024,나나949759,to_in_007,5
2024,나나949759,to_in_008,0
2024,나나949760,to_in_001,5
2024,나나949760,to_in_007,0
2024,나나949760,to_in_008,5
2024,나나949805,to_in_001,0
2024,나나949805,to_in_007,0
2024,나나949805,to_in_008,0
2024,나나949911,to_in_001,0
2024,나나949911,to_in_007,0
2024,나나949911,to_in_008,0
2024,나나949920,to_in_001,5
2024,나나949920,to_in_007,0
2024,나나949920,to_in_008,0
2024,나나949944,to_in_001,5
2024,나나949944,to_in_007,0
2024,나나949944,to_in_008,0
2024,나나949954,to_in_001,5
2024,나나949954,to_in_007,5
2024,나나949954,to_in_008,0
2024,나나949955,to_in_001,8
2024,나나949955,to_in_007,5
2024,나나949955,to_in_008,5
2024,나나949962,to_in_001,5
2024,나나949962,to_in_007,5
2024,나나949962,to_in_008,0
2024,나나949964,to_in_001,5
2024,나나949964,to_in_007,0
2024,나나949964,to_in_008,5
2024,나나949965,to_in_001,18
2024,나나949965,to_in_007,8
2024,나나949965,to_in_008,8
2024,나나949966,to_in_001,8
2024,나나949966,to_in_007,8
2024,나나949966,to_in_008,5
2024,나나949967,to_in_001,5
2024,나나949967,to_in_007,0
2024,나나949967,to_in_008,5
2024,나나949968,to_in_001,8
2024,나나949968,to_in_007,5
2024,나나949968,to_in_008,8
2024,나나949969,to_in_001,5
2024,나나949969,to_in_007,0
2024,나나949969,to_in_008,5
2024,나나949970,to_in_001,5
2024,나나949970,to_in_007,0
2024,나나949970,to_in_008,5
2024,나나949972,to_in_001,18
2024,나나949972,to_in_007,8
2024,나나949972,to_in_008,8
2024,나나949984,to_in_001,0
2024,나나949984,to_in_007,0
2024,나나949984,to_in_008,0
2024,나나949986,to_in_001,5
2024,나나949986,to_in_007,5
2024,나나949986,to_in_008,0
2024,나나949987,to_in_001,8
2024,나나949987,to_in_007,8
2024,나나949987,to_in_008,5
2024,나나949989,to_in_001,13
2024,나나949989,to_in_007,13
2024,나나949989,to_in_008,5
2024,나나949990,to_in_001,0
2024,나나949990,to_in_007,0
2024,나나949990,to_in_008,0
2024,나나950718,to_in_001,0
2024,나나950718,to_in_007,0
2024,나나950718,to_in_008,0
2024,나나950720,to_in_001,23
2024,나나950720,to_in_007,8
2024,나나950720,to_in_008,13
2024,나나957751,to_in_001,8
2024,나나957751,to_in_007,5
2024,나나957751,to_in_008,8
2024,나나957754,to_in_001,5
2024,나나957754,to_in_007,0
2024,나나957754,to_in_008,5
2024,나나957765,to_in_001,5
2024,나나957765,to_in_007,0
2024,나나957765,to_in_008,0
2024,나나957799,to_in_001,8
2024,나나953989,to_in_001,0
2024,나나953989,to_in_007,0
2024,나나953989,to_in_008,0
2024,나나953991,to_in_001,5
2024,나나953991,to_in_007,0
2024,나나953991,to_in_008,5
2024,나나957995,to_in_001,13
2024,나나957995,to_in_007,8
2024,나나957995,to_in_008,8
2024,나나957996,to_in_001,43
2024,나나957996,to_in_007,18
2024,나나957996,to_in_008,23
2024,나나958725,to_in_001,5
2024,나나958725,to_in_007,5
2024,나나958725,to_in_008,5
2024,나나958727,to_in_001,8
2024,나나958727,to_in_007,8
2024,나나958727,to_in_008,5
2024,나나958728,to_in_001,8
2024,나나958728,to_in_007,5
2024,나나958728,to_in_008,5
2024,나나958733,to_in_001,8
2024,나나958733,to_in_007,0
2024,나나958733,to_in_008,8
2024,나나958752,to_in_001,5
2024,나나958752,to_in_007,5
2024,나나958752,to_in_008,0
2024,나나958800,to_in_001,5
2024,나나958800,to_in_007,5
2024,나나958800,to_in_008,5
2024,나나958801,to_in_001,5
2024,나나958801,to_in_007,0
2024,나나958801,to_in_008,0
2024,나나958820,to_in_001,0
2024,나나958820,to_in_007,0
2024,나나958820,to_in_008,0
2024,나나958823,to_in_001,5
2024,나나958823,to_in_007,0
2024,나나958823,to_in_008,5
2024,나나958824,to_in_001,5
2024,나나958824,to_in_007,5
2024,나나958824,to_in_008,0
2024,나나958825,to_in_001,5
2024,나나958825,to_in_007,0
2024,나나958825,to_in_008,0
2024,나나958826,to_in_001,8
2024,나나958826,to_in_007,8
2024,나나958826,to_in_008,5
2024,나나958900,to_in_001,5
2024,나나958900,to_in_007,5
2024,나나958900,to_in_008,0
2024,나나958901,to_in_001,5
2024,나나958901,to_in_007,5
2024,나나958901,to_in_008,5
2024,나나958902,to_in_001,0
2024,나나958902,to_in_007,0
2024,나나958902,to_in_008,0
2024,나나958903,to_in_001,13
2024,나나958903,to_in_007,5
2024,나나958903,to_in_008,8
2024,나나958913,to_in_001,8
2024,나나958913,to_in_007,5
2024,나나958913,to_in_008,8
2024,나나958914,to_in_001,13
2024,나나958914,to_in_007,5
2024,나나958914,to_in_008,8
2024,나나958915,to_in_001,8
2024,나나958915,to_in_007,5
2024,나나958915,to_in_008,5
2024,나나958919,to_in_001,8
2024,나나958919,to_in_007,0
2024,나나958919,to_in_008,8
2024,나나958922,to_in_001,5
2024,나나958922,to_in_007,0
2024,나나958922,to_in_008,0
2024,나나958923,to_in_001,5
2024,나나958923,to_in_007,5
2024,나나958923,to_in_008,0
2024,나나958928,to_in_001,8
2024,나나958928,to_in_007,5
2024,나나958928,to_in_008,5
2024,나나958929,to_in_001,8
2024,나나958929,to_in_007,8
2024,나나958929,to_in_008,5
2024,나나958933,to_in_001,5
2024,나나958933,to_in_007,0
2024,나나958933,to_in_008,5
2024,나나958934,to_in_001,8
2024,나나958934,to_in_007,5
2024,나나958934,to_in_008,5
2024,나나958938,to_in_001,18
2024,나나958938,to_in_007,8
2024,나나958938,to_in_008,8
2024,나나958939,to_in_001,5
2024,나나958939,to_in_007,0
2024,나나958939,to_in_008,5
2024,나나958940,to_in_001,0
2024,나나958940,to_in_007,0
2024,나나958940,to_in_008,0
2024,나나958941,to_in_001,18
2024,나나958941,to_in_007,8
2024,나나958941,to_in_008,8
2024,나나958942,to_in_001,5
2024,나나958942,to_in_007,5
2024,나나958942,to_in_008,5
2024,나나958944,to_in_001,5
2024,나나958944,to_in_007,5
2024,나나958944,to_in_008,0
2024,나나958946,to_in_001,13
2024,나나958946,to_in_007,8
2024,나나958946,to_in_008,5
2024,나나958947,to_in_001,18
2024,나나958947,to_in_007,13
2024,나나958947,to_in_008,8
2024,나나958948,to_in_001,13
2024,나나958948,to_in_007,8
2024,나나958948,to_in_008,8
2024,나나958949,to_in_001,13
2024,나나958949,to_in_007,8
2024,나나958949,to_in_008,5
2024,나나958956,to_in_001,5
2024,나나958956,to_in_007,5
2024,나나958956,to_in_008,5
2024,나나958970,to_in_001,5
2024,나나958970,to_in_007,5
2024,나나958970,to_in_008,0
2024,나나958973,to_in_001,5
2024,나나958973,to_in_007,0
2024,나나958973,to_in_008,5
2024,나나958977,to_in_001,13
2024,나나958977,to_in_007,5
2024,나나958977,to_in_008,8
2024,나나958978,to_in_001,8
2024,나나958978,to_in_007,5
2024,나나958978,to_in_008,8
2024,나나962721,to_in_001,8
2024,나나962721,to_in_007,5
2024,나나962721,to_in_008,8
2024,나나962725,to_in_001,8
2024,나나962725,to_in_007,5
2024,나나962725,to_in_008,5
2024,나나962726,to_in_001,8
2024,나나962726,to_in_007,5
2024,나나962726,to_in_008,5
2024,나나962727,to_in_001,5
2024,나나962727,to_in_007,5
2024,나나962727,to_in_008,0
2024,나나962728,to_in_001,13
2024,나나962728,to_in_007,8
2024,나나962728,to_in_008,8
2024,나나962729,to_in_001,5
2024,나나962729,to_in_007,5
2024,나나962729,to_in_008,0
2024,나나962730,to_in_001,8
2024,나나962730,to_in_007,5
2024,나나962730,to_in_008,8
2024,나나962731,to_in_001,13
2024,나나962731,to_in_007,8
2024,나나962731,to_in_008,8
2024,나나962732,to_in_001,23
2024,나나962732,to_in_007,13
2024,나나962732,to_in_008,13
2024,나나962733,to_in_001,13
2024,나나962733,to_in_007,8
2024,나나962733,to_in_008,8
2024,나나962734,to_in_001,13
2024,나나962734,to_in_007,8
2024,나나962734,to_in_008,5
2024,나나962735,to_in_001,5
2024,나나962735,to_in_007,5
2024,나나962735,to_in_008,5
2024,나나962745,to_in_001,5
2024,나나962745,to_in_007,0
2024,나나962745,to_in_008,0
2024,나나962747,to_in_001,8
2024,나나962747,to_in_007,5
2024,나나962747,to_in_008,8
2024,나나962761,to_in_001,0
2024,나나962761,to_in_007,0
2024,나나962761,to_in_008,0
2024,나나962814,to_in_001,5
2024,나나962814,to_in_007,5
2024,나나962814,to_in_008,0
2024,나나962887,to_in_001,5
2024,나나962887,to_in_007,5
2024,나나962887,to_in_008,0
2024,나나962943,to_in_001,5
2024,나나962943,to_in_007,5
2024,나나962943,to_in_008,5
2024,나나962945,to_in_001,5
2024,나나962945,to_in_007,5
2024,나나962945,to_in_008,5
2024,나나962946,to_in_001,8
2024,나나962946,to_in_007,5
2024,나나962946,to_in_008,5
2024,나나962947,to_in_001,8
2024,나나962947,to_in_007,5
2024,나나962947,to_in_008,5
2024,나나962951,to_in_001,5
2024,나나962951,to_in_007,5
2024,나나962951,to_in_008,0
2024,나나962952,to_in_001,5
2024,나나962952,to_in_007,0
2024,나나962952,to_in_008,0
2024,나나962953,to_in_001,33
2024,나나962953,to_in_007,18
2024,나나962953,to_in_008,13
2024,나나962956,to_in_001,8
2024,나나962956,to_in_007,5
2024,나나962956,to_in_008,8
2024,나나962957,to_in_001,5
2024,나나962957,to_in_007,5
2024,나나962957,to_in_008,0
2024,나나962958,to_in_001,5
2024,나나962958,to_in_007,5
2024,나나962958,to_in_008,5
2024,나나962961,to_in_001,0
2024,나나962961,to_in_007,0
2024,나나962961,to_in_008,0
2024,나나962963,to_in_001,5
2024,나나962963,to_in_007,5
2024,나나962963,to_in_008,0
2024,나나962964,to_in_001,5
2024,나나962964,to_in_007,0
2024,나나962964,to_in_008,0
2024,나나962977,to_in_001,5
2024,나나962977,to_in_007,0
2024,나나962977,to_in_008,0
2024,나나962978,to_in_001,8
2024,나나962978,to_in_007,0
2024,나나962978,to_in_008,8
2024,나나962979,to_in_001,13
2024,나나962979,to_in_007,8
2024,나나962979,to_in_008,8
2024,나나962980,to_in_001,23
2024,나나962980,to_in_007,13
2024,나나962980,to_in_008,13
2024,나나962981,to_in_001,18
2024,나나962981,to_in_007,8
2024,나나962981,to_in_008,8
2024,나나962982,to_in_001,8
2024,나나962982,to_in_007,8
2024,나나962982,to_in_008,5
2024,나나962989,to_in_001,5
2024,나나962989,to_in_007,5
2024,나나962989,to_in_008,5
2024,나나962992,to_in_001,5
2024,나나962992,to_in_007,0
2024,나나962992,to_in_008,5
2024,나나962994,to_in_001,5
2024,나나962994,to_in_007,5
2024,나나962994,to_in_008,5
2024,나나962996,to_in_001,5
2024,나나962996,to_in_007,5
2024,나나962996,to_in_008,0
2024,나나963722,to_in_001,5
2024,나나963722,to_in_007,0
2024,나나963722,to_in_008,0
2024,나나963723,to_in_001,5
2024,나나963723,to_in_007,0
2024,나나963723,to_in_008,5
2024,나나963724,to_in_001,5
2024,나나963724,to_in_007,0
2024,나나963724,to_in_008,5
2024,나나963725,to_in_001,5
2024,나나963725,to_in_007,5
2024,나나963725,to_in_008,5
2024,나나963727,to_in_001,5
2024,나나963727,to_in_007,0
2024,나나963727,to_in_008,0
2024,나나963728,to_in_001,8
2024,나나963728,to_in_007,5
2024,나나963728,to_in_008,5
2024,나나963729,to_in_001,18
2024,나나963729,to_in_007,8
2024,나나963729,to_in_008,8
2024,나나964969,to_in_001,8
2024,나나964969,to_in_007,5
2024,나나964969,to_in_008,5
2024,나나964970,to_in_001,5
2024,나나964970,to_in_007,5
2024,나나964970,to_in_008,5
2024,나나964975,to_in_001,0
2024,나나964975,to_in_007,0
2024,나나964975,to_in_008,0
2024,나나964978,to_in_001,8
2024,나나964978,to_in_007,5
2024,나나964978,to_in_008,5
2024,나나964979,to_in_001,33
2024,나나964979,to_in_007,18
2024,나나964979,to_in_008,13
2024,나나964985,to_in_001,5
2024,나나964985,to_in_007,5
2024,나나964985,to_in_008,0
2024,나나964988,to_in_001,8
2024,나나964988,to_in_007,5
2024,나나964988,to_in_008,5
2024,나나964994,to_in_001,8
2024,나나964994,to_in_007,5
2024,나나964994,to_in_008,5
2024,나나965730,to_in_001,13
2024,나나965730,to_in_007,13
2024,나나965730,to_in_008,5
2024,나나965731,to_in_001,8
2024,나나965731,to_in_007,5
2024,나나965731,to_in_008,5
2024,나나965732,to_in_001,23
2024,나나965732,to_in_007,13
2024,나나965732,to_in_008,13
2024,나나965733,to_in_001,13
2024,나나965733,to_in_007,5
2024,나나965733,to_in_008,8
2024,나나965734,to_in_001,5
2024,나나965734,to_in_007,5
2024,나나965734,to_in_008,0
2024,나나965735,to_in_001,23
2024,나나965735,to_in_007,13
2024,나나965735,to_in_008,8
2024,나나965736,to_in_001,8
2024,나나965736,to_in_007,5
2024,나나965736,to_in_008,5
2024,나나965737,to_in_001,13
2024,나나965737,to_in_007,8
2024,나나965737,to_in_008,8
2024,나나965738,to_in_001,5
2024,나나965738,to_in_007,5
2024,나나965738,to_in_008,0
2024,나나965745,to_in_001,0
2024,나나965745,to_in_007,0
2024,나나965745,to_in_008,0
2024,나나965941,to_in_001,5
2024,나나965941,to_in_007,0
2024,나나965941,to_in_008,0
2024,나나965943,to_in_001,5
2024,나나965943,to_in_007,5
2024,나나965943,to_in_008,5
2024,나나965950,to_in_001,5
2024,나나965950,to_in_007,5
2024,나나965950,to_in_008,5
2024,나나965951,to_in_001,5
2024,나나965951,to_in_007,5
2024,나나965951,to_in_008,5
2024,나나965954,to_in_001,5
2024,나나965954,to_in_007,5
2024,나나946983,to_in_007,18
2024,나나946983,to_in_008,13
2024,나나946984,to_in_001,43
2024,나나946984,to_in_007,23
2024,나나946984,to_in_008,18
2024,나나946985,to_in_001,23
2024,나나946985,to_in_007,13
2024,나나946985,to_in_008,8
2024,나나946986,to_in_001,64
2024,나나946986,to_in_007,28
2024,나나946986,to_in_008,34
2024,나나946987,to_in_001,8
2024,나나946987,to_in_007,5
2024,나나946987,to_in_008,5
2024,나나946989,to_in_001,5
2024,나나946989,to_in_007,5
2024,나나946989,to_in_008,5
2024,나나947719,to_in_001,0
2024,나나947719,to_in_007,0
2024,나나947719,to_in_008,0
2024,나나947720,to_in_001,5
2024,나나947720,to_in_007,0
2024,나나947720,to_in_008,5
2024,나나947721,to_in_001,18
2024,나나947721,to_in_007,8
2024,나나947721,to_in_008,8
2024,나나947722,to_in_001,5
2024,나나947722,to_in_007,5
2024,나나947722,to_in_008,0
2024,나나947731,to_in_001,8
2024,나나947731,to_in_007,5
2024,나나947731,to_in_008,8
2024,나나947751,to_in_001,8
2024,나나947751,to_in_007,5
2024,나나947751,to_in_008,5
2024,나나947752,to_in_001,5
2024,나나947752,to_in_007,5
2024,나나947752,to_in_008,5
2024,나나947753,to_in_001,8
2024,나나947753,to_in_007,5
2024,나나947753,to_in_008,5
2024,나나947754,to_in_001,13
2024,나나947754,to_in_007,5
2024,나나947754,to_in_008,8
2024,나나947755,to_in_001,5
2024,나나947755,to_in_007,5
2024,나나947755,to_in_008,5
2024,나나947756,to_in_001,13
2024,나나947756,to_in_007,8
2024,나나947756,to_in_008,8
2024,나나947757,to_in_001,18
2024,나나947757,to_in_007,8
2024,나나947757,to_in_008,8
2024,나나947758,to_in_001,18
2024,나나947758,to_in_007,8
2024,나나947758,to_in_008,8
2024,나나947759,to_in_001,13
2024,나나947759,to_in_007,8
2024,나나947759,to_in_008,8
2024,나나947760,to_in_001,8
2024,나나947760,to_in_007,5
2024,나나947760,to_in_008,5
2024,나나947769,to_in_001,5
2024,나나947769,to_in_007,5
2024,나나947769,to_in_008,0
2024,나나955982,to_in_001,8
2024,나나955982,to_in_007,8
2024,나나955982,to_in_008,5
2024,나나955983,to_in_001,0
2024,나나955983,to_in_007,0
2024,나나955983,to_in_008,0
2024,나나955985,to_in_001,13
2024,나나955985,to_in_007,8
2024,나나955985,to_in_008,8
2024,나나955986,to_in_001,13
2024,나나955986,to_in_007,8
2024,나나955986,to_in_008,5
2024,나나955987,to_in_001,59
2024,나나955987,to_in_007,29
2024,나나955987,to_in_008,28
2024,나나955988,to_in_001,13
2024,나나955988,to_in_007,8
2024,나나955988,to_in_008,8
2024,나나955989,to_in_001,18
2024,나나955989,to_in_007,8
2024,나나955989,to_in_008,8
2024,나나955990,to_in_001,38
2024,나나955990,to_in_007,18
2024,나나955990,to_in_008,23
2024,나나955991,to_in_001,5
2024,나나955991,to_in_007,5
2024,나나955991,to_in_008,5
2024,나나955993,to_in_001,13
2024,나나955993,to_in_007,8
2024,나나955993,to_in_008,5
2024,나나955994,to_in_001,23
2024,나나955994,to_in_007,13
2024,나나955994,to_in_008,13
2024,나나955995,to_in_001,13
2024,나나955995,to_in_007,8
2024,나나955995,to_in_008,8
2024,나나956723,to_in_001,5
2024,나나956723,to_in_007,5
2024,나나956723,to_in_008,0
2024,나나956735,to_in_001,0
2024,나나956735,to_in_007,0
2024,나나956735,to_in_008,0
2024,나나956752,to_in_001,5
2024,나나956752,to_in_007,0
2024,나나956752,to_in_008,5
2024,나나956765,to_in_001,0
2024,나나956765,to_in_007,0
2024,나나956765,to_in_008,0
2024,나나956821,to_in_001,0
2024,나나956821,to_in_007,0
2024,나나956821,to_in_008,0
2024,나나956822,to_in_001,0
2024,나나956822,to_in_007,0
2024,나나956822,to_in_008,0
2024,나나956827,to_in_001,8
2024,나나956827,to_in_007,0
2024,나나956827,to_in_008,8
2024,나나956905,to_in_001,5
2024,나나956905,to_in_007,5
2024,나나956905,to_in_008,0
2024,나나956908,to_in_001,8
2024,나나956908,to_in_007,5
2024,나나956908,to_in_008,8
2024,나나956909,to_in_001,13
2024,나나956909,to_in_007,8
2024,나나956909,to_in_008,8
2024,나나956923,to_in_001,5
2024,나나956923,to_in_007,5
2024,나나956923,to_in_008,0
2024,나나956924,to_in_001,5
2024,나나956924,to_in_007,5
2024,나나956924,to_in_008,0
2024,나나956937,to_in_001,5
2024,나나956937,to_in_007,5
2024,나나956937,to_in_008,5
2024,나나956940,to_in_001,0
2024,나나956940,to_in_007,0
2024,나나956940,to_in_008,0
2024,나나956941,to_in_001,5
2024,나나956941,to_in_007,5
2024,나나956941,to_in_008,5
2024,나나956947,to_in_001,5
2024,나나956947,to_in_007,5
2024,나나956947,to_in_008,0
2024,나나956948,to_in_001,5
2024,나나956948,to_in_007,5
2024,나나956948,to_in_008,5
2024,나나956949,to_in_001,5
2024,나나956949,to_in_007,5
2024,나나956949,to_in_008,5
2024,나나956950,to_in_001,5
2024,나나956950,to_in_007,5
2024,나나956950,to_in_008,5
2024,나나956961,to_in_001,5
2024,나나956961,to_in_007,0
2024,나나956961,to_in_008,0
2024,나나956963,to_in_001,0
2024,나나956963,to_in_007,0
2024,나나956963,to_in_008,0
2024,나나956981,to_in_001,33
2024,나나956981,to_in_007,18
2024,나나956981,to_in_008,18
2024,나나956989,to_in_001,18
2024,나나956989,to_in_007,8
2024,나나956989,to_in_008,8
2024,나나956991,to_in_001,8
2024,나나956991,to_in_007,8
2024,나나956991,to_in_008,5
2024,나나956992,to_in_001,0
2024,나나956992,to_in_007,0
2024,나나956992,to_in_008,0
2024,나나956993,to_in_001,28
2024,나나956993,to_in_007,13
2024,나나956993,to_in_008,13
2024,나나956994,to_in_001,8
2024,나나956994,to_in_007,5
2024,나나956994,to_in_008,8
2024,나나956995,to_in_001,5
2024,나나956995,to_in_007,0
2024,나나956995,to_in_008,5
2024,나나956996,to_in_001,0
2024,나나956996,to_in_007,0
2024,나나956996,to_in_008,0
2024,나나957727,to_in_001,8
2024,나나957727,to_in_007,5
2024,나나957727,to_in_008,5
2024,나나960977,to_in_001,8
2024,나나960977,to_in_007,5
2024,나나960977,to_in_008,5
2024,나나960978,to_in_001,8
2024,나나960978,to_in_007,8
2024,나나960978,to_in_008,0
2024,나나960981,to_in_001,5
2024,나나960981,to_in_007,5
2024,나나960981,to_in_008,5
2024,나나960987,to_in_001,8
2024,나나960987,to_in_007,5
2024,나나960987,to_in_008,5
2024,나나960988,to_in_001,5
2024,나나960988,to_in_007,5
2024,나나960988,to_in_008,5
2024,나나960989,to_in_001,5
2024,나나960989,to_in_007,5
2024,나나960989,to_in_008,5
2024,나나960990,to_in_001,8
2024,나나960990,to_in_007,5
2024,나나960990,to_in_008,8
2024,나나960991,to_in_001,5
2024,나나960991,to_in_007,5
2024,나나960991,to_in_008,5
2024,나나960992,to_in_001,0
2024,나나960992,to_in_007,0
2024,나나960992,to_in_008,0
2024,나나960993,to_in_001,13
2024,나나960993,to_in_007,8
2024,나나960993,to_in_008,8
2024,나나960994,to_in_001,8
2024,나나960994,to_in_007,8
2024,나나960994,to_in_008,8
2024,나나960995,to_in_001,5
2024,나나960995,to_in_007,5
2024,나나960995,to_in_008,0
2024,나나960997,to_in_001,13
2024,나나960997,to_in_007,8
2024,나나960997,to_in_008,5
2024,나나961726,to_in_001,13
2024,나나961726,to_in_007,5
2024,나나961726,to_in_008,8
2024,나나961727,to_in_001,8
2024,나나961727,to_in_007,5
2024,나나961727,to_in_008,5
2024,나나961728,to_in_001,13
2024,나나961728,to_in_007,5
2024,나나961728,to_in_008,8
2024,나나961729,to_in_001,90
2024,나나961729,to_in_007,50
2024,나나961729,to_in_008,38
2024,나나961730,to_in_001,18
2024,나나961730,to_in_007,13
2024,나나961730,to_in_008,8
2024,나나961731,to_in_001,8
2024,나나961731,to_in_007,5
2024,나나961731,to_in_008,0
2024,나나961732,to_in_001,0
2024,나나961732,to_in_007,0
2024,나나961732,to_in_008,0
2024,나나961750,to_in_001,0
2024,나나961750,to_in_007,0
2024,나나961750,to_in_008,0
2024,나나961752,to_in_001,5
2024,나나961752,to_in_007,0
2024,나나961752,to_in_008,5
2024,나나961759,to_in_001,5
2024,나나961759,to_in_007,0
2024,나나961759,to_in_008,0
2024,나나961830,to_in_001,5
2024,나나961830,to_in_007,0
2024,나나961830,to_in_008,5
2024,나나961831,to_in_001,8
2024,나나961831,to_in_007,5
2024,나나961831,to_in_008,5
2024,나나961832,to_in_001,8
2024,나나961832,to_in_007,5
2024,나나961832,to_in_008,5
2024,나나961896,to_in_001,29
2024,나나961896,to_in_007,24
2024,나나961896,to_in_008,5
2024,나나961906,to_in_001,5
2024,나나961906,to_in_007,5
2024,나나961906,to_in_008,0
2024,나나961919,to_in_001,8
2024,나나961919,to_in_007,5
2024,나나961919,to_in_008,0
2024,나나961922,to_in_001,0
2024,나나961922,to_in_007,0
2024,나나961922,to_in_008,0
2024,나나961925,to_in_001,5
2024,나나961925,to_in_007,0
2024,나나961925,to_in_008,5
2024,나나961933,to_in_001,5
2024,나나961933,to_in_007,5
2024,나나961933,to_in_008,0
2024,나나961947,to_in_001,8
2024,나나961947,to_in_007,5
2024,나나961947,to_in_008,5
2024,나나961954,to_in_001,8
2024,나나961954,to_in_007,8
2024,나나961954,to_in_008,5
2024,나나948959,to_in_007,5
2024,나나948959,to_in_008,5
2024,나나948962,to_in_001,8
2024,나나948962,to_in_007,8
2024,나나948962,to_in_008,5
2024,나나948963,to_in_001,8
2024,나나948963,to_in_007,5
2024,나나948963,to_in_008,5
2024,나나948966,to_in_001,5
2024,나나948966,to_in_007,0
2024,나나948966,to_in_008,0
2024,나나948970,to_in_001,8
2024,나나948970,to_in_007,5
2024,나나948970,to_in_008,8
2024,나나948971,to_in_001,5
2024,나나948971,to_in_007,0
2024,나나948971,to_in_008,5
2024,나나953993,to_in_001,5
2024,나나953993,to_in_007,5
2024,나나953993,to_in_008,0
2024,나나954723,to_in_001,5
2024,나나954723,to_in_007,5
2024,나나954723,to_in_008,0
2024,나나954727,to_in_001,5
2024,나나954727,to_in_007,5
2024,나나954727,to_in_008,0
2024,나나954748,to_in_001,8
2024,나나954748,to_in_007,5
2024,나나954748,to_in_008,5
2024,나나954750,to_in_001,5
2024,나나954750,to_in_007,0
2024,나나954750,to_in_008,0
2024,나나954752,to_in_001,8
2024,나나954752,to_in_007,5
2024,나나954752,to_in_008,5
2024,나나954753,to_in_001,5
2024,나나954753,to_in_007,0
2024,나나954753,to_in_008,5
2024,나나954754,to_in_001,18
2024,나나954754,to_in_007,8
2024,나나954754,to_in_008,8
2024,나나954910,to_in_001,5
2024,나나954910,to_in_007,5
2024,나나954910,to_in_008,0
2024,나나954920,to_in_001,0
2024,나나954920,to_in_007,0
2024,나나954920,to_in_008,0
2024,나나954923,to_in_001,5
2024,나나954923,to_in_007,5
2024,나나954923,to_in_008,0
2024,나나954924,to_in_001,8
2024,나나954924,to_in_007,5
2024,나나954924,to_in_008,5
2024,나나954925,to_in_001,5
2024,나나954925,to_in_007,5
2024,나나954925,to_in_008,5
2024,나나954937,to_in_001,8
2024,나나954937,to_in_007,5
2024,나나954937,to_in_008,5
2024,나나954968,to_in_001,5
2024,나나954968,to_in_007,0
2024,나나954968,to_in_008,5
2024,나나954972,to_in_001,8
2024,나나954972,to_in_007,5
2024,나나954972,to_in_008,8
2024,나나954975,to_in_001,5
2024,나나954975,to_in_007,5
2024,나나954975,to_in_008,5
2024,나나954982,to_in_001,8
2024,나나954982,to_in_007,5
2024,나나954982,to_in_008,5
2024,나나954983,to_in_001,8
2024,나나954983,to_in_007,5
2024,나나954983,to_in_008,5
2024,나나954985,to_in_001,8
2024,나나954985,to_in_007,0
2024,나나954985,to_in_008,8
2024,나나954986,to_in_001,8
2024,나나954986,to_in_007,5
2024,나나954986,to_in_008,8
2024,나나954987,to_in_001,8
2024,나나954987,to_in_007,5
2024,나나954987,to_in_008,5
2024,나나954988,to_in_001,5
2024,나나954988,to_in_007,0
2024,나나954988,to_in_008,5
2024,나나954989,to_in_001,8
2024,나나954989,to_in_007,8
2024,나나954989,to_in_008,8
2024,나나954990,to_in_001,28
2024,나나954990,to_in_007,13
2024,나나954990,to_in_008,13
2024,나나954991,to_in_001,28
2024,나나954991,to_in_007,13
2024,나나954991,to_in_008,13
2024,나나954992,to_in_001,38
2024,나나954992,to_in_007,18
2024,나나954992,to_in_008,18
2024,나나954993,to_in_001,5
2024,나나954993,to_in_007,0
2024,나나954993,to_in_008,5
2024,나나954994,to_in_001,5
2024,나나954994,to_in_007,0
2024,나나954994,to_in_008,5
2024,나나955723,to_in_001,5
2024,나나955723,to_in_007,0
2024,나나955723,to_in_008,0
2024,나나955755,to_in_001,5
2024,나나955755,to_in_007,0
2024,나나955755,to_in_008,0
2024,나나955760,to_in_001,8
2024,나나955760,to_in_007,5
2024,나나955760,to_in_008,5
2024,나나955804,to_in_001,5
2024,나나955804,to_in_007,0
2024,나나955804,to_in_008,0
2024,나나955819,to_in_001,0
2024,나나955819,to_in_007,0
2024,나나955819,to_in_008,0
2024,나나955827,to_in_001,5
2024,나나955827,to_in_007,5
2024,나나955827,to_in_008,0
2024,나나955907,to_in_001,13
2024,나나955907,to_in_007,5
2024,나나955907,to_in_008,8
2024,나나955918,to_in_001,5
2024,나나955918,to_in_007,0
2024,나나955918,to_in_008,5
2024,나나955924,to_in_001,13
2024,나나955924,to_in_007,8
2024,나나955924,to_in_008,8
2024,나나955925,to_in_001,18
2024,나나955925,to_in_007,13
2024,나나955925,to_in_008,8
2024,나나955929,to_in_001,8
2024,나나955929,to_in_007,5
2024,나나955929,to_in_008,5
2024,나나955930,to_in_001,18
2024,나나955930,to_in_007,8
2024,나나955930,to_in_008,8
2024,나나955931,to_in_001,13
2024,나나955931,to_in_007,8
2024,나나955931,to_in_008,5
2024,나나955938,to_in_001,8
2024,나나955938,to_in_007,5
2024,나나955938,to_in_008,5
2024,나나955947,to_in_001,5
2024,나나955947,to_in_007,0
2024,나나955947,to_in_008,5
2024,나나955948,to_in_001,5
2024,나나955948,to_in_007,0
2024,나나955948,to_in_008,5
2024,나나955949,to_in_001,8
2024,나나955949,to_in_007,5
2024,나나955949,to_in_008,8
2024,나나955950,to_in_001,5
2024,나나955950,to_in_007,5
2024,나나955950,to_in_008,0
2024,나나955980,to_in_001,8
2024,나나955980,to_in_007,0
2024,나나955980,to_in_008,5
2024,나나955981,to_in_001,5
2024,나나955981,to_in_007,0
2024,나나955981,to_in_008,0
2024,나나958980,to_in_001,8
2024,나나958980,to_in_007,8
2024,나나958980,to_in_008,0
2024,나나958981,to_in_001,38
2024,나나958981,to_in_007,18
2024,나나958981,to_in_008,18
2024,나나958982,to_in_001,28
2024,나나958982,to_in_007,18
2024,나나958982,to_in_008,13
2024,나나958983,to_in_001,23
2024,나나958983,to_in_007,13
2024,나나958983,to_in_008,13
2024,나나958984,to_in_001,8
2024,나나958984,to_in_007,8
2024,나나958984,to_in_008,5
2024,나나958985,to_in_001,5
2024,나나958985,to_in_007,5
2024,나나958985,to_in_008,0
2024,나나958986,to_in_001,8
2024,나나958986,to_in_007,5
2024,나나958986,to_in_008,5
2024,나나958987,to_in_001,53
2024,나나958987,to_in_007,28
2024,나나958987,to_in_008,28
2024,나나958988,to_in_001,13
2024,나나958988,to_in_007,8
2024,나나958988,to_in_008,5
2024,나나958990,to_in_001,5
2024,나나958990,to_in_007,5
2024,나나958990,to_in_008,0
2024,나나958993,to_in_001,5
2024,나나958993,to_in_007,5
2024,나나958993,to_in_008,0
2024,나나958994,to_in_001,18
2024,나나958994,to_in_007,13
2024,나나958994,to_in_008,8
2024,나나959721,to_in_001,5
2024,나나959721,to_in_007,0
2024,나나959721,to_in_008,0
2024,나나959722,to_in_001,5
2024,나나959722,to_in_007,0
2024,나나959722,to_in_008,5
2024,나나959727,to_in_001,23
2024,나나959727,to_in_007,13
2024,나나959727,to_in_008,8
2024,나나959728,to_in_001,23
2024,나나959728,to_in_007,8
2024,나나959728,to_in_008,13
2024,나나959732,to_in_001,5
2024,나나959732,to_in_007,0
2024,나나959732,to_in_008,0
2024,나나959751,to_in_001,8
2024,나나959751,to_in_007,8
2024,나나959751,to_in_008,5
2024,나나959754,to_in_001,5
2024,나나959754,to_in_007,0
2024,나나959754,to_in_008,5
2024,나나959800,to_in_001,8
2024,나나959800,to_in_007,0
2024,나나959800,to_in_008,8
2024,나나959801,to_in_001,0
2024,나나959801,to_in_007,0
2024,나나959801,to_in_008,0
2024,나나959802,to_in_001,13
2024,나나959802,to_in_007,5
2024,나나959802,to_in_008,8
2024,나나959824,to_in_001,5
2024,나나959824,to_in_007,5
2024,나나959824,to_in_008,5
2024,나나959825,to_in_001,13
2024,나나959825,to_in_007,8
2024,나나959825,to_in_008,5
2024,나나959893,to_in_001,0
2024,나나959893,to_in_007,0
2024,나나959893,to_in_008,0
2024,나나959901,to_in_001,5
2024,나나959901,to_in_007,5
2024,나나959901,to_in_008,0
2024,나나959902,to_in_001,5
2024,나나959902,to_in_007,0
2024,나나959902,to_in_008,0
2024,나나959903,to_in_001,5
2024,나나959903,to_in_007,5
2024,나나959903,to_in_008,5
2024,나나959934,to_in_001,8
2024,나나959934,to_in_007,5
2024,나나959934,to_in_008,8
2024,나나959935,to_in_001,5
2024,나나959935,to_in_007,0
2024,나나959935,to_in_008,5
2024,나나959936,to_in_001,5
2024,나나959936,to_in_007,0
2024,나나959936,to_in_008,0
2024,나나959937,to_in_001,5
2024,나나959937,to_in_007,5
2024,나나959937,to_in_008,5
2024,나나959940,to_in_001,5
2024,나나959940,to_in_007,5
2024,나나959940,to_in_008,0
2024,나나959942,to_in_001,5
2024,나나959942,to_in_007,0
2024,나나959942,to_in_008,0
2024,나나959946,to_in_001,5
2024,나나959946,to_in_007,5
2024,나나959946,to_in_008,0
2024,나나959947,to_in_001,13
2024,나나959947,to_in_007,8
2024,나나959947,to_in_008,8
2024,나나959948,to_in_001,13
2024,나나959948,to_in_007,8
2024,나나959948,to_in_008,8
2024,나나959949,to_in_001,5
2024,나나959949,to_in_007,5
2024,나나959949,to_in_008,0
2024,나나959955,to_in_001,0
2024,나나959955,to_in_007,0
2024,나나959955,to_in_008,0
2024,나나959961,to_in_001,13
2024,나나959961,to_in_007,8
2024,나나959961,to_in_008,8
2024,나나966755,to_in_001,8
2024,나나966755,to_in_007,5
2024,나나966755,to_in_008,5
2024,나나966793,to_in_001,5
2024,나나966793,to_in_007,0
2024,나나966793,to_in_008,5
2024,나나966794,to_in_001,0
2024,나나966794,to_in_007,0
2024,나나966794,to_in_008,0
2024,나나965954,to_in_008,5
2024,나나965955,to_in_001,8
2024,나나965955,to_in_007,5
2024,나나965955,to_in_008,8
2024,나나965958,to_in_001,28
2024,나나965958,to_in_007,18
2024,나나965958,to_in_008,13
2024,나나965959,to_in_001,38
2024,나나965959,to_in_007,18
2024,나나965959,to_in_008,18
2024,나나965960,to_in_001,43
2024,나나965960,to_in_007,18
2024,나나965960,to_in_008,28
2024,나나965961,to_in_001,8
2024,나나965961,to_in_007,5
2024,나나965961,to_in_008,5
2024,나나965962,to_in_001,5
2024,나나965962,to_in_007,5
2024,나나965962,to_in_008,5
2024,나나965976,to_in_001,18
2024,나나965976,to_in_007,8
2024,나나965976,to_in_008,8
2024,나나965978,to_in_001,8
2024,나나965978,to_in_007,5
2024,나나965978,to_in_008,5
2024,나나965979,to_in_001,13
2024,나나965979,to_in_007,8
2024,나나965979,to_in_008,8
2024,나나965984,to_in_001,5
2024,나나965984,to_in_007,0
2024,나나965984,to_in_008,5
2024,나나965998,to_in_001,5
2024,나나965998,to_in_007,5
2024,나나965998,to_in_008,0
2024,나나966730,to_in_001,5
2024,나나966730,to_in_007,0
2024,나나966730,to_in_008,0
2024,나나966731,to_in_001,18
2024,나나966731,to_in_007,8
2024,나나966731,to_in_008,8
2024,나나966732,to_in_001,28
2024,나나966732,to_in_007,13
2024,나나966732,to_in_008,18
2024,나나966733,to_in_001,13
2024,나나966733,to_in_007,5
2024,나나966733,to_in_008,8
2024,나나966734,to_in_001,23
2024,나나966734,to_in_007,8
2024,나나966734,to_in_008,13
2024,나나966735,to_in_001,18
2024,나나966735,to_in_007,13
2024,나나966735,to_in_008,8
2024,나나966736,to_in_001,23
2024,나나966736,to_in_007,8
2024,나나966736,to_in_008,13
2024,나나966737,to_in_001,18
2024,나나966737,to_in_007,8
2024,나나966737,to_in_008,8
2024,나나966738,to_in_001,13
2024,나나966738,to_in_007,8
2024,나나966738,to_in_008,8
2024,나나966739,to_in_001,8
2024,나나966739,to_in_007,5
2024,나나966739,to_in_008,5
2024,나나966753,to_in_001,8
2024,나나966753,to_in_007,5
2024,나나966753,to_in_008,8
2024,나나970757,to_in_001,0
2024,나나957799,to_in_007,5
2024,나나957799,to_in_008,5
2024,나나957800,to_in_001,13
2024,나나957800,to_in_007,8
2024,나나957800,to_in_008,8
2024,나나957801,to_in_001,13
2024,나나957801,to_in_007,8
2024,나나957801,to_in_008,8
2024,나나957821,to_in_001,5
2024,나나957821,to_in_007,0
2024,나나957821,to_in_008,0
2024,나나957822,to_in_001,5
2024,나나957822,to_in_007,5
2024,나나957822,to_in_008,0
2024,나나957823,to_in_001,8
2024,나나957823,to_in_007,5
2024,나나957823,to_in_008,5
2024,나나957824,to_in_001,8
2024,나나957824,to_in_007,8
2024,나나957824,to_in_008,5
2024,나나957826,to_in_001,8
2024,나나957826,to_in_007,8
2024,나나957826,to_in_008,5
2024,나나957827,to_in_001,5
2024,나나957827,to_in_007,0
2024,나나957827,to_in_008,0
2024,나나957904,to_in_001,0
2024,나나957904,to_in_007,0
2024,나나957904,to_in_008,0
2024,나나957908,to_in_001,8
2024,나나957908,to_in_007,5
2024,나나957908,to_in_008,8
2024,나나957909,to_in_001,0
2024,나나957909,to_in_007,0
2024,나나957909,to_in_008,0
2024,나나957914,to_in_001,5
2024,나나957914,to_in_007,5
2024,나나957914,to_in_008,0
2024,나나957923,to_in_001,13
2024,나나957923,to_in_007,8
2024,나나957923,to_in_008,8
2024,나나957933,to_in_001,8
2024,나나957933,to_in_007,5
2024,나나957933,to_in_008,5
2024,나나957934,to_in_001,8
2024,나나957934,to_in_007,5
2024,나나957934,to_in_008,5
2024,나나957936,to_in_001,5
2024,나나957936,to_in_007,0
2024,나나957936,to_in_008,5
2024,나나957937,to_in_001,18
2024,나나957937,to_in_007,8
2024,나나957937,to_in_008,13
2024,나나957938,to_in_001,28
2024,나나957938,to_in_007,13
2024,나나957938,to_in_008,13
2024,나나957939,to_in_001,18
2024,나나957939,to_in_007,8
2024,나나957939,to_in_008,8
2024,나나957940,to_in_001,5
2024,나나957940,to_in_007,0
2024,나나957940,to_in_008,5
2024,나나957942,to_in_001,8
2024,나나957942,to_in_007,8
2024,나나957942,to_in_008,5
2024,나나957946,to_in_001,8
2024,나나957946,to_in_007,8
2024,나나957946,to_in_008,5
2024,나나957947,to_in_001,18
2024,나나957947,to_in_007,8
2024,나나957947,to_in_008,13
2024,나나957948,to_in_001,13
2024,나나957948,to_in_007,5
2024,나나957948,to_in_008,8
2024,나나957949,to_in_001,8
2024,나나957949,to_in_007,8
2024,나나957949,to_in_008,5
2024,나나957950,to_in_001,5
2024,나나957950,to_in_007,0
2024,나나957950,to_in_008,0
2024,나나957971,to_in_001,0
2024,나나957971,to_in_007,0
2024,나나957971,to_in_008,0
2024,나나957979,to_in_001,18
2024,나나957979,to_in_007,13
2024,나나957979,to_in_008,8
2024,나나957980,to_in_001,8
2024,나나957980,to_in_007,5
2024,나나957980,to_in_008,8
2024,나나957981,to_in_001,85
2024,나나957981,to_in_007,41
2024,나나957981,to_in_008,47
2024,나나957982,to_in_001,8
2024,나나957982,to_in_007,8
2024,나나957982,to_in_008,5
2024,나나957983,to_in_001,18
2024,나나957983,to_in_007,8
2024,나나957983,to_in_008,8
2024,나나957984,to_in_001,8
2024,나나957984,to_in_007,0
2024,나나957984,to_in_008,8
2024,나나957985,to_in_001,13
2024,나나957985,to_in_007,8
2024,나나957985,to_in_008,8
2024,나나957986,to_in_001,8
2024,나나957986,to_in_007,5
2024,나나957986,to_in_008,5
2024,나나957987,to_in_001,5
2024,나나957987,to_in_007,0
2024,나나957987,to_in_008,5
2024,나나957988,to_in_001,8
2024,나나957988,to_in_007,5
2024,나나957988,to_in_008,5
2024,나나957989,to_in_001,8
2024,나나957989,to_in_007,5
2024,나나957989,to_in_008,5
2024,나나957990,to_in_001,18
2024,나나957990,to_in_007,8
2024,나나957990,to_in_008,8
2024,나나957994,to_in_001,18
2024,나나957994,to_in_007,8
2024,나나957994,to_in_008,8
2024,나나963730,to_in_001,38
2024,나나963730,to_in_007,18
2024,나나963730,to_in_008,18
2024,나나963731,to_in_001,38
2024,나나963731,to_in_007,18
2024,나나963731,to_in_008,18
2024,나나963732,to_in_001,23
2024,나나963732,to_in_007,13
2024,나나963732,to_in_008,8
2024,나나963733,to_in_001,18
2024,나나963733,to_in_007,8
2024,나나963733,to_in_008,8
2024,나나963734,to_in_001,13
2024,나나963734,to_in_007,5
2024,나나963734,to_in_008,8
2024,나나963735,to_in_001,8
2024,나나963735,to_in_007,5
2024,나나963735,to_in_008,5
2024,나나963850,to_in_001,5
2024,나나963850,to_in_007,5
2024,나나963850,to_in_008,5
2024,나나963907,to_in_001,5
2024,나나963907,to_in_007,5
2024,나나963907,to_in_008,0
2024,나나963943,to_in_001,0
2024,나나963943,to_in_007,0
2024,나나963943,to_in_008,0
2024,나나963946,to_in_001,8
2024,나나963946,to_in_007,8
2024,나나963946,to_in_008,8
2024,나나963950,to_in_001,5
2024,나나963950,to_in_007,5
2024,나나963950,to_in_008,0
2024,나나963957,to_in_001,5
2024,나나963957,to_in_007,5
2024,나나963957,to_in_008,0
2024,나나963958,to_in_001,18
2024,나나963958,to_in_007,8
2024,나나963958,to_in_008,8
2024,나나963960,to_in_001,8
2024,나나963960,to_in_007,5
2024,나나963960,to_in_008,5
2024,나나963961,to_in_001,8
2024,나나963961,to_in_007,5
2024,나나963961,to_in_008,5
2024,나나963963,to_in_001,5
2024,나나963963,to_in_007,5
2024,나나963963,to_in_008,0
2024,나나963964,to_in_001,5
2024,나나963964,to_in_007,5
2024,나나963964,to_in_008,5
2024,나나963977,to_in_001,5
2024,나나963977,to_in_007,0
2024,나나963977,to_in_008,0
2024,나나963978,to_in_001,8
2024,나나963978,to_in_007,5
2024,나나963978,to_in_008,5
2024,나나963979,to_in_001,13
2024,나나963979,to_in_007,8
2024,나나963979,to_in_008,8
2024,나나963980,to_in_001,23
2024,나나963980,to_in_007,8
2024,나나963980,to_in_008,13
2024,나나963981,to_in_001,13
2024,나나963981,to_in_007,8
2024,나나963981,to_in_008,5
2024,나나963982,to_in_001,5
2024,나나963982,to_in_007,0
2024,나나963982,to_in_008,0
2024,나나963994,to_in_001,23
2024,나나963994,to_in_007,13
2024,나나963994,to_in_008,13
2024,나나964723,to_in_001,0
2024,나나964723,to_in_007,0
2024,나나964723,to_in_008,0
2024,나나964730,to_in_001,13
2024,나나964730,to_in_007,5
2024,나나964730,to_in_008,8
2024,나나964731,to_in_001,13
2024,나나964731,to_in_007,5
2024,나나964731,to_in_008,8
2024,나나964732,to_in_001,13
2024,나나964732,to_in_007,8
2024,나나964732,to_in_008,8
2024,나나964733,to_in_001,38
2024,나나964733,to_in_007,18
2024,나나964733,to_in_008,18
2024,나나964734,to_in_001,18
2024,나나964734,to_in_007,8
2024,나나964734,to_in_008,13
2024,나나964735,to_in_001,8
2024,나나964735,to_in_007,5
2024,나나964735,to_in_008,5
2024,나나964736,to_in_001,5
2024,나나964736,to_in_007,0
2024,나나964736,to_in_008,0
2024,나나964737,to_in_001,5
2024,나나964737,to_in_007,5
2024,나나964737,to_in_008,0
2024,나나964739,to_in_001,0
2024,나나964739,to_in_007,0
2024,나나964739,to_in_008,0
2024,나나964753,to_in_001,5
2024,나나964753,to_in_007,0
2024,나나964753,to_in_008,5
2024,나나964757,to_in_001,5
2024,나나964757,to_in_007,0
2024,나나964757,to_in_008,5
2024,나나964798,to_in_001,5
2024,나나964798,to_in_007,0
2024,나나964798,to_in_008,5
2024,나나964843,to_in_001,5
2024,나나964843,to_in_007,0
2024,나나964843,to_in_008,0
2024,나나964845,to_in_001,5
2024,나나964845,to_in_007,0
2024,나나964845,to_in_008,0
2024,나나964846,to_in_001,5
2024,나나964846,to_in_007,0
2024,나나964846,to_in_008,0
2024,나나964911,to_in_001,8
2024,나나964911,to_in_007,8
2024,나나964911,to_in_008,5
2024,나나964912,to_in_001,5
2024,나나964912,to_in_007,0
2024,나나964912,to_in_008,5
2024,나나964956,to_in_001,5
2024,나나964956,to_in_007,5
2024,나나964956,to_in_008,5
2024,나나964958,to_in_001,8
2024,나나964958,to_in_007,8
2024,나나964958,to_in_008,5
2024,나나964959,to_in_001,13
2024,나나964959,to_in_007,8
2024,나나964959,to_in_008,8
2024,나나964960,to_in_001,5
2024,나나964960,to_in_007,0
2024,나나964960,to_in_008,5
2024,나나964963,to_in_001,5
2024,나나964963,to_in_007,5
2024,나나964963,to_in_008,5
2024,나나964965,to_in_001,0
2024,나나964965,to_in_007,0
2024,나나964965,to_in_008,0
2024,나나969753,to_in_001,13
2024,나나969753,to_in_007,8
2024,나나969753,to_in_008,5
2024,나나969755,to_in_001,0
2024,나나969755,to_in_007,0
2024,나나969755,to_in_008,0
2024,나나969757,to_in_001,5
2024,나나969757,to_in_007,0
2024,나나969757,to_in_008,5
2024,나나969791,to_in_001,5
2024,나나969791,to_in_007,5
2024,나나969791,to_in_008,5
2024,나나969793,to_in_001,5
2024,나나969793,to_in_007,5
2024,나나969793,to_in_008,5
2024,나나969808,to_in_001,5
2024,나나969808,to_in_007,0
2024,나나969808,to_in_008,5
2024,나나969927,to_in_001,8
2024,나나969927,to_in_007,5
2024,나나969927,to_in_008,5
2024,나나969928,to_in_001,8
2024,나나969928,to_in_007,5
2024,나나969928,to_in_008,5
2024,나나969931,to_in_001,0
2024,나나969931,to_in_007,0
2024,나나969931,to_in_008,0
2024,나나970757,to_in_007,0
2024,나나970757,to_in_008,0
2024,나나970791,to_in_001,5
2024,나나970791,to_in_007,0
2024,나나970791,to_in_008,0
2024,나나970792,to_in_001,5
2024,나나970792,to_in_007,0
2024,나나970792,to_in_008,5
2024,나나970914,to_in_001,5
2024,나나970914,to_in_007,5
2024,나나970914,to_in_008,0
2024,나나970917,to_in_001,5
2024,나나970917,to_in_007,0
2024,나나970917,to_in_008,0
2024,나나970927,to_in_001,5
2024,나나970927,to_in_007,0
2024,나나970927,to_in_008,5
2024,나나970932,to_in_001,13
2024,나나970932,to_in_007,8
2024,나나970932,to_in_008,8
2024,나나970934,to_in_001,5
2024,나나970934,to_in_007,0
2024,나나970934,to_in_008,0
2024,나나970935,to_in_001,5
2024,나나970935,to_in_007,5
2024,나나970935,to_in_008,0
2024,나나970939,to_in_001,0
2024,나나970939,to_in_007,0
2024,나나970939,to_in_008,0
2024,나나970940,to_in_001,5
2024,나나970940,to_in_007,0
2024,나나970940,to_in_008,5
2024,나나970945,to_in_001,8
2024,나나970945,to_in_007,8
2024,나나970945,to_in_008,5
2024,나나970946,to_in_001,8
2024,나나970946,to_in_007,5
2024,나나970946,to_in_008,8
2024,나나970948,to_in_001,0
2024,나나970948,to_in_007,0
2024,나나970948,to_in_008,0
2024,나나970951,to_in_001,5
2024,나나970951,to_in_007,5
2024,나나970951,to_in_008,5
2024,나나970957,to_in_001,8
2024,나나970957,to_in_007,5
2024,나나970957,to_in_008,8
2024,나나970959,to_in_001,8
2024,나나970959,to_in_007,8
2024,나나970959,to_in_008,0
2024,나나970960,to_in_001,8
2024,나나970960,to_in_007,5
2024,나나970960,to_in_008,5
2024,나나970976,to_in_001,82
2024,나나970976,to_in_007,40
2024,나나970976,to_in_008,40
2024,나나970977,to_in_001,28
2024,나나970977,to_in_007,13
2024,나나970977,to_in_008,13
2024,나나970978,to_in_001,23
2024,나나970978,to_in_007,13
2024,나나970978,to_in_008,8
2024,나나970979,to_in_001,43
2024,나나970979,to_in_007,23
2024,나나970979,to_in_008,23
2024,나나970980,to_in_001,43
2024,나나970980,to_in_007,23
2024,나나970980,to_in_008,18
2024,나나970981,to_in_001,5
2024,나나970981,to_in_007,5
2024,나나970981,to_in_008,5
2024,나나970986,to_in_001,5
2024,나나970986,to_in_007,5
2024,나나970986,to_in_008,5
2024,나나970988,to_in_001,8
2024,나나970988,to_in_007,5
2024,나나970988,to_in_008,5
2024,나나970989,to_in_001,18
2024,나나970989,to_in_007,8
2024,나나970989,to_in_008,8
2024,나나970990,to_in_001,43
2024,나나970990,to_in_007,23
2024,나나970990,to_in_008,23
2024,나나970993,to_in_001,0
2024,나나970993,to_in_007,0
2024,나나970993,to_in_008,0
2024,나나970994,to_in_001,5
2024,나나970994,to_in_007,5
2024,나나970994,to_in_008,5
2024,나나970995,to_in_001,5
2024,나나970995,to_in_007,5
2024,나나970995,to_in_008,5
2024,나나970997,to_in_001,5
2024,나나970997,to_in_007,5
2024,나나970997,to_in_008,0
2024,나나970998,to_in_001,23
2024,나나970998,to_in_007,8
2024,나나970998,to_in_008,13
2024,나나970999,to_in_001,18
2024,나나970999,to_in_007,13
2024,나나970999,to_in_008,8
2024,나나971727,to_in_001,5
2024,나나971727,to_in_007,0
2024,나나971727,to_in_008,0
2024,나나971738,to_in_001,100
2024,나나950919,to_in_001,5
2024,나나950919,to_in_007,0
2024,나나950919,to_in_008,5
2024,나나950941,to_in_001,0
2024,나나950941,to_in_007,0
2024,나나950941,to_in_008,0
2024,나나950946,to_in_001,5
2024,나나950946,to_in_007,5
2024,나나950946,to_in_008,0
2024,나나950964,to_in_001,8
2024,나나950964,to_in_007,5
2024,나나950964,to_in_008,5
2024,나나950965,to_in_001,18
2024,나나950965,to_in_007,8
2024,나나950965,to_in_008,8
2024,나나950966,to_in_001,13
2024,나나950966,to_in_007,8
2024,나나950966,to_in_008,8
2024,나나950967,to_in_001,8
2024,나나950967,to_in_007,5
2024,나나950967,to_in_008,5
2024,나나950977,to_in_001,5
2024,나나950977,to_in_007,0
2024,나나950977,to_in_008,5
2024,나나950980,to_in_001,13
2024,나나950980,to_in_007,8
2024,나나950980,to_in_008,8
2024,나나950983,to_in_001,8
2024,나나950983,to_in_007,5
2024,나나950983,to_in_008,5
2024,나나950984,to_in_001,43
2024,나나950984,to_in_007,23
2024,나나950984,to_in_008,23
2024,나나950985,to_in_001,93
2024,나나950985,to_in_007,44
2024,나나950985,to_in_008,47
2024,나나950986,to_in_001,13
2024,나나950986,to_in_007,8
2024,나나950986,to_in_008,8
2024,나나950987,to_in_001,13
2024,나나950987,to_in_007,8
2024,나나950987,to_in_008,8
2024,나나950988,to_in_001,5
2024,나나950988,to_in_007,0
2024,나나950988,to_in_008,5
2024,나나950989,to_in_001,8
2024,나나950989,to_in_007,5
2024,나나950989,to_in_008,5
2024,나나950990,to_in_001,5
2024,나나950990,to_in_007,5
2024,나나950990,to_in_008,0
2024,나나951719,to_in_001,23
2024,나나951719,to_in_007,8
2024,나나951719,to_in_008,13
2024,나나951721,to_in_001,8
2024,나나951721,to_in_007,8
2024,나나951721,to_in_008,8
2024,나나951722,to_in_001,5
2024,나나951722,to_in_007,5
2024,나나951722,to_in_008,0
2024,나나951732,to_in_001,5
2024,나나951732,to_in_007,0
2024,나나951732,to_in_008,0
2024,나나951733,to_in_001,5
2024,나나951733,to_in_007,0
2024,나나951733,to_in_008,5
2024,나나951751,to_in_001,5
2024,나나951751,to_in_007,0
2024,나나951751,to_in_008,0
2024,나나951753,to_in_001,8
2024,나나951753,to_in_007,5
2024,나나951753,to_in_008,5
2024,나나951761,to_in_001,5
2024,나나951761,to_in_007,5
2024,나나951761,to_in_008,5
2024,나나951763,to_in_001,5
2024,나나951763,to_in_007,5
2024,나나951763,to_in_008,0
2024,나나951916,to_in_001,5
2024,나나951916,to_in_007,5
2024,나나951916,to_in_008,0
2024,나나951917,to_in_001,5
2024,나나951917,to_in_007,5
2024,나나951917,to_in_008,0
2024,나나951918,to_in_001,8
2024,나나951918,to_in_007,5
2024,나나951918,to_in_008,5
2024,나나951942,to_in_001,5
2024,나나951942,to_in_007,0
2024,나나951942,to_in_008,5
2024,나나951961,to_in_001,5
2024,나나951961,to_in_007,5
2024,나나951961,to_in_008,0
2024,나나951962,to_in_001,13
2024,나나951962,to_in_007,5
2024,나나951962,to_in_008,8
2024,나나951973,to_in_001,5
2024,나나951973,to_in_007,0
2024,나나951973,to_in_008,5
2024,나나951978,to_in_001,13
2024,나나951978,to_in_007,8
2024,나나951978,to_in_008,8
2024,나나951979,to_in_001,5
2024,나나951979,to_in_007,0
2024,나나951979,to_in_008,0
2024,나나951980,to_in_001,13
2024,나나951980,to_in_007,8
2024,나나951980,to_in_008,8
2024,나나951981,to_in_001,5
2024,나나951981,to_in_007,5
2024,나나951981,to_in_008,5
2024,나나951984,to_in_001,23
2024,나나951984,to_in_007,13
2024,나나951984,to_in_008,8
2024,나나959966,to_in_001,5
2024,나나959966,to_in_007,5
2024,나나959966,to_in_008,0
2024,나나959969,to_in_001,5
2024,나나959969,to_in_007,5
2024,나나959969,to_in_008,5
2024,나나959970,to_in_001,5
2024,나나959970,to_in_007,5
2024,나나959970,to_in_008,5
2024,나나959977,to_in_001,8
2024,나나959977,to_in_007,5
2024,나나959977,to_in_008,8
2024,나나959980,to_in_001,5
2024,나나959980,to_in_007,5
2024,나나959980,to_in_008,0
2024,나나959981,to_in_001,58
2024,나나959981,to_in_007,30
2024,나나959981,to_in_008,26
2024,나나959982,to_in_001,13
2024,나나959982,to_in_007,5
2024,나나959982,to_in_008,8
2024,나나959983,to_in_001,8
2024,나나959983,to_in_007,5
2024,나나959983,to_in_008,5
2024,나나959984,to_in_001,8
2024,나나959984,to_in_007,5
2024,나나959984,to_in_008,5
2024,나나959985,to_in_001,0
2024,나나959985,to_in_007,0
2024,나나959985,to_in_008,0
2024,나나959987,to_in_001,5
2024,나나959987,to_in_007,0
2024,나나959987,to_in_008,0
2024,나나959989,to_in_001,5
2024,나나959989,to_in_007,5
2024,나나959989,to_in_008,5
2024,나나959990,to_in_001,5
2024,나나959990,to_in_007,0
2024,나나959990,to_in_008,0
2024,나나959991,to_in_001,5
2024,나나959991,to_in_007,0
2024,나나959991,to_in_008,5
2024,나나959992,to_in_001,8
2024,나나959992,to_in_007,5
2024,나나959992,to_in_008,5
2024,나나959993,to_in_001,33
2024,나나959993,to_in_007,13
2024,나나959993,to_in_008,18
2024,나나959994,to_in_001,5
2024,나나959994,to_in_007,5
2024,나나959994,to_in_008,0
2024,나나959996,to_in_001,5
2024,나나959996,to_in_007,5
2024,나나959996,to_in_008,0
2024,나나960719,to_in_001,5
2024,나나960719,to_in_007,5
2024,나나960719,to_in_008,5
2024,나나960720,to_in_001,5
2024,나나960720,to_in_007,0
2024,나나960720,to_in_008,5
2024,나나960726,to_in_001,5
2024,나나960726,to_in_007,5
2024,나나960726,to_in_008,5
2024,나나960727,to_in_001,13
2024,나나960727,to_in_007,8
2024,나나960727,to_in_008,8
2024,나나960728,to_in_001,38
2024,나나960728,to_in_007,23
2024,나나960728,to_in_008,18
2024,나나960729,to_in_001,5
2024,나나960729,to_in_007,0
2024,나나960729,to_in_008,0
2024,나나960730,to_in_001,0
2024,나나960730,to_in_007,0
2024,나나960730,to_in_008,0
2024,나나960732,to_in_001,5
2024,나나960732,to_in_007,0
2024,나나960732,to_in_008,5
2024,나나960750,to_in_001,13
2024,나나960750,to_in_007,8
2024,나나960750,to_in_008,5
2024,나나960751,to_in_001,8
2024,나나960751,to_in_007,5
2024,나나960751,to_in_008,5
2024,나나960753,to_in_001,5
2024,나나960753,to_in_007,5
2024,나나960753,to_in_008,0
2024,나나960754,to_in_001,15
2024,나나960754,to_in_007,12
2024,나나960754,to_in_008,5
2024,나나960755,to_in_001,8
2024,나나960755,to_in_007,0
2024,나나960755,to_in_008,5
2024,나나960829,to_in_001,0
2024,나나960829,to_in_007,0
2024,나나960829,to_in_008,0
2024,나나960844,to_in_001,5
2024,나나960844,to_in_007,5
2024,나나960844,to_in_008,0
2024,나나960907,to_in_001,0
2024,나나960907,to_in_007,0
2024,나나960907,to_in_008,0
2024,나나960915,to_in_001,5
2024,나나960915,to_in_007,5
2024,나나960915,to_in_008,0
2024,나나960916,to_in_001,5
2024,나나960916,to_in_007,5
2024,나나960916,to_in_008,5
2024,나나960917,to_in_001,5
2024,나나960917,to_in_007,0
2024,나나960917,to_in_008,5
2024,나나960918,to_in_001,5
2024,나나960918,to_in_007,5
2024,나나960918,to_in_008,0
2024,나나960919,to_in_001,5
2024,나나960919,to_in_007,5
2024,나나960919,to_in_008,0
2024,나나960925,to_in_001,5
2024,나나960925,to_in_007,5
2024,나나960925,to_in_008,5
2024,나나960926,to_in_001,8
2024,나나960926,to_in_007,5
2024,나나960926,to_in_008,5
2024,나나960933,to_in_001,18
2024,나나960933,to_in_007,8
2024,나나960933,to_in_008,8
2024,나나960934,to_in_001,13
2024,나나960934,to_in_007,8
2024,나나960934,to_in_008,8
2024,나나960945,to_in_001,8
2024,나나960945,to_in_007,8
2024,나나960945,to_in_008,5
2024,나나960949,to_in_001,5
2024,나나960949,to_in_007,5
2024,나나960949,to_in_008,5
2024,나나960970,to_in_001,5
2024,나나960970,to_in_007,5
2024,나나960970,to_in_008,0
2024,나나971947,to_in_001,8
2024,나나971947,to_in_007,5
2024,나나971947,to_in_008,5
2024,나나971951,to_in_001,5
2024,나나971951,to_in_007,0
2024,나나971951,to_in_008,5
2024,나나971960,to_in_001,5
2024,나나971960,to_in_007,5
2024,나나971960,to_in_008,5
2024,나나971961,to_in_001,13
2024,나나971961,to_in_007,8
2024,나나971961,to_in_008,8
2024,나나971974,to_in_001,5
2024,나나971974,to_in_007,0
2024,나나971974,to_in_008,0
2024,나나971976,to_in_001,18
2024,나나971976,to_in_007,8
2024,나나971976,to_in_008,8
2024,나나971977,to_in_001,13
2024,나나971977,to_in_007,8
2024,나나971977,to_in_008,5
2024,나나971978,to_in_001,18
2024,나나971978,to_in_007,8
2024,나나971978,to_in_008,8
2024,나나971979,to_in_001,18
2024,나나971979,to_in_007,13
2024,나나971979,to_in_008,8
2024,나나971980,to_in_001,23
2024,나나971980,to_in_007,8
2024,나나971980,to_in_008,13
2024,나나971981,to_in_001,13
2024,나나971981,to_in_007,8
2024,나나971981,to_in_008,8
2024,나나971982,to_in_001,5
2024,나나971982,to_in_007,0
2024,나나971982,to_in_008,0
2024,나나971989,to_in_001,8
2024,나나971989,to_in_007,5
2024,나나971989,to_in_008,5
2024,나나971992,to_in_001,5
2024,나나971992,to_in_007,0
2024,나나971738,to_in_007,48
2024,나나971738,to_in_008,52
2024,나나971739,to_in_001,68
2024,나나971739,to_in_007,33
2024,나나971739,to_in_008,33
2024,나나971740,to_in_001,8
2024,나나971740,to_in_007,5
2024,나나971740,to_in_008,5
2024,나나971751,to_in_001,5
2024,나나971751,to_in_007,0
2024,나나971751,to_in_008,5
2024,나나971917,to_in_001,0
2024,나나971917,to_in_007,0
2024,나나971917,to_in_008,0
2024,나나971918,to_in_001,0
2024,나나971918,to_in_007,0
2024,나나971918,to_in_008,0
2024,나나971926,to_in_001,13
2024,나나971926,to_in_007,8
2024,나나971926,to_in_008,5
2024,나나971927,to_in_001,18
2024,나나971927,to_in_007,8
2024,나나971927,to_in_008,8
2024,나나971928,to_in_001,8
2024,나나971928,to_in_007,8
2024,나나971928,to_in_008,5
2024,나나971931,to_in_001,5
2024,나나971931,to_in_007,5
2024,나나971931,to_in_008,0
2024,나나971932,to_in_001,13
2024,나나971932,to_in_007,8
2024,나나971932,to_in_008,8
2024,나나971935,to_in_001,8
2024,나나971935,to_in_007,5
2024,나나971935,to_in_008,5
2024,나나971936,to_in_001,5
2024,나나971936,to_in_007,0
2024,나나971936,to_in_008,0
2024,나나971943,to_in_001,5
2024,나나971943,to_in_007,5
2024,나나971943,to_in_008,0
2024,나나971945,to_in_001,8
2024,나나971945,to_in_007,5
2024,나나971945,to_in_008,5
2024,나나971946,to_in_001,13
2024,나나971946,to_in_007,8
2024,나나971946,to_in_008,5
2024,나나976971,to_in_001,23
2024,나나976971,to_in_007,8
2024,나나976971,to_in_008,13
2024,나나976972,to_in_001,5
2024,나나976972,to_in_007,5
2024,나나976972,to_in_008,5
2024,나나976977,to_in_001,5
2024,나나976977,to_in_007,5
2024,나나976977,to_in_008,0
2024,나나976984,to_in_001,13
2024,나나976984,to_in_007,8
2024,나나976984,to_in_008,8
2024,나나976985,to_in_001,23
2024,나나976985,to_in_007,8
2024,나나976985,to_in_008,13
2024,나나976987,to_in_001,5
2024,나나976987,to_in_007,0
2024,나나976987,to_in_008,5
2024,나나976988,to_in_001,5
2024,나나976988,to_in_007,5
2024,나나976988,to_in_008,5
2024,나나976989,to_in_001,23
2024,나나976989,to_in_007,13
2024,나나976989,to_in_008,13
2024,나나976990,to_in_001,8
2024,나나976990,to_in_007,5
2024,나나976990,to_in_008,5
2024,나나976991,to_in_001,8
2024,나나976991,to_in_007,5
2024,나나976991,to_in_008,8
2024,나나976992,to_in_001,8
2024,나나976992,to_in_007,5
2024,나나976992,to_in_008,8
2024,나나976993,to_in_001,5
2024,나나976993,to_in_007,5
2024,나나976993,to_in_008,0
2024,나나976994,to_in_001,43
2024,나나976994,to_in_007,28
2024,나나976994,to_in_008,18
2024,나나976995,to_in_001,5
2024,나나976995,to_in_007,0
2024,나나976995,to_in_008,5
2024,나나977743,to_in_001,5
2024,나나977743,to_in_007,0
2024,나나977743,to_in_008,0
2024,나나977744,to_in_001,8
2024,나나977744,to_in_007,5
2024,나나977744,to_in_008,5
2024,나나977747,to_in_001,5
2024,나나977747,to_in_007,0
2024,나나977747,to_in_008,0
2024,나나977750,to_in_001,5
2024,나나977750,to_in_007,0
2024,나나977750,to_in_008,0
2024,나나977924,to_in_001,0
2024,나나977924,to_in_007,0
2024,나나977924,to_in_008,0
2024,나나977925,to_in_001,8
2024,나나977925,to_in_007,5
2024,나나977925,to_in_008,5
2024,나나977926,to_in_001,5
2024,나나977926,to_in_007,0
2024,나나977926,to_in_008,0
2024,나나977932,to_in_001,8
2024,나나977932,to_in_007,5
2024,나나977932,to_in_008,5
2024,나나977936,to_in_001,5
2024,나나977936,to_in_007,5
2024,나나977936,to_in_008,5
2024,나나977938,to_in_001,0
2024,나나977938,to_in_007,0
2024,나나977938,to_in_008,0
2024,나나977939,to_in_001,8
2024,나나977939,to_in_007,5
2024,나나977939,to_in_008,5
2024,나나977942,to_in_001,5
2024,나나977942,to_in_007,0
2024,나나977942,to_in_008,0
2024,나나977948,to_in_001,8
2024,나나977948,to_in_007,5
2024,나나977948,to_in_008,5
2024,나나977949,to_in_001,5
2024,나나977949,to_in_007,0
2024,나나977949,to_in_008,5
2024,나나977950,to_in_001,8
2024,나나977950,to_in_007,5
2024,나나977950,to_in_008,5
2024,나나977951,to_in_001,5
2024,나나977951,to_in_007,5
2024,나나977951,to_in_008,0
2024,나나977952,to_in_001,5
2024,나나977952,to_in_007,0
2024,나나977952,to_in_008,5
2024,나나977954,to_in_001,5
2024,나나977954,to_in_007,0
2024,나나977954,to_in_008,5
2024,나나977967,to_in_001,13
2024,나나977967,to_in_007,8
2024,나나977967,to_in_008,8
2024,나나977968,to_in_001,18
2024,나나977968,to_in_007,8
2024,나나977968,to_in_008,8
2024,나나977969,to_in_001,8
2024,나나977969,to_in_007,5
2024,나나977969,to_in_008,5
2024,나나977971,to_in_001,8
2024,나나977971,to_in_007,5
2024,나나977971,to_in_008,5
2024,나나977972,to_in_001,5
2024,나나977972,to_in_007,5
2024,나나977972,to_in_008,5
2024,나나977973,to_in_001,5
2024,나나977973,to_in_007,0
2024,나나977973,to_in_008,5
2024,나나977975,to_in_001,8
2024,나나977975,to_in_007,5
2024,나나977975,to_in_008,5
2024,나나977984,to_in_001,13
2024,나나977984,to_in_007,8
2024,나나977984,to_in_008,8
2024,나나977985,to_in_001,13
2024,나나977985,to_in_007,5
2024,나나977985,to_in_008,8
2024,나나977987,to_in_001,5
2024,나나977987,to_in_007,5
2024,나나977987,to_in_008,0
2024,나나977988,to_in_001,8
2024,나나961956,to_in_001,8
2024,나나961956,to_in_007,5
2024,나나961956,to_in_008,5
2024,나나961977,to_in_001,5
2024,나나961977,to_in_007,0
2024,나나961977,to_in_008,0
2024,나나961979,to_in_001,5
2024,나나961979,to_in_007,0
2024,나나961979,to_in_008,0
2024,나나961980,to_in_001,8
2024,나나961980,to_in_007,5
2024,나나961980,to_in_008,8
2024,나나961981,to_in_001,8
2024,나나961981,to_in_007,5
2024,나나961981,to_in_008,8
2024,나나961982,to_in_001,13
2024,나나961982,to_in_007,8
2024,나나961982,to_in_008,8
2024,나나961986,to_in_001,0
2024,나나961986,to_in_007,0
2024,나나961986,to_in_008,0
2024,나나961988,to_in_001,23
2024,나나961988,to_in_007,13
2024,나나961988,to_in_008,8
2024,나나961989,to_in_001,8
2024,나나961989,to_in_007,5
2024,나나961989,to_in_008,5
2024,나나961990,to_in_001,28
2024,나나961990,to_in_007,13
2024,나나961990,to_in_008,18
2024,나나961994,to_in_001,8
2024,나나961994,to_in_007,5
2024,나나961994,to_in_008,0
2024,나나961998,to_in_001,8
2024,나나961998,to_in_007,5
2024,나나961998,to_in_008,5
2024,나나967968,to_in_001,13
2024,나나967968,to_in_007,5
2024,나나967968,to_in_008,8
2024,나나967969,to_in_001,5
2024,나나967969,to_in_007,5
2024,나나967969,to_in_008,0
2024,나나967978,to_in_001,8
2024,나나967978,to_in_007,5
2024,나나967978,to_in_008,5
2024,나나967979,to_in_001,5
2024,나나967979,to_in_007,0
2024,나나967979,to_in_008,5
2024,나나967980,to_in_001,5
2024,나나967980,to_in_007,0
2024,나나967980,to_in_008,5
2024,나나967986,to_in_001,5
2024,나나967986,to_in_007,0
2024,나나967986,to_in_008,5
2024,나나967988,to_in_001,0
2024,나나967988,to_in_007,0
2024,나나967988,to_in_008,0
2024,나나967992,to_in_001,8
2024,나나967992,to_in_007,5
2024,나나967992,to_in_008,5
2024,나나967995,to_in_001,13
2024,나나967995,to_in_007,8
2024,나나967995,to_in_008,8
2024,나나967996,to_in_001,5
2024,나나967996,to_in_007,5
2024,나나967996,to_in_008,0
2024,나나968733,to_in_001,8
2024,나나968733,to_in_007,5
2024,나나968733,to_in_008,8
2024,나나968734,to_in_001,38
2024,나나968734,to_in_007,13
2024,나나968734,to_in_008,23
2024,나나968735,to_in_001,38
2024,나나968735,to_in_007,23
2024,나나968735,to_in_008,18
2024,나나968736,to_in_001,23
2024,나나968736,to_in_007,13
2024,나나968736,to_in_008,13
2024,나나968737,to_in_001,5
2024,나나968737,to_in_007,0
2024,나나968737,to_in_008,5
2024,나나968741,to_in_001,5
2024,나나968741,to_in_007,0
2024,나나968741,to_in_008,0
2024,나나968746,to_in_001,5
2024,나나968746,to_in_007,5
2024,나나968746,to_in_008,0
2024,나나968753,to_in_001,13
2024,나나968753,to_in_007,8
2024,나나968753,to_in_008,8
2024,나나968754,to_in_001,18
2024,나나968754,to_in_007,8
2024,나나968754,to_in_008,8
2024,나나968793,to_in_001,18
2024,나나968793,to_in_007,8
2024,나나968793,to_in_008,8
2024,나나968931,to_in_001,5
2024,나나968931,to_in_007,0
2024,나나968931,to_in_008,0
2024,나나968932,to_in_001,23
2024,나나968932,to_in_007,8
2024,나나968932,to_in_008,13
2024,나나968933,to_in_001,28
2024,나나968933,to_in_007,18
2024,나나968933,to_in_008,8
2024,나나968934,to_in_001,8
2024,나나968934,to_in_007,5
2024,나나968934,to_in_008,5
2024,나나968935,to_in_001,5
2024,나나968935,to_in_007,0
2024,나나968935,to_in_008,5
2024,나나968940,to_in_001,5
2024,나나968940,to_in_007,0
2024,나나968940,to_in_008,0
2024,나나968957,to_in_001,8
2024,나나968957,to_in_007,5
2024,나나968957,to_in_008,8
2024,나나968959,to_in_001,8
2024,나나968959,to_in_007,5
2024,나나968959,to_in_008,5
2024,나나968960,to_in_001,33
2024,나나968960,to_in_007,18
2024,나나968960,to_in_008,13
2024,나나968961,to_in_001,18
2024,나나968961,to_in_007,8
2024,나나968961,to_in_008,8
2024,나나968962,to_in_001,8
2024,나나968962,to_in_007,5
2024,나나968962,to_in_008,5
2024,나나968963,to_in_001,8
2024,나나968963,to_in_007,5
2024,나나968963,to_in_008,8
2024,나나968965,to_in_001,5
2024,나나968965,to_in_007,5
2024,나나968965,to_in_008,0
2024,나나968967,to_in_001,8
2024,나나968967,to_in_007,5
2024,나나968967,to_in_008,5
2024,나나968977,to_in_001,13
2024,나나968977,to_in_007,8
2024,나나968977,to_in_008,8
2024,나나968978,to_in_001,5
2024,나나968978,to_in_007,0
2024,나나968978,to_in_008,0
2024,나나968979,to_in_001,66
2024,나나968979,to_in_007,33
2024,나나968979,to_in_008,31
2024,나나968982,to_in_001,5
2024,나나968982,to_in_007,0
2024,나나968982,to_in_008,5
2024,나나968985,to_in_001,0
2024,나나968985,to_in_007,0
2024,나나968985,to_in_008,0
2024,나나968986,to_in_001,8
2024,나나968986,to_in_007,5
2024,나나968986,to_in_008,5
2024,나나968987,to_in_001,8
2024,나나968987,to_in_007,8
2024,나나968987,to_in_008,0
2024,나나968988,to_in_001,5
2024,나나968988,to_in_007,5
2024,나나968988,to_in_008,5
2024,나나968993,to_in_001,8
2024,나나968993,to_in_007,8
2024,나나968993,to_in_008,5
2024,나나968995,to_in_001,8
2024,나나968995,to_in_007,8
2024,나나968995,to_in_008,5
2024,나나968996,to_in_001,5
2024,나나968996,to_in_007,0
2024,나나968996,to_in_008,0
2024,나나969733,to_in_001,0
2024,나나969733,to_in_007,0
2024,나나969733,to_in_008,0
2024,나나969735,to_in_001,13
2024,나나969735,to_in_007,8
2024,나나969735,to_in_008,5
2024,나나969736,to_in_001,18
2024,나나969736,to_in_007,8
2024,나나969736,to_in_008,8
2024,나나969737,to_in_001,8
2024,나나969737,to_in_007,5
2024,나나969737,to_in_008,5
2024,나나969746,to_in_001,8
2024,나나969746,to_in_007,8
2024,나나969746,to_in_008,8
2024,나나969752,to_in_001,5
2024,나나969752,to_in_007,5
2024,나나969752,to_in_008,0
2024,나나974936,to_in_001,0
2024,나나974936,to_in_007,0
2024,나나974936,to_in_008,0
2024,나나974937,to_in_001,23
2024,나나974937,to_in_007,13
2024,나나974937,to_in_008,13
2024,나나974941,to_in_001,8
2024,나나974941,to_in_007,8
2024,나나974941,to_in_008,0
2024,나나974946,to_in_001,0
2024,나나974946,to_in_007,0
2024,나나974946,to_in_008,0
2024,나나974951,to_in_001,33
2024,나나974951,to_in_007,13
2024,나나974951,to_in_008,18
2024,나나974952,to_in_001,8
2024,나나974952,to_in_007,5
2024,나나974952,to_in_008,8
2024,나나974954,to_in_001,5
2024,나나974954,to_in_007,5
2024,나나974954,to_in_008,5
2024,나나974956,to_in_001,23
2024,나나974956,to_in_007,8
2024,나나974956,to_in_008,13
2024,나나974957,to_in_001,5
2024,나나974957,to_in_007,0
2024,나나974957,to_in_008,0
2024,나나974959,to_in_001,5
2024,나나974959,to_in_007,0
2024,나나974959,to_in_008,5
2024,나나974960,to_in_001,13
2024,나나974960,to_in_007,8
2024,나나974960,to_in_008,8
2024,나나974961,to_in_001,8
2024,나나974961,to_in_007,5
2024,나나974961,to_in_008,5
2024,나나974962,to_in_001,5
2024,나나974962,to_in_007,5
2024,나나974962,to_in_008,0
2024,나나974968,to_in_001,8
2024,나나974968,to_in_007,8
2024,나나974968,to_in_008,5
2024,나나974969,to_in_001,8
2024,나나974969,to_in_007,5
2024,나나974969,to_in_008,8
2024,나나974970,to_in_001,8
2024,나나974970,to_in_007,5
2024,나나974970,to_in_008,5
2024,나나974971,to_in_001,18
2024,나나974971,to_in_007,8
2024,나나974971,to_in_008,8
2024,나나974973,to_in_001,5
2024,나나974973,to_in_007,5
2024,나나974973,to_in_008,5
2024,나나974974,to_in_001,0
2024,나나974974,to_in_007,0
2024,나나974974,to_in_008,0
2024,나나974975,to_in_001,0
2024,나나974975,to_in_007,0
2024,나나974975,to_in_008,0
2024,나나974978,to_in_001,5
2024,나나974978,to_in_007,5
2024,나나974978,to_in_008,0
2024,나나974984,to_in_001,8
2024,나나974984,to_in_007,8
2024,나나974984,to_in_008,5
2024,나나974985,to_in_001,5
2024,나나974985,to_in_007,5
2024,나나974985,to_in_008,5
2024,나나974986,to_in_001,5
2024,나나974986,to_in_007,5
2024,나나974986,to_in_008,0
2024,나나974989,to_in_001,8
2024,나나974989,to_in_007,8
2024,나나974989,to_in_008,5
2024,나나974992,to_in_001,8
2024,나나974992,to_in_007,5
2024,나나974992,to_in_008,5
2024,나나974994,to_in_001,5
2024,나나974994,to_in_007,0
2024,나나974994,to_in_008,5
2024,나나974995,to_in_001,18
2024,나나974995,to_in_007,8
2024,나나974995,to_in_008,8
2024,나나974996,to_in_001,8
2024,나나974996,to_in_007,8
2024,나나974996,to_in_008,5
2024,나나975741,to_in_001,5
2024,나나975741,to_in_007,5
2024,나나975741,to_in_008,5
2024,나나975742,to_in_001,5
2024,나나975742,to_in_007,0
2024,나나975742,to_in_008,0
2024,나나975743,to_in_001,5
2024,나나975743,to_in_007,5
2024,나나975743,to_in_008,5
2024,나나975750,to_in_001,0
2024,나나975750,to_in_007,0
2024,나나975750,to_in_008,0
2024,나나975925,to_in_001,31
2024,나나975925,to_in_007,26
2024,나나975925,to_in_008,8
2024,나나975926,to_in_001,23
2024,나나975926,to_in_007,13
2024,나나966913,to_in_001,0
2024,나나966913,to_in_007,0
2024,나나966913,to_in_008,0
2024,나나966955,to_in_001,5
2024,나나966955,to_in_007,5
2024,나나966955,to_in_008,0
2024,나나966956,to_in_001,13
2024,나나966956,to_in_007,8
2024,나나966956,to_in_008,5
2024,나나966957,to_in_001,8
2024,나나966957,to_in_007,8
2024,나나966957,to_in_008,5
2024,나나966958,to_in_001,18
2024,나나966958,to_in_007,8
2024,나나966958,to_in_008,8
2024,나나966959,to_in_001,23
2024,나나966959,to_in_007,13
2024,나나966959,to_in_008,8
2024,나나966960,to_in_001,23
2024,나나966960,to_in_007,8
2024,나나966960,to_in_008,13
2024,나나966961,to_in_001,18
2024,나나966961,to_in_007,13
2024,나나966961,to_in_008,5
2024,나나966962,to_in_001,5
2024,나나966962,to_in_007,0
2024,나나966962,to_in_008,5
2024,나나966966,to_in_001,5
2024,나나966966,to_in_007,5
2024,나나966966,to_in_008,0
2024,나나966968,to_in_001,13
2024,나나966968,to_in_007,8
2024,나나966968,to_in_008,5
2024,나나966969,to_in_001,5
2024,나나966969,to_in_007,0
2024,나나966969,to_in_008,5
2024,나나966978,to_in_001,5
2024,나나966978,to_in_007,5
2024,나나966978,to_in_008,5
2024,나나966985,to_in_001,5
2024,나나966985,to_in_007,0
2024,나나966985,to_in_008,0
2024,나나966986,to_in_001,18
2024,나나966986,to_in_007,13
2024,나나966986,to_in_008,8
2024,나나967732,to_in_001,8
2024,나나967732,to_in_007,5
2024,나나967732,to_in_008,5
2024,나나967733,to_in_001,13
2024,나나967733,to_in_007,8
2024,나나967733,to_in_008,5
2024,나나967734,to_in_001,28
2024,나나967734,to_in_007,13
2024,나나967734,to_in_008,13
2024,나나967735,to_in_001,18
2024,나나967735,to_in_007,8
2024,나나967735,to_in_008,13
2024,나나967736,to_in_001,8
2024,나나967736,to_in_007,5
2024,나나967736,to_in_008,8
2024,나나967737,to_in_001,13
2024,나나967737,to_in_007,8
2024,나나967737,to_in_008,5
2024,나나967738,to_in_001,8
2024,나나967738,to_in_007,0
2024,나나967738,to_in_008,5
2024,나나967739,to_in_001,5
2024,나나967739,to_in_007,0
2024,나나967739,to_in_008,0
2024,나나967740,to_in_001,0
2024,나나967740,to_in_007,0
2024,나나967740,to_in_008,0
2024,나나967752,to_in_001,40
2024,나나967752,to_in_007,30
2024,나나967752,to_in_008,8
2024,나나967753,to_in_001,8
2024,나나967753,to_in_007,5
2024,나나967753,to_in_008,5
2024,나나967754,to_in_001,18
2024,나나967754,to_in_007,8
2024,나나967754,to_in_008,8
2024,나나967755,to_in_001,5
2024,나나967755,to_in_007,5
2024,나나967755,to_in_008,5
2024,나나967792,to_in_001,0
2024,나나967792,to_in_007,0
2024,나나967792,to_in_008,0
2024,나나967793,to_in_001,5
2024,나나967793,to_in_007,5
2024,나나967793,to_in_008,0
2024,나나967844,to_in_001,0
2024,나나967844,to_in_007,0
2024,나나967844,to_in_008,0
2024,나나967913,to_in_001,8
2024,나나967913,to_in_007,8
2024,나나967913,to_in_008,0
2024,나나967933,to_in_001,5
2024,나나967933,to_in_007,0
2024,나나967933,to_in_008,5
2024,나나967941,to_in_001,8
2024,나나967941,to_in_007,8
2024,나나967941,to_in_008,5
2024,나나967942,to_in_001,8
2024,나나967942,to_in_007,8
2024,나나967942,to_in_008,0
2024,나나967943,to_in_001,8
2024,나나967943,to_in_007,8
2024,나나967943,to_in_008,5
2024,나나967950,to_in_001,5
2024,나나967950,to_in_007,0
2024,나나967950,to_in_008,0
2024,나나967956,to_in_001,5
2024,나나967956,to_in_007,0
2024,나나967956,to_in_008,5
2024,나나967958,to_in_001,8
2024,나나967958,to_in_007,8
2024,나나967958,to_in_008,0
2024,나나967959,to_in_001,13
2024,나나967959,to_in_007,8
2024,나나967959,to_in_008,5
2024,나나967960,to_in_001,23
2024,나나967960,to_in_007,13
2024,나나967960,to_in_008,13
2024,나나967961,to_in_001,23
2024,나나967961,to_in_007,13
2024,나나967961,to_in_008,8
2024,나나967963,to_in_001,0
2024,나나967963,to_in_007,0
2024,나나967963,to_in_008,0
2024,나나967967,to_in_001,5
2024,나나967967,to_in_007,0
2024,나나967967,to_in_008,5
2024,나나972996,to_in_001,18
2024,나나972996,to_in_007,8
2024,나나972996,to_in_008,8
2024,나나972997,to_in_001,5
2024,나나972997,to_in_007,5
2024,나나972997,to_in_008,0
2024,나나973735,to_in_001,5
2024,나나973735,to_in_007,5
2024,나나973735,to_in_008,0
2024,나나973738,to_in_001,5
2024,나나973738,to_in_007,0
2024,나나973738,to_in_008,5
2024,나나973739,to_in_001,8
2024,나나973739,to_in_007,5
2024,나나973739,to_in_008,5
2024,나나973740,to_in_001,18
2024,나나973740,to_in_007,8
2024,나나973740,to_in_008,8
2024,나나973741,to_in_001,8
2024,나나973741,to_in_007,5
2024,나나973741,to_in_008,5
2024,나나973743,to_in_001,8
2024,나나973743,to_in_007,5
2024,나나973743,to_in_008,5
2024,나나973744,to_in_001,5
2024,나나973744,to_in_007,0
2024,나나973744,to_in_008,5
2024,나나973749,to_in_001,8
2024,나나973749,to_in_007,5
2024,나나973749,to_in_008,5
2024,나나973918,to_in_001,8
2024,나나973918,to_in_007,5
2024,나나973918,to_in_008,8
2024,나나973920,to_in_001,5
2024,나나973920,to_in_007,0
2024,나나973920,to_in_008,0
2024,나나973921,to_in_001,5
2024,나나973921,to_in_007,0
2024,나나973921,to_in_008,5
2024,나나973929,to_in_001,0
2024,나나973929,to_in_007,0
2024,나나973929,to_in_008,0
2024,나나973932,to_in_001,8
2024,나나973932,to_in_007,5
2024,나나973932,to_in_008,8
2024,나나973933,to_in_001,5
2024,나나973933,to_in_007,5
2024,나나973933,to_in_008,5
2024,나나973934,to_in_001,5
2024,나나973934,to_in_007,0
2024,나나973934,to_in_008,5
2024,나나973935,to_in_001,5
2024,나나973935,to_in_007,0
2024,나나973935,to_in_008,5
2024,나나973936,to_in_001,13
2024,나나973936,to_in_007,8
2024,나나973936,to_in_008,5
2024,나나973937,to_in_001,5
2024,나나973937,to_in_007,0
2024,나나973937,to_in_008,0
2024,나나973938,to_in_001,5
2024,나나973938,to_in_007,5
2024,나나973938,to_in_008,0
2024,나나973944,to_in_001,0
2024,나나973944,to_in_007,0
2024,나나973944,to_in_008,0
2024,나나973954,to_in_001,8
2024,나나973954,to_in_007,5
2024,나나973954,to_in_008,5
2024,나나973958,to_in_001,13
2024,나나973958,to_in_007,8
2024,나나973958,to_in_008,8
2024,나나973959,to_in_001,13
2024,나나973959,to_in_007,5
2024,나나973959,to_in_008,8
2024,나나973960,to_in_001,8
2024,나나973960,to_in_007,5
2024,나나973960,to_in_008,5
2024,나나973961,to_in_001,23
2024,나나973961,to_in_007,13
2024,나나973961,to_in_008,8
2024,나나973962,to_in_001,18
2024,나나973962,to_in_007,13
2024,나나973962,to_in_008,8
2024,나나973967,to_in_001,8
2024,나나973967,to_in_007,5
2024,나나973967,to_in_008,5
2024,나나973968,to_in_001,8
2024,나나973968,to_in_007,5
2024,나나973968,to_in_008,5
2024,나나973973,to_in_001,8
2024,나나973973,to_in_007,5
2024,나나973973,to_in_008,5
2024,나나973978,to_in_001,13
2024,나나973978,to_in_007,8
2024,나나973978,to_in_008,8
2024,나나973979,to_in_001,5
2024,나나973979,to_in_007,0
2024,나나973979,to_in_008,0
2024,나나973981,to_in_001,5
2024,나나973981,to_in_007,0
2024,나나973981,to_in_008,5
2024,나나973986,to_in_001,5
2024,나나973986,to_in_007,0
2024,나나973986,to_in_008,0
2024,나나973987,to_in_001,5
2024,나나973987,to_in_007,5
2024,나나973987,to_in_008,0
2024,나나973992,to_in_001,13
2024,나나973992,to_in_007,8
2024,나나973992,to_in_008,8
2024,나나973993,to_in_001,5
2024,나나973993,to_in_007,0
2024,나나973993,to_in_008,5
2024,나나973996,to_in_001,18
2024,나나973996,to_in_007,13
2024,나나973996,to_in_008,8
2024,나나974736,to_in_001,8
2024,나나974736,to_in_007,5
2024,나나974736,to_in_008,5
2024,나나974741,to_in_001,0
2024,나나974741,to_in_007,0
2024,나나974741,to_in_008,0
2024,나나974742,to_in_001,5
2024,나나974742,to_in_007,0
2024,나나974742,to_in_008,5
2024,나나974743,to_in_001,5
2024,나나974743,to_in_007,0
2024,나나974743,to_in_008,0
2024,나나974929,to_in_001,18
2024,나나974929,to_in_007,8
2024,나나974929,to_in_008,13
2024,나나974930,to_in_001,8
2024,나나974930,to_in_007,5
2024,나나974930,to_in_008,5
2024,나나974932,to_in_001,5
2024,나나974932,to_in_007,0
2024,나나974932,to_in_008,5
2024,나나974933,to_in_001,5
2024,나나974933,to_in_007,0
2024,나나974933,to_in_008,0
2024,나나974934,to_in_001,8
2024,나나974934,to_in_007,8
2024,나나974934,to_in_008,5
2024,나나977989,to_in_001,85
2024,나나977989,to_in_007,42
2024,나나977989,to_in_008,41
2024,나나977990,to_in_001,75
2024,나나977990,to_in_007,30
2024,나나977990,to_in_008,43
2024,나나977991,to_in_001,28
2024,나나977991,to_in_007,18
2024,나나977991,to_in_008,13
2024,나나977992,to_in_001,39
2024,나나977992,to_in_007,23
2024,나나977992,to_in_008,19
2024,나나977993,to_in_001,13
2024,나나977993,to_in_007,8
2024,나나977993,to_in_008,8
2024,나나977994,to_in_001,0
2024,나나977994,to_in_007,0
2024,나나977988,to_in_007,8
2024,나나977988,to_in_008,8
2024,나나982930,to_in_001,8
2024,나나982930,to_in_007,5
2024,나나982930,to_in_008,8
2024,나나982931,to_in_001,33
2024,나나982931,to_in_007,13
2024,나나982931,to_in_008,18
2024,나나982932,to_in_001,13
2024,나나982932,to_in_007,8
2024,나나982932,to_in_008,8
2024,나나982936,to_in_001,0
2024,나나982936,to_in_007,0
2024,나나982936,to_in_008,0
2024,나나982937,to_in_001,13
2024,나나982937,to_in_007,8
2024,나나982937,to_in_008,8
2024,나나982938,to_in_001,23
2024,나나982938,to_in_007,13
2024,나나982938,to_in_008,13
2024,나나982939,to_in_001,5
2024,나나982939,to_in_007,5
2024,나나982939,to_in_008,0
2024,나나982942,to_in_001,33
2024,나나982942,to_in_007,13
2024,나나982942,to_in_008,18
2024,나나982943,to_in_001,5
2024,나나982943,to_in_007,5
2024,나나982943,to_in_008,5
2024,나나982974,to_in_001,5
2024,나나982974,to_in_007,5
2024,나나982974,to_in_008,0
2024,나나982975,to_in_001,8
2024,나나982975,to_in_007,5
2024,나나982975,to_in_008,5
2024,나나982978,to_in_001,5
2024,나나982978,to_in_007,5
2024,나나982978,to_in_008,0
2024,나나982979,to_in_001,5
2024,나나982979,to_in_007,0
2024,나나982979,to_in_008,5
2024,나나982980,to_in_001,13
2024,나나982980,to_in_007,8
2024,나나982980,to_in_008,5
2024,나나982981,to_in_001,0
2024,나나982981,to_in_007,0
2024,나나982981,to_in_008,0
2024,나나982985,to_in_001,8
2024,나나982985,to_in_007,5
2024,나나982985,to_in_008,5
2024,나나982986,to_in_001,5
2024,나나982986,to_in_007,5
2024,나나982986,to_in_008,0
2024,나나982987,to_in_001,8
2024,나나982987,to_in_007,5
2024,나나982987,to_in_008,8
2024,나나982988,to_in_001,54
2024,나나982988,to_in_007,29
2024,나나982988,to_in_008,23
2024,나나982989,to_in_001,8
2024,나나982989,to_in_007,5
2024,나나982989,to_in_008,5
2024,나나969932,to_in_001,8
2024,나나969932,to_in_007,5
2024,나나969932,to_in_008,5
2024,나나969933,to_in_001,18
2024,나나969933,to_in_007,8
2024,나나969933,to_in_008,8
2024,나나969934,to_in_001,13
2024,나나969934,to_in_007,8
2024,나나969934,to_in_008,8
2024,나나969935,to_in_001,5
2024,나나969935,to_in_007,0
2024,나나969935,to_in_008,5
2024,나나969938,to_in_001,0
2024,나나969938,to_in_007,0
2024,나나969938,to_in_008,0
2024,나나969940,to_in_001,5
2024,나나969940,to_in_007,5
2024,나나969940,to_in_008,5
2024,나나969947,to_in_001,5
2024,나나969947,to_in_007,0
2024,나나969947,to_in_008,0
2024,나나969951,to_in_001,13
2024,나나969951,to_in_007,8
2024,나나969951,to_in_008,8
2024,나나969952,to_in_001,5
2024,나나969952,to_in_007,0
2024,나나969952,to_in_008,0
2024,나나969956,to_in_001,18
2024,나나969956,to_in_007,8
2024,나나969956,to_in_008,8
2024,나나969958,to_in_001,5
2024,나나969958,to_in_007,0
2024,나나969958,to_in_008,5
2024,나나969959,to_in_001,18
2024,나나969959,to_in_007,8
2024,나나969959,to_in_008,8
2024,나나969960,to_in_001,13
2024,나나969960,to_in_007,8
2024,나나969960,to_in_008,5
2024,나나969961,to_in_001,0
2024,나나969961,to_in_007,0
2024,나나969961,to_in_008,0
2024,나나969962,to_in_001,5
2024,나나969962,to_in_007,0
2024,나나969962,to_in_008,5
2024,나나969966,to_in_001,5
2024,나나969966,to_in_007,5
2024,나나969966,to_in_008,0
2024,나나969967,to_in_001,8
2024,나나969967,to_in_007,8
2024,나나969967,to_in_008,5
2024,나나969976,to_in_001,5
2024,나나969976,to_in_007,0
2024,나나969976,to_in_008,0
2024,나나969978,to_in_001,8
2024,나나969978,to_in_007,5
2024,나나969978,to_in_008,5
2024,나나969979,to_in_001,18
2024,나나969979,to_in_007,8
2024,나나969979,to_in_008,13
2024,나나969980,to_in_001,28
2024,나나969980,to_in_007,18
2024,나나969980,to_in_008,13
2024,나나969981,to_in_001,8
2024,나나969981,to_in_007,8
2024,나나969981,to_in_008,5
2024,나나969982,to_in_001,23
2024,나나969982,to_in_007,13
2024,나나969982,to_in_008,13
2024,나나969983,to_in_001,8
2024,나나969983,to_in_007,5
2024,나나969983,to_in_008,8
2024,나나969984,to_in_001,8
2024,나나969984,to_in_007,5
2024,나나969984,to_in_008,0
2024,나나969985,to_in_001,23
2024,나나969985,to_in_007,13
2024,나나969985,to_in_008,13
2024,나나969986,to_in_001,23
2024,나나969986,to_in_007,13
2024,나나969986,to_in_008,8
2024,나나969987,to_in_001,23
2024,나나969987,to_in_007,13
2024,나나969987,to_in_008,13
2024,나나969988,to_in_001,48
2024,나나969988,to_in_007,28
2024,나나969988,to_in_008,18
2024,나나969990,to_in_001,8
2024,나나969990,to_in_007,5
2024,나나969990,to_in_008,5
2024,나나969991,to_in_001,5
2024,나나969991,to_in_007,5
2024,나나969991,to_in_008,0
2024,나나969992,to_in_001,13
2024,나나969992,to_in_007,5
2024,나나969992,to_in_008,8
2024,나나969994,to_in_001,5
2024,나나969994,to_in_007,5
2024,나나969994,to_in_008,0
2024,나나969995,to_in_001,13
2024,나나969995,to_in_007,5
2024,나나969995,to_in_008,8
2024,나나969996,to_in_001,8
2024,나나969996,to_in_007,5
2024,나나969996,to_in_008,5
2024,나나969997,to_in_001,13
2024,나나969997,to_in_007,8
2024,나나969997,to_in_008,5
2024,나나969998,to_in_001,5
2024,나나969998,to_in_007,5
2024,나나969998,to_in_008,5
2024,나나970737,to_in_001,5
2024,나나970737,to_in_007,5
2024,나나970737,to_in_008,5
2024,나나970738,to_in_001,18
2024,나나970738,to_in_007,8
2024,나나970738,to_in_008,8
2024,나나970740,to_in_001,5
2024,나나970740,to_in_007,0
2024,나나970740,to_in_008,5
2024,나나970746,to_in_001,13
2024,나나970746,to_in_007,8
2024,나나970746,to_in_008,5
2024,나나970755,to_in_001,13
2024,나나970755,to_in_007,8
2024,나나970755,to_in_008,8
2024,나나975970,to_in_001,13
2024,나나975970,to_in_007,8
2024,나나975970,to_in_008,8
2024,나나975971,to_in_001,18
2024,나나975971,to_in_007,8
2024,나나975971,to_in_008,8
2024,나나975974,to_in_001,0
2024,나나975974,to_in_007,0
2024,나나975974,to_in_008,0
2024,나나975978,to_in_001,8
2024,나나975978,to_in_007,5
2024,나나975978,to_in_008,8
2024,나나975979,to_in_001,5
2024,나나975979,to_in_007,5
2024,나나975979,to_in_008,0
2024,나나975984,to_in_001,23
2024,나나975984,to_in_007,8
2024,나나975984,to_in_008,18
2024,나나975985,to_in_001,13
2024,나나975985,to_in_007,8
2024,나나975985,to_in_008,8
2024,나나975986,to_in_001,5
2024,나나975986,to_in_007,5
2024,나나975986,to_in_008,5
2024,나나975987,to_in_001,5
2024,나나975987,to_in_007,5
2024,나나975987,to_in_008,0
2024,나나975989,to_in_001,5
2024,나나975989,to_in_007,0
2024,나나975989,to_in_008,0
2024,나나975990,to_in_001,8
2024,나나975990,to_in_007,8
2024,나나975990,to_in_008,5
2024,나나975991,to_in_001,8
2024,나나975991,to_in_007,8
2024,나나975991,to_in_008,8
2024,나나975994,to_in_001,18
2024,나나975994,to_in_007,13
2024,나나975994,to_in_008,8
2024,나나975995,to_in_001,8
2024,나나975995,to_in_007,5
2024,나나975995,to_in_008,8
2024,나나975996,to_in_001,0
2024,나나975996,to_in_007,0
2024,나나975996,to_in_008,0
2024,나나976743,to_in_001,0
2024,나나976743,to_in_007,0
2024,나나976743,to_in_008,0
2024,나나976746,to_in_001,0
2024,나나976746,to_in_007,0
2024,나나976746,to_in_008,0
2024,나나976747,to_in_001,0
2024,나나976747,to_in_007,0
2024,나나976747,to_in_008,0
2024,나나976925,to_in_001,8
2024,나나976925,to_in_007,8
2024,나나976925,to_in_008,5
2024,나나976929,to_in_001,8
2024,나나976929,to_in_007,5
2024,나나976929,to_in_008,5
2024,나나976930,to_in_001,8
2024,나나976930,to_in_007,8
2024,나나976930,to_in_008,5
2024,나나976931,to_in_001,13
2024,나나976931,to_in_007,8
2024,나나976931,to_in_008,5
2024,나나976932,to_in_001,23
2024,나나976932,to_in_007,13
2024,나나976932,to_in_008,8
2024,나나976933,to_in_001,5
2024,나나976933,to_in_007,5
2024,나나976933,to_in_008,5
2024,나나976935,to_in_001,5
2024,나나976935,to_in_007,5
2024,나나976935,to_in_008,0
2024,나나976936,to_in_001,5
2024,나나976936,to_in_007,5
2024,나나976936,to_in_008,5
2024,나나976937,to_in_001,5
2024,나나976937,to_in_007,0
2024,나나976937,to_in_008,0
2024,나나976938,to_in_001,5
2024,나나976938,to_in_007,0
2024,나나976938,to_in_008,0
2024,나나976939,to_in_001,8
2024,나나976939,to_in_007,5
2024,나나976939,to_in_008,8
2024,나나976940,to_in_001,13
2024,나나976940,to_in_007,5
2024,나나976940,to_in_008,8
2024,나나976947,to_in_001,5
2024,나나976947,to_in_007,0
2024,나나976947,to_in_008,0
2024,나나976948,to_in_001,13
2024,나나976948,to_in_007,5
2024,나나976948,to_in_008,8
2024,나나976949,to_in_001,13
2024,나나976949,to_in_007,8
2024,나나976949,to_in_008,8
2024,나나976950,to_in_001,8
2024,나나976950,to_in_007,8
2024,나나976950,to_in_008,5
2024,나나976951,to_in_001,5
2024,나나976951,to_in_007,0
2024,나나976951,to_in_008,5
2024,나나976952,to_in_001,5
2024,나나976952,to_in_007,0
2024,나나976952,to_in_008,0
2024,나나976957,to_in_001,5
2024,나나976957,to_in_007,0
2024,나나976957,to_in_008,5
2024,나나976958,to_in_001,0
2024,나나976958,to_in_007,0
2024,나나976958,to_in_008,0
2024,나나976962,to_in_001,0
2024,나나976962,to_in_007,0
2024,나나976962,to_in_008,0
2024,나나976963,to_in_001,0
2024,나나976963,to_in_007,0
2024,나나976963,to_in_008,0
2024,나나976964,to_in_001,5
2024,나나976964,to_in_007,5
2024,나나976964,to_in_008,0
2024,나나976965,to_in_001,5
2024,나나976965,to_in_007,5
2024,나나976965,to_in_008,5
2024,나나976969,to_in_001,28
2024,나나976969,to_in_007,8
2024,나나976969,to_in_008,18
2024,나나976970,to_in_001,0
2024,나나976970,to_in_007,0
2024,나나976970,to_in_008,0
2024,나나981927,to_in_001,8
2024,나나981927,to_in_007,5
2024,나나981927,to_in_008,5
2024,나나981928,to_in_001,23
2024,나나981928,to_in_007,13
2024,나나981928,to_in_008,8
2024,나나981929,to_in_001,18
2024,나나981929,to_in_007,8
2024,나나981929,to_in_008,8
2024,나나981930,to_in_001,44
2024,나나981930,to_in_007,24
2024,나나981930,to_in_008,18
2024,나나981931,to_in_001,8
2024,나나981931,to_in_007,5
2024,나나981931,to_in_008,8
2024,나나981932,to_in_001,13
2024,나나981932,to_in_007,8
2024,나나981932,to_in_008,5
2024,나나981933,to_in_001,8
2024,나나981933,to_in_007,8
2024,나나981933,to_in_008,5
2024,나나981942,to_in_001,28
2024,나나981942,to_in_007,13
2024,나나981942,to_in_008,13
2024,나나981943,to_in_001,8
2024,나나981943,to_in_007,5
2024,나나981943,to_in_008,5
2024,나나981947,to_in_001,5
2024,나나981947,to_in_007,5
2024,나나981947,to_in_008,5
2024,나나981948,to_in_001,8
2024,나나981948,to_in_007,5
2024,나나981948,to_in_008,5
2024,나나981949,to_in_001,8
2024,나나981949,to_in_007,5
2024,나나982991,to_in_001,82
2024,나나982991,to_in_007,47
2024,나나982991,to_in_008,33
2024,나나982992,to_in_001,146
2024,나나982992,to_in_007,72
2024,나나982992,to_in_008,72
2024,나나982993,to_in_001,53
2024,나나982993,to_in_007,28
2024,나나982993,to_in_008,23
2024,나나982994,to_in_001,99
2024,나나982994,to_in_007,47
2024,나나982994,to_in_008,50
2024,나나982995,to_in_001,261
2024,나나982995,to_in_007,137
2024,나나982995,to_in_008,127
2024,나나983734,to_in_001,8
2024,나나983734,to_in_007,5
2024,나나983734,to_in_008,5
2024,나나983735,to_in_001,5
2024,나나983735,to_in_007,0
2024,나나983735,to_in_008,0
2024,나나983745,to_in_001,5
2024,나나983745,to_in_007,0
2024,나나983745,to_in_008,5
2024,나나983746,to_in_001,5
2024,나나983746,to_in_007,5
2024,나나983746,to_in_008,5
2024,나나983748,to_in_001,5
2024,나나983748,to_in_007,5
2024,나나983748,to_in_008,5
2024,나나983750,to_in_001,8
2024,나나983750,to_in_007,5
2024,나나983750,to_in_008,5
2024,나나983757,to_in_001,0
2024,나나983757,to_in_007,0
2024,나나983757,to_in_008,0
2024,나나983763,to_in_001,0
2024,나나983763,to_in_007,0
2024,나나983763,to_in_008,0
2024,나나983764,to_in_001,5
2024,나나983764,to_in_007,0
2024,나나983764,to_in_008,0
2024,나나983765,to_in_001,5
2024,나나983765,to_in_007,0
2024,나나983765,to_in_008,5
2024,나나983913,to_in_001,0
2024,나나983913,to_in_007,0
2024,나나983913,to_in_008,0
2024,나나983919,to_in_001,8
2024,나나983919,to_in_007,5
2024,나나983919,to_in_008,5
2024,나나983920,to_in_001,5
2024,나나983920,to_in_007,5
2024,나나983920,to_in_008,0
2024,나나983921,to_in_001,5
2024,나나983921,to_in_007,0
2024,나나983921,to_in_008,5
2024,나나983922,to_in_001,0
2024,나나983922,to_in_007,0
2024,나나983922,to_in_008,0
2024,나나983923,to_in_001,5
2024,나나983923,to_in_007,0
2024,나나983923,to_in_008,0
2024,나나985945,to_in_001,8
2024,나나985945,to_in_007,5
2024,나나985945,to_in_008,5
2024,나나985946,to_in_001,5
2024,나나985946,to_in_007,5
2024,나나985946,to_in_008,5
2024,나나985947,to_in_001,8
2024,나나985947,to_in_007,5
2024,나나985947,to_in_008,8
2024,나나985967,to_in_001,5
2024,나나985967,to_in_007,0
2024,나나985967,to_in_008,5
2024,나나985969,to_in_001,0
2024,나나985969,to_in_007,0
2024,나나985969,to_in_008,0
2024,나나985971,to_in_001,5
2024,나나985971,to_in_007,0
2024,나나985971,to_in_008,5
2024,나나985973,to_in_001,5
2024,나나985973,to_in_007,5
2024,나나985973,to_in_008,0
2024,나나985975,to_in_001,127
2024,나나985975,to_in_007,65
2024,나나985975,to_in_008,65
2024,나나985977,to_in_001,8
2024,나나985977,to_in_007,8
2024,나나985977,to_in_008,5
2024,나나985978,to_in_001,8
2024,나나985978,to_in_007,8
2024,나나985978,to_in_008,5
2024,나나985979,to_in_001,5
2024,나나985979,to_in_007,5
2024,나나985979,to_in_008,5
2024,나나985981,to_in_001,8
2024,나나985981,to_in_007,5
2024,나나985981,to_in_008,5
2024,나나985982,to_in_001,13
2024,나나985982,to_in_007,8
2024,나나985982,to_in_008,5
2024,나나985983,to_in_001,83
2024,나나985983,to_in_007,38
2024,나나985983,to_in_008,43
2024,나나985984,to_in_001,18
2024,나나985984,to_in_007,8
2024,나나985984,to_in_008,13
2024,나나985986,to_in_001,13
2024,나나985986,to_in_007,8
2024,나나985986,to_in_008,8
2024,나나985987,to_in_001,70
2024,나나985987,to_in_007,40
2024,나나985987,to_in_008,28
2024,나나985988,to_in_001,5
2024,나나985988,to_in_007,5
2024,나나985988,to_in_008,0
2024,나나985989,to_in_001,5
2024,나나985989,to_in_007,5
2024,나나985989,to_in_008,5
2024,나나985990,to_in_001,79
2024,나나985990,to_in_007,35
2024,나나985990,to_in_008,42
2024,나나985991,to_in_001,128
2024,나나985991,to_in_007,63
2024,나나985991,to_in_008,63
2024,나나985993,to_in_001,8
2024,나나985993,to_in_007,8
2024,나나985993,to_in_008,8
2024,나나985994,to_in_001,38
2024,나나985994,to_in_007,18
2024,나나985994,to_in_008,18
2024,나나985995,to_in_001,23
2024,나나985995,to_in_007,8
2024,나나985995,to_in_008,13
2024,나나985996,to_in_001,48
2024,나나985996,to_in_007,23
2024,나나985996,to_in_008,23
2024,나나985997,to_in_001,28
2024,나나985997,to_in_007,18
2024,나나985997,to_in_008,13
2024,나나985998,to_in_001,13
2024,나나985998,to_in_007,8
2024,나나985998,to_in_008,8
2024,나나985999,to_in_001,5
2024,나나985999,to_in_007,0
2024,나나985999,to_in_008,5
2024,나나986734,to_in_001,5
2024,나나986734,to_in_007,5
2024,나나986734,to_in_008,0
2024,나나986736,to_in_001,13
2024,나나986736,to_in_007,8
2024,나나986736,to_in_008,5
2024,나나986747,to_in_001,8
2024,나나986747,to_in_007,8
2024,나나986747,to_in_008,8
2024,나나986748,to_in_001,28
2024,나나986748,to_in_007,8
2024,나나986748,to_in_008,18
2024,나나986749,to_in_001,28
2024,나나986749,to_in_007,13
2024,나나986749,to_in_008,13
2024,나나986750,to_in_001,33
2024,나나986750,to_in_007,13
2024,나나986750,to_in_008,18
2024,나나986751,to_in_001,13
2024,나나986751,to_in_007,13
2024,나나986751,to_in_008,5
2024,나나986754,to_in_001,5
2024,나나986754,to_in_007,0
2024,나나986754,to_in_008,0
2024,나나986765,to_in_001,5
2024,나나986765,to_in_007,0
2024,나나986765,to_in_008,5
2024,나나986919,to_in_001,8
2024,나나986919,to_in_007,8
2024,나나986919,to_in_008,5
2024,나나986922,to_in_001,5
2024,나나986922,to_in_007,5
2024,나나986922,to_in_008,5
2024,나나986923,to_in_001,0
2024,나나986923,to_in_007,0
2024,나나986923,to_in_008,0
2024,나나986925,to_in_001,5
2024,나나986925,to_in_007,5
2024,나나986925,to_in_008,5
2024,나나986926,to_in_001,13
2024,나나986926,to_in_007,5
2024,나나986926,to_in_008,8
2024,나나986934,to_in_001,5
2024,나나986934,to_in_007,0
2024,나나986934,to_in_008,0
2024,나나986935,to_in_001,5
2024,나나986935,to_in_007,0
2024,나나986935,to_in_008,5
2024,나나986938,to_in_001,8
2024,나나986938,to_in_007,5
2024,나나986938,to_in_008,5
2024,나나987967,to_in_001,8
2024,나나987967,to_in_007,5
2024,나나987967,to_in_008,5
2024,나나987971,to_in_001,8
2024,나나987971,to_in_007,5
2024,나나987971,to_in_008,8
2024,나나987975,to_in_001,104
2024,나나987975,to_in_007,53
2024,나나987975,to_in_008,54
2024,나나987976,to_in_001,133
2024,나나987976,to_in_007,64
2024,나나987976,to_in_008,72
2024,나나987986,to_in_001,84
2024,나나987986,to_in_007,47
2024,나나987986,to_in_008,35
2024,나나987987,to_in_001,104
2024,나나987987,to_in_007,53
2024,나나987987,to_in_008,54
2024,나나987988,to_in_001,8
2024,나나987988,to_in_007,5
2024,나나987988,to_in_008,5
2024,나나987989,to_in_001,8
2024,나나987989,to_in_007,5
2024,나나987989,to_in_008,8
2024,나나987993,to_in_001,0
2024,나나987993,to_in_007,0
2024,나나987993,to_in_008,0
2024,나나987995,to_in_001,58
2024,나나987995,to_in_007,28
2024,나나987995,to_in_008,28
2024,나나987996,to_in_001,33
2024,나나987996,to_in_007,13
2024,나나987996,to_in_008,18
2024,나나987997,to_in_001,45
2024,나나987997,to_in_007,25
2024,나나987997,to_in_008,23
2024,나나987998,to_in_001,23
2024,나나987998,to_in_007,13
2024,나나987998,to_in_008,8
2024,나나987999,to_in_001,85
2024,나나987999,to_in_007,39
2024,나나987999,to_in_008,44
2024,나나988743,to_in_001,5
2024,나나988743,to_in_007,5
2024,나나988743,to_in_008,0
2024,나나988745,to_in_001,8
2024,나나988745,to_in_007,5
2024,나나988745,to_in_008,5
2024,나나988747,to_in_001,28
2024,나나988747,to_in_007,18
2024,나나988747,to_in_008,13
2024,나나988748,to_in_001,13
2024,나나988748,to_in_007,8
2024,나나988748,to_in_008,8
2024,나나988749,to_in_001,93
2024,나나988749,to_in_007,56
2024,나나988749,to_in_008,35
2024,나나988750,to_in_001,18
2024,나나988750,to_in_007,13
2024,나나988750,to_in_008,8
2024,나나988751,to_in_001,13
2024,나나988751,to_in_007,8
2024,나나988751,to_in_008,8
2024,나나988753,to_in_001,5
2024,나나988753,to_in_007,5
2024,나나988753,to_in_008,0
2024,나나988754,to_in_001,5
2024,나나988754,to_in_007,5
2024,나나988754,to_in_008,5
2024,나나988755,to_in_001,5
2024,나나988755,to_in_007,5
2024,나나988755,to_in_008,0
2024,나나988756,to_in_001,8
2024,나나988756,to_in_007,5
2024,나나988756,to_in_008,5
2024,나나988760,to_in_001,5
2024,나나988760,to_in_007,0
2024,나나988760,to_in_008,0
2024,나나988966,to_in_001,13
2024,나나988966,to_in_007,8
2024,나나988966,to_in_008,8
2024,나나988968,to_in_001,5
2024,나나988968,to_in_007,0
2024,나나988968,to_in_008,5
2024,나나988969,to_in_001,8
2024,나나988969,to_in_007,5
2024,나나988969,to_in_008,5
2024,나나988970,to_in_001,5
2024,나나988970,to_in_007,0
2024,나나988970,to_in_008,5
2024,나나988975,to_in_001,85
2024,나나988975,to_in_007,40
2024,나나988975,to_in_008,43
2024,나나988976,to_in_001,118
2024,나나988976,to_in_007,55
2024,나나988976,to_in_008,61
2024,나나988977,to_in_001,43
2024,나나988977,to_in_007,23
2024,나나988977,to_in_008,18
2024,나나988978,to_in_001,5
2024,나나988978,to_in_007,0
2024,나나988978,to_in_008,5
2024,나나988985,to_in_001,8
2024,나나988985,to_in_007,5
2024,나나988985,to_in_008,8
2024,나나988986,to_in_001,23
2024,나나988986,to_in_007,13
2024,나나988986,to_in_008,13
2024,나나988987,to_in_001,13
2024,나나988987,to_in_007,8
2024,나나988987,to_in_008,8
2024,나나988988,to_in_001,18
2024,나나988988,to_in_007,8
2024,나나988988,to_in_008,8
2024,나나988989,to_in_001,8
2024,나나988989,to_in_007,5
2024,나나988989,to_in_008,5
2024,나나988992,to_in_001,23
2024,나나988992,to_in_007,13
2024,나나988992,to_in_008,13
2024,나나988993,to_in_001,8
2024,나나988993,to_in_007,5
2024,나나988993,to_in_008,5
2024,나나988994,to_in_001,8
2024,나나988994,to_in_007,5
2024,나나988994,to_in_008,5
2024,나나988995,to_in_001,96
2024,나나988995,to_in_007,44
2024,나나988995,to_in_008,50
2024,나나988996,to_in_001,63
2024,나나988996,to_in_007,28
2024,나나988996,to_in_008,33
2024,나나988997,to_in_001,23
2024,나나988997,to_in_007,13
2024,나나988997,to_in_008,8
2024,나나988998,to_in_001,13
2024,나나988998,to_in_007,8
2024,나나988998,to_in_008,8
2024,나나991973,to_in_001,5
2024,나나975926,to_in_008,8
2024,나나975934,to_in_001,0
2024,나나975934,to_in_007,0
2024,나나975934,to_in_008,0
2024,나나975935,to_in_001,33
2024,나나975935,to_in_007,18
2024,나나975935,to_in_008,18
2024,나나975936,to_in_001,13
2024,나나975936,to_in_007,8
2024,나나975936,to_in_008,5
2024,나나975937,to_in_001,13
2024,나나975937,to_in_007,8
2024,나나975937,to_in_008,8
2024,나나975938,to_in_001,18
2024,나나975938,to_in_007,8
2024,나나975938,to_in_008,8
2024,나나975948,to_in_001,5
2024,나나975948,to_in_007,5
2024,나나975948,to_in_008,5
2024,나나975951,to_in_001,32
2024,나나975951,to_in_007,13
2024,나나975951,to_in_008,17
2024,나나975952,to_in_001,8
2024,나나975952,to_in_007,5
2024,나나975952,to_in_008,5
2024,나나975954,to_in_001,8
2024,나나975954,to_in_007,5
2024,나나975954,to_in_008,5
2024,나나975956,to_in_001,13
2024,나나975956,to_in_007,8
2024,나나975956,to_in_008,8
2024,나나975957,to_in_001,5
2024,나나975957,to_in_007,5
2024,나나975957,to_in_008,0
2024,나나975962,to_in_001,5
2024,나나975962,to_in_007,5
2024,나나975962,to_in_008,0
2024,나나975964,to_in_001,5
2024,나나975964,to_in_007,5
2024,나나975964,to_in_008,0
2024,나나975965,to_in_001,13
2024,나나975965,to_in_007,8
2024,나나975965,to_in_008,5
2024,나나975968,to_in_001,5
2024,나나975968,to_in_007,0
2024,나나975968,to_in_008,5
2024,나나975969,to_in_001,8
2024,나나975969,to_in_007,5
2024,나나975969,to_in_008,5
2024,나나980932,to_in_001,8
2024,나나980932,to_in_007,5
2024,나나980932,to_in_008,5
2024,나나980933,to_in_001,8
2024,나나980933,to_in_007,5
2024,나나980933,to_in_008,5
2024,나나980936,to_in_001,0
2024,나나980936,to_in_007,0
2024,나나980936,to_in_008,0
2024,나나980942,to_in_001,8
2024,나나980942,to_in_007,5
2024,나나980942,to_in_008,5
2024,나나980946,to_in_001,5
2024,나나980946,to_in_007,5
2024,나나980946,to_in_008,5
2024,나나980947,to_in_001,23
2024,나나980947,to_in_007,13
2024,나나980947,to_in_008,13
2024,나나980948,to_in_001,28
2024,나나980948,to_in_007,13
2024,나나980948,to_in_008,18
2024,나나980949,to_in_001,28
2024,나나980949,to_in_007,13
2024,나나980949,to_in_008,13
2024,나나980950,to_in_001,23
2024,나나980950,to_in_007,8
2024,나나980950,to_in_008,13
2024,나나980951,to_in_001,0
2024,나나980951,to_in_007,0
2024,나나980951,to_in_008,0
2024,나나980952,to_in_001,8
2024,나나980952,to_in_007,8
2024,나나980952,to_in_008,5
2024,나나980953,to_in_001,13
2024,나나980953,to_in_007,8
2024,나나980953,to_in_008,8
2024,나나980954,to_in_001,8
2024,나나980954,to_in_007,8
2024,나나980954,to_in_008,5
2024,나나980955,to_in_001,8
2024,나나980955,to_in_007,8
2024,나나980955,to_in_008,0
2024,나나980959,to_in_001,18
2024,나나980959,to_in_007,8
2024,나나980959,to_in_008,8
2024,나나980960,to_in_001,8
2024,나나980960,to_in_007,8
2024,나나980960,to_in_008,5
2024,나나980971,to_in_001,5
2024,나나980971,to_in_007,0
2024,나나980971,to_in_008,0
2024,나나980973,to_in_001,8
2024,나나980973,to_in_007,5
2024,나나980973,to_in_008,5
2024,나나980974,to_in_001,8
2024,나나980974,to_in_007,5
2024,나나980974,to_in_008,5
2024,나나980975,to_in_001,8
2024,나나980975,to_in_007,8
2024,나나980975,to_in_008,8
2024,나나980978,to_in_001,8
2024,나나980978,to_in_007,5
2024,나나980978,to_in_008,5
2024,나나980982,to_in_001,5
2024,나나980982,to_in_007,5
2024,나나980982,to_in_008,0
2024,나나980983,to_in_001,5
2024,나나980983,to_in_007,5
2024,나나980983,to_in_008,0
2024,나나980985,to_in_001,5
2024,나나980985,to_in_007,5
2024,나나980985,to_in_008,5
2024,나나980986,to_in_001,33
2024,나나980986,to_in_007,13
2024,나나980986,to_in_008,18
2024,나나980987,to_in_001,8
2024,나나980987,to_in_007,5
2024,나나980987,to_in_008,5
2024,나나980988,to_in_001,8
2024,나나980988,to_in_007,8
2024,나나980988,to_in_008,5
2024,나나980989,to_in_001,0
2024,나나980989,to_in_007,0
2024,나나980989,to_in_008,0
2024,나나980990,to_in_001,5
2024,나나980990,to_in_007,5
2024,나나980990,to_in_008,0
2024,나나980991,to_in_001,84
2024,나나980991,to_in_007,39
2024,나나980991,to_in_008,43
2024,나나980992,to_in_001,53
2024,나나980992,to_in_007,33
2024,나나980992,to_in_008,23
2024,나나980993,to_in_001,58
2024,나나980993,to_in_007,28
2024,나나980993,to_in_008,33
2024,나나980994,to_in_001,155
2024,나나980994,to_in_007,79
2024,나나980994,to_in_008,74
2024,나나980995,to_in_001,8
2024,나나980995,to_in_007,5
2024,나나980995,to_in_008,5
2024,나나980996,to_in_001,8
2024,나나980996,to_in_007,5
2024,나나980996,to_in_008,5
2024,나나980997,to_in_001,5
2024,나나980997,to_in_007,5
2024,나나980997,to_in_008,5
2024,나나980998,to_in_001,8
2024,나나980998,to_in_007,5
2024,나나980998,to_in_008,5
2024,나나981746,to_in_001,5
2024,나나981746,to_in_007,0
2024,나나981746,to_in_008,5
2024,나나981747,to_in_001,24
2024,나나981747,to_in_007,14
2024,나나981747,to_in_008,8
2024,나나981748,to_in_001,5
2024,나나981748,to_in_007,5
2024,나나981748,to_in_008,5
2024,나나981925,to_in_001,5
2024,나나981925,to_in_007,5
2024,나나981925,to_in_008,0
2024,나나984944,to_in_001,13
2024,나나984944,to_in_007,8
2024,나나984944,to_in_008,8
2024,나나984945,to_in_001,8
2024,나나984945,to_in_007,5
2024,나나984945,to_in_008,5
2024,나나984949,to_in_001,5
2024,나나984949,to_in_007,5
2024,나나984949,to_in_008,5
2024,나나984951,to_in_001,5
2024,나나984951,to_in_007,0
2024,나나984951,to_in_008,0
2024,나나984952,to_in_001,5
2024,나나984952,to_in_007,0
2024,나나984952,to_in_008,0
2024,나나984957,to_in_001,0
2024,나나984957,to_in_007,0
2024,나나984957,to_in_008,0
2024,나나984965,to_in_001,5
2024,나나984965,to_in_007,5
2024,나나984965,to_in_008,0
2024,나나984969,to_in_001,5
2024,나나984969,to_in_007,5
2024,나나984969,to_in_008,0
2024,나나984970,to_in_001,8
2024,나나984970,to_in_007,5
2024,나나984970,to_in_008,5
2024,나나984978,to_in_001,8
2024,나나984978,to_in_007,5
2024,나나984978,to_in_008,5
2024,나나984979,to_in_001,0
2024,나나984979,to_in_007,0
2024,나나984979,to_in_008,0
2024,나나984980,to_in_001,8
2024,나나984980,to_in_007,5
2024,나나984980,to_in_008,8
2024,나나984982,to_in_001,23
2024,나나984982,to_in_007,8
2024,나나984982,to_in_008,13
2024,나나984983,to_in_001,18
2024,나나984983,to_in_007,8
2024,나나984983,to_in_008,8
2024,나나984985,to_in_001,8
2024,나나984985,to_in_007,5
2024,나나984985,to_in_008,8
2024,나나984986,to_in_001,13
2024,나나984986,to_in_007,8
2024,나나984986,to_in_008,8
2024,나나984987,to_in_001,13
2024,나나984987,to_in_007,8
2024,나나984987,to_in_008,8
2024,나나984988,to_in_001,8
2024,나나984988,to_in_007,5
2024,나나984988,to_in_008,5
2024,나나984989,to_in_001,5
2024,나나984989,to_in_007,5
2024,나나984989,to_in_008,0
2024,나나984990,to_in_001,8
2024,나나984990,to_in_007,8
2024,나나984990,to_in_008,5
2024,나나984991,to_in_001,43
2024,나나984991,to_in_007,18
2024,나나984991,to_in_008,23
2024,나나984992,to_in_001,74
2024,나나984992,to_in_007,38
2024,나나984992,to_in_008,34
2024,나나984993,to_in_001,38
2024,나나984993,to_in_007,18
2024,나나984993,to_in_008,23
2024,나나984994,to_in_001,28
2024,나나984994,to_in_007,13
2024,나나984994,to_in_008,13
2024,나나984995,to_in_001,23
2024,나나984995,to_in_007,13
2024,나나984995,to_in_008,13
2024,나나984996,to_in_001,33
2024,나나984996,to_in_007,18
2024,나나984996,to_in_008,18
2024,나나984997,to_in_001,38
2024,나나984997,to_in_007,23
2024,나나984997,to_in_008,13
2024,나나985736,to_in_001,0
2024,나나985736,to_in_007,0
2024,나나985736,to_in_008,0
2024,나나985744,to_in_001,13
2024,나나985744,to_in_007,8
2024,나나985744,to_in_008,8
2024,나나985745,to_in_001,5
2024,나나985745,to_in_007,5
2024,나나985745,to_in_008,5
2024,나나985747,to_in_001,5
2024,나나985747,to_in_007,5
2024,나나985747,to_in_008,5
2024,나나985748,to_in_001,5
2024,나나985748,to_in_007,0
2024,나나985748,to_in_008,5
2024,나나985749,to_in_001,72
2024,나나985749,to_in_007,46
2024,나나985749,to_in_008,29
2024,나나985750,to_in_001,63
2024,나나985750,to_in_007,35
2024,나나985750,to_in_008,31
2024,나나985751,to_in_001,23
2024,나나985751,to_in_007,13
2024,나나985751,to_in_008,8
2024,나나985754,to_in_001,5
2024,나나985754,to_in_007,5
2024,나나985754,to_in_008,5
2024,나나985919,to_in_001,8
2024,나나985919,to_in_007,5
2024,나나985919,to_in_008,5
2024,나나985920,to_in_001,5
2024,나나985920,to_in_007,0
2024,나나985920,to_in_008,0
2024,나나985923,to_in_001,0
2024,나나985923,to_in_007,0
2024,나나985923,to_in_008,0
2024,나나985925,to_in_001,5
2024,나나985925,to_in_007,5
2024,나나985925,to_in_008,0
2024,나나985928,to_in_001,5
2024,나나977994,to_in_008,0
2024,나나978748,to_in_001,8
2024,나나978748,to_in_007,5
2024,나나978748,to_in_008,5
2024,나나978760,to_in_001,0
2024,나나978760,to_in_007,0
2024,나나978760,to_in_008,0
2024,나나978919,to_in_001,0
2024,나나978919,to_in_007,0
2024,나나978919,to_in_008,0
2024,나나978925,to_in_001,8
2024,나나978925,to_in_007,5
2024,나나978925,to_in_008,5
2024,나나978929,to_in_001,5
2024,나나978929,to_in_007,5
2024,나나978929,to_in_008,5
2024,나나978932,to_in_001,5
2024,나나978932,to_in_007,0
2024,나나978932,to_in_008,5
2024,나나978933,to_in_001,5
2024,나나978933,to_in_007,0
2024,나나978933,to_in_008,0
2024,나나978934,to_in_001,18
2024,나나978934,to_in_007,8
2024,나나978934,to_in_008,8
2024,나나978936,to_in_001,0
2024,나나978936,to_in_007,0
2024,나나978936,to_in_008,0
2024,나나978941,to_in_001,13
2024,나나978941,to_in_007,8
2024,나나978941,to_in_008,5
2024,나나978943,to_in_001,0
2024,나나978943,to_in_007,0
2024,나나978943,to_in_008,0
2024,나나978949,to_in_001,5
2024,나나978949,to_in_007,5
2024,나나978949,to_in_008,0
2024,나나978950,to_in_001,8
2024,나나978950,to_in_007,8
2024,나나978950,to_in_008,5
2024,나나978951,to_in_001,13
2024,나나978951,to_in_007,8
2024,나나978951,to_in_008,5
2024,나나978952,to_in_001,8
2024,나나978952,to_in_007,5
2024,나나978952,to_in_008,5
2024,나나978957,to_in_001,18
2024,나나978957,to_in_007,13
2024,나나978957,to_in_008,8
2024,나나978958,to_in_001,8
2024,나나978958,to_in_007,5
2024,나나978958,to_in_008,5
2024,나나978960,to_in_001,5
2024,나나978960,to_in_007,0
2024,나나978960,to_in_008,5
2024,나나978964,to_in_001,8
2024,나나978964,to_in_007,5
2024,나나978964,to_in_008,5
2024,나나978965,to_in_001,8
2024,나나978965,to_in_007,5
2024,나나978965,to_in_008,5
2024,나나978970,to_in_001,5
2024,나나978970,to_in_007,0
2024,나나978970,to_in_008,0
2024,나나978975,to_in_001,18
2024,나나978975,to_in_007,8
2024,나나978975,to_in_008,8
2024,나나978976,to_in_001,23
2024,나나978976,to_in_007,13
2024,나나978976,to_in_008,8
2024,나나978980,to_in_001,8
2024,나나978980,to_in_007,5
2024,나나978980,to_in_008,5
2024,나나978984,to_in_001,8
2024,나나978984,to_in_007,5
2024,나나978984,to_in_008,5
2024,나나978985,to_in_001,13
2024,나나978985,to_in_007,8
2024,나나978985,to_in_008,8
2024,나나978986,to_in_001,5
2024,나나978986,to_in_007,0
2024,나나978986,to_in_008,5
2024,나나978989,to_in_001,0
2024,나나978989,to_in_007,0
2024,나나978989,to_in_008,0
2024,나나978990,to_in_001,33
2024,나나978990,to_in_007,13
2024,나나978990,to_in_008,18
2024,나나978991,to_in_001,38
2024,나나978991,to_in_007,18
2024,나나978991,to_in_008,18
2024,나나978992,to_in_001,18
2024,나나978992,to_in_007,8
2024,나나978992,to_in_008,8
2024,나나978993,to_in_001,5
2024,나나978993,to_in_007,0
2024,나나978993,to_in_008,5
2024,나나978995,to_in_001,5
2024,나나978995,to_in_007,0
2024,나나978995,to_in_008,0
2024,나나979746,to_in_001,18
2024,나나979746,to_in_007,8
2024,나나979746,to_in_008,8
2024,나나979747,to_in_001,8
2024,나나979747,to_in_007,5
2024,나나979747,to_in_008,5
2024,나나979925,to_in_001,18
2024,나나979925,to_in_007,8
2024,나나979925,to_in_008,8
2024,나나983928,to_in_001,5
2024,나나983928,to_in_007,5
2024,나나983928,to_in_008,5
2024,나나983929,to_in_001,18
2024,나나983929,to_in_007,8
2024,나나983929,to_in_008,8
2024,나나983930,to_in_001,5
2024,나나983930,to_in_007,0
2024,나나983930,to_in_008,0
2024,나나983931,to_in_001,5
2024,나나983931,to_in_007,0
2024,나나983931,to_in_008,5
2024,나나983936,to_in_001,5
2024,나나983936,to_in_007,5
2024,나나983936,to_in_008,5
2024,나나983937,to_in_001,18
2024,나나983937,to_in_007,8
2024,나나983937,to_in_008,8
2024,나나983938,to_in_001,33
2024,나나983938,to_in_007,18
2024,나나983938,to_in_008,13
2024,나나983939,to_in_001,5
2024,나나983939,to_in_007,0
2024,나나983939,to_in_008,5
2024,나나983943,to_in_001,5
2024,나나983943,to_in_007,0
2024,나나983943,to_in_008,0
2024,나나983944,to_in_001,0
2024,나나983944,to_in_007,0
2024,나나983944,to_in_008,0
2024,나나983945,to_in_001,5
2024,나나983945,to_in_007,5
2024,나나983945,to_in_008,0
2024,나나983947,to_in_001,5
2024,나나983947,to_in_007,5
2024,나나983947,to_in_008,0
2024,나나983976,to_in_001,5
2024,나나983976,to_in_007,5
2024,나나983976,to_in_008,5
2024,나나983978,to_in_001,5
2024,나나983978,to_in_007,5
2024,나나983978,to_in_008,0
2024,나나983979,to_in_001,13
2024,나나983979,to_in_007,5
2024,나나983979,to_in_008,8
2024,나나983982,to_in_001,5
2024,나나983982,to_in_007,0
2024,나나983982,to_in_008,0
2024,나나983983,to_in_001,8
2024,나나983983,to_in_007,5
2024,나나983983,to_in_008,5
2024,나나983987,to_in_001,5
2024,나나983987,to_in_007,5
2024,나나983987,to_in_008,5
2024,나나983988,to_in_001,38
2024,나나983988,to_in_007,23
2024,나나983988,to_in_008,18
2024,나나983990,to_in_001,5
2024,나나983990,to_in_007,5
2024,나나983990,to_in_008,5
2024,나나983991,to_in_001,64
2024,나나983991,to_in_007,24
2024,나나983991,to_in_008,38
2024,나나983992,to_in_001,138
2024,나나983992,to_in_007,62
2024,나나983992,to_in_008,74
2024,나나983993,to_in_001,79
2024,나나983993,to_in_007,44
2024,나나983993,to_in_008,33
2024,나나983994,to_in_001,58
2024,나나983994,to_in_007,33
2024,나나983994,to_in_008,23
2024,나나983995,to_in_001,28
2024,나나983995,to_in_007,13
2024,나나983995,to_in_008,13
2024,나나983997,to_in_001,38
2024,나나983997,to_in_007,18
2024,나나983997,to_in_008,18
2024,나나984744,to_in_001,5
2024,나나984744,to_in_007,0
2024,나나984744,to_in_008,0
2024,나나984749,to_in_001,63
2024,나나984749,to_in_007,33
2024,나나984749,to_in_008,28
2024,나나984750,to_in_001,8
2024,나나984750,to_in_007,5
2024,나나984750,to_in_008,5
2024,나나984754,to_in_001,13
2024,나나984754,to_in_007,8
2024,나나984754,to_in_008,8
2024,나나984757,to_in_001,5
2024,나나984757,to_in_007,0
2024,나나984757,to_in_008,0
2024,나나984758,to_in_001,5
2024,나나984758,to_in_007,5
2024,나나984758,to_in_008,5
2024,나나984910,to_in_001,5
2024,나나984910,to_in_007,5
2024,나나984910,to_in_008,0
2024,나나984920,to_in_001,5
2024,나나984920,to_in_007,0
2024,나나984920,to_in_008,5
2024,나나984921,to_in_001,5
2024,나나984921,to_in_007,5
2024,나나984921,to_in_008,5
2024,나나984924,to_in_001,5
2024,나나984924,to_in_007,0
2024,나나984924,to_in_008,0
2024,나나984925,to_in_001,5
2024,나나984925,to_in_007,5
2024,나나984925,to_in_008,5
2024,나나984926,to_in_001,8
2024,나나984926,to_in_007,8
2024,나나984926,to_in_008,5
2024,나나984929,to_in_001,5
2024,나나984929,to_in_007,5
2024,나나984929,to_in_008,5
2024,나나984935,to_in_001,8
2024,나나984935,to_in_007,5
2024,나나984935,to_in_008,5
2024,나나984938,to_in_001,5
2024,나나984938,to_in_007,0
2024,나나984938,to_in_008,0
2024,나나989731,to_in_001,5
2024,나나989731,to_in_007,5
2024,나나989731,to_in_008,0
2024,나나989734,to_in_001,28
2024,나나989734,to_in_007,8
2024,나나989734,to_in_008,18
2024,나나989742,to_in_001,13
2024,나나989742,to_in_007,5
2024,나나989742,to_in_008,8
2024,나나989743,to_in_001,23
2024,나나989743,to_in_007,18
2024,나나989743,to_in_008,8
2024,나나989744,to_in_001,8
2024,나나989744,to_in_007,5
2024,나나989744,to_in_008,0
2024,나나989745,to_in_001,13
2024,나나989745,to_in_007,5
2024,나나989745,to_in_008,8
2024,나나989749,to_in_001,86
2024,나나989749,to_in_007,36
2024,나나989749,to_in_008,53
2024,나나989750,to_in_001,5
2024,나나989750,to_in_007,5
2024,나나989750,to_in_008,5
2024,나나989753,to_in_001,0
2024,나나989753,to_in_007,0
2024,나나989753,to_in_008,0
2024,나나989754,to_in_001,0
2024,나나989754,to_in_007,0
2024,나나989754,to_in_008,0
2024,나나989758,to_in_001,5
2024,나나989758,to_in_007,0
2024,나나989758,to_in_008,0
2024,나나989759,to_in_001,5
2024,나나989759,to_in_007,5
2024,나나989759,to_in_008,0
2024,나나989763,to_in_001,5
2024,나나989763,to_in_007,0
2024,나나989763,to_in_008,0
2024,나나989771,to_in_001,8
2024,나나989771,to_in_007,5
2024,나나989771,to_in_008,5
2024,나나989772,to_in_001,8
2024,나나989772,to_in_007,8
2024,나나989772,to_in_008,8
2024,나나989924,to_in_001,5
2024,나나989924,to_in_007,5
2024,나나989924,to_in_008,0
2024,나나989953,to_in_001,5
2024,나나989953,to_in_007,0
2024,나나989953,to_in_008,5
2024,나나989965,to_in_001,5
2024,나나989965,to_in_007,5
2024,나나989965,to_in_008,0
2024,나나989966,to_in_001,13
2024,나나989966,to_in_007,8
2024,나나989966,to_in_008,5
2024,나나989967,to_in_001,38
2024,나나989967,to_in_007,23
2024,나나989967,to_in_008,18
2024,나나989968,to_in_001,48
2024,나나971992,to_in_008,5
2024,나나971993,to_in_001,8
2024,나나971993,to_in_007,5
2024,나나971993,to_in_008,5
2024,나나971994,to_in_001,5
2024,나나971994,to_in_007,0
2024,나나971994,to_in_008,0
2024,나나971997,to_in_001,23
2024,나나971997,to_in_007,13
2024,나나971997,to_in_008,8
2024,나나971998,to_in_001,13
2024,나나971998,to_in_007,8
2024,나나971998,to_in_008,5
2024,나나972738,to_in_001,5
2024,나나972738,to_in_007,5
2024,나나972738,to_in_008,5
2024,나나972739,to_in_001,8
2024,나나972739,to_in_007,5
2024,나나972739,to_in_008,8
2024,나나972740,to_in_001,5
2024,나나972740,to_in_007,0
2024,나나972740,to_in_008,5
2024,나나972741,to_in_001,8
2024,나나972741,to_in_007,5
2024,나나972741,to_in_008,5
2024,나나972749,to_in_001,8
2024,나나972749,to_in_007,5
2024,나나972749,to_in_008,5
2024,나나972751,to_in_001,13
2024,나나972751,to_in_007,8
2024,나나972751,to_in_008,8
2024,나나972765,to_in_001,5
2024,나나972765,to_in_007,0
2024,나나972765,to_in_008,5
2024,나나972928,to_in_001,8
2024,나나972928,to_in_007,5
2024,나나972928,to_in_008,5
2024,나나972929,to_in_001,5
2024,나나972929,to_in_007,5
2024,나나972929,to_in_008,0
2024,나나972931,to_in_001,5
2024,나나972931,to_in_007,0
2024,나나972931,to_in_008,0
2024,나나972932,to_in_001,33
2024,나나972932,to_in_007,18
2024,나나972932,to_in_008,13
2024,나나972933,to_in_001,5
2024,나나972933,to_in_007,5
2024,나나972933,to_in_008,0
2024,나나972936,to_in_001,8
2024,나나972936,to_in_007,5
2024,나나972936,to_in_008,8
2024,나나972937,to_in_001,5
2024,나나972937,to_in_007,0
2024,나나972937,to_in_008,0
2024,나나972938,to_in_001,5
2024,나나972938,to_in_007,0
2024,나나972938,to_in_008,0
2024,나나972939,to_in_001,5
2024,나나972939,to_in_007,5
2024,나나972939,to_in_008,5
2024,나나972952,to_in_001,73
2024,나나972952,to_in_007,44
2024,나나972952,to_in_008,32
2024,나나972953,to_in_001,0
2024,나나972953,to_in_007,0
2024,나나972953,to_in_008,0
2024,나나972954,to_in_001,28
2024,나나972954,to_in_007,13
2024,나나972954,to_in_008,18
2024,나나972955,to_in_001,13
2024,나나972955,to_in_007,8
2024,나나972955,to_in_008,8
2024,나나972961,to_in_001,5
2024,나나972961,to_in_007,0
2024,나나972961,to_in_008,0
2024,나나972963,to_in_001,5
2024,나나972963,to_in_007,0
2024,나나972963,to_in_008,0
2024,나나972967,to_in_001,5
2024,나나972967,to_in_007,5
2024,나나972967,to_in_008,5
2024,나나972978,to_in_001,8
2024,나나972978,to_in_007,5
2024,나나972978,to_in_008,8
2024,나나972979,to_in_001,51
2024,나나972979,to_in_007,18
2024,나나972979,to_in_008,31
2024,나나972980,to_in_001,18
2024,나나972980,to_in_007,8
2024,나나972980,to_in_008,13
2024,나나972981,to_in_001,5
2024,나나972981,to_in_007,0
2024,나나972981,to_in_008,5
2024,나나972986,to_in_001,5
2024,나나972986,to_in_007,5
2024,나나972986,to_in_008,5
2024,나나972991,to_in_001,5
2024,나나972991,to_in_007,5
2024,나나972991,to_in_008,0
2024,나나972992,to_in_001,8
2024,나나972992,to_in_007,8
2024,나나972992,to_in_008,5
2024,나나972995,to_in_001,5
2024,나나972995,to_in_007,0
2024,나나972995,to_in_008,5
2024,나나979927,to_in_001,0
2024,나나979927,to_in_007,0
2024,나나979927,to_in_008,0
2024,나나979929,to_in_001,5
2024,나나979929,to_in_007,5
2024,나나979929,to_in_008,0
2024,나나979930,to_in_001,5
2024,나나979930,to_in_007,5
2024,나나979930,to_in_008,5
2024,나나979931,to_in_001,5
2024,나나979931,to_in_007,5
2024,나나979931,to_in_008,0
2024,나나979933,to_in_001,8
2024,나나979933,to_in_007,5
2024,나나979933,to_in_008,5
2024,나나979935,to_in_001,5
2024,나나979935,to_in_007,0
2024,나나979935,to_in_008,0
2024,나나979936,to_in_001,8
2024,나나979936,to_in_007,5
2024,나나979936,to_in_008,5
2024,나나979942,to_in_001,0
2024,나나979942,to_in_007,0
2024,나나979942,to_in_008,0
2024,나나979943,to_in_001,5
2024,나나979943,to_in_007,0
2024,나나979943,to_in_008,5
2024,나나979945,to_in_001,5
2024,나나979945,to_in_007,5
2024,나나979945,to_in_008,5
2024,나나979946,to_in_001,0
2024,나나979946,to_in_007,0
2024,나나979946,to_in_008,0
2024,나나979947,to_in_001,8
2024,나나979947,to_in_007,8
2024,나나979947,to_in_008,5
2024,나나979948,to_in_001,13
2024,나나979948,to_in_007,8
2024,나나979948,to_in_008,8
2024,나나979949,to_in_001,8
2024,나나979949,to_in_007,5
2024,나나979949,to_in_008,5
2024,나나979950,to_in_001,18
2024,나나979950,to_in_007,8
2024,나나979950,to_in_008,8
2024,나나979951,to_in_001,8
2024,나나979951,to_in_007,5
2024,나나979951,to_in_008,5
2024,나나979952,to_in_001,0
2024,나나979952,to_in_007,0
2024,나나979952,to_in_008,0
2024,나나979955,to_in_001,5
2024,나나979955,to_in_007,5
2024,나나979955,to_in_008,0
2024,나나979956,to_in_001,5
2024,나나979956,to_in_007,0
2024,나나979956,to_in_008,5
2024,나나979957,to_in_001,28
2024,나나979957,to_in_007,13
2024,나나979957,to_in_008,13
2024,나나979958,to_in_001,13
2024,나나979958,to_in_007,8
2024,나나979958,to_in_008,5
2024,나나979959,to_in_001,8
2024,나나979959,to_in_007,5
2024,나나979959,to_in_008,8
2024,나나979968,to_in_001,5
2024,나나979968,to_in_007,0
2024,나나979968,to_in_008,0
2024,나나979976,to_in_001,8
2024,나나979976,to_in_007,5
2024,나나979976,to_in_008,5
2024,나나979978,to_in_001,8
2024,나나979978,to_in_007,5
2024,나나979978,to_in_008,5
2024,나나979983,to_in_001,5
2024,나나979983,to_in_007,0
2024,나나979983,to_in_008,0
2024,나나979984,to_in_001,13
2024,나나979984,to_in_007,8
2024,나나979984,to_in_008,5
2024,나나979985,to_in_001,8
2024,나나979985,to_in_007,5
2024,나나979985,to_in_008,8
2024,나나979986,to_in_001,5
2024,나나979986,to_in_007,0
2024,나나979986,to_in_008,0
2024,나나979989,to_in_001,23
2024,나나979989,to_in_007,13
2024,나나979989,to_in_008,8
2024,나나979990,to_in_001,91
2024,나나979990,to_in_007,45
2024,나나979990,to_in_008,44
2024,나나979991,to_in_001,8
2024,나나979991,to_in_007,5
2024,나나979991,to_in_008,5
2024,나나979992,to_in_001,97
2024,나나979992,to_in_007,51
2024,나나979992,to_in_008,44
2024,나나979993,to_in_001,33
2024,나나979993,to_in_007,13
2024,나나979993,to_in_008,18
2024,나나979994,to_in_001,13
2024,나나979994,to_in_007,8
2024,나나979994,to_in_008,8
2024,나나979995,to_in_001,5
2024,나나979995,to_in_007,5
2024,나나979995,to_in_008,5
2024,나나979996,to_in_001,5
2024,나나979996,to_in_007,5
2024,나나979996,to_in_008,0
2024,나나979997,to_in_001,5
2024,나나979997,to_in_007,5
2024,나나979997,to_in_008,5
2024,나나980731,to_in_001,0
2024,나나980731,to_in_007,0
2024,나나980731,to_in_008,0
2024,나나980737,to_in_001,0
2024,나나980737,to_in_007,0
2024,나나980737,to_in_008,0
2024,나나980747,to_in_001,0
2024,나나980747,to_in_007,0
2024,나나980747,to_in_008,0
2024,나나980750,to_in_001,5
2024,나나980750,to_in_007,0
2024,나나980750,to_in_008,5
2024,나나980778,to_in_001,5
2024,나나980778,to_in_007,0
2024,나나980778,to_in_008,5
2024,나나980927,to_in_001,5
2024,나나980927,to_in_007,0
2024,나나980927,to_in_008,0
2024,나나980928,to_in_001,0
2024,나나980928,to_in_007,0
2024,나나980928,to_in_008,0
2024,나나980929,to_in_001,5
2024,나나980929,to_in_007,0
2024,나나980929,to_in_008,5
2024,나나980931,to_in_001,33
2024,나나980931,to_in_007,13
2024,나나980931,to_in_008,18
2024,나나990744,to_in_001,23
2024,나나990744,to_in_007,13
2024,나나990744,to_in_008,13
2024,나나990745,to_in_001,5
2024,나나990745,to_in_007,0
2024,나나990745,to_in_008,5
2024,나나990746,to_in_001,5
2024,나나990746,to_in_007,0
2024,나나990746,to_in_008,0
2024,나나990750,to_in_001,5
2024,나나990750,to_in_007,5
2024,나나990750,to_in_008,5
2024,나나990751,to_in_001,5
2024,나나990751,to_in_007,0
2024,나나990751,to_in_008,5
2024,나나990753,to_in_001,8
2024,나나990753,to_in_007,5
2024,나나990753,to_in_008,5
2024,나나990770,to_in_001,8
2024,나나990770,to_in_007,5
2024,나나990770,to_in_008,5
2024,나나990771,to_in_001,5
2024,나나990771,to_in_007,0
2024,나나990771,to_in_008,5
2024,나나990925,to_in_001,5
2024,나나990925,to_in_007,0
2024,나나990925,to_in_008,5
2024,나나990936,to_in_001,5
2024,나나990936,to_in_007,5
2024,나나990936,to_in_008,0
2024,나나990951,to_in_001,5
2024,나나990951,to_in_007,0
2024,나나990951,to_in_008,0
2024,나나990966,to_in_001,13
2024,나나990966,to_in_007,8
2024,나나990966,to_in_008,5
2024,나나990967,to_in_001,13
2024,나나990967,to_in_007,8
2024,나나990967,to_in_008,8
2024,나나990968,to_in_001,43
2024,나나990968,to_in_007,23
2024,나나990968,to_in_008,23
2024,나나990969,to_in_001,8
2024,나나990969,to_in_007,8
2024,나나990969,to_in_008,0
2024,나나990970,to_in_001,5
2024,나나981949,to_in_008,5
2024,나나981950,to_in_001,38
2024,나나981950,to_in_007,18
2024,나나981950,to_in_008,18
2024,나나981951,to_in_001,5
2024,나나981951,to_in_007,0
2024,나나981951,to_in_008,5
2024,나나981953,to_in_001,13
2024,나나981953,to_in_007,5
2024,나나981953,to_in_008,8
2024,나나981970,to_in_001,8
2024,나나981970,to_in_007,8
2024,나나981970,to_in_008,5
2024,나나981974,to_in_001,5
2024,나나981974,to_in_007,0
2024,나나981974,to_in_008,5
2024,나나981982,to_in_001,13
2024,나나981982,to_in_007,5
2024,나나981982,to_in_008,8
2024,나나981986,to_in_001,8
2024,나나981986,to_in_007,5
2024,나나981986,to_in_008,5
2024,나나981987,to_in_001,28
2024,나나981987,to_in_007,18
2024,나나981987,to_in_008,8
2024,나나981988,to_in_001,8
2024,나나981988,to_in_007,8
2024,나나981988,to_in_008,5
2024,나나981989,to_in_001,48
2024,나나981989,to_in_007,23
2024,나나981989,to_in_008,23
2024,나나981990,to_in_001,23
2024,나나981990,to_in_007,13
2024,나나981990,to_in_008,8
2024,나나981991,to_in_001,5
2024,나나981991,to_in_007,0
2024,나나981991,to_in_008,0
2024,나나981992,to_in_001,38
2024,나나981992,to_in_007,18
2024,나나981992,to_in_008,18
2024,나나981993,to_in_001,43
2024,나나981993,to_in_007,23
2024,나나981993,to_in_008,23
2024,나나981994,to_in_001,81
2024,나나981994,to_in_007,39
2024,나나981994,to_in_008,45
2024,나나981995,to_in_001,18
2024,나나981995,to_in_007,8
2024,나나981995,to_in_008,13
2024,나나982745,to_in_001,5
2024,나나982745,to_in_007,5
2024,나나982745,to_in_008,0
2024,나나982746,to_in_001,18
2024,나나982746,to_in_007,8
2024,나나982746,to_in_008,13
2024,나나982747,to_in_001,5
2024,나나982747,to_in_007,5
2024,나나982747,to_in_008,0
2024,나나982750,to_in_001,5
2024,나나982750,to_in_007,0
2024,나나982750,to_in_008,5
2024,나나982752,to_in_001,5
2024,나나982752,to_in_007,5
2024,나나982752,to_in_008,0
2024,나나982753,to_in_001,5
2024,나나982753,to_in_007,5
2024,나나982753,to_in_008,0
2024,나나982754,to_in_001,5
2024,나나982754,to_in_007,5
2024,나나982754,to_in_008,5
2024,나나982755,to_in_001,8
2024,나나982755,to_in_007,5
2024,나나982755,to_in_008,5
2024,나나982765,to_in_001,5
2024,나나982765,to_in_007,0
2024,나나982765,to_in_008,5
2024,나나982927,to_in_001,8
2024,나나982927,to_in_007,8
2024,나나982927,to_in_008,5
2024,나나982928,to_in_001,8
2024,나나982928,to_in_007,5
2024,나나982928,to_in_008,8
2024,나나982929,to_in_001,8
2024,나나982929,to_in_007,5
2024,나나982929,to_in_008,5
2024,나나986944,to_in_001,0
2024,나나986944,to_in_007,0
2024,나나986944,to_in_008,0
2024,나나986946,to_in_001,5
2024,나나986946,to_in_007,0
2024,나나986946,to_in_008,0
2024,나나986969,to_in_001,0
2024,나나986969,to_in_007,0
2024,나나986969,to_in_008,0
2024,나나986970,to_in_001,0
2024,나나986970,to_in_007,0
2024,나나986970,to_in_008,0
2024,나나986971,to_in_001,5
2024,나나986971,to_in_007,5
2024,나나986971,to_in_008,0
2024,나나986973,to_in_001,8
2024,나나986973,to_in_007,5
2024,나나986973,to_in_008,5
2024,나나986974,to_in_001,5
2024,나나986974,to_in_007,5
2024,나나986974,to_in_008,5
2024,나나986980,to_in_001,5
2024,나나986980,to_in_007,0
2024,나나986980,to_in_008,5
2024,나나986981,to_in_001,13
2024,나나986981,to_in_007,8
2024,나나986981,to_in_008,5
2024,나나986982,to_in_001,28
2024,나나986982,to_in_007,13
2024,나나986982,to_in_008,18
2024,나나986983,to_in_001,43
2024,나나986983,to_in_007,23
2024,나나986983,to_in_008,18
2024,나나986984,to_in_001,18
2024,나나986984,to_in_007,8
2024,나나986984,to_in_008,8
2024,나나986985,to_in_001,13
2024,나나986985,to_in_007,8
2024,나나986985,to_in_008,8
2024,나나986986,to_in_001,18
2024,나나986986,to_in_007,8
2024,나나986986,to_in_008,8
2024,나나986987,to_in_001,13
2024,나나986987,to_in_007,5
2024,나나986987,to_in_008,8
2024,나나986988,to_in_001,13
2024,나나986988,to_in_007,8
2024,나나986988,to_in_008,5
2024,나나986989,to_in_001,13
2024,나나986989,to_in_007,8
2024,나나986989,to_in_008,8
2024,나나986992,to_in_001,13
2024,나나986992,to_in_007,8
2024,나나986992,to_in_008,5
2024,나나986993,to_in_001,5
2024,나나986993,to_in_007,5
2024,나나986993,to_in_008,0
2024,나나986995,to_in_001,18
2024,나나986995,to_in_007,8
2024,나나986995,to_in_008,8
2024,나나986996,to_in_001,33
2024,나나986996,to_in_007,18
2024,나나986996,to_in_008,13
2024,나나986997,to_in_001,5
2024,나나986997,to_in_007,5
2024,나나986997,to_in_008,0
2024,나나986998,to_in_001,46
2024,나나986998,to_in_007,25
2024,나나986998,to_in_008,19
2024,나나986999,to_in_001,53
2024,나나986999,to_in_007,23
2024,나나986999,to_in_008,33
2024,나나987734,to_in_001,8
2024,나나987734,to_in_007,5
2024,나나987734,to_in_008,5
2024,나나987737,to_in_001,0
2024,나나987737,to_in_007,0
2024,나나987737,to_in_008,0
2024,나나987744,to_in_001,8
2024,나나987744,to_in_007,8
2024,나나987744,to_in_008,0
2024,나나987745,to_in_001,23
2024,나나987745,to_in_007,8
2024,나나987745,to_in_008,13
2024,나나987746,to_in_001,13
2024,나나987746,to_in_007,8
2024,나나987746,to_in_008,5
2024,나나987747,to_in_001,43
2024,나나987747,to_in_007,28
2024,나나987747,to_in_008,18
2024,나나987748,to_in_001,38
2024,나나987748,to_in_007,18
2024,나나987748,to_in_008,18
2024,나나987749,to_in_001,23
2024,나나987749,to_in_007,13
2024,나나987749,to_in_008,13
2024,나나987750,to_in_001,43
2024,나나987750,to_in_007,23
2024,나나987750,to_in_008,18
2024,나나987751,to_in_001,13
2024,나나987751,to_in_007,5
2024,나나987751,to_in_008,8
2024,나나987752,to_in_001,28
2024,나나987752,to_in_007,13
2024,나나987752,to_in_008,13
2024,나나987753,to_in_001,8
2024,나나987753,to_in_007,8
2024,나나987753,to_in_008,8
2024,나나987763,to_in_001,5
2024,나나987763,to_in_007,0
2024,나나987763,to_in_008,0
2024,나나987765,to_in_001,5
2024,나나987765,to_in_007,0
2024,나나987765,to_in_008,5
2024,나나987918,to_in_001,8
2024,나나987918,to_in_007,5
2024,나나987918,to_in_008,5
2024,나나987922,to_in_001,5
2024,나나987922,to_in_007,5
2024,나나987922,to_in_008,5
2024,나나987923,to_in_001,5
2024,나나987923,to_in_007,0
2024,나나987923,to_in_008,0
2024,나나987925,to_in_001,8
2024,나나987925,to_in_007,8
2024,나나987925,to_in_008,5
2024,나나987926,to_in_001,0
2024,나나987926,to_in_007,0
2024,나나987926,to_in_008,0
2024,나나987933,to_in_001,8
2024,나나987933,to_in_007,5
2024,나나987933,to_in_008,5
2024,나나987934,to_in_001,34
2024,나나987934,to_in_007,5
2024,나나987934,to_in_008,34
2024,나나987937,to_in_001,0
2024,나나987937,to_in_007,0
2024,나나987937,to_in_008,0
2024,나나987950,to_in_001,0
2024,나나987950,to_in_007,0
2024,나나987950,to_in_008,0
2024,나나987953,to_in_001,0
2024,나나987953,to_in_007,0
2024,나나987953,to_in_008,0
2024,나나994973,to_in_001,5
2024,나나994973,to_in_007,0
2024,나나994973,to_in_008,5
2024,나나994975,to_in_001,13
2024,나나994975,to_in_007,8
2024,나나994975,to_in_008,8
2024,나나994977,to_in_001,8
2024,나나994977,to_in_007,5
2024,나나994977,to_in_008,8
2024,나나994978,to_in_001,118
2024,나나994978,to_in_007,54
2024,나나994978,to_in_008,62
2024,나나994990,to_in_001,13
2024,나나994990,to_in_007,8
2024,나나994990,to_in_008,8
2024,나나994995,to_in_001,120
2024,나나994995,to_in_007,67
2024,나나994995,to_in_008,56
2024,나나994996,to_in_001,30
2024,나나994996,to_in_007,20
2024,나나994996,to_in_008,8
2024,나나994997,to_in_001,28
2024,나나994997,to_in_007,8
2024,나나994997,to_in_008,18
2024,나나994998,to_in_001,45
2024,나나994998,to_in_007,30
2024,나나994998,to_in_008,18
2024,나나994999,to_in_001,109
2024,나나994999,to_in_007,54
2024,나나994999,to_in_008,53
2024,나나995737,to_in_001,8
2024,나나995737,to_in_007,5
2024,나나995737,to_in_008,5
2024,나나995738,to_in_001,18
2024,나나995738,to_in_007,8
2024,나나995738,to_in_008,13
2024,나나995739,to_in_001,39
2024,나나995739,to_in_007,29
2024,나나995739,to_in_008,8
2024,나나995740,to_in_001,53
2024,나나995740,to_in_007,23
2024,나나995740,to_in_008,28
2024,나나995741,to_in_001,13
2024,나나995741,to_in_007,8
2024,나나995741,to_in_008,8
2024,나나995746,to_in_001,13
2024,나나995746,to_in_007,8
2024,나나995746,to_in_008,8
2024,나나995935,to_in_001,5
2024,나나995935,to_in_007,5
2024,나나995935,to_in_008,0
2024,나나995936,to_in_001,5
2024,나나995936,to_in_007,5
2024,나나995936,to_in_008,5
2024,나나995939,to_in_001,0
2024,나나995939,to_in_007,0
2024,나나995939,to_in_008,0
2024,나나995953,to_in_001,0
2024,나나995953,to_in_007,0
2024,나나995953,to_in_008,0
2024,나나995954,to_in_001,0
2024,나나995954,to_in_007,0
2024,나나995954,to_in_008,0
2024,나나995962,to_in_001,5
2024,나나991973,to_in_007,0
2024,나나991973,to_in_008,0
2024,나나991981,to_in_001,5
2024,나나991981,to_in_007,0
2024,나나991981,to_in_008,0
2024,나나991982,to_in_001,5
2024,나나991982,to_in_007,0
2024,나나991982,to_in_008,0
2024,나나991988,to_in_001,5
2024,나나991988,to_in_007,0
2024,나나991988,to_in_008,0
2024,나나991989,to_in_001,5
2024,나나991989,to_in_007,0
2024,나나991989,to_in_008,0
2024,나나991991,to_in_001,5
2024,나나991991,to_in_007,5
2024,나나991991,to_in_008,0
2024,나나991992,to_in_001,324
2024,나나991992,to_in_007,159
2024,나나991992,to_in_008,163
2024,나나991994,to_in_001,23
2024,나나991994,to_in_007,13
2024,나나991994,to_in_008,8
2024,나나991995,to_in_001,59
2024,나나991995,to_in_007,29
2024,나나991995,to_in_008,33
2024,나나991997,to_in_001,64
2024,나나991997,to_in_007,23
2024,나나991997,to_in_008,39
2024,나나991998,to_in_001,44
2024,나나991998,to_in_007,24
2024,나나991998,to_in_008,18
2024,나나991999,to_in_001,66
2024,나나991999,to_in_007,49
2024,나나991999,to_in_008,20
2024,나나992736,to_in_001,5
2024,나나992736,to_in_007,5
2024,나나992736,to_in_008,0
2024,나나992742,to_in_001,8
2024,나나992742,to_in_007,5
2024,나나992742,to_in_008,5
2024,나나992744,to_in_001,5
2024,나나992744,to_in_007,5
2024,나나992744,to_in_008,0
2024,나나992746,to_in_001,0
2024,나나992746,to_in_007,0
2024,나나992746,to_in_008,0
2024,나나992749,to_in_001,5
2024,나나992749,to_in_007,5
2024,나나992749,to_in_008,0
2024,나나992753,to_in_001,8
2024,나나992753,to_in_007,5
2024,나나992753,to_in_008,5
2024,나나992910,to_in_001,37
2024,나나992910,to_in_007,27
2024,나나992910,to_in_008,8
2024,나나992945,to_in_001,0
2024,나나992945,to_in_007,0
2024,나나992945,to_in_008,0
2024,나나992946,to_in_001,8
2024,나나992946,to_in_007,5
2024,나나992946,to_in_008,8
2024,나나992948,to_in_001,8
2024,나나992948,to_in_007,5
2024,나나992948,to_in_008,8
2024,나나992949,to_in_001,5
2024,나나992949,to_in_007,5
2024,나나992949,to_in_008,5
2024,나나992950,to_in_001,0
2024,나나992950,to_in_007,0
2024,나나992950,to_in_008,0
2024,나나992954,to_in_001,5
2024,나나992954,to_in_007,5
2024,나나992954,to_in_008,0
2024,나나992962,to_in_001,0
2024,나나992962,to_in_007,0
2024,나나992962,to_in_008,0
2024,나나992967,to_in_001,5
2024,나나992967,to_in_007,0
2024,나나992967,to_in_008,0
2024,나나992968,to_in_001,18
2024,나나992968,to_in_007,8
2024,나나992968,to_in_008,8
2024,나나992969,to_in_001,18
2024,나나992969,to_in_007,8
2024,나나992969,to_in_008,8
2024,나나992970,to_in_001,8
2024,나나992970,to_in_007,5
2024,나나992970,to_in_008,5
2024,나나992972,to_in_001,5
2024,나나992972,to_in_007,5
2024,나나992972,to_in_008,0
2024,나나992980,to_in_001,8
2024,나나992980,to_in_007,5
2024,나나992980,to_in_008,5
2024,나나992981,to_in_001,13
2024,나나992981,to_in_007,8
2024,나나992981,to_in_008,8
2024,나나992982,to_in_001,5
2024,나나992982,to_in_007,5
2024,나나992982,to_in_008,0
2024,나나992987,to_in_001,8
2024,나나992987,to_in_007,5
2024,나나992987,to_in_008,5
2024,나나992992,to_in_001,146
2024,나나992992,to_in_007,70
2024,나나992992,to_in_008,74
2024,나나992993,to_in_001,119
2024,나나992993,to_in_007,58
2024,나나992993,to_in_008,64
2024,나나992994,to_in_001,244
2024,나나992994,to_in_007,115
2024,나나992994,to_in_008,127
2024,나나992995,to_in_001,140
2024,나나992995,to_in_007,69
2024,나나992995,to_in_008,74
2024,나나992996,to_in_001,28
2024,나나992996,to_in_007,18
2024,나나992996,to_in_008,13
2024,나나992997,to_in_001,71
2024,나나992997,to_in_007,39
2024,나나992997,to_in_008,35
2024,나나995962,to_in_007,5
2024,나나995962,to_in_008,5
2024,나나995963,to_in_001,5
2024,나나995963,to_in_007,0
2024,나나995963,to_in_008,5
2024,나나995964,to_in_001,8
2024,나나995964,to_in_007,0
2024,나나995964,to_in_008,8
2024,나나995969,to_in_001,0
2024,나나995969,to_in_007,0
2024,나나995969,to_in_008,0
2024,나나995972,to_in_001,5
2024,나나995972,to_in_007,0
2024,나나995972,to_in_008,5
2024,나나995973,to_in_001,5
2024,나나995973,to_in_007,0
2024,나나995973,to_in_008,5
2024,나나995974,to_in_001,5
2024,나나995974,to_in_007,5
2024,나나995974,to_in_008,0
2024,나나995976,to_in_001,23
2024,나나995976,to_in_007,8
2024,나나995976,to_in_008,13
2024,나나995978,to_in_001,38
2024,나나995978,to_in_007,23
2024,나나995978,to_in_008,18
2024,나나995982,to_in_001,5
2024,나나995982,to_in_007,5
2024,나나995982,to_in_008,5
2024,나나995994,to_in_001,5
2024,나나995994,to_in_007,5
2024,나나995994,to_in_008,5
2024,나나995995,to_in_001,5
2024,나나995995,to_in_007,0
2024,나나995995,to_in_008,0
2024,나나995996,to_in_001,78
2024,나나995996,to_in_007,43
2024,나나995996,to_in_008,38
2024,나나995997,to_in_001,23
2024,나나995997,to_in_007,13
2024,나나995997,to_in_008,8
2024,나나995998,to_in_001,53
2024,나나995998,to_in_007,23
2024,나나995998,to_in_008,28
2024,나나995999,to_in_001,18
2024,나나995999,to_in_007,13
2024,나나995999,to_in_008,8
2024,나나996736,to_in_001,13
2024,나나996736,to_in_007,8
2024,나나996736,to_in_008,8
2024,나나996737,to_in_001,56
2024,나나996737,to_in_007,30
2024,나나996737,to_in_008,24
2024,나나996738,to_in_001,63
2024,나나996738,to_in_007,33
2024,나나996738,to_in_008,28
2024,나나996739,to_in_001,50
2024,나나996739,to_in_007,25
2024,나나996739,to_in_008,23
2024,나나999970,to_in_001,155
2024,나나999970,to_in_007,79
2024,나나999970,to_in_008,79
2024,나나999973,to_in_001,28
2024,나나999973,to_in_007,13
2024,나나999973,to_in_008,13
2024,나나999974,to_in_001,28
2024,나나999974,to_in_007,13
2024,나나999974,to_in_008,13
2024,나나999975,to_in_001,18
2024,나나999975,to_in_007,13
2024,나나999975,to_in_008,8
2024,나나999976,to_in_001,8
2024,나나999976,to_in_007,5
2024,나나999976,to_in_008,5
2024,나나999977,to_in_001,8
2024,나나999977,to_in_007,5
2024,나나999977,to_in_008,5
2024,나나999992,to_in_001,5
2024,나나999992,to_in_007,5
2024,나나999992,to_in_008,5
2024,나나999994,to_in_001,0
2024,나나999994,to_in_007,0
2024,나나999994,to_in_008,0
2024,나나999997,to_in_001,33
2024,나나999997,to_in_007,23
2024,나나999997,to_in_008,13
2024,나나999998,to_in_001,28
2024,나나999998,to_in_007,13
2024,나나999998,to_in_008,13
2024,나나999999,to_in_001,18
2024,나나999999,to_in_007,13
2024,나나999999,to_in_008,8
2024,나나985928,to_in_007,5
2024,나나985928,to_in_008,0
2024,나나985930,to_in_001,0
2024,나나985930,to_in_007,0
2024,나나985930,to_in_008,0
2024,나나985934,to_in_001,0
2024,나나985934,to_in_007,0
2024,나나985934,to_in_008,0
2024,나나985935,to_in_001,8
2024,나나985935,to_in_007,5
2024,나나985935,to_in_008,5
2024,나나992998,to_in_001,54
2024,나나992998,to_in_007,28
2024,나나992998,to_in_008,29
2024,나나992999,to_in_001,28
2024,나나992999,to_in_007,13
2024,나나992999,to_in_008,13
2024,나나993735,to_in_001,5
2024,나나993735,to_in_007,0
2024,나나993735,to_in_008,0
2024,나나993741,to_in_001,18
2024,나나993741,to_in_007,8
2024,나나993741,to_in_008,8
2024,나나993742,to_in_001,5
2024,나나993742,to_in_007,0
2024,나나993742,to_in_008,0
2024,나나993747,to_in_001,5
2024,나나993747,to_in_007,5
2024,나나993747,to_in_008,0
2024,나나993749,to_in_001,0
2024,나나993749,to_in_007,0
2024,나나993749,to_in_008,0
2024,나나993917,to_in_001,0
2024,나나993917,to_in_007,0
2024,나나993917,to_in_008,0
2024,나나993937,to_in_001,13
2024,나나993937,to_in_007,8
2024,나나993937,to_in_008,8
2024,나나993945,to_in_001,18
2024,나나993945,to_in_007,8
2024,나나993945,to_in_008,8
2024,나나993946,to_in_001,23
2024,나나993946,to_in_007,13
2024,나나993946,to_in_008,8
2024,나나993954,to_in_001,8
2024,나나993954,to_in_007,5
2024,나나993954,to_in_008,8
2024,나나993962,to_in_001,5
2024,나나993962,to_in_007,0
2024,나나993962,to_in_008,0
2024,나나993967,to_in_001,8
2024,나나993967,to_in_007,5
2024,나나993967,to_in_008,5
2024,나나993968,to_in_001,0
2024,나나993968,to_in_007,0
2024,나나993968,to_in_008,0
2024,나나993972,to_in_001,5
2024,나나993972,to_in_007,0
2024,나나993972,to_in_008,5
2024,나나993977,to_in_001,5
2024,나나993977,to_in_007,5
2024,나나993977,to_in_008,0
2024,나나993978,to_in_001,8
2024,나나993978,to_in_007,5
2024,나나993978,to_in_008,5
2024,나나993980,to_in_001,5
2024,나나993980,to_in_007,5
2024,나나993980,to_in_008,0
2024,나나993981,to_in_001,8
2024,나나993981,to_in_007,5
2024,나나993981,to_in_008,5
2024,나나993984,to_in_001,5
2024,나나993984,to_in_007,0
2024,나나993984,to_in_008,0
2024,나나993985,to_in_001,23
2024,나나993985,to_in_007,13
2024,나나993985,to_in_008,8
2024,나나993986,to_in_001,5
2024,나나993986,to_in_007,0
2024,나나993986,to_in_008,5
2024,나나993990,to_in_001,5
2024,나나993990,to_in_007,0
2024,나나993990,to_in_008,0
2024,나나993991,to_in_001,5
2024,나나993991,to_in_007,5
2024,나나993991,to_in_008,5
2024,나나993992,to_in_001,142
2024,나나993992,to_in_007,65
2024,나나993992,to_in_008,75
2024,나나993993,to_in_001,159
2024,나나993993,to_in_007,74
2024,나나993993,to_in_008,83
2024,나나993994,to_in_001,223
2024,나나993994,to_in_007,115
2024,나나993994,to_in_008,106
2024,나나993995,to_in_001,231
2024,나나993995,to_in_007,106
2024,나나993995,to_in_008,123
2024,나나993996,to_in_001,169
2024,나나993996,to_in_007,83
2024,나나993996,to_in_008,84
2024,나나993997,to_in_001,48
2024,나나993997,to_in_007,18
2024,나나993997,to_in_008,28
2024,나나993998,to_in_001,38
2024,나나993998,to_in_007,23
2024,나나993998,to_in_008,18
2024,나나993999,to_in_001,84
2024,나나993999,to_in_007,47
2024,나나993999,to_in_008,35
2024,나나994737,to_in_001,5
2024,나나994737,to_in_007,0
2024,나나994737,to_in_008,0
2024,나나994739,to_in_001,5
2024,나나994739,to_in_007,5
2024,나나994739,to_in_008,5
2024,나나994740,to_in_001,42
2024,나나994740,to_in_007,27
2024,나나994740,to_in_008,13
2024,나나994741,to_in_001,5
2024,나나994741,to_in_007,5
2024,나나994741,to_in_008,5
2024,나나994751,to_in_001,5
2024,나나994751,to_in_007,0
2024,나나994751,to_in_008,5
2024,나나994917,to_in_001,5
2024,나나994917,to_in_007,0
2024,나나994917,to_in_008,5
2024,나나994936,to_in_001,18
2024,나나994936,to_in_007,13
2024,나나994936,to_in_008,8
2024,나나994937,to_in_001,13
2024,나나994937,to_in_007,8
2024,나나994937,to_in_008,5
2024,나나994945,to_in_001,5
2024,나나994945,to_in_007,5
2024,나나994945,to_in_008,0
2024,나나994950,to_in_001,5
2024,나나994950,to_in_007,5
2024,나나994950,to_in_008,5
2024,나나994972,to_in_001,5
2024,나나994972,to_in_007,0
2024,나나994972,to_in_008,5
2024,나나997955,to_in_001,0
2024,나나997955,to_in_007,0
2024,나나997955,to_in_008,0
2024,나나997956,to_in_001,8
2024,나나997956,to_in_007,8
2024,나나997956,to_in_008,5
2024,나나997957,to_in_001,5
2024,나나997957,to_in_007,5
2024,나나997957,to_in_008,5
2024,나나997963,to_in_001,8
2024,나나997963,to_in_007,5
2024,나나997963,to_in_008,8
2024,나나997971,to_in_001,5
2024,나나997971,to_in_007,0
2024,나나997971,to_in_008,0
2024,나나997973,to_in_001,0
2024,나나997973,to_in_007,0
2024,나나997973,to_in_008,0
2024,나나997975,to_in_001,8
2024,나나997975,to_in_007,8
2024,나나997975,to_in_008,5
2024,나나997976,to_in_001,5
2024,나나997976,to_in_007,0
2024,나나997976,to_in_008,5
2024,나나997977,to_in_001,13
2024,나나997977,to_in_007,5
2024,나나997977,to_in_008,8
2024,나나997978,to_in_001,18
2024,나나997978,to_in_007,8
2024,나나997978,to_in_008,8
2024,나나997997,to_in_001,33
2024,나나997997,to_in_007,18
2024,나나997997,to_in_008,13
2024,나나997998,to_in_001,23
2024,나나997998,to_in_007,13
2024,나나997998,to_in_008,13
2024,나나997999,to_in_001,13
2024,나나997999,to_in_007,8
2024,나나997999,to_in_008,8
2024,나나998735,to_in_001,74
2024,나나998735,to_in_007,34
2024,나나998735,to_in_008,38
2024,나나998736,to_in_001,101
2024,나나998736,to_in_007,55
2024,나나998736,to_in_008,49
2024,나나998737,to_in_001,56
2024,나나998737,to_in_007,36
2024,나나998737,to_in_008,23
2024,나나998738,to_in_001,33
2024,나나998738,to_in_007,13
2024,나나998738,to_in_008,18
2024,나나998739,to_in_001,147
2024,나나998739,to_in_007,70
2024,나나998739,to_in_008,80
2024,나나998740,to_in_001,73
2024,나나998740,to_in_007,38
2024,나나998740,to_in_008,33
2024,나나998741,to_in_001,65
2024,나나998741,to_in_007,35
2024,나나998741,to_in_008,28
2024,나나998742,to_in_001,39
2024,나나998742,to_in_007,24
2024,나나998742,to_in_008,13
2024,나나998743,to_in_001,63
2024,나나998743,to_in_007,43
2024,나나998743,to_in_008,23
2024,나나998744,to_in_001,88
2024,나나998744,to_in_007,52
2024,나나998744,to_in_008,39
2024,나나998745,to_in_001,78
2024,나나998745,to_in_007,33
2024,나나998745,to_in_008,43
2024,나나998746,to_in_001,13
2024,나나998746,to_in_007,8
2024,나나998746,to_in_008,8
2024,나나998749,to_in_001,5
2024,나나998749,to_in_007,5
2024,나나998749,to_in_008,5
2024,나나998933,to_in_001,13
2024,나나998933,to_in_007,13
2024,나나998933,to_in_008,0
2024,나나998934,to_in_001,8
2024,나나998934,to_in_007,0
2024,나나998934,to_in_008,8
2024,나나998937,to_in_001,5
2024,나나998937,to_in_007,0
2024,나나998937,to_in_008,5
2024,나나998938,to_in_001,18
2024,나나998938,to_in_007,8
2024,나나998938,to_in_008,8
2024,나나998939,to_in_001,5
2024,나나998939,to_in_007,5
2024,나나998939,to_in_008,0
2024,나나998941,to_in_001,8
2024,나나998941,to_in_007,5
2024,나나998941,to_in_008,8
2024,나나998942,to_in_001,5
2024,나나998942,to_in_007,5
2024,나나998942,to_in_008,0
2024,나나998943,to_in_001,0
2024,나나998943,to_in_007,0
2024,나나998943,to_in_008,0
2024,나나998944,to_in_001,5
2024,나나998944,to_in_007,0
2024,나나998944,to_in_008,0
2024,나나998945,to_in_001,8
2024,나나998945,to_in_007,8
2024,나나998945,to_in_008,0
2024,나나998956,to_in_001,5
2024,나나998956,to_in_007,0
2024,나나998956,to_in_008,5
2024,나나998957,to_in_001,8
2024,나나998957,to_in_007,8
2024,나나998957,to_in_008,8
2024,나나998962,to_in_001,0
2024,나나998962,to_in_007,0
2024,나나998962,to_in_008,0
2024,나나998963,to_in_001,8
2024,나나998963,to_in_007,5
2024,나나998963,to_in_008,5
2024,나나990970,to_in_007,5
2024,나나990970,to_in_008,5
2024,나나990976,to_in_001,8
2024,나나990976,to_in_007,5
2024,나나990976,to_in_008,5
2024,나나990977,to_in_001,0
2024,나나990977,to_in_007,0
2024,나나990977,to_in_008,0
2024,나나990980,to_in_001,5
2024,나나990980,to_in_007,5
2024,나나990980,to_in_008,5
2024,나나990985,to_in_001,18
2024,나나990985,to_in_007,8
2024,나나990985,to_in_008,8
2024,나나990988,to_in_001,5
2024,나나990988,to_in_007,0
2024,나나990988,to_in_008,5
2024,나나990989,to_in_001,5
2024,나나990989,to_in_007,5
2024,나나990989,to_in_008,0
2024,나나990992,to_in_001,33
2024,나나990992,to_in_007,18
2024,나나990992,to_in_008,13
2024,나나990993,to_in_001,8
2024,나나990993,to_in_007,5
2024,나나990993,to_in_008,8
2024,나나990994,to_in_001,43
2024,나나990994,to_in_007,23
2024,나나990994,to_in_008,18
2024,나나990995,to_in_001,98
2024,나나990995,to_in_007,56
2024,나나990995,to_in_008,45
2024,나나990996,to_in_001,156
2024,나나990996,to_in_007,73
2024,나나990996,to_in_008,81
2024,나나990997,to_in_001,53
2024,나나990997,to_in_007,28
2024,나나990997,to_in_008,23
2024,나나990998,to_in_001,91
2024,나나990998,to_in_007,50
2024,나나990998,to_in_008,44
2024,나나991742,to_in_001,8
2024,나나991742,to_in_007,5
2024,나나991742,to_in_008,8
2024,나나991743,to_in_001,23
2024,나나991743,to_in_007,13
2024,나나991743,to_in_008,8
2024,나나991744,to_in_001,18
2024,나나991744,to_in_007,8
2024,나나991744,to_in_008,13
2024,나나991746,to_in_001,5
2024,나나991746,to_in_007,0
2024,나나991746,to_in_008,5
2024,나나991750,to_in_001,8
2024,나나991750,to_in_007,5
2024,나나991750,to_in_008,5
2024,나나991936,to_in_001,5
2024,나나991936,to_in_007,0
2024,나나991936,to_in_008,5
2024,나나991948,to_in_001,5
2024,나나991948,to_in_007,5
2024,나나991948,to_in_008,5
2024,나나991949,to_in_001,5
2024,나나991949,to_in_007,0
2024,나나991949,to_in_008,5
2024,나나991952,to_in_001,5
2024,나나991952,to_in_007,0
2024,나나991952,to_in_008,0
2024,나나991967,to_in_001,5
2024,나나991967,to_in_007,0
2024,나나991967,to_in_008,5
2024,나나991968,to_in_001,18
2024,나나991968,to_in_007,13
2024,나나991968,to_in_008,8
2024,나나991969,to_in_001,23
2024,나나991969,to_in_007,13
2024,나나991969,to_in_008,13
2024,나나991970,to_in_001,23
2024,나나991970,to_in_007,13
2024,나나991970,to_in_008,8
2024,나나998964,to_in_001,33
2024,나나998964,to_in_007,13
2024,나나998964,to_in_008,18
2024,나나998965,to_in_001,8
2024,나나998965,to_in_007,8
2024,나나998965,to_in_008,0
2024,나나998967,to_in_001,5
2024,나나998967,to_in_007,5
2024,나나998967,to_in_008,0
2024,나나998969,to_in_001,44
2024,나나998969,to_in_007,23
2024,나나998969,to_in_008,24
2024,나나998970,to_in_001,18
2024,나나998970,to_in_007,8
2024,나나998970,to_in_008,8
2024,나나998974,to_in_001,8
2024,나나998974,to_in_007,5
2024,나나998974,to_in_008,5
2024,나나998975,to_in_001,48
2024,나나998975,to_in_007,18
2024,나나998975,to_in_008,28
2024,나나998977,to_in_001,8
2024,나나998977,to_in_007,5
2024,나나998977,to_in_008,5
2024,나나998980,to_in_001,5
2024,나나998980,to_in_007,0
2024,나나998980,to_in_008,5
2024,나나998993,to_in_001,0
2024,나나998993,to_in_007,0
2024,나나998993,to_in_008,0
2024,나나998996,to_in_001,43
2024,나나998996,to_in_007,28
2024,나나998996,to_in_008,13
2024,나나998997,to_in_001,48
2024,나나998997,to_in_007,28
2024,나나998997,to_in_008,23
2024,나나998998,to_in_001,58
2024,나나998998,to_in_007,28
2024,나나998998,to_in_008,28
2024,나나998999,to_in_001,28
2024,나나998999,to_in_007,13
2024,나나998999,to_in_008,13
2024,나나999735,to_in_001,18
2024,나나999735,to_in_007,8
2024,나나999735,to_in_008,8
2024,나나999736,to_in_001,43
2024,나나999736,to_in_007,23
2024,나나999736,to_in_008,18
2024,나나999737,to_in_001,43
2024,나나999737,to_in_007,23
2024,나나999737,to_in_008,18
2024,나나999738,to_in_001,158
2024,나나999738,to_in_007,70
2024,나나999738,to_in_008,86
2024,나나999739,to_in_001,23
2024,나나999739,to_in_007,13
2024,나나999739,to_in_008,13
2024,나나999740,to_in_001,199
2024,나나999740,to_in_007,98
2024,나나999740,to_in_008,99
2024,나나999741,to_in_001,28
2024,나나999741,to_in_007,13
2024,나나999741,to_in_008,18
2024,나나999742,to_in_001,71
2024,나나999742,to_in_007,40
2024,나나999742,to_in_008,29
2024,나나999743,to_in_001,28
2024,나나999743,to_in_007,18
2024,나나999743,to_in_008,13
2024,나나999744,to_in_001,72
2024,나나999744,to_in_007,44
2024,나나999744,to_in_008,26
2024,나나999745,to_in_001,92
2024,나나999745,to_in_007,44
2024,나나999745,to_in_008,46
2024,나나999746,to_in_001,23
2024,나나999746,to_in_007,13
2024,나나999746,to_in_008,13
2024,나나999747,to_in_001,5
2024,나나999747,to_in_007,0
2024,나나999747,to_in_008,5
2024,나나999748,to_in_001,18
2024,나나999748,to_in_007,8
2024,나나999748,to_in_008,13
2024,나나999749,to_in_001,5
2024,나나999749,to_in_007,0
2024,나나999749,to_in_008,5
2024,나나999751,to_in_001,5
2024,나나999751,to_in_007,5
2024,나나999751,to_in_008,5
2024,나나999752,to_in_001,0
2024,나나999752,to_in_007,0
2024,나나999752,to_in_008,0
2024,나나999753,to_in_001,8
2024,나나999753,to_in_007,5
2024,나나999753,to_in_008,5
2024,나나999756,to_in_001,5
2024,나나999756,to_in_007,0
2024,나나999756,to_in_008,5
2024,나나999937,to_in_001,5
2024,나나999937,to_in_007,5
2024,나나999937,to_in_008,0
2024,나나999938,to_in_001,18
2024,나나999938,to_in_007,8
2024,나나999938,to_in_008,8
2024,나나999939,to_in_001,13
2024,나나999939,to_in_007,8
2024,나나999939,to_in_008,8
2024,나나999941,to_in_001,8
2024,나나999941,to_in_007,5
2024,나나999941,to_in_008,5
2024,나나999960,to_in_001,5
2024,나나999960,to_in_007,5
2024,나나999960,to_in_008,5
2024,나나999961,to_in_001,0
2024,나나999961,to_in_007,0
2024,나나999961,to_in_008,0
2024,나나999964,to_in_001,5
2024,나나999964,to_in_007,5
2024,나나999964,to_in_008,5
2024,나나999965,to_in_001,18
2024,나나999965,to_in_007,8
2024,나나999965,to_in_008,8
2024,나나989968,to_in_007,18
2024,나나989968,to_in_008,28
2024,나나989969,to_in_001,5
2024,나나989969,to_in_007,5
2024,나나989969,to_in_008,0
2024,나나989975,to_in_001,33
2024,나나989975,to_in_007,18
2024,나나989975,to_in_008,13
2024,나나989976,to_in_001,49
2024,나나989976,to_in_007,18
2024,나나989976,to_in_008,29
2024,나나989977,to_in_001,5
2024,나나989977,to_in_007,0
2024,나나989977,to_in_008,5
2024,나나989978,to_in_001,5
2024,나나989978,to_in_007,0
2024,나나989978,to_in_008,0
2024,나나989981,to_in_001,5
2024,나나989981,to_in_007,0
2024,나나989981,to_in_008,0
2024,나나989983,to_in_001,5
2024,나나989983,to_in_007,0
2024,나나989983,to_in_008,0
2024,나나989984,to_in_001,13
2024,나나989984,to_in_007,8
2024,나나989984,to_in_008,8
2024,나나989985,to_in_001,23
2024,나나989985,to_in_007,13
2024,나나989985,to_in_008,8
2024,나나989986,to_in_001,23
2024,나나989986,to_in_007,13
2024,나나989986,to_in_008,13
2024,나나989988,to_in_001,8
2024,나나989988,to_in_007,5
2024,나나989988,to_in_008,5
2024,나나989992,to_in_001,28
2024,나나989992,to_in_007,13
2024,나나989992,to_in_008,13
2024,나나989993,to_in_001,18
2024,나나989993,to_in_007,8
2024,나나989993,to_in_008,8
2024,나나989994,to_in_001,69
2024,나나989994,to_in_007,33
2024,나나989994,to_in_008,34
2024,나나989995,to_in_001,33
2024,나나989995,to_in_007,13
2024,나나989995,to_in_008,18
2024,나나989996,to_in_001,51
2024,나나989996,to_in_007,18
2024,나나989996,to_in_008,31
2024,나나989997,to_in_001,13
2024,나나989997,to_in_007,8
2024,나나989997,to_in_008,8
2024,나나989998,to_in_001,13
2024,나나989998,to_in_007,8
2024,나나989998,to_in_008,8
2024,나나989999,to_in_001,5
2024,나나989999,to_in_007,0
2024,나나989999,to_in_008,5
2024,나나990742,to_in_001,18
2024,나나990742,to_in_007,8
2024,나나990742,to_in_008,8
2024,나나990743,to_in_001,5
2024,나나990743,to_in_007,0
2024,나나990743,to_in_008,5
2024,나나996740,to_in_001,88
2024,나나996740,to_in_007,40
2024,나나996740,to_in_008,46
2024,나나996741,to_in_001,69
2024,나나996741,to_in_007,39
2024,나나996741,to_in_008,33
2024,나나996742,to_in_001,89
2024,나나996742,to_in_007,40
2024,나나996742,to_in_008,47
2024,나나996743,to_in_001,100
2024,나나996743,to_in_007,47
2024,나나996743,to_in_008,51
2024,나나996746,to_in_001,5
2024,나나996746,to_in_007,5
2024,나나996746,to_in_008,5
2024,나나996939,to_in_001,23
2024,나나996939,to_in_007,13
2024,나나996939,to_in_008,13
2024,나나996940,to_in_001,5
2024,나나996940,to_in_007,0
2024,나나996940,to_in_008,0
2024,나나996942,to_in_001,5
2024,나나996942,to_in_007,5
2024,나나996942,to_in_008,0
2024,나나996947,to_in_001,5
2024,나나996947,to_in_007,5
2024,나나996947,to_in_008,0
2024,나나996953,to_in_001,0
2024,나나996953,to_in_007,0
2024,나나996953,to_in_008,0
2024,나나996955,to_in_001,5
2024,나나996955,to_in_007,0
2024,나나996955,to_in_008,5
2024,나나996962,to_in_001,0
2024,나나996962,to_in_007,0
2024,나나996962,to_in_008,0
2024,나나996963,to_in_001,8
2024,나나996963,to_in_007,8
2024,나나996963,to_in_008,5
2024,나나996964,to_in_001,5
2024,나나996964,to_in_007,5
2024,나나996964,to_in_008,0
2024,나나996967,to_in_001,5
2024,나나996967,to_in_007,0
2024,나나996967,to_in_008,5
2024,나나996968,to_in_001,5
2024,나나996968,to_in_007,5
2024,나나996968,to_in_008,0
2024,나나996976,to_in_001,57
2024,나나996976,to_in_007,23
2024,나나996976,to_in_008,32
2024,나나996978,to_in_001,0
2024,나나996978,to_in_007,0
2024,나나996978,to_in_008,0
2024,나나996979,to_in_001,13
2024,나나996979,to_in_007,8
2024,나나996979,to_in_008,8
2024,나나996987,to_in_001,5
2024,나나996987,to_in_007,5
2024,나나996987,to_in_008,0
2024,나나996994,to_in_001,8
2024,나나996994,to_in_007,5
2024,나나996994,to_in_008,5
2024,나나996996,to_in_001,23
2024,나나996996,to_in_007,13
2024,나나996996,to_in_008,13
2024,나나996997,to_in_001,38
2024,나나996997,to_in_007,18
2024,나나996997,to_in_008,18
2024,나나996998,to_in_001,5
2024,나나996998,to_in_007,0
2024,나나996998,to_in_008,5
2024,나나996999,to_in_001,5
2024,나나996999,to_in_007,0
2024,나나996999,to_in_008,0
2024,나나997736,to_in_001,33
2024,나나997736,to_in_007,18
2024,나나997736,to_in_008,13
2024,나나997737,to_in_001,28
2024,나나997737,to_in_007,13
2024,나나997737,to_in_008,13
2024,나나997738,to_in_001,53
2024,나나997738,to_in_007,28
2024,나나997738,to_in_008,23
2024,나나997739,to_in_001,53
2024,나나997739,to_in_007,23
2024,나나997739,to_in_008,28
2024,나나997740,to_in_001,38
2024,나나997740,to_in_007,23
2024,나나997740,to_in_008,18
2024,나나997741,to_in_001,130
2024,나나997741,to_in_007,74
2024,나나997741,to_in_008,54
2024,나나997742,to_in_001,73
2024,나나997742,to_in_007,38
2024,나나997742,to_in_008,33
2024,나나997743,to_in_001,148
2024,나나997743,to_in_007,81
2024,나나997743,to_in_008,70
2024,나나997744,to_in_001,18
2024,나나997744,to_in_007,8
2024,나나997744,to_in_008,8
2024,나나997745,to_in_001,13
2024,나나997745,to_in_007,8
2024,나나997745,to_in_008,8
2024,나나997755,to_in_001,5
2024,나나997755,to_in_007,0
2024,나나997755,to_in_008,0
2024,나나997936,to_in_001,5
2024,나나997936,to_in_007,0
2024,나나997936,to_in_008,0
2024,나나997938,to_in_001,5
2024,나나997938,to_in_007,5
2024,나나997938,to_in_008,0
2024,나나997939,to_in_001,8
2024,나나997939,to_in_007,5
2024,나나997939,to_in_008,5
2024,나나997942,to_in_001,5
2024,나나997942,to_in_007,0
2024,나나997942,to_in_008,5
2024,나나997946,to_in_001,0
2024,나나997946,to_in_007,0
2024,나나997946,to_in_008,0
2024,나나997954,to_in_001,8
2024,나나997954,to_in_007,5
2024,나나997954,to_in_008,5
