행정동코드,시군구코드,시군구명,행정동명,집계구수,격자인구,총인구,65세이상인구,접근100m_인구,접근200m_인구,접근300m_인구,AED대수,AED고유설치지점수,최소_AED거리,100m_접근율,100m_미접근인구,200m_접근율,200m_미접근인구,300m_접근율,300m_미접근인구,평균_AED거리,고령인구비율,접근성취약점수,미접근인구점수,인구점수,고령인구점수,우선검토점수,지역명
11010530,11010,종로구,사직동,16,8472.0,7612,1603.0,4043.0,8068.0,8472.0,87,35,12.920050190093464,47.7219074598678,4429.0,95.23135033050048,404.0,100.0,0.0,95.45079754216485,21.05885444035733,0.0,0.33098591549295775,0.051643192488262914,0.0892018779342723,11.795774647887324,종로구 사직동
11010540,11010,종로구,삼청동,5,1941.0,2060,570.0,587.0,1745.0,1941.0,22,11,32.46362927670913,30.24214322514168,1354.0,89.90211231324061,196.0,100.0,0.0,125.72695376376106,27.669902912621357,0.0,0.33098591549295775,0.009389671361502348,0.011737089201877934,8.802816901408452,종로구 삼청동
11010550,11010,종로구,부암동,17,9203.0,9057,1900.0,1636.0,5110.0,7082.0,8,7,30.193819067738545,17.776811909160056,7567.0,55.52537216125176,4093.0,76.95316744539824,2121.0,233.57151783065285,20.97824886827868,0.2304683255460176,0.9741784037558685,0.07042253521126761,0.15492957746478872,35.74997104944856,종로구 부암동
11010560,11010,종로구,평창동,30,16357.0,16392,3771.0,3231.0,8679.0,13814.0,22,20,5.597547466149446,19.753010943327016,13126.0,53.059852051109615,7678.0,84.45313932872777,2543.0,207.55329707141223,23.005124450951683,0.15546860671272222,0.9859154929577465,0.2605633802816901,0.6291079812206573,50.77638652932039,종로구 평창동
11010570,11010,종로구,무악동,12,7646.0,5206,826.0,5782.0,7628.0,7641.0,8,8,9.662320582908599,75.62123986398117,1864.0,99.76458278838608,18.0,99.93460633010724,5.0,81.70724862647192,15.866308106031502,0.0006539366989275486,0.6748826291079812,0.04460093896713615,0.028169014084507043,18.707662971463797,종로구 무악동
11010580,11010,종로구,교남동,17,8826.0,7210,1244.0,5472.0,8826.0,8826.0,14,9,31.21844454748797,61.9986403806934,3354.0,100.0,0.0,100.0,0.0,83.81878732872707,17.253814147018034,0.0,0.33098591549295775,0.056338028169014086,0.046948356807511735,10.85680751173709,종로구 교남동
11010600,11010,종로구,가회동,8,3654.0,3659,781.0,2189.0,3553.0,3654.0,20,10,4.833999333311102,59.90695128626163,1465.0,97.23590585659552,101.0,100.0,0.0,101.67487835917035,21.344629680240505,0.0,0.33098591549295775,0.01643192488262911,0.018779342723004695,9.15492957746479,종로구 가회동
11010610,11010,종로구,종로1·2·3·4가동,14,9106.0,6892,1561.0,6860.0,9055.0,9063.0,131,72,8.688429889947573,75.33494399297167,2246.0,99.43992971667032,51.0,99.52778387876126,43.0,86.02861645791363,22.649448636099827,0.0047221612123874435,0.7253521126760564,0.06572769953051644,0.07981220657276995,21.890354499793258,종로구 종로1·2·3·4가동
11010630,11010,종로구,종로5·6가동,11,5556.0,4897,819.0,2154.0,4697.0,5556.0,29,19,7.249914482059144,38.76889848812095,3402.0,84.53923686105111,859.0,100.0,0.0,118.77775529038685,16.724525219522157,0.0,0.33098591549295775,0.025821596244131457,0.023474178403755867,9.507042253521126,종로구 종로5·6가동
11010640,11010,종로구,이화동,15,8060.0,7353,1166.0,3129.0,6979.0,8037.0,36,17,19.082302884339136,38.821339950372206,4931.0,86.58808933002481,1081.0,99.71464019851116,23.0,126.25935496190188,15.857473140214879,0.002853598014888381,0.7112676056338029,0.046948356807511735,0.03990610328638498,20.0243915935647,종로구 이화동
11010670,11010,종로구,창신1동,9,4845.0,4917,1129.0,3284.0,4845.0,4845.0,12,10,20.95156156990688,67.781217750258,1561.0,100.0,0.0,100.0,0.0,85.41706729735253,22.961155175920275,0.0,0.33098591549295775,0.02112676056338028,0.03755868544600939,9.741784037558684,종로구 창신1동
11010680,11010,종로구,창신2동,14,9095.0,7048,1541.0,5409.0,9095.0,9095.0,4,4,27.03369951586757,59.47223749312809,3686.0,100.0,0.0,100.0,0.0,103.19062091748519,21.864358683314418,0.0,0.33098591549295775,0.06338028169014084,0.07511737089201878,11.737089201877934,종로구 창신2동
11010690,11010,종로구,창신3동,11,6220.0,5263,1090.0,3798.0,6220.0,6220.0,9,8,5.183216604145849,61.061093247588424,2422.0,100.0,0.0,100.0,0.0,77.4371159955922,20.71062131863956,0.0,0.33098591549295775,0.03051643192488263,0.03286384976525822,9.859154929577466,종로구 창신3동
11010700,11010,종로구,숭인1동,10,5306.0,5336,1177.0,2524.0,5063.0,5306.0,2,2,28.163416180910612,47.56879004900113,2782.0,95.42027892951376,243.0,100.0,0.0,112.83402002242981,22.057721139430285,0.0,0.33098591549295775,0.023474178403755867,0.04225352112676056,9.917840375586854,종로구 숭인1동
11010710,11010,종로구,숭인2동,19,10570.0,9840,1540.0,4505.0,8390.0,10107.0,15,14,18.420770018887985,42.620624408703875,6065.0,79.3755912961211,2180.0,95.61967833491012,463.0,131.6530094251747,15.650406504065039,0.04380321665089881,0.8309859154929577,0.08685446009389672,0.07276995305164319,25.860338632234914,종로구 숭인2동
11010720,11010,종로구,청운효자동,22,10709.0,10521,2063.0,4075.0,9446.0,10595.0,30,23,18.99463089613188,38.052105705481374,6634.0,88.20618171631338,1263.0,98.93547483425156,114.0,133.5329798370204,19.608402243132783,0.010645251657484311,0.7464788732394366,0.0892018779342723,0.18309859154929578,25.735614859512225,종로구 청운효자동
11010730,11010,종로구,혜화동,38,20469.0,18571,2212.0,8273.0,16933.0,20036.0,21,21,4.460901719557608,40.417216278274466,12196.0,82.72509648737115,3536.0,97.88460598954516,433.0,130.25357884173098,11.911044101017715,0.021153940104548408,0.8286384976525821,0.4624413145539906,0.20539906103286384,37.940820333599625,종로구 혜화동
11020520,11020,중구,소공동,6,2566.0,2521,225.0,2376.0,2566.0,2566.0,79,48,8.829369006125958,92.59547934528449,190.0,100.0,0.0,100.0,0.0,71.31943086506716,8.925029750099167,0.0,0.33098591549295775,0.014084507042253521,0.007042253521126761,8.80281690140845,중구 소공동
11020540,11020,중구,회현동,8,4539.0,3799,1109.0,1275.0,4342.0,4539.0,60,34,5.565909838790437,28.08988764044944,3264.0,95.65983696849526,197.0,100.0,0.0,127.78430858441392,29.19189260331666,0.0,0.33098591549295775,0.018779342723004695,0.035211267605633804,9.624413145539906,중구 회현동
11020550,11020,중구,명동,4,2536.0,2500,675.0,1966.0,2536.0,2536.0,73,44,6.814636907040033,77.52365930599369,570.0,100.0,0.0,100.0,0.0,84.18925412463992,27.0,0.0,0.33098591549295775,0.011737089201877934,0.014084507042253521,8.92018779342723,중구 명동
11020570,11020,중구,필동,12,6091.0,5363,746.0,953.0,4489.0,5937.0,31,21,11.072829018653747,15.646035133803974,5138.0,73.69890001641767,1602.0,97.47167952717123,154.0,150.12184089414194,13.910124930076451,0.02528320472828771,0.7676056338028169,0.028169014084507043,0.01643192488262911,20.93724443745602,중구 필동
11020580,11020,중구,장충동,11,6635.0,5167,788.0,1772.0,6321.0,6635.0,25,16,26.13219042924089,26.706857573474004,4863.0,95.26752072343633,314.0,100.0,0.0,130.6254569800635,15.250628991677956,0.0,0.33098591549295775,0.035211267605633804,0.02112676056338028,9.683098591549296,중구 장충동
11020590,11020,중구,광희동,10,6679.0,5334,822.0,3049.0,5943.0,6679.0,53,31,11.369282156056434,45.65054648899536,3630.0,88.98038628537206,736.0,100.0,0.0,111.88869362773528,15.410573678290213,0.0,0.33098591549295775,0.03755868544600939,0.025821596244131457,9.859154929577464,중구 광희동
11020600,11020,중구,을지로동,4,1760.0,2677,366.0,1070.0,1742.0,1760.0,33,19,13.071387990013472,60.79545454545454,690.0,98.97727272727272,18.0,100.0,0.0,95.98138213452211,13.672020918939113,0.0,0.33098591549295775,0.007042253521126761,0.009389671361502348,8.685446009389672,중구 을지로동
11020650,11020,중구,신당5동,19,10442.0,8813,1551.0,7660.0,10442.0,10442.0,16,12,7.263752497513526,73.357594330588,2782.0,100.0,0.0,100.0,0.0,74.876699595404,17.599001475093612,0.0,0.33098591549295775,0.08450704225352113,0.07746478873239436,12.323943661971832,중구 신당5동
11020670,11020,중구,황학동,20,13281.0,10132,1716.0,9250.0,13281.0,13281.0,9,5,16.156717864685618,69.6483698516678,4031.0,100.0,0.0,100.0,0.0,77.53303899681384,16.936439005132254,0.0,0.33098591549295775,0.14084507042253522,0.11032863849765258,14.55399061032864,중구 황학동
11020680,11020,중구,중림동,21,12038.0,9793,1581.0,8059.0,12033.0,12038.0,23,19,10.498391893874883,66.94633660076424,3979.0,99.95846486127263,5.0,100.0,0.0,88.38616335985104,16.14418462166854,0.0,0.33098591549295775,0.107981220657277,0.08215962441314555,13.028169014084506,중구 중림동
11020690,11020,중구,신당동,17,9084.0,8432,1512.0,4115.0,6803.0,9084.0,31,15,2.6481375935270974,45.29942756494936,4969.0,74.88991633641568,2281.0,100.0,0.0,121.08238044353993,17.93168880455408,0.0,0.33098591549295775,0.06103286384976526,0.06455399061032864,11.41431924882629,중구 신당동
11020700,11020,중구,다산동,25,12416.0,12656,2774.0,3827.0,11659.0,12416.0,13,10,19.19268986240339,30.82313144329897,8589.0,93.90302835051546,757.0,100.0,0.0,123.96934876256479,21.918457648546145,0.0,0.33098591549295775,0.11737089201877934,0.34507042253521125,19.835680751173708,중구 다산동
11020710,11020,중구,약수동,24,15517.0,12588,3096.0,8788.0,15517.0,15517.0,20,16,5.559111876224918,56.634658761358516,6729.0,100.0,0.0,100.0,0.0,92.27678830184004,24.59485224022879,0.0,0.33098591549295775,0.22769953051643194,0.45774647887323944,25.41079812206573,중구 약수동
11020720,11020,중구,청구동,20,11830.0,9406,2025.0,5346.0,11385.0,11830.0,12,8,27.76813892490483,45.19019442096365,6484.0,96.23837700760778,445.0,100.0,0.0,105.24140437564425,21.52881139698065,0.0,0.33098591549295775,0.1056338028169014,0.17370892018779344,15.258215962441312,중구 청구동
11020730,11020,중구,동화동,20,11466.0,8682,1897.0,8963.0,11466.0,11466.0,14,12,14.998939279193838,78.17024245595674,2503.0,100.0,0.0,100.0,0.0,81.12242545306168,21.849804192582354,0.0,0.33098591549295775,0.09624413145539906,0.15023474178403756,14.43661971830986,중구 동화동
11030510,11030,용산구,후암동,32,15493.0,15208,2848.0,4444.0,13235.0,15493.0,9,8,15.696458364577069,28.683921771122446,11049.0,85.42567611179243,2258.0,100.0,0.0,129.26208243538574,18.726985796948973,0.0,0.33098591549295775,0.22300469483568075,0.36971830985915494,23.092723004694836,용산구 후암동
11030520,11030,용산구,용산2가동,17,9742.0,7746,1538.0,4304.0,9433.0,9742.0,14,14,2.180385308030568,44.179839868610145,5438.0,96.82816670088278,309.0,100.0,0.0,107.03691363489432,19.85540924348051,0.0,0.33098591549295775,0.07276995305164319,0.07042253521126761,11.854460093896714,용산구 용산2가동
11030530,11030,용산구,남영동,13,6381.0,5899,1303.0,2917.0,5691.0,6381.0,54,24,21.55805881416751,45.71383795643316,3464.0,89.18664786083686,690.0,100.0,0.0,108.51905390987868,22.088489574504152,0.0,0.33098591549295775,0.03286384976525822,0.04929577464788732,10.328638497652582,용산구 남영동
11030570,11030,용산구,원효로2동,20,12697.0,9331,1590.0,6088.0,11623.0,12697.0,6,5,12.920671522134192,47.94833425218555,6609.0,91.54130897062298,1074.0,100.0,0.0,118.34605861683549,17.039974279284106,0.0,0.33098591549295775,0.12441314553990611,0.08685446009389672,13.556338028169016,용산구 원효로2동
11030580,11030,용산구,효창동,19,10342.0,9113,1396.0,4599.0,10342.0,10342.0,21,13,29.65543159562223,44.46915490233997,5743.0,100.0,0.0,100.0,0.0,102.14310968044595,15.318775375836715,0.0,0.33098591549295775,0.08215962441314555,0.056338028169014086,11.737089201877934,용산구 효창동
11030590,11030,용산구,용문동,19,10923.0,8995,1772.0,5439.0,10717.0,10923.0,8,6,3.2685534126079228,49.79401263389179,5484.0,98.1140712258537,206.0,100.0,0.0,101.39880174930418,19.699833240689273,0.0,0.33098591549295775,0.09154929577464789,0.1267605633802817,13.732394366197182,용산구 용문동
11030630,11030,용산구,이촌1동,34,22089.0,16553,3280.0,12945.0,18069.0,21575.0,13,13,11.35783195908508,58.603829960613886,9144.0,81.80089637376071,4020.0,97.67304993435647,514.0,115.18811323965393,19.815139249682836,0.023269500656435294,0.8474178403755869,0.5211267605633803,0.5046948356807511,47.412723431903835,용산구 이촌1동
11030640,11030,용산구,이촌2동,14,7210.0,5626,1335.0,3407.0,6592.0,7210.0,9,7,29.920807393952625,47.25381414701803,3803.0,91.42857142857143,618.0,100.0,0.0,121.5844522556027,23.729114824031285,0.0,0.33098591549295775,0.04225352112676056,0.0539906103286385,10.68075117370892,용산구 이촌2동
11030650,11030,용산구,이태원1동,15,6943.0,7142,1317.0,1927.0,6700.0,6943.0,35,12,10.055014898810336,27.754572951173845,5016.0,96.50007201497911,243.0,100.0,0.0,119.41832900768755,18.440212825539064,0.0,0.33098591549295775,0.03990610328638498,0.051643192488262914,10.563380281690142,용산구 이태원1동
11030660,11030,용산구,이태원2동,19,9036.0,9065,1672.0,2911.0,8028.0,9036.0,8,8,9.097606991182525,32.215582115980524,6125.0,88.84462151394422,1008.0,100.0,0.0,130.2119544285302,18.444567015995588,0.0,0.33098591549295775,0.05868544600938967,0.10093896713615023,12.265258215962442,용산구 이태원2동
11030690,11030,용산구,서빙고동,22,12536.0,10772,1977.0,5421.0,10687.0,12333.0,22,13,17.80629238110092,43.24345883854499,7115.0,85.25047862156988,1849.0,98.3806636885769,203.0,131.48462388974332,18.35313776457482,0.01619336311423103,0.7816901408450704,0.11971830985915492,0.1596244131455399,26.930655674099906,용산구 서빙고동
11030700,11030,용산구,보광동,15,8381.0,7619,1512.0,1193.0,5808.0,8008.0,4,4,17.797253094570685,14.234578212623791,7188.0,69.2996062522372,2573.0,95.54945710535736,373.0,170.81869356670734,19.8451240320252,0.044505428946426395,0.8169014084507042,0.04929577464788732,0.06455399061032864,24.381415066383667,용산구 보광동
11030710,11030,용산구,청파동,37,19544.0,18263,3035.0,8747.0,17745.0,19544.0,20,15,26.39556501903554,44.755423659435124,10797.0,90.79512893982809,1799.0,100.0,0.0,125.3712989602586,16.618299293653834,0.0,0.33098591549295775,0.4154929577464789,0.4272300469483568,29.342723004694836,용산구 청파동
11030720,11030,용산구,원효로1동,28,16630.0,15121,1755.0,4904.0,13459.0,16617.0,21,8,10.538869764955878,29.48887552615755,11726.0,80.93205051112447,3171.0,99.92182802164763,13.0,140.99017873824474,11.606375239732822,0.0007817197835237044,0.6995305164319249,0.27230046948356806,0.12441314553990611,27.425646280973066,용산구 원효로1동
11030730,11030,용산구,한강로동,36,21522.0,16733,2871.0,10398.0,20973.0,21373.0,146,55,12.365679914089394,48.31335377752997,11124.0,97.4491218288263,549.0,99.3076851593718,149.0,112.46969936742124,17.157712305025996,0.006923148406281943,0.7629107981220657,0.5046948356807511,0.38028169014084506,41.3702618087486,용산구 한강로동
11030740,11030,용산구,한남동,29,13910.0,14142,2493.0,3183.0,9590.0,13138.0,42,25,14.543679812905344,22.88281811646298,10727.0,68.9432063263839,4320.0,94.45003594536306,772.0,162.9976168852141,17.62834111158252,0.055499640546369466,0.892018779342723,0.17136150234741784,0.2605633802816901,34.48608256295501,용산구 한남동
11040520,11040,성동구,왕십리2동,23,13892.0,11168,1674.0,7220.0,13892.0,13892.0,7,5,10.155553824229452,51.972358191765046,6672.0,100.0,0.0,100.0,0.0,105.02727171272795,14.989255014326647,0.0,0.33098591549295775,0.16901408450704225,0.10328638497652583,15.082159624413146,성동구 왕십리2동
11040540,11040,성동구,마장동,35,21416.0,18106,3419.0,9902.0,19969.0,21416.0,27,24,8.894944821132887,46.2364587224505,11514.0,93.24336944340679,1447.0,100.0,0.0,108.45623570392435,18.883243123826357,0.0,0.33098591549295775,0.4953051643192488,0.5539906103286385,34.50704225352113,성동구 마장동
11040550,11040,성동구,사근동,24,15655.0,13759,1197.0,7506.0,15210.0,15655.0,55,46,6.816583586527414,47.94634302139891,8149.0,97.157457681252,445.0,100.0,0.0,111.65979356690302,8.699760156988154,0.0,0.33098591549295775,0.23943661971830985,0.04460093896713615,15.375586854460094,성동구 사근동
11040560,11040,성동구,행당1동,20,14264.0,10108,1742.0,10238.0,14264.0,14264.0,42,20,20.600527559959982,71.77509814918676,4026.0,100.0,0.0,100.0,0.0,79.42598841482913,17.233874159081918,0.0,0.33098591549295775,0.18309859154929578,0.11737089201877934,15.786384976525822,성동구 행당1동
11040570,11040,성동구,행당2동,33,22355.0,15923,2976.0,8047.0,22355.0,22355.0,21,13,20.333984283702108,35.99642138224111,14308.0,100.0,0.0,100.0,0.0,106.5261731357375,18.68994536205489,0.0,0.33098591549295775,0.5563380281690141,0.40375586854460094,32.27699530516432,성동구 행당2동
11040580,11040,성동구,응봉동,23,13388.0,11275,2046.0,6358.0,13380.0,13388.0,9,8,32.60355549207498,47.49028981177174,7030.0,99.94024499551838,8.0,100.0,0.0,104.23078955786507,18.146341463414632,0.0,0.33098591549295775,0.14553990610328638,0.176056338028169,16.314553990610328,성동구 응봉동
11040590,11040,성동구,금호1가동,22,14454.0,10413,1832.0,9451.0,14263.0,14454.0,17,13,9.04192301801298,65.38674415386744,5003.0,98.67856648678567,191.0,100.0,0.0,87.21885857676386,17.593392874291748,0.0,0.33098591549295775,0.18544600938967137,0.13615023474178403,16.314553990610328,성동구 금호1가동
11040620,11040,성동구,금호4가동,23,13399.0,11453,2145.0,7401.0,13399.0,13399.0,11,9,18.403671696626887,55.235465333233826,5998.0,100.0,0.0,100.0,0.0,94.33357578338033,18.728717366628832,0.0,0.33098591549295775,0.14788732394366197,0.19483568075117372,16.842723004694836,성동구 금호4가동
11040650,11040,성동구,성수1가1동,22,15226.0,11435,1895.0,9009.0,14446.0,15226.0,34,22,15.582002685851412,59.16852751871799,6217.0,94.87718376461316,780.0,100.0,0.0,107.90085221739801,16.571928290336686,0.0,0.33098591549295775,0.215962441314554,0.14788732394366197,17.370892018779344,성동구 성수1가1동
11040660,11040,성동구,성수1가2동,21,11129.0,9885,1655.0,3967.0,9475.0,10757.0,23,12,21.898578902519958,35.64561056698715,7162.0,85.137927936023,1654.0,96.65738161559888,372.0,130.87044539478993,16.742539200809308,0.03342618384401119,0.8145539906103286,0.09389671361502347,0.09389671361502347,25.894340042109672,성동구 성수1가2동
11040670,11040,성동구,성수2가1동,28,14616.0,13517,2891.0,4671.0,12118.0,14201.0,20,17,16.184317109331563,31.958128078817733,9945.0,82.90914066776136,2498.0,97.16064586754241,415.0,129.05878254860338,21.387881926462974,0.028393541324575833,0.823943661971831,0.19248826291079812,0.3873239436619718,35.80373524672942,성동구 성수2가1동
11040680,11040,성동구,성수2가3동,19,9823.0,8170,1462.0,5435.0,8465.0,9795.0,25,17,17.39377465091421,55.32932912552173,4388.0,86.17530286063321,1358.0,99.71495469815738,28.0,109.15813162005138,17.894736842105264,0.0028504530184261245,0.7183098591549296,0.07746478873239436,0.05868544600938967,21.432763672878494,성동구 성수2가3동
11040690,11040,성동구,송정동,19,9866.0,9356,1796.0,4376.0,8710.0,9606.0,11,8,34.449547260404664,44.354348266774785,5490.0,88.2829920940604,1156.0,97.36468680316239,260.0,124.569186638519,19.1962377084224,0.026353131968376187,0.7922535211267606,0.07981220657276995,0.13145539906103287,25.746856468223488,성동구 송정동
11040700,11040,성동구,용답동,27,13755.0,12317,2242.0,7155.0,12942.0,13734.0,39,26,22.982005886554678,52.0174482006543,6600.0,94.08942202835333,813.0,99.84732824427482,21.0,102.75343641907169,18.202484371194284,0.0015267175572517555,0.7053990610328639,0.1607981220657277,0.21830985915492956,27.15084399526932,성동구 용답동
11040710,11040,성동구,왕십리도선동,41,26030.0,20606,3238.0,12097.0,25162.0,26030.0,22,13,10.16464765966346,46.47330003841721,13933.0,96.66538609296965,868.0,100.0,0.0,106.12521855881346,15.713869746675726,0.0,0.33098591549295775,0.7241784037558685,0.5,38.879107981220656,성동구 왕십리도선동
11040720,11040,성동구,금호2·3가동,34,21080.0,17024,3206.0,9508.0,20741.0,21080.0,20,13,19.28445359936227,45.10436432637571,11572.0,98.39184060721063,339.0,100.0,0.0,99.12138460278004,18.832236842105264,0.0,0.33098591549295775,0.4812206572769953,0.49061032863849763,32.570422535211264,성동구 금호2·3가동
11040730,11040,성동구,옥수동,44,24059.0,21677,3704.0,14636.0,23932.0,24059.0,25,18,5.817464406718203,60.8337836152791,9423.0,99.47213101126397,127.0,100.0,0.0,94.34870965723053,17.08723531854039,0.0,0.33098591549295775,0.6455399061032864,0.607981220657277,39.612676056338024,성동구 옥수동
11050530,11050,광진구,화양동,44,32271.0,25369,2002.0,13865.0,30382.0,32271.0,31,25,12.977635062678784,42.96427132719779,18406.0,94.14644727464287,1889.0,100.0,0.0,116.18626985599813,7.891521147857622,0.0,0.33098591549295775,0.8661971830985915,0.1643192488262911,34.03755868544601,광진구 화양동
11050540,11050,광진구,군자동,41,22275.0,20007,2850.0,11287.0,21493.0,22242.0,23,16,4.5352641105011955,50.67115600448934,10988.0,96.48933782267115,782.0,99.85185185185185,33.0,104.96463162266376,14.245014245014245,0.001481481481481528,0.7206572769953051,0.5446009389671361,0.3755868544600939,41.05816379760042,광진구 군자동
11050550,11050,광진구,중곡1동,27,15066.0,13594,2445.0,3150.0,9763.0,13817.0,12,7,22.25882179312919,20.908004778972522,11916.0,64.80153989114562,5303.0,91.70981016859153,1249.0,167.40941220466593,17.98587612181845,0.08290189831408468,0.9366197183098591,0.2112676056338028,0.2535211267605634,37.10775872545775,광진구 중곡1동
11050560,11050,광진구,중곡2동,35,19766.0,17927,3324.0,7864.0,17601.0,19766.0,7,6,21.00222326614856,39.785490235758374,11902.0,89.04684812303957,2165.0,100.0,0.0,129.62564870713064,18.541864227143414,0.0,0.33098591549295775,0.4272300469483568,0.5187793427230047,31.92488262910798,광진구 중곡2동
11050570,11050,광진구,중곡3동,27,15620.0,13819,2802.0,8059.0,15620.0,15620.0,23,14,12.28197530815374,51.59411011523688,7561.0,100.0,0.0,100.0,0.0,95.45480236553402,20.276431000796006,0.0,0.33098591549295775,0.23591549295774647,0.3544600938967136,23.034037558685448,광진구 중곡3동
11050580,11050,광진구,중곡4동,46,26081.0,23724,5118.0,8061.0,17989.0,22445.0,14,12,5.941113912865235,30.907557225566507,18020.0,68.97358230129213,8092.0,86.05881676316092,3636.0,172.51784499653843,21.573090541224076,0.13941183236839083,0.9953051643192489,0.7276995305164319,0.8849765258215962,68.6848263256417,광진구 중곡4동
11050590,11050,광진구,능동,23,11534.0,11157,1684.0,3613.0,9497.0,11278.0,21,19,23.395880274471924,31.32477891451361,7921.0,82.33917114617653,2037.0,97.78047511704526,256.0,138.62984819575917,15.093663171103344,0.022195248829547487,0.7887323943661971,0.10093896713615023,0.107981220657277,25.496195774729298,광진구 능동
11050600,11050,광진구,구의1동,38,22752.0,19668,2971.0,11532.0,20334.0,22752.0,17,14,18.04887961327909,50.68565400843882,11220.0,89.37236286919831,2418.0,100.0,0.0,108.25062594922652,15.105755541997153,0.0,0.33098591549295775,0.57981220657277,0.4014084507042254,32.805164319248824,광진구 구의1동
11050610,11050,광진구,구의2동,46,25690.0,23091,4426.0,11456.0,20111.0,24949.0,24,20,18.297481553400047,44.59322693655119,14234.0,78.283378746594,5579.0,97.11560918645388,741.0,131.2635921811318,19.167641072279242,0.028843908135461227,0.8896713615023474,0.704225352112676,0.7793427230046949,60.05208361887949,광진구 구의2동
11050620,11050,광진구,구의3동,38,26567.0,20969,3550.0,11254.0,24977.0,26567.0,40,17,8.399835175783334,42.36082357812324,15313.0,94.01513155418377,1590.0,100.0,0.0,108.07881418788065,16.929753445562497,0.0,0.33098591549295775,0.744131455399061,0.5845070422535211,41.490610328638496,광진구 구의3동
11050630,11050,광진구,광장동,55,32982.0,27204,3435.0,18094.0,32588.0,32982.0,57,28,10.738867028845068,54.860226790370504,14888.0,98.80540901097568,394.0,100.0,0.0,99.06373309725784,12.626819585355095,0.0,0.33098591549295775,0.8873239436619719,0.5563380281690141,44.366197183098585,광진구 광장동
11050640,11050,광진구,자양1동,39,21339.0,19119,3339.0,11736.0,20620.0,21339.0,13,11,14.555257166758409,54.99789118515395,9603.0,96.63058250152304,719.0,100.0,0.0,95.13540493772301,17.464302526282754,0.0,0.33098591549295775,0.49061032863849763,0.528169014084507,33.744131455399064,광진구 자양1동
11050650,11050,광진구,자양2동,41,23495.0,20287,4085.0,10650.0,21402.0,23495.0,50,21,15.478658914414789,45.328793360289424,12845.0,91.09172164290274,2093.0,100.0,0.0,119.66498703854779,20.136047715285653,0.0,0.33098591549295775,0.6197183098591549,0.7065727699530516,41.431924882629104,광진구 자양2동
11050660,11050,광진구,자양3동,37,25317.0,20085,3763.0,18092.0,25317.0,25317.0,49,27,12.85215531834073,71.46186356993324,7225.0,100.0,0.0,100.0,0.0,77.82192294993281,18.735374657704753,0.0,0.33098591549295775,0.6901408450704225,0.6267605633802817,41.19718309859155,광진구 자양3동
11050670,11050,광진구,자양4동,40,24706.0,20627,3920.0,11250.0,23166.0,24706.0,23,19,21.655612177530546,45.535497450012144,13456.0,93.766696349065,1540.0,100.0,0.0,109.50185513217477,19.00421777282203,0.0,0.33098591549295775,0.6619718309859155,0.6737089201877934,41.666666666666664,광진구 자양4동
11060710,11060,동대문구,회기동,22,14747.0,12017,1066.0,7627.0,14495.0,14747.0,17,10,12.119289124772846,51.7189936936326,7120.0,98.29117786668475,252.0,100.0,0.0,100.79757971456915,8.870766414246484,0.0,0.33098591549295775,0.20187793427230047,0.03051643192488263,14.084507042253522,동대문구 회기동
11060720,11060,동대문구,휘경1동,27,16453.0,14026,1718.0,5383.0,13930.0,16453.0,9,8,20.594786869749353,32.71743754938309,11070.0,84.66541056342308,2523.0,100.0,0.0,130.6776874278114,12.248681020961072,0.0,0.33098591549295775,0.2652582159624413,0.11267605633802817,17.72300469483568,동대문구 휘경1동
11060730,11060,동대문구,휘경2동,44,24911.0,21284,3703.0,10545.0,23810.0,24911.0,19,17,15.936831069740428,42.330697282325076,14366.0,95.58026574605596,1101.0,100.0,0.0,110.5333729580022,17.3980454801729,0.0,0.33098591549295775,0.6713615023474179,0.6056338028169014,40.19953051643193,동대문구 휘경2동
11060800,11060,동대문구,청량리동,37,19760.0,17120,5188.0,11148.0,19577.0,19760.0,45,24,4.859905338104635,56.417004048582996,8612.0,99.07388663967612,183.0,100.0,0.0,94.30396686585216,30.303738317757013,0.0,0.33098591549295775,0.42488262910798125,0.8967136150234741,41.31455399061033,동대문구 청량리동
11060810,11060,동대문구,용신동,66,39409.0,32154,5751.0,19316.0,37736.0,39409.0,66,34,5.171815404664843,49.014184577127054,20093.0,95.7547768276282,1673.0,100.0,0.0,107.0032823900435,17.88579958947565,0.0,0.33098591549295775,0.9671361502347418,0.9272300469483568,55.6338028169014,동대문구 용신동
11060820,11060,동대문구,제기동,46,24720.0,21354,4705.0,10487.0,23053.0,24720.0,25,20,4.836075953592506,42.42313915857605,14233.0,93.25647249190938,1667.0,100.0,0.0,108.89782610475179,22.033342699260093,0.0,0.33098591549295775,0.6643192488262911,0.8215962441314554,45.42253521126761,동대문구 제기동
11060830,11060,동대문구,전농1동,53,32901.0,26848,5072.0,13870.0,27866.0,32429.0,39,18,15.795928873394345,42.156773350354094,19031.0,84.69651378377557,5035.0,98.5653931491444,472.0,120.59129178267438,18.891537544696067,0.01434606850855602,0.8333333333333334,0.8826291079812206,0.8779342723004695,65.20606955308949,동대문구 전농1동
11060840,11060,동대문구,전농2동,29,18753.0,14618,3021.0,9414.0,18510.0,18753.0,22,17,11.589613958293368,50.199968005119175,9339.0,98.70420732682771,243.0,100.0,0.0,98.23261440986374,20.666301819674374,0.0,0.33098591549295775,0.37089201877934275,0.4154929577464789,27.934272300469488,동대문구 전농2동
11060860,11060,동대문구,답십리2동,43,26754.0,21328,4769.0,16346.0,26754.0,26754.0,20,18,14.998195208532591,61.097405995365186,10408.0,100.0,0.0,100.0,0.0,82.20611106821332,22.36027756939235,0.0,0.33098591549295775,0.7535211267605634,0.8309859154929577,47.88732394366197,동대문구 답십리2동
11060870,11060,동대문구,장안1동,64,35755.0,30847,5957.0,13866.0,33187.0,35755.0,17,17,10.392270859166086,38.780590127254925,21889.0,92.81778772199692,2568.0,100.0,0.0,113.02529392779289,19.311440334554415,0.0,0.33098591549295775,0.9342723004694836,0.9436619718309859,55.22300469483569,동대문구 장안1동
11060880,11060,동대문구,장안2동,50,32922.0,24086,4594.0,20863.0,32922.0,32922.0,28,19,10.301523425504111,63.37099811676082,12059.0,100.0,0.0,100.0,0.0,94.62182397084855,19.07332060117911,0.0,0.33098591549295775,0.8849765258215962,0.8028169014084507,50.46948356807513,동대문구 장안2동
11060890,11060,동대문구,이문1동,37,22813.0,18137,2488.0,6539.0,19125.0,22813.0,20,12,24.168914704260786,28.663481348354008,16274.0,83.83377898566606,3688.0,100.0,0.0,130.35245111987285,13.717814412526879,0.0,0.33098591549295775,0.5845070422535211,0.25821596244131456,29.342723004694836,동대문구 이문1동
11060900,11060,동대문구,이문2동,29,18700.0,12763,2746.0,11382.0,17720.0,18700.0,12,11,21.694792133256506,60.86631016042781,7318.0,94.75935828877006,980.0,100.0,0.0,93.96924694215264,21.515317715270704,0.0,0.33098591549295775,0.3685446009389671,0.33098591549295775,25.762910798122064,동대문구 이문2동
11060910,11060,동대문구,답십리1동,46,26158.0,20937,3228.0,14973.0,24219.0,26158.0,23,17,10.979242259820532,57.24061472589648,11185.0,92.58735377322425,1939.0,100.0,0.0,106.54047731961703,15.417681616277404,0.0,0.33098591549295775,0.7347417840375586,0.49295774647887325,38.967136150234744,동대문구 답십리1동
11070520,11070,중랑구,면목2동,40,22148.0,19816,4393.0,8223.0,18961.0,22148.0,14,13,12.08855616268255,37.12750586960448,13925.0,85.61043886581182,3187.0,100.0,0.0,124.9124522546087,22.16895438029875,0.0,0.33098591549295775,0.5328638497652582,0.7699530516431925,40.845070422535215,중랑구 면목2동
11070540,11070,중랑구,면목4동,34,17705.0,15819,3526.0,10140.0,17483.0,17705.0,14,14,16.184491270983735,57.271957074272805,7565.0,98.74611691612539,222.0,100.0,0.0,92.72088184283795,22.289651684682976,0.0,0.33098591549295775,0.3215962441314554,0.57981220657277,30.809859154929576,중랑구 면목4동
11070550,11070,중랑구,면목5동,27,14584.0,12386,2236.0,6368.0,13247.0,14584.0,8,7,10.93674304047262,43.664289632473945,8216.0,90.83241908941305,1337.0,100.0,0.0,113.09813726192989,18.05264007750686,0.0,0.33098591549295775,0.19014084507042253,0.215962441314554,18.427230046948356,중랑구 면목5동
11070570,11070,중랑구,면목7동,37,20821.0,18335,4127.0,8926.0,17884.0,20821.0,11,10,11.546563997350777,42.87017914605447,11895.0,85.89404927717209,2937.0,100.0,0.0,122.25123858528679,22.50886283065176,0.0,0.33098591549295775,0.47417840375586856,0.7230046948356808,38.20422535211267,중랑구 면목7동
11070590,11070,중랑구,상봉1동,32,22006.0,15919,3058.0,11259.0,22006.0,22006.0,19,17,18.22502305771211,51.16331909479233,10747.0,100.0,0.0,100.0,0.0,88.0493553618055,19.20974935611533,0.0,0.33098591549295775,0.5140845070422535,0.43896713615023475,32.10093896713615,중랑구 상봉1동
11070600,11070,중랑구,상봉2동,37,22727.0,18094,3002.0,10043.0,20252.0,22727.0,10,9,3.6128625520040982,44.18973027676332,12684.0,89.10986931843182,2475.0,100.0,0.0,112.26765828212328,16.59113518293357,0.0,0.33098591549295775,0.5774647887323944,0.4084507042253521,32.92253521126761,중랑구 상봉2동
11070610,11070,중랑구,중화1동,28,17435.0,14593,3257.0,8555.0,17050.0,17435.0,10,10,18.20964461916196,49.067966733581876,8880.0,97.79179810725552,385.0,100.0,0.0,102.7823363432496,22.318920030151443,0.0,0.33098591549295775,0.3051643192488263,0.5023474178403756,28.46244131455399,중랑구 중화1동
11070620,11070,중랑구,중화2동,47,23841.0,22720,5164.0,6293.0,19783.0,23841.0,11,9,19.366664492932422,26.395704878151083,17548.0,82.97890189169918,4058.0,100.0,0.0,142.02188555219536,22.72887323943662,0.0,0.33098591549295775,0.636150234741784,0.8943661971830986,46.537558685446015,중랑구 중화2동
11070640,11070,중랑구,묵1동,48,32276.0,23603,4536.0,15215.0,29957.0,32276.0,22,20,17.15912367253843,47.140289998760686,17061.0,92.81509480728715,2319.0,100.0,0.0,112.77758747480141,19.217896030165658,0.0,0.33098591549295775,0.8685446009389671,0.7934272300469484,49.82394366197184,중랑구 묵1동
11070650,11070,중랑구,묵2동,29,17668.0,14493,3124.0,8424.0,17668.0,17668.0,8,7,22.17926575140895,47.679420421100296,9244.0,100.0,0.0,100.0,0.0,102.33040135678466,21.555233561029464,0.0,0.33098591549295775,0.3192488262910798,0.46830985915492956,27.963615023474176,중랑구 묵2동
11070680,11070,중랑구,망우3동,29,15444.0,13776,3337.0,3371.0,12536.0,15444.0,6,5,23.190523020227015,21.827246827246828,12073.0,81.17068117068116,2908.0,100.0,0.0,141.41270550678078,24.2232868757259,0.0,0.33098591549295775,0.21830985915492956,0.5258215962441315,26.877934272300468,중랑구 망우3동
11070690,11070,중랑구,신내1동,59,35915.0,28854,6096.0,14954.0,34123.0,35910.0,44,21,2.7957181563847775,41.63719894194627,20961.0,95.01044131978283,1792.0,99.98607824028957,5.0,114.02665173988677,21.12705344146392,0.0001392175971042242,0.6748826291079812,0.9413145539906104,0.9483568075117371,64.11733020518582,중랑구 신내1동
11070700,11070,중랑구,신내2동,30,18138.0,16019,4005.0,10374.0,18138.0,18138.0,34,20,3.0919761531108967,57.194839563347664,7764.0,100.0,0.0,100.0,0.0,91.63304536082235,25.001560646732006,0.0,0.33098591549295775,0.352112676056338,0.6971830985915493,34.50704225352113,중랑구 신내2동
11070710,11070,중랑구,면목본동,53,32611.0,27252,5618.0,10189.0,27574.0,32611.0,11,10,14.791289251882967,31.24405875318144,22422.0,84.55429149673424,5037.0,100.0,0.0,137.36849283906795,20.61500073389109,0.0,0.33098591549295775,0.8779342723004695,0.9178403755868545,53.16901408450705,중랑구 면목본동
11070720,11070,중랑구,면목3·8동,43,23571.0,21198,4813.0,5029.0,15901.0,22348.0,14,11,27.304886708949244,21.335539434050315,18542.0,67.46001442450469,7670.0,94.81142081371176,1223.0,155.01062492850727,22.704972167185584,0.051885791862882336,0.931924882629108,0.6220657276995305,0.8356807511737089,61.03892883413074,중랑구 면목3·8동
11070730,11070,중랑구,망우본동,63,37951.0,31536,6715.0,17149.0,33992.0,37925.0,48,42,5.283534579334373,45.18721509314643,20802.0,89.5681273220732,3959.0,99.93149060630813,26.0,118.12092563055964,21.293125317097918,0.0006850939369187348,0.715962441314554,0.9553990610328639,0.971830985915493,66.09693955499574,중랑구 망우본동
11080580,11080,성북구,돈암1동,21,14207.0,9745,2218.0,8824.0,14207.0,14207.0,22,14,5.849883905594951,62.11022735271345,5383.0,100.0,0.0,100.0,0.0,77.33604157729135,22.7603899435608,0.0,0.33098591549295775,0.1807511737089202,0.20892018779342722,18.01643192488263,성북구 돈암1동
11080590,11080,성북구,돈암2동,33,22141.0,17576,3087.0,15467.0,21315.0,21988.0,21,16,8.129979136355649,69.85682670159433,6674.0,96.26936452734746,826.0,99.3089743010704,153.0,81.44136854441571,17.56372325898953,0.0069102569892959265,0.7652582159624414,0.5305164319248826,0.4507042253521127,43.83472825571832,성북구 돈암2동
11080600,11080,성북구,안암동,33,20059.0,17796,1790.0,8637.0,18164.0,19903.0,30,18,8.987748251626899,43.05797896206192,11422.0,90.55286903634278,1895.0,99.22229423201556,156.0,118.56175723598399,10.058440098898629,0.007777057679844379,0.7699530516431925,0.43896713615023475,0.12910798122065728,33.64513066734822,성북구 안암동
11080610,11080,성북구,보문동,32,17181.0,15543,2739.0,9075.0,13789.0,16563.0,19,17,14.395819755252973,52.819975554391476,8106.0,80.25726092776905,3392.0,96.4030033176183,618.0,113.1376554400997,17.62208067940552,0.035969966823817034,0.8802816901408451,0.2981220657276995,0.32629107981220656,38.5166200626142,성북구 보문동
11080620,11080,성북구,정릉1동,30,17072.0,14389,2791.0,10241.0,17072.0,17072.0,17,10,4.083407681808347,59.98711340206185,6831.0,100.0,0.0,100.0,0.0,88.29025865723906,19.396761414969767,0.0,0.33098591549295775,0.29107981220657275,0.3474178403755869,24.237089201877936,성북구 정릉1동
11080630,11080,성북구,정릉2동,36,22279.0,17975,4000.0,8356.0,18409.0,20731.0,16,15,4.28045300129077,37.506171731226715,13923.0,82.62938192917096,3870.0,93.05175277166839,1548.0,137.34603391845633,22.253129346314328,0.06948247228331605,0.9507042253521126,0.5469483568075117,0.6924882629107981,56.49058293384347,성북구 정릉2동
11080640,11080,성북구,정릉3동,30,17996.0,16410,3065.0,6391.0,15356.0,17616.0,25,18,5.079693029150782,35.51344743276283,11605.0,85.33007334963325,2640.0,97.88841964881084,380.0,145.9566616955941,18.677635588056063,0.021115803511891573,0.8192488262910798,0.34507042253521125,0.4413145539906103,40.668740158219826,성북구 정릉3동
11080650,11080,성북구,정릉4동,41,23048.0,20205,4377.0,13283.0,22946.0,23043.0,27,22,17.21519544227275,57.63189864630337,9765.0,99.55744533148211,102.0,99.9783061437001,5.0,97.90611942139313,21.66295471417966,0.00021693856299909164,0.6748826291079812,0.596244131455399,0.7652582159624414,50.91504787722052,성북구 정릉4동
11080660,11080,성북구,길음1동,55,34037.0,27401,3883.0,20755.0,34037.0,34037.0,38,25,6.344554331965462,60.97775949701795,13282.0,100.0,0.0,100.0,0.0,89.5925233293279,14.171015656362906,0.0,0.33098591549295775,0.9014084507042254,0.6643192488262911,47.41784037558685,성북구 길음1동
11080680,11080,성북구,길음2동,30,21503.0,16615,2699.0,9523.0,20095.0,21503.0,29,15,27.666577593970434,44.28684369622843,11980.0,93.45207645444822,1408.0,100.0,0.0,107.54835059847488,16.244357508275655,0.0,0.33098591549295775,0.5023474178403756,0.3075117370892019,28.52112676056338,성북구 길음2동
11080710,11080,성북구,월곡1동,39,24443.0,18730,3988.0,15181.0,24443.0,24443.0,24,24,11.579727824161537,62.10776091314487,9262.0,100.0,0.0,100.0,0.0,87.2306333880855,21.292044847837694,0.0,0.33098591549295775,0.6549295774647887,0.687793427230047,41.84272300469484,성북구 월곡1동
11080720,11080,성북구,월곡2동,34,18915.0,16573,3405.0,9799.0,18067.0,18915.0,35,30,21.494988557501305,51.805445413692844,9116.0,95.5167856198784,848.0,100.0,0.0,101.19288700587063,20.54546551620105,0.0,0.33098591549295775,0.37910798122065725,0.5492957746478874,31.484741784037563,성북구 월곡2동
11080760,11080,성북구,장위1동,40,21990.0,19076,3779.0,6117.0,17535.0,21990.0,10,8,25.290056748951724,27.817189631650752,15873.0,79.74079126875853,4455.0,100.0,0.0,142.52906267710298,19.810232753197734,0.0,0.33098591549295775,0.5117370892018779,0.636150234741784,36.97183098591549,성북구 장위1동
11080770,11080,성북구,장위2동,30,12977.0,12820,3285.0,6072.0,12664.0,12977.0,21,15,14.505436823820666,46.79047545657702,6905.0,97.58804037913231,313.0,100.0,0.0,101.57464562134412,25.624024960998437,0.0,0.33098591549295775,0.13145539906103287,0.5093896713615024,24.295774647887324,성북구 장위2동
11080780,11080,성북구,장위3동,28,15500.0,13094,2061.0,9396.0,15500.0,15500.0,22,18,2.6680600507155323,60.61935483870968,6104.0,100.0,0.0,100.0,0.0,86.66468262777077,15.740033603177029,0.0,0.33098591549295775,0.22535211267605634,0.1807511737089202,18.427230046948356,성북구 장위3동
11080810,11080,성북구,성북동,32,14753.0,14996,2902.0,3905.0,11115.0,13607.0,23,17,7.7264746348450695,26.46919270656816,10848.0,75.34060868975801,3638.0,92.23208838880228,1146.0,168.1106433259793,19.351827153907706,0.0776791161119772,0.9248826291079812,0.20422535211267606,0.392018779342723,39.970146916883934,성북구 성북동
11080820,11080,성북구,삼선동,39,21484.0,19181,3343.0,12318.0,18637.0,21393.0,28,20,14.317006137375444,57.335691677527464,9166.0,86.7482777881214,2847.0,99.57642897039656,91.0,113.38576655908517,17.428705489807623,0.004235710296034423,0.7417840375586855,0.5,0.5305164319248826,44.41340449449006,성북구 삼선동
11080830,11080,성북구,동선동,31,17551.0,15158,1979.0,9402.0,17338.0,17551.0,19,16,9.559879895947951,53.5695971739502,8149.0,98.78639393766737,213.0,100.0,0.0,98.76208193225173,13.055812112415884,0.0,0.33098591549295775,0.3145539906103286,0.1619718309859155,20.187793427230048,성북구 동선동
11080840,11080,성북구,종암동,58,38868.0,29232,5535.0,21579.0,37331.0,38868.0,33,23,7.235951548576063,55.51867860450756,17289.0,96.04559020273747,1537.0,100.0,0.0,101.79274062836136,18.93472906403941,0.0,0.33098591549295775,0.9624413145539906,0.9084507042253521,55.04694835680751,성북구 종암동
11080850,11080,성북구,석관동,59,33549.0,28890,6562.0,11515.0,30356.0,33549.0,31,26,11.442649006615797,34.322930638767176,22034.0,90.48257772213776,3193.0,100.0,0.0,119.02994512704134,22.713741779162337,0.0,0.33098591549295775,0.8943661971830986,0.9647887323943662,54.753521126760575,성북구 석관동
11090600,11090,강북구,번1동,28,16853.0,13546,2867.0,11574.0,16581.0,16853.0,31,21,4.0688991903763645,68.67620008307127,5279.0,98.38604402776954,272.0,100.0,0.0,82.2595031414207,21.164919533441605,0.0,0.33098591549295775,0.284037558685446,0.3779342723004695,24.823943661971832,강북구 번1동
11090610,11090,강북구,번2동,25,13858.0,12945,3876.0,9833.0,13530.0,13858.0,26,23,19.4305673481218,70.95540482032038,4025.0,97.63313609467455,328.0,100.0,0.0,91.71298588219881,29.942062572421786,0.0,0.33098591549295775,0.16666666666666666,0.6619718309859155,28.9906103286385,강북구 번2동
11090620,11090,강북구,번3동,25,15620.0,12391,3796.0,11811.0,15604.0,15620.0,22,22,13.200327223668975,75.6145966709347,3809.0,99.89756722151088,16.0,100.0,0.0,70.60332479822854,30.63513840690824,0.0,0.33098591549295775,0.23591549295774647,0.647887323943662,30.369718309859156,강북구 번3동
11090630,11090,강북구,수유1동,35,19370.0,17290,4289.0,12802.0,18976.0,19370.0,34,30,7.191426736746923,66.0918946824987,6568.0,97.9659266907589,394.0,100.0,0.0,89.24939699865662,24.806246385193752,0.0,0.33098591549295775,0.40375586854460094,0.7488262910798122,37.08920187793427,강북구 수유1동
11090640,11090,강북구,수유2동,36,19850.0,17747,4843.0,12121.0,19636.0,19850.0,25,23,9.389262070805819,61.06297229219143,7729.0,98.92191435768261,214.0,100.0,0.0,92.0524022516518,27.289119287766944,0.0,0.33098591549295775,0.431924882629108,0.8403755868544601,40.08215962441315,강북구 수유2동
11090650,11090,강북구,수유3동,39,23153.0,19098,4241.0,12192.0,23153.0,23153.0,22,18,12.491148441038657,52.65840279877337,10961.0,100.0,0.0,100.0,0.0,100.37034676160796,22.206513771075507,0.0,0.33098591549295775,0.6056338028169014,0.7347417840375586,41.78403755868544,강북구 수유3동
11090690,11090,강북구,삼양동,44,22172.0,21486,4943.0,15301.0,22172.0,22172.0,38,34,12.225194592245067,69.01046364784412,6871.0,100.0,0.0,100.0,0.0,78.39994536749096,23.0056781159825,0.0,0.33098591549295775,0.5375586854460094,0.852112676056338,43.016431924882625,강북구 삼양동
11090700,11090,강북구,미아동,38,21694.0,17971,4370.0,13020.0,21287.0,21694.0,35,24,21.08281431116933,60.016594450078365,8674.0,98.12390522725177,407.0,100.0,0.0,89.0382703632204,24.316955094318622,0.0,0.33098591549295775,0.5070422535211268,0.7629107981220657,40.02347417840376,강북구 미아동
11090710,11090,강북구,송중동,45,27602.0,21780,4948.0,15150.0,24807.0,27602.0,38,31,6.096878630936786,54.88732700528948,12452.0,89.8739221795522,2795.0,100.0,0.0,106.1195534957807,22.718089990817266,0.0,0.33098591549295775,0.7769953051643192,0.8568075117370892,49.11971830985916,강북구 송중동
11090720,11090,강북구,송천동,43,23942.0,20741,5809.0,10790.0,22435.0,23942.0,28,22,4.642084816471433,45.0672458441233,13152.0,93.70562191963913,1507.0,100.0,0.0,108.65577590151324,28.007328479822576,0.0,0.33098591549295775,0.6408450704225352,0.931924882629108,47.593896713615024,강북구 송천동
11090730,11090,강북구,삼각산동,39,29068.0,19059,3181.0,16212.0,28335.0,29068.0,25,21,11.760534486592624,55.77267097839549,12856.0,97.47832668226228,733.0,100.0,0.0,91.84310567080549,16.690277559158403,0.0,0.33098591549295775,0.8145539906103286,0.4847417840375587,40.75704225352113,강북구 삼각산동
11090740,11090,강북구,우이동,35,19591.0,18042,4895.0,9422.0,18364.0,19444.0,49,45,8.50227187518384,48.09351232708897,10169.0,93.73692001429228,1227.0,99.24965545403501,147.0,119.56454253767309,27.131138454716776,0.007503445459649871,0.7582159624413145,0.41784037558685444,0.8474178403755869,50.774440596585144,강북구 우이동
11090750,11090,강북구,인수동,53,27977.0,26702,7148.0,10320.0,23428.0,26688.0,32,27,14.801139636929683,36.88744325696108,17657.0,83.74021517675233,4549.0,95.39264395753655,1289.0,134.12669550769547,26.76953037225676,0.04607356042463451,0.9389671361502347,0.7793427230046949,0.9835680751173709,68.69878736742338,강북구 인수동
11100510,11100,도봉구,쌍문1동,37,20550.0,19855,4666.0,6225.0,15342.0,20550.0,22,20,14.021375342991313,30.29197080291971,14325.0,74.65693430656934,5208.0,100.0,0.0,140.9589171787553,23.500377738604886,0.0,0.33098591549295775,0.4671361502347418,0.8169014084507042,40.375586854460096,도봉구 쌍문1동
11100520,11100,도봉구,쌍문2동,30,18593.0,14277,3525.0,11254.0,18344.0,18593.0,18,13,8.9800294393801,60.52815575754315,7339.0,98.66078631743129,249.0,100.0,0.0,89.48243693086904,24.690060937171673,0.0,0.33098591549295775,0.36619718309859156,0.5774647887323944,31.86619718309859,도봉구 쌍문2동
11100530,11100,도봉구,쌍문3동,30,16541.0,14082,3159.0,6709.0,16305.0,16541.0,11,9,11.345604931495156,40.55982105072245,9832.0,98.57324224653891,236.0,100.0,0.0,103.88903346026518,22.432893054963785,0.0,0.33098591549295775,0.2676056338028169,0.4765258215962441,26.877934272300468,도봉구 쌍문3동
11100540,11100,도봉구,쌍문4동,23,15965.0,10750,2277.0,12902.0,15652.0,15965.0,22,13,25.179299953619328,80.81428124021298,3063.0,98.03946132164108,313.0,100.0,0.0,77.09416205019095,21.18139534883721,0.0,0.33098591549295775,0.24647887323943662,0.22065727699530516,19.953051643192488,도봉구 쌍문4동
11100550,11100,도봉구,방학1동,48,25969.0,23025,5734.0,10626.0,23764.0,25969.0,23,18,13.972760592192191,40.91801763641264,15343.0,91.50910701220685,2205.0,100.0,0.0,108.77918880319068,24.903365906623236,0.0,0.33098591549295775,0.7206572769953051,0.9248826291079812,49.413145539906104,도봉구 방학1동
11100560,11100,도봉구,방학2동,32,17716.0,15961,4251.0,6477.0,16775.0,17716.0,10,10,5.701772854483171,36.56017159629713,11239.0,94.68841724994356,941.0,100.0,0.0,123.0659729331527,26.63366956957584,0.0,0.33098591549295775,0.323943661971831,0.7394366197183099,34.859154929577464,도봉구 방학2동
11100570,11100,도봉구,방학3동,38,25472.0,18667,4606.0,15735.0,25064.0,25472.0,22,21,8.89351319468712,61.773712311557794,9737.0,98.39824120603015,408.0,100.0,0.0,92.16949817205703,24.674559382868164,0.0,0.33098591549295775,0.6971830985915493,0.8051643192488263,45.83333333333333,도봉구 방학3동
11100590,11100,도봉구,창1동,37,22911.0,17977,3919.0,13084.0,22911.0,22911.0,27,26,14.648984920394325,57.107939417746934,9827.0,100.0,0.0,100.0,0.0,86.39183902168855,21.800077877287645,0.0,0.33098591549295775,0.5938967136150235,0.6713615023474179,39.906103286384976,도봉구 창1동
11100600,11100,도봉구,창2동,40,27403.0,19507,3989.0,12374.0,27047.0,27403.0,19,12,27.465436594442806,45.15563989344232,15029.0,98.70087216728095,356.0,100.0,0.0,99.58209063341171,20.449069564771623,0.0,0.33098591549295775,0.7746478873239436,0.6901408450704225,44.8943661971831,도봉구 창2동
11100610,11100,도봉구,창3동,24,12763.0,11421,2819.0,5021.0,11746.0,12763.0,9,9,32.965308939401936,39.340280498315444,7742.0,92.0316539998433,1017.0,100.0,0.0,113.78752417337463,24.682602223973383,0.0,0.33098591549295775,0.1267605633802817,0.3568075117370892,20.363849765258216,도봉구 창3동
11100620,11100,도봉구,창4동,36,26375.0,19965,3732.0,15390.0,26375.0,26375.0,37,25,3.8988347606264857,58.350710900473935,10985.0,100.0,0.0,100.0,0.0,86.56033509144784,18.692712246431253,0.0,0.33098591549295775,0.7406103286384976,0.6173708920187794,42.22417840375587,도봉구 창4동
11100630,11100,도봉구,창5동,36,22186.0,18353,3938.0,15911.0,22186.0,22186.0,27,19,10.424016397738074,71.71639772829712,6275.0,100.0,0.0,100.0,0.0,84.56940993491169,21.456982509671445,0.0,0.33098591549295775,0.539906103286385,0.6830985915492958,38.84976525821596,도봉구 창5동
11100640,11100,도봉구,도봉1동,36,19214.0,18233,5984.0,8101.0,16448.0,18641.0,41,33,11.510252941109554,42.16196523368377,11113.0,85.60424690329967,2766.0,97.01779952118247,573.0,146.84106486191635,32.819612789996164,0.029822004788175316,0.8685446009389671,0.39906103286384975,0.9460093896713615,56.08592570655884,도봉구 도봉1동
11100650,11100,도봉구,도봉2동,36,24814.0,19347,5520.0,13489.0,22448.0,24814.0,41,28,13.378360759708697,54.360441686144924,11325.0,90.46506004674781,2366.0,100.0,0.0,105.03552018502509,28.531555279888355,0.0,0.33098591549295775,0.6690140845070423,0.9061032863849765,47.652582159624416,도봉구 도봉2동
11110510,11110,노원구,월계1동,37,22435.0,18823,3733.0,13310.0,21969.0,22435.0,31,27,7.142019389715077,59.32694450635169,9125.0,97.9228883441052,466.0,100.0,0.0,95.42445675558052,19.832120278382828,0.0,0.33098591549295775,0.5586854460093896,0.6197183098591549,37.73474178403756,노원구 월계1동
11110520,11110,노원구,월계2동,38,24243.0,18233,4516.0,16689.0,24233.0,24243.0,47,40,8.934422330136007,68.8404900383616,7554.0,99.95875097966423,10.0,100.0,0.0,79.7086384827281,24.768277299402182,0.0,0.33098591549295775,0.6502347417840375,0.7910798122065728,44.3075117370892,노원구 월계2동
11110530,11110,노원구,월계3동,40,27402.0,20813,4985.0,12624.0,26494.0,27402.0,24,22,7.895645986334264,46.069629954017955,14778.0,96.68637325742647,908.0,100.0,0.0,110.15526345500166,23.951376543506463,0.0,0.33098591549295775,0.7723004694835681,0.8661971830985915,49.237089201877936,노원구 월계3동
11110560,11110,노원구,공릉2동,70,44301.0,35616,4891.0,30993.0,42556.0,43181.0,82,73,9.208283381989292,69.96004604862193,13308.0,96.06103699690752,1745.0,97.47184036477732,1120.0,80.83586088922823,13.73259209344115,0.02528159635222682,0.92018779342723,0.9812206572769953,0.8450704225352113,69.29401173979159,노원구 공릉2동
11110580,11110,노원구,하계1동,43,26030.0,22945,4352.0,19217.0,25622.0,26030.0,39,37,10.553107208453811,73.8263542066846,6813.0,98.4325777948521,408.0,100.0,0.0,77.21821895558482,18.96709522771846,0.0,0.33098591549295775,0.7241784037558685,0.7605633802816901,45.39319248826291,노원구 하계1동
11110590,11110,노원구,하계2동,30,20191.0,14596,2773.0,9552.0,17011.0,20191.0,17,14,7.663118217815179,47.30820662671487,10639.0,84.25040859789014,3180.0,100.0,0.0,120.10439955519901,18.99835571389422,0.0,0.33098591549295775,0.44366197183098594,0.3415492957746479,27.904929577464788,노원구 하계2동
11110600,11110,노원구,중계본동,27,22110.0,15226,1852.0,17263.0,21832.0,22062.0,24,19,14.069993328286413,78.07779285391226,4847.0,98.74265038444143,278.0,99.78290366350068,48.0,92.86006939177639,12.163404702482596,0.002170963364993228,0.7300469483568075,0.5234741784037559,0.13849765258215962,34.8547435676929,노원구 중계본동
11110610,11110,노원구,중계1동,35,25355.0,17896,1799.0,19059.0,25355.0,25355.0,19,18,8.15935992507221,75.16860579767304,6296.0,100.0,0.0,100.0,0.0,73.66546174388208,10.052525704067948,0.0,0.33098591549295775,0.6924882629107981,0.13380281690140844,28.93192488262911,노원구 중계1동
11110640,11110,노원구,중계4동,28,18801.0,14227,3325.0,15417.0,18796.0,18796.0,36,29,11.419447472363801,82.0009573958832,3384.0,99.97340566991117,5.0,99.97340566991117,5.0,76.82769663923303,23.371055036198776,0.00026594330088824947,0.6748826291079812,0.3732394366197183,0.5211267605633803,39.2378692397992,노원구 중계4동
11110650,11110,노원구,상계1동,61,36142.0,29476,6799.0,27320.0,36122.0,36132.0,44,43,6.34993946878591,75.59072547175032,8822.0,99.94466271927398,20.0,99.972331359637,10.0,72.34146812822327,23.06622336816393,0.00027668640362998875,0.6936619718309859,0.9460093896713615,0.9765258215962441,65.41184673755554,노원구 상계1동
11110660,11110,노원구,상계2동,33,18329.0,15543,3311.0,12664.0,18329.0,18329.0,26,20,8.54720966516353,69.09269463691417,5665.0,100.0,0.0,100.0,0.0,77.33076673684778,21.302193913658883,0.0,0.33098591549295775,0.3568075117370892,0.5117370892018779,29.988262910798124,노원구 상계2동
11110690,11110,노원구,상계5동,41,21309.0,19097,4748.0,7900.0,19526.0,21309.0,12,11,22.113722038233856,37.07353700314421,13409.0,91.63264348397391,1783.0,100.0,0.0,121.36684482671421,24.86254385505577,0.0,0.33098591549295775,0.48826291079812206,0.8262910798122066,41.13849765258216,노원구 상계5동
11110720,11110,노원구,상계8동,34,20504.0,17074,2467.0,13273.0,20504.0,20504.0,15,14,3.368844322278631,64.73371049551308,7231.0,100.0,0.0,100.0,0.0,88.47443650154976,14.448869626332437,0.0,0.33098591549295775,0.4647887323943662,0.25586854460093894,26.291079812206576,노원구 상계8동
11110730,11110,노원구,상계9동,31,19533.0,13507,2762.0,12536.0,19533.0,19533.0,17,15,7.169908054217125,64.17856960016383,6997.0,100.0,0.0,100.0,0.0,84.26272417262705,20.448656252313615,0.0,0.33098591549295775,0.4131455399061033,0.33568075117370894,26.995305164319248,노원구 상계9동
11110740,11110,노원구,상계10동,29,17832.0,14015,2402.0,10326.0,17832.0,17832.0,19,18,19.18107750503378,57.907133243607,7506.0,100.0,0.0,100.0,0.0,85.06386084853,17.138779878701392,0.0,0.33098591549295775,0.33568075117370894,0.24413145539906103,22.769953051643192,노원구 상계10동
11110760,11110,노원구,상계3·4동,43,26129.0,22285,5660.0,15331.0,24690.0,25958.0,24,23,12.1179502943925,58.674269968234526,10798.0,94.49270925025833,1439.0,99.34555474759846,171.0,112.18821512849676,25.398249943908457,0.006544452524015476,0.7769953051643192,0.7323943661971831,0.92018779342723,60.9030479328187,노원구 상계3·4동
11110770,11110,노원구,상계6·7동,49,29901.0,24073,4249.0,18911.0,29657.0,29901.0,59,55,8.540290341038157,63.24537640881576,10990.0,99.18397378014113,244.0,100.0,0.0,94.0047412015539,17.650479790636815,0.0,0.33098591549295775,0.8309859154929577,0.7370892018779343,47.47652582159624,노원구 상계6·7동
11110780,11110,노원구,중계2·3동,53,31491.0,24765,6226.0,20883.0,31491.0,31491.0,47,34,1.5307283458430898,66.3141850052396,10608.0,100.0,0.0,100.0,0.0,78.39258577480118,25.140318998586714,0.0,0.33098591549295775,0.8544600938967136,0.9530516431924883,53.462441314554,노원구 중계2·3동
11110790,11110,노원구,공릉1동,59,35637.0,29488,5815.0,19951.0,32818.0,35637.0,41,37,6.686035849081703,55.983949266212086,15686.0,92.08968207200382,2819.0,100.0,0.0,93.39386331760471,19.719886055344546,0.0,0.33098591549295775,0.931924882629108,0.9342723004694836,54.929577464788736,노원구 공릉1동
11120510,11120,은평구,녹번동,59,35011.0,28676,6534.0,13835.0,29351.0,34453.0,36,29,2.6606174270932472,39.51615206649339,21176.0,83.83365228071177,5660.0,98.40621518951187,558.0,125.74448154916625,22.785604686846142,0.015937848104881303,0.8591549295774648,0.9248826291079812,0.9624413145539906,69.06041803360795,은평구 녹번동
11120520,11120,은평구,불광1동,63,35890.0,31488,7265.0,15383.0,30244.0,35328.0,20,15,14.808905635017393,42.861521315129565,20507.0,84.26859849540263,5646.0,98.4341042073001,562.0,127.27111366991836,23.07228150406504,0.015658957926999006,0.8626760563380281,0.9389671361502347,0.9882629107981221,70.1391265303346,은평구 불광1동
11120550,11120,은평구,갈현1동,24,13465.0,11325,2744.0,3144.0,7903.0,11623.0,10,8,32.288869954255986,23.349424433717044,10321.0,58.69290753806165,5562.0,86.32008911994059,1842.0,195.42535345940001,24.229580573951434,0.1367991088005941,0.9647887323943662,0.1572769953051643,0.3286384976525822,39.687583353817665,은평구 갈현1동
11120560,11120,은평구,갈현2동,46,26686.0,24075,4958.0,4569.0,15747.0,25615.0,11,7,19.00523855728761,17.12133703065278,22117.0,59.00846886007645,10939.0,95.986659671738,1071.0,172.83809263964213,20.59397715472482,0.04013340328262005,0.9178403755868545,0.7464788732394366,0.8615023474178404,64.14887498816879,은평구 갈현2동
11120570,11120,은평구,구산동,49,30795.0,25940,5680.0,8984.0,23681.0,28549.0,24,18,7.360431797398765,29.173567137522326,21811.0,76.89884721545705,7114.0,92.70660821561943,2246.0,152.3542783082997,21.89668465690054,0.07293391784380576,0.9788732394366197,0.8403755868544601,0.9225352112676056,70.36794888506228,은평구 구산동
11120580,11120,은평구,대조동,44,26742.0,22427,4656.0,7135.0,24108.0,26742.0,15,12,10.485508476146903,26.680876523820206,19607.0,90.15032533094009,2634.0,100.0,0.0,126.51819861370838,20.760690239443527,0.0,0.33098591549295775,0.7511737089201878,0.812206572769953,47.359154929577464,은평구 대조동
11120590,11120,은평구,응암1동,50,31353.0,25405,4703.0,10322.0,29128.0,31353.0,18,13,17.119409200202384,32.92188945236501,21031.0,92.90339042515868,2225.0,100.0,0.0,126.15603362046608,18.512103916551858,0.0,0.33098591549295775,0.8450704225352113,0.8192488262910798,49.88262910798122,은평구 응암1동
11120600,11120,은평구,응암2동,46,26375.0,22857,3634.0,14310.0,24173.0,26375.0,22,14,12.717721847804997,54.25592417061611,12065.0,91.65118483412323,2202.0,100.0,0.0,106.29735166061018,15.898849367808548,0.0,0.33098591549295775,0.7406103286384976,0.5938967136150235,41.637323943661976,은평구 응암2동
11120650,11120,은평구,신사1동,42,25475.0,19925,4286.0,4968.0,11838.0,20434.0,4,3,25.712302107146566,19.501472031403335,20507.0,46.46908734052993,13637.0,80.21197252208047,5041.0,205.38084780378787,21.510664993726476,0.19788027477919523,0.9976525821596244,0.6995305164319249,0.7464788732394366,66.03855616525452,은평구 신사1동
11120660,11120,은평구,신사2동,32,18072.0,15797,3689.0,4886.0,13584.0,17152.0,11,10,9.701583655570731,27.036299247454625,13186.0,75.1660026560425,4488.0,94.90925188136343,920.0,155.63832860559174,23.352535291511046,0.05090748118636568,0.9061032863849765,0.34976525821596244,0.6009389671361502,47.69287482308637,은평구 신사2동
11120670,11120,은평구,증산동,28,16273.0,14180,3036.0,4734.0,10711.0,15562.0,12,8,4.131806592944802,29.0911325508511,11539.0,65.82068456953235,5562.0,95.63079948380754,711.0,162.33219835753013,21.410437235543018,0.04369200516192462,0.8873239436619719,0.25586854460093894,0.4295774647887324,40.41154895533919,은평구 증산동
11120680,11120,은평구,수색동,33,20397.0,15659,2661.0,9549.0,18768.0,20087.0,21,15,21.221750448388494,46.81570819238124,10848.0,92.01353140167672,1629.0,98.48016865225279,310.0,115.67928449751494,16.99342231304681,0.015198313477472136,0.8004694835680751,0.460093896713615,0.3004694835680751,39.40577943318093,은평구 수색동
11120710,11120,은평구,진관동,94,51998.0,47460,8714.0,12404.0,35153.0,44057.0,56,35,7.638451955209882,23.854763644755568,39594.0,67.60452325089426,16845.0,84.72825877918382,7941.0,191.5983930798342,18.36072482090181,0.15271741220816182,1.0,1.0,1.0,78.81793530520405,은평구 진관동
11120720,11120,은평구,불광2동,41,25744.0,20589,5123.0,8279.0,22527.0,25596.0,19,18,5.0278588742060855,32.15894965817278,17465.0,87.5038844002486,3217.0,99.42510876320696,148.0,132.57387627053922,24.882218660449755,0.005748912367930403,0.7605633802816901,0.7136150234741784,0.8873239436619719,59.18128149464427,은평구 불광2동
11120730,11120,은평구,응암3동,41,23134.0,19750,5126.0,6331.0,17930.0,23076.0,13,10,1.5941014667816837,27.36664649433734,16803.0,77.5049710382986,5204.0,99.7492867640702,58.0,141.8758522340755,25.954430379746835,0.0025071323592978922,0.7347417840375586,0.6032863849765259,0.8896713615023474,55.75516657189324,은평구 응암3동
11120740,11120,은평구,역촌동,69,41326.0,34096,7396.0,11229.0,32579.0,41326.0,15,14,18.811865372277587,27.17175627933988,30097.0,78.83414799399894,8747.0,100.0,0.0,144.02985258044615,21.69169404035664,0.0,0.33098591549295775,0.9765258215962441,0.9929577464788732,57.51173708920187,은평구 역촌동
11130520,11130,서대문구,천연동,29,16690.0,12843,2638.0,12711.0,16690.0,16690.0,38,35,10.75264304336184,76.15937687237867,3979.0,100.0,0.0,100.0,0.0,65.92292878041043,20.54037218718368,0.0,0.33098591549295775,0.27699530516431925,0.2863849765258216,22.359154929577464,서대문구 천연동
11130620,11130,서대문구,홍제1동,43,23748.0,20570,4274.0,14443.0,23748.0,23748.0,21,21,0.6028040798682001,60.817753073943074,9305.0,100.0,0.0,100.0,0.0,91.3886962034226,20.777831793874572,0.0,0.33098591549295775,0.6267605633802817,0.744131455399061,42.54694835680751,서대문구 홍제1동
11130640,11130,서대문구,홍제3동,29,17634.0,14548,3417.0,10015.0,17634.0,17634.0,25,24,10.096191460831319,56.793694000226836,7619.0,100.0,0.0,100.0,0.0,85.71878938324919,23.48776464118779,0.0,0.33098591549295775,0.31690140845070425,0.5516431924882629,29.988262910798124,서대문구 홍제3동
11130650,11130,서대문구,홍제2동,20,12133.0,9486,2101.0,8183.0,12100.0,12133.0,11,10,22.957679888567352,67.44416055386137,3950.0,99.72801450589301,33.0,100.0,0.0,81.76301025062706,22.14842926417879,0.0,0.33098591549295775,0.11267605633802817,0.18544600938967137,15.727699530516432,서대문구 홍제2동
11130660,11130,서대문구,홍은1동,37,20390.0,18015,4196.0,11838.0,16900.0,20266.0,19,19,4.810698605590961,58.05787150564002,8552.0,82.88376655223149,3490.0,99.39185875429132,124.0,113.95460536915938,23.291701359977797,0.006081412457086821,0.7535211267605634,0.45774647887323944,0.7276995305164319,48.62621371518304,서대문구 홍은1동
11130680,11130,서대문구,홍은2동,52,28660.0,26257,5078.0,10820.0,25669.0,27884.0,42,39,11.536101442853708,37.7529658060014,17840.0,89.56385205861828,2991.0,97.29239357990231,776.0,126.14426682000125,19.33960467684808,0.027076064200976857,0.8943661971830986,0.8028169014084507,0.8802816901408451,65.11352132333428,서대문구 홍은2동
11130690,11130,서대문구,남가좌1동,25,16587.0,11667,1629.0,12953.0,16587.0,16587.0,23,22,8.450777108870438,78.09127630071742,3634.0,100.0,0.0,100.0,0.0,70.16048018261921,13.96245821547956,0.0,0.33098591549295775,0.2699530516431925,0.09154929577464789,17.312206572769952,서대문구 남가좌1동
11130700,11130,서대문구,남가좌2동,53,30416.0,24969,4114.0,21553.0,30411.0,30416.0,20,19,5.496829624157491,70.86073119410837,8863.0,99.98356128353498,5.0,100.0,0.0,81.32275110690364,16.476430774159958,0.0,0.33098591549295775,0.8356807511737089,0.7183098591549296,47.124413145539904,서대문구 남가좌2동
11130710,11130,서대문구,북가좌1동,28,16830.0,13011,2649.0,11597.0,15328.0,16830.0,14,14,1.299357090061569,68.90671420083186,5233.0,91.07546048722519,1502.0,100.0,0.0,95.65206685703076,20.35969564214895,0.0,0.33098591549295775,0.28169014084507044,0.29225352112676056,22.62323943661972,서대문구 북가좌1동
11130720,11130,서대문구,북가좌2동,49,29494.0,24561,5439.0,9014.0,24017.0,29494.0,9,7,8.68665584250828,30.562148233539027,20480.0,81.4301213806198,5477.0,100.0,0.0,132.921207486348,22.144863808476853,0.0,0.33098591549295775,0.823943661971831,0.903755868544601,51.46713615023475,서대문구 북가좌2동
11130730,11130,서대문구,충현동,32,19392.0,16109,3028.0,9668.0,18225.0,19274.0,49,44,4.548169108106423,49.85561056105611,9724.0,93.98205445544554,1167.0,99.39150165016501,118.0,99.75316333726249,18.796945806691912,0.00608498349834985,0.7511737089201878,0.4061032863849765,0.4225352112676056,39.647429751778,서대문구 충현동
11130740,11130,서대문구,북아현동,24,14759.0,11274,1750.0,8568.0,12856.0,14759.0,12,11,10.676690723963857,58.052713598482285,6191.0,87.10617250491227,1903.0,100.0,0.0,95.56876733243507,15.522441014724144,0.0,0.33098591549295775,0.20657276995305165,0.12206572769953052,16.490610328638496,서대문구 북아현동
11130750,11130,서대문구,신촌동,47,32662.0,30495,1726.0,14904.0,26423.0,32158.0,39,39,9.20163662481219,45.63100851142,17758.0,80.89829159267651,6239.0,98.45692241748822,504.0,120.81315441971893,5.659944253156255,0.01543077582511787,0.8427230046948356,0.8802816901408451,0.11502347417840375,46.336473620980065,서대문구 신촌동
11130760,11130,서대문구,연희동,68,35605.0,34107,5856.0,12797.0,29276.0,35345.0,45,37,8.714972919657317,35.94158123859009,22808.0,82.22440668445444,6329.0,99.26976548237607,260.0,133.3184207010447,17.169495997888998,0.007302345176239289,0.7922535211267606,0.9295774647887324,0.9366197183098591,66.64382623503978,서대문구 연희동
11140590,11140,마포구,용강동,30,20895.0,15737,2281.0,13411.0,19829.0,20890.0,33,23,11.0083622893108,64.18281885618569,7484.0,94.8983010289543,1066.0,99.9760708303422,5.0,89.25396513651567,14.494503399631443,0.00023929169657810334,0.6748826291079812,0.4765258215962441,0.22300469483568075,34.36631093091211,마포구 용강동
11140600,11140,마포구,대흥동,32,17140.0,15205,1745.0,13460.0,17112.0,17140.0,44,37,10.844477338078795,78.52975495915986,3680.0,99.83663943990665,28.0,100.0,0.0,76.77327541313102,11.476487997369286,0.0,0.33098591549295775,0.29577464788732394,0.11971830985915492,18.661971830985916,마포구 대흥동
11140610,11140,마포구,염리동,25,17123.0,11708,1519.0,8924.0,17123.0,17123.0,33,14,18.313385562752515,52.117035566197515,8199.0,100.0,0.0,100.0,0.0,94.09641584384073,12.974034847967204,0.0,0.33098591549295775,0.2934272300469484,0.06807511737089202,17.312206572769952,마포구 염리동
11140630,11140,마포구,신수동,38,22129.0,17422,2682.0,10012.0,20599.0,22129.0,11,8,26.889040198523013,45.243797731483575,12117.0,93.0859957521804,1530.0,100.0,0.0,119.07938922801006,15.394329009298588,0.0,0.33098591549295775,0.528169014084507,0.3028169014084507,29.049295774647888,마포구 신수동
11140660,11140,마포구,서교동,49,25734.0,24730,3117.0,10054.0,21879.0,25147.0,54,30,11.362142821715098,39.06893603792648,15680.0,85.01981813942643,3855.0,97.7189710111137,587.0,126.8813940703465,12.60412454508694,0.022810289888863022,0.8744131455399061,0.710093896713615,0.4647887323943662,51.80265161341876,마포구 서교동
11140680,11140,마포구,합정동,30,15538.0,14606,2416.0,6284.0,14382.0,15533.0,14,11,10.885757362609555,40.44278542927018,9254.0,92.5601750547046,1156.0,99.96782082636118,5.0,119.61328119829699,16.54114747364097,0.0003217917363882439,0.6748826291079812,0.2323943661971831,0.24647887323943662,28.85194150702473,마포구 합정동
11140690,11140,마포구,망원1동,35,18915.0,17368,3180.0,6195.0,17625.0,18915.0,11,10,23.995556949136084,32.75178429817605,12720.0,93.18001586042823,1290.0,100.0,0.0,123.20652006854114,18.309534776600643,0.0,0.33098591549295775,0.37910798122065725,0.4812206572769953,29.782863849765256,마포구 망원1동
11140700,11140,마포구,망원2동,29,16884.0,14627,2715.0,8250.0,14562.0,16563.0,15,11,21.568301938950754,48.86282871357498,8634.0,86.24733475479745,2322.0,98.09879175550817,321.0,115.15695413627562,18.561564230532575,0.019012082444918255,0.8028169014084507,0.2863849765258216,0.31690140845070425,35.62788422074737,마포구 망원2동
11140710,11140,마포구,연남동,27,14859.0,13597,2227.0,2167.0,9969.0,13876.0,7,5,12.124808864512655,14.583753953832693,12692.0,67.0906521300222,4890.0,93.38448078605559,983.0,176.22224637959206,16.378612929322646,0.0661551921394441,0.9131455399061033,0.20892018779342722,0.2136150234741784,35.045898582828826,마포구 연남동
11140720,11140,마포구,성산1동,35,18053.0,17967,3047.0,3029.0,9592.0,16343.0,15,7,27.062100132203163,16.778374785354234,15024.0,53.1324433612142,8461.0,90.52789010136819,1710.0,192.77255815293003,16.95886903768019,0.09472109898631809,0.9553990610328639,0.3474178403755869,0.43427230046948356,45.79525752160632,마포구 성산1동
11140730,11140,마포구,성산2동,54,37457.0,29785,5091.0,16527.0,37239.0,37457.0,44,32,11.05907275696757,44.12259390768081,20930.0,99.41799930587074,218.0,100.0,0.0,114.29843277772773,17.092496222931004,0.0,0.33098591549295775,0.9530516431924883,0.8826291079812206,54.166666666666664,마포구 성산2동
11140740,11140,마포구,상암동,54,28981.0,26091,3740.0,14797.0,28766.0,28981.0,80,51,7.833237306580249,51.05758945516028,14184.0,99.25813463993651,215.0,100.0,0.0,96.59464726809871,14.33444482771837,0.0,0.33098591549295775,0.812206572769953,0.6220657276995305,44.13145539906103,마포구 상암동
11140750,11140,마포구,도화동,36,20120.0,17061,3318.0,9989.0,20120.0,20120.0,20,13,10.285783858395089,49.64711729622267,10131.0,100.0,0.0,100.0,0.0,92.65094385438366,19.44786354844382,0.0,0.33098591549295775,0.4413145539906103,0.5140845070422535,32.159624413145536,마포구 도화동
11140760,11140,마포구,서강동,45,25159.0,21325,2711.0,13880.0,22706.0,25159.0,35,27,9.661470738268765,55.169124369013076,11279.0,90.25000993680194,2453.0,100.0,0.0,99.69333731778694,12.712778429073857,0.0,0.33098591549295775,0.6807511737089202,0.31220657276995306,33.098591549295776,마포구 서강동
11140770,11140,마포구,공덕동,56,33476.0,26706,4409.0,19159.0,32565.0,33476.0,37,25,9.307779401291048,57.23204683952683,14317.0,97.27864738917434,911.0,100.0,0.0,100.48091728400982,16.50939863701041,0.0,0.33098591549295775,0.892018779342723,0.7769953051643192,50.0,마포구 공덕동
11140780,11140,마포구,아현동,41,27120.0,19575,2558.0,20100.0,27120.0,27120.0,32,25,12.25998011505552,74.11504424778761,7020.0,100.0,0.0,100.0,0.0,77.56102181709261,13.067688378033203,0.0,0.33098591549295775,0.7629107981220657,0.2652582159624413,33.978873239436616,마포구 아현동
11150510,11150,양천구,목1동,39,28617.0,23494,2773.0,13601.0,27304.0,28617.0,57,27,11.070381516373434,47.52769332914002,15016.0,95.41181815005066,1313.0,100.0,0.0,101.01524290182601,11.803013535370734,0.0,0.33098591549295775,0.8004694835680751,0.3415492957746479,36.82511737089202,양천구 목1동
11150520,11150,양천구,목2동,47,28056.0,23018,3731.0,5290.0,20379.0,26619.0,8,8,19.718731410282867,18.855146849158825,22766.0,72.63686911890504,7677.0,94.8781009409752,1437.0,163.10683098894984,16.209053783995135,0.05121899059024804,0.9483568075117371,0.7816901408450704,0.6150234741784038,59.90723532813649,양천구 목2동
11150530,11150,양천구,목3동,30,18930.0,15322,2801.0,7875.0,18402.0,18930.0,7,7,9.967446331512493,41.60063391442155,11055.0,97.2107765451664,528.0,100.0,0.0,111.24423542018836,18.28090327633468,0.0,0.33098591549295775,0.3826291079812207,0.352112676056338,26.643192488262912,양천구 목3동
11150540,11150,양천구,목4동,37,23367.0,17285,2607.0,5103.0,17056.0,23367.0,10,4,16.01646940316569,21.838490178456798,18264.0,72.99182607951384,6311.0,100.0,0.0,148.2528348678381,15.082441423199306,0.0,0.33098591549295775,0.6150234741784038,0.27699530516431925,30.57511737089202,양천구 목4동
11150570,11150,양천구,신월1동,38,19024.0,16978,4269.0,8788.0,16707.0,19024.0,14,11,9.509863793132103,46.19428090832633,10236.0,87.82064760302775,2317.0,100.0,0.0,115.27341062543208,25.144304393921544,0.0,0.33098591549295775,0.3873239436619718,0.7417840375586855,36.502347417840376,양천구 신월1동
11150580,11150,양천구,신월2동,32,20324.0,15875,3631.0,7090.0,15999.0,20324.0,7,6,10.607997642015498,34.88486518401889,13234.0,78.71974020862035,4325.0,100.0,0.0,145.12801050319624,22.872440944881888,0.0,0.33098591549295775,0.45305164319248825,0.5915492957746479,34.38967136150235,양천구 신월2동
11150590,11150,양천구,신월3동,25,13849.0,12649,3090.0,8074.0,13686.0,13849.0,23,21,4.9073994331909105,58.30023828435266,5775.0,98.82301971261462,163.0,100.0,0.0,101.67053406045021,24.42880860147047,0.0,0.33098591549295775,0.1643192488262911,0.45305164319248825,23.708920187793428,양천구 신월3동
11150600,11150,양천구,신월4동,31,16429.0,14911,3363.0,5362.0,14380.0,16424.0,7,5,29.79597152488223,32.63740945888368,11067.0,87.52815143952766,2049.0,99.96956601132145,5.0,130.57934914456789,22.553819328012874,0.0003043398867855762,0.6748826291079812,0.26291079812206575,0.5328638497652582,36.774040422052266,양천구 신월4동
11150610,11150,양천구,신월5동,24,13462.0,11910,2312.0,7174.0,13170.0,13462.0,15,14,12.80010593177492,53.29074431733769,6288.0,97.83093151091963,292.0,100.0,0.0,98.83244356671273,19.412258606213268,0.0,0.33098591549295775,0.15492957746478872,0.2323943661971831,17.95774647887324,양천구 신월5동
11150620,11150,양천구,신월6동,22,13144.0,10151,1504.0,4673.0,11092.0,13144.0,9,9,3.8597455550775357,35.55234327449787,8471.0,84.38831405964699,2052.0,100.0,0.0,113.59311769982094,14.816274258693724,0.0,0.33098591549295775,0.13615023474178403,0.06103286384976526,13.204225352112676,양천구 신월6동
11150630,11150,양천구,신월7동,36,17849.0,17120,4482.0,5589.0,15890.0,17849.0,27,15,15.645988539176392,31.312678581433133,12260.0,89.02459521541823,1959.0,100.0,0.0,127.07644867616168,26.179906542056074,0.0,0.33098591549295775,0.3380281690140845,0.784037558685446,36.32629107981221,양천구 신월7동
11150640,11150,양천구,신정1동,35,19160.0,16849,2625.0,7687.0,17213.0,19160.0,11,10,27.88535489575659,40.120041753653446,11473.0,89.83820459290189,1947.0,100.0,0.0,123.9035562328253,15.579559617781472,0.0,0.33098591549295775,0.3967136150234742,0.28169014084507044,25.234741784037563,양천구 신정1동
11150650,11150,양천구,신정2동,30,17937.0,12860,2058.0,11238.0,17448.0,17937.0,13,7,10.480509025451232,62.65261749456431,6699.0,97.27379160394715,489.0,100.0,0.0,91.22667360453778,16.003110419906687,0.0,0.33098591549295775,0.3427230046948357,0.1784037558685446,21.302816901408452,양천구 신정2동
11150660,11150,양천구,신정3동,82,47861.0,40386,7223.0,22988.0,46648.0,47861.0,57,40,11.287693661069094,48.03075573013518,24873.0,97.46557740122438,1213.0,100.0,0.0,104.63894268654204,17.88491061258852,0.0,0.33098591549295775,0.9929577464788732,0.9859154929577465,57.74647887323944,양천구 신정3동
11150690,11150,양천구,신정6동,39,22497.0,19183,2688.0,9322.0,21487.0,22497.0,38,22,19.116923540363842,41.436635995910564,13175.0,95.51051251277947,1010.0,100.0,0.0,111.03531411705723,14.012406818537245,0.0,0.33098591549295775,0.5657276995305164,0.3051643192488263,30.046948356807512,양천구 신정6동
11150700,11150,양천구,신정7동,42,27057.0,21039,4097.0,8844.0,24222.0,27057.0,18,16,15.490965330947587,32.68655061536756,18213.0,89.52211996895443,2835.0,100.0,0.0,125.32484770664585,19.47335899995247,0.0,0.33098591549295775,0.7605633802816901,0.7089201877934272,45.01173708920188,양천구 신정7동
11150710,11150,양천구,목5동,64,38559.0,33722,4541.0,12900.0,31465.0,38559.0,24,19,19.383208232889398,33.45522446121528,25659.0,81.6022199745844,7094.0,100.0,0.0,139.26023305202222,13.46598659628729,0.0,0.33098591549295775,0.960093896713615,0.795774647887324,52.17136150234742,양천구 목5동
11150720,11150,양천구,신정4동,56,30823.0,27667,5766.0,12521.0,28649.0,30823.0,21,16,5.77719659047482,40.62226259611329,18302.0,92.94682542257405,2174.0,100.0,0.0,112.1502518882592,20.84071276249684,0.0,0.33098591549295775,0.8427230046948356,0.9295774647887324,52.58215962441315,양천구 신정4동
11160510,11160,강서구,염창동,62,39596.0,30055,3845.0,20205.0,39284.0,39596.0,32,24,1.339073401342212,51.02788160420244,19391.0,99.2120416203657,312.0,100.0,0.0,96.6656016764162,12.793212443852935,0.0,0.33098591549295775,0.971830985915493,0.6572769953051644,49.002347417840376,강서구 염창동
11160520,11160,강서구,등촌1동,34,24582.0,19272,2515.0,12066.0,22670.0,24582.0,15,12,25.198319135743752,49.08469611911154,12516.0,92.22195102107233,1912.0,100.0,0.0,117.85382155732452,13.050020755500208,0.0,0.33098591549295775,0.6596244131455399,0.26291079812206575,31.338028169014088,강서구 등촌1동
11160530,11160,강서구,등촌2동,33,19600.0,16120,3050.0,5741.0,14080.0,19552.0,18,12,13.912325972233738,29.29081632653061,13859.0,71.83673469387755,5520.0,99.75510204081633,48.0,158.20873153417688,18.92059553349876,0.002448979591836764,0.7300469483568075,0.42018779342723006,0.43661971830985913,39.732585992143335,강서구 등촌2동
11160540,11160,강서구,등촌3동,49,29286.0,23084,5954.0,23872.0,29221.0,29286.0,45,38,22.93180927061926,81.51335108925767,5414.0,99.77805094584443,65.0,100.0,0.0,75.2727582363773,25.792756887887712,0.0,0.33098591549295775,0.8192488262910798,0.9413145539906104,52.2887323943662,강서구 등촌3동
11160550,11160,강서구,화곡본동,52,31392.0,26192,4457.0,8541.0,26348.0,31061.0,12,11,7.9617511170478705,27.20756880733945,22851.0,83.93221202854231,5044.0,98.94559123343527,331.0,135.37923489643185,17.016646304215026,0.010544087665647295,0.8051643192488263,0.8497652582159625,0.7816901408450704,61.17909514938766,강서구 화곡본동
11160570,11160,강서구,화곡2동,26,16124.0,13220,2594.0,4194.0,10930.0,16124.0,5,4,17.385070322628664,26.01091540560655,11930.0,67.78714959067229,5194.0,100.0,0.0,163.60556092843322,19.62178517397882,0.0,0.33098591549295775,0.2535211267605634,0.2746478873239437,21.47887323943662,강서구 화곡2동
11160580,11160,강서구,화곡3동,35,20334.0,17907,4101.0,6050.0,17087.0,20334.0,7,6,14.877603995731127,29.7531228484312,14284.0,84.03167109275105,3247.0,100.0,0.0,133.67077408979625,22.901658569274584,0.0,0.33098591549295775,0.45539906103286387,0.7136150234741784,37.5,강서구 화곡3동
11160590,11160,강서구,화곡4동,32,19111.0,16616,3786.0,5306.0,13105.0,19111.0,12,11,23.72589785753757,27.76411490764481,13805.0,68.5730730992622,6006.0,100.0,0.0,154.69915960490732,22.78526721232547,0.0,0.33098591549295775,0.39436619718309857,0.6431924882629108,34.213615023474176,강서구 화곡4동
11160610,11160,강서구,화곡6동,43,24927.0,21155,3856.0,12760.0,24345.0,24927.0,19,14,7.256028020416745,51.189473261924824,12167.0,97.66518233241064,582.0,100.0,0.0,103.01980362710314,18.227369416213662,0.0,0.33098591549295775,0.676056338028169,0.6596244131455399,41.666666666666664,강서구 화곡6동
11160630,11160,강서구,화곡8동,33,23848.0,16923,3665.0,3355.0,14331.0,22426.0,7,6,21.340868244705124,14.068265682656827,20493.0,60.093089567259305,9517.0,94.03723582690372,1422.0,181.78947157623193,21.656916622348284,0.0596276417309628,0.9436619718309859,0.6384976525821596,0.596244131455399,55.950784939987685,강서구 화곡8동
11160650,11160,강서구,가양2동,23,13451.0,10976,3798.0,5494.0,13214.0,13451.0,16,12,31.67672992475319,40.844546873838375,7957.0,98.2380492156717,237.0,100.0,0.0,106.93032986425017,34.602769679300295,0.0,0.33098591549295775,0.15258215962441316,0.6502347417840375,28.345070422535212,강서구 가양2동
11160660,11160,강서구,가양3동,20,12875.0,10441,3327.0,10786.0,12875.0,12875.0,17,15,27.98593806077456,83.7747572815534,2089.0,100.0,0.0,100.0,0.0,72.20385595617466,31.86476391150273,0.0,0.33098591549295775,0.12910798122065728,0.5234741784037559,24.589201877934272,강서구 가양3동
11160670,11160,강서구,발산1동,61,34100.0,30639,5068.0,16426.0,33588.0,34087.0,51,37,21.29932526909038,48.17008797653959,17674.0,98.49853372434018,512.0,99.96187683284458,13.0,107.76078631812558,16.541009824080422,0.00038123167155423854,0.6995305164319249,0.903755868544601,0.8755868544600939,61.98136177770435,강서구 발산1동
11160690,11160,강서구,공항동,54,29536.0,25970,4001.0,11909.0,24240.0,28406.0,74,47,8.82799782677959,40.32028710725894,17627.0,82.06933911159263,5296.0,96.17416034669556,1130.0,130.52347821821482,15.406237966884866,0.038258396533044414,0.9225352112676056,0.8262910798122066,0.6948356807511737,62.04800920910076,강서구 공항동
11160700,11160,강서구,방화1동,74,40559.0,35807,6461.0,16627.0,38748.0,40559.0,42,26,6.350674643380503,40.994600458591194,23932.0,95.5348997756355,1811.0,100.0,0.0,109.72327830959601,18.043957885329682,0.0,0.33098591549295775,0.9741784037558685,0.960093896713615,56.631455399061025,강서구 방화1동
11160710,11160,강서구,방화2동,43,22049.0,20033,4631.0,6355.0,14623.0,21564.0,44,36,17.59923821377823,28.822168805841535,15694.0,66.32046804843758,7426.0,97.80035375754002,485.0,157.29702690203504,23.11685718564369,0.02199646242459974,0.8380281690140845,0.5164319248826291,0.8075117370892019,54.599207335262875,강서구 방화2동
11160730,11160,강서구,화곡1동,76,49016.0,39221,7597.0,16315.0,41164.0,48661.0,23,15,5.460441599814272,33.28504977966379,32701.0,83.98074098253632,7852.0,99.27574669495675,355.0,131.19889288170432,19.369725402208,0.0072425330504324315,0.8098591549295775,0.9953051643192489,0.9953051643192489,70.1928004154627,강서구 화곡1동
11160740,11160,강서구,우장산동,63,42345.0,30737,5163.0,14446.0,36294.0,41773.0,19,16,19.463819997741467,34.11500767505019,27899.0,85.7102373361672,6051.0,98.6491911677884,572.0,130.3805584753364,16.797345219117023,0.01350808832211603,0.8661971830985915,0.9788732394366197,0.892018779342723,68.76493225500126,강서구 우장산동
11160751,11160,강서구,가양1동,44,31474.0,28889,2895.0,17423.0,30394.0,31474.0,162,83,13.671722615997107,55.3568024401093,14051.0,96.56859630170935,1080.0,100.0,0.0,97.25660515247145,10.021115303402679,0.0,0.33098591549295775,0.852112676056338,0.38967136150234744,39.31924882629108,강서구 가양1동
11160761,11160,강서구,방화3동,36,20624.0,17656,4828.0,13370.0,19806.0,20624.0,34,26,32.190747007032606,64.82738557020946,7254.0,96.03374709076805,818.0,100.0,0.0,92.2016694352635,27.344811961939286,0.0,0.33098591549295775,0.4694835680751174,0.8380281690140845,40.962441314553985,강서구 방화3동
11170510,11170,구로구,신도림동,50,34886.0,27030,4105.0,17082.0,32128.0,34886.0,25,16,12.089539057696873,48.965200940205236,17804.0,92.09424984234363,2758.0,100.0,0.0,111.42020280154438,15.186829448760635,0.0,0.33098591549295775,0.92018779342723,0.715962441314554,49.178403755868544,구로구 신도림동
11170520,11170,구로구,구로1동,28,19718.0,15532,2359.0,10680.0,18602.0,19121.0,14,11,21.675802172231943,54.1637082868445,9038.0,94.34019677452075,1116.0,96.97230956486459,597.0,101.43520007261617,15.187998969868657,0.030276904351354106,0.8779342723004695,0.4225352112676056,0.23708920187793428,39.195889744934085,구로구 구로1동
11170540,11170,구로구,구로3동,40,25726.0,22347,3395.0,15409.0,25726.0,25726.0,51,41,1.2473794453905078,59.89660265878878,10317.0,100.0,0.0,100.0,0.0,90.6388482021649,15.192195820468072,0.0,0.33098591549295775,0.7065727699530516,0.5422535211267606,39.49530516431925,구로구 구로3동
11170550,11170,구로구,구로4동,34,24777.0,17713,4316.0,12565.0,23526.0,24777.0,12,12,10.447433475033497,50.71235419945918,12212.0,94.95096258626953,1251.0,100.0,0.0,108.3765127341962,24.366284649692314,0.0,0.33098591549295775,0.6666666666666666,0.755868544600939,43.83802816901409,구로구 구로4동
11170560,11170,구로구,구로5동,48,32474.0,26229,4765.0,18606.0,29202.0,32474.0,31,23,17.215189830225643,57.29506682268892,13868.0,89.92424708997969,3272.0,100.0,0.0,100.92216371342295,18.166914483968128,0.0,0.33098591549295775,0.8732394366197183,0.8286384976525821,50.82159624413145,구로구 구로5동
11170610,11170,구로구,고척1동,43,26834.0,21420,4290.0,13441.0,25708.0,26834.0,25,18,19.065292863015962,50.08943877170754,13393.0,95.80383096072147,1126.0,100.0,0.0,103.36587129221668,20.028011204481793,0.0,0.33098591549295775,0.7582159624413145,0.7511737089201878,46.009389671361504,구로구 고척1동
11170620,11170,구로구,고척2동,42,24952.0,20956,4947.0,9672.0,21350.0,24952.0,15,15,9.727608704208903,38.76242385379929,15280.0,85.56428342417442,3602.0,100.0,0.0,119.66860243360568,23.606604313800343,0.0,0.33098591549295775,0.6784037558685446,0.8544600938967136,46.5962441314554,구로구 고척2동
11170640,11170,구로구,개봉2동,42,28733.0,20345,5058.0,11860.0,23010.0,27304.0,13,8,22.003811283323977,41.27658093481363,16873.0,80.08213552361396,5723.0,95.02662443879859,1429.0,138.45363728383066,24.861145244531826,0.0497337556120141,0.9460093896713615,0.8098591549295775,0.8708920187793427,66.91235797480739,구로구 개봉2동
11170650,11170,구로구,개봉3동,30,19441.0,15304,3783.0,3918.0,14123.0,18854.0,11,9,10.283508064953896,20.153284296075306,15523.0,72.64544004938017,5318.0,96.98060799341597,587.0,150.4348101310092,24.71902770517512,0.03019392006584032,0.8744131455399061,0.4107981220657277,0.6384976525821596,48.84757100634084,구로구 개봉3동
11170670,11170,구로구,오류1동,34,23070.0,18287,3595.0,6692.0,16403.0,20785.0,10,10,11.500063818242362,29.007368877329863,16378.0,71.1009969657564,6667.0,90.09536194191591,2285.0,160.0609787379837,19.658773992453657,0.09904638058084092,0.9812206572769953,0.6009389671361502,0.5892018779342723,56.76019707320646,구로구 오류1동
11170690,11170,구로구,수궁동,38,22154.0,21947,4959.0,5911.0,15572.0,20323.0,21,17,20.621862618626107,26.681411934639343,16243.0,70.2897896542385,6582.0,91.73512683939695,1831.0,160.15966961558095,22.59534332710621,0.08264873160603048,0.9624413145539906,0.5352112676056338,0.863849765258216,61.103776975596766,구로구 수궁동
11170700,11170,구로구,가리봉동,27,14694.0,14576,3044.0,5880.0,13204.0,14694.0,3,3,14.628222973738675,40.01633319722336,8814.0,89.85980672383286,1490.0,100.0,0.0,129.0637949856813,20.88364434687157,0.0,0.33098591549295775,0.19483568075117372,0.431924882629108,23.943661971830988,구로구 가리봉동
11170710,11170,구로구,구로2동,60,34803.0,29656,6627.0,7347.0,24106.0,33617.0,20,16,13.351899195964576,21.110249116455478,27456.0,69.26414389564118,10697.0,96.59224779473034,1186.0,167.92395304084502,22.34623684920421,0.03407752205269654,0.9295774647887324,0.9178403755868545,0.9694835680751174,71.27447326258502,구로구 구로2동
11170720,11170,구로구,개봉1동,54,34498.0,27478,6574.0,11482.0,24794.0,34498.0,14,12,6.507114808615969,33.28308887471738,23016.0,71.87083309177343,9704.0,100.0,0.0,141.99404020828783,23.92459422083121,0.0,0.33098591549295775,0.9154929577464789,0.9671361502347418,55.34037558685445,구로구 개봉1동
11170730,11170,구로구,오류2동,68,35824.0,33760,7298.0,15312.0,29299.0,33821.0,55,49,7.155240123848211,42.742295667708795,20512.0,81.78595355069227,6525.0,94.4087762393926,2003.0,132.4423979303447,21.61729857819905,0.05591223760607411,0.971830985915493,0.9366197183098591,0.9906103286384976,73.8743317617481,구로구 오류2동
11170740,11170,구로구,항동,30,16284.0,15870,1858.0,6065.0,12242.0,15702.0,19,16,38.44075828280636,37.24514861213461,10219.0,75.17808892164088,4042.0,96.42593957258659,582.0,145.8110495844621,11.707624448645243,0.03574060427413417,0.8708920187793427,0.25821596244131456,0.1431924882629108,32.70102684394256,구로구 항동
11180510,11180,금천구,가산동,36,28716.0,23594,2620.0,12352.0,26054.0,28716.0,49,36,8.942556981894493,43.01434740214515,16364.0,90.72990667223847,2662.0,100.0,0.0,115.28941033511305,11.10451809782148,0.0,0.33098591549295775,0.8075117370892019,0.2793427230046948,35.44600938967136,금천구 가산동
11180520,11180,금천구,독산1동,74,49468.0,37517,5062.0,33953.0,49328.0,49468.0,56,47,2.6709068630641903,68.63629012695075,15515.0,99.71698876041077,140.0,100.0,0.0,83.39040284449291,13.492550043980062,0.0,0.33098591549295775,0.9976525821596244,0.8732394366197183,55.046948356807505,금천구 독산1동
11180530,11180,금천구,독산2동,35,19092.0,16957,3707.0,8090.0,18241.0,19092.0,13,10,17.39568478757484,42.37376911795516,11002.0,95.54263565891473,851.0,100.0,0.0,117.42190651044542,21.861178274458926,0.0,0.33098591549295775,0.392018779342723,0.6103286384976526,33.333333333333336,금천구 독산2동
11180540,11180,금천구,독산3동,48,28661.0,25722,5548.0,16289.0,27133.0,28661.0,25,19,11.068787813872989,56.83332751823035,12372.0,94.66871358291755,1528.0,100.0,0.0,100.96046290567006,21.569084830106526,0.0,0.33098591549295775,0.8051643192488263,0.9107981220657277,51.1737089201878,금천구 독산3동
11180550,11180,금천구,독산4동,31,17033.0,15315,3230.0,6305.0,14601.0,17033.0,14,10,6.134451551095832,37.01637996829684,10728.0,85.72183408677273,2432.0,100.0,0.0,120.92266225140958,21.09043421482207,0.0,0.33098591549295775,0.2887323943661972,0.4953051643192488,27.875586854460092,금천구 독산4동
11180570,11180,금천구,시흥1동,60,34171.0,30180,6801.0,15503.0,30041.0,34171.0,50,28,13.143097321651794,45.36888004448216,18668.0,87.91372801498346,4130.0,100.0,0.0,116.32497598382801,22.53479125248509,0.0,0.33098591549295775,0.9084507042253521,0.9788732394366197,55.45774647887325,금천구 시흥1동
11180580,11180,금천구,시흥2동,32,20197.0,15581,3792.0,12176.0,19393.0,20187.0,21,16,8.377838594130335,60.286181116007334,8021.0,96.0192107738773,804.0,99.9504876961925,10.0,101.70094557111376,24.33733393235351,0.0004951230380750848,0.6936619718309859,0.4460093896713615,0.6455399061032864,44.64265976609272,금천구 시흥2동
11180590,11180,금천구,시흥3동,19,9804.0,9639,2436.0,5558.0,9306.0,9804.0,18,15,19.479264981069154,56.69114647082824,4246.0,94.92044063647491,498.0,100.0,0.0,106.66189395623225,25.272331154684096,0.0,0.33098591549295775,0.07511737089201878,0.2511737089201878,16.431924882629108,금천구 시흥3동
11180600,11180,금천구,시흥4동,33,19403.0,16597,4099.0,8377.0,18309.0,19380.0,12,9,2.9456722763546006,43.173736020203066,11026.0,94.36169664484873,1094.0,99.8814616296449,23.0,110.77832027977006,24.69723443995903,0.001185383703550924,0.7112676056338029,0.4084507042253521,0.7112676056338029,45.804282479912715,금천구 시흥4동
11180610,11180,금천구,시흥5동,29,17779.0,14521,3905.0,8727.0,15952.0,17779.0,14,13,13.734319929533182,49.0860003374768,9052.0,89.7238314865853,1827.0,100.0,0.0,110.37340691999644,26.892087321809793,0.0,0.33098591549295775,0.3333333333333333,0.6690140845070423,33.33333333333333,금천구 시흥5동
11190540,11190,영등포구,여의동,51,31364.0,26785,5438.0,18693.0,30823.0,31364.0,131,97,8.647243731426876,59.600178548654505,12671.0,98.2750924626961,541.0,100.0,0.0,86.42192093965221,20.302408064215047,0.0,0.33098591549295775,0.8474178403755869,0.9014084507042254,51.99530516431925,영등포구 여의동
11190550,11190,영등포구,당산1동,41,21035.0,18560,3166.0,13680.0,20317.0,21035.0,42,27,7.904189160308323,65.03446636558118,7355.0,96.58664131209889,718.0,100.0,0.0,86.10779320421342,17.058189655172416,0.0,0.33098591549295775,0.4788732394366197,0.4788732394366197,32.21830985915493,영등포구 당산1동
11190560,11190,영등포구,당산2동,51,34888.0,26726,3497.0,21519.0,34238.0,34888.0,29,25,8.909233245305078,61.680233891309335,13369.0,98.1368952075212,650.0,100.0,0.0,90.34356691236047,13.08463668337948,0.0,0.33098591549295775,0.9225352112676056,0.5704225352112676,45.598591549295776,영등포구 당산2동
11190610,11190,영등포구,양평1동,29,17466.0,15171,2011.0,11838.0,16422.0,17466.0,20,16,23.007142619496367,67.77739608382,5628.0,94.02267262109241,1044.0,100.0,0.0,87.28773814239749,13.255553358381123,0.0,0.33098591549295775,0.31220657276995306,0.16666666666666666,20.246478873239436,영등포구 양평1동
11190620,11190,영등포구,양평2동,33,22452.0,17479,2212.0,14837.0,21692.0,22190.0,61,29,5.526832035303298,66.08319971494744,7615.0,96.61500089078923,760.0,98.83306609656155,262.0,85.06627582091993,12.655186223468162,0.011669339034384496,0.795774647887324,0.5610328638497653,0.20539906103286384,39.34689779510844,영등포구 양평2동
11190630,11190,영등포구,신길1동,36,21161.0,18780,3511.0,10711.0,20713.0,21161.0,11,10,18.424356514042096,50.616700534001225,10450.0,97.88289778365862,448.0,100.0,0.0,101.7278955812476,18.69542066027689,0.0,0.33098591549295775,0.4859154929577465,0.5727699530516432,34.74178403755869,영등포구 신길1동
11190650,11190,영등포구,신길3동,32,16736.0,15361,3101.0,8572.0,16227.0,16736.0,18,11,15.372820033761403,51.218929254302104,8164.0,96.95865200764818,509.0,100.0,0.0,97.51998145538741,20.187487793763424,0.0,0.33098591549295775,0.2793427230046948,0.460093896713615,26.76056338028169,영등포구 신길3동
11190660,11190,영등포구,신길4동,21,12670.0,9662,1878.0,7855.0,12258.0,12670.0,11,10,12.135477386214019,61.99684293606945,4815.0,96.74822415153906,412.0,100.0,0.0,91.74026766997356,19.436969571517285,0.0,0.33098591549295775,0.12206572769953052,0.14553990610328638,14.964788732394366,영등포구 신길4동
11190670,11190,영등포구,신길5동,21,11705.0,9471,2138.0,3932.0,10237.0,11705.0,17,12,14.657002620123102,33.59248184536523,7773.0,87.45835113199487,1468.0,100.0,0.0,124.3967343849275,22.57417379368599,0.0,0.33098591549295775,0.10328638497652583,0.19014084507042253,15.610328638497654,영등포구 신길5동
11190680,11190,영등포구,신길6동,31,18592.0,15408,3024.0,13783.0,18249.0,18592.0,20,17,7.600568884535061,74.1340361445783,4809.0,98.15512048192771,343.0,100.0,0.0,80.33726450082247,19.626168224299064,0.0,0.33098591549295775,0.36384976525821594,0.41784037558685444,27.816901408450708,영등포구 신길6동
11190690,11190,영등포구,신길7동,29,19025.0,15086,2376.0,14204.0,19025.0,19025.0,22,20,18.96276343270468,74.65965834428384,4821.0,100.0,0.0,100.0,0.0,81.0977990604902,15.749701710194882,0.0,0.33098591549295775,0.38967136150234744,0.23943661971830985,24.00234741784038,영등포구 신길7동
11190700,11190,영등포구,대림1동,28,17761.0,13704,3091.0,5891.0,14223.0,17761.0,10,7,15.793398303555342,33.16817746748494,11870.0,80.07995045324024,3538.0,100.0,0.0,136.59643870947804,22.555458260361938,0.0,0.33098591549295775,0.3286384976525822,0.45539906103286387,27.8755868544601,영등포구 대림1동
11190710,11190,영등포구,대림2동,32,22316.0,16062,3320.0,7569.0,16843.0,21894.0,17,12,4.8191231716212295,33.91736870406883,14747.0,75.4749955189102,5473.0,98.10898010396129,422.0,139.39422790973066,20.669904121529076,0.018910198960387148,0.8262910798122066,0.5516431924882629,0.5164319248826291,47.831909903587146,영등포구 대림2동
11190720,11190,영등포구,대림3동,45,25893.0,21470,4665.0,11979.0,25007.0,25893.0,17,17,21.17243368897372,46.26346889120612,13914.0,96.57822577530607,886.0,100.0,0.0,110.82682942495494,21.727992547741035,0.0,0.33098591549295775,0.715962441314554,0.8145539906103286,46.537558685446015,영등포구 대림3동
11190730,11190,영등포구,영등포본동,38,22623.0,18100,3951.0,12402.0,20870.0,22623.0,25,22,4.4862251266417195,54.82031560800955,10221.0,92.25124872916943,1753.0,100.0,0.0,107.69936854843823,21.828729281767956,0.0,0.33098591549295775,0.5751173708920188,0.6854460093896714,39.7887323943662,영등포구 영등포본동
11190740,11190,영등포구,영등포동,50,30510.0,25470,2835.0,14708.0,29332.0,30510.0,46,28,5.436204407174862,48.20714519829564,15802.0,96.13897082923631,1178.0,100.0,0.0,107.072671463321,11.130742049469964,0.0,0.33098591549295775,0.8380281690140845,0.36384976525821594,38.321596244131456,영등포구 영등포동
11190750,11190,영등포구,도림동,34,22475.0,16041,3124.0,5623.0,19563.0,22475.0,7,6,17.953555636765376,25.018909899888765,16852.0,87.04338153503893,2912.0,100.0,0.0,124.38290564352425,19.47509506888598,0.0,0.33098591549295775,0.5633802816901409,0.46830985915492956,34.066901408450704,영등포구 도림동
11190760,11190,영등포구,문래동,47,31771.0,23620,4072.0,14735.0,30096.0,31766.0,43,31,15.54716960986569,46.37877309496081,17036.0,94.72789650939536,1675.0,99.98426237764,5.0,111.39973041826539,17.239627434377645,0.00015737622360001424,0.6748826291079812,0.8591549295774648,0.7018779342723005,55.901821729533665,영등포구 문래동
11200520,11200,동작구,노량진2동,17,9161.0,8368,1666.0,2137.0,5413.0,8916.0,9,6,14.941494524470695,23.327147691300077,7024.0,59.08743586944657,3748.0,97.32561947385656,245.0,155.73488736896857,19.909177820267686,0.026743805261434384,0.7863849765258216,0.06807511737089202,0.09624413145539906,24.43620076533868,동작구 노량진2동
11200530,11200,동작구,상도1동,74,45600.0,38639,6406.0,20072.0,44071.0,45600.0,41,25,8.045392074676442,44.01754385964912,25528.0,96.6469298245614,1529.0,100.0,0.0,106.25710293721617,16.57910401407904,0.0,0.33098591549295775,0.9882629107981221,0.9577464788732394,56.924882629107984,동작구 상도1동
11200540,11200,동작구,상도2동,38,25646.0,20018,3489.0,16911.0,25261.0,25646.0,29,20,4.515024034630442,65.94010761912189,8735.0,98.4987912345005,385.0,100.0,0.0,87.84150665716146,17.42931361774403,0.0,0.33098591549295775,0.7018779342723005,0.568075117370892,40.02347417840376,동작구 상도2동
11200550,11200,동작구,상도3동,40,22757.0,21143,4496.0,7024.0,19002.0,22474.0,9,7,26.180947946861536,30.86522828140792,15733.0,83.4995825460298,3755.0,98.75642659401502,283.0,129.85098533932188,21.264721184316322,0.012435734059849768,0.7981220657276995,0.5821596244131455,0.7863849765258216,54.477560018162904,동작구 상도3동
11200560,11200,동작구,상도4동,51,28412.0,25246,5040.0,6008.0,19130.0,26613.0,10,9,17.45791503310601,21.145994650147827,22404.0,67.33070533577362,9282.0,93.66816837955794,1799.0,162.08270178307083,19.963558583537985,0.06331831620442063,0.960093896713615,0.7934272300469484,0.8685446009389671,67.13460109759878,동작구 상도4동
11200630,11200,동작구,사당1동,39,22532.0,18669,3397.0,7611.0,18397.0,22532.0,8,8,12.106978873385534,33.778625954198475,14921.0,81.64832238593999,4135.0,100.0,0.0,131.3456827396443,18.195939793240132,0.0,0.33098591549295775,0.5704225352112676,0.545774647887324,36.179577464788736,동작구 사당1동
11200650,11200,동작구,사당3동,38,22834.0,18952,3936.0,12029.0,22704.0,22834.0,19,17,13.29864590773935,52.68021371638785,10805.0,99.43067355697643,130.0,100.0,0.0,98.93922166807019,20.76825664837484,0.0,0.33098591549295775,0.5892018779342723,0.6807511737089202,40.02347417840376,동작구 사당3동
11200660,11200,동작구,사당4동,24,13163.0,11247,2383.0,6643.0,11929.0,13163.0,3,3,16.84868277641032,50.46721871913697,6520.0,90.62523740788573,1234.0,100.0,0.0,113.87562111424492,21.187872321507957,0.0,0.33098591549295775,0.13849765258215962,0.24178403755868544,17.78169014084507,동작구 사당4동
11200670,11200,동작구,사당5동,27,14744.0,12269,2301.0,8127.0,13918.0,14744.0,11,10,6.543484561728456,55.120727075420504,6617.0,94.39772110689094,826.0,100.0,0.0,102.72587018631069,18.75458472573152,0.0,0.33098591549295775,0.19953051643192488,0.2300469483568075,19.014084507042252,동작구 사당5동
11200680,11200,동작구,대방동,55,36154.0,27813,4408.0,19357.0,34261.0,36154.0,42,35,10.230011100647054,53.54041046633844,16797.0,94.76406483376667,1893.0,100.0,0.0,102.61221790054282,15.848703843526406,0.0,0.33098591549295775,0.9483568075117371,0.7746478873239436,51.34976525821596,동작구 대방동
11200690,11200,동작구,신대방1동,40,25943.0,19569,3903.0,13950.0,25455.0,25943.0,12,10,14.012556822199839,53.77173033188143,11993.0,98.11895308946536,488.0,100.0,0.0,99.3737052781976,19.944810669937148,0.0,0.33098591549295775,0.7183098591549296,0.6666666666666666,42.89906103286385,동작구 신대방1동
11200700,11200,동작구,신대방2동,33,22064.0,16429,2935.0,11046.0,19988.0,22064.0,36,27,18.27377406190967,50.06345177664975,11018.0,90.59100797679478,2076.0,100.0,0.0,101.10544907574113,17.864751354312496,0.0,0.33098591549295775,0.5187793427230047,0.39906103286384975,31.220657276995308,동작구 신대방2동
11200710,11200,동작구,흑석동,53,34019.0,28135,4310.0,20213.0,32029.0,34019.0,60,43,4.960530438447328,59.41679649607572,13806.0,94.15032775801758,1990.0,100.0,0.0,98.39447132227122,15.318997689710326,0.0,0.33098591549295775,0.8990610328638498,0.7535211267605634,49.58920187793427,동작구 흑석동
11200720,11200,동작구,노량진1동,56,32580.0,28292,5318.0,18216.0,30082.0,32580.0,34,23,6.759179484761306,55.91160220994475,14364.0,92.33271945979128,2498.0,100.0,0.0,106.8262688902666,18.7968330270041,0.0,0.33098591549295775,0.8755868544600939,0.8990610328638498,52.64084507042253,동작구 노량진1동
11200730,11200,동작구,사당2동,47,26762.0,21038,4796.0,12038.0,25495.0,26762.0,19,17,16.32923323403283,44.98169045661759,14724.0,95.26567521112025,1267.0,100.0,0.0,104.78257568249927,22.79684380644548,0.0,0.33098591549295775,0.755868544600939,0.8333333333333334,48.00469483568075,동작구 사당2동
11210520,11210,관악구,보라매동,36,22835.0,21649,4507.0,12411.0,21971.0,22835.0,23,19,20.30012515533228,54.35077731552441,10424.0,96.21633457411868,864.0,100.0,0.0,100.38977928963189,20.818513557208185,0.0,0.33098591549295775,0.5915492957746479,0.7887323943661971,42.78169014084507,관악구 보라매동
11210540,11210,관악구,청림동,21,13418.0,9842,2151.0,8881.0,13418.0,13418.0,5,4,11.94926974816748,66.18721120882397,4537.0,100.0,0.0,100.0,0.0,84.91547789783259,21.85531396057712,0.0,0.33098591549295775,0.15023474178403756,0.19718309859154928,16.960093896713616,관악구 청림동
11210570,11210,관악구,행운동,49,28389.0,25220,3836.0,17909.0,27693.0,28274.0,20,18,15.593788185244218,63.084293212159636,10480.0,97.54834619042587,696.0,99.59491352284336,115.0,95.37902133032581,15.210150674068199,0.004050864771566465,0.7488262910798122,0.7910798122065728,0.6549295774647887,54.97216363806851,관악구 행운동
11210580,11210,관악구,낙성대동,28,22829.0,19501,1582.0,6878.0,15688.0,22829.0,26,17,12.301949056127615,30.128345525428184,15951.0,68.7196110210697,7141.0,100.0,0.0,125.60214417933003,8.11240449207733,0.0,0.33098591549295775,0.5868544600938967,0.08450704225352113,25.058685446009388,관악구 낙성대동
11210610,11210,관악구,중앙동,26,15692.0,12901,2020.0,7195.0,15692.0,15692.0,9,8,26.071459638681862,45.85138924292633,8497.0,100.0,0.0,100.0,0.0,103.49420183425161,15.657700953414464,0.0,0.33098591549295775,0.24178403755868544,0.17136150234741784,18.603286384976528,관악구 중앙동
11210620,11210,관악구,인헌동,39,24478.0,19501,3394.0,10984.0,19791.0,22742.0,14,11,26.157453236718354,44.87294713620394,13494.0,80.85219380668354,4687.0,92.907917313506,1736.0,141.14994637309937,17.40423568022153,0.07092082686493995,0.9577464788732394,0.6572769953051644,0.539906103286385,55.64626010824322,관악구 인헌동
11210630,11210,관악구,남현동,31,17185.0,15318,2717.0,4169.0,13141.0,16709.0,18,15,11.35997472759421,24.259528658713993,13016.0,76.46784986907187,4044.0,97.23014256619145,476.0,151.52533661739534,17.737302519911218,0.027698574338085535,0.8356807511737089,0.3004694835680751,0.3192488262910798,37.077440884273734,관악구 남현동
11210640,11210,관악구,서원동,40,23296.0,19790,2849.0,9453.0,20275.0,23296.0,20,14,8.736738658438382,40.57778159340659,13843.0,87.03210851648352,3021.0,100.0,0.0,118.61990101190236,14.396159676604345,0.0,0.33098591549295775,0.6126760563380281,0.3732394366197183,32.92253521126761,관악구 서원동
11210650,11210,관악구,신원동,30,17754.0,14621,2795.0,6654.0,16205.0,17754.0,6,6,23.107041837715293,37.4788779993241,11100.0,91.27520558747324,1549.0,100.0,0.0,119.3975811562456,19.11633951166131,0.0,0.33098591549295775,0.32629107981220656,0.34976525821596244,25.176056338028168,관악구 신원동
11210660,11210,관악구,서림동,38,23742.0,19530,2903.0,7852.0,19324.0,23742.0,14,10,16.86783287912565,33.07219273860669,15890.0,81.39162665318844,4418.0,100.0,0.0,135.83119980781893,14.864311315924219,0.0,0.33098591549295775,0.6244131455399061,0.39436619718309857,33.744131455399064,관악구 서림동
11210680,11210,관악구,신사동,43,25466.0,21673,3530.0,9284.0,25466.0,25466.0,16,11,24.981955445274593,36.456451739574334,16182.0,100.0,0.0,100.0,0.0,111.46357280173103,16.28754671711346,0.0,0.33098591549295775,0.6948356807511737,0.5821596244131455,40.19953051643193,관악구 신사동
11210690,11210,관악구,신림동,37,23757.0,18192,1670.0,8506.0,23757.0,23757.0,8,7,34.01788725800332,35.804184029970116,15251.0,100.0,0.0,100.0,0.0,120.54776398741039,9.179859278803871,0.0,0.33098591549295775,0.6291079812206573,0.09859154929577464,26.467136150234744,관악구 신림동
11210710,11210,관악구,난향동,25,14158.0,12187,2648.0,8586.0,13281.0,14145.0,17,15,2.522232366829873,60.644158779488635,5572.0,93.8056222630315,877.0,99.90817912134482,13.0,96.16454744499107,21.728070895216213,0.0009182087865517996,0.6995305164319249,0.1784037558685446,0.2887323943661972,29.189621886330464,관악구 난향동
11210720,11210,관악구,조원동,38,21419.0,19155,3027.0,11103.0,20705.0,21419.0,13,10,9.916516574179841,51.837153928754844,10316.0,96.66651104159858,714.0,100.0,0.0,109.43232448121314,15.802662490211434,0.0,0.33098591549295775,0.49765258215962443,0.42018779342723006,31.220657276995308,관악구 조원동
11210730,11210,관악구,대학동,42,26711.0,21712,2652.0,12915.0,24756.0,26711.0,29,24,13.737581464937891,48.35086668413762,13796.0,92.68091797386845,1955.0,100.0,0.0,106.85531494195826,12.214443625644805,0.0,0.33098591549295775,0.7488262910798122,0.29577464788732394,34.38967136150235,관악구 대학동
11210780,11210,관악구,은천동,48,31494.0,22914,4568.0,22314.0,30686.0,31494.0,24,22,10.429799335313305,70.85159077919604,9180.0,97.43443195529308,808.0,100.0,0.0,83.63235826329438,19.935410665968405,0.0,0.33098591549295775,0.8568075117370892,0.8004694835680751,49.70657276995305,관악구 은천동
11210790,11210,관악구,성현동,35,27307.0,17952,3579.0,14210.0,25887.0,27307.0,17,13,6.471671995811097,52.037938990002566,13097.0,94.79986816567181,1420.0,100.0,0.0,100.70046227142936,19.93649732620321,0.0,0.33098591549295775,0.7699530516431925,0.5868544600938967,42.194835680751176,관악구 성현동
11210800,11210,관악구,청룡동,60,36885.0,30841,4213.0,22288.0,36885.0,36885.0,53,29,7.696600783507185,60.42564728209299,14597.0,100.0,0.0,100.0,0.0,89.63150344407771,13.66038714697967,0.0,0.33098591549295775,0.9507042253521126,0.7300469483568075,50.29342723004695,관악구 청룡동
11210810,11210,관악구,난곡동,43,25244.0,20899,4957.0,13972.0,22834.0,25244.0,23,20,20.483700237027396,55.347805419109484,11272.0,90.45317699255268,2410.0,100.0,0.0,106.57453178253671,23.718838221924493,0.0,0.33098591549295775,0.6830985915492958,0.8591549295774648,46.83098591549296,관악구 난곡동
11210820,11210,관악구,삼성동,30,18905.0,14420,4393.0,9758.0,16009.0,18521.0,22,20,14.331320702799392,51.615974609891566,9147.0,84.68130124305739,2896.0,97.96879132504628,384.0,110.45509447427318,30.464632454923716,0.020312086749537217,0.8215962441314554,0.3755868544600939,0.7699530516431925,49.68620592460697,관악구 삼성동
11210830,11210,관악구,미성동,48,28379.0,24226,5570.0,16234.0,28379.0,28379.0,33,26,15.030019763574915,57.2042707635928,12145.0,100.0,0.0,100.0,0.0,90.2774847966802,22.991826962767277,0.0,0.33098591549295775,0.7887323943661971,0.9154929577464789,50.88028169014085,관악구 미성동
11220510,11220,서초구,서초1동,36,19984.0,17931,3102.0,7755.0,17273.0,19984.0,38,20,9.321790354795514,38.8060448358687,12229.0,86.43414731785428,2711.0,100.0,0.0,126.15937955673994,17.29964865317049,0.0,0.33098591549295775,0.43661971830985913,0.4624413145539906,30.751173708920188,서초구 서초1동
11220520,11220,서초구,서초2동,35,23781.0,18834,2289.0,11741.0,23677.0,23781.0,74,25,10.44910918672727,49.371346873554515,12040.0,99.56267608595097,104.0,100.0,0.0,101.48463783294152,12.1535520866518,0.0,0.33098591549295775,0.6314553990610329,0.22535211267605634,29.694835680751176,서초구 서초2동
11220530,11220,서초구,서초3동,57,30083.0,28576,4655.0,8833.0,21632.0,29521.0,86,39,4.5424520622781195,29.36209819499385,21250.0,71.9077219692185,8451.0,98.13183525579231,562.0,149.87869119785816,16.289893617021274,0.0186816474420769,0.8626760563380281,0.8333333333333334,0.8098591549295775,63.113754801075395,서초구 서초3동
11220540,11220,서초구,서초4동,46,28285.0,22177,3375.0,13081.0,27003.0,28285.0,17,15,17.045195850385575,46.24712745271346,15204.0,95.4675623121796,1282.0,100.0,0.0,108.92468641317376,15.218469585606709,0.0,0.33098591549295775,0.7863849765258216,0.5352112676056338,41.31455399061033,서초구 서초4동
11220550,11220,서초구,잠원동,43,25306.0,20682,2887.0,10798.0,21529.0,23933.0,19,14,21.084961390453024,42.669722595431914,14508.0,85.0746858452541,3777.0,94.57440923101241,1373.0,124.97673370520164,13.958998162653517,0.05425590768987587,0.9413145539906104,0.687793427230047,0.38497652582159625,51.70851036830324,서초구 잠원동
11220560,11220,서초구,반포본동,1,635.0,139,20.0,140.0,635.0,635.0,13,12,24.653767175596865,22.04724409448819,495.0,100.0,0.0,100.0,0.0,66.31164345106299,14.388489208633093,0.0,0.33098591549295775,0.004694835680751174,0.004694835680751174,8.509389671361504,서초구 반포본동
11220570,11220,서초구,반포1동,53,31961.0,25119,3282.0,12260.0,25906.0,31429.0,17,14,13.05236095659945,38.35925033634742,19701.0,81.05503582491161,6055.0,98.33547135571477,532.0,128.82433925878553,13.065806759823243,0.016645286442852236,0.852112676056338,0.863849765258216,0.5070422535211268,55.99124953196333,서초구 반포1동
11220580,11220,서초구,반포2동,37,24226.0,19438,2711.0,9087.0,20648.0,24226.0,22,15,14.176160149415088,37.50928754230991,15139.0,85.23074382894411,3578.0,100.0,0.0,121.24289474419103,13.946908118119147,0.0,0.33098591549295775,0.647887323943662,0.31220657276995306,32.27699530516432,서초구 반포2동
11220590,11220,서초구,반포3동,35,21967.0,17837,2634.0,13386.0,21274.0,21967.0,18,13,7.552689866928921,60.93685983520736,8581.0,96.84526790185278,693.0,100.0,0.0,96.70843548947134,14.767057240567361,0.0,0.33098591549295775,0.5093896713615024,0.284037558685446,28.11032863849765,서초구 반포3동
11220600,11220,서초구,반포4동,30,17463.0,14938,2566.0,6007.0,14889.0,16958.0,58,40,22.90386317781175,34.398442421118936,11456.0,85.26026455935406,2574.0,97.10817156273264,505.0,133.22418113547968,17.17766769313161,0.02891828437267363,0.8450704225352113,0.30985915492957744,0.2676056338028169,36.28633739100698,서초구 반포4동
11220610,11220,서초구,방배본동,31,18587.0,15845,2711.0,3962.0,13828.0,18038.0,9,6,17.43301889803756,21.31597352988648,14625.0,74.39608328401572,4759.0,97.04632269866036,549.0,153.1352787506728,17.10949826443673,0.02953677301339641,0.8568075117370892,0.3615023474178404,0.31220657276995306,39.00133012345698,서초구 방배본동
11220620,11220,서초구,방배1동,30,15202.0,14256,2847.0,3647.0,12724.0,15137.0,8,7,20.310150320594516,23.990264438889618,11555.0,83.69951322194447,2478.0,99.57242468096304,65.0,146.4013999712561,19.970538720538723,0.004275753190369658,0.7370892018779343,0.2136150234741784,0.36619718309859156,33.029429041026845,서초구 방배1동
11220630,11220,서초구,방배2동,31,17863.0,15624,3455.0,5664.0,16329.0,17840.0,23,16,5.385324958485592,31.707999776073446,12199.0,91.41241672731344,1534.0,99.87124223254771,23.0,131.28007636548642,22.11341525857655,0.0012875776745228107,0.7112676056338029,0.3403755868544601,0.5633802816901409,40.40777629632317,서초구 방배2동
11220640,11220,서초구,방배3동,29,14719.0,13006,2727.0,6105.0,13113.0,14177.0,28,18,17.600152643532564,41.477002513757725,8614.0,89.08893267205653,1606.0,96.31768462531421,542.0,135.38563294799417,20.967245886513915,0.03682315374685785,0.8544600938967136,0.19718309859154928,0.323943661971831,35.310250205173794,서초구 방배3동
11220650,11220,서초구,방배4동,40,20653.0,18831,3132.0,5490.0,12821.0,18518.0,15,8,6.992548054528307,26.582094610952407,15163.0,62.07814845300925,7832.0,89.6625187624074,2135.0,176.4933200053635,16.632149115819658,0.10337481237592594,0.9765258215962441,0.47183098591549294,0.47183098591549294,50.589065145078905,서초구 방배4동
11220660,11220,서초구,양재1동,72,39300.0,34665,6733.0,18051.0,32815.0,38325.0,73,42,13.730914921285668,45.93129770992366,21249.0,83.49872773536896,6485.0,97.51908396946564,975.0,131.2918503341217,19.423049185056975,0.024809160305343636,0.9107981220657277,0.9647887323943662,0.9741784037558685,71.86436046303265,서초구 양재1동
11220670,11220,서초구,양재2동,40,20231.0,19881,3081.0,5802.0,16616.0,20068.0,55,29,21.970056634017133,28.678760318323366,14429.0,82.13138253175819,3615.0,99.19430576837527,163.0,145.328358916324,15.497208389920026,0.008056942316247317,0.7723004694835681,0.44835680751173707,0.4460093896713615,41.86809022457285,서초구 양재2동
11220680,11220,서초구,내곡동,28,15967.0,13835,3030.0,7028.0,13022.0,14028.0,37,30,8.01470165905985,44.015782551512494,8939.0,81.55570864908874,2945.0,87.85620341955283,1939.0,192.551803482115,21.900975786049873,0.12143796580447175,0.9671361502347418,0.24882629107981222,0.42488262910798125,44.05707590567518,서초구 내곡동
11230510,11230,강남구,신사동,28,14043.0,13104,2764.0,2783.0,9738.0,13711.0,12,9,7.333752070874037,19.817702770063377,11260.0,69.34415723136082,4305.0,97.63583279925942,332.0,154.31778919868563,21.092796092796092,0.023641672007405856,0.8075117370892019,0.17370892018779344,0.3380281690140845,33.572262457462145,강남구 신사동
11230511,11230,강남구,개포3동,27,16656.0,13816,3231.0,8209.0,16028.0,16656.0,27,16,12.539876849197192,49.285542747358306,8447.0,96.2295869356388,628.0,100.0,0.0,106.16574824571342,23.38592935726694,0.0,0.33098591549295775,0.2746478873239437,0.49765258215962443,27.58215962441315,강남구 개포3동
11230520,11230,강남구,논현1동,40,20286.0,19589,2827.0,5396.0,17581.0,20174.0,13,11,35.32009781630133,26.599625357389336,14890.0,86.66568076505965,2705.0,99.44789510006902,112.0,138.58955210667602,14.431568737556791,0.00552104899930983,0.744131455399061,0.4507042253521127,0.3591549295774648,38.987791483198706,강남구 논현1동
11230530,11230,강남구,논현2동,39,19008.0,18162,2991.0,4429.0,15179.0,18806.0,26,19,21.933089877707186,23.300715488215488,14579.0,79.85585016835017,3829.0,98.93728956228956,202.0,142.72763897389777,16.468450611166173,0.010627104377104346,0.7793427230046949,0.38497652582159625,0.4061032863849765,39.5262409897093,강남구 논현2동
11230580,11230,강남구,삼성1동,24,11518.0,11139,2168.0,3911.0,9097.0,11518.0,77,40,11.493124329263187,33.95554783816635,7607.0,78.98072582045495,2421.0,100.0,0.0,135.2734464246929,19.463147499775562,0.0,0.33098591549295775,0.09859154929577464,0.19953051643192488,15.727699530516432,강남구 삼성1동
11230590,11230,강남구,삼성2동,51,28552.0,23991,3079.0,10199.0,24914.0,27705.0,33,18,7.4704631925466805,35.720790137293356,18353.0,87.25833566825442,3638.0,97.03348276828243,847.0,124.05881057402856,12.833979408945021,0.029665172317175692,0.9014084507042254,0.7981220657276995,0.44366197183098594,54.32144151450217,강남구 삼성2동
11230600,11230,강남구,대치1동,35,22540.0,17314,1949.0,9586.0,21402.0,22540.0,14,10,13.52629769840377,42.52883762200532,12954.0,94.95119787045253,1138.0,100.0,0.0,116.31041941799408,11.25678641561742,0.0,0.33098591549295775,0.5727699530516432,0.1572769953051643,26.525821596244132,강남구 대치1동
11230630,11230,강남구,대치4동,28,18143.0,14139,1682.0,4578.0,13947.0,18143.0,11,10,7.966243111124655,25.2328721821088,13565.0,76.87262305021221,4196.0,100.0,0.0,149.91658805309248,11.896173703939459,0.0,0.33098591549295775,0.3544600938967136,0.1056338028169014,19.77699530516432,강남구 대치4동
11230640,11230,강남구,역삼1동,63,34220.0,31281,3482.0,5974.0,20661.0,30922.0,108,36,12.784798475558626,17.457627118644066,28246.0,60.376972530683815,13559.0,90.3623611922852,3298.0,181.24382526022632,11.131357693168377,0.09637638807714799,0.9929577464788732,0.9107981220657277,0.5657276995305164,64.14649890380663,강남구 역삼1동
11230650,11230,강남구,역삼2동,56,34300.0,26683,2831.0,15367.0,32497.0,34300.0,29,13,8.038521477295028,44.80174927113703,18933.0,94.74344023323616,1803.0,100.0,0.0,111.32503080600202,10.609751527189596,0.0,0.33098591549295775,0.9131455399061033,0.3615023474178404,40.140845070422536,강남구 역삼2동
11230660,11230,강남구,도곡1동,31,19959.0,16134,2583.0,5548.0,18270.0,19959.0,27,17,19.676592041513967,27.79698381682449,14411.0,91.53765218698332,1689.0,100.0,0.0,122.27873221446217,16.009669021941242,0.0,0.33098591549295775,0.43427230046948356,0.27230046948356806,25.938967136150232,강남구 도곡1동
11230670,11230,강남구,도곡2동,43,29177.0,22858,4019.0,10808.0,27345.0,29177.0,30,17,19.25692888259083,37.04287623813278,18369.0,93.72108167392123,1832.0,100.0,0.0,114.72070028566789,17.582465657537842,0.0,0.33098591549295775,0.8169014084507042,0.6995305164319249,46.18544600938967,강남구 도곡2동
11230680,11230,강남구,개포1동,43,24037.0,20648,3135.0,3776.0,15869.0,21032.0,11,8,33.56677460429543,15.709115114198942,20261.0,66.01905395848068,8168.0,87.49843990514623,3005.0,188.74760146764925,15.183068578070516,0.1250156009485377,0.9906103286384976,0.6431924882629108,0.47417840375586856,55.82492054014537,강남구 개포1동
11230710,11230,강남구,개포4동,42,22311.0,19728,3195.0,6999.0,17735.0,21147.0,13,12,26.02310627942894,31.37017614629555,15312.0,79.48993769889292,4576.0,94.78284254403657,1164.0,145.6111084005183,16.195255474452555,0.05217157455963428,0.9272300469483568,0.5492957746478874,0.48826291079812206,50.424007673850014,강남구 개포4동
11230720,11230,강남구,일원본동,37,21367.0,18171,3008.0,10397.0,19120.0,21359.0,37,20,15.510471660772366,48.65914728319371,10970.0,89.48378340431506,2247.0,99.9625590864417,8.0,113.09560975300363,16.553849540476584,0.00037440913558295374,0.6901408450704225,0.49295774647887325,0.4107981220657277,39.85677806876516,강남구 일원본동
11230730,11230,강남구,일원1동,26,13755.0,12227,2925.0,3549.0,8921.0,12917.0,7,5,7.334092351861712,25.80152671755725,10206.0,64.85641584878226,4834.0,93.90766993820428,838.0,160.72189138839977,23.92246667211908,0.060923300617957254,0.8990610328638498,0.1607981220657277,0.3967136150234742,37.93740176427522,강남구 일원1동
11230750,11230,강남구,수서동,27,13072.0,12568,4724.0,7298.0,9077.0,11097.0,40,21,4.105433704586637,55.829253365973074,5774.0,69.43849449204407,3995.0,84.89137086903304,1975.0,143.30066472959138,37.587523870146406,0.15108629130966955,0.9694835680751174,0.13380281690140844,0.823943661971831,51.95790845645066,강남구 수서동
11230760,11230,강남구,세곡동,77,44817.0,39392,7097.0,17232.0,35744.0,42344.0,53,41,10.771459692965182,38.44969542807417,27585.0,79.75544994087065,9073.0,94.48200459647009,2473.0,145.5182979338013,18.016348497156784,0.05517995403529907,0.9835680751173709,0.9859154929577465,0.9812206572769953,75.14710448468529,강남구 세곡동
11230770,11230,강남구,압구정동,49,23196.0,21552,4940.0,8994.0,20641.0,23196.0,31,22,1.7664591725930407,38.77392653905846,14202.0,88.98516985687188,2555.0,100.0,0.0,120.18632357376522,22.921306607275426,0.0,0.33098591549295775,0.607981220657277,0.8497652582159625,44.71830985915493,강남구 압구정동
11230780,11230,강남구,청담동,44,22111.0,20429,3518.0,6614.0,15518.0,21203.0,59,23,19.19070589844101,29.912713129211703,15497.0,70.18226222242323,6593.0,95.8934467007372,908.0,147.63155887530147,17.220617749277984,0.04106553299262794,0.903755868544601,0.5258215962441315,0.5751173708920188,51.14400921683448,강남구 청담동
11230790,11230,강남구,대치2동,56,36061.0,29752,4552.0,7313.0,19472.0,34387.0,71,30,6.85910508391478,20.279526358115415,28748.0,53.99739330578741,16589.0,95.35786583844043,1674.0,177.12644029145733,15.299811777359507,0.046421341615595635,0.9530516431924883,0.9436619718309859,0.7981220657276995,68.53142555916924,강남구 대치2동
11230800,11230,강남구,개포2동,63,39584.0,31510,4122.0,21493.0,37648.0,39579.0,42,26,2.274499998354603,54.29719078415521,18091.0,95.10913500404203,1936.0,99.98736863379143,5.0,105.12822881624422,13.081561409076484,0.0001263136620857086,0.6748826291079812,0.9694835680751174,0.7206572769953051,59.128744696012234,강남구 개포2동
11240510,11240,송파구,풍납1동,20,12120.0,10316,2649.0,6768.0,11818.0,12120.0,9,9,5.187613647150761,55.84158415841585,5352.0,97.50825082508251,302.0,100.0,0.0,93.60161461398602,25.67855758045754,0.0,0.33098591549295775,0.11032863849765258,0.29225352112676056,18.339201877934272,송파구 풍납1동
11240520,11240,송파구,풍납2동,38,22338.0,17594,3181.0,11955.0,20964.0,22202.0,34,33,10.640903143604405,53.518667741069024,10383.0,93.84904646790223,1374.0,99.39117199391173,136.0,105.75074465628221,18.080027282027963,0.006088280060882689,0.755868544600939,0.5539906103286385,0.4847417840375587,45.01723047570047,송파구 풍납2동
11240530,11240,송파구,거여1동,20,12154.0,9311,2106.0,5739.0,11692.0,12154.0,11,9,14.568861205077715,47.21902254401843,6415.0,96.19878229389501,462.0,100.0,0.0,104.70110106408173,22.61840833422833,0.0,0.33098591549295775,0.11502347417840375,0.18779342723004694,15.845070422535212,송파구 거여1동
11240540,11240,송파구,거여2동,34,22525.0,16985,3450.0,17124.0,22350.0,22525.0,21,19,9.5623084457256,76.02219755826859,5401.0,99.22308546059934,175.0,100.0,0.0,76.65011509681631,20.31204003532529,0.0,0.33098591549295775,0.568075117370892,0.5610328638497653,36.502347417840376,송파구 거여2동
11240550,11240,송파구,마천1동,28,15460.0,15065,3935.0,7601.0,14738.0,15460.0,10,8,12.36563569907145,49.16558861578266,7859.0,95.32988357050452,722.0,100.0,0.0,103.85917526556842,26.120146033853302,0.0,0.33098591549295775,0.22065727699530516,0.6784037558685446,30.751173708920188,송파구 마천1동
11240560,11240,송파구,마천2동,32,17375.0,15716,4336.0,7486.0,17125.0,17375.0,15,15,23.629747508133327,43.08489208633093,9889.0,98.56115107913669,250.0,100.0,0.0,112.03507474748645,27.589717485365234,0.0,0.33098591549295775,0.3028169014084507,0.7582159624413145,34.80046948356807,송파구 마천2동
11240570,11240,송파구,방이1동,27,14512.0,13413,2326.0,5490.0,13857.0,14512.0,11,10,17.02074438990285,37.83076074972437,9022.0,95.48649393605292,655.0,100.0,0.0,117.07428656856618,17.341385223290835,0.0,0.33098591549295775,0.18779342723004694,0.2347417840375587,18.838028169014088,송파구 방이1동
11240580,11240,송파구,방이2동,47,26107.0,23354,3391.0,7698.0,18847.0,24868.0,12,10,26.53215679911843,29.486344658520704,18409.0,72.191366300226,7260.0,95.2541463975179,1239.0,147.3819588309437,14.519996574462619,0.047458536024820974,0.9342723004694836,0.7300469483568075,0.5375586854460094,56.233411757428044,송파구 방이2동
11240590,11240,송파구,오륜동,32,17447.0,15531,2848.0,3388.0,13749.0,17442.0,11,11,35.941286723553326,19.41881125694962,14059.0,78.80437897632831,3698.0,99.97134177795608,5.0,156.26243651954135,18.33751851136437,0.0002865822204392021,0.6748826291079812,0.3075117370892019,0.36971830985915494,33.80998145691943,송파구 오륜동
11240600,11240,송파구,오금동,68,35014.0,32166,6271.0,13614.0,28792.0,34325.0,36,31,4.288527220814998,38.88159022105444,21400.0,82.22996515679442,6222.0,98.03221568515451,689.0,128.06691447141213,19.495740844369834,0.019677843148454888,0.8849765258215962,0.9272300469483568,0.9553990610328639,69.6820869237818,송파구 오금동
11240610,11240,송파구,송파1동,43,22263.0,21561,3441.0,6640.0,18458.0,22215.0,11,11,21.928112053636873,29.825270628396893,15623.0,82.90886223779364,3805.0,99.78439563401159,48.0,138.76865064728736,15.95937108668429,0.002156043659884088,0.7300469483568075,0.5422535211267606,0.5586854460093896,45.82854897882105,송파구 송파1동
11240620,11240,송파구,송파2동,30,17770.0,14933,2718.0,9810.0,17770.0,17770.0,17,14,22.294342700185222,55.20540236353405,7960.0,100.0,0.0,100.0,0.0,93.13230791246595,18.201299136141433,0.0,0.33098591549295775,0.33098591549295775,0.3215962441314554,24.589201877934272,송파구 송파2동
11240630,11240,송파구,석촌동,49,29434.0,25172,4143.0,8004.0,22263.0,28935.0,9,9,23.293479509291377,27.193042060202487,21430.0,75.63701841407897,7171.0,98.30468166066454,499.0,148.9668698807464,16.45876370570475,0.01695318339335461,0.8403755868544601,0.8215962441314554,0.7253521126760564,60.106928176383164,송파구 석촌동
11240640,11240,송파구,삼전동,45,28266.0,22042,3397.0,7514.0,21267.0,27248.0,14,14,21.264983851594156,26.583174131465366,20752.0,75.23880280195287,6999.0,96.3984999646218,1018.0,146.29672158000025,15.411487160874692,0.03601500035378191,0.9154929577464789,0.784037558685446,0.545774647887324,57.03300411682577,송파구 삼전동
11240650,11240,송파구,가락본동,44,24284.0,21284,3821.0,13112.0,23287.0,24284.0,25,22,28.15881929039351,53.99439960467798,11172.0,95.89441607642893,997.0,100.0,0.0,101.54173195160458,17.952452546513815,0.0,0.33098591549295775,0.6525821596244131,0.6525821596244131,40.9037558685446,송파구 가락본동
11240660,11240,송파구,가락1동,30,26270.0,15674,2290.0,23643.0,26247.0,26270.0,39,28,0.7766491395378408,90.0,2627.0,99.91244765892652,23.0,100.0,0.0,62.26923308457578,14.610182467781039,0.0,0.33098591549295775,0.7370892018779343,0.22769953051643194,32.3943661971831,송파구 가락1동
11240670,11240,송파구,가락2동,47,29543.0,22117,3778.0,11323.0,26455.0,29543.0,10,10,7.34411055103889,38.32718410452561,18220.0,89.54743932572859,3088.0,100.0,0.0,121.8561986891754,17.081882714653887,0.0,0.33098591549295775,0.8286384976525821,0.6338028169014085,44.83568075117371,송파구 가락2동
11240680,11240,송파구,문정1동,33,19305.0,16985,3083.0,8746.0,17867.0,19305.0,10,10,9.478414352883359,45.3043253043253,10559.0,92.55115255115255,1438.0,100.0,0.0,114.91456056515737,18.15130997939358,0.0,0.33098591549295775,0.4014084507042254,0.44835680751173707,29.518779342723008,송파구 문정1동
11240690,11240,송파구,문정2동,38,27248.0,24762,3772.0,8585.0,21625.0,26627.0,63,36,6.226503117982523,31.506899588960657,18663.0,79.36362301820317,5623.0,97.72093364650617,621.0,138.76157324390198,15.233018334544868,0.022790663534938305,0.8826291079812206,0.7652582159624414,0.6314553990610329,57.55333466349083,송파구 문정2동
11240710,11240,송파구,잠실본동,50,27281.0,24321,3691.0,11058.0,23465.0,26758.0,11,11,10.92047911880502,40.53370477621788,16223.0,86.01224295297094,3816.0,98.08291484916242,523.0,120.82403409629174,15.17618518975371,0.01917085150837583,0.8497652582159625,0.7676056338028169,0.6032863849765259,55.995703212592026,송파구 잠실본동
11240750,11240,송파구,잠실4동,28,19836.0,13148,2143.0,6846.0,18513.0,19836.0,12,12,20.25779207511979,34.513006654567455,12990.0,93.33030852994555,1323.0,100.0,0.0,125.2767413774648,16.29905689078187,0.0,0.33098591549295775,0.4295774647887324,0.19248826291079812,23.826291079812208,송파구 잠실4동
11240770,11240,송파구,잠실6동,23,15537.0,13437,2573.0,6164.0,12616.0,15305.0,55,32,5.653278648879719,39.673038553131235,9373.0,81.19971680504602,2921.0,98.50679024264657,232.0,127.93275774329544,19.148619483515667,0.014932097573534309,0.784037558685446,0.2300469483568075,0.2699530516431925,32.474241406474505,송파구 잠실6동
11240780,11240,송파구,잠실7동,17,8541.0,8064,2174.0,3090.0,6879.0,8541.0,15,15,8.336924696584267,36.178433438707415,5451.0,80.54092026694767,1662.0,100.0,0.0,138.50208887583216,26.959325396825395,0.0,0.33098591549295775,0.0539906103286385,0.20187793427230047,14.671361502347418,송파구 잠실7동
11240790,11240,송파구,잠실2동,41,33011.0,20685,2429.0,11468.0,29027.0,33011.0,11,11,21.23233276238456,34.73993517312411,21543.0,87.93129562872983,3984.0,100.0,0.0,124.87581608857408,11.742808798646362,0.0,0.33098591549295775,0.8896713615023474,0.24882629107981222,36.73708920187793,송파구 잠실2동
11240800,11240,송파구,잠실3동,51,31840.0,24148,4868.0,8672.0,22777.0,29242.0,32,19,10.364664125382365,27.236180904522612,23168.0,71.5358040201005,9063.0,91.84045226130654,2598.0,155.87684442523542,20.159019380487,0.08159547738693462,0.9882629107981221,0.8615023474178404,0.8427230046948356,69.35209350744331,송파구 잠실3동
11240810,11240,송파구,장지동,51,28435.0,25336,4393.0,20786.0,28435.0,28435.0,39,38,23.81448318467758,73.10005275189027,7649.0,100.0,0.0,100.0,0.0,81.88902390494177,17.338964319545312,0.0,0.33098591549295775,0.795774647887324,0.7699530516431925,47.417840375586856,송파구 장지동
11240820,11240,송파구,위례동,71,44417.0,35123,3014.0,23406.0,42909.0,44417.0,54,35,13.55140375922271,52.69603980457933,21011.0,96.6049035279285,1508.0,100.0,0.0,105.03468150709045,8.581271531475101,0.0,0.33098591549295775,0.9835680751173709,0.4131455399061033,43.19248826291079,송파구 위례동
11250530,11250,강동구,명일1동,38,23483.0,19375,3755.0,11162.0,23064.0,23483.0,18,12,7.8200445609843685,47.53225737767747,12321.0,98.2157305284674,419.0,100.0,0.0,102.13416154006869,19.38064516129032,0.0,0.33098591549295775,0.6173708920187794,0.6244131455399061,39.31924882629108,강동구 명일1동
11250540,11250,강동구,명일2동,24,16113.0,11963,2225.0,9125.0,15344.0,16108.0,15,14,6.646135508286507,56.63129150375473,6988.0,95.22745609135481,769.0,99.9689691553404,5.0,99.18578556376227,18.599013625344814,0.0003103084465959638,0.6748826291079812,0.2511737089201878,0.2112676056338028,28.440856302714195,강동구 명일2동
11250550,11250,강동구,고덕1동,35,23209.0,18058,2657.0,9293.0,19560.0,22387.0,24,20,1.8132100217014835,40.04050152957904,13916.0,84.27765091128443,3649.0,96.45827049851351,822.0,119.06667852805445,14.71370029903644,0.0354172950148649,0.8967136150234741,0.6103286384976526,0.2981220657276995,46.014540356592285,강동구 고덕1동
11250560,11250,강동구,고덕2동,40,24917.0,19034,2876.0,5402.0,19049.0,24883.0,33,24,24.76618359801255,21.679977525384274,19515.0,76.44981338042301,5868.0,99.86354697596018,34.0,148.1116541149477,15.109803509509298,0.0013645302403982873,0.7230046948356808,0.6737089201877934,0.3826291079812207,44.51768133112733,강동구 고덕2동
11250580,11250,강동구,암사2동,18,14123.0,9716,1857.0,6118.0,13990.0,14123.0,8,7,27.890081518144363,43.31940805777809,8005.0,99.05827373787439,133.0,100.0,0.0,108.36156346751284,19.11280362289008,0.0,0.33098591549295775,0.176056338028169,0.14084507042253522,16.19718309859155,강동구 암사2동
11250590,11250,강동구,암사3동,24,15765.0,11249,2014.0,10320.0,15098.0,15397.0,10,10,6.164174518985933,65.46146527117031,5445.0,95.76910878528385,667.0,97.66571519188075,368.0,110.1936019245525,17.90381367232643,0.02334284808119247,0.812206572769953,0.24413145539906103,0.16901408450704225,31.21737401893122,강동구 암사3동
11250610,11250,강동구,천호1동,36,25286.0,17712,4077.0,9322.0,22788.0,25286.0,10,9,10.8938638101686,36.86625009886894,15964.0,90.12101558174483,2498.0,100.0,0.0,117.65280969847231,23.01829268292683,0.0,0.33098591549295775,0.6854460093896714,0.704225352112676,43.016431924882625,강동구 천호1동
11250630,11250,강동구,천호3동,36,25734.0,19257,3678.0,15159.0,24422.0,25734.0,31,14,11.741096655934449,58.90650501282351,10575.0,94.90168648480609,1312.0,100.0,0.0,94.34777338321065,19.09954821623306,0.0,0.33098591549295775,0.710093896713615,0.5985915492957746,40.99178403755869,강동구 천호3동
11250650,11250,강동구,성내1동,34,18524.0,15225,2758.0,7937.0,15816.0,18355.0,33,15,15.10427135858948,42.84711725329303,10587.0,85.38112718635283,2708.0,99.0876700496653,169.0,123.51873367923876,18.114942528735632,0.009123299503346893,0.7746478873239436,0.3591549295774648,0.3333333333333333,36.906486243452214,강동구 성내1동
11250660,11250,강동구,성내2동,40,23825.0,20172,4237.0,11052.0,22592.0,23825.0,19,11,10.479908876616228,46.38824763903463,12773.0,94.82476390346275,1233.0,100.0,0.0,104.22879415814387,21.004362482649217,0.0,0.33098591549295775,0.6338028169014085,0.7323943661971831,42.429577464788736,강동구 성내2동
11250670,11250,강동구,성내3동,37,21143.0,19302,3784.0,5366.0,15180.0,21143.0,6,6,23.581837628526003,25.37955824622807,15777.0,71.79681218370146,5963.0,100.0,0.0,150.2408780439112,19.604186094705213,0.0,0.33098591549295775,0.4835680751173709,0.6408450704225352,36.3849765258216,강동구 성내3동
11250700,11250,강동구,둔촌1동,1,319.0,19,0.0,250.0,296.0,314.0,13,8,29.07516912804512,78.36990595611285,69.0,92.78996865203762,23.0,98.43260188087774,5.0,211.41972316479564,0.0,0.01567398119122254,0.6748826291079812,0.002347417840375587,0.002347417840375587,17.381286149498877,강동구 둔촌1동
11250710,11250,강동구,둔촌2동,39,23056.0,18621,3922.0,9794.0,21417.0,23056.0,40,20,19.092313687749424,42.47918112421929,13262.0,92.89122137404581,1639.0,100.0,0.0,112.09660759700137,21.06224155523334,0.0,0.33098591549295775,0.5985915492957746,0.676056338028169,40.140845070422536,강동구 둔촌2동
11250720,11250,강동구,암사1동,54,32447.0,26736,5562.0,9820.0,28092.0,32447.0,9,9,15.62645568543904,30.264739421209974,22627.0,86.57811199802755,4355.0,100.0,0.0,127.87641141280928,20.803411131059246,0.0,0.33098591549295775,0.8708920187793427,0.9131455399061033,52.875586854460096,강동구 암사1동
11250730,11250,강동구,천호2동,60,33864.0,30518,6155.0,14882.0,30750.0,33864.0,39,26,6.1440210264485575,43.94637373021498,18982.0,90.80439404677534,3114.0,100.0,0.0,118.09882293089356,20.16842519169015,0.0,0.33098591549295775,0.8967136150234741,0.9507042253521126,54.460093896713616,강동구 천호2동
11250740,11250,강동구,길동,80,46637.0,37448,7647.0,22250.0,43570.0,46637.0,29,23,11.763316296900657,47.70890065827562,24387.0,93.42367648004803,3067.0,100.0,0.0,114.7345746590375,20.42031617175817,0.0,0.33098591549295775,0.9906103286384976,0.9976525821596244,57.981220657277,강동구 길동
11250750,11250,강동구,강일동,61,34164.0,30252,5862.0,21339.0,33886.0,34095.0,48,38,4.246702091100288,62.46048472075869,12825.0,99.18627795340123,278.0,99.7980330172111,69.0,89.74318774131217,19.377231257437526,0.002019669827889037,0.7394366197183099,0.9061032863849765,0.9389671361502347,64.66316780203525,강동구 강일동
11250760,11250,강동구,상일1동,54,38048.0,27155,3730.0,12717.0,33000.0,37084.0,36,21,15.01834385941093,33.42357022708158,25331.0,86.73254835996636,5048.0,97.4663582842725,964.0,127.47902907085921,13.73596022831891,0.02533641715727497,0.9084507042253521,0.9577464788732394,0.6126760563380281,62.60524141484737,강동구 상일1동
11250770,11250,강동구,상일2동,25,13318.0,12423,1898.0,5814.0,12662.0,13297.0,28,12,13.23918754993517,43.655203484006606,7504.0,95.07433548580867,656.0,99.84231866646644,21.0,114.40885876151948,15.278113177171376,0.0015768133353355474,0.7053990610328639,0.1431924882629108,0.15258215962441316,25.06876305638809,강동구 상일2동
